"cond_id","model","latent_shape","pool","n_items","target_rho","algorithm","arm","status","delta","c_star","elapsed_sec"
"02b3452297_t50","3pl_g20","bimodal","irw",10,0.5,"EQC","eqc","ok",9.33255472901351e-10,0.975432201660273,15.161
"02b3452297_t60","3pl_g20","bimodal","irw",10,0.6,"EQC","eqc","ok",1.31910271594649e-09,1.18363251506976,10.87
"02b3452297_t70","3pl_g20","bimodal","irw",10,0.7,"EQC","eqc","ok",2.31116714655144e-09,1.35030814457082,15.506
"02b3452297_t80","3pl_g20","bimodal","irw",10,0.8,"EQC","eqc","ok",1.42217715382031e-09,2.63451684526571,15.487
"02b3452297_t90","3pl_g20","bimodal","irw",10,0.9,"EQC","eqc","ok",8.24651680275679e-10,5.0346738444982,15.348
"04610ec557_t50","3pl_beta","bimodal","parametric",60,0.5,"EQC","eqc","ok",4.73893924102242e-10,0.311753546926197,62.126
"04610ec557_t60","3pl_beta","bimodal","parametric",60,0.6,"EQC","eqc","ok",1.98562677411473e-09,0.366443715247989,59.064
"04610ec557_t70","3pl_beta","bimodal","parametric",60,0.7,"EQC","eqc","ok",2.86608370370089e-09,0.494786484392138,63.209
"04610ec557_t80","3pl_beta","bimodal","parametric",60,0.8,"EQC","eqc","ok",2.39073427721337e-09,0.681023188395368,59.859
"04610ec557_t90","3pl_beta","bimodal","parametric",60,0.9,"EQC","eqc","ok",8.84946005363929e-10,1.30050812344079,62.009
"04610ec557_t95","3pl_beta","bimodal","parametric",60,0.95,"EQC","eqc","ok",6.44056252774305e-10,2.1070156983134,60.055
"04740a439d_t50","3pl_g20","normal","irw",40,0.5,"EQC","eqc","ok",3.77815556618089e-10,0.429944380382145,42.951
"04740a439d_t60","3pl_g20","normal","irw",40,0.6,"EQC","eqc","ok",1.90325599724872e-09,0.494735888493932,43.278
"04740a439d_t70","3pl_g20","normal","irw",40,0.7,"EQC","eqc","ok",1.54602097790502e-09,0.614204220926189,45.31
"04740a439d_t80","3pl_g20","normal","irw",40,0.8,"EQC","eqc","ok",3.00359936922234e-09,0.749989627662496,41.461
"04740a439d_t90","3pl_g20","normal","irw",40,0.9,"EQC","eqc","ok",1.26883581419435e-09,1.7064826667033,34.299
"04740a439d_t95","3pl_g20","normal","irw",40,0.95,"EQC","eqc","ok",2.44665099291552e-09,3.04620854981636,42.106
"06d3001967_t50","2pl","bimodal","irw",60,0.5,"EQC","eqc","ok",9.75083347398709e-11,0.236546053273379,45.981
"06d3001967_t60","2pl","bimodal","irw",60,0.6,"EQC","eqc","ok",4.58764026767255e-10,0.295179158048791,45.021
"06d3001967_t70","2pl","bimodal","irw",60,0.7,"EQC","eqc","ok",2.32860919435751e-09,0.351699039076006,43.687
"06d3001967_t80","2pl","bimodal","irw",60,0.8,"EQC","eqc","ok",1.96094640525502e-09,0.52048714347235,44.408
"06d3001967_t90","2pl","bimodal","irw",60,0.9,"EQC","eqc","ok",1.93969307282771e-09,0.856206232961484,45.549
"06d3001967_t95","2pl","bimodal","irw",60,0.95,"EQC","eqc","ok",4.06990441348398e-10,1.9507020966713,42.445
"06daf6086f_t50","2pl","normal","irw",40,0.5,"EQC","eqc","ok",4.76931605319919e-10,0.34816504808577,32.726
"06daf6086f_t60","2pl","normal","irw",40,0.6,"EQC","eqc","ok",7.53370477113435e-10,0.342707787208451,31.549
"06daf6086f_t70","2pl","normal","irw",40,0.7,"EQC","eqc","ok",2.94465452022052e-09,0.49545360207459,31.158
"06daf6086f_t80","2pl","normal","irw",40,0.8,"EQC","eqc","ok",2.8553445163837e-09,0.720884297901219,31.302
"06daf6086f_t90","2pl","normal","irw",40,0.9,"EQC","eqc","ok",1.19936116593777e-09,1.05539434508996,32.161
"06daf6086f_t95","2pl","normal","irw",40,0.95,"EQC","eqc","ok",4.02709643410049e-10,1.87892517425635,31.396
"0b1e3eca87_t50","2pl","skew_pos","irw",20,0.5,"EQC","eqc","ok",4.52178405829784e-10,0.434845485314014,18.253
"0b1e3eca87_t60","2pl","skew_pos","irw",20,0.6,"EQC","eqc","ok",7.61629981305134e-10,0.61338175081313,12.535
"0b1e3eca87_t70","2pl","skew_pos","irw",20,0.7,"EQC","eqc","ok",1.01813113495552e-10,1.59231486789851,16.566
"0b1e3eca87_t80","2pl","skew_pos","irw",20,0.8,"EQC","eqc","ok",2.82883116931032e-09,1.01884739457942,18.078
"0b1e3eca87_t90","2pl","skew_pos","irw",20,0.9,"EQC","eqc","ok",6.43397113364585e-10,1.73050859662175,17.681
"0b1e3eca87_t95","2pl","skew_pos","irw",20,0.95,"EQC","eqc","ok",4.5949055671457e-10,3.26503597426652,17.123
"0b89051a31_t50","2pl","heavy_tail","parametric",20,0.5,"EQC","eqc","ok",6.96552038270681e-10,0.414251611826842,16.685
"0b89051a31_t60","2pl","heavy_tail","parametric",20,0.6,"EQC","eqc","ok",2.1140317274515e-09,0.550078702107851,16.993
"0b89051a31_t70","2pl","heavy_tail","parametric",20,0.7,"EQC","eqc","ok",1.74585346179867e-09,0.698452558104251,16.735
"0b89051a31_t80","2pl","heavy_tail","parametric",20,0.8,"EQC","eqc","ok",2.6627284821501e-09,1.01625277117205,16.515
"0b89051a31_t90","2pl","heavy_tail","parametric",20,0.9,"EQC","eqc","ok",7.62901297690632e-10,1.91533565770286,15.691
"0b89051a31_t95","2pl","heavy_tail","parametric",20,0.95,"EQC","eqc","ok",6.07394357032831e-10,3.06800532592541,16.479
"0c107a9212_t50","rasch","normal","irw",10,0.5,"EQC","eqc","ok",2.82283973973563e-10,0.674326083743817,10.372
"0c107a9212_t60","rasch","normal","irw",10,0.6,"EQC","eqc","ok",9.62220081390797e-10,1.10178033272339,9.81699999999999
"0c107a9212_t70","rasch","normal","irw",10,0.7,"EQC","eqc","ok",2.7346840347775e-09,1.14617970702684,10.662
"0c107a9212_t80","rasch","normal","irw",10,0.8,"EQC","eqc","ok",2.41084419094761e-09,1.62092452155918,8.94
"0c107a9212_t90","rasch","normal","irw",10,0.9,"EQC","eqc","ok",4.00580835169251e-09,3.44340244563648,10.381
"0c107a9212_t95","rasch","normal","irw",10,0.95,"EQC","eqc","ok",4.70534722296634e-10,6.96752236246699,10.151
"0cb9abf03b_t50","3pl_g20","bimodal","irw",20,0.5,"EQC","eqc","ok",6.48155529248129e-10,0.524149333001629,22.253
"0cb9abf03b_t60","3pl_g20","bimodal","irw",20,0.6,"EQC","eqc","ok",5.19094323081504e-10,0.779570073753845,21.322
"0cb9abf03b_t70","3pl_g20","bimodal","irw",20,0.7,"EQC","eqc","ok",2.3010077176977e-09,0.922304433561461,21.24
"0cb9abf03b_t80","3pl_g20","bimodal","irw",20,0.8,"EQC","eqc","ok",2.30174512783066e-09,1.20838118095862,21.891
"0cb9abf03b_t90","3pl_g20","bimodal","irw",20,0.9,"EQC","eqc","ok",6.70263511359792e-10,2.61081174118836,21.969
"0cb9abf03b_t95","3pl_g20","bimodal","irw",20,0.95,"EQC","eqc","ok",2.11585637899248e-10,4.78267368642958,22.501
"14bd911f19_t50","3pl_g20","normal","parametric",60,0.5,"EQC","eqc","ok",8.95942209311329e-11,0.300623019878653,60.499
"14bd911f19_t60","3pl_g20","normal","parametric",60,0.6,"EQC","eqc","ok",2.14853823621297e-09,0.382249646171052,59.305
"14bd911f19_t70","3pl_g20","normal","parametric",60,0.7,"EQC","eqc","ok",3.13295833720417e-09,0.486091493815179,60.063
"14bd911f19_t80","3pl_g20","normal","parametric",60,0.8,"EQC","eqc","ok",3.10767900302267e-09,0.683180036445673,56.762
"14bd911f19_t90","3pl_g20","normal","parametric",60,0.9,"EQC","eqc","ok",2.19669615830753e-10,1.08952062094136,55.216
"14bd911f19_t95","3pl_g20","normal","parametric",60,0.95,"EQC","eqc","ok",5.27003107819723e-09,2.09430327079291,52.66
"1626b4659e_t50","3pl_beta","heavy_tail","parametric",20,0.5,"EQC","eqc","ok",7.16569137360068e-10,0.586765896513346,24.248
"1626b4659e_t60","3pl_beta","heavy_tail","parametric",20,0.6,"EQC","eqc","ok",1.68775848852221e-09,0.779498898389349,21.673
"1626b4659e_t70","3pl_beta","heavy_tail","parametric",20,0.7,"EQC","eqc","ok",2.46980380591566e-09,0.943903006991137,19.869
"1626b4659e_t80","3pl_beta","heavy_tail","parametric",20,0.8,"EQC","eqc","ok",6.54360343688154e-10,1.27705460747774,20.493
"1626b4659e_t90","3pl_beta","heavy_tail","parametric",20,0.9,"EQC","eqc","ok",6.42377373516467e-10,3.26046681636148,25.399
"1626b4659e_t95","3pl_beta","heavy_tail","parametric",20,0.95,"EQC","eqc","ok",3.50426465622888e-10,5.04132036436561,21.449
"172403d058_t50","2pl","bimodal","parametric",20,0.5,"EQC","eqc","ok",4.59002613695247e-10,0.470122495538665,17.848
"172403d058_t60","2pl","bimodal","parametric",20,0.6,"EQC","eqc","ok",1.91261073645421e-09,0.604861260167583,17.37
"172403d058_t70","2pl","bimodal","parametric",20,0.7,"EQC","eqc","ok",2.43931974619471e-09,0.674257080803822,17.505
"172403d058_t80","2pl","bimodal","parametric",20,0.8,"EQC","eqc","ok",2.51971199460854e-09,0.892814361838457,15.275
"172403d058_t90","2pl","bimodal","parametric",20,0.9,"EQC","eqc","ok",6.59723609075513e-10,1.95283843428481,17.427
"172403d058_t95","2pl","bimodal","parametric",20,0.95,"EQC","eqc","ok",5.55107959598899e-10,3.9226365165321,15.398
"1943c867d2_t50","3pl_beta","normal","irw",40,0.5,"EQC","eqc","ok",2.01721084280848e-10,0.380568516600991,43.94
"1943c867d2_t60","3pl_beta","normal","irw",40,0.6,"EQC","eqc","ok",1.48622159024114e-09,0.502287389725577,38.104
"1943c867d2_t70","3pl_beta","normal","irw",40,0.7,"EQC","eqc","ok",8.65609806055545e-11,1.43513670362847,40.791
"1943c867d2_t80","3pl_beta","normal","irw",40,0.8,"EQC","eqc","ok",1.77737546902534e-09,0.844622140822722,30.709
"1943c867d2_t90","3pl_beta","normal","irw",40,0.9,"EQC","eqc","ok",6.43866293614792e-09,1.48093223404643,40.814
"1b91cd0420_t50","3pl_g20","normal","parametric",20,0.5,"EQC","eqc","ok",7.25624560438121e-10,0.482432515219326,21.348
"1b91cd0420_t60","3pl_g20","normal","parametric",20,0.6,"EQC","eqc","ok",1.06267872279631e-09,0.700020193998492,21.582
"1b91cd0420_t70","3pl_g20","normal","parametric",20,0.7,"EQC","eqc","ok",1.33243494016e-09,0.895636536240949,19.995
"1b91cd0420_t80","3pl_g20","normal","parametric",20,0.8,"EQC","eqc","ok",8.56805959514872e-10,1.36380493159943,20.59
"1b91cd0420_t90","3pl_g20","normal","parametric",20,0.9,"EQC","eqc","ok",7.1178618554768e-10,2.23305325960596,23.483
"1b91cd0420_t95","3pl_g20","normal","parametric",20,0.95,"EQC","eqc","ok",4.12944789474068e-10,5.66417015419667,22.99
"1fc52b1d1d_t50","rasch","heavy_tail","parametric",10,0.5,"EQC","eqc","ok",5.53579293516293e-10,0.667204947019999,8.79499999999999
"1fc52b1d1d_t60","rasch","heavy_tail","parametric",10,0.6,"EQC","eqc","ok",6.14187367631303e-10,0.862302661324117,10.501
"1fc52b1d1d_t70","rasch","heavy_tail","parametric",10,0.7,"EQC","eqc","ok",1.29671906545781e-09,1.21500341817623,10.567
"1fc52b1d1d_t80","rasch","heavy_tail","parametric",10,0.8,"EQC","eqc","ok",2.36771358075316e-09,1.6770131549721,11.395
"1fc52b1d1d_t90","rasch","heavy_tail","parametric",10,0.9,"EQC","eqc","ok",5.13445508332211e-10,3.27707516107907,10.167
"1fc52b1d1d_t95","rasch","heavy_tail","parametric",10,0.95,"EQC","eqc","ok",1.51118006996853e-10,7.73028546294197,10.493
"1ff08ae892_t50","rasch","bimodal","parametric",20,0.5,"EQC","eqc","ok",5.42209388498804e-10,0.473702635973852,15.898
"1ff08ae892_t60","rasch","bimodal","parametric",20,0.6,"EQC","eqc","ok",1.59157287349387e-09,0.586850490486416,14.773
"1ff08ae892_t70","rasch","bimodal","parametric",20,0.7,"EQC","eqc","ok",1.61150370825425e-09,0.757552609817809,16.529
"1ff08ae892_t80","rasch","bimodal","parametric",20,0.8,"EQC","eqc","ok",2.65364308305038e-09,1.07925764114747,16.65
"1ff08ae892_t90","rasch","bimodal","parametric",20,0.9,"EQC","eqc","ok",1.36443367715344e-09,1.94695640930187,16.209
"1ff08ae892_t95","rasch","bimodal","parametric",20,0.95,"EQC","eqc","ok",3.28536531313262e-10,3.47955168913171,16.49
"20cb785fe3_t50","3pl_beta","skew_pos","irw",20,0.5,"EQC","eqc","ok",1.01193509127739e-09,0.562720721475831,22.942
"20cb785fe3_t60","3pl_beta","skew_pos","irw",20,0.6,"EQC","eqc","ok",1.73200853659239e-09,0.880032361892627,22.776
"20cb785fe3_t70","3pl_beta","skew_pos","irw",20,0.7,"EQC","eqc","ok",1.73690450910868e-09,1.22032481777535,24.195
"20cb785fe3_t80","3pl_beta","skew_pos","irw",20,0.8,"EQC","eqc","ok",1.87011106600465e-09,1.47455614731412,22.618
"20cb785fe3_t90","3pl_beta","skew_pos","irw",20,0.9,"EQC","eqc","ok",2.60200194723836e-10,2.41106130029083,22.439
"20cb785fe3_t95","3pl_beta","skew_pos","irw",20,0.95,"EQC","eqc","ok",4.44084180539761e-09,4.49864037137826,24.263
"246dc3282c_t50","2pl","normal","irw",20,0.5,"EQC","eqc","ok",7.14981407412552e-11,0.46804990402139,17.537
"246dc3282c_t60","2pl","normal","irw",20,0.6,"EQC","eqc","ok",1.72450187463369e-09,0.511555978170988,17.239
"246dc3282c_t70","2pl","normal","irw",20,0.7,"EQC","eqc","ok",3.0320684851759e-09,0.63966783807081,15.834
"246dc3282c_t80","2pl","normal","irw",20,0.8,"EQC","eqc","ok",2.53431464702913e-09,0.960722083325828,14.219
"246dc3282c_t90","2pl","normal","irw",20,0.9,"EQC","eqc","ok",1.06296427215824e-09,1.68921509750497,16.582
"246dc3282c_t95","2pl","normal","irw",20,0.95,"EQC","eqc","ok",3.60378948904838e-10,3.76455809698483,15.947
"25e594cb46_t50","rasch","skew_pos","parametric",20,0.5,"EQC","eqc","ok",3.42001094111311e-10,0.470045235864489,15.346
"25e594cb46_t60","rasch","skew_pos","parametric",20,0.6,"EQC","eqc","ok",1.20184928675826e-09,0.59116540699678,16.013
"25e594cb46_t70","rasch","skew_pos","parametric",20,0.7,"EQC","eqc","ok",2.25462104541663e-09,0.750153752513067,15.803
"25e594cb46_t80","rasch","skew_pos","parametric",20,0.8,"EQC","eqc","ok",6.72430999770768e-10,1.07670519043083,16.042
"25e594cb46_t90","rasch","skew_pos","parametric",20,0.9,"EQC","eqc","ok",1.61416879862486e-09,1.79105687111897,15.899
"25e594cb46_t95","rasch","skew_pos","parametric",20,0.95,"EQC","eqc","ok",5.99829741432245e-10,3.67807855242284,13.227
"25edfd16b9_t50","3pl_beta","bimodal","parametric",10,0.5,"EQC","eqc","ok",1.00540886727174e-09,0.700309213093806,12.804
"25edfd16b9_t60","3pl_beta","bimodal","parametric",10,0.6,"EQC","eqc","ok",5.18264653415201e-10,1.31008784248044,12.614
"25edfd16b9_t70","3pl_beta","bimodal","parametric",10,0.7,"EQC","eqc","ok",1.60657009917742e-09,1.83018993379321,12.886
"25edfd16b9_t80","3pl_beta","bimodal","parametric",10,0.8,"EQC","eqc","ok",6.55130838467244e-10,3.34501150247659,13.552
"25edfd16b9_t90","3pl_beta","bimodal","parametric",10,0.9,"EQC","eqc","ok",8.6246443320448e-10,6.08805661214002,12.5719999999999
"29362a6023_t50","rasch","normal","irw",60,0.5,"EQC","eqc","ok",8.09536881973827e-11,0.260999742493134,34.415
"29362a6023_t60","rasch","normal","irw",60,0.6,"EQC","eqc","ok",2.02520666903183e-10,0.324418300013906,30.043
"29362a6023_t70","rasch","normal","irw",60,0.7,"EQC","eqc","ok",2.41691267000022e-09,0.408945580153762,30.95
"29362a6023_t80","rasch","normal","irw",60,0.8,"EQC","eqc","ok",1.76605974289146e-09,0.53567219549371,44.458
"29362a6023_t90","rasch","normal","irw",60,0.9,"EQC","eqc","ok",1.58176738374038e-09,0.863965438133492,44.422
"29362a6023_t95","rasch","normal","irw",60,0.95,"EQC","eqc","ok",6.15956619043345e-10,1.57794663350244,41.651
"2fb704c2a3_t50","rasch","heavy_tail","irw",20,0.5,"EQC","eqc","ok",6.68933575198594e-10,0.474594204958005,12.335
"2fb704c2a3_t60","rasch","heavy_tail","irw",20,0.6,"EQC","eqc","ok",1.22126064816541e-09,0.574778678989948,18.145
"2fb704c2a3_t70","rasch","heavy_tail","irw",20,0.7,"EQC","eqc","ok",3.21502946487584e-09,0.734976641509026,17.535
"2fb704c2a3_t80","rasch","heavy_tail","irw",20,0.8,"EQC","eqc","ok",3.23737292529103e-09,1.00520339113053,17.274
"2fb704c2a3_t90","rasch","heavy_tail","irw",20,0.9,"EQC","eqc","ok",1.99995553451515e-09,1.63560477588087,18.056
"2fb704c2a3_t95","rasch","heavy_tail","irw",20,0.95,"EQC","eqc","ok",1.54907886518174e-09,6.64343419029968,17.169
"308cc8c2c0_t50","3pl_beta","normal","irw",20,0.5,"EQC","eqc","ok",9.22122378455015e-11,1.18864093082691,23.552
"308cc8c2c0_t60","3pl_beta","normal","irw",20,0.6,"EQC","eqc","ok",2.79158252070033e-10,0.933172897459877,25.941
"308cc8c2c0_t70","3pl_beta","normal","irw",20,0.7,"EQC","eqc","ok",3.29449689751016e-10,1.09998420311685,23.75
"308cc8c2c0_t80","3pl_beta","normal","irw",20,0.8,"EQC","eqc","ok",1.87954263264345e-09,1.65267983053723,25.121
"308cc8c2c0_t90","3pl_beta","normal","irw",20,0.9,"EQC","eqc","ok",7.68027752506839e-10,2.66161165198866,24.487
"3417acd99c_t50","3pl_g20","bimodal","irw",60,0.5,"EQC","eqc","ok",4.22381796205684e-10,0.300061700827783,61.187
"3417acd99c_t60","3pl_g20","bimodal","irw",60,0.6,"EQC","eqc","ok",2.41131337119782e-10,0.396518328120197,46.855
"3417acd99c_t70","3pl_g20","bimodal","irw",60,0.7,"EQC","eqc","ok",9.3610841300773e-10,0.575956788031306,61.02
"3417acd99c_t80","3pl_g20","bimodal","irw",60,0.8,"EQC","eqc","ok",2.23389939879581e-09,0.678826013033091,58.91
"3417acd99c_t90","3pl_g20","bimodal","irw",60,0.9,"EQC","eqc","ok",6.67630395412289e-10,1.50619538089604,61.741
"3417acd99c_t95","3pl_g20","bimodal","irw",60,0.95,"EQC","eqc","ok",6.64926780302721e-10,2.06475498905422,58.433
"35a1489e91_t50","3pl_beta","skew_pos","parametric",60,0.5,"EQC","eqc","ok",3.29474447724465e-10,0.295201131469287,59.248
"35a1489e91_t60","3pl_beta","skew_pos","parametric",60,0.6,"EQC","eqc","ok",1.85777881966942e-09,0.388828670289218,58.516
"35a1489e91_t70","3pl_beta","skew_pos","parametric",60,0.7,"EQC","eqc","ok",1.13700937554029e-09,0.490414712554575,61.547
"35a1489e91_t80","3pl_beta","skew_pos","parametric",60,0.8,"EQC","eqc","ok",1.43641598615574e-09,0.681190357878966,58.483
"35a1489e91_t90","3pl_beta","skew_pos","parametric",60,0.9,"EQC","eqc","ok",1.09084485888644e-09,1.1418117704725,60.136
"35a1489e91_t95","3pl_beta","skew_pos","parametric",60,0.95,"EQC","eqc","ok",7.381932842776e-10,2.17748646556286,59.19
"36956c5526_t50","rasch","bimodal","parametric",10,0.5,"EQC","eqc","ok",8.52405146467561e-10,0.685647527823833,11.359
"36956c5526_t60","rasch","bimodal","parametric",10,0.6,"EQC","eqc","ok",9.49199496780295e-10,0.951500088070303,10.839
"36956c5526_t70","rasch","bimodal","parametric",10,0.7,"EQC","eqc","ok",2.53752430179333e-09,1.15629768404449,11.903
"36956c5526_t80","rasch","bimodal","parametric",10,0.8,"EQC","eqc","ok",4.41233605208424e-10,1.62620785272591,10.861
"36956c5526_t90","rasch","bimodal","parametric",10,0.9,"EQC","eqc","ok",4.25509294466053e-10,3.26606291481537,10.885
"36956c5526_t95","rasch","bimodal","parametric",10,0.95,"EQC","eqc","ok",1.79753656404102e-10,8.83888778676795,7.57400000000001
"36bd71fd25_t50","2pl","bimodal","irw",20,0.5,"EQC","eqc","ok",4.3658920922951e-10,0.394941369490165,17.448
"36bd71fd25_t60","2pl","bimodal","irw",20,0.6,"EQC","eqc","ok",2.16739637348695e-09,0.487159062399562,16.508
"36bd71fd25_t70","2pl","bimodal","irw",20,0.7,"EQC","eqc","ok",5.33987298823035e-10,1.14963064838218,16.984
"36bd71fd25_t80","2pl","bimodal","irw",20,0.8,"EQC","eqc","ok",1.53328505447803e-09,1.27904292570125,11.221
"36bd71fd25_t90","2pl","bimodal","irw",20,0.9,"EQC","eqc","ok",3.37846195463953e-10,1.62849063137468,17.406
"36bd71fd25_t95","2pl","bimodal","irw",20,0.95,"EQC","eqc","ok",2.91355606307775e-10,5.14232684745677,16.869
"38646ef644_t50","3pl_beta","normal","irw",60,0.5,"EQC","eqc","ok",3.0269242667913e-10,0.311718624371912,57.547
"38646ef644_t60","3pl_beta","normal","irw",60,0.6,"EQC","eqc","ok",1.87579995980514e-09,0.400068153225396,52.661
"38646ef644_t70","3pl_beta","normal","irw",60,0.7,"EQC","eqc","ok",1.90004922906439e-09,0.484805940171197,62.5020000000001
"38646ef644_t80","3pl_beta","normal","irw",60,0.8,"EQC","eqc","ok",3.0066450440458e-09,0.681668767776116,56.744
"38646ef644_t90","3pl_beta","normal","irw",60,0.9,"EQC","eqc","ok",4.26538471209881e-10,1.49140669543254,59.2489999999999
"38646ef644_t95","3pl_beta","normal","irw",60,0.95,"EQC","eqc","ok",4.70683048092724e-10,1.81115948203358,58.87
"386d8a1996_t50","3pl_beta","skew_pos","parametric",10,0.5,"EQC","eqc","ok",8.14091682954654e-10,0.678246345040715,10.198
"386d8a1996_t60","3pl_beta","skew_pos","parametric",10,0.6,"EQC","eqc","ok",6.98699320622609e-10,1.01218393427602,13.856
"386d8a1996_t70","3pl_beta","skew_pos","parametric",10,0.7,"EQC","eqc","ok",6.5977623364688e-10,1.53470736466301,14.011
"386d8a1996_t80","3pl_beta","skew_pos","parametric",10,0.8,"EQC","eqc","ok",1.54468804414165e-09,2.87116133755054,13.605
"386d8a1996_t90","3pl_beta","skew_pos","parametric",10,0.9,"EQC","eqc","ok",3.90900278812722e-09,4.53033980372088,14.226
"3b32e6d656_t50","2pl","heavy_tail","irw",10,0.5,"EQC","eqc","ok",6.30485663677405e-10,0.599446905742489,11.8580000000001
"3b32e6d656_t60","2pl","heavy_tail","irw",10,0.6,"EQC","eqc","ok",1.54086954307076e-09,0.834006794993851,11.55
"3b32e6d656_t70","2pl","heavy_tail","irw",10,0.7,"EQC","eqc","ok",2.63235855335608e-09,0.992887949523855,11.236
"3b32e6d656_t80","2pl","heavy_tail","irw",10,0.8,"EQC","eqc","ok",1.30741140136337e-09,2.02001658212968,11.0700000000001
"3b32e6d656_t90","2pl","heavy_tail","irw",10,0.9,"EQC","eqc","ok",5.78820880114961e-10,5.51442476259346,10.8870000000001
"3c97180640_t50","3pl_g20","bimodal","parametric",40,0.5,"EQC","eqc","ok",8.15092437989051e-11,0.366610804543285,42.597
"3c97180640_t60","3pl_g20","bimodal","parametric",40,0.6,"EQC","eqc","ok",2.26361229760386e-09,0.469162390371993,40.542
"3c97180640_t70","3pl_g20","bimodal","parametric",40,0.7,"EQC","eqc","ok",3.04584679700071e-09,0.595772647796174,40.2089999999999
"3c97180640_t80","3pl_g20","bimodal","parametric",40,0.8,"EQC","eqc","ok",2.0957902080454e-09,0.786762700024081,38.056
"3c97180640_t90","3pl_g20","bimodal","parametric",40,0.9,"EQC","eqc","ok",1.0943054240542e-09,1.40538964463297,41.299
"3c97180640_t95","3pl_g20","bimodal","parametric",40,0.95,"EQC","eqc","ok",5.54900347893295e-10,2.88000561367242,43.275
"3f59517c02_t50","3pl_g20","skew_pos","irw",20,0.5,"EQC","eqc","ok",1.12042264355239e-10,0.606331519732344,25.217
"3f59517c02_t60","3pl_g20","skew_pos","irw",20,0.6,"EQC","eqc","ok",7.125264822605e-10,0.617155279341525,24.141
"3f59517c02_t70","3pl_g20","skew_pos","irw",20,0.7,"EQC","eqc","ok",1.45997025580158e-09,0.920984087953807,24.1379999999999
"3f59517c02_t80","3pl_g20","skew_pos","irw",20,0.8,"EQC","eqc","ok",6.11843353759411e-10,1.36919390477762,26.184
"3f59517c02_t90","3pl_g20","skew_pos","irw",20,0.9,"EQC","eqc","ok",1.21163923338941e-09,2.38046589664841,26.263
"4144a5f588_t50","3pl_beta","heavy_tail","parametric",10,0.5,"EQC","eqc","ok",1.35552902236213e-10,0.972274546714335,14.105
"4144a5f588_t60","3pl_beta","heavy_tail","parametric",10,0.6,"EQC","eqc","ok",1.90117810383583e-10,1.05990226009839,15.3810000000001
"4144a5f588_t70","3pl_beta","heavy_tail","parametric",10,0.7,"EQC","eqc","ok",2.24706753204629e-09,1.11074014357864,15.428
"4144a5f588_t80","3pl_beta","heavy_tail","parametric",10,0.8,"EQC","eqc","ok",1.51156509531347e-09,2.13494490828857,14.1849999999999
"4144a5f588_t90","3pl_beta","heavy_tail","parametric",10,0.9,"EQC","eqc","ok",3.45859119121883e-10,4.59456796374223,14.202
"4144a5f588_t95","3pl_beta","heavy_tail","parametric",10,0.95,"EQC","eqc","infeasible",-0.00177181702180529,10,12.236
"45b7a1f907_t50","3pl_beta","normal","parametric",40,0.5,"EQC","eqc","ok",2.61287658176457e-10,0.370331295856761,38.1410000000001
"45b7a1f907_t60","3pl_beta","normal","parametric",40,0.6,"EQC","eqc","ok",8.77084738171163e-10,0.472023097215116,38.802
"45b7a1f907_t70","3pl_beta","normal","parametric",40,0.7,"EQC","eqc","ok",4.00620980833821e-10,0.618380328292412,39.6220000000001
"45b7a1f907_t80","3pl_beta","normal","parametric",40,0.8,"EQC","eqc","ok",2.24615348543011e-09,0.835066556304177,42.45
"45b7a1f907_t90","3pl_beta","normal","parametric",40,0.9,"EQC","eqc","ok",1.41625189353789e-09,1.5541152162747,43.696
"45b7a1f907_t95","3pl_beta","normal","parametric",40,0.95,"EQC","eqc","ok",5.78512793225627e-10,2.8608349297023,41.971
"45b8bbe987_t50","2pl","normal","parametric",20,0.5,"EQC","eqc","ok",7.46262718287483e-10,0.42199763342628,18.128
"45b8bbe987_t60","2pl","normal","parametric",20,0.6,"EQC","eqc","ok",1.86757209696964e-09,0.556003900798871,17.6
"45b8bbe987_t70","2pl","normal","parametric",20,0.7,"EQC","eqc","ok",1.32344457615119e-09,0.616802883689407,17.466
"45b8bbe987_t80","2pl","normal","parametric",20,0.8,"EQC","eqc","ok",9.01361207894524e-10,1.04250394026439,17.03
"45b8bbe987_t90","2pl","normal","parametric",20,0.9,"EQC","eqc","ok",1.57905977182793e-09,1.91018035299775,17.497
"45b8bbe987_t95","2pl","normal","parametric",20,0.95,"EQC","eqc","ok",4.81981399236275e-09,3.90437494328306,17.4350000000001
"45eb20d1ef_t50","2pl","normal","parametric",60,0.5,"EQC","eqc","ok",1.82046266949953e-10,0.247706039892992,41.683
"45eb20d1ef_t60","2pl","normal","parametric",60,0.6,"EQC","eqc","ok",1.70996605763918e-09,0.27087799148218,41.8140000000001
"45eb20d1ef_t70","2pl","normal","parametric",60,0.7,"EQC","eqc","ok",1.43603007263238e-09,0.384678573650704,40.369
"45eb20d1ef_t80","2pl","normal","parametric",60,0.8,"EQC","eqc","ok",3.16707282621564e-09,0.505041285456519,41.176
"45eb20d1ef_t90","2pl","normal","parametric",60,0.9,"EQC","eqc","ok",2.78151723875908e-10,0.797512349583471,41.332
"45eb20d1ef_t95","2pl","normal","parametric",60,0.95,"EQC","eqc","ok",2.13721484954021e-10,1.38975195683951,39.6320000000001
"48ec297ef8_t50","3pl_beta","bimodal","parametric",20,0.5,"EQC","eqc","ok",9.95477145160351e-10,0.621594274129154,23.456
"48ec297ef8_t60","3pl_beta","bimodal","parametric",20,0.6,"EQC","eqc","ok",1.02634134524493e-09,0.672763610601593,22.925
"48ec297ef8_t70","3pl_beta","bimodal","parametric",20,0.7,"EQC","eqc","ok",1.79591319593442e-09,0.882370202400893,22.819
"48ec297ef8_t80","3pl_beta","bimodal","parametric",20,0.8,"EQC","eqc","ok",1.5153442944893e-09,1.81243617277382,22.7140000000001
"48ec297ef8_t90","3pl_beta","bimodal","parametric",20,0.9,"EQC","eqc","ok",8.46535841425577e-10,3.64808121338184,22.5069999999999
"48ec297ef8_t95","3pl_beta","bimodal","parametric",20,0.95,"EQC","eqc","ok",-9.73299718598497e-09,6.13875400588549,22.825
"4f22d501ce_t50","3pl_beta","bimodal","irw",10,0.5,"EQC","eqc","ok",5.63225688310354e-10,0.862596007806901,15.184
"4f22d501ce_t60","3pl_beta","bimodal","irw",10,0.6,"EQC","eqc","ok",5.72310643320861e-10,1.97853203703579,13.36
"4f22d501ce_t70","3pl_beta","bimodal","irw",10,0.7,"EQC","eqc","ok",1.10634146288646e-09,1.4134689645225,14.5469999999999
"4f22d501ce_t80","3pl_beta","bimodal","irw",10,0.8,"EQC","eqc","ok",8.88050188940781e-10,3.22904477594054,15.052
"4f22d501ce_t90","3pl_beta","bimodal","irw",10,0.9,"EQC","eqc","ok",7.47546247126252e-10,5.11895412214896,14.649
"4f70e285ab_t50","rasch","normal","parametric",20,0.5,"EQC","eqc","ok",6.10069994522178e-10,0.46957547034617,16.303
"4f70e285ab_t60","rasch","normal","parametric",20,0.6,"EQC","eqc","ok",1.45841072551889e-09,0.591058899451992,16.217
"4f70e285ab_t70","rasch","normal","parametric",20,0.7,"EQC","eqc","ok",1.65197466817091e-09,0.750137129738542,13.273
"4f70e285ab_t80","rasch","normal","parametric",20,0.8,"EQC","eqc","ok",2.93505664217264e-09,1.03506110139545,14.098
"4f70e285ab_t90","rasch","normal","parametric",20,0.9,"EQC","eqc","ok",7.02564006971329e-10,1.78122042777293,16.489
"4f70e285ab_t95","rasch","normal","parametric",20,0.95,"EQC","eqc","ok",4.52510584558752e-10,3.55078070287052,16.153
"51454d0a5c_t50","rasch","normal","parametric",40,0.5,"EQC","eqc","ok",3.46775386184106e-10,0.324562773947691,27.131
"51454d0a5c_t60","rasch","normal","parametric",40,0.6,"EQC","eqc","ok",2.11300854591201e-09,0.402765843818051,28.177
"51454d0a5c_t70","rasch","normal","parametric",40,0.7,"EQC","eqc","ok",3.31640470641048e-09,0.514187518983219,28.721
"51454d0a5c_t80","rasch","normal","parametric",40,0.8,"EQC","eqc","ok",2.73220646107575e-09,0.69788771020067,28.933
"51454d0a5c_t90","rasch","normal","parametric",40,0.9,"EQC","eqc","ok",1.68216840457092e-09,1.14389451638506,27.405
"51454d0a5c_t95","rasch","normal","parametric",40,0.95,"EQC","eqc","ok",3.12815662262267e-10,2.06110839497927,28.631
"51e3e31f93_t50","3pl_beta","skew_pos","irw",60,0.5,"EQC","eqc","ok",4.0756131802766e-10,0.297798534629429,52.6429999999999
"51e3e31f93_t60","3pl_beta","skew_pos","irw",60,0.6,"EQC","eqc","ok",2.09999484468426e-09,0.373314765393521,55.1080000000001
"51e3e31f93_t70","3pl_beta","skew_pos","irw",60,0.7,"EQC","eqc","ok",3.09993886116189e-09,0.492275534142958,48.427
"51e3e31f93_t80","3pl_beta","skew_pos","irw",60,0.8,"EQC","eqc","ok",2.01203278482609e-08,0.762222960414238,42.1060000000001
"51e3e31f93_t90","3pl_beta","skew_pos","irw",60,0.9,"EQC","eqc","ok",9.09867514664597e-10,1.20344776287355,48.742
"51e3e31f93_t95","3pl_beta","skew_pos","irw",60,0.95,"EQC","eqc","ok",8.20552292779553e-10,1.85304496731716,47.1610000000001
"52b9791e08_t50","3pl_g20","heavy_tail","parametric",20,0.5,"EQC","eqc","ok",8.18419776393853e-10,0.630233216632127,17.694
"52b9791e08_t60","3pl_g20","heavy_tail","parametric",20,0.6,"EQC","eqc","ok",2.09126127526105e-09,0.653514745155905,20.133
"52b9791e08_t70","3pl_g20","heavy_tail","parametric",20,0.7,"EQC","eqc","ok",2.74176514825086e-09,0.999031236470231,24.8200000000001
"52b9791e08_t80","3pl_g20","heavy_tail","parametric",20,0.8,"EQC","eqc","ok",1.84689852300579e-09,1.80226184827705,24.785
"52b9791e08_t90","3pl_g20","heavy_tail","parametric",20,0.9,"EQC","eqc","ok",1.08367703699486e-09,2.3728850718023,25.773
"52b9791e08_t95","3pl_g20","heavy_tail","parametric",20,0.95,"EQC","eqc","ok",1.63558278032383e-10,5.44162112560137,24.5740000000001
"54e9907b58_t50","3pl_g20","heavy_tail","irw",60,0.5,"EQC","eqc","ok",1.93465798936643e-10,0.305321328774665,64.014
"54e9907b58_t60","3pl_g20","heavy_tail","irw",60,0.6,"EQC","eqc","ok",1.71314185060112e-09,0.377994313638416,60.5940000000001
"54e9907b58_t70","3pl_g20","heavy_tail","irw",60,0.7,"EQC","eqc","ok",3.07431036183914e-09,0.507001677059867,51.659
"54e9907b58_t80","3pl_g20","heavy_tail","irw",60,0.8,"EQC","eqc","ok",2.45898745809825e-10,1.18272975300015,61.446
"54e9907b58_t90","3pl_g20","heavy_tail","irw",60,0.9,"EQC","eqc","ok",7.07785829945351e-10,1.91759667973082,60.1700000000001
"54e9907b58_t95","3pl_g20","heavy_tail","irw",60,0.95,"EQC","eqc","ok",5.72137115462112e-10,2.61253326118316,64.649
"55a1174a1c_t50","2pl","skew_pos","parametric",40,0.5,"EQC","eqc","ok",2.08692285674772e-10,0.300300541179063,30.4299999999999
"55a1174a1c_t60","2pl","skew_pos","parametric",40,0.6,"EQC","eqc","ok",7.01522617774231e-10,0.385630019616532,31.9140000000001
"55a1174a1c_t70","2pl","skew_pos","parametric",40,0.7,"EQC","eqc","ok",1.8135090096294e-09,0.498905438634183,22.538
"55a1174a1c_t80","2pl","skew_pos","parametric",40,0.8,"EQC","eqc","ok",3.01139047031995e-09,0.670223909579567,32.066
"55a1174a1c_t90","2pl","skew_pos","parametric",40,0.9,"EQC","eqc","ok",1.82789949842999e-09,1.11598736990683,31.0509999999999
"55a1174a1c_t95","2pl","skew_pos","parametric",40,0.95,"EQC","eqc","ok",5.73122882485677e-10,1.78388790917572,26.7710000000001
"58488a9252_t50","2pl","bimodal","parametric",40,0.5,"EQC","eqc","ok",4.71603200935533e-10,0.308630775486006,31.2239999999999
"58488a9252_t60","2pl","bimodal","parametric",40,0.6,"EQC","eqc","ok",3.51115743146835e-08,0.393744684960068,32.13
"58488a9252_t70","2pl","bimodal","parametric",40,0.7,"EQC","eqc","ok",3.26954818774539e-09,0.438431771596459,30.707
"58488a9252_t80","2pl","bimodal","parametric",40,0.8,"EQC","eqc","ok",2.02453687148108e-09,0.668681491500808,31.326
"58488a9252_t90","2pl","bimodal","parametric",40,0.9,"EQC","eqc","ok",4.62325289163346e-10,1.23852325773651,31.49
"58488a9252_t95","2pl","bimodal","parametric",40,0.95,"EQC","eqc","ok",7.46619099878387e-10,1.91546416469879,31.768
"594de50093_t50","3pl_g20","skew_pos","irw",60,0.5,"EQC","eqc","ok",5.26360288688466e-10,0.321278593910492,60.5839999999999
"594de50093_t60","3pl_g20","skew_pos","irw",60,0.6,"EQC","eqc","ok",1.09922482227631e-09,0.379312891932402,63.044
"594de50093_t70","3pl_g20","skew_pos","irw",60,0.7,"EQC","eqc","ok",2.72008293666914e-09,0.450402185163246,60.419
"594de50093_t80","3pl_g20","skew_pos","irw",60,0.8,"EQC","eqc","ok",3.07249437003776e-09,0.632371349054637,64.249
"594de50093_t90","3pl_g20","skew_pos","irw",60,0.9,"EQC","eqc","ok",1.99852656646016e-09,1.0838822717389,62.4930000000001
"594de50093_t95","3pl_g20","skew_pos","irw",60,0.95,"EQC","eqc","ok",1.96523908257973e-10,3.43871803756591,63.0649999999999
"5bfd86674d_t50","2pl","skew_pos","irw",40,0.5,"EQC","eqc","ok",2.4785384855619e-10,0.315491432048115,33.298
"5bfd86674d_t60","2pl","skew_pos","irw",40,0.6,"EQC","eqc","ok",6.99194147024684e-10,0.353649244025034,33.832
"5bfd86674d_t70","2pl","skew_pos","irw",40,0.7,"EQC","eqc","ok",7.20745019222591e-10,0.462805088405646,30.168
"5bfd86674d_t80","2pl","skew_pos","irw",40,0.8,"EQC","eqc","ok",1.37862756766083e-08,0.625907664072145,29.799
"5bfd86674d_t90","2pl","skew_pos","irw",40,0.9,"EQC","eqc","ok",9.44876843433917e-10,0.989972281257883,29.4620000000001
"5bfd86674d_t95","2pl","skew_pos","irw",40,0.95,"EQC","eqc","ok",8.51607229179763e-10,1.75955270523573,29.413
"5faa1bbcf6_t50","3pl_g20","normal","parametric",10,0.5,"EQC","eqc","ok",2.28085106357412e-10,0.783960571548617,13.596
"5faa1bbcf6_t60","3pl_g20","normal","parametric",10,0.6,"EQC","eqc","ok",2.01896233065213e-09,0.967490170141888,13.696
"5faa1bbcf6_t70","3pl_g20","normal","parametric",10,0.7,"EQC","eqc","ok",6.93903490223136e-10,1.29695420691782,13.399
"5faa1bbcf6_t80","3pl_g20","normal","parametric",10,0.8,"EQC","eqc","ok",7.96638754962942e-10,2.89691133486346,12.797
"5faa1bbcf6_t90","3pl_g20","normal","parametric",10,0.9,"EQC","eqc","ok",6.52777831788853e-10,6.86491316335958,13.102
"6175b158cc_t50","2pl","heavy_tail","irw",40,0.5,"EQC","eqc","ok",1.33324462581186e-10,0.321161237898114,30.548
"6175b158cc_t60","2pl","heavy_tail","irw",40,0.6,"EQC","eqc","ok",2.12681383615632e-09,0.368629434074395,29.141
"6175b158cc_t70","2pl","heavy_tail","irw",40,0.7,"EQC","eqc","ok",2.64364585778054e-09,0.462589274810898,29.789
"6175b158cc_t80","2pl","heavy_tail","irw",40,0.8,"EQC","eqc","ok",2.02615879629775e-09,0.621557745581482,30.129
"6175b158cc_t90","2pl","heavy_tail","irw",40,0.9,"EQC","eqc","ok",1.6959726956145e-09,1.20032449435393,28.668
"6175b158cc_t95","2pl","heavy_tail","irw",40,0.95,"EQC","eqc","ok",1.04229735953254e-09,1.5800240268035,32.6520000000002
"61f9108969_t50","rasch","skew_pos","irw",60,0.5,"EQC","eqc","ok",1.01300634547385e-10,0.260537185662451,43.4320000000001
"61f9108969_t60","rasch","skew_pos","irw",60,0.6,"EQC","eqc","ok",1.09986575402843e-09,0.325348003845,42.6809999999999
"61f9108969_t70","rasch","skew_pos","irw",60,0.7,"EQC","eqc","ok",3.26557392238414e-09,0.409942613400974,42.4789999999999
"61f9108969_t80","rasch","skew_pos","irw",60,0.8,"EQC","eqc","ok",1.24013121993727e-09,0.841188422292748,39.3180000000001
"61f9108969_t90","rasch","skew_pos","irw",60,0.9,"EQC","eqc","ok",2.4128632425402e-09,0.832174728162482,41.4870000000001
"61f9108969_t95","rasch","skew_pos","irw",60,0.95,"EQC","eqc","ok",2.06073602626589e-10,2.51329524303882,41.2879999999999
"6415c12b10_t50","3pl_beta","normal","parametric",10,0.5,"EQC","eqc","ok",1.01907282612501e-09,1.18491445096637,11.952
"6415c12b10_t60","3pl_beta","normal","parametric",10,0.6,"EQC","eqc","ok",1.07923670000787e-10,1.24792827582722,13.8180000000001
"6415c12b10_t70","3pl_beta","normal","parametric",10,0.7,"EQC","eqc","ok",1.0648832926563e-09,1.60076710410835,13.9109999999999
"6415c12b10_t80","3pl_beta","normal","parametric",10,0.8,"EQC","eqc","ok",1.24495946884906e-09,3.37491861705409,15.3460000000001
"6415c12b10_t90","3pl_beta","normal","parametric",10,0.9,"EQC","eqc","ok",3.70279806816143e-10,5.51404518170231,12.6989999999998
"65c72a887e_t50","rasch","skew_pos","irw",20,0.5,"EQC","eqc","ok",7.3760764163211e-10,0.472331852227607,17.263
"65c72a887e_t60","rasch","skew_pos","irw",20,0.6,"EQC","eqc","ok",2.22055007714772e-09,0.579436226684401,16.696
"65c72a887e_t70","rasch","skew_pos","irw",20,0.7,"EQC","eqc","ok",2.11158368568221e-09,0.730792484709017,13.9330000000001
"65c72a887e_t80","rasch","skew_pos","irw",20,0.8,"EQC","eqc","ok",2.74037126324345e-09,1.05942456212646,16.8690000000001
"65c72a887e_t90","rasch","skew_pos","irw",20,0.9,"EQC","eqc","ok",1.10908937589471e-09,1.92591168786809,16.0530000000001
"65c72a887e_t95","rasch","skew_pos","irw",20,0.95,"EQC","eqc","ok",1.54923851525268e-10,3.53353345707774,16.7059999999999
"6837e6d676_t50","rasch","normal","parametric",10,0.5,"EQC","eqc","ok",8.10829958730608e-10,0.678418148480469,9.64200000000005
"6837e6d676_t60","rasch","normal","parametric",10,0.6,"EQC","eqc","ok",2.17925444356837e-09,0.886556877030006,10.701
"6837e6d676_t70","rasch","normal","parametric",10,0.7,"EQC","eqc","ok",1.72544134535713e-09,1.18730220777114,10.663
"6837e6d676_t80","rasch","normal","parametric",10,0.8,"EQC","eqc","ok",2.01264405141899e-09,1.74984496829694,10.76
"6837e6d676_t90","rasch","normal","parametric",10,0.9,"EQC","eqc","ok",8.38299651917396e-10,3.34394651404243,10.5149999999999
"6837e6d676_t95","rasch","normal","parametric",10,0.95,"EQC","eqc","ok",4.16101375577682e-10,7.16852244790728,10.933
"686daead56_t50","rasch","bimodal","irw",60,0.5,"EQC","eqc","ok",1.97475813479286e-10,0.261748704988882,41.153
"686daead56_t60","rasch","bimodal","irw",60,0.6,"EQC","eqc","ok",1.85360948812274e-09,0.324938684351363,41.5459999999998
"686daead56_t70","rasch","bimodal","irw",60,0.7,"EQC","eqc","ok",3.2816317441231e-09,0.407987926615552,41.172
"686daead56_t80","rasch","bimodal","irw",60,0.8,"EQC","eqc","ok",3.63862839858342e-09,0.539953805939326,41.816
"686daead56_t90","rasch","bimodal","irw",60,0.9,"EQC","eqc","ok",1.8767181142465e-09,0.845581780852632,41.5420000000001
"686daead56_t95","rasch","bimodal","irw",60,0.95,"EQC","eqc","ok",1.12193321299969e-09,1.37519705754542,37.0559999999998
"69320217c6_t50","3pl_beta","skew_pos","irw",10,0.5,"EQC","eqc","ok",7.98964006065717e-10,1.04667212399983,13.2449999999999
"69320217c6_t60","3pl_beta","skew_pos","irw",10,0.6,"EQC","eqc","ok",7.51799511533591e-10,1.31820671843427,13.374
"69320217c6_t70","3pl_beta","skew_pos","irw",10,0.7,"EQC","eqc","ok",4.29515423228111e-10,3.7754372628796,14.088
"69320217c6_t80","3pl_beta","skew_pos","irw",10,0.8,"EQC","eqc","ok",1.4342997900485e-09,1.84951986249222,13.6369999999999
"69320217c6_t90","3pl_beta","skew_pos","irw",10,0.9,"EQC","eqc","ok",9.22930620816942e-10,4.15514329097027,13.011
"6a235480c1_t50","rasch","skew_pos","parametric",60,0.5,"EQC","eqc","ok",1.93840499207454e-10,0.260277099878923,43.403
"6a235480c1_t60","rasch","skew_pos","parametric",60,0.6,"EQC","eqc","ok",1.48817991263428e-09,0.323216356560848,41.5939999999998
"6a235480c1_t70","rasch","skew_pos","parametric",60,0.7,"EQC","eqc","ok",2.03248839980574e-09,0.407230607449405,44.027
"6a235480c1_t80","rasch","skew_pos","parametric",60,0.8,"EQC","eqc","ok",1.03043296117988e-09,0.55152786650838,44.5140000000001
"6a235480c1_t90","rasch","skew_pos","parametric",60,0.9,"EQC","eqc","ok",2.16344619996534e-09,0.889290060418152,44.1469999999999
"6a235480c1_t95","rasch","skew_pos","parametric",60,0.95,"EQC","eqc","ok",8.16417378146639e-10,1.46119035457959,39.3410000000001
"6d3bc9f997_t50","3pl_beta","heavy_tail","parametric",40,0.5,"EQC","eqc","ok",3.79479003775884e-10,0.366218938070917,41.6200000000001
"6d3bc9f997_t60","3pl_beta","heavy_tail","parametric",40,0.6,"EQC","eqc","ok",1.81615722461004e-09,0.501371766904881,40.4570000000001
"6d3bc9f997_t70","3pl_beta","heavy_tail","parametric",40,0.7,"EQC","eqc","ok",1.21624499360706e-09,0.620107199195482,38.471
"6d3bc9f997_t80","3pl_beta","heavy_tail","parametric",40,0.8,"EQC","eqc","ok",2.57081411714211e-09,0.880317708473794,40.135
"6d3bc9f997_t90","3pl_beta","heavy_tail","parametric",40,0.9,"EQC","eqc","ok",1.47592360555393e-09,1.53454809248982,41.95
"6d3bc9f997_t95","3pl_beta","heavy_tail","parametric",40,0.95,"EQC","eqc","ok",2.58956633913954e-09,2.60700668947178,41.4870000000001
"6eeb99a793_t50","3pl_g20","skew_pos","parametric",10,0.5,"EQC","eqc","ok",8.12525047244606e-10,0.814776368715516,15.239
"6eeb99a793_t60","3pl_g20","skew_pos","parametric",10,0.6,"EQC","eqc","ok",3.1569491465433e-10,1.16913794909006,16.1659999999999
"6eeb99a793_t70","3pl_g20","skew_pos","parametric",10,0.7,"EQC","eqc","ok",1.60428825779491e-09,1.48771974732032,14.3629999999998
"6eeb99a793_t80","3pl_g20","skew_pos","parametric",10,0.8,"EQC","eqc","ok",1.37669886601799e-09,3.1993987585533,13.4459999999999
"6eeb99a793_t90","3pl_g20","skew_pos","parametric",10,0.9,"EQC","eqc","ok",3.68040209419718e-09,4.60731406640011,11.6079999999999
"6eeb99a793_t95","3pl_g20","skew_pos","parametric",10,0.95,"EQC","eqc","infeasible",-0.00354361523963864,10,13.0799999999999
"6f8ac52639_t50","3pl_g20","skew_pos","irw",40,0.5,"EQC","eqc","ok",4.45270154081356e-10,0.355089879319658,43.2529999999999
"6f8ac52639_t60","3pl_g20","skew_pos","irw",40,0.6,"EQC","eqc","ok",2.03213001981339e-10,0.451629502741826,42.5989999999999
"6f8ac52639_t70","3pl_g20","skew_pos","irw",40,0.7,"EQC","eqc","ok",1.09547682036748e-09,0.686911724791221,34.9259999999999
"6f8ac52639_t80","3pl_g20","skew_pos","irw",40,0.8,"EQC","eqc","ok",2.99599078878998e-09,0.870228309442791,43.3510000000001
"6f8ac52639_t90","3pl_g20","skew_pos","irw",40,0.9,"EQC","eqc","ok",1.27813837291768e-09,1.50429332130943,43.087
"6f8ac52639_t95","3pl_g20","skew_pos","irw",40,0.95,"EQC","eqc","ok",2.82746159818714e-10,2.8766009316277,45.5629999999999
"6fa1916652_t50","3pl_g20","skew_pos","parametric",60,0.5,"EQC","eqc","ok",3.3686409217637e-10,0.287954569803375,58.585
"6fa1916652_t60","3pl_g20","skew_pos","parametric",60,0.6,"EQC","eqc","ok",2.05735695146814e-09,0.386251317861196,65.116
"6fa1916652_t70","3pl_g20","skew_pos","parametric",60,0.7,"EQC","eqc","ok",3.21986226570203e-09,0.453861880848864,62.3599999999999
"6fa1916652_t80","3pl_g20","skew_pos","parametric",60,0.8,"EQC","eqc","ok",3.11259951146781e-09,0.674027142174889,60.8880000000001
"6fa1916652_t90","3pl_g20","skew_pos","parametric",60,0.9,"EQC","eqc","ok",3.25924620625528e-10,1.09690035303243,60.171
"6fa1916652_t95","3pl_g20","skew_pos","parametric",60,0.95,"EQC","eqc","ok",5.12800690799509e-10,2.11399142536676,64.1460000000002
"6fc75d8330_t50","2pl","heavy_tail","parametric",60,0.5,"EQC","eqc","ok",4.75113426379181e-09,0.237938782794857,46.721
"6fc75d8330_t60","2pl","heavy_tail","parametric",60,0.6,"EQC","eqc","ok",1.68232616726272e-09,0.293964661078009,43.6089999999999
"6fc75d8330_t70","2pl","heavy_tail","parametric",60,0.7,"EQC","eqc","ok",3.23942173086067e-09,0.385911202683454,47.6669999999999
"6fc75d8330_t80","2pl","heavy_tail","parametric",60,0.8,"EQC","eqc","ok",2.49274123564902e-09,0.553905965060613,44.577
"6fc75d8330_t90","2pl","heavy_tail","parametric",60,0.9,"EQC","eqc","ok",1.95945715208978e-09,0.792444492642587,47.0139999999999
"6fc75d8330_t95","2pl","heavy_tail","parametric",60,0.95,"EQC","eqc","ok",3.96895960541599e-10,1.39992480352306,46.181
"705e3d6cec_t50","3pl_g20","bimodal","parametric",60,0.5,"EQC","eqc","ok",3.52125106850565e-10,0.314386531782147,58.7589999999998
"705e3d6cec_t60","3pl_g20","bimodal","parametric",60,0.6,"EQC","eqc","ok",1.2056879938882e-09,0.3565688342736,47.0419999999999
"705e3d6cec_t70","3pl_g20","bimodal","parametric",60,0.7,"EQC","eqc","ok",2.07906869498231e-09,0.520481441194425,46.8690000000001
"705e3d6cec_t80","3pl_g20","bimodal","parametric",60,0.8,"EQC","eqc","ok",2.1293514729237e-09,0.691541967316818,44.826
"705e3d6cec_t90","3pl_g20","bimodal","parametric",60,0.9,"EQC","eqc","ok",5.85655191009948e-10,1.12723142274822,49.1690000000001
"705e3d6cec_t95","3pl_g20","bimodal","parametric",60,0.95,"EQC","eqc","ok",6.86461221199863e-10,2.08526833824708,57.6600000000001
"706cd16630_t50","rasch","bimodal","irw",20,0.5,"EQC","eqc","ok",1.0313805365314e-10,0.499587160391661,16.979
"706cd16630_t60","rasch","bimodal","irw",20,0.6,"EQC","eqc","ok",2.27185603662861e-09,0.582049793383914,17.558
"706cd16630_t70","rasch","bimodal","irw",20,0.7,"EQC","eqc","ok",3.09954406585433e-09,0.742679480841308,16.9240000000002
"706cd16630_t80","rasch","bimodal","irw",20,0.8,"EQC","eqc","ok",1.11565201521557e-11,1.60352910243629,17.1619999999998
"706cd16630_t90","rasch","bimodal","irw",20,0.9,"EQC","eqc","ok",1.06410502631604e-09,2.26749682228526,16.8499999999999
"706cd16630_t95","rasch","bimodal","irw",20,0.95,"EQC","eqc","ok",4.75842809599669e-10,3.20546168949225,17.3509999999999
"7107b4b0bc_t50","3pl_g20","heavy_tail","irw",10,0.5,"EQC","eqc","ok",5.81106052166547e-10,0.67010309419911,10.5940000000001
"7107b4b0bc_t60","3pl_g20","heavy_tail","irw",10,0.6,"EQC","eqc","ok",1.44776501898036e-09,1.24606787210897,14.6990000000001
"7107b4b0bc_t70","3pl_g20","heavy_tail","irw",10,0.7,"EQC","eqc","ok",7.35285832220711e-10,1.8381746509814,14.825
"7107b4b0bc_t80","3pl_g20","heavy_tail","irw",10,0.8,"EQC","eqc","ok",1.75895087384248e-09,2.29833257042258,14.9169999999999
"7107b4b0bc_t90","3pl_g20","heavy_tail","irw",10,0.9,"EQC","eqc","ok",5.84609693987659e-10,8.62634378572549,14.5229999999999
"71c9b8c65b_t50","3pl_beta","heavy_tail","parametric",60,0.5,"EQC","eqc","ok",1.3410461630059e-10,0.293700916604371,54.8230000000001
"71c9b8c65b_t60","3pl_beta","heavy_tail","parametric",60,0.6,"EQC","eqc","ok",9.24666010426733e-10,0.404614189797868,59.71
"71c9b8c65b_t70","3pl_beta","heavy_tail","parametric",60,0.7,"EQC","eqc","ok",1.10078790527268e-09,0.467794703343683,56.7429999999999
"71c9b8c65b_t80","3pl_beta","heavy_tail","parametric",60,0.8,"EQC","eqc","ok",7.7504480611168e-10,0.68501650059915,53.0519999999999
"71c9b8c65b_t90","3pl_beta","heavy_tail","parametric",60,0.9,"EQC","eqc","ok",1.63464075608744e-09,1.21663066850912,59.9370000000001
"71c9b8c65b_t95","3pl_beta","heavy_tail","parametric",60,0.95,"EQC","eqc","ok",8.10731592970626e-10,2.02344597422635,59.289
"738d543b91_t50","rasch","heavy_tail","parametric",20,0.5,"EQC","eqc","ok",5.36232502845735e-10,0.460673113848264,16.0730000000001
"738d543b91_t60","rasch","heavy_tail","parametric",20,0.6,"EQC","eqc","ok",1.84788684354231e-09,0.5859473146893,16.9460000000001
"738d543b91_t70","rasch","heavy_tail","parametric",20,0.7,"EQC","eqc","ok",3.17680115546892e-09,0.747462941036978,16.539
"738d543b91_t80","rasch","heavy_tail","parametric",20,0.8,"EQC","eqc","ok",3.05573188974506e-09,1.01689197762689,16.817
"738d543b91_t90","rasch","heavy_tail","parametric",20,0.9,"EQC","eqc","ok",1.27113475301144e-09,2.08055472689688,16.5350000000001
"738d543b91_t95","rasch","heavy_tail","parametric",20,0.95,"EQC","eqc","ok",5.61028667966923e-10,3.4382340628817,16.8019999999999
"786d9a02b6_t50","rasch","heavy_tail","irw",10,0.5,"EQC","eqc","ok",7.51313677938015e-10,0.672666163542646,11.0650000000001
"786d9a02b6_t60","rasch","heavy_tail","irw",10,0.6,"EQC","eqc","ok",1.56422597097361e-09,1.0388011987558,11.2269999999999
"786d9a02b6_t70","rasch","heavy_tail","irw",10,0.7,"EQC","eqc","ok",1.45661482875425e-09,1.45013602063523,10.7749999999999
"786d9a02b6_t80","rasch","heavy_tail","irw",10,0.8,"EQC","eqc","ok",2.23779206276475e-09,1.72684766887678,11.252
"786d9a02b6_t90","rasch","heavy_tail","irw",10,0.9,"EQC","eqc","ok",6.22893847612715e-10,2.7063717713512,11.1800000000001
"786d9a02b6_t95","rasch","heavy_tail","irw",10,0.95,"EQC","eqc","ok",3.5698866085454e-10,7.55660800150702,11.625
"789f2b1000_t50","rasch","heavy_tail","parametric",60,0.5,"EQC","eqc","ok",1.7123114037787e-10,0.259542469027286,44.047
"789f2b1000_t60","rasch","heavy_tail","parametric",60,0.6,"EQC","eqc","ok",8.25017609784595e-10,0.325689548135234,39.732
"789f2b1000_t70","rasch","heavy_tail","parametric",60,0.7,"EQC","eqc","ok",2.96551616596474e-09,0.410893180450687,43.9200000000001
"789f2b1000_t80","rasch","heavy_tail","parametric",60,0.8,"EQC","eqc","ok",3.43485462295234e-10,0.550916576105253,43.991
"789f2b1000_t90","rasch","heavy_tail","parametric",60,0.9,"EQC","eqc","ok",3.43353234733001e-10,0.879465272906715,40.1940000000002
"789f2b1000_t95","rasch","heavy_tail","parametric",60,0.95,"EQC","eqc","ok",4.7819626036727e-10,1.47599360116037,38.2249999999999
"7bfda144a5_t50","3pl_beta","bimodal","irw",60,0.5,"EQC","eqc","ok",4.38815428438488e-10,0.3167426979985,63.7749999999999
"7bfda144a5_t60","3pl_beta","bimodal","irw",60,0.6,"EQC","eqc","ok",1.96195015789158e-09,0.480666006149812,62.5800000000002
"7bfda144a5_t70","3pl_beta","bimodal","irw",60,0.7,"EQC","eqc","ok",3.06143888018084e-10,0.483282628304568,56.665
"7bfda144a5_t80","3pl_beta","bimodal","irw",60,0.8,"EQC","eqc","ok",3.76265019141897e-10,0.617512486517325,61.72
"7bfda144a5_t90","3pl_beta","bimodal","irw",60,0.9,"EQC","eqc","ok",2.36191632918548e-09,4.36041114173912,55.037
"7bfda144a5_t95","3pl_beta","bimodal","irw",60,0.95,"EQC","eqc","ok",1.24083733288316e-08,1.90450034237645,56.835
"7c47698ded_t50","2pl","normal","irw",10,0.5,"EQC","eqc","ok",6.285828524355e-10,0.717863629684352,11.277
"7c47698ded_t60","2pl","normal","irw",10,0.6,"EQC","eqc","ok",5.90605453432147e-10,0.978610399141096,10.9830000000002
"7c47698ded_t70","2pl","normal","irw",10,0.7,"EQC","eqc","ok",3.25893201313932e-10,1.95663942420815,10.3420000000001
"7c47698ded_t80","2pl","normal","irw",10,0.8,"EQC","eqc","ok",1.10011200149529e-09,2.50682676213078,10.5690000000002
"7c47698ded_t90","2pl","normal","irw",10,0.9,"EQC","eqc","ok",3.38881478434416e-10,5.99195385967466,11.587
"7c47698ded_t95","2pl","normal","irw",10,0.95,"EQC","eqc","ok",4.42770042852203e-10,6.96907853589038,11.0039999999999
"7cee56a484_t50","2pl","bimodal","parametric",10,0.5,"EQC","eqc","ok",1.22413412739775e-10,0.680214623458721,10.99
"7cee56a484_t60","2pl","bimodal","parametric",10,0.6,"EQC","eqc","ok",5.0493165204557e-10,1.00848619963779,11.162
"7cee56a484_t70","2pl","bimodal","parametric",10,0.7,"EQC","eqc","ok",1.38019118356425e-09,1.07525857886977,11.5650000000001
"7cee56a484_t80","2pl","bimodal","parametric",10,0.8,"EQC","eqc","ok",1.89136961648018e-09,1.93924168157706,11.1559999999999
"7cee56a484_t90","2pl","bimodal","parametric",10,0.9,"EQC","eqc","ok",4.99235985884638e-10,3.01568550153241,11.1600000000001
"7cee56a484_t95","2pl","bimodal","parametric",10,0.95,"EQC","eqc","ok",2.97635582846567e-10,6.86502804045648,10.5119999999999
"7d3dc7a372_t50","3pl_g20","heavy_tail","parametric",40,0.5,"EQC","eqc","ok",6.38737396307931e-10,0.398697246250868,39.9780000000001
"7d3dc7a372_t60","3pl_g20","heavy_tail","parametric",40,0.6,"EQC","eqc","ok",1.75618863895721e-09,0.480675583352636,35.356
"7d3dc7a372_t70","3pl_g20","heavy_tail","parametric",40,0.7,"EQC","eqc","ok",2.18897688863962e-09,0.57476652145406,44.1859999999999
"7d3dc7a372_t80","3pl_g20","heavy_tail","parametric",40,0.8,"EQC","eqc","ok",2.70916267197663e-09,0.909469708125274,44.681
"7d3dc7a372_t90","3pl_g20","heavy_tail","parametric",40,0.9,"EQC","eqc","ok",1.51600998421486e-09,1.60779830433694,44.4390000000001
"7d3dc7a372_t95","3pl_g20","heavy_tail","parametric",40,0.95,"EQC","eqc","ok",5.12414222164637e-10,2.81036430164553,38.5330000000001
"7e68f7b5fe_t50","3pl_g20","normal","irw",60,0.5,"EQC","eqc","ok",4.90066875968864e-10,0.310566171142497,60.2060000000001
"7e68f7b5fe_t60","3pl_g20","normal","irw",60,0.6,"EQC","eqc","ok",1.02505670618314e-09,0.403817681194699,64.537
"7e68f7b5fe_t70","3pl_g20","normal","irw",60,0.7,"EQC","eqc","ok",2.15420881133355e-09,0.452749909224944,59.3130000000001
"7e68f7b5fe_t80","3pl_g20","normal","irw",60,0.8,"EQC","eqc","ok",2.19429985293118e-09,0.662891251860983,65.9089999999999
"7e68f7b5fe_t90","3pl_g20","normal","irw",60,0.9,"EQC","eqc","ok",8.89869067322024e-10,1.57640646152167,56.2360000000001
"7e68f7b5fe_t95","3pl_g20","normal","irw",60,0.95,"EQC","eqc","ok",8.84250339616699e-10,1.91873721892795,62.8509999999999
"8320ea3e35_t50","3pl_beta","heavy_tail","irw",20,0.5,"EQC","eqc","ok",-7.57942597573447e-11,1.67021844367527,22.98
"8320ea3e35_t60","3pl_beta","heavy_tail","irw",20,0.6,"EQC","eqc","ok",6.65172583680373e-10,0.698239562344565,27.0509999999999
"8320ea3e35_t70","3pl_beta","heavy_tail","irw",20,0.7,"EQC","eqc","ok",1.51983825524837e-09,1.40016874612175,26.296
"8320ea3e35_t80","3pl_beta","heavy_tail","irw",20,0.8,"EQC","eqc","ok",1.15928910915386e-09,1.27161576737504,26.797
"8320ea3e35_t90","3pl_beta","heavy_tail","irw",20,0.9,"EQC","eqc","ok",4.150787491497e-10,3.89471750641547,25.6650000000002
"837c70723e_t50","3pl_g20","normal","irw",20,0.5,"EQC","eqc","ok",3.91715326841791e-10,1.33818963334653,23.182
"837c70723e_t60","3pl_g20","normal","irw",20,0.6,"EQC","eqc","ok",3.03896796616243e-10,0.841950954792164,23.97
"837c70723e_t70","3pl_g20","normal","irw",20,0.7,"EQC","eqc","ok",1.22541354841132e-09,1.12144578917105,23.807
"837c70723e_t80","3pl_g20","normal","irw",20,0.8,"EQC","eqc","ok",2.11025097396345e-09,1.10159584567395,24.1199999999999
"837c70723e_t90","3pl_g20","normal","irw",20,0.9,"EQC","eqc","ok",3.1081492934959e-10,3.25599273015548,23.489
"837c70723e_t95","3pl_g20","normal","irw",20,0.95,"EQC","eqc","ok",5.63462609903809e-11,6.49374599350362,26.5909999999999
"857e5b810e_t50","3pl_beta","heavy_tail","irw",60,0.5,"EQC","eqc","ok",8.69968430627921e-10,0.287530211037502,59.675
"857e5b810e_t60","3pl_beta","heavy_tail","irw",60,0.6,"EQC","eqc","ok",6.80451583967567e-10,0.390759244335327,59.0830000000001
"857e5b810e_t70","3pl_beta","heavy_tail","irw",60,0.7,"EQC","eqc","ok",1.86431425852618e-09,0.693606167728005,58.923
"857e5b810e_t80","3pl_beta","heavy_tail","irw",60,0.8,"EQC","eqc","ok",2.36131070252554e-09,0.79406304687913,59.836
"857e5b810e_t90","3pl_beta","heavy_tail","irw",60,0.9,"EQC","eqc","ok",1.84161741412225e-09,1.13083714908217,60.242
"857e5b810e_t95","3pl_beta","heavy_tail","irw",60,0.95,"EQC","eqc","ok",6.68517019519754e-10,2.00937746304652,57.146
"862b4710eb_t50","3pl_g20","skew_pos","parametric",20,0.5,"EQC","eqc","ok",2.91851875999782e-10,0.65265942910687,17.46
"862b4710eb_t60","3pl_g20","skew_pos","parametric",20,0.6,"EQC","eqc","ok",-3.80832176904988e-08,0.746531237563425,23.2559999999999
"862b4710eb_t70","3pl_g20","skew_pos","parametric",20,0.7,"EQC","eqc","ok",1.090996293307e-09,0.844781924951739,22.8689999999999
"862b4710eb_t80","3pl_g20","skew_pos","parametric",20,0.8,"EQC","eqc","ok",4.07976874505778e-10,1.36382800949839,23.414
"862b4710eb_t90","3pl_g20","skew_pos","parametric",20,0.9,"EQC","eqc","ok",9.48646605714032e-10,2.47678014683354,25.22
"862b4710eb_t95","3pl_g20","skew_pos","parametric",20,0.95,"EQC","eqc","ok",4.55050885861397e-10,5.90591813721391,23.751
"877051b144_t50","3pl_beta","bimodal","parametric",40,0.5,"EQC","eqc","ok",7.67372831944613e-10,0.38201725677898,37.4159999999999
"877051b144_t60","3pl_beta","bimodal","parametric",40,0.6,"EQC","eqc","ok",5.97105587196722e-10,0.479892183558585,40.498
"877051b144_t70","3pl_beta","bimodal","parametric",40,0.7,"EQC","eqc","ok",2.8671707230643e-09,0.679376563349465,38.683
"877051b144_t80","3pl_beta","bimodal","parametric",40,0.8,"EQC","eqc","ok",2.3629631584754e-09,0.845613551913955,39.8590000000002
"877051b144_t90","3pl_beta","bimodal","parametric",40,0.9,"EQC","eqc","ok",7.73590858038631e-10,1.56178722200109,40.0839999999998
"877051b144_t95","3pl_beta","bimodal","parametric",40,0.95,"EQC","eqc","ok",9.77173897354078e-12,3.49110090182558,40.0150000000001
"88f779a86c_t50","2pl","skew_pos","parametric",20,0.5,"EQC","eqc","ok",4.64447813541824e-10,0.437052490663706,17.1579999999999
"88f779a86c_t60","2pl","skew_pos","parametric",20,0.6,"EQC","eqc","ok",1.08009823307498e-09,0.551672610614538,17.086
"88f779a86c_t70","2pl","skew_pos","parametric",20,0.7,"EQC","eqc","ok",1.51758627886522e-09,0.68311034422337,17.635
"88f779a86c_t80","2pl","skew_pos","parametric",20,0.8,"EQC","eqc","ok",1.69441349839872e-09,1.09404792502174,13.4079999999999
"88f779a86c_t90","2pl","skew_pos","parametric",20,0.9,"EQC","eqc","ok",1.26196475491724e-09,1.76769348894721,17.251
"88f779a86c_t95","2pl","skew_pos","parametric",20,0.95,"EQC","eqc","ok",5.54978507594228e-10,3.53504023088455,17.0160000000001
"89ea0bc5ff_t50","rasch","skew_pos","irw",40,0.5,"EQC","eqc","ok",1.06539665978289e-10,0.324063623491155,25.578
"89ea0bc5ff_t60","rasch","skew_pos","irw",40,0.6,"EQC","eqc","ok",3.89066778794245e-10,0.403033331606124,31.2349999999999
"89ea0bc5ff_t70","rasch","skew_pos","irw",40,0.7,"EQC","eqc","ok",2.36172659207057e-09,0.501380343052838,30.0260000000001
"89ea0bc5ff_t80","rasch","skew_pos","irw",40,0.8,"EQC","eqc","ok",2.45736297976862e-09,0.785636457844531,29.405
"89ea0bc5ff_t90","rasch","skew_pos","irw",40,0.9,"EQC","eqc","ok",5.70725910975511e-10,1.78843660336874,28.0050000000001
"89ea0bc5ff_t95","rasch","skew_pos","irw",40,0.95,"EQC","eqc","ok",1.03929220784948e-09,1.7512670946946,30.1360000000002
"8db178eee1_t50","rasch","skew_pos","irw",10,0.5,"EQC","eqc","ok",8.81799411267536e-10,0.689715294892346,11.7829999999999
"8db178eee1_t60","rasch","skew_pos","irw",10,0.6,"EQC","eqc","ok",8.41948954999339e-10,0.845732983424933,10.6700000000001
"8db178eee1_t70","rasch","skew_pos","irw",10,0.7,"EQC","eqc","ok",8.02789390519365e-10,1.32720244969461,10.77
"8db178eee1_t80","rasch","skew_pos","irw",10,0.8,"EQC","eqc","ok",2.21927476395933e-09,1.61288902664165,10.5999999999999
"8db178eee1_t90","rasch","skew_pos","irw",10,0.9,"EQC","eqc","ok",1.13877429708253e-09,2.79620379509814,11.1969999999999
"8db178eee1_t95","rasch","skew_pos","irw",10,0.95,"EQC","eqc","ok",3.3855206416078e-09,9.52264081291422,9.78799999999978
"90b3200e06_t50","2pl","bimodal","irw",40,0.5,"EQC","eqc","ok",2.00629846069944e-10,0.282823245716644,27.9349999999999
"90b3200e06_t60","2pl","bimodal","irw",40,0.6,"EQC","eqc","ok",2.10741424311323e-09,0.379767757695829,26.6629999999998
"90b3200e06_t70","2pl","bimodal","irw",40,0.7,"EQC","eqc","ok",2.99603253317571e-09,0.497548281007407,24.787
"90b3200e06_t80","2pl","bimodal","irw",40,0.8,"EQC","eqc","ok",6.4483374195845e-10,0.757749031416803,25.174
"90b3200e06_t90","2pl","bimodal","irw",40,0.9,"EQC","eqc","ok",1.60987112529654e-09,1.00867427436249,24.1120000000001
"90b3200e06_t95","2pl","bimodal","irw",40,0.95,"EQC","eqc","ok",5.31152344329655e-10,2.50386550891941,27.386
"93478b9ed6_t50","rasch","bimodal","irw",10,0.5,"EQC","eqc","ok",9.31208887777757e-10,0.685667689361749,10.481
"93478b9ed6_t60","rasch","bimodal","irw",10,0.6,"EQC","eqc","ok",1.36833078201448e-09,1.09790888571005,10.779
"93478b9ed6_t70","rasch","bimodal","irw",10,0.7,"EQC","eqc","ok",2.9034727955235e-09,1.14427022208234,11.0899999999999
"93478b9ed6_t80","rasch","bimodal","irw",10,0.8,"EQC","eqc","ok",1.90155313717355e-09,1.61881838385488,11.1579999999999
"93478b9ed6_t90","rasch","bimodal","irw",10,0.9,"EQC","eqc","ok",1.05695774355041e-09,3.11673946353759,11.1600000000001
"93478b9ed6_t95","rasch","bimodal","irw",10,0.95,"EQC","eqc","ok",4.06404132569094e-10,8.09377362381414,11.5450000000001
"940dd58533_t50","3pl_g20","normal","irw",10,0.5,"EQC","eqc","ok",5.85117621021425e-10,0.917374167009787,14.7250000000001
"940dd58533_t60","3pl_g20","normal","irw",10,0.6,"EQC","eqc","ok",1.47306611353315e-09,1.06868693463789,14.9029999999998
"940dd58533_t70","3pl_g20","normal","irw",10,0.7,"EQC","eqc","ok",1.55323542916364e-09,1.50772123517176,15.021
"940dd58533_t80","3pl_g20","normal","irw",10,0.8,"EQC","eqc","ok",1.49333756471748e-09,2.77693115644276,13.971
"940dd58533_t90","3pl_g20","normal","irw",10,0.9,"EQC","eqc","ok",1.00797792335072e-09,3.98263114296514,14.8220000000001
"9513362a78_t50","2pl","heavy_tail","irw",20,0.5,"EQC","eqc","ok",3.66833119436194e-10,0.447305761354671,16.6390000000001
"9513362a78_t60","2pl","heavy_tail","irw",20,0.6,"EQC","eqc","ok",2.13002415705432e-09,0.553158354104519,17.2169999999999
"9513362a78_t70","2pl","heavy_tail","irw",20,0.7,"EQC","eqc","ok",2.91504709259982e-09,0.599991094609112,16.7829999999999
"9513362a78_t80","2pl","heavy_tail","irw",20,0.8,"EQC","eqc","ok",3.11453240975368e-09,0.838759400552642,17.5640000000001
"9513362a78_t90","2pl","heavy_tail","irw",20,0.9,"EQC","eqc","ok",8.77080186256762e-10,1.95064735920595,11.5610000000001
"9513362a78_t95","2pl","heavy_tail","irw",20,0.95,"EQC","eqc","ok",6.86174672637208e-10,3.02024102087318,12.1550000000002
"9711f8cd98_t50","3pl_g20","bimodal","parametric",10,0.5,"EQC","eqc","ok",9.4262408989465e-10,0.853263228205472,13.5919999999999
"9711f8cd98_t60","3pl_g20","bimodal","parametric",10,0.6,"EQC","eqc","ok",4.34563607321081e-10,1.17609468815819,13.9380000000001
"9711f8cd98_t70","3pl_g20","bimodal","parametric",10,0.7,"EQC","eqc","ok",1.81416170974558e-09,1.88512366092518,13.3589999999999
"9711f8cd98_t80","3pl_g20","bimodal","parametric",10,0.8,"EQC","eqc","ok",4.58826865390449e-10,2.63270217306179,14.152
"9edead4a8b_t50","2pl","normal","parametric",40,0.5,"EQC","eqc","ok",1.81078485539388e-11,0.2801489802441,27.472
"9edead4a8b_t60","2pl","normal","parametric",40,0.6,"EQC","eqc","ok",1.94567695288583e-09,0.39018210933315,27.954
"9edead4a8b_t70","2pl","normal","parametric",40,0.7,"EQC","eqc","ok",1.12721232348179e-09,0.502951795840174,28.2969999999998
"9edead4a8b_t80","2pl","normal","parametric",40,0.8,"EQC","eqc","ok",1.17771825625113e-09,0.608574545190151,28.7830000000001
"9edead4a8b_t90","2pl","normal","parametric",40,0.9,"EQC","eqc","ok",5.2750070977936e-10,1.02276270020821,27.644
"9edead4a8b_t95","2pl","normal","parametric",40,0.95,"EQC","eqc","ok",6.14817163846482e-09,1.83616065921968,27.461
"a1f4688fbc_t50","3pl_g20","heavy_tail","irw",20,0.5,"EQC","eqc","ok",8.02598765226037e-10,0.523788546061139,23.098
"a1f4688fbc_t60","3pl_g20","heavy_tail","irw",20,0.6,"EQC","eqc","ok",2.15531092973009e-09,0.716797835238746,23.5909999999999
"a1f4688fbc_t70","3pl_g20","heavy_tail","irw",20,0.7,"EQC","eqc","ok",1.98680583096689e-09,1.11917381208901,22.258
"a1f4688fbc_t80","3pl_g20","heavy_tail","irw",20,0.8,"EQC","eqc","ok",2.0080145324286e-09,1.1312529933595,23.931
"a1f4688fbc_t90","3pl_g20","heavy_tail","irw",20,0.9,"EQC","eqc","ok",1.20176635309832e-09,2.53588533559315,22.1310000000001
"a1f4688fbc_t95","3pl_g20","heavy_tail","irw",20,0.95,"EQC","eqc","infeasible",-0.0145252608871643,10,17.6969999999999
"a299eff79d_t50","3pl_beta","normal","parametric",20,0.5,"EQC","eqc","ok",9.70277413969711e-10,0.590759668603065,23.3429999999998
"a299eff79d_t60","3pl_beta","normal","parametric",20,0.6,"EQC","eqc","ok",9.01747676529396e-10,0.764555850096619,20.7439999999999
"a299eff79d_t70","3pl_beta","normal","parametric",20,0.7,"EQC","eqc","ok",5.46765077658051e-10,1.02878104037671,24.779
"a299eff79d_t80","3pl_beta","normal","parametric",20,0.8,"EQC","eqc","ok",2.18343210178773e-09,1.44046086370011,23.0240000000001
"a299eff79d_t90","3pl_beta","normal","parametric",20,0.9,"EQC","eqc","ok",4.72998196165975e-10,3.37332397279818,22.9369999999999
"a299eff79d_t95","3pl_beta","normal","parametric",20,0.95,"EQC","eqc","ok",4.48864834190488e-10,5.74859096813183,19.3519999999999
"aa41d06cf1_t50","3pl_beta","bimodal","irw",40,0.5,"EQC","eqc","ok",4.47558434757411e-10,0.38986327155009,40.645
"aa41d06cf1_t60","3pl_beta","bimodal","irw",40,0.6,"EQC","eqc","ok",2.17341433739193e-09,0.511865211335794,39.752
"aa41d06cf1_t70","3pl_beta","bimodal","irw",40,0.7,"EQC","eqc","ok",7.0990657796699e-10,0.595183740106063,37.415
"aa41d06cf1_t80","3pl_beta","bimodal","irw",40,0.8,"EQC","eqc","ok",1.76335368529124e-09,0.866496666524609,41.1900000000001
"aa41d06cf1_t90","3pl_beta","bimodal","irw",40,0.9,"EQC","eqc","ok",6.61816712543839e-10,3.47294933383631,34.201
"aa41d06cf1_t95","3pl_beta","bimodal","irw",40,0.95,"EQC","eqc","ok",6.03519456632284e-10,2.76346716664955,39.825
"ac596c5075_t50","rasch","skew_pos","parametric",10,0.5,"EQC","eqc","ok",4.03723499076136e-10,0.684400520603082,9.66500000000019
"ac596c5075_t60","rasch","skew_pos","parametric",10,0.6,"EQC","eqc","ok",1.96555216547267e-09,0.877061378276109,9.38199999999983
"ac596c5075_t70","rasch","skew_pos","parametric",10,0.7,"EQC","eqc","ok",2.32558639012836e-09,1.15390449840434,7.1579999999999
"ac596c5075_t80","rasch","skew_pos","parametric",10,0.8,"EQC","eqc","ok",1.43097367288902e-09,1.61083733399258,10.7190000000001
"ac596c5075_t90","rasch","skew_pos","parametric",10,0.9,"EQC","eqc","ok",7.89206144879984e-10,3.11920283853507,8.79899999999998
"ac596c5075_t95","rasch","skew_pos","parametric",10,0.95,"EQC","eqc","ok",4.8471959779306e-10,7.3808031602189,9.529
"ad266e1728_t50","3pl_beta","heavy_tail","irw",10,0.5,"EQC","eqc","ok",3.8175784755623e-10,1.01356116007029,12.6970000000001
"ad266e1728_t60","3pl_beta","heavy_tail","irw",10,0.6,"EQC","eqc","ok",1.25075394485918e-10,1.83930612132794,11.54
"ad266e1728_t70","3pl_beta","heavy_tail","irw",10,0.7,"EQC","eqc","ok",8.5471163480122e-10,6.89892997146471,12.3099999999999
"ad266e1728_t80","3pl_beta","heavy_tail","irw",10,0.8,"EQC","eqc","ok",1.67451885690895e-09,2.85674120532633,10.5240000000001
"ad266e1728_t90","3pl_beta","heavy_tail","irw",10,0.9,"EQC","eqc","infeasible",-0.0302117027198849,10,10.807
"ade7e80f30_t50","3pl_g20","skew_pos","parametric",40,0.5,"EQC","eqc","ok",3.05925396126838e-10,0.391444846781379,37.634
"ade7e80f30_t60","3pl_g20","skew_pos","parametric",40,0.6,"EQC","eqc","ok",2.20842555354039e-09,0.463278870802316,39.183
"ade7e80f30_t70","3pl_g20","skew_pos","parametric",40,0.7,"EQC","eqc","ok",3.0775501036473e-09,0.591125157338398,40.463
"ade7e80f30_t80","3pl_g20","skew_pos","parametric",40,0.8,"EQC","eqc","ok",1.15002274370113e-09,0.922787621116506,40.146
"ade7e80f30_t90","3pl_g20","skew_pos","parametric",40,0.9,"EQC","eqc","ok",3.51707662993306e-10,1.74415463342818,38.1310000000001
"ade7e80f30_t95","3pl_g20","skew_pos","parametric",40,0.95,"EQC","eqc","ok",5.67243141347262e-10,2.32405291542468,32.7660000000001
"b06cf9b257_t50","2pl","heavy_tail","parametric",40,0.5,"EQC","eqc","ok",3.69580699377536e-10,0.303874613664283,30.4090000000001
"b06cf9b257_t60","2pl","heavy_tail","parametric",40,0.6,"EQC","eqc","ok",2.05822736631944e-09,0.330445143847872,30.7140000000002
"b06cf9b257_t70","2pl","heavy_tail","parametric",40,0.7,"EQC","eqc","ok",1.6544313696798e-09,0.471325717177111,30.0719999999999
"b06cf9b257_t80","2pl","heavy_tail","parametric",40,0.8,"EQC","eqc","ok",5.08162512069532e-10,0.572072682732404,30.076
"b06cf9b257_t90","2pl","heavy_tail","parametric",40,0.9,"EQC","eqc","ok",1.7934103091477e-09,1.14012307246837,30.4369999999999
"b06cf9b257_t95","2pl","heavy_tail","parametric",40,0.95,"EQC","eqc","ok",3.6957681359695e-10,1.98717074114967,28.6610000000001
"b5c17df61e_t50","3pl_beta","heavy_tail","irw",40,0.5,"EQC","eqc","ok",1.63438595990328e-10,0.382626371809521,41.7070000000001
"b5c17df61e_t60","3pl_beta","heavy_tail","irw",40,0.6,"EQC","eqc","ok",1.29382915492471e-09,0.498857073178044,41.1079999999999
"b5c17df61e_t70","3pl_beta","heavy_tail","irw",40,0.7,"EQC","eqc","ok",1.82581649799118e-09,0.600036051857577,40.855
"b5c17df61e_t80","3pl_beta","heavy_tail","irw",40,0.8,"EQC","eqc","ok",1.90172855241144e-09,0.931955448379049,41.5739999999998
"b5c17df61e_t90","3pl_beta","heavy_tail","irw",40,0.9,"EQC","eqc","ok",1.47464074284898e-09,1.32556552106652,41.4199999999998
"b5c17df61e_t95","3pl_beta","heavy_tail","irw",40,0.95,"EQC","eqc","ok",7.12241932099289e-10,2.3762248166194,42.097
"b605c149c3_t50","2pl","bimodal","irw",10,0.5,"EQC","eqc","ok",7.98917154654077e-10,0.661414567101448,11.731
"b605c149c3_t60","2pl","bimodal","irw",10,0.6,"EQC","eqc","ok",2.11406592232066e-09,0.832912963497219,11.652
"b605c149c3_t70","2pl","bimodal","irw",10,0.7,"EQC","eqc","ok",2.54381848918683e-09,1.12228901621817,10.9269999999999
"b605c149c3_t80","2pl","bimodal","irw",10,0.8,"EQC","eqc","ok",1.8236079313283e-10,1.90236689177707,11.9359999999999
"b605c149c3_t90","2pl","bimodal","irw",10,0.9,"EQC","eqc","ok",1.04913422394048e-09,3.13712614122009,11.4750000000001
"b69bee9770_t50","rasch","normal","irw",40,0.5,"EQC","eqc","ok",1.67344249568657e-10,0.321323395167728,29.4050000000002
"b69bee9770_t60","rasch","normal","irw",40,0.6,"EQC","eqc","ok",1.68891134411098e-09,0.469326329973076,29.8309999999999
"b69bee9770_t70","rasch","normal","irw",40,0.7,"EQC","eqc","ok",3.29184013381223e-09,0.506447828214799,23.354
"b69bee9770_t80","rasch","normal","irw",40,0.8,"EQC","eqc","ok",2.87416090927195e-09,0.685832961398932,30.0510000000002
"b69bee9770_t90","rasch","normal","irw",40,0.9,"EQC","eqc","ok",1.12310993838349e-09,1.55628592453182,20.3990000000001
"b69bee9770_t95","rasch","normal","irw",40,0.95,"EQC","eqc","ok",9.16681397455932e-10,1.87503894833461,30.3720000000001
"b6cfbaf90a_t50","rasch","bimodal","parametric",40,0.5,"EQC","eqc","ok",2.77082579103194e-10,0.325266668785766,27.9369999999999
"b6cfbaf90a_t60","rasch","bimodal","parametric",40,0.6,"EQC","eqc","ok",9.78342518109798e-10,0.401892804711732,29.165
"b6cfbaf90a_t70","rasch","bimodal","parametric",40,0.7,"EQC","eqc","ok",2.99355307209481e-09,0.51652609396839,29.1469999999999
"b6cfbaf90a_t80","rasch","bimodal","parametric",40,0.8,"EQC","eqc","ok",2.07075623315234e-09,0.692323277822795,28.6510000000001
"b6cfbaf90a_t90","rasch","bimodal","parametric",40,0.9,"EQC","eqc","ok",1.19391352360054e-09,1.16135397329029,28.24
"b6cfbaf90a_t95","rasch","bimodal","parametric",40,0.95,"EQC","eqc","ok",5.91617199674488e-10,2.07775948726273,27.806
"b6eb9aaebc_t50","rasch","bimodal","irw",40,0.5,"EQC","eqc","ok",4.07239686417427e-10,0.324115804690486,29.8320000000001
"b6eb9aaebc_t60","rasch","bimodal","irw",40,0.6,"EQC","eqc","ok",1.55673718360561e-09,0.424643912271188,29.1900000000001
"b6eb9aaebc_t70","rasch","bimodal","irw",40,0.7,"EQC","eqc","ok",1.96736271718123e-09,0.565162373287214,24.394
"b6eb9aaebc_t80","rasch","bimodal","irw",40,0.8,"EQC","eqc","ok",2.56945509313766e-09,0.806632973936786,28.922
"b6eb9aaebc_t90","rasch","bimodal","irw",40,0.9,"EQC","eqc","ok",-1.17062238791377e-08,1.37927201669002,29.1949999999999
"b6eb9aaebc_t95","rasch","bimodal","irw",40,0.95,"EQC","eqc","ok",3.11851211520775e-10,2.02777743436126,27.6180000000002
"b75c180cb0_t50","2pl","skew_pos","parametric",10,0.5,"EQC","eqc","ok",2.83855161598012e-11,0.605999006388331,10.6969999999999
"b75c180cb0_t60","2pl","skew_pos","parametric",10,0.6,"EQC","eqc","ok",1.61256963338019e-09,0.684667890130475,10.646
"b75c180cb0_t70","2pl","skew_pos","parametric",10,0.7,"EQC","eqc","ok",2.51133691619998e-09,1.08482926176069,11.1369999999999
"b75c180cb0_t80","2pl","skew_pos","parametric",10,0.8,"EQC","eqc","ok",2.18809181884438e-09,1.80823995049479,10.546
"b75c180cb0_t90","2pl","skew_pos","parametric",10,0.9,"EQC","eqc","ok",9.09847086560944e-10,3.47708135652036,10.539
"b75c180cb0_t95","2pl","skew_pos","parametric",10,0.95,"EQC","eqc","ok",7.49828321655599e-09,6.97046715558267,10.345
"b7cb5fd647_t50","rasch","normal","irw",20,0.5,"EQC","eqc","ok",3.73613362469882e-10,0.484767215960665,17.058
"b7cb5fd647_t60","rasch","normal","irw",20,0.6,"EQC","eqc","ok",1.15976084291702e-09,0.570966438249796,16.7790000000002
"b7cb5fd647_t70","rasch","normal","irw",20,0.7,"EQC","eqc","ok",6.04077676769066e-10,1.48036434078606,14.97
"b7cb5fd647_t80","rasch","normal","irw",20,0.8,"EQC","eqc","ok",2.26149576842971e-09,1.1604228311074,16.6459999999997
"b7cb5fd647_t90","rasch","normal","irw",20,0.9,"EQC","eqc","ok",1.15228171448933e-09,1.74843699041052,16.5830000000001
"b7cb5fd647_t95","rasch","normal","irw",20,0.95,"EQC","eqc","ok",6.46966147321848e-10,3.27019722226534,16.873
"b80071f5e2_t50","2pl","heavy_tail","irw",60,0.5,"EQC","eqc","ok",2.04245065305031e-10,0.227499365851209,42.1850000000002
"b80071f5e2_t60","2pl","heavy_tail","irw",60,0.6,"EQC","eqc","ok",6.13140205274476e-10,0.287803877507504,44.1000000000001
"b80071f5e2_t70","2pl","heavy_tail","irw",60,0.7,"EQC","eqc","ok",1.21126808583227e-09,0.386301552932044,42.4870000000001
"b80071f5e2_t80","2pl","heavy_tail","irw",60,0.8,"EQC","eqc","ok",2.84456125321242e-10,0.560443884454633,37.2709999999997
"b80071f5e2_t90","2pl","heavy_tail","irw",60,0.9,"EQC","eqc","ok",2.03049044245063e-09,0.800544927108103,40.8629999999998
"b80071f5e2_t95","2pl","heavy_tail","irw",60,0.95,"EQC","eqc","ok",2.61278998436865e-10,1.26450796934729,42.4700000000003
"b8ba807a81_t50","rasch","heavy_tail","irw",60,0.5,"EQC","eqc","ok",1.09217190846778e-10,0.259302409955706,41.279
"b8ba807a81_t60","rasch","heavy_tail","irw",60,0.6,"EQC","eqc","ok",1.75187675477417e-09,0.329779973146785,42.7869999999998
"b8ba807a81_t70","rasch","heavy_tail","irw",60,0.7,"EQC","eqc","ok",3.14732728767808e-09,0.408786624206822,40.5599999999999
"b8ba807a81_t80","rasch","heavy_tail","irw",60,0.8,"EQC","eqc","ok",3.28467775201347e-09,0.551132030233659,38.172
"b8ba807a81_t90","rasch","heavy_tail","irw",60,0.9,"EQC","eqc","ok",2.23772111951348e-09,0.879097896854725,32.9369999999999
"b8ba807a81_t95","rasch","heavy_tail","irw",60,0.95,"EQC","eqc","ok",5.12467512869819e-10,2.09748219303747,28.1379999999999
"bb52ad0abc_t50","3pl_beta","normal","irw",10,0.5,"EQC","eqc","ok",2.66397015558084e-09,1.18204071933909,14.8719999999998
"bb52ad0abc_t60","3pl_beta","normal","irw",10,0.6,"EQC","eqc","ok",2.90854229589854e-10,1.98661552095563,10.1039999999998
"bb52ad0abc_t70","3pl_beta","normal","irw",10,0.7,"EQC","eqc","ok",1.39221134620726e-09,1.65982954585835,15.3429999999998
"bb52ad0abc_t80","3pl_beta","normal","irw",10,0.8,"EQC","eqc","ok",8.83206618951249e-10,4.82116650186768,14.7339999999999
"bb52ad0abc_t90","3pl_beta","normal","irw",10,0.9,"EQC","eqc","ok",8.31760660346959e-10,3.88282389091778,15.8269999999998
"bb52ad0abc_t95","3pl_beta","normal","irw",10,0.95,"EQC","eqc","infeasible",-0.0326630517092259,10,12.9640000000004
"bd4a352d58_t50","2pl","skew_pos","parametric",60,0.5,"EQC","eqc","ok",1.43510536787517e-10,0.253056905628468,44.165
"bd4a352d58_t60","2pl","skew_pos","parametric",60,0.6,"EQC","eqc","ok",2.07258166184943e-09,0.291755424748332,42.1859999999997
"bd4a352d58_t70","2pl","skew_pos","parametric",60,0.7,"EQC","eqc","ok",3.29242610952463e-09,0.374582122659427,41.777
"bd4a352d58_t80","2pl","skew_pos","parametric",60,0.8,"EQC","eqc","ok",2.5882301857294e-09,0.521866580378777,44.8780000000002
"bd4a352d58_t90","2pl","skew_pos","parametric",60,0.9,"EQC","eqc","ok",2.09055628364041e-09,0.797172434640817,43.1669999999999
"bd4a352d58_t95","2pl","skew_pos","parametric",60,0.95,"EQC","eqc","ok",9.15673536994177e-10,1.31428928021556,43.8449999999998
"bec01bd864_t50","3pl_g20","bimodal","irw",40,0.5,"EQC","eqc","ok",4.56452653452288e-10,0.395767643317251,41.1820000000002
"bec01bd864_t60","3pl_g20","bimodal","irw",40,0.6,"EQC","eqc","ok",2.25406682208273e-09,0.446647382016966,44.3830000000003
"bec01bd864_t70","3pl_g20","bimodal","irw",40,0.7,"EQC","eqc","ok",1.63572977385229e-09,0.614774686834881,42.277
"bec01bd864_t80","3pl_g20","bimodal","irw",40,0.8,"EQC","eqc","ok",1.0124630023256e-09,1.46916845683086,34.6889999999999
"bec01bd864_t90","3pl_g20","bimodal","irw",40,0.9,"EQC","eqc","ok",1.39638134388775e-09,1.43894652671835,42.453
"bec01bd864_t95","3pl_g20","bimodal","irw",40,0.95,"EQC","eqc","ok",4.72424654951453e-10,4.16228043234651,42.489
"bec5a244cc_t50","3pl_g20","bimodal","parametric",20,0.5,"EQC","eqc","ok",2.35407138227117e-10,0.527869149442154,24.7960000000003
"bec5a244cc_t60","3pl_g20","bimodal","parametric",20,0.6,"EQC","eqc","ok",2.07491235304502e-09,0.755271584294262,24.9579999999996
"bec5a244cc_t70","3pl_g20","bimodal","parametric",20,0.7,"EQC","eqc","ok",1.72027214695447e-09,0.987500048313317,22.8159999999998
"bec5a244cc_t80","3pl_g20","bimodal","parametric",20,0.8,"EQC","eqc","ok",2.27210883441131e-09,1.27292035397145,25.4059999999999
"bec5a244cc_t90","3pl_g20","bimodal","parametric",20,0.9,"EQC","eqc","ok",6.1641036719351e-10,2.5353101793655,24.3620000000001
"bec5a244cc_t95","3pl_g20","bimodal","parametric",20,0.95,"EQC","eqc","ok",1.93941196435787e-10,5.62166174326206,24.0610000000001
"c9eb5b038f_t50","rasch","normal","parametric",60,0.5,"EQC","eqc","ok",2.45043318969351e-10,0.262068351798396,43.0739999999996
"c9eb5b038f_t60","rasch","normal","parametric",60,0.6,"EQC","eqc","ok",1.2223738687922e-09,0.323253459770071,45.0009999999997
"c9eb5b038f_t70","rasch","normal","parametric",60,0.7,"EQC","eqc","ok",1.8507989585359e-09,0.409221758486187,43.7959999999998
"c9eb5b038f_t80","rasch","normal","parametric",60,0.8,"EQC","eqc","ok",2.32485675155658e-09,0.547094329831186,44.1709999999998
"c9eb5b038f_t90","rasch","normal","parametric",60,0.9,"EQC","eqc","ok",2.25575980117299e-09,0.873174773545063,43.0839999999998
"c9eb5b038f_t95","rasch","normal","parametric",60,0.95,"EQC","eqc","ok",9.63929491781812e-10,1.47782372503674,43.7539999999999
"cae4d8ac21_t50","rasch","bimodal","parametric",60,0.5,"EQC","eqc","ok",1.41744949111455e-10,0.262841330491427,37.471
"cae4d8ac21_t60","rasch","bimodal","parametric",60,0.6,"EQC","eqc","ok",1.02113084654576e-09,0.32367912416909,44.1940000000004
"cae4d8ac21_t70","rasch","bimodal","parametric",60,0.7,"EQC","eqc","ok",6.19684192848524e-10,0.410695043419559,42.8339999999998
"cae4d8ac21_t80","rasch","bimodal","parametric",60,0.8,"EQC","eqc","ok",3.54670459667972e-09,0.548064983332075,44.8130000000001
"cae4d8ac21_t90","rasch","bimodal","parametric",60,0.9,"EQC","eqc","ok",2.56855203772943e-10,0.900981075867678,43.3070000000002
"cae4d8ac21_t95","rasch","bimodal","parametric",60,0.95,"EQC","eqc","ok",6.01849348136341e-10,1.4642883048909,41.933
"d2798548f9_t50","3pl_g20","heavy_tail","parametric",10,0.5,"EQC","eqc","ok",9.79867187389516e-10,0.872236757442595,13.3069999999998
"d2798548f9_t60","3pl_g20","heavy_tail","parametric",10,0.6,"EQC","eqc","ok",1.76558068165633e-09,1.06688906320345,9.20400000000018
"d2798548f9_t70","3pl_g20","heavy_tail","parametric",10,0.7,"EQC","eqc","ok",2.68766231492634e-10,1.4286025619269,14.0170000000003
"d2798548f9_t80","3pl_g20","heavy_tail","parametric",10,0.8,"EQC","eqc","ok",1.27142385508705e-09,2.15962188503732,14.4810000000002
"d2798548f9_t90","3pl_g20","heavy_tail","parametric",10,0.9,"EQC","eqc","ok",9.47249612082146e-10,4.06059365024996,12.4990000000003
"d41c681147_t50","2pl","normal","parametric",10,0.5,"EQC","eqc","ok",8.16216538801484e-10,0.599112718068398,10.7979999999998
"d41c681147_t60","2pl","normal","parametric",10,0.6,"EQC","eqc","ok",1.63608249170721e-09,0.806830663751325,10.8360000000002
"d41c681147_t70","2pl","normal","parametric",10,0.7,"EQC","eqc","ok",1.90761795249017e-09,1.04887347344149,11.1619999999998
"d41c681147_t80","2pl","normal","parametric",10,0.8,"EQC","eqc","ok",7.21169901574115e-10,1.54342847139533,7.36099999999988
"d41c681147_t90","2pl","normal","parametric",10,0.9,"EQC","eqc","ok",6.39645003630562e-10,3.77681958246946,8.61300000000028
"d41c681147_t95","2pl","normal","parametric",10,0.95,"EQC","eqc","ok",3.76947029145924e-10,7.35345707762067,10.8700000000003
"d4e15da8e2_t50","2pl","normal","irw",60,0.5,"EQC","eqc","ok",2.7053470574856e-10,0.264591877966423,42.2910000000002
"d4e15da8e2_t60","2pl","normal","irw",60,0.6,"EQC","eqc","ok",7.48750950130272e-10,0.335445136777384,40.1109999999999
"d4e15da8e2_t70","2pl","normal","irw",60,0.7,"EQC","eqc","ok",6.50335563179283e-10,0.373263202575573,44.2069999999999
"d4e15da8e2_t80","2pl","normal","irw",60,0.8,"EQC","eqc","ok",5.48672218769752e-10,0.507087769432944,40.3600000000001
"d4e15da8e2_t90","2pl","normal","irw",60,0.9,"EQC","eqc","ok",1.03019359709577e-09,0.935072091185165,40.7570000000001
"d4e15da8e2_t95","2pl","normal","irw",60,0.95,"EQC","eqc","ok",5.55134382906886e-10,1.27708055307723,42.5830000000001
"d76fb115fe_t50","3pl_g20","skew_pos","irw",10,0.5,"EQC","eqc","ok",8.22199641703492e-10,1.07601751347875,14.02
"d76fb115fe_t60","3pl_g20","skew_pos","irw",10,0.6,"EQC","eqc","ok",1.15267817513143e-09,1.26936350003547,14.5360000000001
"d76fb115fe_t70","3pl_g20","skew_pos","irw",10,0.7,"EQC","eqc","ok",8.08692668385902e-10,1.67783768307645,14.578
"d76fb115fe_t80","3pl_g20","skew_pos","irw",10,0.8,"EQC","eqc","ok",5.80366532609844e-10,2.5800732554071,14.1089999999999
"d76fb115fe_t90","3pl_g20","skew_pos","irw",10,0.9,"EQC","eqc","ok",2.81904832810653e-10,3.72841061964529,13.8029999999999
"d9861a350b_t50","3pl_beta","skew_pos","parametric",40,0.5,"EQC","eqc","ok",1.23594245948766e-10,0.386719681647156,42.4990000000003
"d9861a350b_t60","3pl_beta","skew_pos","parametric",40,0.6,"EQC","eqc","ok",1.40078515453723e-09,0.442359402237598,43.431
"d9861a350b_t70","3pl_beta","skew_pos","parametric",40,0.7,"EQC","eqc","ok",2.53074372569273e-09,0.612900062682639,38.3309999999997
"d9861a350b_t80","3pl_beta","skew_pos","parametric",40,0.8,"EQC","eqc","ok",2.03708649948453e-09,0.842618722238076,39.9189999999999
"d9861a350b_t90","3pl_beta","skew_pos","parametric",40,0.9,"EQC","eqc","ok",1.15629805730322e-09,1.59287916154072,39.5830000000001
"d9861a350b_t95","3pl_beta","skew_pos","parametric",40,0.95,"EQC","eqc","ok",9.09082598088418e-09,3.10944258269449,34.2840000000001
"d9b7e34bfd_t50","3pl_beta","normal","parametric",60,0.5,"EQC","eqc","ok",4.38620473275364e-10,0.310654434313717,65.2350000000001
"d9b7e34bfd_t60","3pl_beta","normal","parametric",60,0.6,"EQC","eqc","ok",6.51001474949453e-10,0.388241056948083,60.2090000000003
"d9b7e34bfd_t70","3pl_beta","normal","parametric",60,0.7,"EQC","eqc","ok",6.31175223197999e-10,0.501264448921682,57.8119999999999
"d9b7e34bfd_t80","3pl_beta","normal","parametric",60,0.8,"EQC","eqc","ok",6.06907746281138e-10,0.651951259950931,57.0219999999999
"d9b7e34bfd_t90","3pl_beta","normal","parametric",60,0.9,"EQC","eqc","ok",8.26652302166053e-10,1.12946246856031,64.6369999999997
"d9b7e34bfd_t95","3pl_beta","normal","parametric",60,0.95,"EQC","eqc","ok",4.83674655882282e-10,1.96608519047532,59.0450000000001
"d9f9912361_t50","3pl_g20","normal","parametric",40,0.5,"EQC","eqc","ok",1.98016603114581e-10,0.368257467185109,43.1120000000001
"d9f9912361_t60","3pl_g20","normal","parametric",40,0.6,"EQC","eqc","ok",2.15972228989614e-09,0.46720415546523,44.1009999999997
"d9f9912361_t70","3pl_g20","normal","parametric",40,0.7,"EQC","eqc","ok",3.04627634228893e-09,0.63664096281773,39.5909999999999
"d9f9912361_t80","3pl_g20","normal","parametric",40,0.8,"EQC","eqc","ok",2.7114970269082e-09,0.840215183919603,44.4989999999998
"d9f9912361_t90","3pl_g20","normal","parametric",40,0.9,"EQC","eqc","ok",1.47185186261112e-09,1.4522812270231,44.1929999999998
"d9f9912361_t95","3pl_g20","normal","parametric",40,0.95,"EQC","eqc","ok",2.34447927738302e-09,2.72230564588093,44.2040000000002
"dd9d6dae8d_t50","2pl","skew_pos","irw",10,0.5,"EQC","eqc","ok",9.57955048619397e-10,0.654236773290111,11.2490000000003
"dd9d6dae8d_t60","2pl","skew_pos","irw",10,0.6,"EQC","eqc","ok",2.70749533903825e-10,1.70442753378065,11.201
"dd9d6dae8d_t70","2pl","skew_pos","irw",10,0.7,"EQC","eqc","ok",8.99993857217396e-10,2.02051492904281,9.57999999999993
"dd9d6dae8d_t80","2pl","skew_pos","irw",10,0.8,"EQC","eqc","ok",2.72043221283269e-09,1.51054170252089,11.2249999999999
"dd9d6dae8d_t90","2pl","skew_pos","irw",10,0.9,"EQC","eqc","ok",1.38750488876127e-09,2.91846880398695,9.87300000000005
"dd9d6dae8d_t95","2pl","skew_pos","irw",10,0.95,"EQC","eqc","ok",3.05721337134912e-10,4.97505596063029,9.2829999999999
"dfce2b64f4_t50","3pl_g20","heavy_tail","irw",40,0.5,"EQC","eqc","ok",1.03278885443814e-09,0.385062554284407,42.2920000000004
"dfce2b64f4_t60","3pl_g20","heavy_tail","irw",40,0.6,"EQC","eqc","ok",1.92266325083068e-09,0.41988329133259,40.0619999999999
"dfce2b64f4_t70","3pl_g20","heavy_tail","irw",40,0.7,"EQC","eqc","ok",2.32583718950963e-09,0.624809270935795,40.6170000000002
"dfce2b64f4_t80","3pl_g20","heavy_tail","irw",40,0.8,"EQC","eqc","ok",2.35580244201117e-09,0.835062768555149,46.7910000000002
"dfce2b64f4_t90","3pl_g20","heavy_tail","irw",40,0.9,"EQC","eqc","ok",5.56686474695312e-10,2.58350235240208,40.558
"dfce2b64f4_t95","3pl_g20","heavy_tail","irw",40,0.95,"EQC","eqc","ok",3.66270569429616e-10,7.28763187060926,41.9089999999997
"e0422750e1_t50","2pl","bimodal","parametric",60,0.5,"EQC","eqc","ok",2.37377228984315e-10,0.236123291465039,46.7719999999999
"e0422750e1_t60","2pl","bimodal","parametric",60,0.6,"EQC","eqc","ok",1.49608325727968e-09,0.290147180355228,43.6410000000001
"e0422750e1_t70","2pl","bimodal","parametric",60,0.7,"EQC","eqc","ok",1.95766858279711e-09,0.383350157840753,41.386
"e0422750e1_t80","2pl","bimodal","parametric",60,0.8,"EQC","eqc","ok",2.37582498119338e-09,0.512847605030172,44.4739999999997
"e0422750e1_t90","2pl","bimodal","parametric",60,0.9,"EQC","eqc","ok",2.13256401426776e-09,0.861942175565427,37.8009999999999
"e0422750e1_t95","2pl","bimodal","parametric",60,0.95,"EQC","eqc","ok",9.16260955996506e-10,1.32180540180338,47.77
"e1c3c9e4f3_t50","3pl_beta","skew_pos","irw",40,0.5,"EQC","eqc","ok",4.81068851421185e-10,0.395375074588117,40.2070000000003
"e1c3c9e4f3_t60","3pl_beta","skew_pos","irw",40,0.6,"EQC","eqc","ok",4.90958829146848e-10,0.500857737747049,33.6619999999998
"e1c3c9e4f3_t70","3pl_beta","skew_pos","irw",40,0.7,"EQC","eqc","ok",2.1188918397641e-09,0.792026522350355,40.2449999999999
"e1c3c9e4f3_t80","3pl_beta","skew_pos","irw",40,0.8,"EQC","eqc","ok",1.12892362125194e-09,0.84340726505537,40.7329999999997
"e1c3c9e4f3_t90","3pl_beta","skew_pos","irw",40,0.9,"EQC","eqc","ok",7.16563142155735e-10,1.38047560653241,30.2509999999997
"e1c3c9e4f3_t95","3pl_beta","skew_pos","irw",40,0.95,"EQC","eqc","ok",2.55157339701384e-10,3.0831844360355,44.0440000000003
"ec1be6f260_t50","3pl_g20","heavy_tail","parametric",60,0.5,"EQC","eqc","ok",3.80617759532242e-10,0.292728171302827,57.2950000000001
"ec1be6f260_t60","3pl_g20","heavy_tail","parametric",60,0.6,"EQC","eqc","ok",1.51158674466245e-09,0.350809392470999,57.21
"ec1be6f260_t70","3pl_g20","heavy_tail","parametric",60,0.7,"EQC","eqc","ok",2.63162980296272e-09,0.469984887159911,57.8340000000003
"ec1be6f260_t80","3pl_g20","heavy_tail","parametric",60,0.8,"EQC","eqc","ok",-3.30602809572866e-08,0.677724557095645,54.7709999999997
"ec1be6f260_t90","3pl_g20","heavy_tail","parametric",60,0.9,"EQC","eqc","ok",7.16170123205018e-10,1.18041878975082,61.6799999999998
"ec1be6f260_t95","3pl_g20","heavy_tail","parametric",60,0.95,"EQC","eqc","ok",2.20694351682482e-10,1.93305794055034,59.1180000000004
"ec99a4118e_t50","rasch","skew_pos","parametric",40,0.5,"EQC","eqc","ok",3.15173331877361e-10,0.324024048949972,29.8150000000001
"ec99a4118e_t60","rasch","skew_pos","parametric",40,0.6,"EQC","eqc","ok",1.72961170941122e-08,0.407023648722378,31.056
"ec99a4118e_t70","rasch","skew_pos","parametric",40,0.7,"EQC","eqc","ok",2.96858659876165e-09,0.522806471193188,31.6670000000004
"ec99a4118e_t80","rasch","skew_pos","parametric",40,0.8,"EQC","eqc","ok",3.43030215343987e-09,0.678596114123026,32.0690000000004
"ec99a4118e_t90","rasch","skew_pos","parametric",40,0.9,"EQC","eqc","ok",1.33648025979483e-09,1.15940688964765,31.3740000000003
"ec99a4118e_t95","rasch","skew_pos","parametric",40,0.95,"EQC","eqc","ok",5.78428749342663e-10,1.87098781346463,28.123
"f0bf345638_t50","3pl_beta","bimodal","irw",20,0.5,"EQC","eqc","ok",2.60228616433267e-10,0.707721037268013,25.105
"f0bf345638_t60","3pl_beta","bimodal","irw",20,0.6,"EQC","eqc","ok",2.23207341498721e-10,0.68847406530107,24.3959999999997
"f0bf345638_t70","3pl_beta","bimodal","irw",20,0.7,"EQC","eqc","ok",2.39434805315852e-10,1.37925078039202,25.9390000000003
"f0bf345638_t80","3pl_beta","bimodal","irw",20,0.8,"EQC","eqc","ok",5.93420423911084e-10,1.31414590826593,19.6900000000001
"f0bf345638_t90","3pl_beta","bimodal","irw",20,0.9,"EQC","eqc","ok",5.98172067434177e-10,2.50767776994308,24.1990000000001
"f0bf345638_t95","3pl_beta","bimodal","irw",20,0.95,"EQC","eqc","ok",3.87226473108626e-10,6.527511948658,24.547
"f1ffd2e9cb_t50","rasch","heavy_tail","irw",40,0.5,"EQC","eqc","ok",3.62811447551792e-10,0.326766989722341,25.4200000000001
"f1ffd2e9cb_t60","rasch","heavy_tail","irw",40,0.6,"EQC","eqc","ok",8.2626305797362e-09,0.398532076176608,29.8429999999998
"f1ffd2e9cb_t70","rasch","heavy_tail","irw",40,0.7,"EQC","eqc","ok",3.24827476028133e-09,0.509431578559764,21.2060000000001
"f1ffd2e9cb_t80","rasch","heavy_tail","irw",40,0.8,"EQC","eqc","ok",2.78598399905405e-09,0.763162148907503,20.8420000000001
"f1ffd2e9cb_t90","rasch","heavy_tail","irw",40,0.9,"EQC","eqc","ok",2.5799795633219e-10,1.12468118355946,21.7710000000002
"f1ffd2e9cb_t95","rasch","heavy_tail","irw",40,0.95,"EQC","eqc","ok",5.16245490800316e-10,2.44063057999232,28.1599999999999
"fc718aeb3f_t50","2pl","skew_pos","irw",60,0.5,"EQC","eqc","ok",4.36678693205295e-10,0.236567329705542,33.1570000000002
"fc718aeb3f_t60","2pl","skew_pos","irw",60,0.6,"EQC","eqc","ok",1.97857130679324e-09,0.309231256408279,41.6010000000001
"fc718aeb3f_t70","2pl","skew_pos","irw",60,0.7,"EQC","eqc","ok",1.40957046035339e-09,0.370771668299509,40.0750000000003
"fc718aeb3f_t80","2pl","skew_pos","irw",60,0.8,"EQC","eqc","ok",3.07715752878579e-09,0.512603216119605,40.0209999999997
"fc718aeb3f_t90","2pl","skew_pos","irw",60,0.9,"EQC","eqc","ok",8.0261242096924e-10,0.872782175673613,41.145
"fc718aeb3f_t95","2pl","skew_pos","irw",60,0.95,"EQC","eqc","ok",4.48937331753996e-10,1.37534969633206,41.2750000000001
"fdb6cca665_t50","2pl","heavy_tail","parametric",10,0.5,"EQC","eqc","ok",6.53902487712799e-10,0.594745224391314,11.2279999999996
"fdb6cca665_t60","2pl","heavy_tail","parametric",10,0.6,"EQC","eqc","ok",1.00792341140021e-09,0.86861391539594,10.9609999999998
"fdb6cca665_t70","2pl","heavy_tail","parametric",10,0.7,"EQC","eqc","ok",2.02939420823611e-09,1.14773347277397,11.0530000000003
"fdb6cca665_t80","2pl","heavy_tail","parametric",10,0.8,"EQC","eqc","ok",1.95516269840823e-09,1.72546618661338,10.7179999999998
"fdb6cca665_t90","2pl","heavy_tail","parametric",10,0.9,"EQC","eqc","ok",1.21236587435902e-09,3.06121283406735,11.0219999999999
"fdb6cca665_t95","2pl","heavy_tail","parametric",10,0.95,"EQC","eqc","ok",3.46248030247409e-10,5.7849594159288,7.17000000000007
"fe0b351b23_t50","rasch","heavy_tail","parametric",40,0.5,"EQC","eqc","ok",3.87454290873279e-10,0.328050354473862,28.3490000000002
"fe0b351b23_t60","rasch","heavy_tail","parametric",40,0.6,"EQC","eqc","ok",1.76033998489089e-09,0.395663423407592,28.6280000000002
"fe0b351b23_t70","rasch","heavy_tail","parametric",40,0.7,"EQC","eqc","ok",2.45833031708997e-09,0.503920960162874,28.6680000000001
"fe0b351b23_t80","rasch","heavy_tail","parametric",40,0.8,"EQC","eqc","ok",3.33626659632102e-09,0.678590896940158,27.1480000000001
"fe0b351b23_t90","rasch","heavy_tail","parametric",40,0.9,"EQC","eqc","ok",6.18909146155033e-10,1.15027448835203,27.9580000000001
"fe0b351b23_t95","rasch","heavy_tail","parametric",40,0.95,"EQC","eqc","ok",6.86512513503601e-10,1.96945455644551,27.7750000000001
"ff73e40c19_t50","3pl_beta","skew_pos","parametric",20,0.5,"EQC","eqc","ok",8.99752716776447e-10,0.608998902815792,24.3229999999999
"ff73e40c19_t60","3pl_beta","skew_pos","parametric",20,0.6,"EQC","eqc","ok",8.1849449440341e-10,0.695653817028398,23.1410000000001
"ff73e40c19_t70","3pl_beta","skew_pos","parametric",20,0.7,"EQC","eqc","ok",1.90850801828901e-09,1.03540338355436,24.29
"ff73e40c19_t80","3pl_beta","skew_pos","parametric",20,0.8,"EQC","eqc","ok",1.98286564945249e-09,1.58756522070511,23.2060000000001
"ff73e40c19_t90","3pl_beta","skew_pos","parametric",20,0.9,"EQC","eqc","ok",1.01309260980287e-09,2.97973839740597,23.797
"ff73e40c19_t95","3pl_beta","skew_pos","parametric",20,0.95,"EQC","eqc","ok",3.09705705525687e-10,5.53837548633282,20.3009999999999
"02b3452297_t50","3pl_g20","bimodal","irw",10,0.5,"SAC (rho-tilde)","sac_info","ok",0.000440397837906503,0.773983581867809,16.789
"02b3452297_t60","3pl_g20","bimodal","irw",10,0.6,"SAC (rho-tilde)","sac_info","ok",-0.000516828654763213,1.21886478385355,11.771
"02b3452297_t70","3pl_g20","bimodal","irw",10,0.7,"SAC (rho-tilde)","sac_info","ok",-0.00207875977118877,1.5403915275862,15.686
"02b3452297_t80","3pl_g20","bimodal","irw",10,0.8,"SAC (rho-tilde)","sac_info","ok",0.0163437684775214,2.12202064348146,16.18
"02b3452297_t90","3pl_g20","bimodal","irw",10,0.9,"SAC (rho-tilde)","sac_info","ok",0.00341324965994971,4.96113166223714,16.206
"04610ec557_t50","3pl_beta","bimodal","parametric",60,0.5,"SAC (rho-tilde)","sac_info","ok",9.66775267963182e-06,0.317447270504798,53.197
"04610ec557_t60","3pl_beta","bimodal","parametric",60,0.6,"SAC (rho-tilde)","sac_info","ok",6.58453957178562e-05,0.383392817683771,52.589
"04610ec557_t70","3pl_beta","bimodal","parametric",60,0.7,"SAC (rho-tilde)","sac_info","ok",9.33981035065035e-05,0.478356492626295,53.1
"04610ec557_t80","3pl_beta","bimodal","parametric",60,0.8,"SAC (rho-tilde)","sac_info","ok",-0.000134305439817406,0.669505940835813,52.716
"04610ec557_t90","3pl_beta","bimodal","parametric",60,0.9,"SAC (rho-tilde)","sac_info","ok",0.00376078672330848,1.15651624170231,51.521
"04610ec557_t95","3pl_beta","bimodal","parametric",60,0.95,"SAC (rho-tilde)","sac_info","ok",-0.00221594515466339,2.1525044786529,51.426
"04740a439d_t50","3pl_g20","normal","irw",40,0.5,"SAC (rho-tilde)","sac_info","ok",0.00022322101915373,0.390257879223039,38.559
"04740a439d_t60","3pl_g20","normal","irw",40,0.6,"SAC (rho-tilde)","sac_info","ok",0.000171547666491523,0.455415233934333,37.083
"04740a439d_t70","3pl_g20","normal","irw",40,0.7,"SAC (rho-tilde)","sac_info","ok",0.000130793376979299,0.593930344135634,38.626
"04740a439d_t80","3pl_g20","normal","irw",40,0.8,"SAC (rho-tilde)","sac_info","ok",-0.000143725163840203,0.868508888980183,38.589
"04740a439d_t90","3pl_g20","normal","irw",40,0.9,"SAC (rho-tilde)","sac_info","ok",0.00490641687579518,1.56468272776889,40.921
"04740a439d_t95","3pl_g20","normal","irw",40,0.95,"SAC (rho-tilde)","sac_info","ok",-0.00214081056588433,3.08574164117322,37.396
"06d3001967_t50","2pl","bimodal","irw",60,0.5,"SAC (rho-tilde)","sac_info","ok",7.79929140389823e-05,0.244442270950784,39.884
"06d3001967_t60","2pl","bimodal","irw",60,0.6,"SAC (rho-tilde)","sac_info","ok",5.46149152047537e-06,0.307962400653801,28.602
"06d3001967_t70","2pl","bimodal","irw",60,0.7,"SAC (rho-tilde)","sac_info","ok",6.17166973859717e-07,0.365858517602109,40.001
"06d3001967_t80","2pl","bimodal","irw",60,0.8,"SAC (rho-tilde)","sac_info","ok",2.34758740355057e-05,0.527761291861484,39.46
"06d3001967_t90","2pl","bimodal","irw",60,0.9,"SAC (rho-tilde)","sac_info","ok",0.000711710248048059,0.770277815014306,39.514
"06d3001967_t95","2pl","bimodal","irw",60,0.95,"SAC (rho-tilde)","sac_info","ok",0.0134406874905525,1.68299273028189,38.709
"06daf6086f_t50","2pl","normal","irw",40,0.5,"SAC (rho-tilde)","sac_info","ok",-0.000103253977262463,0.299552786789919,30.701
"06daf6086f_t60","2pl","normal","irw",40,0.6,"SAC (rho-tilde)","sac_info","ok",0.000147385436035763,0.392652353369753,21.954
"06daf6086f_t70","2pl","normal","irw",40,0.7,"SAC (rho-tilde)","sac_info","ok",3.17217334495634e-05,0.474641008744199,29.498
"06daf6086f_t80","2pl","normal","irw",40,0.8,"SAC (rho-tilde)","sac_info","ok",9.16176442905536e-05,0.678133336143453,28.361
"06daf6086f_t90","2pl","normal","irw",40,0.9,"SAC (rho-tilde)","sac_info","ok",-0.00119795831370006,1.10832881093699,28.802
"06daf6086f_t95","2pl","normal","irw",40,0.95,"SAC (rho-tilde)","sac_info","ok",-0.0334260610198636,2.56798663230401,29.15
"0b1e3eca87_t50","2pl","skew_pos","irw",20,0.5,"SAC (rho-tilde)","sac_info","ok",-0.000143889338922343,0.467607290810055,20.389
"0b1e3eca87_t60","2pl","skew_pos","irw",20,0.6,"SAC (rho-tilde)","sac_info","ok",0.000261577745508945,0.540989590439139,18.16
"0b1e3eca87_t70","2pl","skew_pos","irw",20,0.7,"SAC (rho-tilde)","sac_info","ok",0.000749564118594948,0.70373331798903,19.041
"0b1e3eca87_t80","2pl","skew_pos","irw",20,0.8,"SAC (rho-tilde)","sac_info","ok",-0.00259759736421616,1.29061013214468,19.244
"0b1e3eca87_t90","2pl","skew_pos","irw",20,0.9,"SAC (rho-tilde)","sac_info","ok",0.00192496789510344,1.68260351489879,18.942
"0b1e3eca87_t95","2pl","skew_pos","irw",20,0.95,"SAC (rho-tilde)","sac_info","ok",0.00233135826526243,3.22163726741018,18.875
"0b89051a31_t50","2pl","heavy_tail","parametric",20,0.5,"SAC (rho-tilde)","sac_info","ok",0.000116223584699537,0.439259938905942,17.107
"0b89051a31_t60","2pl","heavy_tail","parametric",20,0.6,"SAC (rho-tilde)","sac_info","ok",4.84652213074144e-05,0.473531630369603,18.716
"0b89051a31_t70","2pl","heavy_tail","parametric",20,0.7,"SAC (rho-tilde)","sac_info","ok",-0.000406677997873084,0.787548912759923,18.434
"0b89051a31_t80","2pl","heavy_tail","parametric",20,0.8,"SAC (rho-tilde)","sac_info","ok",0.000305030619228042,0.976202321909063,18.427
"0b89051a31_t90","2pl","heavy_tail","parametric",20,0.9,"SAC (rho-tilde)","sac_info","ok",0.00424727443290818,1.79448991407056,16.812
"0b89051a31_t95","2pl","heavy_tail","parametric",20,0.95,"SAC (rho-tilde)","sac_info","ok",-0.00157430822072535,3.09560680608781,19.003
"0c107a9212_t50","rasch","normal","irw",10,0.5,"SAC (rho-tilde)","sac_info","ok",-0.000324585403102706,0.758837680591607,11.961
"0c107a9212_t60","rasch","normal","irw",10,0.6,"SAC (rho-tilde)","sac_info","ok",0.000563219334977605,0.898265535207798,12.175
"0c107a9212_t70","rasch","normal","irw",10,0.7,"SAC (rho-tilde)","sac_info","ok",-0.00943767808232121,1.74951464990561,12.657
"0c107a9212_t80","rasch","normal","irw",10,0.8,"SAC (rho-tilde)","sac_info","ok",-0.000131338139752524,1.60501520982129,8.31299999999999
"0c107a9212_t90","rasch","normal","irw",10,0.9,"SAC (rho-tilde)","sac_info","ok",0.00699592921174441,3.3042776052041,12.3
"0c107a9212_t95","rasch","normal","irw",10,0.95,"SAC (rho-tilde)","sac_info","ok",0.0104347981696633,6.78576780306787,12.63
"0cb9abf03b_t50","3pl_g20","bimodal","irw",20,0.5,"SAC (rho-tilde)","sac_info","ok",-4.69255793397183e-05,0.561123512476299,24.481
"0cb9abf03b_t60","3pl_g20","bimodal","irw",20,0.6,"SAC (rho-tilde)","sac_info","ok",2.84478456403781e-05,0.694125406076995,22.273
"0cb9abf03b_t70","3pl_g20","bimodal","irw",20,0.7,"SAC (rho-tilde)","sac_info","ok",-0.000191271760123679,0.830072311209111,21.237
"0cb9abf03b_t80","3pl_g20","bimodal","irw",20,0.8,"SAC (rho-tilde)","sac_info","ok",-0.00655363670632936,1.61720484432345,21.815
"0cb9abf03b_t90","3pl_g20","bimodal","irw",20,0.9,"SAC (rho-tilde)","sac_info","ok",-0.00706528255625738,2.7697372074669,21.809
"0cb9abf03b_t95","3pl_g20","bimodal","irw",20,0.95,"SAC (rho-tilde)","sac_info","ok",-0.00290982560647912,4.83891444290115,21.708
"14bd911f19_t50","3pl_g20","normal","parametric",60,0.5,"SAC (rho-tilde)","sac_info","ok",-6.05840915152145e-05,0.30101643703741,47.805
"14bd911f19_t60","3pl_g20","normal","parametric",60,0.6,"SAC (rho-tilde)","sac_info","ok",8.33706204577123e-05,0.372878541090063,52.089
"14bd911f19_t70","3pl_g20","normal","parametric",60,0.7,"SAC (rho-tilde)","sac_info","ok",-7.19713831650592e-05,0.487227403106612,50.343
"14bd911f19_t80","3pl_g20","normal","parametric",60,0.8,"SAC (rho-tilde)","sac_info","ok",4.06581412706331e-05,0.672309229167357,53.28
"14bd911f19_t90","3pl_g20","normal","parametric",60,0.9,"SAC (rho-tilde)","sac_info","ok",-0.00177161009058457,1.16780207017165,46.032
"14bd911f19_t95","3pl_g20","normal","parametric",60,0.95,"SAC (rho-tilde)","sac_info","ok",0.00508285478009829,1.99080500850826,48.522
"1626b4659e_t50","3pl_beta","heavy_tail","parametric",20,0.5,"SAC (rho-tilde)","sac_info","ok",-0.000220914583555887,0.595061578362422,23.796
"1626b4659e_t60","3pl_beta","heavy_tail","parametric",20,0.6,"SAC (rho-tilde)","sac_info","ok",0.000321173452081491,0.782952886855189,14.893
"1626b4659e_t70","3pl_beta","heavy_tail","parametric",20,0.7,"SAC (rho-tilde)","sac_info","ok",-0.000102123134212317,1.01225506940098,21.828
"1626b4659e_t80","3pl_beta","heavy_tail","parametric",20,0.8,"SAC (rho-tilde)","sac_info","ok",-0.00108210583052271,1.34854297596238,22.975
"1626b4659e_t90","3pl_beta","heavy_tail","parametric",20,0.9,"SAC (rho-tilde)","sac_info","ok",0.0119435559610298,3.02352894877208,24.208
"1626b4659e_t95","3pl_beta","heavy_tail","parametric",20,0.95,"SAC (rho-tilde)","sac_info","ok",0.00325321901422393,4.98015405287381,21.451
"172403d058_t50","2pl","bimodal","parametric",20,0.5,"SAC (rho-tilde)","sac_info","ok",4.16934421293425e-05,0.412546014646315,20.33
"172403d058_t60","2pl","bimodal","parametric",20,0.6,"SAC (rho-tilde)","sac_info","ok",-4.39931858012832e-05,0.605042832963947,20.085
"172403d058_t70","2pl","bimodal","parametric",20,0.7,"SAC (rho-tilde)","sac_info","ok",0.000165382784925838,0.69932263256297,19.436
"172403d058_t80","2pl","bimodal","parametric",20,0.8,"SAC (rho-tilde)","sac_info","ok",9.55063957397417e-05,0.92079679056881,17.907
"172403d058_t90","2pl","bimodal","parametric",20,0.9,"SAC (rho-tilde)","sac_info","ok",0.00667343815120369,1.77820912073571,19.036
"172403d058_t95","2pl","bimodal","parametric",20,0.95,"SAC (rho-tilde)","sac_info","ok",0.00385599386564983,3.84894378063807,17.036
"1943c867d2_t50","3pl_beta","normal","irw",40,0.5,"SAC (rho-tilde)","sac_info","ok",0.00027330439034956,0.421159523202423,38.191
"1943c867d2_t60","3pl_beta","normal","irw",40,0.6,"SAC (rho-tilde)","sac_info","ok",-3.51857142999457e-06,0.509568045407991,35.794
"1943c867d2_t70","3pl_beta","normal","irw",40,0.7,"SAC (rho-tilde)","sac_info","ok",0.000546524393997827,0.61389919243851,38.781
"1943c867d2_t80","3pl_beta","normal","irw",40,0.8,"SAC (rho-tilde)","sac_info","ok",5.27527055002031e-05,0.8166991343255,29.238
"1943c867d2_t90","3pl_beta","normal","irw",40,0.9,"SAC (rho-tilde)","sac_info","ok",-0.00442647035951149,1.61784457176756,34.034
"1b91cd0420_t50","3pl_g20","normal","parametric",20,0.5,"SAC (rho-tilde)","sac_info","ok",-0.00016795958436211,0.55622898524845,21.043
"1b91cd0420_t60","3pl_g20","normal","parametric",20,0.6,"SAC (rho-tilde)","sac_info","ok",3.45295133485912e-06,0.69518025409151,21.397
"1b91cd0420_t70","3pl_g20","normal","parametric",20,0.7,"SAC (rho-tilde)","sac_info","ok",0.000223180760605901,0.889477942216054,21.781
"1b91cd0420_t80","3pl_g20","normal","parametric",20,0.8,"SAC (rho-tilde)","sac_info","ok",0.00028341975130064,1.36657623640461,20.865
"1b91cd0420_t90","3pl_g20","normal","parametric",20,0.9,"SAC (rho-tilde)","sac_info","ok",-0.0178153747588519,2.66014250888913,20.885
"1b91cd0420_t95","3pl_g20","normal","parametric",20,0.95,"SAC (rho-tilde)","sac_info","ok",0.00872285922393823,5.51907621196294,23.378
"1fc52b1d1d_t50","rasch","heavy_tail","parametric",10,0.5,"SAC (rho-tilde)","sac_info","ok",-0.000156025069781518,0.700480357018736,11.998
"1fc52b1d1d_t60","rasch","heavy_tail","parametric",10,0.6,"SAC (rho-tilde)","sac_info","ok",0.00022313539086416,0.861182078226168,12.319
"1fc52b1d1d_t70","rasch","heavy_tail","parametric",10,0.7,"SAC (rho-tilde)","sac_info","ok",-0.000310150099956386,1.21626981512301,13.469
"1fc52b1d1d_t80","rasch","heavy_tail","parametric",10,0.8,"SAC (rho-tilde)","sac_info","ok",-0.0058052433976703,1.93204560705745,13.397
"1fc52b1d1d_t90","rasch","heavy_tail","parametric",10,0.9,"SAC (rho-tilde)","sac_info","ok",-0.0146465888823779,3.59281192374143,12.311
"1fc52b1d1d_t95","rasch","heavy_tail","parametric",10,0.95,"SAC (rho-tilde)","sac_info","ok",0.00655767401937957,7.6180854653091,13.884
"1ff08ae892_t50","rasch","bimodal","parametric",20,0.5,"SAC (rho-tilde)","sac_info","ok",0.000194739630664853,0.466349912426743,18.47
"1ff08ae892_t60","rasch","bimodal","parametric",20,0.6,"SAC (rho-tilde)","sac_info","ok",3.23875416021746e-05,0.592434914838989,18.693
"1ff08ae892_t70","rasch","bimodal","parametric",20,0.7,"SAC (rho-tilde)","sac_info","ok",0.000110790120653403,0.764171621318384,19.389
"1ff08ae892_t80","rasch","bimodal","parametric",20,0.8,"SAC (rho-tilde)","sac_info","ok",0.00019912654345966,1.06155441999855,18.363
"1ff08ae892_t90","rasch","bimodal","parametric",20,0.9,"SAC (rho-tilde)","sac_info","ok",-0.000698055894497673,1.96066485647425,18.316
"1ff08ae892_t95","rasch","bimodal","parametric",20,0.95,"SAC (rho-tilde)","sac_info","ok",-0.00120574443078947,3.50346614642854,18.79
"20cb785fe3_t50","3pl_beta","skew_pos","irw",20,0.5,"SAC (rho-tilde)","sac_info","ok",0.000236273496821204,0.590791997563551,21.605
"20cb785fe3_t60","3pl_beta","skew_pos","irw",20,0.6,"SAC (rho-tilde)","sac_info","ok",-2.31472260596721e-05,0.748235094778698,21.868
"20cb785fe3_t70","3pl_beta","skew_pos","irw",20,0.7,"SAC (rho-tilde)","sac_info","ok",0.00118098683095091,0.997141711854446,19.783
"20cb785fe3_t80","3pl_beta","skew_pos","irw",20,0.8,"SAC (rho-tilde)","sac_info","ok",-0.0150585824003454,2.05611907893587,21.109
"20cb785fe3_t90","3pl_beta","skew_pos","irw",20,0.9,"SAC (rho-tilde)","sac_info","ok",0.00633692104222772,2.24960472944448,21.765
"20cb785fe3_t95","3pl_beta","skew_pos","irw",20,0.95,"SAC (rho-tilde)","sac_info","ok",0.00478213267005145,4.41194413255708,22.992
"246dc3282c_t50","2pl","normal","irw",20,0.5,"SAC (rho-tilde)","sac_info","ok",-0.00010704063175232,0.444578971341472,18.796
"246dc3282c_t60","2pl","normal","irw",20,0.6,"SAC (rho-tilde)","sac_info","ok",0.000114004869089523,0.518033310002735,19.293
"246dc3282c_t70","2pl","normal","irw",20,0.7,"SAC (rho-tilde)","sac_info","ok",-0.000240012867378958,0.678565754221367,18.029
"246dc3282c_t80","2pl","normal","irw",20,0.8,"SAC (rho-tilde)","sac_info","ok",-0.00364021435368245,1.28037079542033,15.174
"246dc3282c_t90","2pl","normal","irw",20,0.9,"SAC (rho-tilde)","sac_info","ok",-0.00377681307046751,1.80238211722881,15.934
"246dc3282c_t95","2pl","normal","irw",20,0.95,"SAC (rho-tilde)","sac_info","ok",0.0100606699780335,3.58499855776747,17.017
"25e594cb46_t50","rasch","skew_pos","parametric",20,0.5,"SAC (rho-tilde)","sac_info","ok",-2.15513516207411e-05,0.471166875014987,17.555
"25e594cb46_t60","rasch","skew_pos","parametric",20,0.6,"SAC (rho-tilde)","sac_info","ok",0.000140657728738725,0.587787469250678,17.779
"25e594cb46_t70","rasch","skew_pos","parametric",20,0.7,"SAC (rho-tilde)","sac_info","ok",-0.000138937726628208,0.779656992404912,17.621
"25e594cb46_t80","rasch","skew_pos","parametric",20,0.8,"SAC (rho-tilde)","sac_info","ok",-0.000254197645932819,1.04354035471456,17.938
"25e594cb46_t90","rasch","skew_pos","parametric",20,0.9,"SAC (rho-tilde)","sac_info","ok",-0.00746626635321967,1.99752057825795,17.509
"25e594cb46_t95","rasch","skew_pos","parametric",20,0.95,"SAC (rho-tilde)","sac_info","ok",-0.00299892659682843,3.73433596956335,15.625
"25edfd16b9_t50","3pl_beta","bimodal","parametric",10,0.5,"SAC (rho-tilde)","sac_info","ok",-0.000710452961410979,0.979450116297287,14.241
"25edfd16b9_t60","3pl_beta","bimodal","parametric",10,0.6,"SAC (rho-tilde)","sac_info","ok",-0.00112175157667294,1.46185449846244,14.152
"25edfd16b9_t70","3pl_beta","bimodal","parametric",10,0.7,"SAC (rho-tilde)","sac_info","ok",0.00468980116364737,1.52024860908726,14.362
"25edfd16b9_t80","3pl_beta","bimodal","parametric",10,0.8,"SAC (rho-tilde)","sac_info","ok",0.0211058886004837,2.79607392182051,14.396
"25edfd16b9_t90","3pl_beta","bimodal","parametric",10,0.9,"SAC (rho-tilde)","sac_info","ok",0.0243233131385284,5.6475761375763,13.591
"29362a6023_t50","rasch","normal","irw",60,0.5,"SAC (rho-tilde)","sac_info","ok",1.8650331497172e-05,0.265603554000205,21.176
"29362a6023_t60","rasch","normal","irw",60,0.6,"SAC (rho-tilde)","sac_info","ok",5.53205222917352e-05,0.349412844690721,20.462
"29362a6023_t70","rasch","normal","irw",60,0.7,"SAC (rho-tilde)","sac_info","ok",7.68182348176438e-07,0.407444601286694,19.782
"29362a6023_t80","rasch","normal","irw",60,0.8,"SAC (rho-tilde)","sac_info","ok",-0.000237434913880286,0.533975869339657,39.336
"29362a6023_t90","rasch","normal","irw",60,0.9,"SAC (rho-tilde)","sac_info","ok",-0.00167301795410735,0.973173191742501,38.032
"29362a6023_t95","rasch","normal","irw",60,0.95,"SAC (rho-tilde)","sac_info","ok",0.00218590715285893,1.52628131828571,35.528
"2fb704c2a3_t50","rasch","heavy_tail","irw",20,0.5,"SAC (rho-tilde)","sac_info","ok",-3.6930550878056e-05,0.511939787504303,13.482
"2fb704c2a3_t60","rasch","heavy_tail","irw",20,0.6,"SAC (rho-tilde)","sac_info","ok",1.10515409952328e-05,0.581200256996898,19.548
"2fb704c2a3_t70","rasch","heavy_tail","irw",20,0.7,"SAC (rho-tilde)","sac_info","ok",-0.000274426314987752,0.786814132321393,19.275
"2fb704c2a3_t80","rasch","heavy_tail","irw",20,0.8,"SAC (rho-tilde)","sac_info","ok",-0.00334237493177092,1.27841101601924,18.458
"2fb704c2a3_t90","rasch","heavy_tail","irw",20,0.9,"SAC (rho-tilde)","sac_info","ok",-0.010780077535363,1.97212716648801,19.241
"2fb704c2a3_t95","rasch","heavy_tail","irw",20,0.95,"SAC (rho-tilde)","sac_info","ok",0.00271553453328921,6.59450319720414,18.35
"308cc8c2c0_t50","3pl_beta","normal","irw",20,0.5,"SAC (rho-tilde)","sac_info","ok",0.000143741106257478,0.646365230719457,22.851
"308cc8c2c0_t60","3pl_beta","normal","irw",20,0.6,"SAC (rho-tilde)","sac_info","ok",-0.00713474346833065,1.38666226244542,22.897
"308cc8c2c0_t70","3pl_beta","normal","irw",20,0.7,"SAC (rho-tilde)","sac_info","ok",-0.00184703390403518,1.33441628332422,22.427
"308cc8c2c0_t80","3pl_beta","normal","irw",20,0.8,"SAC (rho-tilde)","sac_info","ok",0.00246256597257755,1.49990254385652,20.558
"308cc8c2c0_t90","3pl_beta","normal","irw",20,0.9,"SAC (rho-tilde)","sac_info","ok",-0.00319948428741446,2.73136276699701,22.788
"3417acd99c_t50","3pl_g20","bimodal","irw",60,0.5,"SAC (rho-tilde)","sac_info","ok",-4.69719359721954e-05,0.329536608480767,53.4349999999999
"3417acd99c_t60","3pl_g20","bimodal","irw",60,0.6,"SAC (rho-tilde)","sac_info","ok",-9.44295959055541e-05,0.43431159364908,50.535
"3417acd99c_t70","3pl_g20","bimodal","irw",60,0.7,"SAC (rho-tilde)","sac_info","ok",-0.000174291789491021,0.471901800238596,52.865
"3417acd99c_t80","3pl_g20","bimodal","irw",60,0.8,"SAC (rho-tilde)","sac_info","ok",-0.000300686489119628,0.773104564753518,48.713
"3417acd99c_t90","3pl_g20","bimodal","irw",60,0.9,"SAC (rho-tilde)","sac_info","ok",0.00252080715520964,1.43269716537107,51.511
"3417acd99c_t95","3pl_g20","bimodal","irw",60,0.95,"SAC (rho-tilde)","sac_info","ok",-0.0124063395020836,2.32784485833522,49.429
"35a1489e91_t50","3pl_beta","skew_pos","parametric",60,0.5,"SAC (rho-tilde)","sac_info","ok",-8.56275430164422e-05,0.303344025307149,53.779
"35a1489e91_t60","3pl_beta","skew_pos","parametric",60,0.6,"SAC (rho-tilde)","sac_info","ok",-7.2796269201203e-05,0.383932868713022,52.305
"35a1489e91_t70","3pl_beta","skew_pos","parametric",60,0.7,"SAC (rho-tilde)","sac_info","ok",0.000163309632125963,0.476227620988071,51.648
"35a1489e91_t80","3pl_beta","skew_pos","parametric",60,0.8,"SAC (rho-tilde)","sac_info","ok",3.20585872837231e-05,0.689383096130634,48.1940000000001
"35a1489e91_t90","3pl_beta","skew_pos","parametric",60,0.9,"SAC (rho-tilde)","sac_info","ok",0.000319778558469319,1.12486636891012,51.586
"35a1489e91_t95","3pl_beta","skew_pos","parametric",60,0.95,"SAC (rho-tilde)","sac_info","ok",0.00733401887766061,2.0306008648058,49.627
"36956c5526_t50","rasch","bimodal","parametric",10,0.5,"SAC (rho-tilde)","sac_info","ok",0.000228876691760305,0.678576066531625,13.585
"36956c5526_t60","rasch","bimodal","parametric",10,0.6,"SAC (rho-tilde)","sac_info","ok",0.000123100426058564,0.864289254957121,13.841
"36956c5526_t70","rasch","bimodal","parametric",10,0.7,"SAC (rho-tilde)","sac_info","ok",-0.000271648673285663,1.11806029193715,13.793
"36956c5526_t80","rasch","bimodal","parametric",10,0.8,"SAC (rho-tilde)","sac_info","ok",-0.00170357282716604,1.72124365703189,13.43
"36956c5526_t90","rasch","bimodal","parametric",10,0.9,"SAC (rho-tilde)","sac_info","ok",-0.00847296318171564,3.45445918376048,12.789
"36956c5526_t95","rasch","bimodal","parametric",10,0.95,"SAC (rho-tilde)","sac_info","ok",0.00959378947145684,8.676219322498,8.86600000000004
"36bd71fd25_t50","2pl","bimodal","irw",20,0.5,"SAC (rho-tilde)","sac_info","ok",-5.20251591522025e-05,0.421224377755584,19.616
"36bd71fd25_t60","2pl","bimodal","irw",20,0.6,"SAC (rho-tilde)","sac_info","ok",0.000226439182364979,0.571458591718696,12.526
"36bd71fd25_t70","2pl","bimodal","irw",20,0.7,"SAC (rho-tilde)","sac_info","ok",0.000425855506142825,0.662318580725323,19.496
"36bd71fd25_t80","2pl","bimodal","irw",20,0.8,"SAC (rho-tilde)","sac_info","ok",0.00163306808850183,0.884231809075127,12.972
"36bd71fd25_t90","2pl","bimodal","irw",20,0.9,"SAC (rho-tilde)","sac_info","ok",-0.0354439450382734,2.55079956198016,18.765
"36bd71fd25_t95","2pl","bimodal","irw",20,0.95,"SAC (rho-tilde)","sac_info","ok",0.00683969738230294,5.0224731708918,18.9349999999999
"38646ef644_t50","3pl_beta","normal","irw",60,0.5,"SAC (rho-tilde)","sac_info","ok",-0.000231045676559127,0.317824755297567,45.194
"38646ef644_t60","3pl_beta","normal","irw",60,0.6,"SAC (rho-tilde)","sac_info","ok",-0.000143844931908887,0.40919587943351,51.418
"38646ef644_t70","3pl_beta","normal","irw",60,0.7,"SAC (rho-tilde)","sac_info","ok",0.000177235107242213,0.51032824264363,52.3439999999999
"38646ef644_t80","3pl_beta","normal","irw",60,0.8,"SAC (rho-tilde)","sac_info","ok",-0.000160568383442028,0.769730942589665,52.856
"38646ef644_t90","3pl_beta","normal","irw",60,0.9,"SAC (rho-tilde)","sac_info","ok",-0.0187818747186865,1.99338016455289,55.203
"38646ef644_t95","3pl_beta","normal","irw",60,0.95,"SAC (rho-tilde)","sac_info","ok",0.00166401954477868,1.7815497375938,55.234
"386d8a1996_t50","3pl_beta","skew_pos","parametric",10,0.5,"SAC (rho-tilde)","sac_info","ok",-0.000464783648015665,0.806590766447865,13.081
"386d8a1996_t60","3pl_beta","skew_pos","parametric",10,0.6,"SAC (rho-tilde)","sac_info","ok",-0.000444318057862159,1.13548826807413,14.66
"386d8a1996_t70","3pl_beta","skew_pos","parametric",10,0.7,"SAC (rho-tilde)","sac_info","ok",1.02191763535764e-05,1.4539236142005,15.29
"386d8a1996_t80","3pl_beta","skew_pos","parametric",10,0.8,"SAC (rho-tilde)","sac_info","ok",0.0113898375008373,2.55550734553161,14.971
"386d8a1996_t90","3pl_beta","skew_pos","parametric",10,0.9,"SAC (rho-tilde)","sac_info","ok",-0.0193141839620323,4.91380252596927,14.683
"3b32e6d656_t50","2pl","heavy_tail","irw",10,0.5,"SAC (rho-tilde)","sac_info","ok",1.3534690839534e-05,0.621300297640168,14.3049999999999
"3b32e6d656_t60","2pl","heavy_tail","irw",10,0.6,"SAC (rho-tilde)","sac_info","ok",0.000203210807362408,0.886348820183579,13.1769999999999
"3b32e6d656_t70","2pl","heavy_tail","irw",10,0.7,"SAC (rho-tilde)","sac_info","ok",-0.00338165304987048,1.47105141646453,13.239
"3b32e6d656_t80","2pl","heavy_tail","irw",10,0.8,"SAC (rho-tilde)","sac_info","ok",0.0108286213347154,1.31073085144207,14.1869999999999
"3b32e6d656_t90","2pl","heavy_tail","irw",10,0.9,"SAC (rho-tilde)","sac_info","ok",0.0243891210099483,5.07655204450817,13.7710000000001
"3c97180640_t50","3pl_g20","bimodal","parametric",40,0.5,"SAC (rho-tilde)","sac_info","ok",-0.000121865662264131,0.361800826954353,37.451
"3c97180640_t60","3pl_g20","bimodal","parametric",40,0.6,"SAC (rho-tilde)","sac_info","ok",0.000157355231165224,0.482318456961551,39.053
"3c97180640_t70","3pl_g20","bimodal","parametric",40,0.7,"SAC (rho-tilde)","sac_info","ok",0.000357941328196998,0.621627702674185,37.59
"3c97180640_t80","3pl_g20","bimodal","parametric",40,0.8,"SAC (rho-tilde)","sac_info","ok",0.00027132532905294,0.85006021413051,38.9540000000001
"3c97180640_t90","3pl_g20","bimodal","parametric",40,0.9,"SAC (rho-tilde)","sac_info","ok",-0.00345135020020593,1.52662074256882,37.51
"3c97180640_t95","3pl_g20","bimodal","parametric",40,0.95,"SAC (rho-tilde)","sac_info","ok",-0.00660897290585616,3.00643015830061,39.072
"3f59517c02_t50","3pl_g20","skew_pos","irw",20,0.5,"SAC (rho-tilde)","sac_info","ok",-0.000313388817032856,0.540807920484427,23.721
"3f59517c02_t60","3pl_g20","skew_pos","irw",20,0.6,"SAC (rho-tilde)","sac_info","ok",-7.13008328681042e-05,0.688266217782511,23.671
"3f59517c02_t70","3pl_g20","skew_pos","irw",20,0.7,"SAC (rho-tilde)","sac_info","ok",-0.000475554129174216,0.961161859969046,24.773
"3f59517c02_t80","3pl_g20","skew_pos","irw",20,0.8,"SAC (rho-tilde)","sac_info","ok",0.000452328220939657,1.33139772692797,24.497
"3f59517c02_t90","3pl_g20","skew_pos","irw",20,0.9,"SAC (rho-tilde)","sac_info","not_converged",-0.0510509761920901,3.58208497669849,23.904
"4144a5f588_t50","3pl_beta","heavy_tail","parametric",10,0.5,"SAC (rho-tilde)","sac_info","ok",-0.000285158592108481,0.779617724979761,15.4349999999999
"4144a5f588_t60","3pl_beta","heavy_tail","parametric",10,0.6,"SAC (rho-tilde)","sac_info","ok",-0.000117753080186245,1.04123048454137,15.9060000000001
"4144a5f588_t70","3pl_beta","heavy_tail","parametric",10,0.7,"SAC (rho-tilde)","sac_info","ok",-0.00593090663929619,1.7094012786464,16.179
"4144a5f588_t80","3pl_beta","heavy_tail","parametric",10,0.8,"SAC (rho-tilde)","sac_info","ok",0.00128103109148026,2.07488223727816,15.168
"4144a5f588_t90","3pl_beta","heavy_tail","parametric",10,0.9,"SAC (rho-tilde)","sac_info","ok",-0.000552112517733572,4.60857417869126,15.1830000000001
"4144a5f588_t95","3pl_beta","heavy_tail","parametric",10,0.95,"SAC (rho-tilde)","sac_info","ok",-0.00990922644050107,10.162776290653,15.8570000000001
"45b7a1f907_t50","3pl_beta","normal","parametric",40,0.5,"SAC (rho-tilde)","sac_info","ok",-0.000187977965261432,0.361315545441122,26.1030000000001
"45b7a1f907_t60","3pl_beta","normal","parametric",40,0.6,"SAC (rho-tilde)","sac_info","ok",-3.05721441121731e-05,0.448103215085237,30.1990000000001
"45b7a1f907_t70","3pl_beta","normal","parametric",40,0.7,"SAC (rho-tilde)","sac_info","ok",0.000185145886126725,0.64505434627415,37.782
"45b7a1f907_t80","3pl_beta","normal","parametric",40,0.8,"SAC (rho-tilde)","sac_info","ok",0.000620485576329988,0.769920105265258,36.936
"45b7a1f907_t90","3pl_beta","normal","parametric",40,0.9,"SAC (rho-tilde)","sac_info","ok",0.000828363047187253,1.52995728579865,38.95
"45b7a1f907_t95","3pl_beta","normal","parametric",40,0.95,"SAC (rho-tilde)","sac_info","ok",-0.00271878809801129,2.91449630223304,37.302
"45b8bbe987_t50","2pl","normal","parametric",20,0.5,"SAC (rho-tilde)","sac_info","ok",-6.27995263267067e-05,0.408831940845359,19.956
"45b8bbe987_t60","2pl","normal","parametric",20,0.6,"SAC (rho-tilde)","sac_info","ok",0.000253752616753089,0.573682903997042,19.479
"45b8bbe987_t70","2pl","normal","parametric",20,0.7,"SAC (rho-tilde)","sac_info","ok",-0.00017367634685328,0.687122896833293,18.465
"45b8bbe987_t80","2pl","normal","parametric",20,0.8,"SAC (rho-tilde)","sac_info","ok",8.15737310795317e-05,1.03398679161719,18.706
"45b8bbe987_t90","2pl","normal","parametric",20,0.9,"SAC (rho-tilde)","sac_info","ok",0.000218132192397302,1.90747119086155,19.1370000000001
"45b8bbe987_t95","2pl","normal","parametric",20,0.95,"SAC (rho-tilde)","sac_info","ok",0.00762687418930141,3.76660958957541,19.2510000000001
"45eb20d1ef_t50","2pl","normal","parametric",60,0.5,"SAC (rho-tilde)","sac_info","ok",0.000144776445823336,0.238839281341323,40.1619999999999
"45eb20d1ef_t60","2pl","normal","parametric",60,0.6,"SAC (rho-tilde)","sac_info","ok",-9.8716370222629e-07,0.285961846297374,38.691
"45eb20d1ef_t70","2pl","normal","parametric",60,0.7,"SAC (rho-tilde)","sac_info","ok",2.35323897820328e-05,0.349794414816475,35.687
"45eb20d1ef_t80","2pl","normal","parametric",60,0.8,"SAC (rho-tilde)","sac_info","ok",3.18485615641295e-05,0.489820676847595,37.59
"45eb20d1ef_t90","2pl","normal","parametric",60,0.9,"SAC (rho-tilde)","sac_info","ok",-0.000440618109349589,0.822869388223969,37.369
"45eb20d1ef_t95","2pl","normal","parametric",60,0.95,"SAC (rho-tilde)","sac_info","ok",0.000693453814047174,1.37539349193166,37.523
"48ec297ef8_t50","3pl_beta","bimodal","parametric",20,0.5,"SAC (rho-tilde)","sac_info","ok",-0.000174532902062541,0.607335336839297,24.203
"48ec297ef8_t60","3pl_beta","bimodal","parametric",20,0.6,"SAC (rho-tilde)","sac_info","ok",-4.1547561807076e-05,0.717783016838416,23.073
"48ec297ef8_t70","3pl_beta","bimodal","parametric",20,0.7,"SAC (rho-tilde)","sac_info","ok",-0.00115541705007793,1.17541952371579,15.602
"48ec297ef8_t80","3pl_beta","bimodal","parametric",20,0.8,"SAC (rho-tilde)","sac_info","ok",0.00534797696884159,1.52087999989723,22.106
"48ec297ef8_t90","3pl_beta","bimodal","parametric",20,0.9,"SAC (rho-tilde)","sac_info","ok",0.0242578585139585,3.16565952915711,22.048
"48ec297ef8_t95","3pl_beta","bimodal","parametric",20,0.95,"SAC (rho-tilde)","sac_info","ok",-0.00450029674356145,6.22391217166467,21.783
"4f22d501ce_t50","3pl_beta","bimodal","irw",10,0.5,"SAC (rho-tilde)","sac_info","ok",-0.000248295320671221,0.838817255603131,15.409
"4f22d501ce_t60","3pl_beta","bimodal","irw",10,0.6,"SAC (rho-tilde)","sac_info","ok",0.00318053900262305,1.06517186895221,10.654
"4f22d501ce_t70","3pl_beta","bimodal","irw",10,0.7,"SAC (rho-tilde)","sac_info","ok",-0.00210858534918512,1.60751933458948,15.1139999999999
"4f22d501ce_t80","3pl_beta","bimodal","irw",10,0.8,"SAC (rho-tilde)","sac_info","ok",-0.0350775785295296,4.12072767592271,14.991
"4f22d501ce_t90","3pl_beta","bimodal","irw",10,0.9,"SAC (rho-tilde)","sac_info","ok",-0.021340418693455,5.52792691184485,14.8349999999999
"4f70e285ab_t50","rasch","normal","parametric",20,0.5,"SAC (rho-tilde)","sac_info","ok",-0.000102305246942214,0.468698235351653,17.871
"4f70e285ab_t60","rasch","normal","parametric",20,0.6,"SAC (rho-tilde)","sac_info","ok",-5.71209656619054e-05,0.591051865376758,19.1669999999999
"4f70e285ab_t70","rasch","normal","parametric",20,0.7,"SAC (rho-tilde)","sac_info","ok",-0.000173533781283819,0.765253677795058,17.716
"4f70e285ab_t80","rasch","normal","parametric",20,0.8,"SAC (rho-tilde)","sac_info","ok",-0.000937885281634632,1.13143215222379,18.7560000000001
"4f70e285ab_t90","rasch","normal","parametric",20,0.9,"SAC (rho-tilde)","sac_info","ok",-0.000906224766996422,1.8009939702469,19.423
"4f70e285ab_t95","rasch","normal","parametric",20,0.95,"SAC (rho-tilde)","sac_info","ok",0.00338901271628889,3.48532892597204,18.535
"51454d0a5c_t50","rasch","normal","parametric",40,0.5,"SAC (rho-tilde)","sac_info","ok",1.41047299897501e-05,0.32355608496055,23.626
"51454d0a5c_t60","rasch","normal","parametric",40,0.6,"SAC (rho-tilde)","sac_info","ok",-5.56301080760768e-05,0.398721791961222,20.283
"51454d0a5c_t70","rasch","normal","parametric",40,0.7,"SAC (rho-tilde)","sac_info","ok",0.000151269274168642,0.508854554717785,24.326
"51454d0a5c_t80","rasch","normal","parametric",40,0.8,"SAC (rho-tilde)","sac_info","ok",2.54103725152444e-05,0.685955741299551,27.3190000000001
"51454d0a5c_t90","rasch","normal","parametric",40,0.9,"SAC (rho-tilde)","sac_info","ok",0.000372952108064761,1.13222017428332,27.356
"51454d0a5c_t95","rasch","normal","parametric",40,0.95,"SAC (rho-tilde)","sac_info","ok",0.00185535628474431,2.02180853789086,22.463
"51e3e31f93_t50","3pl_beta","skew_pos","irw",60,0.5,"SAC (rho-tilde)","sac_info","ok",-5.71846417373179e-05,0.296855810272641,30.288
"51e3e31f93_t60","3pl_beta","skew_pos","irw",60,0.6,"SAC (rho-tilde)","sac_info","ok",-0.000147016363797992,0.383647565315006,30.076
"51e3e31f93_t70","3pl_beta","skew_pos","irw",60,0.7,"SAC (rho-tilde)","sac_info","ok",-3.15954549601205e-05,0.54724613603729,29.196
"51e3e31f93_t80","3pl_beta","skew_pos","irw",60,0.8,"SAC (rho-tilde)","sac_info","ok",0.000373579045273686,0.695695815218621,29.427
"51e3e31f93_t90","3pl_beta","skew_pos","irw",60,0.9,"SAC (rho-tilde)","sac_info","ok",-0.00170274952806448,1.27711620146916,29.179
"51e3e31f93_t95","3pl_beta","skew_pos","irw",60,0.95,"SAC (rho-tilde)","sac_info","ok",0.000766647582472246,1.83589492059697,28.6899999999999
"52b9791e08_t50","3pl_g20","heavy_tail","parametric",20,0.5,"SAC (rho-tilde)","sac_info","ok",-0.000388052308232301,0.503100752155921,17.7950000000001
"52b9791e08_t60","3pl_g20","heavy_tail","parametric",20,0.6,"SAC (rho-tilde)","sac_info","ok",-0.000122664807916006,0.723036978422777,14.049
"52b9791e08_t70","3pl_g20","heavy_tail","parametric",20,0.7,"SAC (rho-tilde)","sac_info","ok",-6.75082319718801e-05,1.00387668154756,24.218
"52b9791e08_t80","3pl_g20","heavy_tail","parametric",20,0.8,"SAC (rho-tilde)","sac_info","ok",0.00685033845121197,1.37113247686288,23.976
"52b9791e08_t90","3pl_g20","heavy_tail","parametric",20,0.9,"SAC (rho-tilde)","sac_info","ok",-0.00809740655747837,2.57505838935885,24.5650000000001
"52b9791e08_t95","3pl_g20","heavy_tail","parametric",20,0.95,"SAC (rho-tilde)","sac_info","ok",0.00324211453349665,5.38888773304297,23.064
"54e9907b58_t50","3pl_g20","heavy_tail","irw",60,0.5,"SAC (rho-tilde)","sac_info","ok",-0.000184943872641008,0.276915525449272,52.919
"54e9907b58_t60","3pl_g20","heavy_tail","irw",60,0.6,"SAC (rho-tilde)","sac_info","ok",-0.000399471137007001,0.370616021184523,51.919
"54e9907b58_t70","3pl_g20","heavy_tail","irw",60,0.7,"SAC (rho-tilde)","sac_info","ok",-0.000175889656952699,0.450123398849892,40.442
"54e9907b58_t80","3pl_g20","heavy_tail","irw",60,0.8,"SAC (rho-tilde)","sac_info","ok",0.000819943972911297,0.621630166251533,55.3920000000001
"54e9907b58_t90","3pl_g20","heavy_tail","irw",60,0.9,"SAC (rho-tilde)","sac_info","not_converged",0.0225361408598416,1.30204915846214,52.1089999999999
"54e9907b58_t95","3pl_g20","heavy_tail","irw",60,0.95,"SAC (rho-tilde)","sac_info","ok",0.0166368674108006,2.30337698732791,54.009
"55a1174a1c_t50","2pl","skew_pos","parametric",40,0.5,"SAC (rho-tilde)","sac_info","ok",7.57083703484263e-06,0.318128781948017,28.4400000000001
"55a1174a1c_t60","2pl","skew_pos","parametric",40,0.6,"SAC (rho-tilde)","sac_info","ok",8.8758602064698e-05,0.370237455680246,30.2520000000001
"55a1174a1c_t70","2pl","skew_pos","parametric",40,0.7,"SAC (rho-tilde)","sac_info","ok",-0.000282110862414919,0.481192611689406,20.072
"55a1174a1c_t80","2pl","skew_pos","parametric",40,0.8,"SAC (rho-tilde)","sac_info","ok",7.42859426217102e-05,0.619919746856915,30.023
"55a1174a1c_t90","2pl","skew_pos","parametric",40,0.9,"SAC (rho-tilde)","sac_info","ok",-0.000526338336236387,1.13480281795385,28.8339999999999
"55a1174a1c_t95","2pl","skew_pos","parametric",40,0.95,"SAC (rho-tilde)","sac_info","ok",-0.00271018388064581,1.8422563274862,29.2470000000001
"58488a9252_t50","2pl","bimodal","parametric",40,0.5,"SAC (rho-tilde)","sac_info","ok",6.25673309789798e-05,0.284629769300195,29.247
"58488a9252_t60","2pl","bimodal","parametric",40,0.6,"SAC (rho-tilde)","sac_info","ok",-2.25993283322623e-05,0.360016945493702,30.1130000000001
"58488a9252_t70","2pl","bimodal","parametric",40,0.7,"SAC (rho-tilde)","sac_info","ok",9.91189138354054e-05,0.472052111786882,27.885
"58488a9252_t80","2pl","bimodal","parametric",40,0.8,"SAC (rho-tilde)","sac_info","ok",-8.5980874669489e-05,0.652148369881709,31.3530000000001
"58488a9252_t90","2pl","bimodal","parametric",40,0.9,"SAC (rho-tilde)","sac_info","ok",0.00400214542786936,1.06623067022891,28.9019999999999
"58488a9252_t95","2pl","bimodal","parametric",40,0.95,"SAC (rho-tilde)","sac_info","ok",-0.00211468585958285,1.96277542110018,29.1320000000001
"594de50093_t50","3pl_g20","skew_pos","irw",60,0.5,"SAC (rho-tilde)","sac_info","ok",-8.44314498202881e-05,0.320320468279226,51.6170000000001
"594de50093_t60","3pl_g20","skew_pos","irw",60,0.6,"SAC (rho-tilde)","sac_info","ok",-8.75524876701173e-05,0.384933089926051,50.991
"594de50093_t70","3pl_g20","skew_pos","irw",60,0.7,"SAC (rho-tilde)","sac_info","ok",-1.77488969093087e-05,0.583933979287834,50.678
"594de50093_t80","3pl_g20","skew_pos","irw",60,0.8,"SAC (rho-tilde)","sac_info","ok",-0.000193930564440836,0.636546142728685,54.5649999999999
"594de50093_t90","3pl_g20","skew_pos","irw",60,0.9,"SAC (rho-tilde)","sac_info","ok",-0.00262696011652663,1.19897992265791,50.915
"594de50093_t95","3pl_g20","skew_pos","irw",60,0.95,"SAC (rho-tilde)","sac_info","ok",0.0199684313746887,3.08154904193911,53.802
"5bfd86674d_t50","2pl","skew_pos","irw",40,0.5,"SAC (rho-tilde)","sac_info","ok",-0.000201680921446457,0.320906651582397,29.175
"5bfd86674d_t60","2pl","skew_pos","irw",40,0.6,"SAC (rho-tilde)","sac_info","ok",-0.000156565911759277,0.377118784750332,30.441
"5bfd86674d_t70","2pl","skew_pos","irw",40,0.7,"SAC (rho-tilde)","sac_info","ok",0.000211312897531624,0.467676565015919,28.158
"5bfd86674d_t80","2pl","skew_pos","irw",40,0.8,"SAC (rho-tilde)","sac_info","ok",-0.000297923531712874,0.72368225524399,29.232
"5bfd86674d_t90","2pl","skew_pos","irw",40,0.9,"SAC (rho-tilde)","sac_info","ok",-7.23309311174702e-05,0.998104892501703,27.4559999999999
"5bfd86674d_t95","2pl","skew_pos","irw",40,0.95,"SAC (rho-tilde)","sac_info","ok",-0.00354399858420762,1.83674662626013,24.7089999999999
"5faa1bbcf6_t50","3pl_g20","normal","parametric",10,0.5,"SAC (rho-tilde)","sac_info","ok",-4.7972726576806e-05,0.920195711954639,14.8869999999999
"5faa1bbcf6_t60","3pl_g20","normal","parametric",10,0.6,"SAC (rho-tilde)","sac_info","ok",-0.000406249350777488,1.06802362741012,14.986
"5faa1bbcf6_t70","3pl_g20","normal","parametric",10,0.7,"SAC (rho-tilde)","sac_info","ok",-0.0015195153822487,1.47662442266992,15.538
"5faa1bbcf6_t80","3pl_g20","normal","parametric",10,0.8,"SAC (rho-tilde)","sac_info","ok",0.00567920205566474,2.73742190087126,15.188
"5faa1bbcf6_t90","3pl_g20","normal","parametric",10,0.9,"SAC (rho-tilde)","sac_info","ok",0.0116164496044776,6.65789094181244,15.4590000000001
"6175b158cc_t50","2pl","heavy_tail","irw",40,0.5,"SAC (rho-tilde)","sac_info","ok",-7.89697813036172e-05,0.325905045146739,26.928
"6175b158cc_t60","2pl","heavy_tail","irw",40,0.6,"SAC (rho-tilde)","sac_info","ok",0.000207829362360634,0.36889557208493,29.0339999999999
"6175b158cc_t70","2pl","heavy_tail","irw",40,0.7,"SAC (rho-tilde)","sac_info","ok",0.000137987824172403,0.475141717941636,28.819
"6175b158cc_t80","2pl","heavy_tail","irw",40,0.8,"SAC (rho-tilde)","sac_info","ok",-0.000142596954525231,0.709965990546689,26.918
"6175b158cc_t90","2pl","heavy_tail","irw",40,0.9,"SAC (rho-tilde)","sac_info","ok",-0.00126978776512399,1.25260094803354,27.7559999999999
"6175b158cc_t95","2pl","heavy_tail","irw",40,0.95,"SAC (rho-tilde)","sac_info","not_converged",-0.0530678645901373,2.75038436067325,26.499
"61f9108969_t50","rasch","skew_pos","irw",60,0.5,"SAC (rho-tilde)","sac_info","ok",-3.5380593414458e-06,0.259214841286493,36.4029999999998
"61f9108969_t60","rasch","skew_pos","irw",60,0.6,"SAC (rho-tilde)","sac_info","ok",4.43601262744009e-05,0.329616205102066,36.8590000000002
"61f9108969_t70","rasch","skew_pos","irw",60,0.7,"SAC (rho-tilde)","sac_info","ok",2.47697287767412e-05,0.411544324385115,36.693
"61f9108969_t80","rasch","skew_pos","irw",60,0.8,"SAC (rho-tilde)","sac_info","ok",4.64313657563276e-05,0.539387789015014,37.2389999999998
"61f9108969_t90","rasch","skew_pos","irw",60,0.9,"SAC (rho-tilde)","sac_info","ok",-0.00138921829141059,0.940061330881459,26.7370000000001
"61f9108969_t95","rasch","skew_pos","irw",60,0.95,"SAC (rho-tilde)","sac_info","ok",0.0226442466940242,2.09458006318861,37.3630000000001
"6415c12b10_t50","3pl_beta","normal","parametric",10,0.5,"SAC (rho-tilde)","sac_info","ok",0.000232353692665832,0.777570963576015,15.0100000000001
"6415c12b10_t60","3pl_beta","normal","parametric",10,0.6,"SAC (rho-tilde)","sac_info","ok",0.000254610269932343,1.21123954213346,15.208
"6415c12b10_t70","3pl_beta","normal","parametric",10,0.7,"SAC (rho-tilde)","sac_info","ok",0.00299752326044389,1.32694510551425,15.0560000000002
"6415c12b10_t80","3pl_beta","normal","parametric",10,0.8,"SAC (rho-tilde)","sac_info","ok",0.0222393889714296,2.80981698421499,16.24
"6415c12b10_t90","3pl_beta","normal","parametric",10,0.9,"SAC (rho-tilde)","sac_info","ok",-0.00444585207423631,5.58317744477908,15.0450000000001
"65c72a887e_t50","rasch","skew_pos","irw",20,0.5,"SAC (rho-tilde)","sac_info","ok",8.3192194630155e-05,0.464148997872052,18.5140000000001
"65c72a887e_t60","rasch","skew_pos","irw",20,0.6,"SAC (rho-tilde)","sac_info","ok",6.6760481656436e-05,0.564066385327711,15.1389999999999
"65c72a887e_t70","rasch","skew_pos","irw",20,0.7,"SAC (rho-tilde)","sac_info","ok",-0.00372184767519912,1.20845933916642,18.329
"65c72a887e_t80","rasch","skew_pos","irw",20,0.8,"SAC (rho-tilde)","sac_info","ok",9.11225932528348e-05,1.04295927356642,18.693
"65c72a887e_t90","rasch","skew_pos","irw",20,0.9,"SAC (rho-tilde)","sac_info","ok",0.00235983194616629,1.86234518795538,18.835
"65c72a887e_t95","rasch","skew_pos","irw",20,0.95,"SAC (rho-tilde)","sac_info","ok",0.0055300938525582,3.43070179367324,18.366
"6837e6d676_t50","rasch","normal","parametric",10,0.5,"SAC (rho-tilde)","sac_info","ok",0.000373399981115075,0.69611900526683,12.5120000000002
"6837e6d676_t60","rasch","normal","parametric",10,0.6,"SAC (rho-tilde)","sac_info","ok",-0.000252691428717422,0.901742695410347,12.489
"6837e6d676_t70","rasch","normal","parametric",10,0.7,"SAC (rho-tilde)","sac_info","ok",0.000411271155372428,1.14638146380884,12.989
"6837e6d676_t80","rasch","normal","parametric",10,0.8,"SAC (rho-tilde)","sac_info","ok",-0.000669917870110948,1.78584866033808,12.837
"6837e6d676_t90","rasch","normal","parametric",10,0.9,"SAC (rho-tilde)","sac_info","ok",-0.00426784657274315,3.43330961410283,12.653
"6837e6d676_t95","rasch","normal","parametric",10,0.95,"SAC (rho-tilde)","sac_info","ok",-0.0106845731927578,7.35307138889512,13.231
"686daead56_t50","rasch","bimodal","irw",60,0.5,"SAC (rho-tilde)","sac_info","ok",-2.65382030164574e-05,0.291657705843597,30.1600000000001
"686daead56_t60","rasch","bimodal","irw",60,0.6,"SAC (rho-tilde)","sac_info","ok",0.000103746314775832,0.33000443905027,38.396
"686daead56_t70","rasch","bimodal","irw",60,0.7,"SAC (rho-tilde)","sac_info","ok",4.18352186057902e-05,0.431662125955871,37.221
"686daead56_t80","rasch","bimodal","irw",60,0.8,"SAC (rho-tilde)","sac_info","ok",-4.49560514194092e-05,0.551336664068662,40.913
"686daead56_t90","rasch","bimodal","irw",60,0.9,"SAC (rho-tilde)","sac_info","ok",-0.00231754074328216,0.993283573516348,38.1500000000001
"686daead56_t95","rasch","bimodal","irw",60,0.95,"SAC (rho-tilde)","sac_info","ok",-0.0142331969315777,1.71970564424816,38.146
"69320217c6_t50","3pl_beta","skew_pos","irw",10,0.5,"SAC (rho-tilde)","sac_info","ok",-0.000390119389237109,0.788275085442048,14.6780000000001
"69320217c6_t60","3pl_beta","skew_pos","irw",10,0.6,"SAC (rho-tilde)","sac_info","ok",-0.0394131088684069,2.91390827276875,14.1030000000001
"69320217c6_t70","3pl_beta","skew_pos","irw",10,0.7,"SAC (rho-tilde)","sac_info","not_converged",0.0584315225127223,1.5621123520106,15.1420000000001
"69320217c6_t80","3pl_beta","skew_pos","irw",10,0.8,"SAC (rho-tilde)","sac_info","ok",-0.0190633833874146,2.55362313483696,12.9549999999999
"69320217c6_t90","3pl_beta","skew_pos","irw",10,0.9,"SAC (rho-tilde)","sac_info","ok",-0.0345519589113583,4.8515392611133,15.123
"6a235480c1_t50","rasch","skew_pos","parametric",60,0.5,"SAC (rho-tilde)","sac_info","ok",1.0551400172365e-05,0.259676738165252,39.374
"6a235480c1_t60","rasch","skew_pos","parametric",60,0.6,"SAC (rho-tilde)","sac_info","ok",-6.80567155985079e-05,0.321698551120175,37.2220000000002
"6a235480c1_t70","rasch","skew_pos","parametric",60,0.7,"SAC (rho-tilde)","sac_info","ok",2.42537989803004e-05,0.411604140044281,40.5820000000001
"6a235480c1_t80","rasch","skew_pos","parametric",60,0.8,"SAC (rho-tilde)","sac_info","ok",5.35032010202663e-05,0.54173189932862,41.3969999999999
"6a235480c1_t90","rasch","skew_pos","parametric",60,0.9,"SAC (rho-tilde)","sac_info","ok",-1.10243787506681e-05,0.884214086721102,38.452
"6a235480c1_t95","rasch","skew_pos","parametric",60,0.95,"SAC (rho-tilde)","sac_info","ok",0.000946024768710418,1.43829358056304,30.8340000000001
"6d3bc9f997_t50","3pl_beta","heavy_tail","parametric",40,0.5,"SAC (rho-tilde)","sac_info","ok",1.25489722744287e-05,0.371186029300355,37.7930000000001
"6d3bc9f997_t60","3pl_beta","heavy_tail","parametric",40,0.6,"SAC (rho-tilde)","sac_info","ok",-2.4789067432085e-07,0.524144421136042,40.9770000000001
"6d3bc9f997_t70","3pl_beta","heavy_tail","parametric",40,0.7,"SAC (rho-tilde)","sac_info","ok",0.000318376682460819,0.636868527480762,39.6869999999999
"6d3bc9f997_t80","3pl_beta","heavy_tail","parametric",40,0.8,"SAC (rho-tilde)","sac_info","ok",-0.000665948798273086,0.940992431525463,41.306
"6d3bc9f997_t90","3pl_beta","heavy_tail","parametric",40,0.9,"SAC (rho-tilde)","sac_info","ok",0.00233711875965947,1.45177144193371,39.1970000000001
"6d3bc9f997_t95","3pl_beta","heavy_tail","parametric",40,0.95,"SAC (rho-tilde)","sac_info","ok",-0.00659762259485241,2.73976598316439,38.1289999999999
"6eeb99a793_t50","3pl_g20","skew_pos","parametric",10,0.5,"SAC (rho-tilde)","sac_info","ok",-0.000695228377459056,0.99494252316198,16.114
"6eeb99a793_t60","3pl_g20","skew_pos","parametric",10,0.6,"SAC (rho-tilde)","sac_info","ok",0.000358608120631709,1.17521639495014,16.175
"6eeb99a793_t70","3pl_g20","skew_pos","parametric",10,0.7,"SAC (rho-tilde)","sac_info","ok",-0.00192120552630926,1.70036334271004,15.54
"6eeb99a793_t80","3pl_g20","skew_pos","parametric",10,0.8,"SAC (rho-tilde)","sac_info","ok",0.0195654074036062,2.6888567310017,16.123
"6eeb99a793_t90","3pl_g20","skew_pos","parametric",10,0.9,"SAC (rho-tilde)","sac_info","ok",0.00421961580676211,4.52875856649549,16.1709999999998
"6eeb99a793_t95","3pl_g20","skew_pos","parametric",10,0.95,"SAC (rho-tilde)","sac_info","ok",0.00359370945852233,9.94064858852196,17.0640000000001
"6f8ac52639_t50","3pl_g20","skew_pos","irw",40,0.5,"SAC (rho-tilde)","sac_info","ok",-3.23696691411635e-05,0.355210496996147,39.566
"6f8ac52639_t60","3pl_g20","skew_pos","irw",40,0.6,"SAC (rho-tilde)","sac_info","ok",-0.000298442308347524,0.467806495567989,38.8309999999999
"6f8ac52639_t70","3pl_g20","skew_pos","irw",40,0.7,"SAC (rho-tilde)","sac_info","ok",0.000240542250986908,0.775893494255322,40.0220000000002
"6f8ac52639_t80","3pl_g20","skew_pos","irw",40,0.8,"SAC (rho-tilde)","sac_info","ok",-0.000311508097926572,0.90140674018223,40.248
"6f8ac52639_t90","3pl_g20","skew_pos","irw",40,0.9,"SAC (rho-tilde)","sac_info","ok",-0.0328130953716942,2.41733217088335,38.2470000000001
"6f8ac52639_t95","3pl_g20","skew_pos","irw",40,0.95,"SAC (rho-tilde)","sac_info","ok",0.00625904391214183,2.755528888965,42.6599999999999
"6fa1916652_t50","3pl_g20","skew_pos","parametric",60,0.5,"SAC (rho-tilde)","sac_info","ok",-7.01447927390908e-05,0.314842362091938,45.5260000000001
"6fa1916652_t60","3pl_g20","skew_pos","parametric",60,0.6,"SAC (rho-tilde)","sac_info","ok",3.64082689477963e-05,0.361549302657786,52.2330000000002
"6fa1916652_t70","3pl_g20","skew_pos","parametric",60,0.7,"SAC (rho-tilde)","sac_info","ok",-6.88487727292797e-05,0.451227555991347,53.9879999999998
"6fa1916652_t80","3pl_g20","skew_pos","parametric",60,0.8,"SAC (rho-tilde)","sac_info","ok",-0.000244371779265951,0.658093757356112,48.2080000000001
"6fa1916652_t90","3pl_g20","skew_pos","parametric",60,0.9,"SAC (rho-tilde)","sac_info","ok",-0.00017543620141236,1.10615885475342,46.663
"6fa1916652_t95","3pl_g20","skew_pos","parametric",60,0.95,"SAC (rho-tilde)","sac_info","ok",0.00295177672817148,2.054996865117,44.6600000000001
"6fc75d8330_t50","2pl","heavy_tail","parametric",60,0.5,"SAC (rho-tilde)","sac_info","ok",-0.000294053803512107,0.235427688684401,40.424
"6fc75d8330_t60","2pl","heavy_tail","parametric",60,0.6,"SAC (rho-tilde)","sac_info","ok",5.50611961916969e-05,0.311651384787216,34.3499999999999
"6fc75d8330_t70","2pl","heavy_tail","parametric",60,0.7,"SAC (rho-tilde)","sac_info","ok",0.000112827080149924,0.379499246282269,35.0930000000001
"6fc75d8330_t80","2pl","heavy_tail","parametric",60,0.8,"SAC (rho-tilde)","sac_info","ok",0.00015856259225755,0.498338709052251,40.2470000000001
"6fc75d8330_t90","2pl","heavy_tail","parametric",60,0.9,"SAC (rho-tilde)","sac_info","ok",-0.000341654897895727,0.82429194129502,31.6199999999999
"6fc75d8330_t95","2pl","heavy_tail","parametric",60,0.95,"SAC (rho-tilde)","sac_info","ok",0.000871588473058793,1.37868486339213,30.1580000000001
"705e3d6cec_t50","3pl_g20","bimodal","parametric",60,0.5,"SAC (rho-tilde)","sac_info","ok",6.77772730015569e-05,0.304682539727421,33.0640000000001
"705e3d6cec_t60","3pl_g20","bimodal","parametric",60,0.6,"SAC (rho-tilde)","sac_info","ok",7.74494848942986e-06,0.356497362253923,29.9459999999999
"705e3d6cec_t70","3pl_g20","bimodal","parametric",60,0.7,"SAC (rho-tilde)","sac_info","ok",0.000269262105156765,0.492108080678392,29.251
"705e3d6cec_t80","3pl_g20","bimodal","parametric",60,0.8,"SAC (rho-tilde)","sac_info","ok",-2.98923597341627e-05,0.674210608356808,30.0029999999999
"705e3d6cec_t90","3pl_g20","bimodal","parametric",60,0.9,"SAC (rho-tilde)","sac_info","ok",0.0012701158092091,1.06527458805946,29.4359999999999
"705e3d6cec_t95","3pl_g20","bimodal","parametric",60,0.95,"SAC (rho-tilde)","sac_info","ok",-0.00254451099394726,2.13581649229291,51.4299999999998
"706cd16630_t50","rasch","bimodal","irw",20,0.5,"SAC (rho-tilde)","sac_info","ok",-4.59207345941959e-05,0.47288875443002,18.3800000000001
"706cd16630_t60","rasch","bimodal","irw",20,0.6,"SAC (rho-tilde)","sac_info","ok",-0.00052390417142667,0.84469865394465,18.6679999999999
"706cd16630_t70","rasch","bimodal","irw",20,0.7,"SAC (rho-tilde)","sac_info","ok",-7.66359940941319e-05,0.807374437562289,18.021
"706cd16630_t80","rasch","bimodal","irw",20,0.8,"SAC (rho-tilde)","sac_info","ok",0.00537442013679856,1.12309478256639,16.8330000000001
"706cd16630_t90","rasch","bimodal","irw",20,0.9,"SAC (rho-tilde)","sac_info","ok",0.000568496895819504,2.25076282642723,17.9839999999999
"706cd16630_t95","rasch","bimodal","irw",20,0.95,"SAC (rho-tilde)","sac_info","ok",-0.0189325366454755,3.56607062956354,16.5650000000001
"7107b4b0bc_t50","3pl_g20","heavy_tail","irw",10,0.5,"SAC (rho-tilde)","sac_info","ok",-0.00053924783100584,0.853429212332362,10.6220000000001
"7107b4b0bc_t60","3pl_g20","heavy_tail","irw",10,0.6,"SAC (rho-tilde)","sac_info","ok",-0.000198273633836066,0.783573530133045,15.5119999999999
"7107b4b0bc_t70","3pl_g20","heavy_tail","irw",10,0.7,"SAC (rho-tilde)","sac_info","ok",0.00401482257323504,1.62077208874151,15.0610000000001
"7107b4b0bc_t80","3pl_g20","heavy_tail","irw",10,0.8,"SAC (rho-tilde)","sac_info","ok",0.00386831931704257,2.19482261600511,13.7639999999999
"7107b4b0bc_t90","3pl_g20","heavy_tail","irw",10,0.9,"SAC (rho-tilde)","sac_info","not_converged",-0.0796065906312363,10.0915563512916,15.0059999999999
"71c9b8c65b_t50","3pl_beta","heavy_tail","parametric",60,0.5,"SAC (rho-tilde)","sac_info","ok",-8.97709977421557e-05,0.305374844855072,50.03
"71c9b8c65b_t60","3pl_beta","heavy_tail","parametric",60,0.6,"SAC (rho-tilde)","sac_info","ok",4.71154871650725e-05,0.379791934031904,53.655
"71c9b8c65b_t70","3pl_beta","heavy_tail","parametric",60,0.7,"SAC (rho-tilde)","sac_info","ok",0.00020787946797407,0.52584749779511,49.633
"71c9b8c65b_t80","3pl_beta","heavy_tail","parametric",60,0.8,"SAC (rho-tilde)","sac_info","ok",-7.96624391775635e-05,0.670133281189419,40.894
"71c9b8c65b_t90","3pl_beta","heavy_tail","parametric",60,0.9,"SAC (rho-tilde)","sac_info","ok",0.00369485400711378,1.05865771939649,53.7179999999998
"71c9b8c65b_t95","3pl_beta","heavy_tail","parametric",60,0.95,"SAC (rho-tilde)","sac_info","ok",0.0017696858256534,1.98661296673624,53.6679999999999
"738d543b91_t50","rasch","heavy_tail","parametric",20,0.5,"SAC (rho-tilde)","sac_info","ok",7.19536405617838e-05,0.455959481819309,18.144
"738d543b91_t60","rasch","heavy_tail","parametric",20,0.6,"SAC (rho-tilde)","sac_info","ok",0.000199468370682188,0.593197716929082,19.626
"738d543b91_t70","rasch","heavy_tail","parametric",20,0.7,"SAC (rho-tilde)","sac_info","ok",-2.69652265662002e-05,0.763792100750175,18.163
"738d543b91_t80","rasch","heavy_tail","parametric",20,0.8,"SAC (rho-tilde)","sac_info","ok",-0.000357688405677847,1.04739854459235,18.54
"738d543b91_t90","rasch","heavy_tail","parametric",20,0.9,"SAC (rho-tilde)","sac_info","ok",0.00611639713252166,1.92124418054777,18.1130000000001
"738d543b91_t95","rasch","heavy_tail","parametric",20,0.95,"SAC (rho-tilde)","sac_info","ok",4.34713430930156e-06,3.43805694243449,17.325
"786d9a02b6_t50","rasch","heavy_tail","irw",10,0.5,"SAC (rho-tilde)","sac_info","ok",0.000217069295414873,0.656607193718572,12.8099999999999
"786d9a02b6_t60","rasch","heavy_tail","irw",10,0.6,"SAC (rho-tilde)","sac_info","ok",0.000314713491103458,0.866216474973443,13.048
"786d9a02b6_t70","rasch","heavy_tail","irw",10,0.7,"SAC (rho-tilde)","sac_info","ok",0.00111692423307852,1.12223997895497,12.8620000000001
"786d9a02b6_t80","rasch","heavy_tail","irw",10,0.8,"SAC (rho-tilde)","sac_info","ok",0.000929910705127268,1.67799164381144,12.9150000000002
"786d9a02b6_t90","rasch","heavy_tail","irw",10,0.9,"SAC (rho-tilde)","sac_info","ok",-0.0293709419524862,3.40634275870472,12.4070000000002
"786d9a02b6_t95","rasch","heavy_tail","irw",10,0.95,"SAC (rho-tilde)","sac_info","ok",0.0166998796517916,7.27617315916081,11.578
"789f2b1000_t50","rasch","heavy_tail","parametric",60,0.5,"SAC (rho-tilde)","sac_info","ok",-0.000163153761827572,0.260955953266735,40.1389999999999
"789f2b1000_t60","rasch","heavy_tail","parametric",60,0.6,"SAC (rho-tilde)","sac_info","ok",5.08398421316114e-05,0.321678424680244,36.1369999999999
"789f2b1000_t70","rasch","heavy_tail","parametric",60,0.7,"SAC (rho-tilde)","sac_info","ok",0.000120874406119631,0.416444194750737,38.653
"789f2b1000_t80","rasch","heavy_tail","parametric",60,0.8,"SAC (rho-tilde)","sac_info","ok",1.70448878249463e-05,0.54578957449613,38.0900000000001
"789f2b1000_t90","rasch","heavy_tail","parametric",60,0.9,"SAC (rho-tilde)","sac_info","ok",0.000401466130854122,0.850884773933015,37.2479999999998
"789f2b1000_t95","rasch","heavy_tail","parametric",60,0.95,"SAC (rho-tilde)","sac_info","ok",0.000687573719294954,1.46084088280519,34.5450000000001
"7bfda144a5_t50","3pl_beta","bimodal","irw",60,0.5,"SAC (rho-tilde)","sac_info","ok",-0.000239341712732377,0.320768304687326,53.933
"7bfda144a5_t60","3pl_beta","bimodal","irw",60,0.6,"SAC (rho-tilde)","sac_info","ok",0.000152000481831283,0.357166374885028,53.7570000000001
"7bfda144a5_t70","3pl_beta","bimodal","irw",60,0.7,"SAC (rho-tilde)","sac_info","ok",7.32019725894206e-05,0.480437807493464,53.655
"7bfda144a5_t80","3pl_beta","bimodal","irw",60,0.8,"SAC (rho-tilde)","sac_info","ok",-0.00025670193249705,0.67686070240244,54.8440000000001
"7bfda144a5_t90","3pl_beta","bimodal","irw",60,0.9,"SAC (rho-tilde)","sac_info","not_converged",0.0517227629537366,3.43053152064833,47.5170000000001
"7bfda144a5_t95","3pl_beta","bimodal","irw",60,0.95,"SAC (rho-tilde)","sac_info","ok",-0.00326855859535846,1.975878201732,52.403
"7c47698ded_t50","2pl","normal","irw",10,0.5,"SAC (rho-tilde)","sac_info","ok",0.000407070235287743,0.613084792002942,13.348
"7c47698ded_t60","2pl","normal","irw",10,0.6,"SAC (rho-tilde)","sac_info","ok",-0.000491792656112655,0.822777059921295,12.6980000000001
"7c47698ded_t70","2pl","normal","irw",10,0.7,"SAC (rho-tilde)","sac_info","ok",0.005915995159124,1.20930831343391,12.5899999999999
"7c47698ded_t80","2pl","normal","irw",10,0.8,"SAC (rho-tilde)","sac_info","ok",0.0188175770179251,1.79455116587168,13.1390000000001
"7c47698ded_t90","2pl","normal","irw",10,0.9,"SAC (rho-tilde)","sac_info","ok",0.0387211726019586,5.30485769398461,13.5170000000001
"7c47698ded_t95","2pl","normal","irw",10,0.95,"SAC (rho-tilde)","sac_info","ok",0.00745029775205852,6.84239777375545,13.4069999999999
"7cee56a484_t50","2pl","bimodal","parametric",10,0.5,"SAC (rho-tilde)","sac_info","ok",-2.25692065043415e-05,0.715404892361783,12.953
"7cee56a484_t60","2pl","bimodal","parametric",10,0.6,"SAC (rho-tilde)","sac_info","ok",-3.50532116621949e-06,0.855593306088493,14.106
"7cee56a484_t70","2pl","bimodal","parametric",10,0.7,"SAC (rho-tilde)","sac_info","ok",0.000330797606906352,0.909732274616816,12.9950000000001
"7cee56a484_t80","2pl","bimodal","parametric",10,0.8,"SAC (rho-tilde)","sac_info","ok",-0.00214462145611516,1.99465389854829,12.3310000000001
"7cee56a484_t90","2pl","bimodal","parametric",10,0.9,"SAC (rho-tilde)","sac_info","ok",-0.000966181850626802,3.03619099060762,9.86000000000013
"7cee56a484_t95","2pl","bimodal","parametric",10,0.95,"SAC (rho-tilde)","sac_info","ok",-0.00367813337819489,6.92559179676012,12.9299999999998
"7d3dc7a372_t50","3pl_g20","heavy_tail","parametric",40,0.5,"SAC (rho-tilde)","sac_info","ok",0.000382362934429947,0.394129141577584,37.1879999999999
"7d3dc7a372_t60","3pl_g20","heavy_tail","parametric",40,0.6,"SAC (rho-tilde)","sac_info","ok",-0.000411527709463733,0.448202435045117,37.8229999999999
"7d3dc7a372_t70","3pl_g20","heavy_tail","parametric",40,0.7,"SAC (rho-tilde)","sac_info","ok",-0.000242380009812804,0.647669011291426,39.7659999999998
"7d3dc7a372_t80","3pl_g20","heavy_tail","parametric",40,0.8,"SAC (rho-tilde)","sac_info","ok",0.000543626246813145,0.819325478348506,39.1590000000001
"7d3dc7a372_t90","3pl_g20","heavy_tail","parametric",40,0.9,"SAC (rho-tilde)","sac_info","ok",0.00256687050517046,1.5235009208982,39.2959999999998
"7d3dc7a372_t95","3pl_g20","heavy_tail","parametric",40,0.95,"SAC (rho-tilde)","sac_info","ok",0.00302464108813627,2.7513632272251,25.8329999999999
"7e68f7b5fe_t50","3pl_g20","normal","irw",60,0.5,"SAC (rho-tilde)","sac_info","ok",-0.000122417493535087,0.282616346827371,50.336
"7e68f7b5fe_t60","3pl_g20","normal","irw",60,0.6,"SAC (rho-tilde)","sac_info","ok",8.82272308094789e-05,0.373274837335969,52.626
"7e68f7b5fe_t70","3pl_g20","normal","irw",60,0.7,"SAC (rho-tilde)","sac_info","ok",7.4852260071645e-05,0.578896539446689,50.0419999999999
"7e68f7b5fe_t80","3pl_g20","normal","irw",60,0.8,"SAC (rho-tilde)","sac_info","ok",-0.00300374746723553,0.987933383601304,50.6320000000001
"7e68f7b5fe_t90","3pl_g20","normal","irw",60,0.9,"SAC (rho-tilde)","sac_info","ok",0.0119962072420611,1.19494771328816,39.4639999999999
"7e68f7b5fe_t95","3pl_g20","normal","irw",60,0.95,"SAC (rho-tilde)","sac_info","ok",-0.00654067333977959,2.06044269832147,53.0060000000001
"8320ea3e35_t50","3pl_beta","heavy_tail","irw",20,0.5,"SAC (rho-tilde)","sac_info","ok",-0.000335570681846142,0.525968571137054,23.951
"8320ea3e35_t60","3pl_beta","heavy_tail","irw",20,0.6,"SAC (rho-tilde)","sac_info","ok",0.000321342191799356,0.857926123909198,24.8589999999999
"8320ea3e35_t70","3pl_beta","heavy_tail","irw",20,0.7,"SAC (rho-tilde)","sac_info","ok",-0.00233611674617196,1.57976041880198,24.539
"8320ea3e35_t80","3pl_beta","heavy_tail","irw",20,0.8,"SAC (rho-tilde)","sac_info","ok",-0.00178148031650283,1.38279903068259,23.9459999999999
"8320ea3e35_t90","3pl_beta","heavy_tail","irw",20,0.9,"SAC (rho-tilde)","sac_info","ok",0.0312717568094514,3.29623103426139,24.616
"837c70723e_t50","3pl_g20","normal","irw",20,0.5,"SAC (rho-tilde)","sac_info","ok",6.15419839897768e-05,0.582987453721,22.943
"837c70723e_t60","3pl_g20","normal","irw",20,0.6,"SAC (rho-tilde)","sac_info","ok",0.00057235101634534,0.659303305606954,22.8710000000001
"837c70723e_t70","3pl_g20","normal","irw",20,0.7,"SAC (rho-tilde)","sac_info","ok",8.60785117932084e-05,0.842714403015262,24.336
"837c70723e_t80","3pl_g20","normal","irw",20,0.8,"SAC (rho-tilde)","sac_info","ok",9.42101630292402e-05,1.19522482308623,22.24
"837c70723e_t90","3pl_g20","normal","irw",20,0.9,"SAC (rho-tilde)","sac_info","ok",0.0200898863577793,2.8412915128948,22.1199999999999
"837c70723e_t95","3pl_g20","normal","irw",20,0.95,"SAC (rho-tilde)","sac_info","ok",0.0160112347971908,6.21549397863456,24.598
"857e5b810e_t50","3pl_beta","heavy_tail","irw",60,0.5,"SAC (rho-tilde)","sac_info","ok",-0.000156919727763438,0.312958973809794,53.2639999999999
"857e5b810e_t60","3pl_beta","heavy_tail","irw",60,0.6,"SAC (rho-tilde)","sac_info","ok",6.52459241748948e-05,0.436501802957217,52.472
"857e5b810e_t70","3pl_beta","heavy_tail","irw",60,0.7,"SAC (rho-tilde)","sac_info","ok",7.65152000170577e-05,0.497998154482133,52.2860000000001
"857e5b810e_t80","3pl_beta","heavy_tail","irw",60,0.8,"SAC (rho-tilde)","sac_info","ok",-3.70616746809826e-05,0.703055294704693,51.0899999999999
"857e5b810e_t90","3pl_beta","heavy_tail","irw",60,0.9,"SAC (rho-tilde)","sac_info","ok",-0.0100228366507843,1.46315311156528,48.779
"857e5b810e_t95","3pl_beta","heavy_tail","irw",60,0.95,"SAC (rho-tilde)","sac_info","ok",-0.00922112799742991,2.20409530464762,46.9690000000001
"862b4710eb_t50","3pl_g20","skew_pos","parametric",20,0.5,"SAC (rho-tilde)","sac_info","ok",-1.16538132151067e-05,0.494543826644666,22.663
"862b4710eb_t60","3pl_g20","skew_pos","parametric",20,0.6,"SAC (rho-tilde)","sac_info","ok",-0.000225636906211024,0.679482488522366,23.711
"862b4710eb_t70","3pl_g20","skew_pos","parametric",20,0.7,"SAC (rho-tilde)","sac_info","ok",-0.000279259977045809,0.846824242425949,23.425
"862b4710eb_t80","3pl_g20","skew_pos","parametric",20,0.8,"SAC (rho-tilde)","sac_info","ok",-0.000612381370674098,1.42211112977702,23.9000000000001
"862b4710eb_t90","3pl_g20","skew_pos","parametric",20,0.9,"SAC (rho-tilde)","sac_info","ok",-0.00103234725160417,2.50467487306375,23.8680000000002
"862b4710eb_t95","3pl_g20","skew_pos","parametric",20,0.95,"SAC (rho-tilde)","sac_info","ok",-0.00238674192017307,5.95066864526954,23.2260000000001
"877051b144_t50","3pl_beta","bimodal","parametric",40,0.5,"SAC (rho-tilde)","sac_info","ok",-7.19538958058874e-05,0.400885527565069,34.6109999999999
"877051b144_t60","3pl_beta","bimodal","parametric",40,0.6,"SAC (rho-tilde)","sac_info","ok",-8.68512188696435e-05,0.507937950826027,38.0659999999998
"877051b144_t70","3pl_beta","bimodal","parametric",40,0.7,"SAC (rho-tilde)","sac_info","ok",-0.000168185302931279,0.605299084078437,37.7049999999999
"877051b144_t80","3pl_beta","bimodal","parametric",40,0.8,"SAC (rho-tilde)","sac_info","ok",-0.000620173115517764,0.892101128508772,36.9570000000001
"877051b144_t90","3pl_beta","bimodal","parametric",40,0.9,"SAC (rho-tilde)","sac_info","ok",0.0012293157087373,1.52059683390424,35.921
"877051b144_t95","3pl_beta","bimodal","parametric",40,0.95,"SAC (rho-tilde)","sac_info","ok",0.00138071543740015,3.46395943035474,25.2640000000001
"88f779a86c_t50","2pl","skew_pos","parametric",20,0.5,"SAC (rho-tilde)","sac_info","ok",-0.000125629550289386,0.449926477971867,19.6759999999999
"88f779a86c_t60","2pl","skew_pos","parametric",20,0.6,"SAC (rho-tilde)","sac_info","ok",-2.45583433018393e-05,0.567369286137585,18.9750000000001
"88f779a86c_t70","2pl","skew_pos","parametric",20,0.7,"SAC (rho-tilde)","sac_info","ok",-8.06641416873921e-05,0.688393404679578,19.1559999999999
"88f779a86c_t80","2pl","skew_pos","parametric",20,0.8,"SAC (rho-tilde)","sac_info","ok",0.00117757547644082,0.960237361343827,20.3920000000001
"88f779a86c_t90","2pl","skew_pos","parametric",20,0.9,"SAC (rho-tilde)","sac_info","ok",-0.0030111825555712,1.85846156748468,19.0800000000002
"88f779a86c_t95","2pl","skew_pos","parametric",20,0.95,"SAC (rho-tilde)","sac_info","ok",0.00239131529490277,3.49020746258134,18.9760000000001
"89ea0bc5ff_t50","rasch","skew_pos","irw",40,0.5,"SAC (rho-tilde)","sac_info","ok",-0.000142323184347648,0.417418431177215,27.8440000000001
"89ea0bc5ff_t60","rasch","skew_pos","irw",40,0.6,"SAC (rho-tilde)","sac_info","ok",-1.95719410056583e-05,0.403219025681633,28.9559999999999
"89ea0bc5ff_t70","rasch","skew_pos","irw",40,0.7,"SAC (rho-tilde)","sac_info","ok",7.28944350071314e-05,0.510043776925836,24.182
"89ea0bc5ff_t80","rasch","skew_pos","irw",40,0.8,"SAC (rho-tilde)","sac_info","ok",-8.07004060480176e-05,0.677329042710755,26.0609999999999
"89ea0bc5ff_t90","rasch","skew_pos","irw",40,0.9,"SAC (rho-tilde)","sac_info","ok",-0.00960985344228171,2.04422209355363,21.0719999999999
"89ea0bc5ff_t95","rasch","skew_pos","irw",40,0.95,"SAC (rho-tilde)","sac_info","ok",0.000583793726047444,1.73960558151091,21.7370000000001
"8db178eee1_t50","rasch","skew_pos","irw",10,0.5,"SAC (rho-tilde)","sac_info","ok",0.000172319769278562,0.690200103548756,13.491
"8db178eee1_t60","rasch","skew_pos","irw",10,0.6,"SAC (rho-tilde)","sac_info","ok",0.000227084996957561,0.839752124146502,12.4860000000001
"8db178eee1_t70","rasch","skew_pos","irw",10,0.7,"SAC (rho-tilde)","sac_info","ok",0.00101144987756441,1.11250304922332,12.9079999999999
"8db178eee1_t80","rasch","skew_pos","irw",10,0.8,"SAC (rho-tilde)","sac_info","ok",0.00076354090766606,1.53264615103139,12.2750000000001
"8db178eee1_t90","rasch","skew_pos","irw",10,0.9,"SAC (rho-tilde)","sac_info","ok",-0.0381325276619563,3.65336297833034,8.18100000000004
"8db178eee1_t95","rasch","skew_pos","irw",10,0.95,"SAC (rho-tilde)","sac_info","ok",0.0207361742153812,9.17672423424779,12.162
"90b3200e06_t50","2pl","bimodal","irw",40,0.5,"SAC (rho-tilde)","sac_info","ok",9.01385217955131e-05,0.303107600492475,26.4949999999999
"90b3200e06_t60","2pl","bimodal","irw",40,0.6,"SAC (rho-tilde)","sac_info","ok",0.000207216507711716,0.365130233236611,17.817
"90b3200e06_t70","2pl","bimodal","irw",40,0.7,"SAC (rho-tilde)","sac_info","ok",3.98756527221211e-05,0.57361463312929,16.605
"90b3200e06_t80","2pl","bimodal","irw",40,0.8,"SAC (rho-tilde)","sac_info","ok",0.000195415144791267,0.649479403648256,25.0800000000002
"90b3200e06_t90","2pl","bimodal","irw",40,0.9,"SAC (rho-tilde)","sac_info","ok",-0.00952424889693637,1.3944294427241,16.4370000000001
"90b3200e06_t95","2pl","bimodal","irw",40,0.95,"SAC (rho-tilde)","sac_info","ok",0.0106047758868953,2.3052882706623,25.2420000000002
"93478b9ed6_t50","rasch","bimodal","irw",10,0.5,"SAC (rho-tilde)","sac_info","ok",-8.76495069371264e-05,0.728301065693073,9.86799999999994
"93478b9ed6_t60","rasch","bimodal","irw",10,0.6,"SAC (rho-tilde)","sac_info","ok",-0.0025474652983476,1.33108808611819,12.3570000000002
"93478b9ed6_t70","rasch","bimodal","irw",10,0.7,"SAC (rho-tilde)","sac_info","ok",-0.000217342628539674,1.10722249680451,12.2350000000001
"93478b9ed6_t80","rasch","bimodal","irw",10,0.8,"SAC (rho-tilde)","sac_info","ok",-0.00359798667209432,1.79926016782943,12.7429999999999
"93478b9ed6_t90","rasch","bimodal","irw",10,0.9,"SAC (rho-tilde)","sac_info","ok",0.00177832244348586,3.09355046131592,12.296
"93478b9ed6_t95","rasch","bimodal","irw",10,0.95,"SAC (rho-tilde)","sac_info","ok",-0.00460014667771702,8.18374412048874,12.8919999999998
"940dd58533_t50","3pl_g20","normal","irw",10,0.5,"SAC (rho-tilde)","sac_info","ok",0.000193094806840932,0.835531002312797,14.325
"940dd58533_t60","3pl_g20","normal","irw",10,0.6,"SAC (rho-tilde)","sac_info","ok",0.000945178297221849,0.983153733614086,14.9360000000001
"940dd58533_t70","3pl_g20","normal","irw",10,0.7,"SAC (rho-tilde)","sac_info","ok",-0.00155787444572575,1.61309977438438,14.7099999999998
"940dd58533_t80","3pl_g20","normal","irw",10,0.8,"SAC (rho-tilde)","sac_info","not_converged",-0.113125512521368,5.52972753208269,14.0509999999999
"940dd58533_t90","3pl_g20","normal","irw",10,0.9,"SAC (rho-tilde)","sac_info","ok",-0.00554604345903975,4.08698848615839,14.836
"9513362a78_t50","2pl","heavy_tail","irw",20,0.5,"SAC (rho-tilde)","sac_info","ok",-0.000282765283372455,0.490147187026951,17.5909999999999
"9513362a78_t60","2pl","heavy_tail","irw",20,0.6,"SAC (rho-tilde)","sac_info","ok",-0.000380830204982474,0.560472852049456,18.22
"9513362a78_t70","2pl","heavy_tail","irw",20,0.7,"SAC (rho-tilde)","sac_info","ok",-0.000334449717471874,0.697566798019801,17.6130000000001
"9513362a78_t80","2pl","heavy_tail","irw",20,0.8,"SAC (rho-tilde)","sac_info","ok",-0.000643592695624973,0.940241217342664,18.71
"9513362a78_t90","2pl","heavy_tail","irw",20,0.9,"SAC (rho-tilde)","sac_info","ok",0.000630722165848474,1.93177593524258,12.2810000000002
"9513362a78_t95","2pl","heavy_tail","irw",20,0.95,"SAC (rho-tilde)","sac_info","ok",-0.00410803845355645,3.09606232652559,12.8810000000001
"9711f8cd98_t50","3pl_g20","bimodal","parametric",10,0.5,"SAC (rho-tilde)","sac_info","ok",0.00019091921148362,0.844904037821739,14.8909999999998
"9711f8cd98_t60","3pl_g20","bimodal","parametric",10,0.6,"SAC (rho-tilde)","sac_info","ok",-0.000956472041761747,1.02021403731011,15.1200000000001
"9711f8cd98_t70","3pl_g20","bimodal","parametric",10,0.7,"SAC (rho-tilde)","sac_info","ok",0.0034697451853698,1.66763519941642,14.6679999999999
"9711f8cd98_t80","3pl_g20","bimodal","parametric",10,0.8,"SAC (rho-tilde)","sac_info","ok",0.000449976220820436,2.62152315681376,15.1879999999999
"9edead4a8b_t50","2pl","normal","parametric",40,0.5,"SAC (rho-tilde)","sac_info","ok",-0.000113386958117079,0.319076259130964,26.7760000000001
"9edead4a8b_t60","2pl","normal","parametric",40,0.6,"SAC (rho-tilde)","sac_info","ok",9.64353050836309e-05,0.37506614165036,27.1930000000002
"9edead4a8b_t70","2pl","normal","parametric",40,0.7,"SAC (rho-tilde)","sac_info","ok",-6.99595319385571e-05,0.461027736888451,27.2750000000001
"9edead4a8b_t80","2pl","normal","parametric",40,0.8,"SAC (rho-tilde)","sac_info","ok",-3.27507639049651e-05,0.701469538609966,24.26
"9edead4a8b_t90","2pl","normal","parametric",40,0.9,"SAC (rho-tilde)","sac_info","ok",-0.00162829732590875,1.10126026902008,26.817
"9edead4a8b_t95","2pl","normal","parametric",40,0.95,"SAC (rho-tilde)","sac_info","ok",-0.000283738459264882,1.84326632405276,27.587
"a1f4688fbc_t50","3pl_g20","heavy_tail","irw",20,0.5,"SAC (rho-tilde)","sac_info","ok",-0.000264056115082567,0.594133610060448,20.873
"a1f4688fbc_t60","3pl_g20","heavy_tail","irw",20,0.6,"SAC (rho-tilde)","sac_info","ok",0.000268167846461886,0.722849510375416,23.3980000000001
"a1f4688fbc_t70","3pl_g20","heavy_tail","irw",20,0.7,"SAC (rho-tilde)","sac_info","ok",6.17476819352314e-05,0.856048728084216,20.644
"a1f4688fbc_t80","3pl_g20","heavy_tail","irw",20,0.8,"SAC (rho-tilde)","sac_info","ok",-0.0157065471142321,1.93690524744041,22.9319999999998
"a1f4688fbc_t90","3pl_g20","heavy_tail","irw",20,0.9,"SAC (rho-tilde)","sac_info","ok",0.00162025500681562,2.49051107549098,16.1989999999998
"a1f4688fbc_t95","3pl_g20","heavy_tail","irw",20,0.95,"SAC (rho-tilde)","sac_info","ok",0.0336502824896794,9.4436653630865,21.2160000000001
"a299eff79d_t50","3pl_beta","normal","parametric",20,0.5,"SAC (rho-tilde)","sac_info","ok",-0.000505867165782492,0.536780958577139,23.3529999999998
"a299eff79d_t60","3pl_beta","normal","parametric",20,0.6,"SAC (rho-tilde)","sac_info","ok",-0.000166072153848007,0.768009526384656,21.211
"a299eff79d_t70","3pl_beta","normal","parametric",20,0.7,"SAC (rho-tilde)","sac_info","ok",0.000392879363772969,0.917126058962844,22.9669999999999
"a299eff79d_t80","3pl_beta","normal","parametric",20,0.8,"SAC (rho-tilde)","sac_info","ok",0.000302580785587314,1.41350224608622,23.048
"a299eff79d_t90","3pl_beta","normal","parametric",20,0.9,"SAC (rho-tilde)","sac_info","ok",0.01849191130731,3.00104225709881,22.8820000000001
"a299eff79d_t95","3pl_beta","normal","parametric",20,0.95,"SAC (rho-tilde)","sac_info","ok",-0.00404810555690172,5.82028791371753,20.4749999999999
"aa41d06cf1_t50","3pl_beta","bimodal","irw",40,0.5,"SAC (rho-tilde)","sac_info","ok",-0.00014553386789995,0.405396059467277,37.7469999999998
"aa41d06cf1_t60","3pl_beta","bimodal","irw",40,0.6,"SAC (rho-tilde)","sac_info","ok",-6.08169420431848e-05,0.459799479370155,37.2
"aa41d06cf1_t70","3pl_beta","bimodal","irw",40,0.7,"SAC (rho-tilde)","sac_info","ok",-7.70223097016354e-05,0.71635349387814,33.9989999999998
"aa41d06cf1_t80","3pl_beta","bimodal","irw",40,0.8,"SAC (rho-tilde)","sac_info","ok",-9.25660012307539e-06,0.827976098659009,38.8409999999999
"aa41d06cf1_t90","3pl_beta","bimodal","irw",40,0.9,"SAC (rho-tilde)","sac_info","ok",-0.0170526503001244,3.82134673474851,33.713
"aa41d06cf1_t95","3pl_beta","bimodal","irw",40,0.95,"SAC (rho-tilde)","sac_info","ok",-0.035165074417396,3.47033989776088,35.3810000000001
"ac596c5075_t50","rasch","skew_pos","parametric",10,0.5,"SAC (rho-tilde)","sac_info","ok",0.000102824240070576,0.683632783424155,10.3610000000001
"ac596c5075_t60","rasch","skew_pos","parametric",10,0.6,"SAC (rho-tilde)","sac_info","ok",0.000410837294791522,0.862389588238477,8.26299999999992
"ac596c5075_t70","rasch","skew_pos","parametric",10,0.7,"SAC (rho-tilde)","sac_info","ok",-0.000288757069770607,1.14454405608682,11.4180000000001
"ac596c5075_t80","rasch","skew_pos","parametric",10,0.8,"SAC (rho-tilde)","sac_info","ok",-0.00180623720336581,1.72896326765568,13.2240000000002
"ac596c5075_t90","rasch","skew_pos","parametric",10,0.9,"SAC (rho-tilde)","sac_info","ok",0.000785811798279745,3.1079078688821,11.5909999999999
"ac596c5075_t95","rasch","skew_pos","parametric",10,0.95,"SAC (rho-tilde)","sac_info","ok",-0.00111693055482609,7.40317708879171,13.2269999999999
"ad266e1728_t50","3pl_beta","heavy_tail","irw",10,0.5,"SAC (rho-tilde)","sac_info","ok",-0.00375351058267726,1.52112367054296,14.385
"ad266e1728_t60","3pl_beta","heavy_tail","irw",10,0.6,"SAC (rho-tilde)","sac_info","ok",0.00357720625129254,1.48268662038423,14.9870000000001
"ad266e1728_t70","3pl_beta","heavy_tail","irw",10,0.7,"SAC (rho-tilde)","sac_info","not_converged",0.157840218547742,3.76671290182302,11.5500000000002
"ad266e1728_t80","3pl_beta","heavy_tail","irw",10,0.8,"SAC (rho-tilde)","sac_info","not_converged",-0.100830760218773,5.36776104793044,14.3
"ad266e1728_t90","3pl_beta","heavy_tail","irw",10,0.9,"SAC (rho-tilde)","sac_info","not_converged",0.05126055904463,9.12812226365235,15.365
"ade7e80f30_t50","3pl_g20","skew_pos","parametric",40,0.5,"SAC (rho-tilde)","sac_info","ok",0.000180455656050627,0.371434380752909,37.9960000000001
"ade7e80f30_t60","3pl_g20","skew_pos","parametric",40,0.6,"SAC (rho-tilde)","sac_info","ok",-0.00030669864382149,0.440539275516649,37.1139999999998
"ade7e80f30_t70","3pl_g20","skew_pos","parametric",40,0.7,"SAC (rho-tilde)","sac_info","ok",-0.000242008270157523,0.536474434748812,37.5840000000001
"ade7e80f30_t80","3pl_g20","skew_pos","parametric",40,0.8,"SAC (rho-tilde)","sac_info","ok",0.000297947491773365,0.854178406184506,33.4670000000001
"ade7e80f30_t90","3pl_g20","skew_pos","parametric",40,0.9,"SAC (rho-tilde)","sac_info","ok",0.00661348237695658,1.54614499249854,37.508
"ade7e80f30_t95","3pl_g20","skew_pos","parametric",40,0.95,"SAC (rho-tilde)","sac_info","ok",-0.00629601428251925,2.45296466360789,27.585
"b06cf9b257_t50","2pl","heavy_tail","parametric",40,0.5,"SAC (rho-tilde)","sac_info","ok",7.51788545918508e-05,0.299967795951088,29.5710000000001
"b06cf9b257_t60","2pl","heavy_tail","parametric",40,0.6,"SAC (rho-tilde)","sac_info","ok",-9.95441207873871e-06,0.377282942840462,29.059
"b06cf9b257_t70","2pl","heavy_tail","parametric",40,0.7,"SAC (rho-tilde)","sac_info","ok",-6.08218083074652e-05,0.493096227415676,28.539
"b06cf9b257_t80","2pl","heavy_tail","parametric",40,0.8,"SAC (rho-tilde)","sac_info","ok",4.17735146509557e-05,0.622295033938545,29.069
"b06cf9b257_t90","2pl","heavy_tail","parametric",40,0.9,"SAC (rho-tilde)","sac_info","ok",0.00198231886898104,1.04021789936162,28.752
"b06cf9b257_t95","2pl","heavy_tail","parametric",40,0.95,"SAC (rho-tilde)","sac_info","ok",0.00160337377343533,1.95290659120594,27.711
"b5c17df61e_t50","3pl_beta","heavy_tail","irw",40,0.5,"SAC (rho-tilde)","sac_info","ok",-0.000138666018399791,0.421593969466381,37.682
"b5c17df61e_t60","3pl_beta","heavy_tail","irw",40,0.6,"SAC (rho-tilde)","sac_info","ok",6.05298618489014e-05,0.496352218870072,40.3519999999999
"b5c17df61e_t70","3pl_beta","heavy_tail","irw",40,0.7,"SAC (rho-tilde)","sac_info","ok",-0.000165323333532919,0.590665988848422,37.9730000000002
"b5c17df61e_t80","3pl_beta","heavy_tail","irw",40,0.8,"SAC (rho-tilde)","sac_info","ok",0.000485279131350103,0.897799860835563,37.6320000000001
"b5c17df61e_t90","3pl_beta","heavy_tail","irw",40,0.9,"SAC (rho-tilde)","sac_info","ok",-0.00510059154727893,1.51330528381955,37.511
"b5c17df61e_t95","3pl_beta","heavy_tail","irw",40,0.95,"SAC (rho-tilde)","sac_info","ok",-0.024483875419048,2.87865922553745,36.6110000000001
"b605c149c3_t50","2pl","bimodal","irw",10,0.5,"SAC (rho-tilde)","sac_info","ok",7.57268571479619e-05,0.759383068219948,14.1129999999998
"b605c149c3_t60","2pl","bimodal","irw",10,0.6,"SAC (rho-tilde)","sac_info","ok",-0.0001160669653818,0.7153611518262,13.7809999999999
"b605c149c3_t70","2pl","bimodal","irw",10,0.7,"SAC (rho-tilde)","sac_info","ok",-0.00304766553078406,1.49408001352492,8.69599999999991
"b605c149c3_t80","2pl","bimodal","irw",10,0.8,"SAC (rho-tilde)","sac_info","ok",0.0063420597045043,1.64166689345517,13.941
"b605c149c3_t90","2pl","bimodal","irw",10,0.9,"SAC (rho-tilde)","sac_info","ok",-0.0189083591784752,3.53943544524098,12.903
"b69bee9770_t50","rasch","normal","irw",40,0.5,"SAC (rho-tilde)","sac_info","ok",-2.85302968093815e-05,0.328837264437115,28.982
"b69bee9770_t60","rasch","normal","irw",40,0.6,"SAC (rho-tilde)","sac_info","ok",7.70955894867642e-05,0.447566990002354,27.9839999999999
"b69bee9770_t70","rasch","normal","irw",40,0.7,"SAC (rho-tilde)","sac_info","ok",-2.10989441964404e-05,0.543154727081436,21.018
"b69bee9770_t80","rasch","normal","irw",40,0.8,"SAC (rho-tilde)","sac_info","ok",0.000148887676349574,0.684930500918959,30.277
"b69bee9770_t90","rasch","normal","irw",40,0.9,"SAC (rho-tilde)","sac_info","ok",0.00791315126984604,1.30032363298814,23.9090000000001
"b69bee9770_t95","rasch","normal","irw",40,0.95,"SAC (rho-tilde)","sac_info","ok",-0.000850940294614189,1.89536144886543,28.837
"b6cfbaf90a_t50","rasch","bimodal","parametric",40,0.5,"SAC (rho-tilde)","sac_info","ok",0.000100888864898119,0.322953412572221,28.1799999999998
"b6cfbaf90a_t60","rasch","bimodal","parametric",40,0.6,"SAC (rho-tilde)","sac_info","ok",7.34843204576174e-05,0.401120746405083,28.001
"b6cfbaf90a_t70","rasch","bimodal","parametric",40,0.7,"SAC (rho-tilde)","sac_info","ok",1.51241247905443e-05,0.509904612182256,28.2180000000001
"b6cfbaf90a_t80","rasch","bimodal","parametric",40,0.8,"SAC (rho-tilde)","sac_info","ok",4.01105711447247e-05,0.688408897540031,27.4490000000001
"b6cfbaf90a_t90","rasch","bimodal","parametric",40,0.9,"SAC (rho-tilde)","sac_info","ok",-0.000529093137242698,1.18779779810697,27.175
"b6cfbaf90a_t95","rasch","bimodal","parametric",40,0.95,"SAC (rho-tilde)","sac_info","ok",0.0015363770452641,2.04816901873661,27.348
"b6eb9aaebc_t50","rasch","bimodal","irw",40,0.5,"SAC (rho-tilde)","sac_info","ok",-1.35869912917808e-05,0.333231521692513,28.7359999999999
"b6eb9aaebc_t60","rasch","bimodal","irw",40,0.6,"SAC (rho-tilde)","sac_info","ok",-3.09337414220456e-05,0.400350267536732,28.3040000000001
"b6eb9aaebc_t70","rasch","bimodal","irw",40,0.7,"SAC (rho-tilde)","sac_info","ok",-0.00050979263101103,0.749096285165481,18.289
"b6eb9aaebc_t80","rasch","bimodal","irw",40,0.8,"SAC (rho-tilde)","sac_info","ok",0.000158863982331336,0.681422124181562,28.5320000000002
"b6eb9aaebc_t90","rasch","bimodal","irw",40,0.9,"SAC (rho-tilde)","sac_info","ok",0.00578482174671913,1.13787068912979,28.078
"b6eb9aaebc_t95","rasch","bimodal","irw",40,0.95,"SAC (rho-tilde)","sac_info","ok",-0.0123996026389321,2.28936665813136,26.578
"b75c180cb0_t50","2pl","skew_pos","parametric",10,0.5,"SAC (rho-tilde)","sac_info","ok",0.000161694929895928,0.684233000734324,12.645
"b75c180cb0_t60","2pl","skew_pos","parametric",10,0.6,"SAC (rho-tilde)","sac_info","ok",-0.000177765928650375,0.831866160585659,12.8510000000001
"b75c180cb0_t70","2pl","skew_pos","parametric",10,0.7,"SAC (rho-tilde)","sac_info","ok",9.74801471492759e-05,1.19944409947653,12.7070000000003
"b75c180cb0_t80","2pl","skew_pos","parametric",10,0.8,"SAC (rho-tilde)","sac_info","ok",0.00436411202462061,1.56621291554716,12.616
"b75c180cb0_t90","2pl","skew_pos","parametric",10,0.9,"SAC (rho-tilde)","sac_info","ok",0.0051498617545872,3.36294691533349,12.395
"b75c180cb0_t95","2pl","skew_pos","parametric",10,0.95,"SAC (rho-tilde)","sac_info","ok",-0.00392085868335024,7.03913893051797,12.6859999999999
"b7cb5fd647_t50","rasch","normal","irw",20,0.5,"SAC (rho-tilde)","sac_info","ok",-7.68038324159281e-05,0.462060017181657,18.5549999999998
"b7cb5fd647_t60","rasch","normal","irw",20,0.6,"SAC (rho-tilde)","sac_info","ok",0.000164389645888718,0.623153730144025,18.9090000000001
"b7cb5fd647_t70","rasch","normal","irw",20,0.7,"SAC (rho-tilde)","sac_info","ok",0.00199036218121595,0.898339994621252,18.8200000000002
"b7cb5fd647_t80","rasch","normal","irw",20,0.8,"SAC (rho-tilde)","sac_info","ok",0.000687433841240037,1.01228316433931,19.0709999999999
"b7cb5fd647_t90","rasch","normal","irw",20,0.9,"SAC (rho-tilde)","sac_info","ok",-0.00526362794104163,1.90191530167679,13.7219999999998
"b7cb5fd647_t95","rasch","normal","irw",20,0.95,"SAC (rho-tilde)","sac_info","ok",-0.00135454782734246,3.29684183821873,18.288
"b80071f5e2_t50","2pl","heavy_tail","irw",60,0.5,"SAC (rho-tilde)","sac_info","ok",-7.28022458610367e-05,0.252587596658807,25.8709999999996
"b80071f5e2_t60","2pl","heavy_tail","irw",60,0.6,"SAC (rho-tilde)","sac_info","ok",5.77289388925539e-06,0.308623077803385,30.4470000000001
"b80071f5e2_t70","2pl","heavy_tail","irw",60,0.7,"SAC (rho-tilde)","sac_info","ok",0.00012421400764262,0.39220024473433,35.1619999999998
"b80071f5e2_t80","2pl","heavy_tail","irw",60,0.8,"SAC (rho-tilde)","sac_info","ok",-0.000139863478322955,0.500707725642267,23.9900000000002
"b80071f5e2_t90","2pl","heavy_tail","irw",60,0.9,"SAC (rho-tilde)","sac_info","ok",-0.000256696529261857,0.817813487102676,24.098
"b80071f5e2_t95","2pl","heavy_tail","irw",60,0.95,"SAC (rho-tilde)","sac_info","ok",-0.00143810279454193,1.29960698200857,27.1790000000001
"b8ba807a81_t50","rasch","heavy_tail","irw",60,0.5,"SAC (rho-tilde)","sac_info","ok",-1.83235331343012e-05,0.274702602070873,27.6680000000001
"b8ba807a81_t60","rasch","heavy_tail","irw",60,0.6,"SAC (rho-tilde)","sac_info","ok",0.00013130252625837,0.329741675267825,26.393
"b8ba807a81_t70","rasch","heavy_tail","irw",60,0.7,"SAC (rho-tilde)","sac_info","ok",-0.000108697619814246,0.463893705472415,23.3379999999997
"b8ba807a81_t80","rasch","heavy_tail","irw",60,0.8,"SAC (rho-tilde)","sac_info","ok",2.24702409422628e-05,0.614484115404213,22.645
"b8ba807a81_t90","rasch","heavy_tail","irw",60,0.9,"SAC (rho-tilde)","sac_info","ok",0.000269183065628287,0.830497581471325,24.3040000000001
"b8ba807a81_t95","rasch","heavy_tail","irw",60,0.95,"SAC (rho-tilde)","sac_info","ok",0.00757236145680151,1.9471743899543,22.7379999999998
"bb52ad0abc_t50","3pl_beta","normal","irw",10,0.5,"SAC (rho-tilde)","sac_info","ok",0.000782006990826645,0.899164973443621,16.21
"bb52ad0abc_t60","3pl_beta","normal","irw",10,0.6,"SAC (rho-tilde)","sac_info","ok",0.00342687104619122,1.15978781578215,12.308
"bb52ad0abc_t70","3pl_beta","normal","irw",10,0.7,"SAC (rho-tilde)","sac_info","ok",0.00133229990226036,1.452239370952,16.1929999999998
"bb52ad0abc_t80","3pl_beta","normal","irw",10,0.8,"SAC (rho-tilde)","sac_info","not_converged",0.0805999963111141,3.15505763001847,16.0300000000002
"bb52ad0abc_t90","3pl_beta","normal","irw",10,0.9,"SAC (rho-tilde)","sac_info","not_converged",-0.0589477244470854,5.12192579473965,16.0799999999999
"bb52ad0abc_t95","3pl_beta","normal","irw",10,0.95,"SAC (rho-tilde)","sac_info","ok",-0.0102661331220207,10.1747099828994,16.0619999999999
"bd4a352d58_t50","2pl","skew_pos","parametric",60,0.5,"SAC (rho-tilde)","sac_info","ok",-7.0814538201236e-05,0.235821381874183,38.8289999999997
"bd4a352d58_t60","2pl","skew_pos","parametric",60,0.6,"SAC (rho-tilde)","sac_info","ok",-6.43162715806556e-05,0.27982315658285,38.0610000000001
"bd4a352d58_t70","2pl","skew_pos","parametric",60,0.7,"SAC (rho-tilde)","sac_info","ok",0.000137325674401945,0.393304216214604,38.8200000000002
"bd4a352d58_t80","2pl","skew_pos","parametric",60,0.8,"SAC (rho-tilde)","sac_info","ok",0.000178386658975516,0.556867851579228,40.6610000000001
"bd4a352d58_t90","2pl","skew_pos","parametric",60,0.9,"SAC (rho-tilde)","sac_info","ok",4.73576039490275e-05,0.785874018696947,38.9470000000001
"bd4a352d58_t95","2pl","skew_pos","parametric",60,0.95,"SAC (rho-tilde)","sac_info","ok",-0.00340623231279125,1.40484844099923,40.4410000000003
"bec01bd864_t50","3pl_g20","bimodal","irw",40,0.5,"SAC (rho-tilde)","sac_info","ok",-0.000157374675865296,0.37149222034963,38.3309999999997
"bec01bd864_t60","3pl_g20","bimodal","irw",40,0.6,"SAC (rho-tilde)","sac_info","ok",2.97759600910164e-05,0.461377146561131,39.7999999999997
"bec01bd864_t70","3pl_g20","bimodal","irw",40,0.7,"SAC (rho-tilde)","sac_info","ok",-0.000297997869798561,0.592862561770753,39.1990000000001
"bec01bd864_t80","3pl_g20","bimodal","irw",40,0.8,"SAC (rho-tilde)","sac_info","ok",0.00343202055091052,0.844829288112896,39.2760000000003
"bec01bd864_t90","3pl_g20","bimodal","irw",40,0.9,"SAC (rho-tilde)","sac_info","ok",-0.00651973971997399,1.63795065130047,37.7650000000003
"bec01bd864_t95","3pl_g20","bimodal","irw",40,0.95,"SAC (rho-tilde)","sac_info","ok",0.0177953319313737,3.84916828079341,39.0570000000002
"bec5a244cc_t50","3pl_g20","bimodal","parametric",20,0.5,"SAC (rho-tilde)","sac_info","ok",0.000462496680579072,0.564998199996254,23.8760000000002
"bec5a244cc_t60","3pl_g20","bimodal","parametric",20,0.6,"SAC (rho-tilde)","sac_info","ok",-0.000487738492925494,0.660420189406259,24.1990000000001
"bec5a244cc_t70","3pl_g20","bimodal","parametric",20,0.7,"SAC (rho-tilde)","sac_info","ok",-4.22003901040524e-05,0.973801147589585,21.3760000000002
"bec5a244cc_t80","3pl_g20","bimodal","parametric",20,0.8,"SAC (rho-tilde)","sac_info","ok",-0.00456718443348281,1.53308993586723,23.8719999999998
"bec5a244cc_t90","3pl_g20","bimodal","parametric",20,0.9,"SAC (rho-tilde)","sac_info","ok",-0.0032638831216284,2.60519735765103,23.5319999999997
"bec5a244cc_t95","3pl_g20","bimodal","parametric",20,0.95,"SAC (rho-tilde)","sac_info","ok",0.0031526461032011,5.56425410864004,23.6019999999999
"c9eb5b038f_t50","rasch","normal","parametric",60,0.5,"SAC (rho-tilde)","sac_info","ok",-5.9489012752878e-05,0.261092237397455,39.511
"c9eb5b038f_t60","rasch","normal","parametric",60,0.6,"SAC (rho-tilde)","sac_info","ok",5.36954918471944e-05,0.320975730383783,29.1070000000004
"c9eb5b038f_t70","rasch","normal","parametric",60,0.7,"SAC (rho-tilde)","sac_info","ok",7.63752687554797e-05,0.413526126239687,38.692
"c9eb5b038f_t80","rasch","normal","parametric",60,0.8,"SAC (rho-tilde)","sac_info","ok",-0.000171362259424934,0.546006283475676,39.4859999999999
"c9eb5b038f_t90","rasch","normal","parametric",60,0.9,"SAC (rho-tilde)","sac_info","ok",-0.000311129701704882,0.891479160074704,38.2139999999999
"c9eb5b038f_t95","rasch","normal","parametric",60,0.95,"SAC (rho-tilde)","sac_info","ok",0.00020520385930145,1.47107229122063,37.931
"cae4d8ac21_t50","rasch","bimodal","parametric",60,0.5,"SAC (rho-tilde)","sac_info","ok",3.73627137503219e-05,0.262947458639132,38.518
"cae4d8ac21_t60","rasch","bimodal","parametric",60,0.6,"SAC (rho-tilde)","sac_info","ok",1.1663235639392e-05,0.325595503011434,39.8969999999999
"cae4d8ac21_t70","rasch","bimodal","parametric",60,0.7,"SAC (rho-tilde)","sac_info","ok",3.48398942827677e-05,0.411104620706288,39.5029999999997
"cae4d8ac21_t80","rasch","bimodal","parametric",60,0.8,"SAC (rho-tilde)","sac_info","ok",4.10161628950911e-05,0.546067251046446,38.9559999999997
"cae4d8ac21_t90","rasch","bimodal","parametric",60,0.9,"SAC (rho-tilde)","sac_info","ok",0.000407018953484717,0.871703327622711,39.9730000000004
"cae4d8ac21_t95","rasch","bimodal","parametric",60,0.95,"SAC (rho-tilde)","sac_info","ok",-0.000118004817386441,1.46407999708205,37.527
"d2798548f9_t50","3pl_g20","heavy_tail","parametric",10,0.5,"SAC (rho-tilde)","sac_info","ok",-4.7198009719418e-06,0.894190254956011,15.7080000000001
"d2798548f9_t60","3pl_g20","heavy_tail","parametric",10,0.6,"SAC (rho-tilde)","sac_info","ok",-0.000800151467348353,1.34488316169061,10.5880000000002
"d2798548f9_t70","3pl_g20","heavy_tail","parametric",10,0.7,"SAC (rho-tilde)","sac_info","ok",-0.00279106199579082,1.69163887467769,13.3540000000003
"d2798548f9_t80","3pl_g20","heavy_tail","parametric",10,0.8,"SAC (rho-tilde)","sac_info","ok",-0.00481255955486093,2.32631198647507,15.2829999999999
"d2798548f9_t90","3pl_g20","heavy_tail","parametric",10,0.9,"SAC (rho-tilde)","sac_info","ok",-0.00428354977709489,4.13152631448643,15.924
"d41c681147_t50","2pl","normal","parametric",10,0.5,"SAC (rho-tilde)","sac_info","ok",-0.0003194524366118,0.651133175144395,12.3919999999998
"d41c681147_t60","2pl","normal","parametric",10,0.6,"SAC (rho-tilde)","sac_info","ok",-0.000581242737654808,0.847358311038729,11.4669999999996
"d41c681147_t70","2pl","normal","parametric",10,0.7,"SAC (rho-tilde)","sac_info","ok",0.000644001218498502,0.940062031293713,13.223
"d41c681147_t80","2pl","normal","parametric",10,0.8,"SAC (rho-tilde)","sac_info","ok",-0.00594758927318983,1.81760597797453,10.6750000000002
"d41c681147_t90","2pl","normal","parametric",10,0.9,"SAC (rho-tilde)","sac_info","ok",0.0146356294391986,3.47872767436564,12.5059999999999
"d41c681147_t95","2pl","normal","parametric",10,0.95,"SAC (rho-tilde)","sac_info","ok",0.0117607115639823,7.14874972887286,12.123
"d4e15da8e2_t50","2pl","normal","irw",60,0.5,"SAC (rho-tilde)","sac_info","ok",6.10151585356267e-06,0.242765603412561,38.9320000000002
"d4e15da8e2_t60","2pl","normal","irw",60,0.6,"SAC (rho-tilde)","sac_info","ok",1.76506939782994e-05,0.322659790136426,41.018
"d4e15da8e2_t70","2pl","normal","irw",60,0.7,"SAC (rho-tilde)","sac_info","ok",8.06906350465653e-05,0.36809419298816,42.8290000000002
"d4e15da8e2_t80","2pl","normal","irw",60,0.8,"SAC (rho-tilde)","sac_info","ok",0.000210773859980917,0.517111986530359,39.3710000000001
"d4e15da8e2_t90","2pl","normal","irw",60,0.9,"SAC (rho-tilde)","sac_info","ok",-0.000543512448824668,0.95701178483095,35.9769999999999
"d4e15da8e2_t95","2pl","normal","irw",60,0.95,"SAC (rho-tilde)","sac_info","ok",-0.0158549682756328,1.67496151232518,41.3759999999997
"d76fb115fe_t50","3pl_g20","skew_pos","irw",10,0.5,"SAC (rho-tilde)","sac_info","ok",-0.00121679214217812,1.29424408636093,14.3710000000001
"d76fb115fe_t60","3pl_g20","skew_pos","irw",10,0.6,"SAC (rho-tilde)","sac_info","ok",0.00113769078917947,1.04808564924967,16.3719999999998
"d76fb115fe_t70","3pl_g20","skew_pos","irw",10,0.7,"SAC (rho-tilde)","sac_info","ok",0.00272291839388317,1.32552123286648,16.2809999999999
"d76fb115fe_t80","3pl_g20","skew_pos","irw",10,0.8,"SAC (rho-tilde)","sac_info","ok",-0.017168890632584,3.09903511036708,14.598
"d76fb115fe_t90","3pl_g20","skew_pos","irw",10,0.9,"SAC (rho-tilde)","sac_info","ok",-0.0174343027397835,4.08176225525229,14.9260000000004
"d9861a350b_t50","3pl_beta","skew_pos","parametric",40,0.5,"SAC (rho-tilde)","sac_info","ok",0.000304658116181633,0.399484486706554,41.7269999999999
"d9861a350b_t60","3pl_beta","skew_pos","parametric",40,0.6,"SAC (rho-tilde)","sac_info","ok",0.000102318707757898,0.479127095999785,38.8449999999998
"d9861a350b_t70","3pl_beta","skew_pos","parametric",40,0.7,"SAC (rho-tilde)","sac_info","ok",-0.000102371338844609,0.589954902350668,41.116
"d9861a350b_t80","3pl_beta","skew_pos","parametric",40,0.8,"SAC (rho-tilde)","sac_info","ok",-3.75019567411261e-05,0.885431723797235,30.1030000000001
"d9861a350b_t90","3pl_beta","skew_pos","parametric",40,0.9,"SAC (rho-tilde)","sac_info","ok",-0.000347015946203011,1.59972293571556,36.6579999999999
"d9861a350b_t95","3pl_beta","skew_pos","parametric",40,0.95,"SAC (rho-tilde)","sac_info","ok",-0.000461238716784274,3.12258284852411,36.7849999999999
"d9b7e34bfd_t50","3pl_beta","normal","parametric",60,0.5,"SAC (rho-tilde)","sac_info","ok",6.89098419882628e-05,0.283296474791062,57.627
"d9b7e34bfd_t60","3pl_beta","normal","parametric",60,0.6,"SAC (rho-tilde)","sac_info","ok",-0.000134450855870827,0.380784368113924,53.3099999999999
"d9b7e34bfd_t70","3pl_beta","normal","parametric",60,0.7,"SAC (rho-tilde)","sac_info","ok",0.000120239143987066,0.491630654022939,46.8990000000003
"d9b7e34bfd_t80","3pl_beta","normal","parametric",60,0.8,"SAC (rho-tilde)","sac_info","ok",9.62303706050216e-05,0.684346767175802,54.0639999999999
"d9b7e34bfd_t90","3pl_beta","normal","parametric",60,0.9,"SAC (rho-tilde)","sac_info","ok",-0.000172814676764665,1.13143864460735,57.6079999999997
"d9b7e34bfd_t95","3pl_beta","normal","parametric",60,0.95,"SAC (rho-tilde)","sac_info","ok",-0.000258477271221969,1.97101669205883,51.6360000000004
"d9f9912361_t50","3pl_g20","normal","parametric",40,0.5,"SAC (rho-tilde)","sac_info","ok",-5.29617915692726e-05,0.329766984450501,41.0340000000001
"d9f9912361_t60","3pl_g20","normal","parametric",40,0.6,"SAC (rho-tilde)","sac_info","ok",-0.00026882759473823,0.47513578914665,40.835
"d9f9912361_t70","3pl_g20","normal","parametric",40,0.7,"SAC (rho-tilde)","sac_info","ok",-2.499212996665e-05,0.573576776024914,38.0150000000003
"d9f9912361_t80","3pl_g20","normal","parametric",40,0.8,"SAC (rho-tilde)","sac_info","ok",-0.000158970068504072,0.815011338618248,41.049
"d9f9912361_t90","3pl_g20","normal","parametric",40,0.9,"SAC (rho-tilde)","sac_info","ok",-0.00194098398988718,1.5220524618252,40.875
"d9f9912361_t95","3pl_g20","normal","parametric",40,0.95,"SAC (rho-tilde)","sac_info","ok",-0.00156378562113357,2.7492550289333,39.1800000000003
"dd9d6dae8d_t50","2pl","skew_pos","irw",10,0.5,"SAC (rho-tilde)","sac_info","ok",-0.00021650889599778,0.784118621868611,13.0079999999998
"dd9d6dae8d_t60","2pl","skew_pos","irw",10,0.6,"SAC (rho-tilde)","sac_info","ok",0.0031937411962929,1.12162910356817,13.2759999999998
"dd9d6dae8d_t70","2pl","skew_pos","irw",10,0.7,"SAC (rho-tilde)","sac_info","ok",0.00724502679350814,1.40980523768343,13.2069999999999
"dd9d6dae8d_t80","2pl","skew_pos","irw",10,0.8,"SAC (rho-tilde)","sac_info","ok",-0.00218971887030794,1.70837014591865,13.9660000000003
"dd9d6dae8d_t90","2pl","skew_pos","irw",10,0.9,"SAC (rho-tilde)","sac_info","ok",-0.00432964076737774,3.0047269472505,13.826
"dd9d6dae8d_t95","2pl","skew_pos","irw",10,0.95,"SAC (rho-tilde)","sac_info","not_converged",-0.0784956846344823,6.43664280982464,14.8019999999997
"dfce2b64f4_t50","3pl_g20","heavy_tail","irw",40,0.5,"SAC (rho-tilde)","sac_info","ok",3.36058107623938e-05,0.414232274250687,39.357
"dfce2b64f4_t60","3pl_g20","heavy_tail","irw",40,0.6,"SAC (rho-tilde)","sac_info","ok",-0.000137955762128827,0.46903459961962,41.7490000000003
"dfce2b64f4_t70","3pl_g20","heavy_tail","irw",40,0.7,"SAC (rho-tilde)","sac_info","ok",-2.67963115813119e-05,0.718023144661735,38.6080000000002
"dfce2b64f4_t80","3pl_g20","heavy_tail","irw",40,0.8,"SAC (rho-tilde)","sac_info","ok",-9.24770562714672e-05,0.795045196710675,41.5650000000001
"dfce2b64f4_t90","3pl_g20","heavy_tail","irw",40,0.9,"SAC (rho-tilde)","sac_info","not_converged",0.0344346318852974,1.84094070541688,39.0419999999999
"dfce2b64f4_t95","3pl_g20","heavy_tail","irw",40,0.95,"SAC (rho-tilde)","sac_info","ok",0.00810106958785084,7.14923623352356,33.846
"e0422750e1_t50","2pl","bimodal","parametric",60,0.5,"SAC (rho-tilde)","sac_info","ok",5.48419074497541e-05,0.248251858805735,42.3240000000001
"e0422750e1_t60","2pl","bimodal","parametric",60,0.6,"SAC (rho-tilde)","sac_info","ok",-7.83358837268544e-05,0.308775967488455,39.8399999999997
"e0422750e1_t70","2pl","bimodal","parametric",60,0.7,"SAC (rho-tilde)","sac_info","ok",-0.000174304932139213,0.361832687833493,39.7250000000004
"e0422750e1_t80","2pl","bimodal","parametric",60,0.8,"SAC (rho-tilde)","sac_info","ok",0.000102897520523504,0.518761675245243,40.4209999999998
"e0422750e1_t90","2pl","bimodal","parametric",60,0.9,"SAC (rho-tilde)","sac_info","ok",-3.64382510706918e-05,0.863413192291944,39.998
"e0422750e1_t95","2pl","bimodal","parametric",60,0.95,"SAC (rho-tilde)","sac_info","ok",-0.00319730246781635,1.39908167040164,40.7040000000002
"e1c3c9e4f3_t50","3pl_beta","skew_pos","irw",40,0.5,"SAC (rho-tilde)","sac_info","ok",0.000365326649921838,0.398977963996543,38.2620000000002
"e1c3c9e4f3_t60","3pl_beta","skew_pos","irw",40,0.6,"SAC (rho-tilde)","sac_info","ok",-0.000119339898276838,0.461270742291237,39.069
"e1c3c9e4f3_t70","3pl_beta","skew_pos","irw",40,0.7,"SAC (rho-tilde)","sac_info","ok",-0.000479301216794514,0.58442106392906,39.5149999999999
"e1c3c9e4f3_t80","3pl_beta","skew_pos","irw",40,0.8,"SAC (rho-tilde)","sac_info","ok",-0.00383410990704669,1.22402700562777,36.201
"e1c3c9e4f3_t90","3pl_beta","skew_pos","irw",40,0.9,"SAC (rho-tilde)","sac_info","ok",-0.00807377620460337,1.64195740739063,36.933
"e1c3c9e4f3_t95","3pl_beta","skew_pos","irw",40,0.95,"SAC (rho-tilde)","sac_info","ok",0.00764597986133919,2.94846736638987,38.6210000000001
"ec1be6f260_t50","3pl_g20","heavy_tail","parametric",60,0.5,"SAC (rho-tilde)","sac_info","ok",-0.000186569299112704,0.290417935417742,50.386
"ec1be6f260_t60","3pl_g20","heavy_tail","parametric",60,0.6,"SAC (rho-tilde)","sac_info","ok",0.000230637545177936,0.361355462928161,50.5279999999998
"ec1be6f260_t70","3pl_g20","heavy_tail","parametric",60,0.7,"SAC (rho-tilde)","sac_info","ok",-3.54152645724026e-05,0.446860231233043,50.1659999999997
"ec1be6f260_t80","3pl_g20","heavy_tail","parametric",60,0.8,"SAC (rho-tilde)","sac_info","ok",0.00022656794259035,0.644994062108969,51.2360000000003
"ec1be6f260_t90","3pl_g20","heavy_tail","parametric",60,0.9,"SAC (rho-tilde)","sac_info","ok",-0.000629634382403155,1.2110679960614,49.9280000000003
"ec1be6f260_t95","3pl_g20","heavy_tail","parametric",60,0.95,"SAC (rho-tilde)","sac_info","ok",-7.13484184556856e-05,1.93770517926865,49.462
"ec99a4118e_t50","rasch","skew_pos","parametric",40,0.5,"SAC (rho-tilde)","sac_info","ok",9.71516102789005e-05,0.326069268020991,29.087
"ec99a4118e_t60","rasch","skew_pos","parametric",40,0.6,"SAC (rho-tilde)","sac_info","ok",0.000111645656273751,0.403532737062188,29.1040000000003
"ec99a4118e_t70","rasch","skew_pos","parametric",40,0.7,"SAC (rho-tilde)","sac_info","ok",-0.000151967491622829,0.510531810877549,25.9630000000002
"ec99a4118e_t80","rasch","skew_pos","parametric",40,0.8,"SAC (rho-tilde)","sac_info","ok",0.000101547291638582,0.689848391651329,28.0680000000002
"ec99a4118e_t90","rasch","skew_pos","parametric",40,0.9,"SAC (rho-tilde)","sac_info","ok",0.000171112943217699,1.15221656463588,19.5799999999999
"ec99a4118e_t95","rasch","skew_pos","parametric",40,0.95,"SAC (rho-tilde)","sac_info","ok",-0.00201693040978645,1.91519480147083,19.1089999999999
"f0bf345638_t50","3pl_beta","bimodal","irw",20,0.5,"SAC (rho-tilde)","sac_info","ok",0.000142502889131646,0.577504856621949,23.27
"f0bf345638_t60","3pl_beta","bimodal","irw",20,0.6,"SAC (rho-tilde)","sac_info","ok",-0.00263919384706446,1.21604903925285,22.0079999999998
"f0bf345638_t70","3pl_beta","bimodal","irw",20,0.7,"SAC (rho-tilde)","sac_info","ok",0.00139773903162455,0.931564029739284,22.8699999999999
"f0bf345638_t80","3pl_beta","bimodal","irw",20,0.8,"SAC (rho-tilde)","sac_info","ok",-0.00203405837750026,1.44640540097191,15.3910000000001
"f0bf345638_t90","3pl_beta","bimodal","irw",20,0.9,"SAC (rho-tilde)","sac_info","not_converged",-0.0616773852007764,3.89557207933255,21.4670000000001
"f0bf345638_t95","3pl_beta","bimodal","irw",20,0.95,"SAC (rho-tilde)","sac_info","ok",0.00126612014942085,6.50272832280302,22.48
"f1ffd2e9cb_t50","rasch","heavy_tail","irw",40,0.5,"SAC (rho-tilde)","sac_info","ok",-0.000202664279270071,0.32325368262079,20.165
"f1ffd2e9cb_t60","rasch","heavy_tail","irw",40,0.6,"SAC (rho-tilde)","sac_info","ok",-0.000104008747902506,0.399403666988876,25.7069999999999
"f1ffd2e9cb_t70","rasch","heavy_tail","irw",40,0.7,"SAC (rho-tilde)","sac_info","ok",-0.00012615101296154,0.524332621854404,18.4459999999999
"f1ffd2e9cb_t80","rasch","heavy_tail","irw",40,0.8,"SAC (rho-tilde)","sac_info","ok",-5.57070926631154e-05,0.685153531958394,18.4000000000001
"f1ffd2e9cb_t90","rasch","heavy_tail","irw",40,0.9,"SAC (rho-tilde)","sac_info","ok",0.00115754126885181,1.04879501009846,18.489
"f1ffd2e9cb_t95","rasch","heavy_tail","irw",40,0.95,"SAC (rho-tilde)","sac_info","ok",0.0134620652729965,2.18198451496978,26.5390000000002
"fc718aeb3f_t50","2pl","skew_pos","irw",60,0.5,"SAC (rho-tilde)","sac_info","ok",-6.73048819119781e-05,0.232372415795301,24.5520000000001
"fc718aeb3f_t60","2pl","skew_pos","irw",60,0.6,"SAC (rho-tilde)","sac_info","ok",7.69379475945575e-05,0.301848379419767,33.6190000000001
"fc718aeb3f_t70","2pl","skew_pos","irw",60,0.7,"SAC (rho-tilde)","sac_info","ok",0.000129995178080322,0.383503617729273,29.2599999999998
"fc718aeb3f_t80","2pl","skew_pos","irw",60,0.8,"SAC (rho-tilde)","sac_info","ok",-7.26846456862162e-05,0.529060532132738,34.9049999999997
"fc718aeb3f_t90","2pl","skew_pos","irw",60,0.9,"SAC (rho-tilde)","sac_info","ok",0.000775518966308897,0.826071754512747,34.848
"fc718aeb3f_t95","2pl","skew_pos","irw",60,0.95,"SAC (rho-tilde)","sac_info","ok",0.00369518576631378,1.28447358512856,34.944
"fdb6cca665_t50","2pl","heavy_tail","parametric",10,0.5,"SAC (rho-tilde)","sac_info","ok",-0.000222958818941243,0.622729221223823,13.6189999999997
"fdb6cca665_t60","2pl","heavy_tail","parametric",10,0.6,"SAC (rho-tilde)","sac_info","ok",-6.96293653470459e-05,0.923386742570124,12.8400000000001
"fdb6cca665_t70","2pl","heavy_tail","parametric",10,0.7,"SAC (rho-tilde)","sac_info","ok",-0.000863406691778423,1.21431434604562,13.8880000000004
"fdb6cca665_t80","2pl","heavy_tail","parametric",10,0.8,"SAC (rho-tilde)","sac_info","ok",-0.00221100393014562,1.83798766327311,12.8499999999999
"fdb6cca665_t90","2pl","heavy_tail","parametric",10,0.9,"SAC (rho-tilde)","sac_info","ok",0.00187431113299008,3.02386816758971,13.3119999999999
"fdb6cca665_t95","2pl","heavy_tail","parametric",10,0.95,"SAC (rho-tilde)","sac_info","ok",0.00317185924580554,5.73262408362041,8.77699999999959
"fe0b351b23_t50","rasch","heavy_tail","parametric",40,0.5,"SAC (rho-tilde)","sac_info","ok",0.000224566661543246,0.326039689116798,26.7019999999998
"fe0b351b23_t60","rasch","heavy_tail","parametric",40,0.6,"SAC (rho-tilde)","sac_info","ok",4.70472297714464e-05,0.40212310457208,26.7720000000004
"fe0b351b23_t70","rasch","heavy_tail","parametric",40,0.7,"SAC (rho-tilde)","sac_info","ok",-1.03364899273206e-06,0.520953858175345,27.973
"fe0b351b23_t80","rasch","heavy_tail","parametric",40,0.8,"SAC (rho-tilde)","sac_info","ok",-2.05803967990859e-05,0.687439410661322,17.8469999999998
"fe0b351b23_t90","rasch","heavy_tail","parametric",40,0.9,"SAC (rho-tilde)","sac_info","ok",0.000926022705695306,1.10908976338081,18.3929999999996
"fe0b351b23_t95","rasch","heavy_tail","parametric",40,0.95,"SAC (rho-tilde)","sac_info","ok",0.00107748060518331,1.94295166492231,26.2749999999996
"ff73e40c19_t50","3pl_beta","skew_pos","parametric",20,0.5,"SAC (rho-tilde)","sac_info","ok",0.000150855834613051,0.603638594225561,14.5320000000002
"ff73e40c19_t60","3pl_beta","skew_pos","parametric",20,0.6,"SAC (rho-tilde)","sac_info","ok",0.000103581629653071,0.705063125502683,15.1900000000001
"ff73e40c19_t70","3pl_beta","skew_pos","parametric",20,0.7,"SAC (rho-tilde)","sac_info","ok",0.000266347801631039,0.924169278639391,14.377
"ff73e40c19_t80","3pl_beta","skew_pos","parametric",20,0.8,"SAC (rho-tilde)","sac_info","ok",-0.00423689489144541,1.78934050852222,20.732
"ff73e40c19_t90","3pl_beta","skew_pos","parametric",20,0.9,"SAC (rho-tilde)","sac_info","ok",0.00695863014474674,2.82308374019777,21.1819999999998
"ff73e40c19_t95","3pl_beta","skew_pos","parametric",20,0.95,"SAC (rho-tilde)","sac_info","ok",-0.00806927547606673,5.69733082658707,14.3179999999998
"02b3452297_t50","3pl_g20","bimodal","irw",10,0.5,"SAC (w-bar)","sac_msem","ok",0.000816619591215262,0.838292452366639,16.855
"02b3452297_t60","3pl_g20","bimodal","irw",10,0.6,"SAC (w-bar)","sac_msem","ok",-0.00555059068664132,1.41942301335219,12.152
"02b3452297_t70","3pl_g20","bimodal","irw",10,0.7,"SAC (w-bar)","sac_msem","ok",-0.00450627158760575,1.68314561630913,15.783
"02b3452297_t80","3pl_g20","bimodal","irw",10,0.8,"SAC (w-bar)","sac_msem","unreachable_target",NA,NA,0.984000000000002
"02b3452297_t90","3pl_g20","bimodal","irw",10,0.9,"SAC (w-bar)","sac_msem","unreachable_target",NA,NA,0.944000000000003
"04610ec557_t50","3pl_beta","bimodal","parametric",60,0.5,"SAC (w-bar)","sac_msem","ok",3.08526596204395e-06,0.317861362995623,53.436
"04610ec557_t60","3pl_beta","bimodal","parametric",60,0.6,"SAC (w-bar)","sac_msem","ok",7.18000343246095e-05,0.384617428074871,49.303
"04610ec557_t70","3pl_beta","bimodal","parametric",60,0.7,"SAC (w-bar)","sac_msem","ok",0.000129098296638541,0.481059813336144,53.446
"04610ec557_t80","3pl_beta","bimodal","parametric",60,0.8,"SAC (w-bar)","sac_msem","ok",-7.70976681667701e-05,0.679807924970726,52.048
"04610ec557_t90","3pl_beta","bimodal","parametric",60,0.9,"SAC (w-bar)","sac_msem","ok",0.00272918253453225,1.21050287653975,49.141
"04610ec557_t95","3pl_beta","bimodal","parametric",60,0.95,"SAC (w-bar)","sac_msem","ok",-0.0158965050380949,2.36698597124213,50.799
"04740a439d_t50","3pl_g20","normal","irw",40,0.5,"SAC (w-bar)","sac_msem","ok",0.000234017195553493,0.390779810239573,38.152
"04740a439d_t60","3pl_g20","normal","irw",40,0.6,"SAC (w-bar)","sac_msem","ok",9.60397074528663e-05,0.459224348499857,28.77
"04740a439d_t70","3pl_g20","normal","irw",40,0.7,"SAC (w-bar)","sac_msem","ok",9.52899812823871e-05,0.61184318858315,39.185
"04740a439d_t80","3pl_g20","normal","irw",40,0.8,"SAC (w-bar)","sac_msem","ok",-0.000385101938099375,0.925355786606113,38.198
"04740a439d_t90","3pl_g20","normal","irw",40,0.9,"SAC (w-bar)","sac_msem","not_converged",-0.0759811912907736,2.1820631034044,40.964
"04740a439d_t95","3pl_g20","normal","irw",40,0.95,"SAC (w-bar)","sac_msem","unreachable_target",NA,NA,2.295
"06d3001967_t50","2pl","bimodal","irw",60,0.5,"SAC (w-bar)","sac_msem","ok",8.04577615710622e-05,0.244541437811864,39.722
"06d3001967_t60","2pl","bimodal","irw",60,0.6,"SAC (w-bar)","sac_msem","ok",4.86572890356918e-06,0.308359345046783,35.212
"06d3001967_t70","2pl","bimodal","irw",60,0.7,"SAC (w-bar)","sac_msem","no_increasing_branch",NA,NA,2.491
"06d3001967_t80","2pl","bimodal","irw",60,0.8,"SAC (w-bar)","sac_msem","ok",1.24074474990854e-05,0.529721906056207,39.371
"06d3001967_t90","2pl","bimodal","irw",60,0.9,"SAC (w-bar)","sac_msem","ok",0.000565984554481647,0.795911199147159,39.672
"06d3001967_t95","2pl","bimodal","irw",60,0.95,"SAC (w-bar)","sac_msem","ok",0.00793925332245959,1.80486317270725,38.624
"06daf6086f_t50","2pl","normal","irw",40,0.5,"SAC (w-bar)","sac_msem","ok",-0.000110507157511042,0.29992819562802,30.924
"06daf6086f_t60","2pl","normal","irw",40,0.6,"SAC (w-bar)","sac_msem","ok",0.000175532554900437,0.393458491963668,29.276
"06daf6086f_t70","2pl","normal","irw",40,0.7,"SAC (w-bar)","sac_msem","ok",7.49266041918384e-05,0.476854155924653,29.483
"06daf6086f_t80","2pl","normal","irw",40,0.8,"SAC (w-bar)","sac_msem","ok",0.000146467511127568,0.687137582689153,28.501
"06daf6086f_t90","2pl","normal","irw",40,0.9,"SAC (w-bar)","sac_msem","ok",-0.0024869621780268,1.15526914255279,28.957
"06daf6086f_t95","2pl","normal","irw",40,0.95,"SAC (w-bar)","sac_msem","unreachable_target",NA,NA,1.831
"0b1e3eca87_t50","2pl","skew_pos","irw",20,0.5,"SAC (w-bar)","sac_msem","ok",-0.000197107267014829,0.469317585209896,16.604
"0b1e3eca87_t60","2pl","skew_pos","irw",20,0.6,"SAC (w-bar)","sac_msem","ok",0.000355041417192226,0.55096890816302,19.8
"0b1e3eca87_t70","2pl","skew_pos","irw",20,0.7,"SAC (w-bar)","sac_msem","ok",0.000746934484487705,0.727828066915764,18.995
"0b1e3eca87_t80","2pl","skew_pos","irw",20,0.8,"SAC (w-bar)","sac_msem","ok",-0.00528150777438274,1.38122790643886,18.885
"0b1e3eca87_t90","2pl","skew_pos","irw",20,0.9,"SAC (w-bar)","sac_msem","unreachable_target",NA,NA,1.185
"0b1e3eca87_t95","2pl","skew_pos","irw",20,0.95,"SAC (w-bar)","sac_msem","unreachable_target",NA,NA,1.17100000000001
"0b89051a31_t50","2pl","heavy_tail","parametric",20,0.5,"SAC (w-bar)","sac_msem","excluded_by_design",NA,NA,NA
"0b89051a31_t60","2pl","heavy_tail","parametric",20,0.6,"SAC (w-bar)","sac_msem","excluded_by_design",NA,NA,NA
"0b89051a31_t70","2pl","heavy_tail","parametric",20,0.7,"SAC (w-bar)","sac_msem","excluded_by_design",NA,NA,NA
"0b89051a31_t80","2pl","heavy_tail","parametric",20,0.8,"SAC (w-bar)","sac_msem","excluded_by_design",NA,NA,NA
"0b89051a31_t90","2pl","heavy_tail","parametric",20,0.9,"SAC (w-bar)","sac_msem","excluded_by_design",NA,NA,NA
"0b89051a31_t95","2pl","heavy_tail","parametric",20,0.95,"SAC (w-bar)","sac_msem","excluded_by_design",NA,NA,NA
"0c107a9212_t50","rasch","normal","irw",10,0.5,"SAC (w-bar)","sac_msem","ok",-0.000551303539236048,0.763663307951346,12.538
"0c107a9212_t60","rasch","normal","irw",10,0.6,"SAC (w-bar)","sac_msem","ok",0.000680255178308498,0.914958554523364,12.92
"0c107a9212_t70","rasch","normal","irw",10,0.7,"SAC (w-bar)","sac_msem","unreachable_target",NA,NA,0.728000000000009
"0c107a9212_t80","rasch","normal","irw",10,0.8,"SAC (w-bar)","sac_msem","unreachable_target",NA,NA,0.765000000000015
"0c107a9212_t90","rasch","normal","irw",10,0.9,"SAC (w-bar)","sac_msem","unreachable_target",NA,NA,0.811000000000007
"0c107a9212_t95","rasch","normal","irw",10,0.95,"SAC (w-bar)","sac_msem","unreachable_target",NA,NA,0.746000000000009
"0cb9abf03b_t50","3pl_g20","bimodal","irw",20,0.5,"SAC (w-bar)","sac_msem","ok",-0.000116680335110309,0.571836631128163,24.176
"0cb9abf03b_t60","3pl_g20","bimodal","irw",20,0.6,"SAC (w-bar)","sac_msem","ok",5.35806576935638e-05,0.702632550848618,22.421
"0cb9abf03b_t70","3pl_g20","bimodal","irw",20,0.7,"SAC (w-bar)","sac_msem","ok",-0.000758472848677361,0.921684344267688,24.384
"0cb9abf03b_t80","3pl_g20","bimodal","irw",20,0.8,"SAC (w-bar)","sac_msem","ok",-0.00935054460098272,1.70929507318294,21.829
"0cb9abf03b_t90","3pl_g20","bimodal","irw",20,0.9,"SAC (w-bar)","sac_msem","unreachable_target",NA,NA,1.39000000000001
"0cb9abf03b_t95","3pl_g20","bimodal","irw",20,0.95,"SAC (w-bar)","sac_msem","unreachable_target",NA,NA,1.35900000000001
"14bd911f19_t50","3pl_g20","normal","parametric",60,0.5,"SAC (w-bar)","sac_msem","ok",-1.81445566739824e-05,0.30193197581784,54.491
"14bd911f19_t60","3pl_g20","normal","parametric",60,0.6,"SAC (w-bar)","sac_msem","ok",9.47931296839677e-05,0.374343944285037,54.537
"14bd911f19_t70","3pl_g20","normal","parametric",60,0.7,"SAC (w-bar)","sac_msem","ok",-0.000129641351889531,0.491673965294136,48.467
"14bd911f19_t80","3pl_g20","normal","parametric",60,0.8,"SAC (w-bar)","sac_msem","ok",-5.37886500784346e-06,0.68615683454408,53.321
"14bd911f19_t90","3pl_g20","normal","parametric",60,0.9,"SAC (w-bar)","sac_msem","ok",-0.00568791536445701,1.26922341734755,54.351
"14bd911f19_t95","3pl_g20","normal","parametric",60,0.95,"SAC (w-bar)","sac_msem","unreachable_target",NA,NA,3.173
"1626b4659e_t50","3pl_beta","heavy_tail","parametric",20,0.5,"SAC (w-bar)","sac_msem","excluded_by_design",NA,NA,NA
"1626b4659e_t60","3pl_beta","heavy_tail","parametric",20,0.6,"SAC (w-bar)","sac_msem","excluded_by_design",NA,NA,NA
"1626b4659e_t70","3pl_beta","heavy_tail","parametric",20,0.7,"SAC (w-bar)","sac_msem","excluded_by_design",NA,NA,NA
"1626b4659e_t80","3pl_beta","heavy_tail","parametric",20,0.8,"SAC (w-bar)","sac_msem","excluded_by_design",NA,NA,NA
"1626b4659e_t90","3pl_beta","heavy_tail","parametric",20,0.9,"SAC (w-bar)","sac_msem","excluded_by_design",NA,NA,NA
"1626b4659e_t95","3pl_beta","heavy_tail","parametric",20,0.95,"SAC (w-bar)","sac_msem","excluded_by_design",NA,NA,NA
"172403d058_t50","2pl","bimodal","parametric",20,0.5,"SAC (w-bar)","sac_msem","ok",1.82628774210158e-05,0.413847215276252,20.054
"172403d058_t60","2pl","bimodal","parametric",20,0.6,"SAC (w-bar)","sac_msem","ok",-3.26288043855927e-05,0.607699895548178,18.478
"172403d058_t70","2pl","bimodal","parametric",20,0.7,"SAC (w-bar)","sac_msem","ok",0.000212520171917752,0.709448456577644,19.815
"172403d058_t80","2pl","bimodal","parametric",20,0.8,"SAC (w-bar)","sac_msem","ok",1.59013489652304e-05,0.952733956166713,18.506
"172403d058_t90","2pl","bimodal","parametric",20,0.9,"SAC (w-bar)","sac_msem","ok",0.000991869559437419,1.94745108073468,19.554
"172403d058_t95","2pl","bimodal","parametric",20,0.95,"SAC (w-bar)","sac_msem","unreachable_target",NA,NA,1.11799999999999
"1943c867d2_t50","3pl_beta","normal","irw",40,0.5,"SAC (w-bar)","sac_msem","ok",0.000301670184404634,0.4239003235539,39.201
"1943c867d2_t60","3pl_beta","normal","irw",40,0.6,"SAC (w-bar)","sac_msem","ok",-2.97165648069919e-05,0.513596009381267,35.899
"1943c867d2_t70","3pl_beta","normal","irw",40,0.7,"SAC (w-bar)","sac_msem","ok",0.00104120040149691,0.630416159756216,39.721
"1943c867d2_t80","3pl_beta","normal","irw",40,0.8,"SAC (w-bar)","sac_msem","ok",-0.00102736005022586,0.879556471961288,30.858
"1943c867d2_t90","3pl_beta","normal","irw",40,0.9,"SAC (w-bar)","sac_msem","ok",-0.0116289018266256,1.78137063256294,38.874
"1b91cd0420_t50","3pl_g20","normal","parametric",20,0.5,"SAC (w-bar)","sac_msem","ok",-0.000212119027020452,0.576110968969664,21.889
"1b91cd0420_t60","3pl_g20","normal","parametric",20,0.6,"SAC (w-bar)","sac_msem","ok",0.00071014256977775,0.715179031746859,17.027
"1b91cd0420_t70","3pl_g20","normal","parametric",20,0.7,"SAC (w-bar)","sac_msem","ok",-0.000698937267876842,0.951788837353548,22.039
"1b91cd0420_t80","3pl_g20","normal","parametric",20,0.8,"SAC (w-bar)","sac_msem","unreachable_target",NA,NA,1.33699999999999
"1b91cd0420_t90","3pl_g20","normal","parametric",20,0.9,"SAC (w-bar)","sac_msem","unreachable_target",NA,NA,1.16200000000003
"1b91cd0420_t95","3pl_g20","normal","parametric",20,0.95,"SAC (w-bar)","sac_msem","unreachable_target",NA,NA,1.43899999999996
"1fc52b1d1d_t50","rasch","heavy_tail","parametric",10,0.5,"SAC (w-bar)","sac_msem","excluded_by_design",NA,NA,NA
"1fc52b1d1d_t60","rasch","heavy_tail","parametric",10,0.6,"SAC (w-bar)","sac_msem","excluded_by_design",NA,NA,NA
"1fc52b1d1d_t70","rasch","heavy_tail","parametric",10,0.7,"SAC (w-bar)","sac_msem","excluded_by_design",NA,NA,NA
"1fc52b1d1d_t80","rasch","heavy_tail","parametric",10,0.8,"SAC (w-bar)","sac_msem","excluded_by_design",NA,NA,NA
"1fc52b1d1d_t90","rasch","heavy_tail","parametric",10,0.9,"SAC (w-bar)","sac_msem","excluded_by_design",NA,NA,NA
"1fc52b1d1d_t95","rasch","heavy_tail","parametric",10,0.95,"SAC (w-bar)","sac_msem","excluded_by_design",NA,NA,NA
"1ff08ae892_t50","rasch","bimodal","parametric",20,0.5,"SAC (w-bar)","sac_msem","ok",0.00022157631752906,0.467015293645105,18.228
"1ff08ae892_t60","rasch","bimodal","parametric",20,0.6,"SAC (w-bar)","sac_msem","ok",5.32115881496376e-05,0.594122356256431,18.464
"1ff08ae892_t70","rasch","bimodal","parametric",20,0.7,"SAC (w-bar)","sac_msem","ok",0.000140477942005779,0.769549269873367,19.366
"1ff08ae892_t80","rasch","bimodal","parametric",20,0.8,"SAC (w-bar)","sac_msem","ok",2.07660005694388e-05,1.08336401957699,19.35
"1ff08ae892_t90","rasch","bimodal","parametric",20,0.9,"SAC (w-bar)","sac_msem","ok",-0.00486328849209594,2.06397284371807,15.44
"1ff08ae892_t95","rasch","bimodal","parametric",20,0.95,"SAC (w-bar)","sac_msem","unreachable_target",NA,NA,1.21499999999997
"20cb785fe3_t50","3pl_beta","skew_pos","irw",20,0.5,"SAC (w-bar)","sac_msem","ok",0.000452887790432621,0.596197809896395,19.504
"20cb785fe3_t60","3pl_beta","skew_pos","irw",20,0.6,"SAC (w-bar)","sac_msem","ok",0.000705450312008971,0.766398270072317,21.935
"20cb785fe3_t70","3pl_beta","skew_pos","irw",20,0.7,"SAC (w-bar)","sac_msem","ok",0.00297614855198836,1.12596750972831,16.948
"20cb785fe3_t80","3pl_beta","skew_pos","irw",20,0.8,"SAC (w-bar)","sac_msem","unreachable_target",NA,NA,1.37899999999996
"20cb785fe3_t90","3pl_beta","skew_pos","irw",20,0.9,"SAC (w-bar)","sac_msem","unreachable_target",NA,NA,1.27100000000002
"20cb785fe3_t95","3pl_beta","skew_pos","irw",20,0.95,"SAC (w-bar)","sac_msem","unreachable_target",NA,NA,1.35200000000003
"246dc3282c_t50","2pl","normal","irw",20,0.5,"SAC (w-bar)","sac_msem","ok",-0.000150569959505409,0.445600570736984,18.826
"246dc3282c_t60","2pl","normal","irw",20,0.6,"SAC (w-bar)","sac_msem","ok",5.53447925619732e-05,0.521747824825631,19.113
"246dc3282c_t70","2pl","normal","irw",20,0.7,"SAC (w-bar)","sac_msem","ok",-0.00021461993003935,0.695660432131407,17.939
"246dc3282c_t80","2pl","normal","irw",20,0.8,"SAC (w-bar)","sac_msem","ok",-0.00431743459295963,1.30881264670294,17.998
"246dc3282c_t90","2pl","normal","irw",20,0.9,"SAC (w-bar)","sac_msem","ok",-0.0101281020558732,1.9499455663142,17.882
"246dc3282c_t95","2pl","normal","irw",20,0.95,"SAC (w-bar)","sac_msem","unreachable_target",NA,NA,1.03800000000001
"25e594cb46_t50","rasch","skew_pos","parametric",20,0.5,"SAC (w-bar)","sac_msem","ok",9.08896559287387e-05,0.473156485137272,17.416
"25e594cb46_t60","rasch","skew_pos","parametric",20,0.6,"SAC (w-bar)","sac_msem","ok",0.000113801794535018,0.592993566727856,17.86
"25e594cb46_t70","rasch","skew_pos","parametric",20,0.7,"SAC (w-bar)","sac_msem","ok",-0.0013944620365941,0.79503328233492,17.884
"25e594cb46_t80","rasch","skew_pos","parametric",20,0.8,"SAC (w-bar)","sac_msem","ok",-0.00618453794404039,1.14087128468557,17.686
"25e594cb46_t90","rasch","skew_pos","parametric",20,0.9,"SAC (w-bar)","sac_msem","unreachable_target",NA,NA,1.15899999999999
"25e594cb46_t95","rasch","skew_pos","parametric",20,0.95,"SAC (w-bar)","sac_msem","unreachable_target",NA,NA,1.05399999999997
"25edfd16b9_t50","3pl_beta","bimodal","parametric",10,0.5,"SAC (w-bar)","sac_msem","ok",-0.00200030288836134,1.0534465528846,14.226
"25edfd16b9_t60","3pl_beta","bimodal","parametric",10,0.6,"SAC (w-bar)","sac_msem","ok",-0.00951665883005237,1.80276256012358,13.887
"25edfd16b9_t70","3pl_beta","bimodal","parametric",10,0.7,"SAC (w-bar)","sac_msem","ok",0.00129115119870826,1.80778513647667,14.013
"25edfd16b9_t80","3pl_beta","bimodal","parametric",10,0.8,"SAC (w-bar)","sac_msem","unreachable_target",NA,NA,0.906000000000006
"25edfd16b9_t90","3pl_beta","bimodal","parametric",10,0.9,"SAC (w-bar)","sac_msem","unreachable_target",NA,NA,0.778999999999996
"29362a6023_t50","rasch","normal","irw",60,0.5,"SAC (w-bar)","sac_msem","ok",2.40074321464778e-05,0.265673037721281,19.402
"29362a6023_t60","rasch","normal","irw",60,0.6,"SAC (w-bar)","sac_msem","ok",5.96805758472652e-05,0.349555942111789,18.707
"29362a6023_t70","rasch","normal","irw",60,0.7,"SAC (w-bar)","sac_msem","ok",7.43705186212473e-06,0.408077996693564,19.406
"29362a6023_t80","rasch","normal","irw",60,0.8,"SAC (w-bar)","sac_msem","ok",-0.000285705553223159,0.536484120549954,41.0570000000001
"29362a6023_t90","rasch","normal","irw",60,0.9,"SAC (w-bar)","sac_msem","ok",-0.00199390938427846,0.984722397071207,40.496
"29362a6023_t95","rasch","normal","irw",60,0.95,"SAC (w-bar)","sac_msem","ok",-0.00139311826683475,1.60506357856224,38.1179999999999
"2fb704c2a3_t50","rasch","heavy_tail","irw",20,0.5,"SAC (w-bar)","sac_msem","excluded_by_design",NA,NA,NA
"2fb704c2a3_t60","rasch","heavy_tail","irw",20,0.6,"SAC (w-bar)","sac_msem","excluded_by_design",NA,NA,NA
"2fb704c2a3_t70","rasch","heavy_tail","irw",20,0.7,"SAC (w-bar)","sac_msem","excluded_by_design",NA,NA,NA
"2fb704c2a3_t80","rasch","heavy_tail","irw",20,0.8,"SAC (w-bar)","sac_msem","excluded_by_design",NA,NA,NA
"2fb704c2a3_t90","rasch","heavy_tail","irw",20,0.9,"SAC (w-bar)","sac_msem","excluded_by_design",NA,NA,NA
"2fb704c2a3_t95","rasch","heavy_tail","irw",20,0.95,"SAC (w-bar)","sac_msem","excluded_by_design",NA,NA,NA
"308cc8c2c0_t50","3pl_beta","normal","irw",20,0.5,"SAC (w-bar)","sac_msem","ok",0.000184285658512584,0.657397004560861,22.266
"308cc8c2c0_t60","3pl_beta","normal","irw",20,0.6,"SAC (w-bar)","sac_msem","ok",-0.0146810653504048,1.56207227920381,23.233
"308cc8c2c0_t70","3pl_beta","normal","irw",20,0.7,"SAC (w-bar)","sac_msem","ok",-0.00292043185569957,1.38576112542275,22.041
"308cc8c2c0_t80","3pl_beta","normal","irw",20,0.8,"SAC (w-bar)","sac_msem","unreachable_target",NA,NA,0.920000000000016
"308cc8c2c0_t90","3pl_beta","normal","irw",20,0.9,"SAC (w-bar)","sac_msem","unreachable_target",NA,NA,1.28899999999999
"3417acd99c_t50","3pl_g20","bimodal","irw",60,0.5,"SAC (w-bar)","sac_msem","ok",-4.41113900735424e-05,0.329870470095118,54.954
"3417acd99c_t60","3pl_g20","bimodal","irw",60,0.6,"SAC (w-bar)","sac_msem","ok",-0.000112204376203295,0.435316521715961,51.979
"3417acd99c_t70","3pl_g20","bimodal","irw",60,0.7,"SAC (w-bar)","sac_msem","ok",-0.000238282774633114,0.475167291001895,52.375
"3417acd99c_t80","3pl_g20","bimodal","irw",60,0.8,"SAC (w-bar)","sac_msem","ok",-0.000347350828321158,0.787416195906466,47.533
"3417acd99c_t90","3pl_g20","bimodal","irw",60,0.9,"SAC (w-bar)","sac_msem","ok",0.00211196310590556,1.44618296855136,52.79
"3417acd99c_t95","3pl_g20","bimodal","irw",60,0.95,"SAC (w-bar)","sac_msem","ok",-0.014988464094,2.3780752457318,47.768
"35a1489e91_t50","3pl_beta","skew_pos","parametric",60,0.5,"SAC (w-bar)","sac_msem","ok",-7.38014352620886e-05,0.303909371969765,53.98
"35a1489e91_t60","3pl_beta","skew_pos","parametric",60,0.6,"SAC (w-bar)","sac_msem","ok",-0.000130825750157659,0.385107888238888,53.078
"35a1489e91_t70","3pl_beta","skew_pos","parametric",60,0.7,"SAC (w-bar)","sac_msem","ok",0.000192847368868598,0.479834671555479,52.963
"35a1489e91_t80","3pl_beta","skew_pos","parametric",60,0.8,"SAC (w-bar)","sac_msem","no_increasing_branch",NA,NA,3.64800000000002
"35a1489e91_t90","3pl_beta","skew_pos","parametric",60,0.9,"SAC (w-bar)","sac_msem","ok",-0.00166638262302854,1.22613867829115,52.72
"35a1489e91_t95","3pl_beta","skew_pos","parametric",60,0.95,"SAC (w-bar)","sac_msem","unreachable_target",NA,NA,3.14599999999996
"36956c5526_t50","rasch","bimodal","parametric",10,0.5,"SAC (w-bar)","sac_msem","ok",0.000267488741368616,0.682486389353222,13.252
"36956c5526_t60","rasch","bimodal","parametric",10,0.6,"SAC (w-bar)","sac_msem","ok",0.000173849946912608,0.876070960793902,13.533
"36956c5526_t70","rasch","bimodal","parametric",10,0.7,"SAC (w-bar)","sac_msem","ok",-0.000463125877194548,1.16487904879987,13.916
"36956c5526_t80","rasch","bimodal","parametric",10,0.8,"SAC (w-bar)","sac_msem","ok",-0.00476271429070452,1.82680998687727,13.078
"36956c5526_t90","rasch","bimodal","parametric",10,0.9,"SAC (w-bar)","sac_msem","unreachable_target",NA,NA,0.712000000000046
"36956c5526_t95","rasch","bimodal","parametric",10,0.95,"SAC (w-bar)","sac_msem","unreachable_target",NA,NA,0.492000000000019
"36bd71fd25_t50","2pl","bimodal","irw",20,0.5,"SAC (w-bar)","sac_msem","ok",-8.29152646640852e-05,0.422815488877777,19.374
"36bd71fd25_t60","2pl","bimodal","irw",20,0.6,"SAC (w-bar)","sac_msem","ok",0.000232836399227443,0.575282996002582,12.394
"36bd71fd25_t70","2pl","bimodal","irw",20,0.7,"SAC (w-bar)","sac_msem","ok",0.000648111368335758,0.673100187549508,18.73
"36bd71fd25_t80","2pl","bimodal","irw",20,0.8,"SAC (w-bar)","sac_msem","ok",0.00313748731394614,0.938970273339136,12.8870000000001
"36bd71fd25_t90","2pl","bimodal","irw",20,0.9,"SAC (w-bar)","sac_msem","unreachable_target",NA,NA,1.16800000000001
"36bd71fd25_t95","2pl","bimodal","irw",20,0.95,"SAC (w-bar)","sac_msem","unreachable_target",NA,NA,1.11300000000006
"38646ef644_t50","3pl_beta","normal","irw",60,0.5,"SAC (w-bar)","sac_msem","ok",-0.000220623790240904,0.319130984342824,54.705
"38646ef644_t60","3pl_beta","normal","irw",60,0.6,"SAC (w-bar)","sac_msem","ok",-0.00015433418628874,0.411497519088674,54.105
"38646ef644_t70","3pl_beta","normal","irw",60,0.7,"SAC (w-bar)","sac_msem","ok",0.000236828176730319,0.513114751591518,51.5200000000001
"38646ef644_t80","3pl_beta","normal","irw",60,0.8,"SAC (w-bar)","sac_msem","ok",-0.000170890866268092,0.779423962432113,52.16
"38646ef644_t90","3pl_beta","normal","irw",60,0.9,"SAC (w-bar)","sac_msem","ok",-0.0218135643632442,2.04580637348925,54.115
"38646ef644_t95","3pl_beta","normal","irw",60,0.95,"SAC (w-bar)","sac_msem","unreachable_target",NA,NA,3.38699999999994
"386d8a1996_t50","3pl_beta","skew_pos","parametric",10,0.5,"SAC (w-bar)","sac_msem","ok",0.000312544098689305,0.898839863496261,15.6559999999999
"386d8a1996_t60","3pl_beta","skew_pos","parametric",10,0.6,"SAC (w-bar)","sac_msem","ok",-0.00672727014526375,1.27969745712289,15.502
"386d8a1996_t70","3pl_beta","skew_pos","parametric",10,0.7,"SAC (w-bar)","sac_msem","unreachable_target",NA,NA,0.920000000000073
"386d8a1996_t80","3pl_beta","skew_pos","parametric",10,0.8,"SAC (w-bar)","sac_msem","unreachable_target",NA,NA,0.906000000000063
"386d8a1996_t90","3pl_beta","skew_pos","parametric",10,0.9,"SAC (w-bar)","sac_msem","unreachable_target",NA,NA,0.934999999999945
"3b32e6d656_t50","2pl","heavy_tail","irw",10,0.5,"SAC (w-bar)","sac_msem","excluded_by_design",NA,NA,NA
"3b32e6d656_t60","2pl","heavy_tail","irw",10,0.6,"SAC (w-bar)","sac_msem","excluded_by_design",NA,NA,NA
"3b32e6d656_t70","2pl","heavy_tail","irw",10,0.7,"SAC (w-bar)","sac_msem","excluded_by_design",NA,NA,NA
"3b32e6d656_t80","2pl","heavy_tail","irw",10,0.8,"SAC (w-bar)","sac_msem","excluded_by_design",NA,NA,NA
"3b32e6d656_t90","2pl","heavy_tail","irw",10,0.9,"SAC (w-bar)","sac_msem","excluded_by_design",NA,NA,NA
"3c97180640_t50","3pl_g20","bimodal","parametric",40,0.5,"SAC (w-bar)","sac_msem","ok",-0.000115590195690629,0.36277211799242,38.033
"3c97180640_t60","3pl_g20","bimodal","parametric",40,0.6,"SAC (w-bar)","sac_msem","ok",0.000212706516012795,0.487780411182151,37.429
"3c97180640_t70","3pl_g20","bimodal","parametric",40,0.7,"SAC (w-bar)","sac_msem","ok",0.000472477851736541,0.62856571411704,32.3960000000001
"3c97180640_t80","3pl_g20","bimodal","parametric",40,0.8,"SAC (w-bar)","sac_msem","ok",0.000328373837823137,0.88438712976062,38.634
"3c97180640_t90","3pl_g20","bimodal","parametric",40,0.9,"SAC (w-bar)","sac_msem","ok",-0.00668074662184293,1.61597474956877,37.537
"3c97180640_t95","3pl_g20","bimodal","parametric",40,0.95,"SAC (w-bar)","sac_msem","ok",-0.0164778887330161,3.20865646915175,36.41
"3f59517c02_t50","3pl_g20","skew_pos","irw",20,0.5,"SAC (w-bar)","sac_msem","ok",-0.000687412513140029,0.546418369067464,23.4169999999999
"3f59517c02_t60","3pl_g20","skew_pos","irw",20,0.6,"SAC (w-bar)","sac_msem","ok",-0.00058629206653249,0.70937696499967,23.865
"3f59517c02_t70","3pl_g20","skew_pos","irw",20,0.7,"SAC (w-bar)","sac_msem","ok",-0.00172347758028268,1.01119698374227,24.668
"3f59517c02_t80","3pl_g20","skew_pos","irw",20,0.8,"SAC (w-bar)","sac_msem","unreachable_target",NA,NA,1.55200000000002
"3f59517c02_t90","3pl_g20","skew_pos","irw",20,0.9,"SAC (w-bar)","sac_msem","unreachable_target",NA,NA,1.49399999999991
"4144a5f588_t50","3pl_beta","heavy_tail","parametric",10,0.5,"SAC (w-bar)","sac_msem","excluded_by_design",NA,NA,NA
"4144a5f588_t60","3pl_beta","heavy_tail","parametric",10,0.6,"SAC (w-bar)","sac_msem","excluded_by_design",NA,NA,NA
"4144a5f588_t70","3pl_beta","heavy_tail","parametric",10,0.7,"SAC (w-bar)","sac_msem","excluded_by_design",NA,NA,NA
"4144a5f588_t80","3pl_beta","heavy_tail","parametric",10,0.8,"SAC (w-bar)","sac_msem","excluded_by_design",NA,NA,NA
"4144a5f588_t90","3pl_beta","heavy_tail","parametric",10,0.9,"SAC (w-bar)","sac_msem","excluded_by_design",NA,NA,NA
"4144a5f588_t95","3pl_beta","heavy_tail","parametric",10,0.95,"SAC (w-bar)","sac_msem","excluded_by_design",NA,NA,NA
"45b7a1f907_t50","3pl_beta","normal","parametric",40,0.5,"SAC (w-bar)","sac_msem","ok",-0.000318836241518961,0.363382919274371,30.779
"45b7a1f907_t60","3pl_beta","normal","parametric",40,0.6,"SAC (w-bar)","sac_msem","ok",-1.72166673270135e-05,0.451933968874779,38.962
"45b7a1f907_t70","3pl_beta","normal","parametric",40,0.7,"SAC (w-bar)","sac_msem","ok",1.23314754461035e-05,0.659395906382745,37.9350000000001
"45b7a1f907_t80","3pl_beta","normal","parametric",40,0.8,"SAC (w-bar)","sac_msem","ok",0.000859950628064765,0.818596086264654,38.5889999999999
"45b7a1f907_t90","3pl_beta","normal","parametric",40,0.9,"SAC (w-bar)","sac_msem","unreachable_target",NA,NA,2.45699999999999
"45b7a1f907_t95","3pl_beta","normal","parametric",40,0.95,"SAC (w-bar)","sac_msem","not_converged",-0.594115980702133,3.90058430929968,38.636
"45b8bbe987_t50","2pl","normal","parametric",20,0.5,"SAC (w-bar)","sac_msem","ok",-5.26889632911365e-05,0.41061826644275,17.722
"45b8bbe987_t60","2pl","normal","parametric",20,0.6,"SAC (w-bar)","sac_msem","ok",0.000324394701486375,0.581559667338195,19.3580000000001
"45b8bbe987_t70","2pl","normal","parametric",20,0.7,"SAC (w-bar)","sac_msem","ok",-0.000128659204824411,0.699974114400696,18.698
"45b8bbe987_t80","2pl","normal","parametric",20,0.8,"SAC (w-bar)","sac_msem","ok",-0.000432674660545862,1.07149825029854,18.509
"45b8bbe987_t90","2pl","normal","parametric",20,0.9,"SAC (w-bar)","sac_msem","unreachable_target",NA,NA,1.221
"45b8bbe987_t95","2pl","normal","parametric",20,0.95,"SAC (w-bar)","sac_msem","unreachable_target",NA,NA,1.13999999999999
"45eb20d1ef_t50","2pl","normal","parametric",60,0.5,"SAC (w-bar)","sac_msem","ok",0.000157485208937658,0.238988128155137,40.954
"45eb20d1ef_t60","2pl","normal","parametric",60,0.6,"SAC (w-bar)","sac_msem","ok",-1.48604687445486e-05,0.286526930019936,37.6740000000001
"45eb20d1ef_t70","2pl","normal","parametric",60,0.7,"SAC (w-bar)","sac_msem","ok",4.13069230159602e-05,0.351000550414415,36.0310000000001
"45eb20d1ef_t80","2pl","normal","parametric",60,0.8,"SAC (w-bar)","sac_msem","ok",4.15584947210945e-05,0.492951783050165,39.6669999999999
"45eb20d1ef_t90","2pl","normal","parametric",60,0.9,"SAC (w-bar)","sac_msem","ok",-0.000952394770027953,0.843205058211193,40.071
"45eb20d1ef_t95","2pl","normal","parametric",60,0.95,"SAC (w-bar)","sac_msem","ok",-0.00376613935400727,1.48209906610475,39.353
"48ec297ef8_t50","3pl_beta","bimodal","parametric",20,0.5,"SAC (w-bar)","sac_msem","ok",-0.000252838713522829,0.613669294070894,23.681
"48ec297ef8_t60","3pl_beta","bimodal","parametric",20,0.6,"SAC (w-bar)","sac_msem","ok",-9.18570810043429e-05,0.729850573833457,23.4240000000001
"48ec297ef8_t70","3pl_beta","bimodal","parametric",20,0.7,"SAC (w-bar)","sac_msem","ok",-0.0018375889523855,1.22084574720425,18.702
"48ec297ef8_t80","3pl_beta","bimodal","parametric",20,0.8,"SAC (w-bar)","sac_msem","ok",0.00337024005687114,1.64073270858516,22.894
"48ec297ef8_t90","3pl_beta","bimodal","parametric",20,0.9,"SAC (w-bar)","sac_msem","unreachable_target",NA,NA,1.38100000000009
"48ec297ef8_t95","3pl_beta","bimodal","parametric",20,0.95,"SAC (w-bar)","sac_msem","unreachable_target",NA,NA,1.21800000000007
"4f22d501ce_t50","3pl_beta","bimodal","irw",10,0.5,"SAC (w-bar)","sac_msem","ok",-0.000618141319816412,0.923042450483009,15.831
"4f22d501ce_t60","3pl_beta","bimodal","irw",10,0.6,"SAC (w-bar)","sac_msem","hit_upper_bound",0.00879826657184146,1.22026457499355,10.216
"4f22d501ce_t70","3pl_beta","bimodal","irw",10,0.7,"SAC (w-bar)","sac_msem","ok",-0.00297862275511596,1.6988751021084,15.558
"4f22d501ce_t80","3pl_beta","bimodal","irw",10,0.8,"SAC (w-bar)","sac_msem","unreachable_target",NA,NA,0.970000000000027
"4f22d501ce_t90","3pl_beta","bimodal","irw",10,0.9,"SAC (w-bar)","sac_msem","unreachable_target",NA,NA,1.01199999999994
"4f70e285ab_t50","rasch","normal","parametric",20,0.5,"SAC (w-bar)","sac_msem","ok",-0.000123758771635285,0.469801221199783,19.693
"4f70e285ab_t60","rasch","normal","parametric",20,0.6,"SAC (w-bar)","sac_msem","ok",-7.20791844178725e-05,0.593710466196594,16.579
"4f70e285ab_t70","rasch","normal","parametric",20,0.7,"SAC (w-bar)","sac_msem","ok",-0.000352789231623185,0.774214567416051,18.668
"4f70e285ab_t80","rasch","normal","parametric",20,0.8,"SAC (w-bar)","sac_msem","ok",-0.00129057797273557,1.15324807221277,15.526
"4f70e285ab_t90","rasch","normal","parametric",20,0.9,"SAC (w-bar)","sac_msem","unreachable_target",NA,NA,1.21000000000004
"4f70e285ab_t95","rasch","normal","parametric",20,0.95,"SAC (w-bar)","sac_msem","unreachable_target",NA,NA,1.07400000000007
"51454d0a5c_t50","rasch","normal","parametric",40,0.5,"SAC (w-bar)","sac_msem","ok",1.2743584242636e-05,0.323755749459454,18.74
"51454d0a5c_t60","rasch","normal","parametric",40,0.6,"SAC (w-bar)","sac_msem","ok",-5.45786546883864e-05,0.399240040788601,17.669
"51454d0a5c_t70","rasch","normal","parametric",40,0.7,"SAC (w-bar)","sac_msem","ok",0.000143550210835008,0.510499149885682,17.408
"51454d0a5c_t80","rasch","normal","parametric",40,0.8,"SAC (w-bar)","sac_msem","ok",3.51390190644896e-05,0.692146453871251,18.774
"51454d0a5c_t90","rasch","normal","parametric",40,0.9,"SAC (w-bar)","sac_msem","ok",-0.000472680593166852,1.1794196828171,18.006
"51454d0a5c_t95","rasch","normal","parametric",40,0.95,"SAC (w-bar)","sac_msem","ok",-0.00838277667878151,2.21082360401339,16.862
"51e3e31f93_t50","3pl_beta","skew_pos","irw",60,0.5,"SAC (w-bar)","sac_msem","ok",-1.56485082162816e-05,0.297410590897804,27.864
"51e3e31f93_t60","3pl_beta","skew_pos","irw",60,0.6,"SAC (w-bar)","sac_msem","ok",-0.000208903814897354,0.385190259953884,27.58
"51e3e31f93_t70","3pl_beta","skew_pos","irw",60,0.7,"SAC (w-bar)","sac_msem","ok",2.68652442917405e-05,0.551054991503123,27.092
"51e3e31f93_t80","3pl_beta","skew_pos","irw",60,0.8,"SAC (w-bar)","sac_msem","ok",0.000443415365260158,0.715775760187077,28.9860000000001
"51e3e31f93_t90","3pl_beta","skew_pos","irw",60,0.9,"SAC (w-bar)","sac_msem","ok",-0.00662889781256304,1.40699869236174,26.985
"51e3e31f93_t95","3pl_beta","skew_pos","irw",60,0.95,"SAC (w-bar)","sac_msem","unreachable_target",NA,NA,1.60200000000009
"52b9791e08_t50","3pl_g20","heavy_tail","parametric",20,0.5,"SAC (w-bar)","sac_msem","excluded_by_design",NA,NA,NA
"52b9791e08_t60","3pl_g20","heavy_tail","parametric",20,0.6,"SAC (w-bar)","sac_msem","excluded_by_design",NA,NA,NA
"52b9791e08_t70","3pl_g20","heavy_tail","parametric",20,0.7,"SAC (w-bar)","sac_msem","excluded_by_design",NA,NA,NA
"52b9791e08_t80","3pl_g20","heavy_tail","parametric",20,0.8,"SAC (w-bar)","sac_msem","excluded_by_design",NA,NA,NA
"52b9791e08_t90","3pl_g20","heavy_tail","parametric",20,0.9,"SAC (w-bar)","sac_msem","excluded_by_design",NA,NA,NA
"52b9791e08_t95","3pl_g20","heavy_tail","parametric",20,0.95,"SAC (w-bar)","sac_msem","excluded_by_design",NA,NA,NA
"54e9907b58_t50","3pl_g20","heavy_tail","irw",60,0.5,"SAC (w-bar)","sac_msem","excluded_by_design",NA,NA,NA
"54e9907b58_t60","3pl_g20","heavy_tail","irw",60,0.6,"SAC (w-bar)","sac_msem","excluded_by_design",NA,NA,NA
"54e9907b58_t70","3pl_g20","heavy_tail","irw",60,0.7,"SAC (w-bar)","sac_msem","excluded_by_design",NA,NA,NA
"54e9907b58_t80","3pl_g20","heavy_tail","irw",60,0.8,"SAC (w-bar)","sac_msem","excluded_by_design",NA,NA,NA
"54e9907b58_t90","3pl_g20","heavy_tail","irw",60,0.9,"SAC (w-bar)","sac_msem","excluded_by_design",NA,NA,NA
"54e9907b58_t95","3pl_g20","heavy_tail","irw",60,0.95,"SAC (w-bar)","sac_msem","excluded_by_design",NA,NA,NA
"55a1174a1c_t50","2pl","skew_pos","parametric",40,0.5,"SAC (w-bar)","sac_msem","ok",2.62690933328091e-05,0.318740458507143,28.913
"55a1174a1c_t60","2pl","skew_pos","parametric",40,0.6,"SAC (w-bar)","sac_msem","ok",0.000180372317113209,0.371827746934568,30.475
"55a1174a1c_t70","2pl","skew_pos","parametric",40,0.7,"SAC (w-bar)","sac_msem","ok",-0.000480889080382685,0.485957053201548,24.4649999999999
"55a1174a1c_t80","2pl","skew_pos","parametric",40,0.8,"SAC (w-bar)","sac_msem","ok",0.000174951551680791,0.634163695511792,30.152
"55a1174a1c_t90","2pl","skew_pos","parametric",40,0.9,"SAC (w-bar)","sac_msem","ok",-0.00439139647454445,1.24237566454974,28.494
"55a1174a1c_t95","2pl","skew_pos","parametric",40,0.95,"SAC (w-bar)","sac_msem","unreachable_target",NA,NA,1.70899999999995
"58488a9252_t50","2pl","bimodal","parametric",40,0.5,"SAC (w-bar)","sac_msem","ok",6.16558024830738e-05,0.284821938744404,28.958
"58488a9252_t60","2pl","bimodal","parametric",40,0.6,"SAC (w-bar)","sac_msem","ok",-2.56226915907876e-05,0.360604193306944,30.221
"58488a9252_t70","2pl","bimodal","parametric",40,0.7,"SAC (w-bar)","sac_msem","ok",7.2286607299632e-05,0.473534563218531,20.919
"58488a9252_t80","2pl","bimodal","parametric",40,0.8,"SAC (w-bar)","sac_msem","ok",-7.40851762887074e-05,0.660485272134327,31.431
"58488a9252_t90","2pl","bimodal","parametric",40,0.9,"SAC (w-bar)","sac_msem","ok",0.00329882945791615,1.11497098700876,28.5700000000001
"58488a9252_t95","2pl","bimodal","parametric",40,0.95,"SAC (w-bar)","sac_msem","ok",-0.00555257727608383,2.0343564942361,29.239
"594de50093_t50","3pl_g20","skew_pos","irw",60,0.5,"SAC (w-bar)","sac_msem","ok",-0.000111790409726531,0.320799757835709,49.3589999999999
"594de50093_t60","3pl_g20","skew_pos","irw",60,0.6,"SAC (w-bar)","sac_msem","ok",-7.89288662290666e-05,0.386137452850154,42.3839999999999
"594de50093_t70","3pl_g20","skew_pos","irw",60,0.7,"SAC (w-bar)","sac_msem","ok",-2.01554538166171e-05,0.589234885924746,52.1910000000001
"594de50093_t80","3pl_g20","skew_pos","irw",60,0.8,"SAC (w-bar)","sac_msem","ok",-0.000881481967715314,0.653122918344146,53.8980000000001
"594de50093_t90","3pl_g20","skew_pos","irw",60,0.9,"SAC (w-bar)","sac_msem","ok",-0.00429414954875929,1.26749823852469,52.485
"594de50093_t95","3pl_g20","skew_pos","irw",60,0.95,"SAC (w-bar)","sac_msem","unreachable_target",NA,NA,2.23799999999994
"5bfd86674d_t50","2pl","skew_pos","irw",40,0.5,"SAC (w-bar)","sac_msem","ok",-0.000260473099297109,0.321406184175857,28.303
"5bfd86674d_t60","2pl","skew_pos","irw",40,0.6,"SAC (w-bar)","sac_msem","ok",-0.000239858811706961,0.378567013916923,28.4399999999999
"5bfd86674d_t70","2pl","skew_pos","irw",40,0.7,"SAC (w-bar)","sac_msem","ok",0.000441457346651575,0.471229870860895,29.775
"5bfd86674d_t80","2pl","skew_pos","irw",40,0.8,"SAC (w-bar)","sac_msem","ok",-0.00105211288210605,0.734745831434839,32.157
"5bfd86674d_t90","2pl","skew_pos","irw",40,0.9,"SAC (w-bar)","sac_msem","ok",-0.00267471970841138,1.10004807548957,29.5
"5bfd86674d_t95","2pl","skew_pos","irw",40,0.95,"SAC (w-bar)","sac_msem","unreachable_target",NA,NA,1.971
"5faa1bbcf6_t50","3pl_g20","normal","parametric",10,0.5,"SAC (w-bar)","sac_msem","ok",-0.000282001377775398,0.950376010286384,15.1170000000001
"5faa1bbcf6_t60","3pl_g20","normal","parametric",10,0.6,"SAC (w-bar)","sac_msem","unreachable_target",NA,NA,0.94500000000005
"5faa1bbcf6_t70","3pl_g20","normal","parametric",10,0.7,"SAC (w-bar)","sac_msem","ok",-0.0143319928568706,1.78176905094068,14.5120000000001
"5faa1bbcf6_t80","3pl_g20","normal","parametric",10,0.8,"SAC (w-bar)","sac_msem","unreachable_target",NA,NA,1
"5faa1bbcf6_t90","3pl_g20","normal","parametric",10,0.9,"SAC (w-bar)","sac_msem","unreachable_target",NA,NA,1.02099999999996
"6175b158cc_t50","2pl","heavy_tail","irw",40,0.5,"SAC (w-bar)","sac_msem","excluded_by_design",NA,NA,NA
"6175b158cc_t60","2pl","heavy_tail","irw",40,0.6,"SAC (w-bar)","sac_msem","excluded_by_design",NA,NA,NA
"6175b158cc_t70","2pl","heavy_tail","irw",40,0.7,"SAC (w-bar)","sac_msem","excluded_by_design",NA,NA,NA
"6175b158cc_t80","2pl","heavy_tail","irw",40,0.8,"SAC (w-bar)","sac_msem","excluded_by_design",NA,NA,NA
"6175b158cc_t90","2pl","heavy_tail","irw",40,0.9,"SAC (w-bar)","sac_msem","excluded_by_design",NA,NA,NA
"6175b158cc_t95","2pl","heavy_tail","irw",40,0.95,"SAC (w-bar)","sac_msem","excluded_by_design",NA,NA,NA
"61f9108969_t50","rasch","skew_pos","irw",60,0.5,"SAC (w-bar)","sac_msem","ok",-3.13942016955115e-06,0.259336019675146,36.7659999999998
"61f9108969_t60","rasch","skew_pos","irw",60,0.6,"SAC (w-bar)","sac_msem","ok",7.2505620762664e-05,0.329867501688011,38.7329999999999
"61f9108969_t70","rasch","skew_pos","irw",60,0.7,"SAC (w-bar)","sac_msem","ok",-9.99326538186907e-06,0.412560239093654,38.482
"61f9108969_t80","rasch","skew_pos","irw",60,0.8,"SAC (w-bar)","sac_msem","ok",-0.000137785568601889,0.54334530884529,38.998
"61f9108969_t90","rasch","skew_pos","irw",60,0.9,"SAC (w-bar)","sac_msem","ok",-0.00190805800777305,0.960295098077503,37.7840000000001
"61f9108969_t95","rasch","skew_pos","irw",60,0.95,"SAC (w-bar)","sac_msem","unreachable_target",NA,NA,2.29700000000003
"6415c12b10_t50","3pl_beta","normal","parametric",10,0.5,"SAC (w-bar)","sac_msem","ok",0.00139183315178315,0.811555559263872,13.777
"6415c12b10_t60","3pl_beta","normal","parametric",10,0.6,"SAC (w-bar)","sac_msem","ok",0.000943589303824321,1.37283725143099,15.5170000000001
"6415c12b10_t70","3pl_beta","normal","parametric",10,0.7,"SAC (w-bar)","sac_msem","unreachable_target",NA,NA,0.939999999999827
"6415c12b10_t80","3pl_beta","normal","parametric",10,0.8,"SAC (w-bar)","sac_msem","unreachable_target",NA,NA,0.923999999999978
"6415c12b10_t90","3pl_beta","normal","parametric",10,0.9,"SAC (w-bar)","sac_msem","unreachable_target",NA,NA,0.874000000000024
"65c72a887e_t50","rasch","skew_pos","irw",20,0.5,"SAC (w-bar)","sac_msem","ok",0.00017912156413491,0.466053436125049,17.903
"65c72a887e_t60","rasch","skew_pos","irw",20,0.6,"SAC (w-bar)","sac_msem","ok",0.000294578641411358,0.569506354304445,11.9589999999998
"65c72a887e_t70","rasch","skew_pos","irw",20,0.7,"SAC (w-bar)","sac_msem","ok",-0.00486055562244203,1.24295103714762,18.279
"65c72a887e_t80","rasch","skew_pos","irw",20,0.8,"SAC (w-bar)","sac_msem","ok",-0.00361714819961079,1.15756735171122,18.4300000000001
"65c72a887e_t90","rasch","skew_pos","irw",20,0.9,"SAC (w-bar)","sac_msem","unreachable_target",NA,NA,1.12599999999998
"65c72a887e_t95","rasch","skew_pos","irw",20,0.95,"SAC (w-bar)","sac_msem","unreachable_target",NA,NA,1.24199999999996
"6837e6d676_t50","rasch","normal","parametric",10,0.5,"SAC (w-bar)","sac_msem","ok",0.00043604953347709,0.702146134148506,12.2439999999999
"6837e6d676_t60","rasch","normal","parametric",10,0.6,"SAC (w-bar)","sac_msem","ok",-0.000501449588189984,0.919622380552559,10.8969999999999
"6837e6d676_t70","rasch","normal","parametric",10,0.7,"SAC (w-bar)","sac_msem","ok",0.000204827132748719,1.21357258964441,11.3109999999999
"6837e6d676_t80","rasch","normal","parametric",10,0.8,"SAC (w-bar)","sac_msem","ok",-0.0054442837550186,1.95360707901068,12.624
"6837e6d676_t90","rasch","normal","parametric",10,0.9,"SAC (w-bar)","sac_msem","unreachable_target",NA,NA,0.722999999999956
"6837e6d676_t95","rasch","normal","parametric",10,0.95,"SAC (w-bar)","sac_msem","unreachable_target",NA,NA,0.769000000000005
"686daead56_t50","rasch","bimodal","irw",60,0.5,"SAC (w-bar)","sac_msem","ok",-2.68888067428974e-05,0.291679737666078,39.046
"686daead56_t60","rasch","bimodal","irw",60,0.6,"SAC (w-bar)","sac_msem","ok",0.000109474683933297,0.33011992443097,41.5029999999999
"686daead56_t70","rasch","bimodal","irw",60,0.7,"SAC (w-bar)","sac_msem","ok",4.23507663560585e-05,0.431942820341516,36.5319999999999
"686daead56_t80","rasch","bimodal","irw",60,0.8,"SAC (w-bar)","sac_msem","ok",-5.28638618498833e-05,0.552720910016138,41.107
"686daead56_t90","rasch","bimodal","irw",60,0.9,"SAC (w-bar)","sac_msem","ok",-0.00245400530260143,0.999294683072828,40.921
"686daead56_t95","rasch","bimodal","irw",60,0.95,"SAC (w-bar)","sac_msem","ok",-0.0144702364231563,1.72476676948516,40.2299999999998
"69320217c6_t50","3pl_beta","skew_pos","irw",10,0.5,"SAC (w-bar)","sac_msem","ok",0.000945165247545399,0.888570484980562,15.421
"69320217c6_t60","3pl_beta","skew_pos","irw",10,0.6,"SAC (w-bar)","sac_msem","unreachable_target",NA,NA,0.97199999999998
"69320217c6_t70","3pl_beta","skew_pos","irw",10,0.7,"SAC (w-bar)","sac_msem","unreachable_target",NA,NA,0.894999999999982
"69320217c6_t80","3pl_beta","skew_pos","irw",10,0.8,"SAC (w-bar)","sac_msem","unreachable_target",NA,NA,0.968000000000075
"69320217c6_t90","3pl_beta","skew_pos","irw",10,0.9,"SAC (w-bar)","sac_msem","unreachable_target",NA,NA,0.945999999999913
"6a235480c1_t50","rasch","skew_pos","parametric",60,0.5,"SAC (w-bar)","sac_msem","ok",3.92657247538786e-06,0.259788270070338,40.4269999999999
"6a235480c1_t60","rasch","skew_pos","parametric",60,0.6,"SAC (w-bar)","sac_msem","ok",-9.14303382482107e-05,0.322008472950808,38.7479999999998
"6a235480c1_t70","rasch","skew_pos","parametric",60,0.7,"SAC (w-bar)","sac_msem","ok",6.8531674138228e-05,0.412582945591779,39.463
"6a235480c1_t80","rasch","skew_pos","parametric",60,0.8,"SAC (w-bar)","sac_msem","ok",5.38934650189393e-05,0.545377264465929,42.73
"6a235480c1_t90","rasch","skew_pos","parametric",60,0.9,"SAC (w-bar)","sac_msem","ok",-0.00139765463556984,0.916251734825222,42.365
"6a235480c1_t95","rasch","skew_pos","parametric",60,0.95,"SAC (w-bar)","sac_msem","unreachable_target",NA,NA,1.71900000000005
"6d3bc9f997_t50","3pl_beta","heavy_tail","parametric",40,0.5,"SAC (w-bar)","sac_msem","excluded_by_design",NA,NA,NA
"6d3bc9f997_t60","3pl_beta","heavy_tail","parametric",40,0.6,"SAC (w-bar)","sac_msem","excluded_by_design",NA,NA,NA
"6d3bc9f997_t70","3pl_beta","heavy_tail","parametric",40,0.7,"SAC (w-bar)","sac_msem","excluded_by_design",NA,NA,NA
"6d3bc9f997_t80","3pl_beta","heavy_tail","parametric",40,0.8,"SAC (w-bar)","sac_msem","excluded_by_design",NA,NA,NA
"6d3bc9f997_t90","3pl_beta","heavy_tail","parametric",40,0.9,"SAC (w-bar)","sac_msem","excluded_by_design",NA,NA,NA
"6d3bc9f997_t95","3pl_beta","heavy_tail","parametric",40,0.95,"SAC (w-bar)","sac_msem","excluded_by_design",NA,NA,NA
"6eeb99a793_t50","3pl_g20","skew_pos","parametric",10,0.5,"SAC (w-bar)","sac_msem","ok",-0.00166211853018711,1.04899796310343,17.1199999999999
"6eeb99a793_t60","3pl_g20","skew_pos","parametric",10,0.6,"SAC (w-bar)","sac_msem","unreachable_target",NA,NA,1.00399999999991
"6eeb99a793_t70","3pl_g20","skew_pos","parametric",10,0.7,"SAC (w-bar)","sac_msem","unreachable_target",NA,NA,0.91599999999994
"6eeb99a793_t80","3pl_g20","skew_pos","parametric",10,0.8,"SAC (w-bar)","sac_msem","unreachable_target",NA,NA,0.990000000000009
"6eeb99a793_t90","3pl_g20","skew_pos","parametric",10,0.9,"SAC (w-bar)","sac_msem","unreachable_target",NA,NA,1.07299999999987
"6eeb99a793_t95","3pl_g20","skew_pos","parametric",10,0.95,"SAC (w-bar)","sac_msem","unreachable_target",NA,NA,0.936999999999898
"6f8ac52639_t50","3pl_g20","skew_pos","irw",40,0.5,"SAC (w-bar)","sac_msem","ok",-5.95150585836479e-05,0.356352815956254,42.509
"6f8ac52639_t60","3pl_g20","skew_pos","irw",40,0.6,"SAC (w-bar)","sac_msem","ok",-0.00044621539016132,0.471531969346807,40.1100000000001
"6f8ac52639_t70","3pl_g20","skew_pos","irw",40,0.7,"SAC (w-bar)","sac_msem","ok",0.000146927470233149,0.79784340839056,42.0119999999999
"6f8ac52639_t80","3pl_g20","skew_pos","irw",40,0.8,"SAC (w-bar)","sac_msem","ok",-0.000745755218956257,0.930660771187925,38.654
"6f8ac52639_t90","3pl_g20","skew_pos","irw",40,0.9,"SAC (w-bar)","sac_msem","ok",-0.0367153474358675,2.49607688934765,37.325
"6f8ac52639_t95","3pl_g20","skew_pos","irw",40,0.95,"SAC (w-bar)","sac_msem","unreachable_target",NA,NA,2.55000000000018
"6fa1916652_t50","3pl_g20","skew_pos","parametric",60,0.5,"SAC (w-bar)","sac_msem","ok",-0.000120538050043917,0.315273751903882,36.7449999999999
"6fa1916652_t60","3pl_g20","skew_pos","parametric",60,0.6,"SAC (w-bar)","sac_msem","ok",4.86005024686875e-05,0.362747606018116,32.9199999999998
"6fa1916652_t70","3pl_g20","skew_pos","parametric",60,0.7,"SAC (w-bar)","sac_msem","ok",-4.45787613895243e-05,0.454645706508026,31.5639999999999
"6fa1916652_t80","3pl_g20","skew_pos","parametric",60,0.8,"SAC (w-bar)","sac_msem","ok",-0.00111443382589338,0.677245319523228,32.8099999999999
"6fa1916652_t90","3pl_g20","skew_pos","parametric",60,0.9,"SAC (w-bar)","sac_msem","ok",-0.00304794649570617,1.19655136051377,32.9659999999999
"6fa1916652_t95","3pl_g20","skew_pos","parametric",60,0.95,"SAC (w-bar)","sac_msem","unreachable_target",NA,NA,2.10299999999984
"6fc75d8330_t50","2pl","heavy_tail","parametric",60,0.5,"SAC (w-bar)","sac_msem","excluded_by_design",NA,NA,NA
"6fc75d8330_t60","2pl","heavy_tail","parametric",60,0.6,"SAC (w-bar)","sac_msem","excluded_by_design",NA,NA,NA
"6fc75d8330_t70","2pl","heavy_tail","parametric",60,0.7,"SAC (w-bar)","sac_msem","excluded_by_design",NA,NA,NA
"6fc75d8330_t80","2pl","heavy_tail","parametric",60,0.8,"SAC (w-bar)","sac_msem","excluded_by_design",NA,NA,NA
"6fc75d8330_t90","2pl","heavy_tail","parametric",60,0.9,"SAC (w-bar)","sac_msem","excluded_by_design",NA,NA,NA
"6fc75d8330_t95","2pl","heavy_tail","parametric",60,0.95,"SAC (w-bar)","sac_msem","excluded_by_design",NA,NA,NA
"705e3d6cec_t50","3pl_g20","bimodal","parametric",60,0.5,"SAC (w-bar)","sac_msem","ok",8.10354584640516e-05,0.305262379096599,28.5039999999999
"705e3d6cec_t60","3pl_g20","bimodal","parametric",60,0.6,"SAC (w-bar)","sac_msem","ok",5.5588715657251e-06,0.357378549591386,27.1379999999999
"705e3d6cec_t70","3pl_g20","bimodal","parametric",60,0.7,"SAC (w-bar)","sac_msem","ok",0.000281443644250423,0.494815232793302,26.953
"705e3d6cec_t80","3pl_g20","bimodal","parametric",60,0.8,"SAC (w-bar)","sac_msem","ok",-7.00439218844773e-05,0.681412192700627,27.347
"705e3d6cec_t90","3pl_g20","bimodal","parametric",60,0.9,"SAC (w-bar)","sac_msem","ok",0.000142628094369268,1.12084714656141,26.1130000000001
"705e3d6cec_t95","3pl_g20","bimodal","parametric",60,0.95,"SAC (w-bar)","sac_msem","ok",-0.00753776395642836,2.23863004095721,56.2840000000001
"706cd16630_t50","rasch","bimodal","irw",20,0.5,"SAC (w-bar)","sac_msem","ok",-6.16434680237865e-05,0.47356994572667,19.1569999999999
"706cd16630_t60","rasch","bimodal","irw",20,0.6,"SAC (w-bar)","sac_msem","ok",-0.00100955159348204,0.894560601259201,19.432
"706cd16630_t70","rasch","bimodal","irw",20,0.7,"SAC (w-bar)","sac_msem","ok",-9.64284440554408e-05,0.810788707984853,19.232
"706cd16630_t80","rasch","bimodal","irw",20,0.8,"SAC (w-bar)","sac_msem","ok",0.00570212001704129,1.14477462011332,13.7559999999999
"706cd16630_t90","rasch","bimodal","irw",20,0.9,"SAC (w-bar)","sac_msem","ok",-0.00113328168057125,2.28897126024251,18.8589999999999
"706cd16630_t95","rasch","bimodal","irw",20,0.95,"SAC (w-bar)","sac_msem","unreachable_target",NA,NA,1.16100000000006
"7107b4b0bc_t50","3pl_g20","heavy_tail","irw",10,0.5,"SAC (w-bar)","sac_msem","excluded_by_design",NA,NA,NA
"7107b4b0bc_t60","3pl_g20","heavy_tail","irw",10,0.6,"SAC (w-bar)","sac_msem","excluded_by_design",NA,NA,NA
"7107b4b0bc_t70","3pl_g20","heavy_tail","irw",10,0.7,"SAC (w-bar)","sac_msem","excluded_by_design",NA,NA,NA
"7107b4b0bc_t80","3pl_g20","heavy_tail","irw",10,0.8,"SAC (w-bar)","sac_msem","excluded_by_design",NA,NA,NA
"7107b4b0bc_t90","3pl_g20","heavy_tail","irw",10,0.9,"SAC (w-bar)","sac_msem","excluded_by_design",NA,NA,NA
"71c9b8c65b_t50","3pl_beta","heavy_tail","parametric",60,0.5,"SAC (w-bar)","sac_msem","excluded_by_design",NA,NA,NA
"71c9b8c65b_t60","3pl_beta","heavy_tail","parametric",60,0.6,"SAC (w-bar)","sac_msem","excluded_by_design",NA,NA,NA
"71c9b8c65b_t70","3pl_beta","heavy_tail","parametric",60,0.7,"SAC (w-bar)","sac_msem","excluded_by_design",NA,NA,NA
"71c9b8c65b_t80","3pl_beta","heavy_tail","parametric",60,0.8,"SAC (w-bar)","sac_msem","excluded_by_design",NA,NA,NA
"71c9b8c65b_t90","3pl_beta","heavy_tail","parametric",60,0.9,"SAC (w-bar)","sac_msem","excluded_by_design",NA,NA,NA
"71c9b8c65b_t95","3pl_beta","heavy_tail","parametric",60,0.95,"SAC (w-bar)","sac_msem","excluded_by_design",NA,NA,NA
"738d543b91_t50","rasch","heavy_tail","parametric",20,0.5,"SAC (w-bar)","sac_msem","excluded_by_design",NA,NA,NA
"738d543b91_t60","rasch","heavy_tail","parametric",20,0.6,"SAC (w-bar)","sac_msem","excluded_by_design",NA,NA,NA
"738d543b91_t70","rasch","heavy_tail","parametric",20,0.7,"SAC (w-bar)","sac_msem","excluded_by_design",NA,NA,NA
"738d543b91_t80","rasch","heavy_tail","parametric",20,0.8,"SAC (w-bar)","sac_msem","excluded_by_design",NA,NA,NA
"738d543b91_t90","rasch","heavy_tail","parametric",20,0.9,"SAC (w-bar)","sac_msem","excluded_by_design",NA,NA,NA
"738d543b91_t95","rasch","heavy_tail","parametric",20,0.95,"SAC (w-bar)","sac_msem","excluded_by_design",NA,NA,NA
"786d9a02b6_t50","rasch","heavy_tail","irw",10,0.5,"SAC (w-bar)","sac_msem","excluded_by_design",NA,NA,NA
"786d9a02b6_t60","rasch","heavy_tail","irw",10,0.6,"SAC (w-bar)","sac_msem","excluded_by_design",NA,NA,NA
"786d9a02b6_t70","rasch","heavy_tail","irw",10,0.7,"SAC (w-bar)","sac_msem","excluded_by_design",NA,NA,NA
"786d9a02b6_t80","rasch","heavy_tail","irw",10,0.8,"SAC (w-bar)","sac_msem","excluded_by_design",NA,NA,NA
"786d9a02b6_t90","rasch","heavy_tail","irw",10,0.9,"SAC (w-bar)","sac_msem","excluded_by_design",NA,NA,NA
"786d9a02b6_t95","rasch","heavy_tail","irw",10,0.95,"SAC (w-bar)","sac_msem","excluded_by_design",NA,NA,NA
"789f2b1000_t50","rasch","heavy_tail","parametric",60,0.5,"SAC (w-bar)","sac_msem","excluded_by_design",NA,NA,NA
"789f2b1000_t60","rasch","heavy_tail","parametric",60,0.6,"SAC (w-bar)","sac_msem","excluded_by_design",NA,NA,NA
"789f2b1000_t70","rasch","heavy_tail","parametric",60,0.7,"SAC (w-bar)","sac_msem","excluded_by_design",NA,NA,NA
"789f2b1000_t80","rasch","heavy_tail","parametric",60,0.8,"SAC (w-bar)","sac_msem","excluded_by_design",NA,NA,NA
"789f2b1000_t90","rasch","heavy_tail","parametric",60,0.9,"SAC (w-bar)","sac_msem","excluded_by_design",NA,NA,NA
"789f2b1000_t95","rasch","heavy_tail","parametric",60,0.95,"SAC (w-bar)","sac_msem","excluded_by_design",NA,NA,NA
"7bfda144a5_t50","3pl_beta","bimodal","irw",60,0.5,"SAC (w-bar)","sac_msem","ok",-0.000286071557194623,0.32144797807686,58.2719999999999
"7bfda144a5_t60","3pl_beta","bimodal","irw",60,0.6,"SAC (w-bar)","sac_msem","ok",0.000179104133148145,0.358533903820186,55.933
"7bfda144a5_t70","3pl_beta","bimodal","irw",60,0.7,"SAC (w-bar)","sac_msem","ok",7.36014709126209e-05,0.482870861256635,53.1210000000001
"7bfda144a5_t80","3pl_beta","bimodal","irw",60,0.8,"SAC (w-bar)","sac_msem","ok",-0.000293677453061414,0.6928423887504,52.152
"7bfda144a5_t90","3pl_beta","bimodal","irw",60,0.9,"SAC (w-bar)","sac_msem","not_converged",0.0501221967221831,3.46708201622014,53.7239999999999
"7bfda144a5_t95","3pl_beta","bimodal","irw",60,0.95,"SAC (w-bar)","sac_msem","ok",-0.0107979806143831,2.0815389947788,47.05
"7c47698ded_t50","2pl","normal","irw",10,0.5,"SAC (w-bar)","sac_msem","ok",0.000552876046128303,0.623042396610138,13.278
"7c47698ded_t60","2pl","normal","irw",10,0.6,"SAC (w-bar)","sac_msem","ok",-0.000628890628755818,0.850047860578101,13.2059999999999
"7c47698ded_t70","2pl","normal","irw",10,0.7,"SAC (w-bar)","sac_msem","ok",0.00933890827022388,1.33745158027795,13.588
"7c47698ded_t80","2pl","normal","irw",10,0.8,"SAC (w-bar)","sac_msem","unreachable_target",NA,NA,0.786999999999807
"7c47698ded_t90","2pl","normal","irw",10,0.9,"SAC (w-bar)","sac_msem","unreachable_target",NA,NA,0.776000000000067
"7c47698ded_t95","2pl","normal","irw",10,0.95,"SAC (w-bar)","sac_msem","unreachable_target",NA,NA,0.807000000000016
"7cee56a484_t50","2pl","bimodal","parametric",10,0.5,"SAC (w-bar)","sac_msem","ok",-5.07221758998533e-05,0.721437935937021,13.0709999999999
"7cee56a484_t60","2pl","bimodal","parametric",10,0.6,"SAC (w-bar)","sac_msem","ok",-5.05405483555155e-05,0.883562456429878,14.386
"7cee56a484_t70","2pl","bimodal","parametric",10,0.7,"SAC (w-bar)","sac_msem","ok",0.000745144731174041,0.953935815656232,12.521
"7cee56a484_t80","2pl","bimodal","parametric",10,0.8,"SAC (w-bar)","sac_msem","ok",-0.0087890222052206,2.22823604460967,14.2860000000001
"7cee56a484_t90","2pl","bimodal","parametric",10,0.9,"SAC (w-bar)","sac_msem","unreachable_target",NA,NA,0.517999999999802
"7cee56a484_t95","2pl","bimodal","parametric",10,0.95,"SAC (w-bar)","sac_msem","unreachable_target",NA,NA,0.766000000000076
"7d3dc7a372_t50","3pl_g20","heavy_tail","parametric",40,0.5,"SAC (w-bar)","sac_msem","excluded_by_design",NA,NA,NA
"7d3dc7a372_t60","3pl_g20","heavy_tail","parametric",40,0.6,"SAC (w-bar)","sac_msem","excluded_by_design",NA,NA,NA
"7d3dc7a372_t70","3pl_g20","heavy_tail","parametric",40,0.7,"SAC (w-bar)","sac_msem","excluded_by_design",NA,NA,NA
"7d3dc7a372_t80","3pl_g20","heavy_tail","parametric",40,0.8,"SAC (w-bar)","sac_msem","excluded_by_design",NA,NA,NA
"7d3dc7a372_t90","3pl_g20","heavy_tail","parametric",40,0.9,"SAC (w-bar)","sac_msem","excluded_by_design",NA,NA,NA
"7d3dc7a372_t95","3pl_g20","heavy_tail","parametric",40,0.95,"SAC (w-bar)","sac_msem","excluded_by_design",NA,NA,NA
"7e68f7b5fe_t50","3pl_g20","normal","irw",60,0.5,"SAC (w-bar)","sac_msem","ok",-0.000147840655465914,0.283339694055196,54.075
"7e68f7b5fe_t60","3pl_g20","normal","irw",60,0.6,"SAC (w-bar)","sac_msem","ok",0.000140051342452985,0.375398178867168,54.9550000000002
"7e68f7b5fe_t70","3pl_g20","normal","irw",60,0.7,"SAC (w-bar)","sac_msem","ok",0.000140440266956254,0.580408931295202,55.877
"7e68f7b5fe_t80","3pl_g20","normal","irw",60,0.8,"SAC (w-bar)","sac_msem","ok",-0.00386990021161449,1.01034841310662,55.2090000000001
"7e68f7b5fe_t90","3pl_g20","normal","irw",60,0.9,"SAC (w-bar)","sac_msem","ok",0.00971795987865864,1.35856954925566,45.7740000000001
"7e68f7b5fe_t95","3pl_g20","normal","irw",60,0.95,"SAC (w-bar)","sac_msem","ok",-0.0115974796150793,2.16174680777761,56.2379999999998
"8320ea3e35_t50","3pl_beta","heavy_tail","irw",20,0.5,"SAC (w-bar)","sac_msem","excluded_by_design",NA,NA,NA
"8320ea3e35_t60","3pl_beta","heavy_tail","irw",20,0.6,"SAC (w-bar)","sac_msem","excluded_by_design",NA,NA,NA
"8320ea3e35_t70","3pl_beta","heavy_tail","irw",20,0.7,"SAC (w-bar)","sac_msem","excluded_by_design",NA,NA,NA
"8320ea3e35_t80","3pl_beta","heavy_tail","irw",20,0.8,"SAC (w-bar)","sac_msem","excluded_by_design",NA,NA,NA
"8320ea3e35_t90","3pl_beta","heavy_tail","irw",20,0.9,"SAC (w-bar)","sac_msem","excluded_by_design",NA,NA,NA
"837c70723e_t50","3pl_g20","normal","irw",20,0.5,"SAC (w-bar)","sac_msem","ok",0.000290204357834001,0.593974080094468,22.768
"837c70723e_t60","3pl_g20","normal","irw",20,0.6,"SAC (w-bar)","sac_msem","ok",0.0017578052656263,0.693517109407893,22.6479999999999
"837c70723e_t70","3pl_g20","normal","irw",20,0.7,"SAC (w-bar)","sac_msem","ok",0.00152116268485436,0.924613433174927,24.1610000000001
"837c70723e_t80","3pl_g20","normal","irw",20,0.8,"SAC (w-bar)","sac_msem","unreachable_target",NA,NA,1.30400000000009
"837c70723e_t90","3pl_g20","normal","irw",20,0.9,"SAC (w-bar)","sac_msem","unreachable_target",NA,NA,1.30200000000013
"837c70723e_t95","3pl_g20","normal","irw",20,0.95,"SAC (w-bar)","sac_msem","unreachable_target",NA,NA,1.43199999999979
"857e5b810e_t50","3pl_beta","heavy_tail","irw",60,0.5,"SAC (w-bar)","sac_msem","excluded_by_design",NA,NA,NA
"857e5b810e_t60","3pl_beta","heavy_tail","irw",60,0.6,"SAC (w-bar)","sac_msem","excluded_by_design",NA,NA,NA
"857e5b810e_t70","3pl_beta","heavy_tail","irw",60,0.7,"SAC (w-bar)","sac_msem","excluded_by_design",NA,NA,NA
"857e5b810e_t80","3pl_beta","heavy_tail","irw",60,0.8,"SAC (w-bar)","sac_msem","excluded_by_design",NA,NA,NA
"857e5b810e_t90","3pl_beta","heavy_tail","irw",60,0.9,"SAC (w-bar)","sac_msem","excluded_by_design",NA,NA,NA
"857e5b810e_t95","3pl_beta","heavy_tail","irw",60,0.95,"SAC (w-bar)","sac_msem","excluded_by_design",NA,NA,NA
"862b4710eb_t50","3pl_g20","skew_pos","parametric",20,0.5,"SAC (w-bar)","sac_msem","ok",-0.00016659135183561,0.50153335515869,24.069
"862b4710eb_t60","3pl_g20","skew_pos","parametric",20,0.6,"SAC (w-bar)","sac_msem","ok",-0.000490122837727092,0.695836578654456,20.7860000000001
"862b4710eb_t70","3pl_g20","skew_pos","parametric",20,0.7,"SAC (w-bar)","sac_msem","ok",-0.00181221689349431,0.918294287687417,23.5720000000001
"862b4710eb_t80","3pl_g20","skew_pos","parametric",20,0.8,"SAC (w-bar)","sac_msem","unreachable_target",NA,NA,1.36300000000006
"862b4710eb_t90","3pl_g20","skew_pos","parametric",20,0.9,"SAC (w-bar)","sac_msem","unreachable_target",NA,NA,1.43299999999999
"862b4710eb_t95","3pl_g20","skew_pos","parametric",20,0.95,"SAC (w-bar)","sac_msem","unreachable_target",NA,NA,1.48799999999983
"877051b144_t50","3pl_beta","bimodal","parametric",40,0.5,"SAC (w-bar)","sac_msem","ok",-6.35241640150053e-05,0.401956038477882,36.1780000000001
"877051b144_t60","3pl_beta","bimodal","parametric",40,0.6,"SAC (w-bar)","sac_msem","ok",-0.000197226564805697,0.510579071079277,34.5200000000002
"877051b144_t70","3pl_beta","bimodal","parametric",40,0.7,"SAC (w-bar)","sac_msem","ok",-0.000360066179979857,0.613267350760195,30.431
"877051b144_t80","3pl_beta","bimodal","parametric",40,0.8,"SAC (w-bar)","sac_msem","ok",-0.000905178766118619,0.919416017394109,30.232
"877051b144_t90","3pl_beta","bimodal","parametric",40,0.9,"SAC (w-bar)","sac_msem","ok",-0.00760583243598045,1.73409080569665,30.2940000000001
"877051b144_t95","3pl_beta","bimodal","parametric",40,0.95,"SAC (w-bar)","sac_msem","ok",-0.00533877393197069,3.59418596409149,35.74
"88f779a86c_t50","2pl","skew_pos","parametric",20,0.5,"SAC (w-bar)","sac_msem","ok",5.11678420445083e-05,0.452425909115203,19.0780000000002
"88f779a86c_t60","2pl","skew_pos","parametric",20,0.6,"SAC (w-bar)","sac_msem","ok",0.000124063627703341,0.577399168459918,13.4159999999999
"88f779a86c_t70","2pl","skew_pos","parametric",20,0.7,"SAC (w-bar)","sac_msem","ok",-0.00152547362789968,0.707574935107448,19.164
"88f779a86c_t80","2pl","skew_pos","parametric",20,0.8,"SAC (w-bar)","sac_msem","ok",0.00244320553433752,1.06746758883855,20.1879999999999
"88f779a86c_t90","2pl","skew_pos","parametric",20,0.9,"SAC (w-bar)","sac_msem","unreachable_target",NA,NA,1.16199999999981
"88f779a86c_t95","2pl","skew_pos","parametric",20,0.95,"SAC (w-bar)","sac_msem","unreachable_target",NA,NA,1.14799999999991
"89ea0bc5ff_t50","rasch","skew_pos","irw",40,0.5,"SAC (w-bar)","sac_msem","ok",-0.000140397739126052,0.419097901478092,19.2069999999999
"89ea0bc5ff_t60","rasch","skew_pos","irw",40,0.6,"SAC (w-bar)","sac_msem","ok",2.55714183082789e-05,0.404175276193385,19.4889999999998
"89ea0bc5ff_t70","rasch","skew_pos","irw",40,0.7,"SAC (w-bar)","sac_msem","ok",6.51643862275009e-05,0.51256401744393,23.298
"89ea0bc5ff_t80","rasch","skew_pos","irw",40,0.8,"SAC (w-bar)","sac_msem","ok",-0.00070923340523954,0.689732210715958,17.6039999999998
"89ea0bc5ff_t90","rasch","skew_pos","irw",40,0.9,"SAC (w-bar)","sac_msem","ok",-0.0134209481099222,2.09722577836113,17.548
"89ea0bc5ff_t95","rasch","skew_pos","irw",40,0.95,"SAC (w-bar)","sac_msem","unreachable_target",NA,NA,1.18000000000006
"8db178eee1_t50","rasch","skew_pos","irw",10,0.5,"SAC (w-bar)","sac_msem","ok",-0.000111811738767953,0.700211338032046,12.981
"8db178eee1_t60","rasch","skew_pos","irw",10,0.6,"SAC (w-bar)","sac_msem","ok",0.0017729730419479,0.872932962891617,9.00299999999993
"8db178eee1_t70","rasch","skew_pos","irw",10,0.7,"SAC (w-bar)","sac_msem","branch_lost",-0.0143220224212622,1.46427487301103,12.7090000000001
"8db178eee1_t80","rasch","skew_pos","irw",10,0.8,"SAC (w-bar)","sac_msem","unreachable_target",NA,NA,0.747000000000071
"8db178eee1_t90","rasch","skew_pos","irw",10,0.9,"SAC (w-bar)","sac_msem","unreachable_target",NA,NA,0.477000000000089
"8db178eee1_t95","rasch","skew_pos","irw",10,0.95,"SAC (w-bar)","sac_msem","unreachable_target",NA,NA,0.842999999999847
"90b3200e06_t50","2pl","bimodal","irw",40,0.5,"SAC (w-bar)","sac_msem","no_increasing_branch",NA,NA,1.70700000000011
"90b3200e06_t60","2pl","bimodal","irw",40,0.6,"SAC (w-bar)","sac_msem","ok",0.000221669075834874,0.365903535912895,17.6400000000001
"90b3200e06_t70","2pl","bimodal","irw",40,0.7,"SAC (w-bar)","sac_msem","ok",4.26569512027575e-05,0.575145023035166,16.671
"90b3200e06_t80","2pl","bimodal","irw",40,0.8,"SAC (w-bar)","sac_msem","ok",0.000240086350091873,0.654486287556018,19.7339999999999
"90b3200e06_t90","2pl","bimodal","irw",40,0.9,"SAC (w-bar)","sac_msem","ok",-0.0119187418974028,1.44732133696134,16.0909999999999
"90b3200e06_t95","2pl","bimodal","irw",40,0.95,"SAC (w-bar)","sac_msem","ok",-0.00227456377093926,2.54986637187783,15.6979999999999
"93478b9ed6_t50","rasch","bimodal","irw",10,0.5,"SAC (w-bar)","sac_msem","ok",-0.000109724320882132,0.731098574874375,7.49800000000005
"93478b9ed6_t60","rasch","bimodal","irw",10,0.6,"SAC (w-bar)","sac_msem","ok",-0.00606782547065732,1.42430434182584,11.915
"93478b9ed6_t70","rasch","bimodal","irw",10,0.7,"SAC (w-bar)","sac_msem","ok",-0.000636546730689691,1.15999602896738,12.0740000000001
"93478b9ed6_t80","rasch","bimodal","irw",10,0.8,"SAC (w-bar)","sac_msem","ok",-0.0105418419877588,1.97816571086683,13.127
"93478b9ed6_t90","rasch","bimodal","irw",10,0.9,"SAC (w-bar)","sac_msem","unreachable_target",NA,NA,0.730000000000018
"93478b9ed6_t95","rasch","bimodal","irw",10,0.95,"SAC (w-bar)","sac_msem","unreachable_target",NA,NA,0.745999999999867
"940dd58533_t50","3pl_g20","normal","irw",10,0.5,"SAC (w-bar)","sac_msem","ok",-0.000158351206781371,0.898597950910347,14.896
"940dd58533_t60","3pl_g20","normal","irw",10,0.6,"SAC (w-bar)","sac_msem","unreachable_target",NA,NA,0.847999999999956
"940dd58533_t70","3pl_g20","normal","irw",10,0.7,"SAC (w-bar)","sac_msem","unreachable_target",NA,NA,0.99799999999982
"940dd58533_t80","3pl_g20","normal","irw",10,0.8,"SAC (w-bar)","sac_msem","unreachable_target",NA,NA,0.850000000000136
"940dd58533_t90","3pl_g20","normal","irw",10,0.9,"SAC (w-bar)","sac_msem","unreachable_target",NA,NA,0.876999999999953
"9513362a78_t50","2pl","heavy_tail","irw",20,0.5,"SAC (w-bar)","sac_msem","excluded_by_design",NA,NA,NA
"9513362a78_t60","2pl","heavy_tail","irw",20,0.6,"SAC (w-bar)","sac_msem","excluded_by_design",NA,NA,NA
"9513362a78_t70","2pl","heavy_tail","irw",20,0.7,"SAC (w-bar)","sac_msem","excluded_by_design",NA,NA,NA
"9513362a78_t80","2pl","heavy_tail","irw",20,0.8,"SAC (w-bar)","sac_msem","excluded_by_design",NA,NA,NA
"9513362a78_t90","2pl","heavy_tail","irw",20,0.9,"SAC (w-bar)","sac_msem","excluded_by_design",NA,NA,NA
"9513362a78_t95","2pl","heavy_tail","irw",20,0.95,"SAC (w-bar)","sac_msem","excluded_by_design",NA,NA,NA
"9711f8cd98_t50","3pl_g20","bimodal","parametric",10,0.5,"SAC (w-bar)","sac_msem","ok",0.000386143966641384,0.894498086429966,12.7120000000002
"9711f8cd98_t60","3pl_g20","bimodal","parametric",10,0.6,"SAC (w-bar)","sac_msem","ok",-0.00463782741566665,1.21878743902035,15.568
"9711f8cd98_t70","3pl_g20","bimodal","parametric",10,0.7,"SAC (w-bar)","sac_msem","ok",-0.00327124992968153,1.96739027794546,14.7820000000002
"9711f8cd98_t80","3pl_g20","bimodal","parametric",10,0.8,"SAC (w-bar)","sac_msem","unreachable_target",NA,NA,0.888000000000147
"9edead4a8b_t50","2pl","normal","parametric",40,0.5,"SAC (w-bar)","sac_msem","ok",-0.000139345643176414,0.31950444309759,26.566
"9edead4a8b_t60","2pl","normal","parametric",40,0.6,"SAC (w-bar)","sac_msem","ok",0.000126986372100513,0.375935910371649,28.5719999999999
"9edead4a8b_t70","2pl","normal","parametric",40,0.7,"SAC (w-bar)","sac_msem","ok",-4.73232880150443e-05,0.463467087799495,27.047
"9edead4a8b_t80","2pl","normal","parametric",40,0.8,"SAC (w-bar)","sac_msem","ok",-7.41293610584393e-05,0.71029441893763,28.4770000000001
"9edead4a8b_t90","2pl","normal","parametric",40,0.9,"SAC (w-bar)","sac_msem","ok",-0.00355648115049245,1.16181486922012,26.7669999999998
"9edead4a8b_t95","2pl","normal","parametric",40,0.95,"SAC (w-bar)","sac_msem","ok",-0.00938896207087736,2.02986626080491,28.587
"a1f4688fbc_t50","3pl_g20","heavy_tail","irw",20,0.5,"SAC (w-bar)","sac_msem","excluded_by_design",NA,NA,NA
"a1f4688fbc_t60","3pl_g20","heavy_tail","irw",20,0.6,"SAC (w-bar)","sac_msem","excluded_by_design",NA,NA,NA
"a1f4688fbc_t70","3pl_g20","heavy_tail","irw",20,0.7,"SAC (w-bar)","sac_msem","excluded_by_design",NA,NA,NA
"a1f4688fbc_t80","3pl_g20","heavy_tail","irw",20,0.8,"SAC (w-bar)","sac_msem","excluded_by_design",NA,NA,NA
"a1f4688fbc_t90","3pl_g20","heavy_tail","irw",20,0.9,"SAC (w-bar)","sac_msem","excluded_by_design",NA,NA,NA
"a1f4688fbc_t95","3pl_g20","heavy_tail","irw",20,0.95,"SAC (w-bar)","sac_msem","excluded_by_design",NA,NA,NA
"a299eff79d_t50","3pl_beta","normal","parametric",20,0.5,"SAC (w-bar)","sac_msem","ok",-0.000934556017069099,0.54728318643196,23.279
"a299eff79d_t60","3pl_beta","normal","parametric",20,0.6,"SAC (w-bar)","sac_msem","ok",-3.37938475660771e-05,0.790331349701737,21.068
"a299eff79d_t70","3pl_beta","normal","parametric",20,0.7,"SAC (w-bar)","sac_msem","ok",0.00137260319681876,1.00285956729326,23.348
"a299eff79d_t80","3pl_beta","normal","parametric",20,0.8,"SAC (w-bar)","sac_msem","unreachable_target",NA,NA,1.3599999999999
"a299eff79d_t90","3pl_beta","normal","parametric",20,0.9,"SAC (w-bar)","sac_msem","unreachable_target",NA,NA,1.346
"a299eff79d_t95","3pl_beta","normal","parametric",20,0.95,"SAC (w-bar)","sac_msem","unreachable_target",NA,NA,1.27300000000014
"aa41d06cf1_t50","3pl_beta","bimodal","irw",40,0.5,"SAC (w-bar)","sac_msem","ok",-0.00012126914117383,0.407577825370287,39.056
"aa41d06cf1_t60","3pl_beta","bimodal","irw",40,0.6,"SAC (w-bar)","sac_msem","ok",-6.40061306912409e-05,0.464875775655849,36.875
"aa41d06cf1_t70","3pl_beta","bimodal","irw",40,0.7,"SAC (w-bar)","sac_msem","ok",-7.44245596957516e-05,0.719358482258,39.1879999999999
"aa41d06cf1_t80","3pl_beta","bimodal","irw",40,0.8,"SAC (w-bar)","sac_msem","ok",-0.0002535154361053,0.883672589122621,40.077
"aa41d06cf1_t90","3pl_beta","bimodal","irw",40,0.9,"SAC (w-bar)","sac_msem","unreachable_target",NA,NA,2.1400000000001
"aa41d06cf1_t95","3pl_beta","bimodal","irw",40,0.95,"SAC (w-bar)","sac_msem","unreachable_target",NA,NA,2.16599999999994
"ac596c5075_t50","rasch","skew_pos","parametric",10,0.5,"SAC (w-bar)","sac_msem","ok",6.49787760501619e-05,0.696077822202292,7.91999999999985
"ac596c5075_t60","rasch","skew_pos","parametric",10,0.6,"SAC (w-bar)","sac_msem","ok",0.00149558289285301,0.89878930206726,10.2629999999999
"ac596c5075_t70","rasch","skew_pos","parametric",10,0.7,"SAC (w-bar)","sac_msem","unreachable_target",NA,NA,0.743999999999915
"ac596c5075_t80","rasch","skew_pos","parametric",10,0.8,"SAC (w-bar)","sac_msem","unreachable_target",NA,NA,0.798000000000002
"ac596c5075_t90","rasch","skew_pos","parametric",10,0.9,"SAC (w-bar)","sac_msem","unreachable_target",NA,NA,0.750999999999976
"ac596c5075_t95","rasch","skew_pos","parametric",10,0.95,"SAC (w-bar)","sac_msem","unreachable_target",NA,NA,0.856999999999971
"ad266e1728_t50","3pl_beta","heavy_tail","irw",10,0.5,"SAC (w-bar)","sac_msem","excluded_by_design",NA,NA,NA
"ad266e1728_t60","3pl_beta","heavy_tail","irw",10,0.6,"SAC (w-bar)","sac_msem","excluded_by_design",NA,NA,NA
"ad266e1728_t70","3pl_beta","heavy_tail","irw",10,0.7,"SAC (w-bar)","sac_msem","excluded_by_design",NA,NA,NA
"ad266e1728_t80","3pl_beta","heavy_tail","irw",10,0.8,"SAC (w-bar)","sac_msem","excluded_by_design",NA,NA,NA
"ad266e1728_t90","3pl_beta","heavy_tail","irw",10,0.9,"SAC (w-bar)","sac_msem","excluded_by_design",NA,NA,NA
"ade7e80f30_t50","3pl_g20","skew_pos","parametric",40,0.5,"SAC (w-bar)","sac_msem","ok",0.000206709219772505,0.372650365036153,38.8109999999999
"ade7e80f30_t60","3pl_g20","skew_pos","parametric",40,0.6,"SAC (w-bar)","sac_msem","ok",-0.000562895105874706,0.443463493475429,39.21
"ade7e80f30_t70","3pl_g20","skew_pos","parametric",40,0.7,"SAC (w-bar)","sac_msem","ok",-0.000223544730602265,0.547009967379607,37.3519999999999
"ade7e80f30_t80","3pl_g20","skew_pos","parametric",40,0.8,"SAC (w-bar)","sac_msem","ok",0.000890249324681402,0.916354023458286,38.0799999999999
"ade7e80f30_t90","3pl_g20","skew_pos","parametric",40,0.9,"SAC (w-bar)","sac_msem","ok",-0.0204992693399433,1.93227078933527,37.914
"ade7e80f30_t95","3pl_g20","skew_pos","parametric",40,0.95,"SAC (w-bar)","sac_msem","unreachable_target",NA,NA,2.17799999999988
"b06cf9b257_t50","2pl","heavy_tail","parametric",40,0.5,"SAC (w-bar)","sac_msem","excluded_by_design",NA,NA,NA
"b06cf9b257_t60","2pl","heavy_tail","parametric",40,0.6,"SAC (w-bar)","sac_msem","excluded_by_design",NA,NA,NA
"b06cf9b257_t70","2pl","heavy_tail","parametric",40,0.7,"SAC (w-bar)","sac_msem","excluded_by_design",NA,NA,NA
"b06cf9b257_t80","2pl","heavy_tail","parametric",40,0.8,"SAC (w-bar)","sac_msem","excluded_by_design",NA,NA,NA
"b06cf9b257_t90","2pl","heavy_tail","parametric",40,0.9,"SAC (w-bar)","sac_msem","excluded_by_design",NA,NA,NA
"b06cf9b257_t95","2pl","heavy_tail","parametric",40,0.95,"SAC (w-bar)","sac_msem","excluded_by_design",NA,NA,NA
"b5c17df61e_t50","3pl_beta","heavy_tail","irw",40,0.5,"SAC (w-bar)","sac_msem","excluded_by_design",NA,NA,NA
"b5c17df61e_t60","3pl_beta","heavy_tail","irw",40,0.6,"SAC (w-bar)","sac_msem","excluded_by_design",NA,NA,NA
"b5c17df61e_t70","3pl_beta","heavy_tail","irw",40,0.7,"SAC (w-bar)","sac_msem","excluded_by_design",NA,NA,NA
"b5c17df61e_t80","3pl_beta","heavy_tail","irw",40,0.8,"SAC (w-bar)","sac_msem","excluded_by_design",NA,NA,NA
"b5c17df61e_t90","3pl_beta","heavy_tail","irw",40,0.9,"SAC (w-bar)","sac_msem","excluded_by_design",NA,NA,NA
"b5c17df61e_t95","3pl_beta","heavy_tail","irw",40,0.95,"SAC (w-bar)","sac_msem","excluded_by_design",NA,NA,NA
"b605c149c3_t50","2pl","bimodal","irw",10,0.5,"SAC (w-bar)","sac_msem","ok",3.72105889356877e-06,0.766366340023197,13.5230000000001
"b605c149c3_t60","2pl","bimodal","irw",10,0.6,"SAC (w-bar)","sac_msem","ok",-0.000307478562641461,0.74047841242164,13.7380000000001
"b605c149c3_t70","2pl","bimodal","irw",10,0.7,"SAC (w-bar)","sac_msem","ok",-0.00515479516153705,1.56082782050994,8.3610000000001
"b605c149c3_t80","2pl","bimodal","irw",10,0.8,"SAC (w-bar)","sac_msem","ok",0.00310159239307772,1.80164020624666,13.0240000000001
"b605c149c3_t90","2pl","bimodal","irw",10,0.9,"SAC (w-bar)","sac_msem","unreachable_target",NA,NA,0.764999999999873
"b69bee9770_t50","rasch","normal","irw",40,0.5,"SAC (w-bar)","sac_msem","ok",-2.85719944319029e-05,0.329013968817216,28.7719999999999
"b69bee9770_t60","rasch","normal","irw",40,0.6,"SAC (w-bar)","sac_msem","ok",9.04630994491562e-05,0.447894630849683,28.6490000000001
"b69bee9770_t70","rasch","normal","irw",40,0.7,"SAC (w-bar)","sac_msem","ok",-2.82440223626779e-05,0.544303096745885,26.4309999999998
"b69bee9770_t80","rasch","normal","irw",40,0.8,"SAC (w-bar)","sac_msem","ok",0.000240294164732147,0.692061059844407,30.683
"b69bee9770_t90","rasch","normal","irw",40,0.9,"SAC (w-bar)","sac_msem","ok",0.00729723608588384,1.33548123575721,22.4059999999999
"b69bee9770_t95","rasch","normal","irw",40,0.95,"SAC (w-bar)","sac_msem","unreachable_target",NA,NA,1.87099999999987
"b6cfbaf90a_t50","rasch","bimodal","parametric",40,0.5,"SAC (w-bar)","sac_msem","ok",0.000103571756456922,0.323069494248414,27.9639999999999
"b6cfbaf90a_t60","rasch","bimodal","parametric",40,0.6,"SAC (w-bar)","sac_msem","ok",7.78880908274271e-05,0.401439126259734,28.134
"b6cfbaf90a_t70","rasch","bimodal","parametric",40,0.7,"SAC (w-bar)","sac_msem","ok",6.10786333621327e-06,0.51085763841428,28.0980000000002
"b6cfbaf90a_t80","rasch","bimodal","parametric",40,0.8,"SAC (w-bar)","sac_msem","ok",5.60807378758854e-05,0.692376149578698,23.0239999999999
"b6cfbaf90a_t90","rasch","bimodal","parametric",40,0.9,"SAC (w-bar)","sac_msem","ok",-0.00111792874840522,1.21131734328928,27.723
"b6cfbaf90a_t95","rasch","bimodal","parametric",40,0.95,"SAC (w-bar)","sac_msem","ok",-0.00116610745111978,2.10585933712861,26.8099999999999
"b6eb9aaebc_t50","rasch","bimodal","irw",40,0.5,"SAC (w-bar)","sac_msem","ok",-1.3079362398527e-05,0.333335153656523,28.952
"b6eb9aaebc_t60","rasch","bimodal","irw",40,0.6,"SAC (w-bar)","sac_msem","ok",-3.90747852814233e-05,0.400683296381015,20.915
"b6eb9aaebc_t70","rasch","bimodal","irw",40,0.7,"SAC (w-bar)","sac_msem","ok",-0.000516717567331515,0.749500403695248,24.1389999999997
"b6eb9aaebc_t80","rasch","bimodal","irw",40,0.8,"SAC (w-bar)","sac_msem","ok",0.000183129235389767,0.685547907439971,29.4109999999998
"b6eb9aaebc_t90","rasch","bimodal","irw",40,0.9,"SAC (w-bar)","sac_msem","ok",0.00556585069423376,1.19235415233412,28.4580000000001
"b6eb9aaebc_t95","rasch","bimodal","irw",40,0.95,"SAC (w-bar)","sac_msem","ok",-0.0149075418833241,2.32913726889697,23.2820000000002
"b75c180cb0_t50","2pl","skew_pos","parametric",10,0.5,"SAC (w-bar)","sac_msem","ok",0.000323635896001817,0.699195945565842,12.903
"b75c180cb0_t60","2pl","skew_pos","parametric",10,0.6,"SAC (w-bar)","sac_msem","ok",-0.00164572695229603,0.891068639464775,12.8630000000003
"b75c180cb0_t70","2pl","skew_pos","parametric",10,0.7,"SAC (w-bar)","sac_msem","ok",-0.00205147917770754,1.36053140477264,13.0829999999996
"b75c180cb0_t80","2pl","skew_pos","parametric",10,0.8,"SAC (w-bar)","sac_msem","unreachable_target",NA,NA,0.746000000000095
"b75c180cb0_t90","2pl","skew_pos","parametric",10,0.9,"SAC (w-bar)","sac_msem","unreachable_target",NA,NA,0.798000000000229
"b75c180cb0_t95","2pl","skew_pos","parametric",10,0.95,"SAC (w-bar)","sac_msem","unreachable_target",NA,NA,0.817999999999756
"b7cb5fd647_t50","rasch","normal","irw",20,0.5,"SAC (w-bar)","sac_msem","ok",-8.50490182586205e-05,0.463237097945528,20.0700000000002
"b7cb5fd647_t60","rasch","normal","irw",20,0.6,"SAC (w-bar)","sac_msem","ok",0.000210455661373898,0.625197208203074,17.1119999999996
"b7cb5fd647_t70","rasch","normal","irw",20,0.7,"SAC (w-bar)","sac_msem","ok",0.00228400982276478,0.906984723108245,18.4160000000002
"b7cb5fd647_t80","rasch","normal","irw",20,0.8,"SAC (w-bar)","sac_msem","ok",0.000743854842919278,1.06686708768158,18.5030000000002
"b7cb5fd647_t90","rasch","normal","irw",20,0.9,"SAC (w-bar)","sac_msem","ok",-0.0128600729029236,2.0449768864218,14.837
"b7cb5fd647_t95","rasch","normal","irw",20,0.95,"SAC (w-bar)","sac_msem","unreachable_target",NA,NA,1.096
"b80071f5e2_t50","2pl","heavy_tail","irw",60,0.5,"SAC (w-bar)","sac_msem","excluded_by_design",NA,NA,NA
"b80071f5e2_t60","2pl","heavy_tail","irw",60,0.6,"SAC (w-bar)","sac_msem","excluded_by_design",NA,NA,NA
"b80071f5e2_t70","2pl","heavy_tail","irw",60,0.7,"SAC (w-bar)","sac_msem","excluded_by_design",NA,NA,NA
"b80071f5e2_t80","2pl","heavy_tail","irw",60,0.8,"SAC (w-bar)","sac_msem","excluded_by_design",NA,NA,NA
"b80071f5e2_t90","2pl","heavy_tail","irw",60,0.9,"SAC (w-bar)","sac_msem","excluded_by_design",NA,NA,NA
"b80071f5e2_t95","2pl","heavy_tail","irw",60,0.95,"SAC (w-bar)","sac_msem","excluded_by_design",NA,NA,NA
"b8ba807a81_t50","rasch","heavy_tail","irw",60,0.5,"SAC (w-bar)","sac_msem","excluded_by_design",NA,NA,NA
"b8ba807a81_t60","rasch","heavy_tail","irw",60,0.6,"SAC (w-bar)","sac_msem","excluded_by_design",NA,NA,NA
"b8ba807a81_t70","rasch","heavy_tail","irw",60,0.7,"SAC (w-bar)","sac_msem","excluded_by_design",NA,NA,NA
"b8ba807a81_t80","rasch","heavy_tail","irw",60,0.8,"SAC (w-bar)","sac_msem","excluded_by_design",NA,NA,NA
"b8ba807a81_t90","rasch","heavy_tail","irw",60,0.9,"SAC (w-bar)","sac_msem","excluded_by_design",NA,NA,NA
"b8ba807a81_t95","rasch","heavy_tail","irw",60,0.95,"SAC (w-bar)","sac_msem","excluded_by_design",NA,NA,NA
"bb52ad0abc_t50","3pl_beta","normal","irw",10,0.5,"SAC (w-bar)","sac_msem","ok",-0.00217610018870878,1.03189639445485,17.3820000000001
"bb52ad0abc_t60","3pl_beta","normal","irw",10,0.6,"SAC (w-bar)","sac_msem","ok",0.00701619985601409,1.56231214129194,13.451
"bb52ad0abc_t70","3pl_beta","normal","irw",10,0.7,"SAC (w-bar)","sac_msem","unreachable_target",NA,NA,0.91399999999976
"bb52ad0abc_t80","3pl_beta","normal","irw",10,0.8,"SAC (w-bar)","sac_msem","unreachable_target",NA,NA,0.927000000000135
"bb52ad0abc_t90","3pl_beta","normal","irw",10,0.9,"SAC (w-bar)","sac_msem","unreachable_target",NA,NA,0.936999999999898
"bb52ad0abc_t95","3pl_beta","normal","irw",10,0.95,"SAC (w-bar)","sac_msem","unreachable_target",NA,NA,0.938999999999851
"bd4a352d58_t50","2pl","skew_pos","parametric",60,0.5,"SAC (w-bar)","sac_msem","ok",-8.37442966765689e-05,0.236005397659732,41.1949999999997
"bd4a352d58_t60","2pl","skew_pos","parametric",60,0.6,"SAC (w-bar)","sac_msem","ok",-8.37553136194824e-05,0.280520162604028,40.4270000000001
"bd4a352d58_t70","2pl","skew_pos","parametric",60,0.7,"SAC (w-bar)","sac_msem","ok",0.000250411979298648,0.395257046341014,39.4099999999999
"bd4a352d58_t80","2pl","skew_pos","parametric",60,0.8,"SAC (w-bar)","sac_msem","ok",0.000314298494435428,0.562813514108621,41.3340000000003
"bd4a352d58_t90","2pl","skew_pos","parametric",60,0.9,"SAC (w-bar)","sac_msem","ok",-0.00129801206453173,0.836323969178558,41.2169999999996
"bd4a352d58_t95","2pl","skew_pos","parametric",60,0.95,"SAC (w-bar)","sac_msem","unreachable_target",NA,NA,2.64000000000033
"bec01bd864_t50","3pl_g20","bimodal","irw",40,0.5,"SAC (w-bar)","sac_msem","ok",-0.000179723004140764,0.37304210311931,39.067
"bec01bd864_t60","3pl_g20","bimodal","irw",40,0.6,"SAC (w-bar)","sac_msem","ok",5.90534212152605e-06,0.464929347037736,39.5049999999997
"bec01bd864_t70","3pl_g20","bimodal","irw",40,0.7,"SAC (w-bar)","sac_msem","ok",-0.000311048251150581,0.601677385930594,39.2150000000001
"bec01bd864_t80","3pl_g20","bimodal","irw",40,0.8,"SAC (w-bar)","sac_msem","no_increasing_branch",NA,NA,2.58400000000029
"bec01bd864_t90","3pl_g20","bimodal","irw",40,0.9,"SAC (w-bar)","sac_msem","ok",-0.0108837364669899,1.73733302222906,38.8220000000001
"bec01bd864_t95","3pl_g20","bimodal","irw",40,0.95,"SAC (w-bar)","sac_msem","unreachable_target",NA,NA,2.43200000000024
"bec5a244cc_t50","3pl_g20","bimodal","parametric",20,0.5,"SAC (w-bar)","sac_msem","ok",0.00065286228301753,0.571950106067915,23.9960000000001
"bec5a244cc_t60","3pl_g20","bimodal","parametric",20,0.6,"SAC (w-bar)","sac_msem","ok",-0.000635402864807455,0.677780237242554,24.6199999999999
"bec5a244cc_t70","3pl_g20","bimodal","parametric",20,0.7,"SAC (w-bar)","sac_msem","ok",0.000131896072859128,1.01790916247205,17.239
"bec5a244cc_t80","3pl_g20","bimodal","parametric",20,0.8,"SAC (w-bar)","sac_msem","ok",-0.00891207712873332,1.64458840803059,24.3499999999999
"bec5a244cc_t90","3pl_g20","bimodal","parametric",20,0.9,"SAC (w-bar)","sac_msem","ok",-0.0155307077904233,2.84683456920785,23.5729999999999
"bec5a244cc_t95","3pl_g20","bimodal","parametric",20,0.95,"SAC (w-bar)","sac_msem","unreachable_target",NA,NA,1.49200000000019
"c9eb5b038f_t50","rasch","normal","parametric",60,0.5,"SAC (w-bar)","sac_msem","ok",-6.62041833516258e-05,0.261161627320361,39.0590000000002
"c9eb5b038f_t60","rasch","normal","parametric",60,0.6,"SAC (w-bar)","sac_msem","ok",6.19485491158978e-05,0.32116220775362,35.971
"c9eb5b038f_t70","rasch","normal","parametric",60,0.7,"SAC (w-bar)","sac_msem","ok",7.16768650690369e-05,0.414138200586446,39.1410000000001
"c9eb5b038f_t80","rasch","normal","parametric",60,0.8,"SAC (w-bar)","sac_msem","ok",-0.000219463215960225,0.54835620012607,39.1310000000003
"c9eb5b038f_t90","rasch","normal","parametric",60,0.9,"SAC (w-bar)","sac_msem","ok",-0.000564468441198285,0.90710611247499,39.4749999999999
"c9eb5b038f_t95","rasch","normal","parametric",60,0.95,"SAC (w-bar)","sac_msem","ok",-0.00286182712131777,1.53866850870844,40.25
"cae4d8ac21_t50","rasch","bimodal","parametric",60,0.5,"SAC (w-bar)","sac_msem","ok",3.85852170050605e-05,0.262989790140838,38.7439999999997
"cae4d8ac21_t60","rasch","bimodal","parametric",60,0.6,"SAC (w-bar)","sac_msem","ok",1.00686268132977e-05,0.325712678066783,41.4369999999999
"cae4d8ac21_t70","rasch","bimodal","parametric",60,0.7,"SAC (w-bar)","sac_msem","ok",3.51080719080965e-05,0.411472822815027,39.8989999999999
"cae4d8ac21_t80","rasch","bimodal","parametric",60,0.8,"SAC (w-bar)","sac_msem","ok",5.36271456988979e-05,0.547499422776141,38.8620000000001
"cae4d8ac21_t90","rasch","bimodal","parametric",60,0.9,"SAC (w-bar)","sac_msem","ok",0.00035311723082998,0.88299345898902,40.5799999999999
"cae4d8ac21_t95","rasch","bimodal","parametric",60,0.95,"SAC (w-bar)","sac_msem","ok",-0.00224528951384151,1.5088452892831,37.8940000000002
"d2798548f9_t50","3pl_g20","heavy_tail","parametric",10,0.5,"SAC (w-bar)","sac_msem","excluded_by_design",NA,NA,NA
"d2798548f9_t60","3pl_g20","heavy_tail","parametric",10,0.6,"SAC (w-bar)","sac_msem","excluded_by_design",NA,NA,NA
"d2798548f9_t70","3pl_g20","heavy_tail","parametric",10,0.7,"SAC (w-bar)","sac_msem","excluded_by_design",NA,NA,NA
"d2798548f9_t80","3pl_g20","heavy_tail","parametric",10,0.8,"SAC (w-bar)","sac_msem","excluded_by_design",NA,NA,NA
"d2798548f9_t90","3pl_g20","heavy_tail","parametric",10,0.9,"SAC (w-bar)","sac_msem","excluded_by_design",NA,NA,NA
"d41c681147_t50","2pl","normal","parametric",10,0.5,"SAC (w-bar)","sac_msem","ok",-0.000591947678741767,0.660748470307758,13.4459999999999
"d41c681147_t60","2pl","normal","parametric",10,0.6,"SAC (w-bar)","sac_msem","ok",-0.000582675830660073,0.894179876046336,10.3070000000002
"d41c681147_t70","2pl","normal","parametric",10,0.7,"SAC (w-bar)","sac_msem","ok",0.000843352472871928,1.03351328780943,13.308
"d41c681147_t80","2pl","normal","parametric",10,0.8,"SAC (w-bar)","sac_msem","ok",-0.0139375190117397,2.01708242406275,8.5920000000001
"d41c681147_t90","2pl","normal","parametric",10,0.9,"SAC (w-bar)","sac_msem","unreachable_target",NA,NA,0.817000000000007
"d41c681147_t95","2pl","normal","parametric",10,0.95,"SAC (w-bar)","sac_msem","unreachable_target",NA,NA,0.497999999999593
"d4e15da8e2_t50","2pl","normal","irw",60,0.5,"SAC (w-bar)","sac_msem","ok",-8.22445279380357e-07,0.242901562608497,40.5419999999999
"d4e15da8e2_t60","2pl","normal","irw",60,0.6,"SAC (w-bar)","sac_msem","ok",1.69770820218629e-05,0.322949395457841,38.692
"d4e15da8e2_t70","2pl","normal","irw",60,0.7,"SAC (w-bar)","sac_msem","ok",0.000123252102674942,0.369169453956741,43.6330000000003
"d4e15da8e2_t80","2pl","normal","irw",60,0.8,"SAC (w-bar)","sac_msem","no_increasing_branch",NA,NA,2.57999999999993
"d4e15da8e2_t90","2pl","normal","irw",60,0.9,"SAC (w-bar)","sac_msem","ok",-0.000785371928669676,0.965747894329658,38.6989999999996
"d4e15da8e2_t95","2pl","normal","irw",60,0.95,"SAC (w-bar)","sac_msem","ok",-0.0195159839137027,1.7316583962989,39.2259999999997
"d76fb115fe_t50","3pl_g20","skew_pos","irw",10,0.5,"SAC (w-bar)","sac_msem","ok",-0.00480400335910169,1.32356446307084,15.7849999999999
"d76fb115fe_t60","3pl_g20","skew_pos","irw",10,0.6,"SAC (w-bar)","sac_msem","ok",0.00915894748640755,1.23648971607651,17.0989999999997
"d76fb115fe_t70","3pl_g20","skew_pos","irw",10,0.7,"SAC (w-bar)","sac_msem","unreachable_target",NA,NA,1.05099999999993
"d76fb115fe_t80","3pl_g20","skew_pos","irw",10,0.8,"SAC (w-bar)","sac_msem","unreachable_target",NA,NA,0.947999999999865
"d76fb115fe_t90","3pl_g20","skew_pos","irw",10,0.9,"SAC (w-bar)","sac_msem","unreachable_target",NA,NA,1.0010000000002
"d9861a350b_t50","3pl_beta","skew_pos","parametric",40,0.5,"SAC (w-bar)","sac_msem","ok",0.000429038229811995,0.401298269691217,42.8429999999998
"d9861a350b_t60","3pl_beta","skew_pos","parametric",40,0.6,"SAC (w-bar)","sac_msem","ok",3.71786322792556e-05,0.483103312935765,38.8720000000003
"d9861a350b_t70","3pl_beta","skew_pos","parametric",40,0.7,"SAC (w-bar)","sac_msem","ok",-0.000131004259216416,0.601184047958066,43.2679999999996
"d9861a350b_t80","3pl_beta","skew_pos","parametric",40,0.8,"SAC (w-bar)","sac_msem","ok",0.000390728432244303,0.936919630977824,41.7429999999999
"d9861a350b_t90","3pl_beta","skew_pos","parametric",40,0.9,"SAC (w-bar)","sac_msem","unreachable_target",NA,NA,2.33500000000004
"d9861a350b_t95","3pl_beta","skew_pos","parametric",40,0.95,"SAC (w-bar)","sac_msem","unreachable_target",NA,NA,2.50099999999975
"d9b7e34bfd_t50","3pl_beta","normal","parametric",60,0.5,"SAC (w-bar)","sac_msem","ok",7.1245351475735e-05,0.28412160668126,58.2670000000003
"d9b7e34bfd_t60","3pl_beta","normal","parametric",60,0.6,"SAC (w-bar)","sac_msem","ok",-0.000211763516421604,0.382457551082022,54.6509999999998
"d9b7e34bfd_t70","3pl_beta","normal","parametric",60,0.7,"SAC (w-bar)","sac_msem","ok",0.000189823272965128,0.496958849205672,55.886
"d9b7e34bfd_t80","3pl_beta","normal","parametric",60,0.8,"SAC (w-bar)","sac_msem","ok",-2.93500311066008e-05,0.700903440354535,42.1120000000001
"d9b7e34bfd_t90","3pl_beta","normal","parametric",60,0.9,"SAC (w-bar)","sac_msem","ok",-0.00367828083192379,1.23193951252211,55.569
"d9b7e34bfd_t95","3pl_beta","normal","parametric",60,0.95,"SAC (w-bar)","sac_msem","unreachable_target",NA,NA,3.16800000000012
"d9f9912361_t50","3pl_g20","normal","parametric",40,0.5,"SAC (w-bar)","sac_msem","ok",2.27022070585781e-05,0.331849119953984,42.6870000000004
"d9f9912361_t60","3pl_g20","normal","parametric",40,0.6,"SAC (w-bar)","sac_msem","ok",-0.000471004503270755,0.479369779508741,42.645
"d9f9912361_t70","3pl_g20","normal","parametric",40,0.7,"SAC (w-bar)","sac_msem","ok",-0.000279431630504035,0.582272598692788,40.299
"d9f9912361_t80","3pl_g20","normal","parametric",40,0.8,"SAC (w-bar)","sac_msem","ok",-0.000696229877987897,0.856903501438541,42.7219999999998
"d9f9912361_t90","3pl_g20","normal","parametric",40,0.9,"SAC (w-bar)","sac_msem","ok",-0.0165483860424801,1.88407810677252,42.413
"d9f9912361_t95","3pl_g20","normal","parametric",40,0.95,"SAC (w-bar)","sac_msem","unreachable_target",NA,NA,2.75300000000016
"dd9d6dae8d_t50","2pl","skew_pos","irw",10,0.5,"SAC (w-bar)","sac_msem","ok",-0.000516263750344803,0.807805340612977,12.7299999999996
"dd9d6dae8d_t60","2pl","skew_pos","irw",10,0.6,"SAC (w-bar)","sac_msem","ok",0.00513068907929537,1.20029536396443,13.1989999999996
"dd9d6dae8d_t70","2pl","skew_pos","irw",10,0.7,"SAC (w-bar)","sac_msem","ok",0.0129199663488148,1.59095405002815,13.6860000000001
"dd9d6dae8d_t80","2pl","skew_pos","irw",10,0.8,"SAC (w-bar)","sac_msem","unreachable_target",NA,NA,0.793999999999869
"dd9d6dae8d_t90","2pl","skew_pos","irw",10,0.9,"SAC (w-bar)","sac_msem","unreachable_target",NA,NA,0.768999999999778
"dd9d6dae8d_t95","2pl","skew_pos","irw",10,0.95,"SAC (w-bar)","sac_msem","unreachable_target",NA,NA,0.80199999999968
"dfce2b64f4_t50","3pl_g20","heavy_tail","irw",40,0.5,"SAC (w-bar)","sac_msem","excluded_by_design",NA,NA,NA
"dfce2b64f4_t60","3pl_g20","heavy_tail","irw",40,0.6,"SAC (w-bar)","sac_msem","excluded_by_design",NA,NA,NA
"dfce2b64f4_t70","3pl_g20","heavy_tail","irw",40,0.7,"SAC (w-bar)","sac_msem","excluded_by_design",NA,NA,NA
"dfce2b64f4_t80","3pl_g20","heavy_tail","irw",40,0.8,"SAC (w-bar)","sac_msem","excluded_by_design",NA,NA,NA
"dfce2b64f4_t90","3pl_g20","heavy_tail","irw",40,0.9,"SAC (w-bar)","sac_msem","excluded_by_design",NA,NA,NA
"dfce2b64f4_t95","3pl_g20","heavy_tail","irw",40,0.95,"SAC (w-bar)","sac_msem","excluded_by_design",NA,NA,NA
"e0422750e1_t50","2pl","bimodal","parametric",60,0.5,"SAC (w-bar)","sac_msem","ok",5.58634916092426e-05,0.248366028557827,42.319
"e0422750e1_t60","2pl","bimodal","parametric",60,0.6,"SAC (w-bar)","sac_msem","ok",-8.21505911421383e-05,0.308974694014973,39.5909999999999
"e0422750e1_t70","2pl","bimodal","parametric",60,0.7,"SAC (w-bar)","sac_msem","ok",-0.000193962228293931,0.362684883279323,42.018
"e0422750e1_t80","2pl","bimodal","parametric",60,0.8,"SAC (w-bar)","sac_msem","ok",8.70639827219577e-05,0.521189300981882,42.127
"e0422750e1_t90","2pl","bimodal","parametric",60,0.9,"SAC (w-bar)","sac_msem","ok",-0.000241375875495775,0.878548713843917,40.9949999999999
"e0422750e1_t95","2pl","bimodal","parametric",60,0.95,"SAC (w-bar)","sac_msem","ok",-0.00482685824635554,1.43475650677972,41.1700000000001
"e1c3c9e4f3_t50","3pl_beta","skew_pos","irw",40,0.5,"SAC (w-bar)","sac_msem","ok",0.000436868898301634,0.400601440496635,38.8439999999996
"e1c3c9e4f3_t60","3pl_beta","skew_pos","irw",40,0.6,"SAC (w-bar)","sac_msem","ok",-0.000106941169761066,0.465171572057916,42.442
"e1c3c9e4f3_t70","3pl_beta","skew_pos","irw",40,0.7,"SAC (w-bar)","sac_msem","ok",-0.00119462521599956,0.59662638555731,35
"e1c3c9e4f3_t80","3pl_beta","skew_pos","irw",40,0.8,"SAC (w-bar)","sac_msem","ok",-0.00530849228239905,1.25800057884144,35.9230000000002
"e1c3c9e4f3_t90","3pl_beta","skew_pos","irw",40,0.9,"SAC (w-bar)","sac_msem","ok",-0.0107422804445898,1.72680044889908,37.3429999999998
"e1c3c9e4f3_t95","3pl_beta","skew_pos","irw",40,0.95,"SAC (w-bar)","sac_msem","unreachable_target",NA,NA,2.30799999999999
"ec1be6f260_t50","3pl_g20","heavy_tail","parametric",60,0.5,"SAC (w-bar)","sac_msem","excluded_by_design",NA,NA,NA
"ec1be6f260_t60","3pl_g20","heavy_tail","parametric",60,0.6,"SAC (w-bar)","sac_msem","excluded_by_design",NA,NA,NA
"ec1be6f260_t70","3pl_g20","heavy_tail","parametric",60,0.7,"SAC (w-bar)","sac_msem","excluded_by_design",NA,NA,NA
"ec1be6f260_t80","3pl_g20","heavy_tail","parametric",60,0.8,"SAC (w-bar)","sac_msem","excluded_by_design",NA,NA,NA
"ec1be6f260_t90","3pl_g20","heavy_tail","parametric",60,0.9,"SAC (w-bar)","sac_msem","excluded_by_design",NA,NA,NA
"ec1be6f260_t95","3pl_g20","heavy_tail","parametric",60,0.95,"SAC (w-bar)","sac_msem","excluded_by_design",NA,NA,NA
"ec99a4118e_t50","rasch","skew_pos","parametric",40,0.5,"SAC (w-bar)","sac_msem","ok",0.000101931896190566,0.326400868455865,28.0420000000004
"ec99a4118e_t60","rasch","skew_pos","parametric",40,0.6,"SAC (w-bar)","sac_msem","ok",0.000222107958492646,0.404403819882015,28.8989999999999
"ec99a4118e_t70","rasch","skew_pos","parametric",40,0.7,"SAC (w-bar)","sac_msem","ok",-0.000188355222487724,0.513118338618051,19.5729999999999
"ec99a4118e_t80","rasch","skew_pos","parametric",40,0.8,"SAC (w-bar)","sac_msem","ok",1.03235335531249e-05,0.699362398786789,27.9990000000003
"ec99a4118e_t90","rasch","skew_pos","parametric",40,0.9,"SAC (w-bar)","sac_msem","ok",-0.000108521194678191,1.25175494201157,19.3240000000001
"ec99a4118e_t95","rasch","skew_pos","parametric",40,0.95,"SAC (w-bar)","sac_msem","not_converged",-0.105472099819421,2.53861281458703,19.1579999999999
"f0bf345638_t50","3pl_beta","bimodal","irw",20,0.5,"SAC (w-bar)","sac_msem","ok",0.000216884969978182,0.585450466093181,20.7249999999999
"f0bf345638_t60","3pl_beta","bimodal","irw",20,0.6,"SAC (w-bar)","sac_msem","no_increasing_branch",NA,NA,1.55499999999984
"f0bf345638_t70","3pl_beta","bimodal","irw",20,0.7,"SAC (w-bar)","sac_msem","ok",0.00235238137281524,0.976862766667767,22.6240000000003
"f0bf345638_t80","3pl_beta","bimodal","irw",20,0.8,"SAC (w-bar)","sac_msem","unreachable_target",NA,NA,1.00500000000011
"f0bf345638_t90","3pl_beta","bimodal","irw",20,0.9,"SAC (w-bar)","sac_msem","unreachable_target",NA,NA,1.35599999999977
"f0bf345638_t95","3pl_beta","bimodal","irw",20,0.95,"SAC (w-bar)","sac_msem","unreachable_target",NA,NA,1.52599999999984
"f1ffd2e9cb_t50","rasch","heavy_tail","irw",40,0.5,"SAC (w-bar)","sac_msem","excluded_by_design",NA,NA,NA
"f1ffd2e9cb_t60","rasch","heavy_tail","irw",40,0.6,"SAC (w-bar)","sac_msem","excluded_by_design",NA,NA,NA
"f1ffd2e9cb_t70","rasch","heavy_tail","irw",40,0.7,"SAC (w-bar)","sac_msem","excluded_by_design",NA,NA,NA
"f1ffd2e9cb_t80","rasch","heavy_tail","irw",40,0.8,"SAC (w-bar)","sac_msem","excluded_by_design",NA,NA,NA
"f1ffd2e9cb_t90","rasch","heavy_tail","irw",40,0.9,"SAC (w-bar)","sac_msem","excluded_by_design",NA,NA,NA
"f1ffd2e9cb_t95","rasch","heavy_tail","irw",40,0.95,"SAC (w-bar)","sac_msem","excluded_by_design",NA,NA,NA
"fc718aeb3f_t50","2pl","skew_pos","irw",60,0.5,"SAC (w-bar)","sac_msem","ok",-6.73925767387118e-05,0.232601449055617,24.4209999999998
"fc718aeb3f_t60","2pl","skew_pos","irw",60,0.6,"SAC (w-bar)","sac_msem","ok",0.000104526837916064,0.303193865499106,20.3429999999998
"fc718aeb3f_t70","2pl","skew_pos","irw",60,0.7,"SAC (w-bar)","sac_msem","ok",0.000125999951097411,0.385311771778711,21.5710000000004
"fc718aeb3f_t80","2pl","skew_pos","irw",60,0.8,"SAC (w-bar)","sac_msem","ok",-3.60896715000392e-05,0.5328098208988,20.9230000000002
"fc718aeb3f_t90","2pl","skew_pos","irw",60,0.9,"SAC (w-bar)","sac_msem","ok",0.000630671616077327,0.851853957896607,19.9390000000003
"fc718aeb3f_t95","2pl","skew_pos","irw",60,0.95,"SAC (w-bar)","sac_msem","unreachable_target",NA,NA,1.47299999999996
"fdb6cca665_t50","2pl","heavy_tail","parametric",10,0.5,"SAC (w-bar)","sac_msem","excluded_by_design",NA,NA,NA
"fdb6cca665_t60","2pl","heavy_tail","parametric",10,0.6,"SAC (w-bar)","sac_msem","excluded_by_design",NA,NA,NA
"fdb6cca665_t70","2pl","heavy_tail","parametric",10,0.7,"SAC (w-bar)","sac_msem","excluded_by_design",NA,NA,NA
"fdb6cca665_t80","2pl","heavy_tail","parametric",10,0.8,"SAC (w-bar)","sac_msem","excluded_by_design",NA,NA,NA
"fdb6cca665_t90","2pl","heavy_tail","parametric",10,0.9,"SAC (w-bar)","sac_msem","excluded_by_design",NA,NA,NA
"fdb6cca665_t95","2pl","heavy_tail","parametric",10,0.95,"SAC (w-bar)","sac_msem","excluded_by_design",NA,NA,NA
"fe0b351b23_t50","rasch","heavy_tail","parametric",40,0.5,"SAC (w-bar)","sac_msem","excluded_by_design",NA,NA,NA
"fe0b351b23_t60","rasch","heavy_tail","parametric",40,0.6,"SAC (w-bar)","sac_msem","excluded_by_design",NA,NA,NA
"fe0b351b23_t70","rasch","heavy_tail","parametric",40,0.7,"SAC (w-bar)","sac_msem","excluded_by_design",NA,NA,NA
"fe0b351b23_t80","rasch","heavy_tail","parametric",40,0.8,"SAC (w-bar)","sac_msem","excluded_by_design",NA,NA,NA
"fe0b351b23_t90","rasch","heavy_tail","parametric",40,0.9,"SAC (w-bar)","sac_msem","excluded_by_design",NA,NA,NA
"fe0b351b23_t95","rasch","heavy_tail","parametric",40,0.95,"SAC (w-bar)","sac_msem","excluded_by_design",NA,NA,NA
"ff73e40c19_t50","3pl_beta","skew_pos","parametric",20,0.5,"SAC (w-bar)","sac_msem","ok",0.000322570474624473,0.609510326656249,14.5299999999997
"ff73e40c19_t60","3pl_beta","skew_pos","parametric",20,0.6,"SAC (w-bar)","sac_msem","ok",-6.60678136671367e-05,0.728554140799065,14.7169999999996
"ff73e40c19_t70","3pl_beta","skew_pos","parametric",20,0.7,"SAC (w-bar)","sac_msem","ok",-0.00134051966839055,0.991171707538057,14.4519999999998
"ff73e40c19_t80","3pl_beta","skew_pos","parametric",20,0.8,"SAC (w-bar)","sac_msem","ok",-0.0217328697094759,2.22352236960965,18.5329999999999
"ff73e40c19_t90","3pl_beta","skew_pos","parametric",20,0.9,"SAC (w-bar)","sac_msem","unreachable_target",NA,NA,1.29700000000003
"ff73e40c19_t95","3pl_beta","skew_pos","parametric",20,0.95,"SAC (w-bar)","sac_msem","unreachable_target",NA,NA,0.853000000000065
"02b3452297_t50","3pl_g20","bimodal","irw",10,0.5,"SAC (superpopulation)","sac_superpop","not_in_arm",NA,NA,0
"02b3452297_t60","3pl_g20","bimodal","irw",10,0.6,"SAC (superpopulation)","sac_superpop","not_in_arm",NA,NA,0
"02b3452297_t70","3pl_g20","bimodal","irw",10,0.7,"SAC (superpopulation)","sac_superpop","not_in_arm",NA,NA,0
"02b3452297_t80","3pl_g20","bimodal","irw",10,0.8,"SAC (superpopulation)","sac_superpop","not_in_arm",NA,NA,0
"02b3452297_t90","3pl_g20","bimodal","irw",10,0.9,"SAC (superpopulation)","sac_superpop","not_in_arm",NA,NA,0
"04610ec557_t50","3pl_beta","bimodal","parametric",60,0.5,"SAC (superpopulation)","sac_superpop","not_in_arm",NA,NA,0
"04610ec557_t60","3pl_beta","bimodal","parametric",60,0.6,"SAC (superpopulation)","sac_superpop","not_in_arm",NA,NA,0
"04610ec557_t70","3pl_beta","bimodal","parametric",60,0.7,"SAC (superpopulation)","sac_superpop","not_in_arm",NA,NA,0
"04610ec557_t80","3pl_beta","bimodal","parametric",60,0.8,"SAC (superpopulation)","sac_superpop","not_in_arm",NA,NA,0
"04610ec557_t90","3pl_beta","bimodal","parametric",60,0.9,"SAC (superpopulation)","sac_superpop","not_in_arm",NA,NA,0
"04610ec557_t95","3pl_beta","bimodal","parametric",60,0.95,"SAC (superpopulation)","sac_superpop","not_in_arm",NA,NA,0
"04740a439d_t50","3pl_g20","normal","irw",40,0.5,"SAC (superpopulation)","sac_superpop","ok",0.00371772225129152,0.379574406729274,19.936
"04740a439d_t60","3pl_g20","normal","irw",40,0.6,"SAC (superpopulation)","sac_superpop","ok",0.0117655704575137,0.482081159014911,20.144
"04740a439d_t70","3pl_g20","normal","irw",40,0.7,"SAC (superpopulation)","sac_superpop","ok",0.014122336348953,0.626099083926634,20.474
"04740a439d_t80","3pl_g20","normal","irw",40,0.8,"SAC (superpopulation)","sac_superpop","ok",-0.0219348686866211,0.905749521641653,20.411
"04740a439d_t90","3pl_g20","normal","irw",40,0.9,"SAC (superpopulation)","sac_superpop","ok",0.0141698385962802,1.6602282632728,20.405
"04740a439d_t95","3pl_g20","normal","irw",40,0.95,"SAC (superpopulation)","sac_superpop","ok",0.002267223138262,3.05799454367657,20.454
"06d3001967_t50","2pl","bimodal","irw",60,0.5,"SAC (superpopulation)","sac_superpop","not_in_arm",NA,NA,0
"06d3001967_t60","2pl","bimodal","irw",60,0.6,"SAC (superpopulation)","sac_superpop","not_in_arm",NA,NA,0
"06d3001967_t70","2pl","bimodal","irw",60,0.7,"SAC (superpopulation)","sac_superpop","not_in_arm",NA,NA,0
"06d3001967_t80","2pl","bimodal","irw",60,0.8,"SAC (superpopulation)","sac_superpop","not_in_arm",NA,NA,0
"06d3001967_t90","2pl","bimodal","irw",60,0.9,"SAC (superpopulation)","sac_superpop","not_in_arm",NA,NA,0
"06d3001967_t95","2pl","bimodal","irw",60,0.95,"SAC (superpopulation)","sac_superpop","not_in_arm",NA,NA,0
"06daf6086f_t50","2pl","normal","irw",40,0.5,"SAC (superpopulation)","sac_superpop","ok",-0.000394989526205869,0.304925109424591,16.617
"06daf6086f_t60","2pl","normal","irw",40,0.6,"SAC (superpopulation)","sac_superpop","ok",0.00752618076140865,0.382925932266251,16.847
"06daf6086f_t70","2pl","normal","irw",40,0.7,"SAC (superpopulation)","sac_superpop","ok",0.00725609006591166,0.490053971414344,17.07
"06daf6086f_t80","2pl","normal","irw",40,0.8,"SAC (superpopulation)","sac_superpop","ok",0.00307854430103527,0.672735632585801,21.036
"06daf6086f_t90","2pl","normal","irw",40,0.9,"SAC (superpopulation)","sac_superpop","ok",0.0055634333304776,1.13801532271752,17.071
"06daf6086f_t95","2pl","normal","irw",40,0.95,"SAC (superpopulation)","sac_superpop","ok",7.67594340651545e-05,1.93896118672478,17.604
"0b1e3eca87_t50","2pl","skew_pos","irw",20,0.5,"SAC (superpopulation)","sac_superpop","ok",-0.00864457767285098,0.4437549615875,19.021
"0b1e3eca87_t60","2pl","skew_pos","irw",20,0.6,"SAC (superpopulation)","sac_superpop","ok",-0.0131251704620743,0.561135862158441,19.3100000000001
"0b1e3eca87_t70","2pl","skew_pos","irw",20,0.7,"SAC (superpopulation)","sac_superpop","ok",0.00451882391322556,0.731464469284735,19.5279999999999
"0b1e3eca87_t80","2pl","skew_pos","irw",20,0.8,"SAC (superpopulation)","sac_superpop","error",NA,NA,18.8800000000001
"0b1e3eca87_t90","2pl","skew_pos","irw",20,0.9,"SAC (superpopulation)","sac_superpop","ok",9.65923721242268e-05,1.82126116928508,13.5139999999999
"0b1e3eca87_t95","2pl","skew_pos","irw",20,0.95,"SAC (superpopulation)","sac_superpop","ok",-0.00295413924025323,3.33473297692653,18.909
"0b89051a31_t50","2pl","heavy_tail","parametric",20,0.5,"SAC (superpopulation)","sac_superpop","ok",0.00419188633780332,0.43808620195102,6.49100000000021
"0b89051a31_t60","2pl","heavy_tail","parametric",20,0.6,"SAC (superpopulation)","sac_superpop","ok",-0.010868196116661,0.544211057129274,7.12200000000007
"0b89051a31_t70","2pl","heavy_tail","parametric",20,0.7,"SAC (superpopulation)","sac_superpop","ok",-0.000304879417918125,0.718112166735414,8.63199999999983
"0b89051a31_t80","2pl","heavy_tail","parametric",20,0.8,"SAC (superpopulation)","sac_superpop","ok",0.00084424020267293,0.985027575385064,9.0440000000001
"0b89051a31_t90","2pl","heavy_tail","parametric",20,0.9,"SAC (superpopulation)","sac_superpop","ok",0.00410782304801816,1.77742082826027,8.21100000000001
"0b89051a31_t95","2pl","heavy_tail","parametric",20,0.95,"SAC (superpopulation)","sac_superpop","ok",-0.00164173418956626,3.12011253202691,9.4860000000001
"0c107a9212_t50","rasch","normal","irw",10,0.5,"SAC (superpopulation)","sac_superpop","not_in_arm",NA,NA,0
"0c107a9212_t60","rasch","normal","irw",10,0.6,"SAC (superpopulation)","sac_superpop","not_in_arm",NA,NA,0
"0c107a9212_t70","rasch","normal","irw",10,0.7,"SAC (superpopulation)","sac_superpop","not_in_arm",NA,NA,0
"0c107a9212_t80","rasch","normal","irw",10,0.8,"SAC (superpopulation)","sac_superpop","not_in_arm",NA,NA,0
"0c107a9212_t90","rasch","normal","irw",10,0.9,"SAC (superpopulation)","sac_superpop","not_in_arm",NA,NA,0
"0c107a9212_t95","rasch","normal","irw",10,0.95,"SAC (superpopulation)","sac_superpop","not_in_arm",NA,NA,0
"0cb9abf03b_t50","3pl_g20","bimodal","irw",20,0.5,"SAC (superpopulation)","sac_superpop","ok",0.00688492475259361,0.566724153059191,19.838
"0cb9abf03b_t60","3pl_g20","bimodal","irw",20,0.6,"SAC (superpopulation)","sac_superpop","ok",0.0213882671637581,0.747900355554688,18.3950000000001
"0cb9abf03b_t70","3pl_g20","bimodal","irw",20,0.7,"SAC (superpopulation)","sac_superpop","ok",-0.00507829164523244,1.00597305235015,19.741
"0cb9abf03b_t80","3pl_g20","bimodal","irw",20,0.8,"SAC (superpopulation)","sac_superpop","ok",-0.0163757989514542,1.47421319342139,18.9730000000001
"0cb9abf03b_t90","3pl_g20","bimodal","irw",20,0.9,"SAC (superpopulation)","sac_superpop","ok",-0.00469326149682125,2.80494773449487,15.721
"0cb9abf03b_t95","3pl_g20","bimodal","irw",20,0.95,"SAC (superpopulation)","sac_superpop","ok",-0.00588328917768599,4.96915130804023,18.968
"14bd911f19_t50","3pl_g20","normal","parametric",60,0.5,"SAC (superpopulation)","sac_superpop","not_in_arm",NA,NA,0
"14bd911f19_t60","3pl_g20","normal","parametric",60,0.6,"SAC (superpopulation)","sac_superpop","not_in_arm",NA,NA,0
"14bd911f19_t70","3pl_g20","normal","parametric",60,0.7,"SAC (superpopulation)","sac_superpop","not_in_arm",NA,NA,0
"14bd911f19_t80","3pl_g20","normal","parametric",60,0.8,"SAC (superpopulation)","sac_superpop","not_in_arm",NA,NA,0
"14bd911f19_t90","3pl_g20","normal","parametric",60,0.9,"SAC (superpopulation)","sac_superpop","not_in_arm",NA,NA,0
"14bd911f19_t95","3pl_g20","normal","parametric",60,0.95,"SAC (superpopulation)","sac_superpop","not_in_arm",NA,NA,0
"1626b4659e_t50","3pl_beta","heavy_tail","parametric",20,0.5,"SAC (superpopulation)","sac_superpop","ok",0.00494333435569061,0.568486665467019,12.47
"1626b4659e_t60","3pl_beta","heavy_tail","parametric",20,0.6,"SAC (superpopulation)","sac_superpop","ok",-0.00121513030213427,0.729169736489562,12.3280000000002
"1626b4659e_t70","3pl_beta","heavy_tail","parametric",20,0.7,"SAC (superpopulation)","sac_superpop","ok",-0.0086782190227509,0.948784231629282,12.2919999999999
"1626b4659e_t80","3pl_beta","heavy_tail","parametric",20,0.8,"SAC (superpopulation)","sac_superpop","ok",0.00469353059759481,1.36701368329071,12.3419999999999
"1626b4659e_t90","3pl_beta","heavy_tail","parametric",20,0.9,"SAC (superpopulation)","sac_superpop","ok",0.0123278281248753,2.97216204877175,12.3130000000001
"1626b4659e_t95","3pl_beta","heavy_tail","parametric",20,0.95,"SAC (superpopulation)","sac_superpop","ok",-0.00289398927109452,5.08034034265131,12.404
"172403d058_t50","2pl","bimodal","parametric",20,0.5,"SAC (superpopulation)","sac_superpop","ok",-0.00697957355359469,0.435392210341832,9.4960000000001
"172403d058_t60","2pl","bimodal","parametric",20,0.6,"SAC (superpopulation)","sac_superpop","ok",0.0049145728072697,0.549643394245658,7.35500000000002
"172403d058_t70","2pl","bimodal","parametric",20,0.7,"SAC (superpopulation)","sac_superpop","ok",0.00215621933378374,0.705653133740868,9.48300000000017
"172403d058_t80","2pl","bimodal","parametric",20,0.8,"SAC (superpopulation)","sac_superpop","ok",-0.00641188860113384,1.00424434186659,6.53899999999999
"172403d058_t90","2pl","bimodal","parametric",20,0.9,"SAC (superpopulation)","sac_superpop","ok",0.00375231601851,1.88361301674933,9.11599999999999
"172403d058_t95","2pl","bimodal","parametric",20,0.95,"SAC (superpopulation)","sac_superpop","ok",0.00449349818239864,3.83452675806839,7.13100000000009
"1943c867d2_t50","3pl_beta","normal","irw",40,0.5,"SAC (superpopulation)","sac_superpop","ok",0.0130708237573802,0.393667222669547,20.222
"1943c867d2_t60","3pl_beta","normal","irw",40,0.6,"SAC (superpopulation)","sac_superpop","ok",-0.000113898578569471,0.492987272070363,20.351
"1943c867d2_t70","3pl_beta","normal","irw",40,0.7,"SAC (superpopulation)","sac_superpop","ok",0.000330312804624922,0.643547861140743,20.392
"1943c867d2_t80","3pl_beta","normal","irw",40,0.8,"SAC (superpopulation)","sac_superpop","ok",-0.00420809330735428,0.923135320877049,20.54
"1943c867d2_t90","3pl_beta","normal","irw",40,0.9,"SAC (superpopulation)","sac_superpop","ok",-0.007001282365664,1.62818964847414,20.574
"1b91cd0420_t50","3pl_g20","normal","parametric",20,0.5,"SAC (superpopulation)","sac_superpop","ok",-0.00453734327543426,0.556366794089432,12.1190000000001
"1b91cd0420_t60","3pl_g20","normal","parametric",20,0.6,"SAC (superpopulation)","sac_superpop","ok",-0.00341139136844004,0.715152413891395,12.3729999999998
"1b91cd0420_t70","3pl_g20","normal","parametric",20,0.7,"SAC (superpopulation)","sac_superpop","ok",0.00359113767583508,0.942821603193594,12.6310000000001
"1b91cd0420_t80","3pl_g20","normal","parametric",20,0.8,"SAC (superpopulation)","sac_superpop","ok",0.00213249074759247,1.40529146693232,12.3240000000001
"1b91cd0420_t90","3pl_g20","normal","parametric",20,0.9,"SAC (superpopulation)","sac_superpop","ok",-0.01310694928066,2.46608782217111,9.07799999999997
"1b91cd0420_t95","3pl_g20","normal","parametric",20,0.95,"SAC (superpopulation)","sac_superpop","ok",0.00383092406244234,5.62092875528402,11.9760000000001
"1fc52b1d1d_t50","rasch","heavy_tail","parametric",10,0.5,"SAC (superpopulation)","sac_superpop","not_in_arm",NA,NA,0
"1fc52b1d1d_t60","rasch","heavy_tail","parametric",10,0.6,"SAC (superpopulation)","sac_superpop","not_in_arm",NA,NA,0
"1fc52b1d1d_t70","rasch","heavy_tail","parametric",10,0.7,"SAC (superpopulation)","sac_superpop","not_in_arm",NA,NA,0
"1fc52b1d1d_t80","rasch","heavy_tail","parametric",10,0.8,"SAC (superpopulation)","sac_superpop","not_in_arm",NA,NA,0
"1fc52b1d1d_t90","rasch","heavy_tail","parametric",10,0.9,"SAC (superpopulation)","sac_superpop","not_in_arm",NA,NA,0
"1fc52b1d1d_t95","rasch","heavy_tail","parametric",10,0.95,"SAC (superpopulation)","sac_superpop","not_in_arm",NA,NA,0
"1ff08ae892_t50","rasch","bimodal","parametric",20,0.5,"SAC (superpopulation)","sac_superpop","ok",-0.000851621196613639,0.467904568403066,6.58799999999997
"1ff08ae892_t60","rasch","bimodal","parametric",20,0.6,"SAC (superpopulation)","sac_superpop","ok",0.00262451045090706,0.58686720879932,6.23000000000002
"1ff08ae892_t70","rasch","bimodal","parametric",20,0.7,"SAC (superpopulation)","sac_superpop","ok",0.00115141810862907,0.76248570855118,6.279
"1ff08ae892_t80","rasch","bimodal","parametric",20,0.8,"SAC (superpopulation)","sac_superpop","ok",0.000540128018517216,1.05958183934017,7.31999999999994
"1ff08ae892_t90","rasch","bimodal","parametric",20,0.9,"SAC (superpopulation)","sac_superpop","ok",-0.000643903243537358,1.93778205987513,6.51999999999998
"1ff08ae892_t95","rasch","bimodal","parametric",20,0.95,"SAC (superpopulation)","sac_superpop","ok",-0.00192396782597404,3.51760966985665,7.02400000000011
"20cb785fe3_t50","3pl_beta","skew_pos","irw",20,0.5,"SAC (superpopulation)","sac_superpop","ok",0.00244669302643497,0.581701779651848,21.952
"20cb785fe3_t60","3pl_beta","skew_pos","irw",20,0.6,"SAC (superpopulation)","sac_superpop","ok",-0.0122877887821703,0.747592092337024,22.6129999999999
"20cb785fe3_t70","3pl_beta","skew_pos","irw",20,0.7,"SAC (superpopulation)","sac_superpop","ok",-0.00530354716187476,1.02906455642173,22.099
"20cb785fe3_t80","3pl_beta","skew_pos","irw",20,0.8,"SAC (superpopulation)","sac_superpop","ok",-0.00466476546031902,1.51682364322323,19.0119999999999
"20cb785fe3_t90","3pl_beta","skew_pos","irw",20,0.9,"SAC (superpopulation)","sac_superpop","ok",-0.0009038376735091,2.66619195157941,23.0740000000001
"20cb785fe3_t95","3pl_beta","skew_pos","irw",20,0.95,"SAC (superpopulation)","sac_superpop","ok",-0.0153309036420343,4.68445098435861,18.5699999999999
"246dc3282c_t50","2pl","normal","irw",20,0.5,"SAC (superpopulation)","sac_superpop","ok",-0.00292909129755908,0.449708500100647,19.191
"246dc3282c_t60","2pl","normal","irw",20,0.6,"SAC (superpopulation)","sac_superpop","ok",-8.84840675670073e-05,0.559208590345321,20.3819999999998
"246dc3282c_t70","2pl","normal","irw",20,0.7,"SAC (superpopulation)","sac_superpop","ok",-0.00750004744345201,0.749204155339497,19.8130000000001
"246dc3282c_t80","2pl","normal","irw",20,0.8,"SAC (superpopulation)","sac_superpop","ok",-0.0225353839723557,1.03884051642509,19.4109999999998
"246dc3282c_t90","2pl","normal","irw",20,0.9,"SAC (superpopulation)","sac_superpop","ok",-0.00216307584605879,1.82716192359374,20.328
"246dc3282c_t95","2pl","normal","irw",20,0.95,"SAC (superpopulation)","sac_superpop","ok",-0.00237681979332993,3.75641920273686,13.2239999999999
"25e594cb46_t50","rasch","skew_pos","parametric",20,0.5,"SAC (superpopulation)","sac_superpop","ok",0.000179572714414045,0.472564546725397,6.41699999999992
"25e594cb46_t60","rasch","skew_pos","parametric",20,0.6,"SAC (superpopulation)","sac_superpop","ok",0.000495450985743329,0.587183780013459,6.25
"25e594cb46_t70","rasch","skew_pos","parametric",20,0.7,"SAC (superpopulation)","sac_superpop","ok",0.000163304833341038,0.761277704336991,6.40100000000007
"25e594cb46_t80","rasch","skew_pos","parametric",20,0.8,"SAC (superpopulation)","sac_superpop","ok",0.000637914976720833,1.05711600896338,6.31099999999992
"25e594cb46_t90","rasch","skew_pos","parametric",20,0.9,"SAC (superpopulation)","sac_superpop","ok",-0.000487326577056302,1.83733038477594,6.548
"25e594cb46_t95","rasch","skew_pos","parametric",20,0.95,"SAC (superpopulation)","sac_superpop","ok",0.00117635831656115,3.63459212615345,6.33300000000008
"25edfd16b9_t50","3pl_beta","bimodal","parametric",10,0.5,"SAC (superpopulation)","sac_superpop","not_in_arm",NA,NA,0
"25edfd16b9_t60","3pl_beta","bimodal","parametric",10,0.6,"SAC (superpopulation)","sac_superpop","not_in_arm",NA,NA,0
"25edfd16b9_t70","3pl_beta","bimodal","parametric",10,0.7,"SAC (superpopulation)","sac_superpop","not_in_arm",NA,NA,0
"25edfd16b9_t80","3pl_beta","bimodal","parametric",10,0.8,"SAC (superpopulation)","sac_superpop","not_in_arm",NA,NA,0
"25edfd16b9_t90","3pl_beta","bimodal","parametric",10,0.9,"SAC (superpopulation)","sac_superpop","not_in_arm",NA,NA,0
"29362a6023_t50","rasch","normal","irw",60,0.5,"SAC (superpopulation)","sac_superpop","not_in_arm",NA,NA,0
"29362a6023_t60","rasch","normal","irw",60,0.6,"SAC (superpopulation)","sac_superpop","not_in_arm",NA,NA,0
"29362a6023_t70","rasch","normal","irw",60,0.7,"SAC (superpopulation)","sac_superpop","not_in_arm",NA,NA,0
"29362a6023_t80","rasch","normal","irw",60,0.8,"SAC (superpopulation)","sac_superpop","not_in_arm",NA,NA,0
"29362a6023_t90","rasch","normal","irw",60,0.9,"SAC (superpopulation)","sac_superpop","not_in_arm",NA,NA,0
"29362a6023_t95","rasch","normal","irw",60,0.95,"SAC (superpopulation)","sac_superpop","not_in_arm",NA,NA,0
"2fb704c2a3_t50","rasch","heavy_tail","irw",20,0.5,"SAC (superpopulation)","sac_superpop","ok",0.00734784240023767,0.467436635161122,19.167
"2fb704c2a3_t60","rasch","heavy_tail","irw",20,0.6,"SAC (superpopulation)","sac_superpop","ok",-0.0013861017798692,0.602591473578203,19.407
"2fb704c2a3_t70","rasch","heavy_tail","irw",20,0.7,"SAC (superpopulation)","sac_superpop","ok",0.00816549000966316,0.79395689634546,20.1990000000001
"2fb704c2a3_t80","rasch","heavy_tail","irw",20,0.8,"SAC (superpopulation)","sac_superpop","ok",-0.01845204950072,1.09328328396961,18.9689999999999
"2fb704c2a3_t90","rasch","heavy_tail","irw",20,0.9,"SAC (superpopulation)","sac_superpop","ok",-0.00582842471975908,1.84369455005582,18.8249999999999
"2fb704c2a3_t95","rasch","heavy_tail","irw",20,0.95,"SAC (superpopulation)","sac_superpop","ok",0.0151555928398071,6.04782962735266,19.46
"308cc8c2c0_t50","3pl_beta","normal","irw",20,0.5,"SAC (superpopulation)","sac_superpop","ok",0.0162169477532248,0.594061977576647,19.324
"308cc8c2c0_t60","3pl_beta","normal","irw",20,0.6,"SAC (superpopulation)","sac_superpop","ok",-0.00877207962562376,0.757572543966996,18.793
"308cc8c2c0_t70","3pl_beta","normal","irw",20,0.7,"SAC (superpopulation)","sac_superpop","ok",-0.0123502643696838,1.02468242435078,19.473
"308cc8c2c0_t80","3pl_beta","normal","irw",20,0.8,"SAC (superpopulation)","sac_superpop","ok",0.00312434708249409,1.53926148506693,19.295
"308cc8c2c0_t90","3pl_beta","normal","irw",20,0.9,"SAC (superpopulation)","sac_superpop","ok",-0.00374080211374883,2.81335450195545,19.981
"3417acd99c_t50","3pl_g20","bimodal","irw",60,0.5,"SAC (superpopulation)","sac_superpop","not_in_arm",NA,NA,0
"3417acd99c_t60","3pl_g20","bimodal","irw",60,0.6,"SAC (superpopulation)","sac_superpop","not_in_arm",NA,NA,0
"3417acd99c_t70","3pl_g20","bimodal","irw",60,0.7,"SAC (superpopulation)","sac_superpop","not_in_arm",NA,NA,0
"3417acd99c_t80","3pl_g20","bimodal","irw",60,0.8,"SAC (superpopulation)","sac_superpop","not_in_arm",NA,NA,0
"3417acd99c_t90","3pl_g20","bimodal","irw",60,0.9,"SAC (superpopulation)","sac_superpop","not_in_arm",NA,NA,0
"3417acd99c_t95","3pl_g20","bimodal","irw",60,0.95,"SAC (superpopulation)","sac_superpop","not_in_arm",NA,NA,0
"35a1489e91_t50","3pl_beta","skew_pos","parametric",60,0.5,"SAC (superpopulation)","sac_superpop","not_in_arm",NA,NA,0
"35a1489e91_t60","3pl_beta","skew_pos","parametric",60,0.6,"SAC (superpopulation)","sac_superpop","not_in_arm",NA,NA,0
"35a1489e91_t70","3pl_beta","skew_pos","parametric",60,0.7,"SAC (superpopulation)","sac_superpop","not_in_arm",NA,NA,0
"35a1489e91_t80","3pl_beta","skew_pos","parametric",60,0.8,"SAC (superpopulation)","sac_superpop","not_in_arm",NA,NA,0
"35a1489e91_t90","3pl_beta","skew_pos","parametric",60,0.9,"SAC (superpopulation)","sac_superpop","not_in_arm",NA,NA,0
"35a1489e91_t95","3pl_beta","skew_pos","parametric",60,0.95,"SAC (superpopulation)","sac_superpop","not_in_arm",NA,NA,0
"36956c5526_t50","rasch","bimodal","parametric",10,0.5,"SAC (superpopulation)","sac_superpop","not_in_arm",NA,NA,0
"36956c5526_t60","rasch","bimodal","parametric",10,0.6,"SAC (superpopulation)","sac_superpop","not_in_arm",NA,NA,0
"36956c5526_t70","rasch","bimodal","parametric",10,0.7,"SAC (superpopulation)","sac_superpop","not_in_arm",NA,NA,0
"36956c5526_t80","rasch","bimodal","parametric",10,0.8,"SAC (superpopulation)","sac_superpop","not_in_arm",NA,NA,0
"36956c5526_t90","rasch","bimodal","parametric",10,0.9,"SAC (superpopulation)","sac_superpop","not_in_arm",NA,NA,0
"36956c5526_t95","rasch","bimodal","parametric",10,0.95,"SAC (superpopulation)","sac_superpop","not_in_arm",NA,NA,0
"36bd71fd25_t50","2pl","bimodal","irw",20,0.5,"SAC (superpopulation)","sac_superpop","ok",-0.0177799049324454,0.440405372857172,16.519
"36bd71fd25_t60","2pl","bimodal","irw",20,0.6,"SAC (superpopulation)","sac_superpop","ok",-0.00382163707868877,0.557586570498918,19.7719999999999
"36bd71fd25_t70","2pl","bimodal","irw",20,0.7,"SAC (superpopulation)","sac_superpop","ok",0.00930473052080893,0.743215127303613,18.946
"36bd71fd25_t80","2pl","bimodal","irw",20,0.8,"SAC (superpopulation)","sac_superpop","ok",0.000541813692876314,1.06835270257737,19.688
"36bd71fd25_t90","2pl","bimodal","irw",20,0.9,"SAC (superpopulation)","sac_superpop","ok",-0.00299071074606772,1.83634661178256,13.3920000000001
"36bd71fd25_t95","2pl","bimodal","irw",20,0.95,"SAC (superpopulation)","sac_superpop","ok",0.00845994994519339,4.88500844343947,18.897
"38646ef644_t50","3pl_beta","normal","irw",60,0.5,"SAC (superpopulation)","sac_superpop","not_in_arm",NA,NA,0
"38646ef644_t60","3pl_beta","normal","irw",60,0.6,"SAC (superpopulation)","sac_superpop","not_in_arm",NA,NA,0
"38646ef644_t70","3pl_beta","normal","irw",60,0.7,"SAC (superpopulation)","sac_superpop","not_in_arm",NA,NA,0
"38646ef644_t80","3pl_beta","normal","irw",60,0.8,"SAC (superpopulation)","sac_superpop","not_in_arm",NA,NA,0
"38646ef644_t90","3pl_beta","normal","irw",60,0.9,"SAC (superpopulation)","sac_superpop","not_in_arm",NA,NA,0
"38646ef644_t95","3pl_beta","normal","irw",60,0.95,"SAC (superpopulation)","sac_superpop","not_in_arm",NA,NA,0
"386d8a1996_t50","3pl_beta","skew_pos","parametric",10,0.5,"SAC (superpopulation)","sac_superpop","not_in_arm",NA,NA,0
"386d8a1996_t60","3pl_beta","skew_pos","parametric",10,0.6,"SAC (superpopulation)","sac_superpop","not_in_arm",NA,NA,0
"386d8a1996_t70","3pl_beta","skew_pos","parametric",10,0.7,"SAC (superpopulation)","sac_superpop","not_in_arm",NA,NA,0
"386d8a1996_t80","3pl_beta","skew_pos","parametric",10,0.8,"SAC (superpopulation)","sac_superpop","not_in_arm",NA,NA,0
"386d8a1996_t90","3pl_beta","skew_pos","parametric",10,0.9,"SAC (superpopulation)","sac_superpop","not_in_arm",NA,NA,0
"3b32e6d656_t50","2pl","heavy_tail","irw",10,0.5,"SAC (superpopulation)","sac_superpop","not_in_arm",NA,NA,0
"3b32e6d656_t60","2pl","heavy_tail","irw",10,0.6,"SAC (superpopulation)","sac_superpop","not_in_arm",NA,NA,0
"3b32e6d656_t70","2pl","heavy_tail","irw",10,0.7,"SAC (superpopulation)","sac_superpop","not_in_arm",NA,NA,0
"3b32e6d656_t80","2pl","heavy_tail","irw",10,0.8,"SAC (superpopulation)","sac_superpop","not_in_arm",NA,NA,0
"3b32e6d656_t90","2pl","heavy_tail","irw",10,0.9,"SAC (superpopulation)","sac_superpop","not_in_arm",NA,NA,0
"3c97180640_t50","3pl_g20","bimodal","parametric",40,0.5,"SAC (superpopulation)","sac_superpop","ok",-0.00895820179484969,0.369830558275493,17.769
"3c97180640_t60","3pl_g20","bimodal","parametric",40,0.6,"SAC (superpopulation)","sac_superpop","ok",0.00586470984918974,0.473876225237205,16.228
"3c97180640_t70","3pl_g20","bimodal","parametric",40,0.7,"SAC (superpopulation)","sac_superpop","ok",0.00694920403181909,0.60695491848434,18.0559999999999
"3c97180640_t80","3pl_g20","bimodal","parametric",40,0.8,"SAC (superpopulation)","sac_superpop","ok",-0.0010404068216785,0.852427608394372,18.027
"3c97180640_t90","3pl_g20","bimodal","parametric",40,0.9,"SAC (superpopulation)","sac_superpop","ok",-0.00308519907334948,1.51778758145606,17.768
"3c97180640_t95","3pl_g20","bimodal","parametric",40,0.95,"SAC (superpopulation)","sac_superpop","ok",-0.0020005685848643,2.89764118638222,15.935
"3f59517c02_t50","3pl_g20","skew_pos","irw",20,0.5,"SAC (superpopulation)","sac_superpop","ok",0.0103330435957022,0.569085207148787,19.5540000000001
"3f59517c02_t60","3pl_g20","skew_pos","irw",20,0.6,"SAC (superpopulation)","sac_superpop","ok",-0.00352626986872839,0.747421045581509,20.211
"3f59517c02_t70","3pl_g20","skew_pos","irw",20,0.7,"SAC (superpopulation)","sac_superpop","ok",0.00112424565449032,0.989684301799769,19.128
"3f59517c02_t80","3pl_g20","skew_pos","irw",20,0.8,"SAC (superpopulation)","sac_superpop","ok",0.000399044519752589,1.48003931158944,19.647
"3f59517c02_t90","3pl_g20","skew_pos","irw",20,0.9,"SAC (superpopulation)","sac_superpop","ok",-0.00339280797675667,2.59460964096327,19.244
"4144a5f588_t50","3pl_beta","heavy_tail","parametric",10,0.5,"SAC (superpopulation)","sac_superpop","not_in_arm",NA,NA,0
"4144a5f588_t60","3pl_beta","heavy_tail","parametric",10,0.6,"SAC (superpopulation)","sac_superpop","not_in_arm",NA,NA,0
"4144a5f588_t70","3pl_beta","heavy_tail","parametric",10,0.7,"SAC (superpopulation)","sac_superpop","not_in_arm",NA,NA,0
"4144a5f588_t80","3pl_beta","heavy_tail","parametric",10,0.8,"SAC (superpopulation)","sac_superpop","not_in_arm",NA,NA,0
"4144a5f588_t90","3pl_beta","heavy_tail","parametric",10,0.9,"SAC (superpopulation)","sac_superpop","not_in_arm",NA,NA,0
"4144a5f588_t95","3pl_beta","heavy_tail","parametric",10,0.95,"SAC (superpopulation)","sac_superpop","not_in_arm",NA,NA,0
"45b7a1f907_t50","3pl_beta","normal","parametric",40,0.5,"SAC (superpopulation)","sac_superpop","ok",-0.0155572598032106,0.386223133739923,18.1909999999999
"45b7a1f907_t60","3pl_beta","normal","parametric",40,0.6,"SAC (superpopulation)","sac_superpop","ok",0.00199157353989776,0.483129979551896,16.687
"45b7a1f907_t70","3pl_beta","normal","parametric",40,0.7,"SAC (superpopulation)","sac_superpop","ok",0.000601225079948198,0.61913078774276,18.369
"45b7a1f907_t80","3pl_beta","normal","parametric",40,0.8,"SAC (superpopulation)","sac_superpop","ok",0.00272708916898656,0.87851251078422,20.4
"45b7a1f907_t90","3pl_beta","normal","parametric",40,0.9,"SAC (superpopulation)","sac_superpop","ok",-0.00288154771536675,1.57537629913814,16.597
"45b7a1f907_t95","3pl_beta","normal","parametric",40,0.95,"SAC (superpopulation)","sac_superpop","ok",-0.00171205574308686,2.89012723933426,18.409
"45b8bbe987_t50","2pl","normal","parametric",20,0.5,"SAC (superpopulation)","sac_superpop","ok",0.00155368981322512,0.434943219004678,6.56000000000017
"45b8bbe987_t60","2pl","normal","parametric",20,0.6,"SAC (superpopulation)","sac_superpop","ok",0.0014079273954819,0.546925123117135,9.31399999999985
"45b8bbe987_t70","2pl","normal","parametric",20,0.7,"SAC (superpopulation)","sac_superpop","ok",0.00949593032335827,0.705646703395196,9.21800000000007
"45b8bbe987_t80","2pl","normal","parametric",20,0.8,"SAC (superpopulation)","sac_superpop","ok",0.00234937694282766,1.00396997695562,9.13200000000006
"45b8bbe987_t90","2pl","normal","parametric",20,0.9,"SAC (superpopulation)","sac_superpop","ok",-0.00017473222069353,1.83646740298186,9.46899999999982
"45b8bbe987_t95","2pl","normal","parametric",20,0.95,"SAC (superpopulation)","sac_superpop","ok",0.00503828100954873,3.80059896667132,9.3789999999999
"45eb20d1ef_t50","2pl","normal","parametric",60,0.5,"SAC (superpopulation)","sac_superpop","not_in_arm",NA,NA,0
"45eb20d1ef_t60","2pl","normal","parametric",60,0.6,"SAC (superpopulation)","sac_superpop","not_in_arm",NA,NA,0
"45eb20d1ef_t70","2pl","normal","parametric",60,0.7,"SAC (superpopulation)","sac_superpop","not_in_arm",NA,NA,0
"45eb20d1ef_t80","2pl","normal","parametric",60,0.8,"SAC (superpopulation)","sac_superpop","not_in_arm",NA,NA,0
"45eb20d1ef_t90","2pl","normal","parametric",60,0.9,"SAC (superpopulation)","sac_superpop","not_in_arm",NA,NA,0
"45eb20d1ef_t95","2pl","normal","parametric",60,0.95,"SAC (superpopulation)","sac_superpop","not_in_arm",NA,NA,0
"48ec297ef8_t50","3pl_beta","bimodal","parametric",20,0.5,"SAC (superpopulation)","sac_superpop","ok",-0.000311658658988578,0.568060688899039,12.3589999999999
"48ec297ef8_t60","3pl_beta","bimodal","parametric",20,0.6,"SAC (superpopulation)","sac_superpop","ok",-0.000288240830462194,0.730645939417444,12.472
"48ec297ef8_t70","3pl_beta","bimodal","parametric",20,0.7,"SAC (superpopulation)","sac_superpop","ok",0.0099379622780853,0.985273821545282,12.462
"48ec297ef8_t80","3pl_beta","bimodal","parametric",20,0.8,"SAC (superpopulation)","sac_superpop","ok",0.00935395144441054,1.49390229422982,12.1580000000001
"48ec297ef8_t90","3pl_beta","bimodal","parametric",20,0.9,"SAC (superpopulation)","sac_superpop","ok",0.0141816320483511,3.3336427524033,12.3719999999998
"48ec297ef8_t95","3pl_beta","bimodal","parametric",20,0.95,"SAC (superpopulation)","sac_superpop","ok",-0.000483098947092531,6.1106615487803,12.0980000000002
"4f22d501ce_t50","3pl_beta","bimodal","irw",10,0.5,"SAC (superpopulation)","sac_superpop","not_in_arm",NA,NA,0
"4f22d501ce_t60","3pl_beta","bimodal","irw",10,0.6,"SAC (superpopulation)","sac_superpop","not_in_arm",NA,NA,0
"4f22d501ce_t70","3pl_beta","bimodal","irw",10,0.7,"SAC (superpopulation)","sac_superpop","not_in_arm",NA,NA,0
"4f22d501ce_t80","3pl_beta","bimodal","irw",10,0.8,"SAC (superpopulation)","sac_superpop","not_in_arm",NA,NA,0
"4f22d501ce_t90","3pl_beta","bimodal","irw",10,0.9,"SAC (superpopulation)","sac_superpop","not_in_arm",NA,NA,0
"4f70e285ab_t50","rasch","normal","parametric",20,0.5,"SAC (superpopulation)","sac_superpop","ok",-0.000374840316436642,0.469523761838864,7.12200000000007
"4f70e285ab_t60","rasch","normal","parametric",20,0.6,"SAC (superpopulation)","sac_superpop","ok",0.000359574407105545,0.581219865088002,6.46499999999992
"4f70e285ab_t70","rasch","normal","parametric",20,0.7,"SAC (superpopulation)","sac_superpop","ok",-0.00352004654558447,0.761364222298212,6.49499999999989
"4f70e285ab_t80","rasch","normal","parametric",20,0.8,"SAC (superpopulation)","sac_superpop","ok",-8.6918602441366e-05,1.05551938744297,6.64100000000008
"4f70e285ab_t90","rasch","normal","parametric",20,0.9,"SAC (superpopulation)","sac_superpop","ok",-0.0010992512971163,1.8501002989798,6.56399999999985
"4f70e285ab_t95","rasch","normal","parametric",20,0.95,"SAC (superpopulation)","sac_superpop","ok",-0.00153821282199729,3.54883222012089,6.48199999999997
"51454d0a5c_t50","rasch","normal","parametric",40,0.5,"SAC (superpopulation)","sac_superpop","ok",0.000100215642179324,0.324740088129099,10.528
"51454d0a5c_t60","rasch","normal","parametric",40,0.6,"SAC (superpopulation)","sac_superpop","ok",-0.000163362966474012,0.399433473225889,10.7350000000001
"51454d0a5c_t70","rasch","normal","parametric",40,0.7,"SAC (superpopulation)","sac_superpop","ok",-0.00024726150232357,0.510393322404827,10.6770000000001
"51454d0a5c_t80","rasch","normal","parametric",40,0.8,"SAC (superpopulation)","sac_superpop","ok",0.000234511385836966,0.686523938308918,10.3440000000001
"51454d0a5c_t90","rasch","normal","parametric",40,0.9,"SAC (superpopulation)","sac_superpop","ok",-0.000101898125324351,1.14756505288278,10.751
"51454d0a5c_t95","rasch","normal","parametric",40,0.95,"SAC (superpopulation)","sac_superpop","ok",0.001363625917016,2.02745234215937,10.825
"51e3e31f93_t50","3pl_beta","skew_pos","irw",60,0.5,"SAC (superpopulation)","sac_superpop","not_in_arm",NA,NA,0
"51e3e31f93_t60","3pl_beta","skew_pos","irw",60,0.6,"SAC (superpopulation)","sac_superpop","not_in_arm",NA,NA,0
"51e3e31f93_t70","3pl_beta","skew_pos","irw",60,0.7,"SAC (superpopulation)","sac_superpop","not_in_arm",NA,NA,0
"51e3e31f93_t80","3pl_beta","skew_pos","irw",60,0.8,"SAC (superpopulation)","sac_superpop","not_in_arm",NA,NA,0
"51e3e31f93_t90","3pl_beta","skew_pos","irw",60,0.9,"SAC (superpopulation)","sac_superpop","not_in_arm",NA,NA,0
"51e3e31f93_t95","3pl_beta","skew_pos","irw",60,0.95,"SAC (superpopulation)","sac_superpop","not_in_arm",NA,NA,0
"52b9791e08_t50","3pl_g20","heavy_tail","parametric",20,0.5,"SAC (superpopulation)","sac_superpop","ok",-0.00687824027960537,0.54511833736641,8.654
"52b9791e08_t60","3pl_g20","heavy_tail","parametric",20,0.6,"SAC (superpopulation)","sac_superpop","ok",0.000664205214946922,0.713987590238511,8.56500000000005
"52b9791e08_t70","3pl_g20","heavy_tail","parametric",20,0.7,"SAC (superpopulation)","sac_superpop","ok",-0.0101640092768026,0.918482454185478,12.3229999999999
"52b9791e08_t80","3pl_g20","heavy_tail","parametric",20,0.8,"SAC (superpopulation)","sac_superpop","ok",0.00485254186508832,1.37599901172496,12.3509999999999
"52b9791e08_t90","3pl_g20","heavy_tail","parametric",20,0.9,"SAC (superpopulation)","sac_superpop","ok",-0.00350366577940897,2.48453634736219,12.2670000000001
"52b9791e08_t95","3pl_g20","heavy_tail","parametric",20,0.95,"SAC (superpopulation)","sac_superpop","ok",0.000908828341356971,5.4013870382455,12.1490000000001
"54e9907b58_t50","3pl_g20","heavy_tail","irw",60,0.5,"SAC (superpopulation)","sac_superpop","not_in_arm",NA,NA,0
"54e9907b58_t60","3pl_g20","heavy_tail","irw",60,0.6,"SAC (superpopulation)","sac_superpop","not_in_arm",NA,NA,0
"54e9907b58_t70","3pl_g20","heavy_tail","irw",60,0.7,"SAC (superpopulation)","sac_superpop","not_in_arm",NA,NA,0
"54e9907b58_t80","3pl_g20","heavy_tail","irw",60,0.8,"SAC (superpopulation)","sac_superpop","not_in_arm",NA,NA,0
"54e9907b58_t90","3pl_g20","heavy_tail","irw",60,0.9,"SAC (superpopulation)","sac_superpop","not_in_arm",NA,NA,0
"54e9907b58_t95","3pl_g20","heavy_tail","irw",60,0.95,"SAC (superpopulation)","sac_superpop","not_in_arm",NA,NA,0
"55a1174a1c_t50","2pl","skew_pos","parametric",40,0.5,"SAC (superpopulation)","sac_superpop","ok",-0.00325622548989551,0.297971596115524,14.937
"55a1174a1c_t60","2pl","skew_pos","parametric",40,0.6,"SAC (superpopulation)","sac_superpop","ok",0.00230802061388724,0.374937458036364,15.159
"55a1174a1c_t70","2pl","skew_pos","parametric",40,0.7,"SAC (superpopulation)","sac_superpop","ok",0.00250640645156308,0.476112693994862,15.316
"55a1174a1c_t80","2pl","skew_pos","parametric",40,0.8,"SAC (superpopulation)","sac_superpop","ok",0.000197356851303399,0.643916857288067,15.379
"55a1174a1c_t90","2pl","skew_pos","parametric",40,0.9,"SAC (superpopulation)","sac_superpop","ok",-0.00108828248512272,1.08620690593148,15.4400000000001
"55a1174a1c_t95","2pl","skew_pos","parametric",40,0.95,"SAC (superpopulation)","sac_superpop","ok",-0.00190570449320182,1.81529839804784,15.255
"58488a9252_t50","2pl","bimodal","parametric",40,0.5,"SAC (superpopulation)","sac_superpop","ok",-0.0070127536011757,0.297677761446909,15.2710000000001
"58488a9252_t60","2pl","bimodal","parametric",40,0.6,"SAC (superpopulation)","sac_superpop","ok",0.00228252561868014,0.373325917419362,14.907
"58488a9252_t70","2pl","bimodal","parametric",40,0.7,"SAC (superpopulation)","sac_superpop","ok",0.00532812358688628,0.472973225249043,15.3130000000001
"58488a9252_t80","2pl","bimodal","parametric",40,0.8,"SAC (superpopulation)","sac_superpop","ok",-0.00818330378055243,0.651178190649422,15.2910000000001
"58488a9252_t90","2pl","bimodal","parametric",40,0.9,"SAC (superpopulation)","sac_superpop","ok",0.00248755648843746,1.12033524280174,15.031
"58488a9252_t95","2pl","bimodal","parametric",40,0.95,"SAC (superpopulation)","sac_superpop","ok",-0.000559154936442652,1.91094250349483,15.009
"594de50093_t50","3pl_g20","skew_pos","irw",60,0.5,"SAC (superpopulation)","sac_superpop","not_in_arm",NA,NA,0
"594de50093_t60","3pl_g20","skew_pos","irw",60,0.6,"SAC (superpopulation)","sac_superpop","not_in_arm",NA,NA,0
"594de50093_t70","3pl_g20","skew_pos","irw",60,0.7,"SAC (superpopulation)","sac_superpop","not_in_arm",NA,NA,0
"594de50093_t80","3pl_g20","skew_pos","irw",60,0.8,"SAC (superpopulation)","sac_superpop","not_in_arm",NA,NA,0
"594de50093_t90","3pl_g20","skew_pos","irw",60,0.9,"SAC (superpopulation)","sac_superpop","not_in_arm",NA,NA,0
"594de50093_t95","3pl_g20","skew_pos","irw",60,0.95,"SAC (superpopulation)","sac_superpop","not_in_arm",NA,NA,0
"5bfd86674d_t50","2pl","skew_pos","irw",40,0.5,"SAC (superpopulation)","sac_superpop","ok",0.00509581913372381,0.304186725018051,22.138
"5bfd86674d_t60","2pl","skew_pos","irw",40,0.6,"SAC (superpopulation)","sac_superpop","ok",0.00339237645364687,0.377082436387085,20.537
"5bfd86674d_t70","2pl","skew_pos","irw",40,0.7,"SAC (superpopulation)","sac_superpop","ok",0.00413380381961381,0.491201023670356,16.928
"5bfd86674d_t80","2pl","skew_pos","irw",40,0.8,"SAC (superpopulation)","sac_superpop","ok",-0.00207209612204962,0.668674607452312,17.102
"5bfd86674d_t90","2pl","skew_pos","irw",40,0.9,"SAC (superpopulation)","sac_superpop","ok",-0.00435749163498955,1.11278918092433,19.874
"5bfd86674d_t95","2pl","skew_pos","irw",40,0.95,"SAC (superpopulation)","sac_superpop","ok",-0.00272831422734321,1.84124697265603,16.921
"5faa1bbcf6_t50","3pl_g20","normal","parametric",10,0.5,"SAC (superpopulation)","sac_superpop","not_in_arm",NA,NA,0
"5faa1bbcf6_t60","3pl_g20","normal","parametric",10,0.6,"SAC (superpopulation)","sac_superpop","not_in_arm",NA,NA,0
"5faa1bbcf6_t70","3pl_g20","normal","parametric",10,0.7,"SAC (superpopulation)","sac_superpop","not_in_arm",NA,NA,0
"5faa1bbcf6_t80","3pl_g20","normal","parametric",10,0.8,"SAC (superpopulation)","sac_superpop","not_in_arm",NA,NA,0
"5faa1bbcf6_t90","3pl_g20","normal","parametric",10,0.9,"SAC (superpopulation)","sac_superpop","not_in_arm",NA,NA,0
"6175b158cc_t50","2pl","heavy_tail","irw",40,0.5,"SAC (superpopulation)","sac_superpop","ok",0.00669099328574851,0.304411439026867,18.585
"6175b158cc_t60","2pl","heavy_tail","irw",40,0.6,"SAC (superpopulation)","sac_superpop","ok",-0.00185332207871058,0.380534355146419,17.747
"6175b158cc_t70","2pl","heavy_tail","irw",40,0.7,"SAC (superpopulation)","sac_superpop","ok",-0.00696296568827415,0.493287238751603,19.261
"6175b158cc_t80","2pl","heavy_tail","irw",40,0.8,"SAC (superpopulation)","sac_superpop","ok",0.00766768732535728,0.657342999038683,17.021
"6175b158cc_t90","2pl","heavy_tail","irw",40,0.9,"SAC (superpopulation)","sac_superpop","ok",0.00602609881563765,1.13797055552556,22.301
"6175b158cc_t95","2pl","heavy_tail","irw",40,0.95,"SAC (superpopulation)","sac_superpop","ok",-0.00551406561000278,1.7334932993337,19.615
"61f9108969_t50","rasch","skew_pos","irw",60,0.5,"SAC (superpopulation)","sac_superpop","not_in_arm",NA,NA,0
"61f9108969_t60","rasch","skew_pos","irw",60,0.6,"SAC (superpopulation)","sac_superpop","not_in_arm",NA,NA,0
"61f9108969_t70","rasch","skew_pos","irw",60,0.7,"SAC (superpopulation)","sac_superpop","not_in_arm",NA,NA,0
"61f9108969_t80","rasch","skew_pos","irw",60,0.8,"SAC (superpopulation)","sac_superpop","not_in_arm",NA,NA,0
"61f9108969_t90","rasch","skew_pos","irw",60,0.9,"SAC (superpopulation)","sac_superpop","not_in_arm",NA,NA,0
"61f9108969_t95","rasch","skew_pos","irw",60,0.95,"SAC (superpopulation)","sac_superpop","not_in_arm",NA,NA,0
"6415c12b10_t50","3pl_beta","normal","parametric",10,0.5,"SAC (superpopulation)","sac_superpop","not_in_arm",NA,NA,0
"6415c12b10_t60","3pl_beta","normal","parametric",10,0.6,"SAC (superpopulation)","sac_superpop","not_in_arm",NA,NA,0
"6415c12b10_t70","3pl_beta","normal","parametric",10,0.7,"SAC (superpopulation)","sac_superpop","not_in_arm",NA,NA,0
"6415c12b10_t80","3pl_beta","normal","parametric",10,0.8,"SAC (superpopulation)","sac_superpop","not_in_arm",NA,NA,0
"6415c12b10_t90","3pl_beta","normal","parametric",10,0.9,"SAC (superpopulation)","sac_superpop","not_in_arm",NA,NA,0
"65c72a887e_t50","rasch","skew_pos","irw",20,0.5,"SAC (superpopulation)","sac_superpop","ok",-0.00939066163842506,0.478155179352664,18.611
"65c72a887e_t60","rasch","skew_pos","irw",20,0.6,"SAC (superpopulation)","sac_superpop","ok",-0.00558594349877961,0.599597942493103,19.0319999999999
"65c72a887e_t70","rasch","skew_pos","irw",20,0.7,"SAC (superpopulation)","sac_superpop","ok",-0.0101972791007092,0.779282676337672,19.1130000000001
"65c72a887e_t80","rasch","skew_pos","irw",20,0.8,"SAC (superpopulation)","sac_superpop","ok",-0.00691879415317487,1.11196402292123,20.994
"65c72a887e_t90","rasch","skew_pos","irw",20,0.9,"SAC (superpopulation)","sac_superpop","ok",-0.00192109965514176,1.95832825530609,18.628
"65c72a887e_t95","rasch","skew_pos","irw",20,0.95,"SAC (superpopulation)","sac_superpop","ok",-0.00233065469155413,3.56465938016948,18.885
"6837e6d676_t50","rasch","normal","parametric",10,0.5,"SAC (superpopulation)","sac_superpop","not_in_arm",NA,NA,0
"6837e6d676_t60","rasch","normal","parametric",10,0.6,"SAC (superpopulation)","sac_superpop","not_in_arm",NA,NA,0
"6837e6d676_t70","rasch","normal","parametric",10,0.7,"SAC (superpopulation)","sac_superpop","not_in_arm",NA,NA,0
"6837e6d676_t80","rasch","normal","parametric",10,0.8,"SAC (superpopulation)","sac_superpop","not_in_arm",NA,NA,0
"6837e6d676_t90","rasch","normal","parametric",10,0.9,"SAC (superpopulation)","sac_superpop","not_in_arm",NA,NA,0
"6837e6d676_t95","rasch","normal","parametric",10,0.95,"SAC (superpopulation)","sac_superpop","not_in_arm",NA,NA,0
"686daead56_t50","rasch","bimodal","irw",60,0.5,"SAC (superpopulation)","sac_superpop","not_in_arm",NA,NA,0
"686daead56_t60","rasch","bimodal","irw",60,0.6,"SAC (superpopulation)","sac_superpop","not_in_arm",NA,NA,0
"686daead56_t70","rasch","bimodal","irw",60,0.7,"SAC (superpopulation)","sac_superpop","not_in_arm",NA,NA,0
"686daead56_t80","rasch","bimodal","irw",60,0.8,"SAC (superpopulation)","sac_superpop","not_in_arm",NA,NA,0
"686daead56_t90","rasch","bimodal","irw",60,0.9,"SAC (superpopulation)","sac_superpop","not_in_arm",NA,NA,0
"686daead56_t95","rasch","bimodal","irw",60,0.95,"SAC (superpopulation)","sac_superpop","not_in_arm",NA,NA,0
"69320217c6_t50","3pl_beta","skew_pos","irw",10,0.5,"SAC (superpopulation)","sac_superpop","not_in_arm",NA,NA,0
"69320217c6_t60","3pl_beta","skew_pos","irw",10,0.6,"SAC (superpopulation)","sac_superpop","not_in_arm",NA,NA,0
"69320217c6_t70","3pl_beta","skew_pos","irw",10,0.7,"SAC (superpopulation)","sac_superpop","not_in_arm",NA,NA,0
"69320217c6_t80","3pl_beta","skew_pos","irw",10,0.8,"SAC (superpopulation)","sac_superpop","not_in_arm",NA,NA,0
"69320217c6_t90","3pl_beta","skew_pos","irw",10,0.9,"SAC (superpopulation)","sac_superpop","not_in_arm",NA,NA,0
"6a235480c1_t50","rasch","skew_pos","parametric",60,0.5,"SAC (superpopulation)","sac_superpop","not_in_arm",NA,NA,0
"6a235480c1_t60","rasch","skew_pos","parametric",60,0.6,"SAC (superpopulation)","sac_superpop","not_in_arm",NA,NA,0
"6a235480c1_t70","rasch","skew_pos","parametric",60,0.7,"SAC (superpopulation)","sac_superpop","not_in_arm",NA,NA,0
"6a235480c1_t80","rasch","skew_pos","parametric",60,0.8,"SAC (superpopulation)","sac_superpop","not_in_arm",NA,NA,0
"6a235480c1_t90","rasch","skew_pos","parametric",60,0.9,"SAC (superpopulation)","sac_superpop","not_in_arm",NA,NA,0
"6a235480c1_t95","rasch","skew_pos","parametric",60,0.95,"SAC (superpopulation)","sac_superpop","not_in_arm",NA,NA,0
"6d3bc9f997_t50","3pl_beta","heavy_tail","parametric",40,0.5,"SAC (superpopulation)","sac_superpop","ok",0.00527332923928525,0.378940587183387,20.293
"6d3bc9f997_t60","3pl_beta","heavy_tail","parametric",40,0.6,"SAC (superpopulation)","sac_superpop","ok",0.00224044255565914,0.478317107538082,15.159
"6d3bc9f997_t70","3pl_beta","heavy_tail","parametric",40,0.7,"SAC (superpopulation)","sac_superpop","ok",0.00222280419706644,0.624191475353455,15.386
"6d3bc9f997_t80","3pl_beta","heavy_tail","parametric",40,0.8,"SAC (superpopulation)","sac_superpop","ok",-0.00224708912212968,0.864451184324013,16.128
"6d3bc9f997_t90","3pl_beta","heavy_tail","parametric",40,0.9,"SAC (superpopulation)","sac_superpop","ok",-0.00148192376714562,1.51517107489512,17.2139999999999
"6d3bc9f997_t95","3pl_beta","heavy_tail","parametric",40,0.95,"SAC (superpopulation)","sac_superpop","ok",-0.00645900366451557,2.69821682441616,17.65
"6eeb99a793_t50","3pl_g20","skew_pos","parametric",10,0.5,"SAC (superpopulation)","sac_superpop","not_in_arm",NA,NA,0
"6eeb99a793_t60","3pl_g20","skew_pos","parametric",10,0.6,"SAC (superpopulation)","sac_superpop","not_in_arm",NA,NA,0
"6eeb99a793_t70","3pl_g20","skew_pos","parametric",10,0.7,"SAC (superpopulation)","sac_superpop","not_in_arm",NA,NA,0
"6eeb99a793_t80","3pl_g20","skew_pos","parametric",10,0.8,"SAC (superpopulation)","sac_superpop","not_in_arm",NA,NA,0
"6eeb99a793_t90","3pl_g20","skew_pos","parametric",10,0.9,"SAC (superpopulation)","sac_superpop","not_in_arm",NA,NA,0
"6eeb99a793_t95","3pl_g20","skew_pos","parametric",10,0.95,"SAC (superpopulation)","sac_superpop","not_in_arm",NA,NA,0
"6f8ac52639_t50","3pl_g20","skew_pos","irw",40,0.5,"SAC (superpopulation)","sac_superpop","ok",-0.00963491890778312,0.377439527559777,25.5119999999999
"6f8ac52639_t60","3pl_g20","skew_pos","irw",40,0.6,"SAC (superpopulation)","sac_superpop","ok",0.00282866929112469,0.482253590649748,25.88
"6f8ac52639_t70","3pl_g20","skew_pos","irw",40,0.7,"SAC (superpopulation)","sac_superpop","ok",-0.010601793871305,0.623915965527392,23.22
"6f8ac52639_t80","3pl_g20","skew_pos","irw",40,0.8,"SAC (superpopulation)","sac_superpop","ok",-0.000845270913083174,0.901904317870433,25.8579999999999
"6f8ac52639_t90","3pl_g20","skew_pos","irw",40,0.9,"SAC (superpopulation)","sac_superpop","ok",0.00102054028540854,1.57385190922914,26.496
"6f8ac52639_t95","3pl_g20","skew_pos","irw",40,0.95,"SAC (superpopulation)","sac_superpop","ok",-0.00222841120364381,2.91671946444554,20.435
"6fa1916652_t50","3pl_g20","skew_pos","parametric",60,0.5,"SAC (superpopulation)","sac_superpop","not_in_arm",NA,NA,0
"6fa1916652_t60","3pl_g20","skew_pos","parametric",60,0.6,"SAC (superpopulation)","sac_superpop","not_in_arm",NA,NA,0
"6fa1916652_t70","3pl_g20","skew_pos","parametric",60,0.7,"SAC (superpopulation)","sac_superpop","not_in_arm",NA,NA,0
"6fa1916652_t80","3pl_g20","skew_pos","parametric",60,0.8,"SAC (superpopulation)","sac_superpop","not_in_arm",NA,NA,0
"6fa1916652_t90","3pl_g20","skew_pos","parametric",60,0.9,"SAC (superpopulation)","sac_superpop","not_in_arm",NA,NA,0
"6fa1916652_t95","3pl_g20","skew_pos","parametric",60,0.95,"SAC (superpopulation)","sac_superpop","not_in_arm",NA,NA,0
"6fc75d8330_t50","2pl","heavy_tail","parametric",60,0.5,"SAC (superpopulation)","sac_superpop","not_in_arm",NA,NA,0
"6fc75d8330_t60","2pl","heavy_tail","parametric",60,0.6,"SAC (superpopulation)","sac_superpop","not_in_arm",NA,NA,0
"6fc75d8330_t70","2pl","heavy_tail","parametric",60,0.7,"SAC (superpopulation)","sac_superpop","not_in_arm",NA,NA,0
"6fc75d8330_t80","2pl","heavy_tail","parametric",60,0.8,"SAC (superpopulation)","sac_superpop","not_in_arm",NA,NA,0
"6fc75d8330_t90","2pl","heavy_tail","parametric",60,0.9,"SAC (superpopulation)","sac_superpop","not_in_arm",NA,NA,0
"6fc75d8330_t95","2pl","heavy_tail","parametric",60,0.95,"SAC (superpopulation)","sac_superpop","not_in_arm",NA,NA,0
"705e3d6cec_t50","3pl_g20","bimodal","parametric",60,0.5,"SAC (superpopulation)","sac_superpop","not_in_arm",NA,NA,0
"705e3d6cec_t60","3pl_g20","bimodal","parametric",60,0.6,"SAC (superpopulation)","sac_superpop","not_in_arm",NA,NA,0
"705e3d6cec_t70","3pl_g20","bimodal","parametric",60,0.7,"SAC (superpopulation)","sac_superpop","not_in_arm",NA,NA,0
"705e3d6cec_t80","3pl_g20","bimodal","parametric",60,0.8,"SAC (superpopulation)","sac_superpop","not_in_arm",NA,NA,0
"705e3d6cec_t90","3pl_g20","bimodal","parametric",60,0.9,"SAC (superpopulation)","sac_superpop","not_in_arm",NA,NA,0
"705e3d6cec_t95","3pl_g20","bimodal","parametric",60,0.95,"SAC (superpopulation)","sac_superpop","not_in_arm",NA,NA,0
"706cd16630_t50","rasch","bimodal","irw",20,0.5,"SAC (superpopulation)","sac_superpop","ok",0.00455292784485994,0.48210113402009,19.395
"706cd16630_t60","rasch","bimodal","irw",20,0.6,"SAC (superpopulation)","sac_superpop","ok",-0.0103766227248785,0.599326725868702,17.621
"706cd16630_t70","rasch","bimodal","irw",20,0.7,"SAC (superpopulation)","sac_superpop","ok",-0.00401634654113137,0.784041471802006,19.0699999999999
"706cd16630_t80","rasch","bimodal","irw",20,0.8,"SAC (superpopulation)","sac_superpop","ok",0.00949962864401488,1.14005656505838,20.2840000000001
"706cd16630_t90","rasch","bimodal","irw",20,0.9,"SAC (superpopulation)","sac_superpop","ok",0.00892962592243252,2.12754898517997,19.163
"706cd16630_t95","rasch","bimodal","irw",20,0.95,"SAC (superpopulation)","sac_superpop","ok",-0.0142916079792671,3.35268048815534,18.47
"7107b4b0bc_t50","3pl_g20","heavy_tail","irw",10,0.5,"SAC (superpopulation)","sac_superpop","not_in_arm",NA,NA,0
"7107b4b0bc_t60","3pl_g20","heavy_tail","irw",10,0.6,"SAC (superpopulation)","sac_superpop","not_in_arm",NA,NA,0
"7107b4b0bc_t70","3pl_g20","heavy_tail","irw",10,0.7,"SAC (superpopulation)","sac_superpop","not_in_arm",NA,NA,0
"7107b4b0bc_t80","3pl_g20","heavy_tail","irw",10,0.8,"SAC (superpopulation)","sac_superpop","not_in_arm",NA,NA,0
"7107b4b0bc_t90","3pl_g20","heavy_tail","irw",10,0.9,"SAC (superpopulation)","sac_superpop","not_in_arm",NA,NA,0
"71c9b8c65b_t50","3pl_beta","heavy_tail","parametric",60,0.5,"SAC (superpopulation)","sac_superpop","not_in_arm",NA,NA,0
"71c9b8c65b_t60","3pl_beta","heavy_tail","parametric",60,0.6,"SAC (superpopulation)","sac_superpop","not_in_arm",NA,NA,0
"71c9b8c65b_t70","3pl_beta","heavy_tail","parametric",60,0.7,"SAC (superpopulation)","sac_superpop","not_in_arm",NA,NA,0
"71c9b8c65b_t80","3pl_beta","heavy_tail","parametric",60,0.8,"SAC (superpopulation)","sac_superpop","not_in_arm",NA,NA,0
"71c9b8c65b_t90","3pl_beta","heavy_tail","parametric",60,0.9,"SAC (superpopulation)","sac_superpop","not_in_arm",NA,NA,0
"71c9b8c65b_t95","3pl_beta","heavy_tail","parametric",60,0.95,"SAC (superpopulation)","sac_superpop","not_in_arm",NA,NA,0
"738d543b91_t50","rasch","heavy_tail","parametric",20,0.5,"SAC (superpopulation)","sac_superpop","ok",-0.000520580832407802,0.455230498036811,8.21399999999994
"738d543b91_t60","rasch","heavy_tail","parametric",20,0.6,"SAC (superpopulation)","sac_superpop","ok",0.000721736511397286,0.596256459512832,9.20700000000011
"738d543b91_t70","rasch","heavy_tail","parametric",20,0.7,"SAC (superpopulation)","sac_superpop","ok",-0.000208788128631232,0.763957682383795,8.46000000000004
"738d543b91_t80","rasch","heavy_tail","parametric",20,0.8,"SAC (superpopulation)","sac_superpop","ok",0.000160531327412672,1.06758988134778,9.2009999999998
"738d543b91_t90","rasch","heavy_tail","parametric",20,0.9,"SAC (superpopulation)","sac_superpop","ok",0.00318330218635965,1.93467191617964,8.43100000000004
"738d543b91_t95","rasch","heavy_tail","parametric",20,0.95,"SAC (superpopulation)","sac_superpop","ok",0.000914470319945293,3.42807971598033,6.46199999999999
"786d9a02b6_t50","rasch","heavy_tail","irw",10,0.5,"SAC (superpopulation)","sac_superpop","not_in_arm",NA,NA,0
"786d9a02b6_t60","rasch","heavy_tail","irw",10,0.6,"SAC (superpopulation)","sac_superpop","not_in_arm",NA,NA,0
"786d9a02b6_t70","rasch","heavy_tail","irw",10,0.7,"SAC (superpopulation)","sac_superpop","not_in_arm",NA,NA,0
"786d9a02b6_t80","rasch","heavy_tail","irw",10,0.8,"SAC (superpopulation)","sac_superpop","not_in_arm",NA,NA,0
"786d9a02b6_t90","rasch","heavy_tail","irw",10,0.9,"SAC (superpopulation)","sac_superpop","not_in_arm",NA,NA,0
"786d9a02b6_t95","rasch","heavy_tail","irw",10,0.95,"SAC (superpopulation)","sac_superpop","not_in_arm",NA,NA,0
"789f2b1000_t50","rasch","heavy_tail","parametric",60,0.5,"SAC (superpopulation)","sac_superpop","not_in_arm",NA,NA,0
"789f2b1000_t60","rasch","heavy_tail","parametric",60,0.6,"SAC (superpopulation)","sac_superpop","not_in_arm",NA,NA,0
"789f2b1000_t70","rasch","heavy_tail","parametric",60,0.7,"SAC (superpopulation)","sac_superpop","not_in_arm",NA,NA,0
"789f2b1000_t80","rasch","heavy_tail","parametric",60,0.8,"SAC (superpopulation)","sac_superpop","not_in_arm",NA,NA,0
"789f2b1000_t90","rasch","heavy_tail","parametric",60,0.9,"SAC (superpopulation)","sac_superpop","not_in_arm",NA,NA,0
"789f2b1000_t95","rasch","heavy_tail","parametric",60,0.95,"SAC (superpopulation)","sac_superpop","not_in_arm",NA,NA,0
"7bfda144a5_t50","3pl_beta","bimodal","irw",60,0.5,"SAC (superpopulation)","sac_superpop","not_in_arm",NA,NA,0
"7bfda144a5_t60","3pl_beta","bimodal","irw",60,0.6,"SAC (superpopulation)","sac_superpop","not_in_arm",NA,NA,0
"7bfda144a5_t70","3pl_beta","bimodal","irw",60,0.7,"SAC (superpopulation)","sac_superpop","not_in_arm",NA,NA,0
"7bfda144a5_t80","3pl_beta","bimodal","irw",60,0.8,"SAC (superpopulation)","sac_superpop","not_in_arm",NA,NA,0
"7bfda144a5_t90","3pl_beta","bimodal","irw",60,0.9,"SAC (superpopulation)","sac_superpop","not_in_arm",NA,NA,0
"7bfda144a5_t95","3pl_beta","bimodal","irw",60,0.95,"SAC (superpopulation)","sac_superpop","not_in_arm",NA,NA,0
"7c47698ded_t50","2pl","normal","irw",10,0.5,"SAC (superpopulation)","sac_superpop","not_in_arm",NA,NA,0
"7c47698ded_t60","2pl","normal","irw",10,0.6,"SAC (superpopulation)","sac_superpop","not_in_arm",NA,NA,0
"7c47698ded_t70","2pl","normal","irw",10,0.7,"SAC (superpopulation)","sac_superpop","not_in_arm",NA,NA,0
"7c47698ded_t80","2pl","normal","irw",10,0.8,"SAC (superpopulation)","sac_superpop","not_in_arm",NA,NA,0
"7c47698ded_t90","2pl","normal","irw",10,0.9,"SAC (superpopulation)","sac_superpop","not_in_arm",NA,NA,0
"7c47698ded_t95","2pl","normal","irw",10,0.95,"SAC (superpopulation)","sac_superpop","not_in_arm",NA,NA,0
"7cee56a484_t50","2pl","bimodal","parametric",10,0.5,"SAC (superpopulation)","sac_superpop","not_in_arm",NA,NA,0
"7cee56a484_t60","2pl","bimodal","parametric",10,0.6,"SAC (superpopulation)","sac_superpop","not_in_arm",NA,NA,0
"7cee56a484_t70","2pl","bimodal","parametric",10,0.7,"SAC (superpopulation)","sac_superpop","not_in_arm",NA,NA,0
"7cee56a484_t80","2pl","bimodal","parametric",10,0.8,"SAC (superpopulation)","sac_superpop","not_in_arm",NA,NA,0
"7cee56a484_t90","2pl","bimodal","parametric",10,0.9,"SAC (superpopulation)","sac_superpop","not_in_arm",NA,NA,0
"7cee56a484_t95","2pl","bimodal","parametric",10,0.95,"SAC (superpopulation)","sac_superpop","not_in_arm",NA,NA,0
"7d3dc7a372_t50","3pl_g20","heavy_tail","parametric",40,0.5,"SAC (superpopulation)","sac_superpop","ok",0.00610766303050148,0.371630045246301,18.3579999999999
"7d3dc7a372_t60","3pl_g20","heavy_tail","parametric",40,0.6,"SAC (superpopulation)","sac_superpop","ok",-0.00303480392409661,0.457763146777225,18.113
"7d3dc7a372_t70","3pl_g20","heavy_tail","parametric",40,0.7,"SAC (superpopulation)","sac_superpop","ok",0.000774709625244618,0.609377454750829,17.252
"7d3dc7a372_t80","3pl_g20","heavy_tail","parametric",40,0.8,"SAC (superpopulation)","sac_superpop","ok",-0.000963088868063178,0.839157611852333,18.657
"7d3dc7a372_t90","3pl_g20","heavy_tail","parametric",40,0.9,"SAC (superpopulation)","sac_superpop","ok",0.00200851968855142,1.5385081807478,18.025
"7d3dc7a372_t95","3pl_g20","heavy_tail","parametric",40,0.95,"SAC (superpopulation)","sac_superpop","ok",-8.03776721809424e-05,2.80399471272701,20.699
"7e68f7b5fe_t50","3pl_g20","normal","irw",60,0.5,"SAC (superpopulation)","sac_superpop","not_in_arm",NA,NA,0
"7e68f7b5fe_t60","3pl_g20","normal","irw",60,0.6,"SAC (superpopulation)","sac_superpop","not_in_arm",NA,NA,0
"7e68f7b5fe_t70","3pl_g20","normal","irw",60,0.7,"SAC (superpopulation)","sac_superpop","not_in_arm",NA,NA,0
"7e68f7b5fe_t80","3pl_g20","normal","irw",60,0.8,"SAC (superpopulation)","sac_superpop","not_in_arm",NA,NA,0
"7e68f7b5fe_t90","3pl_g20","normal","irw",60,0.9,"SAC (superpopulation)","sac_superpop","not_in_arm",NA,NA,0
"7e68f7b5fe_t95","3pl_g20","normal","irw",60,0.95,"SAC (superpopulation)","sac_superpop","not_in_arm",NA,NA,0
"8320ea3e35_t50","3pl_beta","heavy_tail","irw",20,0.5,"SAC (superpopulation)","sac_superpop","ok",-0.00711659202907078,0.585359256914541,19.167
"8320ea3e35_t60","3pl_beta","heavy_tail","irw",20,0.6,"SAC (superpopulation)","sac_superpop","ok",-0.0157936521787965,0.745464221411436,18.482
"8320ea3e35_t70","3pl_beta","heavy_tail","irw",20,0.7,"SAC (superpopulation)","sac_superpop","ok",-0.00555403514116848,1.02529080906694,19.937
"8320ea3e35_t80","3pl_beta","heavy_tail","irw",20,0.8,"SAC (superpopulation)","sac_superpop","ok",0.00495453202286766,1.46548876046768,19.478
"8320ea3e35_t90","3pl_beta","heavy_tail","irw",20,0.9,"SAC (superpopulation)","sac_superpop","ok",0.0086593218792067,3.43445578944561,19.558
"837c70723e_t50","3pl_g20","normal","irw",20,0.5,"SAC (superpopulation)","sac_superpop","ok",-0.0122320067407333,0.569822080897567,19.652
"837c70723e_t60","3pl_g20","normal","irw",20,0.6,"SAC (superpopulation)","sac_superpop","ok",0.00273221697015102,0.736558663533293,21.305
"837c70723e_t70","3pl_g20","normal","irw",20,0.7,"SAC (superpopulation)","sac_superpop","ok",0.0115538643727879,1.00161822150023,19.185
"837c70723e_t80","3pl_g20","normal","irw",20,0.8,"SAC (superpopulation)","sac_superpop","ok",0.0137601071884113,1.44991339396005,18.721
"837c70723e_t90","3pl_g20","normal","irw",20,0.9,"SAC (superpopulation)","sac_superpop","ok",0.00476756330524797,3.1496135693275,19.586
"837c70723e_t95","3pl_g20","normal","irw",20,0.95,"SAC (superpopulation)","sac_superpop","ok",0.00890636078400875,6.43797961686565,19.753
"857e5b810e_t50","3pl_beta","heavy_tail","irw",60,0.5,"SAC (superpopulation)","sac_superpop","not_in_arm",NA,NA,0
"857e5b810e_t60","3pl_beta","heavy_tail","irw",60,0.6,"SAC (superpopulation)","sac_superpop","not_in_arm",NA,NA,0
"857e5b810e_t70","3pl_beta","heavy_tail","irw",60,0.7,"SAC (superpopulation)","sac_superpop","not_in_arm",NA,NA,0
"857e5b810e_t80","3pl_beta","heavy_tail","irw",60,0.8,"SAC (superpopulation)","sac_superpop","not_in_arm",NA,NA,0
"857e5b810e_t90","3pl_beta","heavy_tail","irw",60,0.9,"SAC (superpopulation)","sac_superpop","not_in_arm",NA,NA,0
"857e5b810e_t95","3pl_beta","heavy_tail","irw",60,0.95,"SAC (superpopulation)","sac_superpop","not_in_arm",NA,NA,0
"862b4710eb_t50","3pl_g20","skew_pos","parametric",20,0.5,"SAC (superpopulation)","sac_superpop","ok",0.00669827376125431,0.5526022912321,12.2470000000001
"862b4710eb_t60","3pl_g20","skew_pos","parametric",20,0.6,"SAC (superpopulation)","sac_superpop","ok",0.00128057512681112,0.713529010535741,12.3890000000001
"862b4710eb_t70","3pl_g20","skew_pos","parametric",20,0.7,"SAC (superpopulation)","sac_superpop","ok",-0.00250044392597737,0.955597567422166,12.433
"862b4710eb_t80","3pl_g20","skew_pos","parametric",20,0.8,"SAC (superpopulation)","sac_superpop","ok",-0.00457956098860379,1.39587812701081,12.4159999999999
"862b4710eb_t90","3pl_g20","skew_pos","parametric",20,0.9,"SAC (superpopulation)","sac_superpop","ok",-0.00531099268127877,2.57487401491032,12.1840000000002
"862b4710eb_t95","3pl_g20","skew_pos","parametric",20,0.95,"SAC (superpopulation)","sac_superpop","ok",0.00451889003146766,5.8227063012465,12.1379999999999
"877051b144_t50","3pl_beta","bimodal","parametric",40,0.5,"SAC (superpopulation)","sac_superpop","ok",-0.00933397730875896,0.37886668575981,20.3529999999998
"877051b144_t60","3pl_beta","bimodal","parametric",40,0.6,"SAC (superpopulation)","sac_superpop","ok",0.0022685450122748,0.480733860443975,20.025
"877051b144_t70","3pl_beta","bimodal","parametric",40,0.7,"SAC (superpopulation)","sac_superpop","ok",0.00891631221982658,0.630050687013092,20.5739999999998
"877051b144_t80","3pl_beta","bimodal","parametric",40,0.8,"SAC (superpopulation)","sac_superpop","ok",-0.00236452274834775,0.883034257051419,20.9780000000001
"877051b144_t90","3pl_beta","bimodal","parametric",40,0.9,"SAC (superpopulation)","sac_superpop","ok",-0.00283415407102339,1.6099650411117,20.2630000000001
"877051b144_t95","3pl_beta","bimodal","parametric",40,0.95,"SAC (superpopulation)","sac_superpop","ok",0.00458435822863412,3.39726631386513,20.97
"88f779a86c_t50","2pl","skew_pos","parametric",20,0.5,"SAC (superpopulation)","sac_superpop","ok",-0.00540623787877809,0.438320981995152,8.49000000000001
"88f779a86c_t60","2pl","skew_pos","parametric",20,0.6,"SAC (superpopulation)","sac_superpop","ok",-0.0101841764314361,0.55321593380808,6.79700000000003
"88f779a86c_t70","2pl","skew_pos","parametric",20,0.7,"SAC (superpopulation)","sac_superpop","ok",-0.00121134863516792,0.698139782188901,8.44900000000007
"88f779a86c_t80","2pl","skew_pos","parametric",20,0.8,"SAC (superpopulation)","sac_superpop","ok",-0.000813773611137769,0.998603607056715,9.50800000000004
"88f779a86c_t90","2pl","skew_pos","parametric",20,0.9,"SAC (superpopulation)","sac_superpop","ok",0.000823113020887889,1.75817776478613,9.21800000000007
"88f779a86c_t95","2pl","skew_pos","parametric",20,0.95,"SAC (superpopulation)","sac_superpop","ok",0.00287847898574967,3.4574400739136,8.48699999999985
"89ea0bc5ff_t50","rasch","skew_pos","irw",40,0.5,"SAC (superpopulation)","sac_superpop","ok",0.00090623850307836,0.328196536173041,24.5650000000001
"89ea0bc5ff_t60","rasch","skew_pos","irw",40,0.6,"SAC (superpopulation)","sac_superpop","ok",-0.0042641372050829,0.412750749935598,24.856
"89ea0bc5ff_t70","rasch","skew_pos","irw",40,0.7,"SAC (superpopulation)","sac_superpop","ok",0.00381568179849023,0.519114718579442,24.1699999999998
"89ea0bc5ff_t80","rasch","skew_pos","irw",40,0.8,"SAC (superpopulation)","sac_superpop","ok",-0.00117747639104615,0.717506037380442,24.7919999999999
"89ea0bc5ff_t90","rasch","skew_pos","irw",40,0.9,"SAC (superpopulation)","sac_superpop","ok",0.00272473869466627,1.29308844006415,24.8240000000001
"89ea0bc5ff_t95","rasch","skew_pos","irw",40,0.95,"SAC (superpopulation)","sac_superpop","ok",-0.0049972848577613,1.87989866654155,26.7919999999999
"8db178eee1_t50","rasch","skew_pos","irw",10,0.5,"SAC (superpopulation)","sac_superpop","not_in_arm",NA,NA,0
"8db178eee1_t60","rasch","skew_pos","irw",10,0.6,"SAC (superpopulation)","sac_superpop","not_in_arm",NA,NA,0
"8db178eee1_t70","rasch","skew_pos","irw",10,0.7,"SAC (superpopulation)","sac_superpop","not_in_arm",NA,NA,0
"8db178eee1_t80","rasch","skew_pos","irw",10,0.8,"SAC (superpopulation)","sac_superpop","not_in_arm",NA,NA,0
"8db178eee1_t90","rasch","skew_pos","irw",10,0.9,"SAC (superpopulation)","sac_superpop","not_in_arm",NA,NA,0
"8db178eee1_t95","rasch","skew_pos","irw",10,0.95,"SAC (superpopulation)","sac_superpop","not_in_arm",NA,NA,0
"90b3200e06_t50","2pl","bimodal","irw",40,0.5,"SAC (superpopulation)","sac_superpop","ok",-0.00287565939295265,0.304204043423108,24.4929999999999
"90b3200e06_t60","2pl","bimodal","irw",40,0.6,"SAC (superpopulation)","sac_superpop","ok",0.00623939289810849,0.37746063903358,25.912
"90b3200e06_t70","2pl","bimodal","irw",40,0.7,"SAC (superpopulation)","sac_superpop","ok",-0.00281538575070261,0.487319011241943,25.0420000000001
"90b3200e06_t80","2pl","bimodal","irw",40,0.8,"SAC (superpopulation)","sac_superpop","ok",-0.000154519590054636,0.678851427633835,26.49
"90b3200e06_t90","2pl","bimodal","irw",40,0.9,"SAC (superpopulation)","sac_superpop","ok",-0.00124405915037784,1.12607647153058,25.8439999999998
"90b3200e06_t95","2pl","bimodal","irw",40,0.95,"SAC (superpopulation)","sac_superpop","ok",0.00916838105120787,2.35842957651,25.9359999999999
"93478b9ed6_t50","rasch","bimodal","irw",10,0.5,"SAC (superpopulation)","sac_superpop","not_in_arm",NA,NA,0
"93478b9ed6_t60","rasch","bimodal","irw",10,0.6,"SAC (superpopulation)","sac_superpop","not_in_arm",NA,NA,0
"93478b9ed6_t70","rasch","bimodal","irw",10,0.7,"SAC (superpopulation)","sac_superpop","not_in_arm",NA,NA,0
"93478b9ed6_t80","rasch","bimodal","irw",10,0.8,"SAC (superpopulation)","sac_superpop","not_in_arm",NA,NA,0
"93478b9ed6_t90","rasch","bimodal","irw",10,0.9,"SAC (superpopulation)","sac_superpop","not_in_arm",NA,NA,0
"93478b9ed6_t95","rasch","bimodal","irw",10,0.95,"SAC (superpopulation)","sac_superpop","not_in_arm",NA,NA,0
"940dd58533_t50","3pl_g20","normal","irw",10,0.5,"SAC (superpopulation)","sac_superpop","not_in_arm",NA,NA,0
"940dd58533_t60","3pl_g20","normal","irw",10,0.6,"SAC (superpopulation)","sac_superpop","not_in_arm",NA,NA,0
"940dd58533_t70","3pl_g20","normal","irw",10,0.7,"SAC (superpopulation)","sac_superpop","not_in_arm",NA,NA,0
"940dd58533_t80","3pl_g20","normal","irw",10,0.8,"SAC (superpopulation)","sac_superpop","not_in_arm",NA,NA,0
"940dd58533_t90","3pl_g20","normal","irw",10,0.9,"SAC (superpopulation)","sac_superpop","not_in_arm",NA,NA,0
"9513362a78_t50","2pl","heavy_tail","irw",20,0.5,"SAC (superpopulation)","sac_superpop","ok",-0.00598982749114635,0.450718174773968,20.519
"9513362a78_t60","2pl","heavy_tail","irw",20,0.6,"SAC (superpopulation)","sac_superpop","ok",0.00110325133066069,0.557108958206342,16.157
"9513362a78_t70","2pl","heavy_tail","irw",20,0.7,"SAC (superpopulation)","sac_superpop","ok",-0.00374556343269439,0.74193894638777,19.989
"9513362a78_t80","2pl","heavy_tail","irw",20,0.8,"SAC (superpopulation)","sac_superpop","ok",-0.0165744272390713,1.02410394411028,19.327
"9513362a78_t90","2pl","heavy_tail","irw",20,0.9,"SAC (superpopulation)","sac_superpop","ok",0.0029115462309941,1.88864812970416,20.354
"9513362a78_t95","2pl","heavy_tail","irw",20,0.95,"SAC (superpopulation)","sac_superpop","ok",-0.00515218043560994,3.13815085679786,13.3899999999999
"9711f8cd98_t50","3pl_g20","bimodal","parametric",10,0.5,"SAC (superpopulation)","sac_superpop","not_in_arm",NA,NA,0
"9711f8cd98_t60","3pl_g20","bimodal","parametric",10,0.6,"SAC (superpopulation)","sac_superpop","not_in_arm",NA,NA,0
"9711f8cd98_t70","3pl_g20","bimodal","parametric",10,0.7,"SAC (superpopulation)","sac_superpop","not_in_arm",NA,NA,0
"9711f8cd98_t80","3pl_g20","bimodal","parametric",10,0.8,"SAC (superpopulation)","sac_superpop","not_in_arm",NA,NA,0
"9edead4a8b_t50","2pl","normal","parametric",40,0.5,"SAC (superpopulation)","sac_superpop","ok",-0.000529289658657617,0.293021100222199,15.1109999999999
"9edead4a8b_t60","2pl","normal","parametric",40,0.6,"SAC (superpopulation)","sac_superpop","ok",-0.00737605151061138,0.37136817951351,15.247
"9edead4a8b_t70","2pl","normal","parametric",40,0.7,"SAC (superpopulation)","sac_superpop","ok",-0.00386883683974404,0.478129232718959,15.1650000000001
"9edead4a8b_t80","2pl","normal","parametric",40,0.8,"SAC (superpopulation)","sac_superpop","ok",0.00202002163392523,0.650653979128685,15.5830000000001
"9edead4a8b_t90","2pl","normal","parametric",40,0.9,"SAC (superpopulation)","sac_superpop","ok",-0.00365452324898174,1.08788018121789,15.171
"9edead4a8b_t95","2pl","normal","parametric",40,0.95,"SAC (superpopulation)","sac_superpop","ok",-0.000538782869338061,1.85409439892289,14.861
"a1f4688fbc_t50","3pl_g20","heavy_tail","irw",20,0.5,"SAC (superpopulation)","sac_superpop","ok",-0.00230178286527805,0.559994771691905,18.4630000000001
"a1f4688fbc_t60","3pl_g20","heavy_tail","irw",20,0.6,"SAC (superpopulation)","sac_superpop","ok",0.0101858744543942,0.741834873006052,18.554
"a1f4688fbc_t70","3pl_g20","heavy_tail","irw",20,0.7,"SAC (superpopulation)","sac_superpop","ok",0.0226872920338013,0.989689513263089,18.873
"a1f4688fbc_t80","3pl_g20","heavy_tail","irw",20,0.8,"SAC (superpopulation)","sac_superpop","ok",-0.00938204940010001,1.44229602525988,18.964
"a1f4688fbc_t90","3pl_g20","heavy_tail","irw",20,0.9,"SAC (superpopulation)","sac_superpop","ok",-0.00501409936039243,2.64739020611739,21.782
"a1f4688fbc_t95","3pl_g20","heavy_tail","irw",20,0.95,"SAC (superpopulation)","sac_superpop","ok",0.0167795031773256,9.43874718260799,22.245
"a299eff79d_t50","3pl_beta","normal","parametric",20,0.5,"SAC (superpopulation)","sac_superpop","ok",0.00106853919571825,0.56868177003124,12.0309999999999
"a299eff79d_t60","3pl_beta","normal","parametric",20,0.6,"SAC (superpopulation)","sac_superpop","ok",-0.00475342856685024,0.724056592579015,12.4279999999999
"a299eff79d_t70","3pl_beta","normal","parametric",20,0.7,"SAC (superpopulation)","sac_superpop","ok",-0.00305608095049825,0.957660072491415,12.3580000000002
"a299eff79d_t80","3pl_beta","normal","parametric",20,0.8,"SAC (superpopulation)","sac_superpop","ok",0.00758905958200928,1.45851405477851,12.4090000000001
"a299eff79d_t90","3pl_beta","normal","parametric",20,0.9,"SAC (superpopulation)","sac_superpop","ok",0.00927285930383226,3.14418617040803,12.3309999999999
"a299eff79d_t95","3pl_beta","normal","parametric",20,0.95,"SAC (superpopulation)","sac_superpop","ok",0.00050940793543397,5.7425629938752,12.3240000000001
"aa41d06cf1_t50","3pl_beta","bimodal","irw",40,0.5,"SAC (superpopulation)","sac_superpop","ok",0.00111279004716569,0.393359358410282,20.206
"aa41d06cf1_t60","3pl_beta","bimodal","irw",40,0.6,"SAC (superpopulation)","sac_superpop","ok",0.00307481596132286,0.494551761046522,19.981
"aa41d06cf1_t70","3pl_beta","bimodal","irw",40,0.7,"SAC (superpopulation)","sac_superpop","ok",0.0116593272985066,0.646565543889049,20.487
"aa41d06cf1_t80","3pl_beta","bimodal","irw",40,0.8,"SAC (superpopulation)","sac_superpop","ok",0.00400203905382102,0.926445301915963,20.388
"aa41d06cf1_t90","3pl_beta","bimodal","irw",40,0.9,"SAC (superpopulation)","sac_superpop","ok",0.0249231863724778,2.38869920611387,20.469
"aa41d06cf1_t95","3pl_beta","bimodal","irw",40,0.95,"SAC (superpopulation)","sac_superpop","ok",-0.00653515617846812,2.90436390153659,20.365
"ac596c5075_t50","rasch","skew_pos","parametric",10,0.5,"SAC (superpopulation)","sac_superpop","not_in_arm",NA,NA,0
"ac596c5075_t60","rasch","skew_pos","parametric",10,0.6,"SAC (superpopulation)","sac_superpop","not_in_arm",NA,NA,0
"ac596c5075_t70","rasch","skew_pos","parametric",10,0.7,"SAC (superpopulation)","sac_superpop","not_in_arm",NA,NA,0
"ac596c5075_t80","rasch","skew_pos","parametric",10,0.8,"SAC (superpopulation)","sac_superpop","not_in_arm",NA,NA,0
"ac596c5075_t90","rasch","skew_pos","parametric",10,0.9,"SAC (superpopulation)","sac_superpop","not_in_arm",NA,NA,0
"ac596c5075_t95","rasch","skew_pos","parametric",10,0.95,"SAC (superpopulation)","sac_superpop","not_in_arm",NA,NA,0
"ad266e1728_t50","3pl_beta","heavy_tail","irw",10,0.5,"SAC (superpopulation)","sac_superpop","not_in_arm",NA,NA,0
"ad266e1728_t60","3pl_beta","heavy_tail","irw",10,0.6,"SAC (superpopulation)","sac_superpop","not_in_arm",NA,NA,0
"ad266e1728_t70","3pl_beta","heavy_tail","irw",10,0.7,"SAC (superpopulation)","sac_superpop","not_in_arm",NA,NA,0
"ad266e1728_t80","3pl_beta","heavy_tail","irw",10,0.8,"SAC (superpopulation)","sac_superpop","not_in_arm",NA,NA,0
"ad266e1728_t90","3pl_beta","heavy_tail","irw",10,0.9,"SAC (superpopulation)","sac_superpop","not_in_arm",NA,NA,0
"ade7e80f30_t50","3pl_g20","skew_pos","parametric",40,0.5,"SAC (superpopulation)","sac_superpop","ok",-0.00521382879539162,0.374424067706794,17.942
"ade7e80f30_t60","3pl_g20","skew_pos","parametric",40,0.6,"SAC (superpopulation)","sac_superpop","ok",-0.000139935546538461,0.466481732404527,17.099
"ade7e80f30_t70","3pl_g20","skew_pos","parametric",40,0.7,"SAC (superpopulation)","sac_superpop","ok",-0.00711353702034201,0.596898097535382,17.7859999999999
"ade7e80f30_t80","3pl_g20","skew_pos","parametric",40,0.8,"SAC (superpopulation)","sac_superpop","ok",0.00308145464327658,0.84733312859858,17.916
"ade7e80f30_t90","3pl_g20","skew_pos","parametric",40,0.9,"SAC (superpopulation)","sac_superpop","ok",0.00573404216148965,1.57298392678473,17.977
"ade7e80f30_t95","3pl_g20","skew_pos","parametric",40,0.95,"SAC (superpopulation)","sac_superpop","ok",-0.00804986217930814,2.4683040261474,17.481
"b06cf9b257_t50","2pl","heavy_tail","parametric",40,0.5,"SAC (superpopulation)","sac_superpop","ok",5.15118541629667e-05,0.298451617078543,15.1479999999999
"b06cf9b257_t60","2pl","heavy_tail","parametric",40,0.6,"SAC (superpopulation)","sac_superpop","ok",-0.000128690911889717,0.367478697314569,14.9340000000001
"b06cf9b257_t70","2pl","heavy_tail","parametric",40,0.7,"SAC (superpopulation)","sac_superpop","ok",0.00250799198984042,0.470899355919864,15.066
"b06cf9b257_t80","2pl","heavy_tail","parametric",40,0.8,"SAC (superpopulation)","sac_superpop","ok",0.00123448007189597,0.645497141613173,14.956
"b06cf9b257_t90","2pl","heavy_tail","parametric",40,0.9,"SAC (superpopulation)","sac_superpop","ok",0.00143476711823132,1.07813498514278,15.213
"b06cf9b257_t95","2pl","heavy_tail","parametric",40,0.95,"SAC (superpopulation)","sac_superpop","ok",0.00311836062204707,1.91300847485389,15.26
"b5c17df61e_t50","3pl_beta","heavy_tail","irw",40,0.5,"SAC (superpopulation)","sac_superpop","ok",0.00249854793993398,0.395072042554305,20.291
"b5c17df61e_t60","3pl_beta","heavy_tail","irw",40,0.6,"SAC (superpopulation)","sac_superpop","ok",4.35343943171462e-05,0.495353643313345,20.453
"b5c17df61e_t70","3pl_beta","heavy_tail","irw",40,0.7,"SAC (superpopulation)","sac_superpop","ok",-0.00452310129624001,0.636781431418989,20.418
"b5c17df61e_t80","3pl_beta","heavy_tail","irw",40,0.8,"SAC (superpopulation)","sac_superpop","ok",0.000486397898551316,0.912955512702836,20.766
"b5c17df61e_t90","3pl_beta","heavy_tail","irw",40,0.9,"SAC (superpopulation)","sac_superpop","ok",-0.00602262188774905,1.53918717618964,20.476
"b5c17df61e_t95","3pl_beta","heavy_tail","irw",40,0.95,"SAC (superpopulation)","sac_superpop","ok",-0.0122987713793918,2.56239425407007,20.645
"b605c149c3_t50","2pl","bimodal","irw",10,0.5,"SAC (superpopulation)","sac_superpop","not_in_arm",NA,NA,0
"b605c149c3_t60","2pl","bimodal","irw",10,0.6,"SAC (superpopulation)","sac_superpop","not_in_arm",NA,NA,0
"b605c149c3_t70","2pl","bimodal","irw",10,0.7,"SAC (superpopulation)","sac_superpop","not_in_arm",NA,NA,0
"b605c149c3_t80","2pl","bimodal","irw",10,0.8,"SAC (superpopulation)","sac_superpop","not_in_arm",NA,NA,0
"b605c149c3_t90","2pl","bimodal","irw",10,0.9,"SAC (superpopulation)","sac_superpop","not_in_arm",NA,NA,0
"b69bee9770_t50","rasch","normal","irw",40,0.5,"SAC (superpopulation)","sac_superpop","ok",0.00176778431533231,0.32604169697216,17.04
"b69bee9770_t60","rasch","normal","irw",40,0.6,"SAC (superpopulation)","sac_superpop","ok",-0.00526131727015622,0.407997570370428,19.314
"b69bee9770_t70","rasch","normal","irw",40,0.7,"SAC (superpopulation)","sac_superpop","ok",0.0022462594966205,0.523455075128274,16.504
"b69bee9770_t80","rasch","normal","irw",40,0.8,"SAC (superpopulation)","sac_superpop","ok",-0.00239306092921643,0.724994505046164,16.488
"b69bee9770_t90","rasch","normal","irw",40,0.9,"SAC (superpopulation)","sac_superpop","ok",0.00393678466568881,1.26879431769458,24.5
"b69bee9770_t95","rasch","normal","irw",40,0.95,"SAC (superpopulation)","sac_superpop","ok",-0.000535967251963254,1.96660415076609,16.658
"b6cfbaf90a_t50","rasch","bimodal","parametric",40,0.5,"SAC (superpopulation)","sac_superpop","ok",-0.000720167787296777,0.323514776498393,14.4309999999998
"b6cfbaf90a_t60","rasch","bimodal","parametric",40,0.6,"SAC (superpopulation)","sac_superpop","ok",0.000477500305102629,0.400959772612674,14.258
"b6cfbaf90a_t70","rasch","bimodal","parametric",40,0.7,"SAC (superpopulation)","sac_superpop","ok",-0.000407450690250943,0.508238125392223,15.3670000000001
"b6cfbaf90a_t80","rasch","bimodal","parametric",40,0.8,"SAC (superpopulation)","sac_superpop","ok",-0.000731195822063713,0.693774260732928,14.9180000000001
"b6cfbaf90a_t90","rasch","bimodal","parametric",40,0.9,"SAC (superpopulation)","sac_superpop","ok",0.000129488582858661,1.16166770833617,14.7439999999999
"b6cfbaf90a_t95","rasch","bimodal","parametric",40,0.95,"SAC (superpopulation)","sac_superpop","ok",0.00103770473173936,2.04505579706313,14.8409999999999
"b6eb9aaebc_t50","rasch","bimodal","irw",40,0.5,"SAC (superpopulation)","sac_superpop","ok",-0.00459444257140978,0.327803898564288,18.408
"b6eb9aaebc_t60","rasch","bimodal","irw",40,0.6,"SAC (superpopulation)","sac_superpop","ok",0.00611876494109787,0.408555267815345,20.7819999999999
"b6eb9aaebc_t70","rasch","bimodal","irw",40,0.7,"SAC (superpopulation)","sac_superpop","ok",0.00891727810198772,0.519561874890641,19.461
"b6eb9aaebc_t80","rasch","bimodal","irw",40,0.8,"SAC (superpopulation)","sac_superpop","ok",-0.00212986013292382,0.716288749815005,21.8480000000001
"b6eb9aaebc_t90","rasch","bimodal","irw",40,0.9,"SAC (superpopulation)","sac_superpop","ok",0.000172142608573678,1.24597170747581,20.874
"b6eb9aaebc_t95","rasch","bimodal","irw",40,0.95,"SAC (superpopulation)","sac_superpop","ok",-0.00272259763274096,2.07854520742966,20.149
"b75c180cb0_t50","2pl","skew_pos","parametric",10,0.5,"SAC (superpopulation)","sac_superpop","not_in_arm",NA,NA,0
"b75c180cb0_t60","2pl","skew_pos","parametric",10,0.6,"SAC (superpopulation)","sac_superpop","not_in_arm",NA,NA,0
"b75c180cb0_t70","2pl","skew_pos","parametric",10,0.7,"SAC (superpopulation)","sac_superpop","not_in_arm",NA,NA,0
"b75c180cb0_t80","2pl","skew_pos","parametric",10,0.8,"SAC (superpopulation)","sac_superpop","not_in_arm",NA,NA,0
"b75c180cb0_t90","2pl","skew_pos","parametric",10,0.9,"SAC (superpopulation)","sac_superpop","not_in_arm",NA,NA,0
"b75c180cb0_t95","2pl","skew_pos","parametric",10,0.95,"SAC (superpopulation)","sac_superpop","not_in_arm",NA,NA,0
"b7cb5fd647_t50","rasch","normal","irw",20,0.5,"SAC (superpopulation)","sac_superpop","ok",0.00343097104540691,0.477953683210939,19.019
"b7cb5fd647_t60","rasch","normal","irw",20,0.6,"SAC (superpopulation)","sac_superpop","ok",0.00184921819345174,0.59476842879662,20.867
"b7cb5fd647_t70","rasch","normal","irw",20,0.7,"SAC (superpopulation)","sac_superpop","ok",-0.00908314080345829,0.790041613780136,18.3340000000001
"b7cb5fd647_t80","rasch","normal","irw",20,0.8,"SAC (superpopulation)","sac_superpop","ok",0.00826953076064041,1.12470117372747,19.5049999999999
"b7cb5fd647_t90","rasch","normal","irw",20,0.9,"SAC (superpopulation)","sac_superpop","ok",-0.0198029854237263,1.90742201838449,19.092
"b7cb5fd647_t95","rasch","normal","irw",20,0.95,"SAC (superpopulation)","sac_superpop","ok",-0.00450028758925058,3.39919844121735,13.346
"b80071f5e2_t50","2pl","heavy_tail","irw",60,0.5,"SAC (superpopulation)","sac_superpop","not_in_arm",NA,NA,0
"b80071f5e2_t60","2pl","heavy_tail","irw",60,0.6,"SAC (superpopulation)","sac_superpop","not_in_arm",NA,NA,0
"b80071f5e2_t70","2pl","heavy_tail","irw",60,0.7,"SAC (superpopulation)","sac_superpop","not_in_arm",NA,NA,0
"b80071f5e2_t80","2pl","heavy_tail","irw",60,0.8,"SAC (superpopulation)","sac_superpop","not_in_arm",NA,NA,0
"b80071f5e2_t90","2pl","heavy_tail","irw",60,0.9,"SAC (superpopulation)","sac_superpop","not_in_arm",NA,NA,0
"b80071f5e2_t95","2pl","heavy_tail","irw",60,0.95,"SAC (superpopulation)","sac_superpop","not_in_arm",NA,NA,0
"b8ba807a81_t50","rasch","heavy_tail","irw",60,0.5,"SAC (superpopulation)","sac_superpop","not_in_arm",NA,NA,0
"b8ba807a81_t60","rasch","heavy_tail","irw",60,0.6,"SAC (superpopulation)","sac_superpop","not_in_arm",NA,NA,0
"b8ba807a81_t70","rasch","heavy_tail","irw",60,0.7,"SAC (superpopulation)","sac_superpop","not_in_arm",NA,NA,0
"b8ba807a81_t80","rasch","heavy_tail","irw",60,0.8,"SAC (superpopulation)","sac_superpop","not_in_arm",NA,NA,0
"b8ba807a81_t90","rasch","heavy_tail","irw",60,0.9,"SAC (superpopulation)","sac_superpop","not_in_arm",NA,NA,0
"b8ba807a81_t95","rasch","heavy_tail","irw",60,0.95,"SAC (superpopulation)","sac_superpop","not_in_arm",NA,NA,0
"bb52ad0abc_t50","3pl_beta","normal","irw",10,0.5,"SAC (superpopulation)","sac_superpop","not_in_arm",NA,NA,0
"bb52ad0abc_t60","3pl_beta","normal","irw",10,0.6,"SAC (superpopulation)","sac_superpop","not_in_arm",NA,NA,0
"bb52ad0abc_t70","3pl_beta","normal","irw",10,0.7,"SAC (superpopulation)","sac_superpop","not_in_arm",NA,NA,0
"bb52ad0abc_t80","3pl_beta","normal","irw",10,0.8,"SAC (superpopulation)","sac_superpop","not_in_arm",NA,NA,0
"bb52ad0abc_t90","3pl_beta","normal","irw",10,0.9,"SAC (superpopulation)","sac_superpop","not_in_arm",NA,NA,0
"bb52ad0abc_t95","3pl_beta","normal","irw",10,0.95,"SAC (superpopulation)","sac_superpop","not_in_arm",NA,NA,0
"bd4a352d58_t50","2pl","skew_pos","parametric",60,0.5,"SAC (superpopulation)","sac_superpop","not_in_arm",NA,NA,0
"bd4a352d58_t60","2pl","skew_pos","parametric",60,0.6,"SAC (superpopulation)","sac_superpop","not_in_arm",NA,NA,0
"bd4a352d58_t70","2pl","skew_pos","parametric",60,0.7,"SAC (superpopulation)","sac_superpop","not_in_arm",NA,NA,0
"bd4a352d58_t80","2pl","skew_pos","parametric",60,0.8,"SAC (superpopulation)","sac_superpop","not_in_arm",NA,NA,0
"bd4a352d58_t90","2pl","skew_pos","parametric",60,0.9,"SAC (superpopulation)","sac_superpop","not_in_arm",NA,NA,0
"bd4a352d58_t95","2pl","skew_pos","parametric",60,0.95,"SAC (superpopulation)","sac_superpop","not_in_arm",NA,NA,0
"bec01bd864_t50","3pl_g20","bimodal","irw",40,0.5,"SAC (superpopulation)","sac_superpop","ok",0.0081019827339146,0.382621204376228,20.223
"bec01bd864_t60","3pl_g20","bimodal","irw",40,0.6,"SAC (superpopulation)","sac_superpop","ok",-0.0152825494655122,0.480081077362407,20.366
"bec01bd864_t70","3pl_g20","bimodal","irw",40,0.7,"SAC (superpopulation)","sac_superpop","ok",0.0015423503947779,0.633831166995588,20.407
"bec01bd864_t80","3pl_g20","bimodal","irw",40,0.8,"SAC (superpopulation)","sac_superpop","ok",-0.00561129764046331,0.908966045386612,20.412
"bec01bd864_t90","3pl_g20","bimodal","irw",40,0.9,"SAC (superpopulation)","sac_superpop","ok",-0.00836815338488484,1.58907906755556,20.615
"bec01bd864_t95","3pl_g20","bimodal","irw",40,0.95,"SAC (superpopulation)","sac_superpop","error",NA,NA,4.94799999999987
"bec5a244cc_t50","3pl_g20","bimodal","parametric",20,0.5,"SAC (superpopulation)","sac_superpop","ok",-0.00631133074387347,0.552125992829012,12.172
"bec5a244cc_t60","3pl_g20","bimodal","parametric",20,0.6,"SAC (superpopulation)","sac_superpop","ok",-0.0133441661281741,0.709275778957109,12.0060000000001
"bec5a244cc_t70","3pl_g20","bimodal","parametric",20,0.7,"SAC (superpopulation)","sac_superpop","ok",-0.00727180212848044,0.961958677160416,8.54700000000003
"bec5a244cc_t80","3pl_g20","bimodal","parametric",20,0.8,"SAC (superpopulation)","sac_superpop","ok",0.000665816688240728,1.39828234152293,12.3129999999999
"bec5a244cc_t90","3pl_g20","bimodal","parametric",20,0.9,"SAC (superpopulation)","sac_superpop","ok",-0.00441865016358778,2.65860922221419,12.4459999999999
"bec5a244cc_t95","3pl_g20","bimodal","parametric",20,0.95,"SAC (superpopulation)","sac_superpop","ok",-0.000574281377364594,5.62215716783642,12.402
"c9eb5b038f_t50","rasch","normal","parametric",60,0.5,"SAC (superpopulation)","sac_superpop","not_in_arm",NA,NA,0
"c9eb5b038f_t60","rasch","normal","parametric",60,0.6,"SAC (superpopulation)","sac_superpop","not_in_arm",NA,NA,0
"c9eb5b038f_t70","rasch","normal","parametric",60,0.7,"SAC (superpopulation)","sac_superpop","not_in_arm",NA,NA,0
"c9eb5b038f_t80","rasch","normal","parametric",60,0.8,"SAC (superpopulation)","sac_superpop","not_in_arm",NA,NA,0
"c9eb5b038f_t90","rasch","normal","parametric",60,0.9,"SAC (superpopulation)","sac_superpop","not_in_arm",NA,NA,0
"c9eb5b038f_t95","rasch","normal","parametric",60,0.95,"SAC (superpopulation)","sac_superpop","not_in_arm",NA,NA,0
"cae4d8ac21_t50","rasch","bimodal","parametric",60,0.5,"SAC (superpopulation)","sac_superpop","not_in_arm",NA,NA,0
"cae4d8ac21_t60","rasch","bimodal","parametric",60,0.6,"SAC (superpopulation)","sac_superpop","not_in_arm",NA,NA,0
"cae4d8ac21_t70","rasch","bimodal","parametric",60,0.7,"SAC (superpopulation)","sac_superpop","not_in_arm",NA,NA,0
"cae4d8ac21_t80","rasch","bimodal","parametric",60,0.8,"SAC (superpopulation)","sac_superpop","not_in_arm",NA,NA,0
"cae4d8ac21_t90","rasch","bimodal","parametric",60,0.9,"SAC (superpopulation)","sac_superpop","not_in_arm",NA,NA,0
"cae4d8ac21_t95","rasch","bimodal","parametric",60,0.95,"SAC (superpopulation)","sac_superpop","not_in_arm",NA,NA,0
"d2798548f9_t50","3pl_g20","heavy_tail","parametric",10,0.5,"SAC (superpopulation)","sac_superpop","not_in_arm",NA,NA,0
"d2798548f9_t60","3pl_g20","heavy_tail","parametric",10,0.6,"SAC (superpopulation)","sac_superpop","not_in_arm",NA,NA,0
"d2798548f9_t70","3pl_g20","heavy_tail","parametric",10,0.7,"SAC (superpopulation)","sac_superpop","not_in_arm",NA,NA,0
"d2798548f9_t80","3pl_g20","heavy_tail","parametric",10,0.8,"SAC (superpopulation)","sac_superpop","not_in_arm",NA,NA,0
"d2798548f9_t90","3pl_g20","heavy_tail","parametric",10,0.9,"SAC (superpopulation)","sac_superpop","not_in_arm",NA,NA,0
"d41c681147_t50","2pl","normal","parametric",10,0.5,"SAC (superpopulation)","sac_superpop","not_in_arm",NA,NA,0
"d41c681147_t60","2pl","normal","parametric",10,0.6,"SAC (superpopulation)","sac_superpop","not_in_arm",NA,NA,0
"d41c681147_t70","2pl","normal","parametric",10,0.7,"SAC (superpopulation)","sac_superpop","not_in_arm",NA,NA,0
"d41c681147_t80","2pl","normal","parametric",10,0.8,"SAC (superpopulation)","sac_superpop","not_in_arm",NA,NA,0
"d41c681147_t90","2pl","normal","parametric",10,0.9,"SAC (superpopulation)","sac_superpop","not_in_arm",NA,NA,0
"d41c681147_t95","2pl","normal","parametric",10,0.95,"SAC (superpopulation)","sac_superpop","not_in_arm",NA,NA,0
"d4e15da8e2_t50","2pl","normal","irw",60,0.5,"SAC (superpopulation)","sac_superpop","not_in_arm",NA,NA,0
"d4e15da8e2_t60","2pl","normal","irw",60,0.6,"SAC (superpopulation)","sac_superpop","not_in_arm",NA,NA,0
"d4e15da8e2_t70","2pl","normal","irw",60,0.7,"SAC (superpopulation)","sac_superpop","not_in_arm",NA,NA,0
"d4e15da8e2_t80","2pl","normal","irw",60,0.8,"SAC (superpopulation)","sac_superpop","not_in_arm",NA,NA,0
"d4e15da8e2_t90","2pl","normal","irw",60,0.9,"SAC (superpopulation)","sac_superpop","not_in_arm",NA,NA,0
"d4e15da8e2_t95","2pl","normal","irw",60,0.95,"SAC (superpopulation)","sac_superpop","not_in_arm",NA,NA,0
"d76fb115fe_t50","3pl_g20","skew_pos","irw",10,0.5,"SAC (superpopulation)","sac_superpop","not_in_arm",NA,NA,0
"d76fb115fe_t60","3pl_g20","skew_pos","irw",10,0.6,"SAC (superpopulation)","sac_superpop","not_in_arm",NA,NA,0
"d76fb115fe_t70","3pl_g20","skew_pos","irw",10,0.7,"SAC (superpopulation)","sac_superpop","not_in_arm",NA,NA,0
"d76fb115fe_t80","3pl_g20","skew_pos","irw",10,0.8,"SAC (superpopulation)","sac_superpop","not_in_arm",NA,NA,0
"d76fb115fe_t90","3pl_g20","skew_pos","irw",10,0.9,"SAC (superpopulation)","sac_superpop","not_in_arm",NA,NA,0
"d9861a350b_t50","3pl_beta","skew_pos","parametric",40,0.5,"SAC (superpopulation)","sac_superpop","ok",-0.00383919931656668,0.383914624841117,13.138
"d9861a350b_t60","3pl_beta","skew_pos","parametric",40,0.6,"SAC (superpopulation)","sac_superpop","ok",0.00388847003892201,0.476846453439657,13.938
"d9861a350b_t70","3pl_beta","skew_pos","parametric",40,0.7,"SAC (superpopulation)","sac_superpop","ok",-0.00359386576777732,0.621068751671174,13.549
"d9861a350b_t80","3pl_beta","skew_pos","parametric",40,0.8,"SAC (superpopulation)","sac_superpop","ok",0.000185582830238173,0.875146522451703,13.455
"d9861a350b_t90","3pl_beta","skew_pos","parametric",40,0.9,"SAC (superpopulation)","sac_superpop","ok",-0.00222979586763472,1.57424323191394,16.904
"d9861a350b_t95","3pl_beta","skew_pos","parametric",40,0.95,"SAC (superpopulation)","sac_superpop","ok",0.00407180688360098,3.06402186145846,13.579
"d9b7e34bfd_t50","3pl_beta","normal","parametric",60,0.5,"SAC (superpopulation)","sac_superpop","not_in_arm",NA,NA,0
"d9b7e34bfd_t60","3pl_beta","normal","parametric",60,0.6,"SAC (superpopulation)","sac_superpop","not_in_arm",NA,NA,0
"d9b7e34bfd_t70","3pl_beta","normal","parametric",60,0.7,"SAC (superpopulation)","sac_superpop","not_in_arm",NA,NA,0
"d9b7e34bfd_t80","3pl_beta","normal","parametric",60,0.8,"SAC (superpopulation)","sac_superpop","not_in_arm",NA,NA,0
"d9b7e34bfd_t90","3pl_beta","normal","parametric",60,0.9,"SAC (superpopulation)","sac_superpop","not_in_arm",NA,NA,0
"d9b7e34bfd_t95","3pl_beta","normal","parametric",60,0.95,"SAC (superpopulation)","sac_superpop","not_in_arm",NA,NA,0
"d9f9912361_t50","3pl_g20","normal","parametric",40,0.5,"SAC (superpopulation)","sac_superpop","ok",-0.00817917280698016,0.37460131390559,15.082
"d9f9912361_t60","3pl_g20","normal","parametric",40,0.6,"SAC (superpopulation)","sac_superpop","ok",0.00476729054025349,0.469732696973614,17.494
"d9f9912361_t70","3pl_g20","normal","parametric",40,0.7,"SAC (superpopulation)","sac_superpop","ok",0.000265499210171272,0.603737525820312,15.946
"d9f9912361_t80","3pl_g20","normal","parametric",40,0.8,"SAC (superpopulation)","sac_superpop","ok",0.0015527674236212,0.849355034456957,14.242
"d9f9912361_t90","3pl_g20","normal","parametric",40,0.9,"SAC (superpopulation)","sac_superpop","ok",-0.000692842208491751,1.50904783474773,15.398
"d9f9912361_t95","3pl_g20","normal","parametric",40,0.95,"SAC (superpopulation)","sac_superpop","ok",-0.0017820194099547,2.75190717020646,16.21
"dd9d6dae8d_t50","2pl","skew_pos","irw",10,0.5,"SAC (superpopulation)","sac_superpop","not_in_arm",NA,NA,0
"dd9d6dae8d_t60","2pl","skew_pos","irw",10,0.6,"SAC (superpopulation)","sac_superpop","not_in_arm",NA,NA,0
"dd9d6dae8d_t70","2pl","skew_pos","irw",10,0.7,"SAC (superpopulation)","sac_superpop","not_in_arm",NA,NA,0
"dd9d6dae8d_t80","2pl","skew_pos","irw",10,0.8,"SAC (superpopulation)","sac_superpop","not_in_arm",NA,NA,0
"dd9d6dae8d_t90","2pl","skew_pos","irw",10,0.9,"SAC (superpopulation)","sac_superpop","not_in_arm",NA,NA,0
"dd9d6dae8d_t95","2pl","skew_pos","irw",10,0.95,"SAC (superpopulation)","sac_superpop","not_in_arm",NA,NA,0
"dfce2b64f4_t50","3pl_g20","heavy_tail","irw",40,0.5,"SAC (superpopulation)","sac_superpop","ok",0.00248384235897836,0.37897067521519,20.087
"dfce2b64f4_t60","3pl_g20","heavy_tail","irw",40,0.6,"SAC (superpopulation)","sac_superpop","ok",0.00857916341379117,0.48411959641009,20.528
"dfce2b64f4_t70","3pl_g20","heavy_tail","irw",40,0.7,"SAC (superpopulation)","sac_superpop","ok",0.0083891697899181,0.626354001570431,20.364
"dfce2b64f4_t80","3pl_g20","heavy_tail","irw",40,0.8,"SAC (superpopulation)","sac_superpop","ok",-0.00227496127876792,0.894224892420335,20.483
"dfce2b64f4_t90","3pl_g20","heavy_tail","irw",40,0.9,"SAC (superpopulation)","sac_superpop","ok",0.0107914162630119,1.92870995602937,20.368
"dfce2b64f4_t95","3pl_g20","heavy_tail","irw",40,0.95,"SAC (superpopulation)","sac_superpop","ok",0.0292401065638428,6.21778012131776,20.636
"e0422750e1_t50","2pl","bimodal","parametric",60,0.5,"SAC (superpopulation)","sac_superpop","not_in_arm",NA,NA,0
"e0422750e1_t60","2pl","bimodal","parametric",60,0.6,"SAC (superpopulation)","sac_superpop","not_in_arm",NA,NA,0
"e0422750e1_t70","2pl","bimodal","parametric",60,0.7,"SAC (superpopulation)","sac_superpop","not_in_arm",NA,NA,0
"e0422750e1_t80","2pl","bimodal","parametric",60,0.8,"SAC (superpopulation)","sac_superpop","not_in_arm",NA,NA,0
"e0422750e1_t90","2pl","bimodal","parametric",60,0.9,"SAC (superpopulation)","sac_superpop","not_in_arm",NA,NA,0
"e0422750e1_t95","2pl","bimodal","parametric",60,0.95,"SAC (superpopulation)","sac_superpop","not_in_arm",NA,NA,0
"e1c3c9e4f3_t50","3pl_beta","skew_pos","irw",40,0.5,"SAC (superpopulation)","sac_superpop","ok",-0.00366226785821533,0.392968300390917,19.93
"e1c3c9e4f3_t60","3pl_beta","skew_pos","irw",40,0.6,"SAC (superpopulation)","sac_superpop","ok",-0.0122101930205277,0.491151704591292,20.478
"e1c3c9e4f3_t70","3pl_beta","skew_pos","irw",40,0.7,"SAC (superpopulation)","sac_superpop","ok",0.0056586870012908,0.6408502287715,29.473
"e1c3c9e4f3_t80","3pl_beta","skew_pos","irw",40,0.8,"SAC (superpopulation)","sac_superpop","ok",0.00107177130072722,0.925538305126396,30.591
"e1c3c9e4f3_t90","3pl_beta","skew_pos","irw",40,0.9,"SAC (superpopulation)","sac_superpop","ok",-0.0129016338597622,1.58232760268415,26.817
"e1c3c9e4f3_t95","3pl_beta","skew_pos","irw",40,0.95,"SAC (superpopulation)","sac_superpop","ok",-0.000760406275975956,3.10833546100745,23.863
"ec1be6f260_t50","3pl_g20","heavy_tail","parametric",60,0.5,"SAC (superpopulation)","sac_superpop","not_in_arm",NA,NA,0
"ec1be6f260_t60","3pl_g20","heavy_tail","parametric",60,0.6,"SAC (superpopulation)","sac_superpop","not_in_arm",NA,NA,0
"ec1be6f260_t70","3pl_g20","heavy_tail","parametric",60,0.7,"SAC (superpopulation)","sac_superpop","not_in_arm",NA,NA,0
"ec1be6f260_t80","3pl_g20","heavy_tail","parametric",60,0.8,"SAC (superpopulation)","sac_superpop","not_in_arm",NA,NA,0
"ec1be6f260_t90","3pl_g20","heavy_tail","parametric",60,0.9,"SAC (superpopulation)","sac_superpop","not_in_arm",NA,NA,0
"ec1be6f260_t95","3pl_g20","heavy_tail","parametric",60,0.95,"SAC (superpopulation)","sac_superpop","not_in_arm",NA,NA,0
"ec99a4118e_t50","rasch","skew_pos","parametric",40,0.5,"SAC (superpopulation)","sac_superpop","ok",7.78142938832049e-05,0.324897637638777,14.125
"ec99a4118e_t60","rasch","skew_pos","parametric",40,0.6,"SAC (superpopulation)","sac_superpop","ok",0.000178537522247835,0.402446360595364,14.6479999999999
"ec99a4118e_t70","rasch","skew_pos","parametric",40,0.7,"SAC (superpopulation)","sac_superpop","ok",-0.000102559660467683,0.509343559800677,10.2090000000001
"ec99a4118e_t80","rasch","skew_pos","parametric",40,0.8,"SAC (superpopulation)","sac_superpop","ok",0.000163354126297532,0.68015985151681,10.346
"ec99a4118e_t90","rasch","skew_pos","parametric",40,0.9,"SAC (superpopulation)","sac_superpop","ok",-0.000462642699521898,1.13982996623104,10.3980000000001
"ec99a4118e_t95","rasch","skew_pos","parametric",40,0.95,"SAC (superpopulation)","sac_superpop","ok",-0.000633667054374953,1.89946664014605,11.1689999999999
"f0bf345638_t50","3pl_beta","bimodal","irw",20,0.5,"SAC (superpopulation)","sac_superpop","ok",-0.012471596687019,0.588919279196053,22.7049999999999
"f0bf345638_t60","3pl_beta","bimodal","irw",20,0.6,"SAC (superpopulation)","sac_superpop","ok",-0.00863101043398107,0.756489410935067,22.1079999999999
"f0bf345638_t70","3pl_beta","bimodal","irw",20,0.7,"SAC (superpopulation)","sac_superpop","ok",0.00233056670381249,1.03814011369048,22.0970000000002
"f0bf345638_t80","3pl_beta","bimodal","irw",20,0.8,"SAC (superpopulation)","sac_superpop","ok",-0.00738231596457395,1.55142617094895,21.934
"f0bf345638_t90","3pl_beta","bimodal","irw",20,0.9,"SAC (superpopulation)","sac_superpop","error",NA,NA,2.89599999999996
"f0bf345638_t95","3pl_beta","bimodal","irw",20,0.95,"SAC (superpopulation)","sac_superpop","ok",0.000617179589772143,6.52850345006772,23.225
"f1ffd2e9cb_t50","rasch","heavy_tail","irw",40,0.5,"SAC (superpopulation)","sac_superpop","ok",-0.00243607527980438,0.326921090043232,25.077
"f1ffd2e9cb_t60","rasch","heavy_tail","irw",40,0.6,"SAC (superpopulation)","sac_superpop","ok",0.00417597716491691,0.411180611591273,25.6310000000001
"f1ffd2e9cb_t70","rasch","heavy_tail","irw",40,0.7,"SAC (superpopulation)","sac_superpop","ok",0.0040066694251506,0.519661218657338,25.958
"f1ffd2e9cb_t80","rasch","heavy_tail","irw",40,0.8,"SAC (superpopulation)","sac_superpop","ok",0.00687891182495359,0.709094323907141,24.7349999999999
"f1ffd2e9cb_t90","rasch","heavy_tail","irw",40,0.9,"SAC (superpopulation)","sac_superpop","ok",-0.00225109005864532,1.15894345739159,24.942
"f1ffd2e9cb_t95","rasch","heavy_tail","irw",40,0.95,"SAC (superpopulation)","sac_superpop","ok",0.00491504549104471,2.29018142013924,26.12
"fc718aeb3f_t50","2pl","skew_pos","irw",60,0.5,"SAC (superpopulation)","sac_superpop","not_in_arm",NA,NA,0
"fc718aeb3f_t60","2pl","skew_pos","irw",60,0.6,"SAC (superpopulation)","sac_superpop","not_in_arm",NA,NA,0
"fc718aeb3f_t70","2pl","skew_pos","irw",60,0.7,"SAC (superpopulation)","sac_superpop","not_in_arm",NA,NA,0
"fc718aeb3f_t80","2pl","skew_pos","irw",60,0.8,"SAC (superpopulation)","sac_superpop","not_in_arm",NA,NA,0
"fc718aeb3f_t90","2pl","skew_pos","irw",60,0.9,"SAC (superpopulation)","sac_superpop","not_in_arm",NA,NA,0
"fc718aeb3f_t95","2pl","skew_pos","irw",60,0.95,"SAC (superpopulation)","sac_superpop","not_in_arm",NA,NA,0
"fdb6cca665_t50","2pl","heavy_tail","parametric",10,0.5,"SAC (superpopulation)","sac_superpop","not_in_arm",NA,NA,0
"fdb6cca665_t60","2pl","heavy_tail","parametric",10,0.6,"SAC (superpopulation)","sac_superpop","not_in_arm",NA,NA,0
"fdb6cca665_t70","2pl","heavy_tail","parametric",10,0.7,"SAC (superpopulation)","sac_superpop","not_in_arm",NA,NA,0
"fdb6cca665_t80","2pl","heavy_tail","parametric",10,0.8,"SAC (superpopulation)","sac_superpop","not_in_arm",NA,NA,0
"fdb6cca665_t90","2pl","heavy_tail","parametric",10,0.9,"SAC (superpopulation)","sac_superpop","not_in_arm",NA,NA,0
"fdb6cca665_t95","2pl","heavy_tail","parametric",10,0.95,"SAC (superpopulation)","sac_superpop","not_in_arm",NA,NA,0
"fe0b351b23_t50","rasch","heavy_tail","parametric",40,0.5,"SAC (superpopulation)","sac_superpop","ok",0.000476017239047555,0.326004679068279,14.5339999999999
"fe0b351b23_t60","rasch","heavy_tail","parametric",40,0.6,"SAC (superpopulation)","sac_superpop","ok",-0.000168856307244281,0.401069568553694,14.48
"fe0b351b23_t70","rasch","heavy_tail","parametric",40,0.7,"SAC (superpopulation)","sac_superpop","ok",0.000402251038383317,0.515204121983801,14.5630000000001
"fe0b351b23_t80","rasch","heavy_tail","parametric",40,0.8,"SAC (superpopulation)","sac_superpop","ok",-0.000681687453161883,0.682784424776238,10.2160000000001
"fe0b351b23_t90","rasch","heavy_tail","parametric",40,0.9,"SAC (superpopulation)","sac_superpop","ok",-0.000148172192333429,1.12783365507363,10.6490000000001
"fe0b351b23_t95","rasch","heavy_tail","parametric",40,0.95,"SAC (superpopulation)","sac_superpop","ok",0.000607085782878714,1.96584579087539,14.876
"ff73e40c19_t50","3pl_beta","skew_pos","parametric",20,0.5,"SAC (superpopulation)","sac_superpop","ok",-0.0103088534405036,0.561745095564094,8.91000000000008
"ff73e40c19_t60","3pl_beta","skew_pos","parametric",20,0.6,"SAC (superpopulation)","sac_superpop","ok",-0.0107555414702428,0.722136347288636,8.94400000000019
"ff73e40c19_t70","3pl_beta","skew_pos","parametric",20,0.7,"SAC (superpopulation)","sac_superpop","ok",-0.0131035902281296,0.961339760292592,8.96100000000001
"ff73e40c19_t80","3pl_beta","skew_pos","parametric",20,0.8,"SAC (superpopulation)","sac_superpop","ok",0.0125086103231303,1.44206021146679,8.49300000000017
"ff73e40c19_t90","3pl_beta","skew_pos","parametric",20,0.9,"SAC (superpopulation)","sac_superpop","ok",-8.15215523610746e-05,2.8977066884706,12.366
"ff73e40c19_t95","3pl_beta","skew_pos","parametric",20,0.95,"SAC (superpopulation)","sac_superpop","ok",0.00040281972274625,5.55326459857395,8.82499999999982
