"cond_id","model","latent_shape","pool","n_items","target_rho","status","primary_reliability","primary_minus_target","attempted","schema_version","item_aggregation","primary_reliability_name","descriptive_reliability_name","expected_information","rho_at_expected_information","mean_random_form_reliability","jensen_gap","theta_var","estimating_equation","package_version","design_seed","calibration_seed","master_seed","preflight_stream_seed","evaluation_stream_seed","rng_kind","rng_normal_kind","rng_sample_kind","M_pre","M_per_iter","n_iter","preflight_n_forms","preflight_M","evaluation_n_forms","evaluation_M_per_form","n_form_information","n_finite_form_information","n_form_reliability","n_finite_form_reliability","error_class","message","elapsed_sec","eligible"
"02b3452297_t50","3pl_g20","bimodal","irw",10,0.5,"not_in_arm",NA,NA,FALSE,2,"functional_of_mean_information","rho_at_expected_information","mean_random_form_reliability",NA,NA,NA,NA,NA,NA,"0.3.1",596909,596910,596910,NA,NA,"Mersenne-Twister","Inversion","Rejection",20000,1000,1000,8,1000,20,1000,0,0,0,0,NA,NA,0,FALSE
"02b3452297_t60","3pl_g20","bimodal","irw",10,0.6,"not_in_arm",NA,NA,FALSE,2,"functional_of_mean_information","rho_at_expected_information","mean_random_form_reliability",NA,NA,NA,NA,NA,NA,"0.3.1",450083,450084,450084,NA,NA,"Mersenne-Twister","Inversion","Rejection",20000,1000,1000,8,1000,20,1000,0,0,0,0,NA,NA,0,FALSE
"02b3452297_t70","3pl_g20","bimodal","irw",10,0.7,"not_in_arm",NA,NA,FALSE,2,"functional_of_mean_information","rho_at_expected_information","mean_random_form_reliability",NA,NA,NA,NA,NA,NA,"0.3.1",439437,439438,439438,NA,NA,"Mersenne-Twister","Inversion","Rejection",20000,1000,1000,8,1000,20,1000,0,0,0,0,NA,NA,0,FALSE
"02b3452297_t80","3pl_g20","bimodal","irw",10,0.8,"not_in_arm",NA,NA,FALSE,2,"functional_of_mean_information","rho_at_expected_information","mean_random_form_reliability",NA,NA,NA,NA,NA,NA,"0.3.1",190097,190098,190098,NA,NA,"Mersenne-Twister","Inversion","Rejection",20000,1000,1000,8,1000,20,1000,0,0,0,0,NA,NA,0,FALSE
"02b3452297_t90","3pl_g20","bimodal","irw",10,0.9,"not_in_arm",NA,NA,FALSE,2,"functional_of_mean_information","rho_at_expected_information","mean_random_form_reliability",NA,NA,NA,NA,NA,NA,"0.3.1",413037,413038,413038,NA,NA,"Mersenne-Twister","Inversion","Rejection",20000,1000,1000,8,1000,20,1000,0,0,0,0,NA,NA,0,FALSE
"04610ec557_t50","3pl_beta","bimodal","parametric",60,0.5,"not_in_arm",NA,NA,FALSE,2,"functional_of_mean_information","rho_at_expected_information","mean_random_form_reliability",NA,NA,NA,NA,NA,NA,"0.3.1",192112,192113,192113,NA,NA,"Mersenne-Twister","Inversion","Rejection",20000,1000,1000,8,1000,20,1000,0,0,0,0,NA,NA,0,FALSE
"04610ec557_t60","3pl_beta","bimodal","parametric",60,0.6,"not_in_arm",NA,NA,FALSE,2,"functional_of_mean_information","rho_at_expected_information","mean_random_form_reliability",NA,NA,NA,NA,NA,NA,"0.3.1",178058,178059,178059,NA,NA,"Mersenne-Twister","Inversion","Rejection",20000,1000,1000,8,1000,20,1000,0,0,0,0,NA,NA,0,FALSE
"04610ec557_t70","3pl_beta","bimodal","parametric",60,0.7,"not_in_arm",NA,NA,FALSE,2,"functional_of_mean_information","rho_at_expected_information","mean_random_form_reliability",NA,NA,NA,NA,NA,NA,"0.3.1",102692,102693,102693,NA,NA,"Mersenne-Twister","Inversion","Rejection",20000,1000,1000,8,1000,20,1000,0,0,0,0,NA,NA,0,FALSE
"04610ec557_t80","3pl_beta","bimodal","parametric",60,0.8,"not_in_arm",NA,NA,FALSE,2,"functional_of_mean_information","rho_at_expected_information","mean_random_form_reliability",NA,NA,NA,NA,NA,NA,"0.3.1",606538,606539,606539,NA,NA,"Mersenne-Twister","Inversion","Rejection",20000,1000,1000,8,1000,20,1000,0,0,0,0,NA,NA,0,FALSE
"04610ec557_t90","3pl_beta","bimodal","parametric",60,0.9,"not_in_arm",NA,NA,FALSE,2,"functional_of_mean_information","rho_at_expected_information","mean_random_form_reliability",NA,NA,NA,NA,NA,NA,"0.3.1",667622,667623,667623,NA,NA,"Mersenne-Twister","Inversion","Rejection",20000,1000,1000,8,1000,20,1000,0,0,0,0,NA,NA,0,FALSE
"04610ec557_t95","3pl_beta","bimodal","parametric",60,0.95,"not_in_arm",NA,NA,FALSE,2,"functional_of_mean_information","rho_at_expected_information","mean_random_form_reliability",NA,NA,NA,NA,NA,NA,"0.3.1",413598,413599,413599,NA,NA,"Mersenne-Twister","Inversion","Rejection",20000,1000,1000,8,1000,20,1000,0,0,0,0,NA,NA,0,FALSE
"04740a439d_t50","3pl_g20","normal","irw",40,0.5,"ok",0.503717722251292,0.00371772225129152,TRUE,2,"functional_of_mean_information","rho_at_expected_information","mean_random_form_reliability",1.00521868245738,0.503717722251292,0.500720103603616,0.00299761864767534,1.00971291789183,"scaled_mean_information_residual","0.3.1",355049,355050,355050,1355054,2355057,"Mersenne-Twister","Inversion","Rejection",20000,1000,1000,8,1000,20,1000,20,20,20,20,NA,NA,19.936,TRUE
"04740a439d_t60","3pl_g20","normal","irw",40,0.6,"ok",0.611765570457514,0.0117655704575137,TRUE,2,"functional_of_mean_information","rho_at_expected_information","mean_random_form_reliability",1.58060669700449,0.611765570457514,0.609348541868053,0.00241702858946036,0.996935742967564,"scaled_mean_information_residual","0.3.1",308753,308754,308754,1308758,2308761,"Mersenne-Twister","Inversion","Rejection",20000,1000,1000,8,1000,20,1000,20,20,20,20,NA,NA,20.144,TRUE
"04740a439d_t70","3pl_g20","normal","irw",40,0.7,"ok",0.714122336348953,0.014122336348953,TRUE,2,"functional_of_mean_information","rho_at_expected_information","mean_random_form_reliability",2.48352706687072,0.714122336348953,0.712762921320067,0.00135941502888548,1.0058274771302,"scaled_mean_information_residual","0.3.1",601563,601564,601564,1601568,2601571,"Mersenne-Twister","Inversion","Rejection",20000,1000,1000,8,1000,20,1000,20,20,20,20,NA,NA,20.474,TRUE
"04740a439d_t80","3pl_g20","normal","irw",40,0.8,"ok",0.778065131313379,-0.0219348686866211,TRUE,2,"functional_of_mean_information","rho_at_expected_information","mean_random_form_reliability",3.52108497473839,0.778065131313379,0.77101594730921,0.00704918400416887,0.995666525621741,"scaled_mean_information_residual","0.3.1",471880,471881,471881,1471885,2471888,"Mersenne-Twister","Inversion","Rejection",20000,1000,1000,8,1000,20,1000,20,20,20,20,NA,NA,20.411,TRUE
"04740a439d_t90","3pl_g20","normal","irw",40,0.9,"ok",0.91416983859628,0.0141698385962802,TRUE,2,"functional_of_mean_information","rho_at_expected_information","mean_random_form_reliability",10.4807943254094,0.91416983859628,0.912059559575086,0.00211027902119465,1.01623175307206,"scaled_mean_information_residual","0.3.1",747917,747918,747918,1747922,2747925,"Mersenne-Twister","Inversion","Rejection",20000,1000,1000,8,1000,20,1000,20,20,20,20,NA,NA,20.405,TRUE
"04740a439d_t95","3pl_g20","normal","irw",40,0.95,"ok",0.952267223138262,0.002267223138262,TRUE,2,"functional_of_mean_information","rho_at_expected_information","mean_random_form_reliability",19.9296248712517,0.952267223138262,0.948861572524813,0.00340565061344922,1.00102059283,"scaled_mean_information_residual","0.3.1",545681,545682,545682,1545686,2545689,"Mersenne-Twister","Inversion","Rejection",20000,1000,1000,8,1000,20,1000,20,20,20,20,NA,NA,20.454,TRUE
"06d3001967_t50","2pl","bimodal","irw",60,0.5,"not_in_arm",NA,NA,FALSE,2,"functional_of_mean_information","rho_at_expected_information","mean_random_form_reliability",NA,NA,NA,NA,NA,NA,"0.3.1",215534,215535,215535,NA,NA,"Mersenne-Twister","Inversion","Rejection",20000,1000,1000,8,1000,20,1000,0,0,0,0,NA,NA,0,FALSE
"06d3001967_t60","2pl","bimodal","irw",60,0.6,"not_in_arm",NA,NA,FALSE,2,"functional_of_mean_information","rho_at_expected_information","mean_random_form_reliability",NA,NA,NA,NA,NA,NA,"0.3.1",635157,635158,635158,NA,NA,"Mersenne-Twister","Inversion","Rejection",20000,1000,1000,8,1000,20,1000,0,0,0,0,NA,NA,0,FALSE
"06d3001967_t70","2pl","bimodal","irw",60,0.7,"not_in_arm",NA,NA,FALSE,2,"functional_of_mean_information","rho_at_expected_information","mean_random_form_reliability",NA,NA,NA,NA,NA,NA,"0.3.1",734064,734065,734065,NA,NA,"Mersenne-Twister","Inversion","Rejection",20000,1000,1000,8,1000,20,1000,0,0,0,0,NA,NA,0,FALSE
"06d3001967_t80","2pl","bimodal","irw",60,0.8,"not_in_arm",NA,NA,FALSE,2,"functional_of_mean_information","rho_at_expected_information","mean_random_form_reliability",NA,NA,NA,NA,NA,NA,"0.3.1",718640,718641,718641,NA,NA,"Mersenne-Twister","Inversion","Rejection",20000,1000,1000,8,1000,20,1000,0,0,0,0,NA,NA,0,FALSE
"06d3001967_t90","2pl","bimodal","irw",60,0.9,"not_in_arm",NA,NA,FALSE,2,"functional_of_mean_information","rho_at_expected_information","mean_random_form_reliability",NA,NA,NA,NA,NA,NA,"0.3.1",555339,555340,555340,NA,NA,"Mersenne-Twister","Inversion","Rejection",20000,1000,1000,8,1000,20,1000,0,0,0,0,NA,NA,0,FALSE
"06d3001967_t95","2pl","bimodal","irw",60,0.95,"not_in_arm",NA,NA,FALSE,2,"functional_of_mean_information","rho_at_expected_information","mean_random_form_reliability",NA,NA,NA,NA,NA,NA,"0.3.1",142987,142988,142988,NA,NA,"Mersenne-Twister","Inversion","Rejection",20000,1000,1000,8,1000,20,1000,0,0,0,0,NA,NA,0,FALSE
"06daf6086f_t50","2pl","normal","irw",40,0.5,"ok",0.499605010473794,-0.000394989526205869,TRUE,2,"functional_of_mean_information","rho_at_expected_information","mean_random_form_reliability",1.01015256432147,0.499605010473794,0.49860717696438,0.000997833509413737,0.98838663020611,"scaled_mean_information_residual","0.3.1",231493,231494,231494,1231498,2231501,"Mersenne-Twister","Inversion","Rejection",20000,1000,1000,8,1000,20,1000,20,20,20,20,NA,NA,16.617,TRUE
"06daf6086f_t60","2pl","normal","irw",40,0.6,"ok",0.607526180761409,0.00752618076140865,TRUE,2,"functional_of_mean_information","rho_at_expected_information","mean_random_form_reliability",1.57932333601009,0.607526180761409,0.605774898840815,0.00175128192059382,0.980129033459908,"scaled_mean_information_residual","0.3.1",363446,363447,363447,1363451,2363454,"Mersenne-Twister","Inversion","Rejection",20000,1000,1000,8,1000,20,1000,20,20,20,20,NA,NA,16.847,TRUE
"06daf6086f_t70","2pl","normal","irw",40,0.7,"ok",0.707256090065912,0.00725609006591166,TRUE,2,"functional_of_mean_information","rho_at_expected_information","mean_random_form_reliability",2.41990120917362,0.707256090065912,0.703266435070921,0.00398965499499038,0.998369236213598,"scaled_mean_information_residual","0.3.1",452946,452947,452947,1452951,2452954,"Mersenne-Twister","Inversion","Rejection",20000,1000,1000,8,1000,20,1000,20,20,20,20,NA,NA,17.07,TRUE
"06daf6086f_t80","2pl","normal","irw",40,0.8,"ok",0.803078544301035,0.00307854430103527,TRUE,2,"functional_of_mean_information","rho_at_expected_information","mean_random_form_reliability",4.05067045663393,0.803078544301035,0.80037049340502,0.00270805089601533,1.00678809868242,"scaled_mean_information_residual","0.3.1",183645,183646,183646,1183650,2183653,"Mersenne-Twister","Inversion","Rejection",20000,1000,1000,8,1000,20,1000,20,20,20,20,NA,NA,21.036,TRUE
"06daf6086f_t90","2pl","normal","irw",40,0.9,"ok",0.905563433330478,0.0055634333304776,TRUE,2,"functional_of_mean_information","rho_at_expected_information","mean_random_form_reliability",9.6949319120036,0.905563433330478,0.899251863170032,0.00631157016044515,0.989085703530302,"scaled_mean_information_residual","0.3.1",371049,371050,371050,1371054,2371057,"Mersenne-Twister","Inversion","Rejection",20000,1000,1000,8,1000,20,1000,20,20,20,20,NA,NA,17.071,TRUE
"06daf6086f_t95","2pl","normal","irw",40,0.95,"ok",0.950076759434065,7.67594340651545e-05,TRUE,2,"functional_of_mean_information","rho_at_expected_information","mean_random_form_reliability",19.2350187696812,0.950076759434065,0.948525764816365,0.00155099461770014,0.989380421722421,"scaled_mean_information_residual","0.3.1",319654,319655,319655,1319659,2319662,"Mersenne-Twister","Inversion","Rejection",20000,1000,1000,8,1000,20,1000,20,20,20,20,NA,NA,17.604,TRUE
"0b1e3eca87_t50","2pl","skew_pos","irw",20,0.5,"ok",0.491355422327149,-0.00864457767285098,TRUE,2,"functional_of_mean_information","rho_at_expected_information","mean_random_form_reliability",0.961595471442588,0.491355422327149,0.486563820571378,0.00479160175577137,1.00459017068337,"scaled_mean_information_residual","0.3.1",728492,728493,728493,1728497,2728500,"Mersenne-Twister","Inversion","Rejection",20000,1000,1000,8,1000,20,1000,20,20,20,20,NA,NA,19.021,TRUE
"0b1e3eca87_t60","2pl","skew_pos","irw",20,0.6,"ok",0.586874829537926,-0.0131251704620743,TRUE,2,"functional_of_mean_information","rho_at_expected_information","mean_random_form_reliability",1.42920024685582,0.586874829537926,0.583159292518111,0.00371553701981453,0.993964205430774,"scaled_mean_information_residual","0.3.1",307347,307348,307348,1307352,2307355,"Mersenne-Twister","Inversion","Rejection",20000,1000,1000,8,1000,20,1000,20,20,20,20,NA,NA,19.3100000000001,TRUE
"0b1e3eca87_t70","2pl","skew_pos","irw",20,0.7,"ok",0.704518823913226,0.00451882391322556,TRUE,2,"functional_of_mean_information","rho_at_expected_information","mean_random_form_reliability",2.38707180968427,0.704518823913226,0.700373622717486,0.00414520119573936,0.998843156707458,"scaled_mean_information_residual","0.3.1",580166,580167,580167,1580171,2580174,"Mersenne-Twister","Inversion","Rejection",20000,1000,1000,8,1000,20,1000,20,20,20,20,NA,NA,19.5279999999999,TRUE
"0b1e3eca87_t80","2pl","skew_pos","irw",20,0.8,"error",NA,NA,TRUE,2,"functional_of_mean_information","rho_at_expected_information","mean_random_form_reliability",NA,NA,NA,NA,NA,"scaled_mean_information_residual","0.3.1",720562,720563,720563,NA,NA,"Mersenne-Twister","Inversion","Rejection",20000,1000,1000,8,1000,20,1000,0,0,0,0,"simpleError|error|condition","Generated `beta` values must be a finite numeric vector of length n_items.",18.8800000000001,TRUE
"0b1e3eca87_t90","2pl","skew_pos","irw",20,0.9,"ok",0.900096592372124,9.65923721242268e-05,TRUE,2,"functional_of_mean_information","rho_at_expected_information","mean_random_form_reliability",8.94785020558627,0.900096592372124,0.895029051726551,0.00506754064557324,1.00690874001163,"scaled_mean_information_residual","0.3.1",166490,166491,166491,1166495,2166498,"Mersenne-Twister","Inversion","Rejection",20000,1000,1000,8,1000,20,1000,20,20,20,20,NA,NA,13.5139999999999,TRUE
"0b1e3eca87_t95","2pl","skew_pos","irw",20,0.95,"ok",0.947045860759747,-0.00295413924025323,TRUE,2,"functional_of_mean_information","rho_at_expected_information","mean_random_form_reliability",17.6710241947547,0.947045860759747,0.936135812380859,0.0109100483788881,1.01206725969909,"scaled_mean_information_residual","0.3.1",216182,216183,216183,1216187,2216190,"Mersenne-Twister","Inversion","Rejection",20000,1000,1000,8,1000,20,1000,20,20,20,20,NA,NA,18.909,TRUE
"0b89051a31_t50","2pl","heavy_tail","parametric",20,0.5,"ok",0.504191886337803,0.00419188633780332,TRUE,2,"functional_of_mean_information","rho_at_expected_information","mean_random_form_reliability",1.03451732464439,0.504191886337803,0.500737656980826,0.00345422935697781,0.982979487080922,"scaled_mean_information_residual","0.3.1",242562,242563,242563,1242567,2242570,"Mersenne-Twister","Inversion","Rejection",20000,1000,1000,8,1000,20,1000,20,20,20,20,NA,NA,6.49100000000021,TRUE
"0b89051a31_t60","2pl","heavy_tail","parametric",20,0.6,"ok",0.589131803883339,-0.010868196116661,TRUE,2,"functional_of_mean_information","rho_at_expected_information","mean_random_form_reliability",1.42530965672094,0.589131803883339,0.586653968695241,0.00247783518809785,1.0060063350104,"scaled_mean_information_residual","0.3.1",216102,216103,216103,1216107,2216110,"Mersenne-Twister","Inversion","Rejection",20000,1000,1000,8,1000,20,1000,20,20,20,20,NA,NA,7.12200000000007,TRUE
"0b89051a31_t70","2pl","heavy_tail","parametric",20,0.7,"ok",0.699695120582082,-0.000304879417918125,TRUE,2,"functional_of_mean_information","rho_at_expected_information","mean_random_form_reliability",2.39194801998926,0.699695120582082,0.697523366163828,0.00217175441825401,0.974080207398225,"scaled_mean_information_residual","0.3.1",83595,83596,83596,1083600,2083603,"Mersenne-Twister","Inversion","Rejection",20000,1000,1000,8,1000,20,1000,20,20,20,20,NA,NA,8.63199999999983,TRUE
"0b89051a31_t80","2pl","heavy_tail","parametric",20,0.8,"ok",0.800844240202673,0.00084424020267293,TRUE,2,"functional_of_mean_information","rho_at_expected_information","mean_random_form_reliability",3.97767518302975,0.800844240202673,0.799436059429761,0.00140818077291172,1.0109411378247,"scaled_mean_information_residual","0.3.1",157897,157898,157898,1157902,2157905,"Mersenne-Twister","Inversion","Rejection",20000,1000,1000,8,1000,20,1000,20,20,20,20,NA,NA,9.0440000000001,TRUE
"0b89051a31_t90","2pl","heavy_tail","parametric",20,0.9,"ok",0.904107823048018,0.00410782304801816,TRUE,2,"functional_of_mean_information","rho_at_expected_information","mean_random_form_reliability",9.06010819717906,0.904107823048018,0.903670315621352,0.000437507426666595,1.04064754704439,"scaled_mean_information_residual","0.3.1",151503,151504,151504,1151508,2151511,"Mersenne-Twister","Inversion","Rejection",20000,1000,1000,8,1000,20,1000,20,20,20,20,NA,NA,8.21100000000001,TRUE
"0b89051a31_t95","2pl","heavy_tail","parametric",20,0.95,"ok",0.948358265810434,-0.00164173418956626,TRUE,2,"functional_of_mean_information","rho_at_expected_information","mean_random_form_reliability",18.7133607130409,0.948358265810434,0.947837187697458,0.000521078112975415,0.981340735658366,"scaled_mean_information_residual","0.3.1",600132,600133,600133,1600137,2600140,"Mersenne-Twister","Inversion","Rejection",20000,1000,1000,8,1000,20,1000,20,20,20,20,NA,NA,9.4860000000001,TRUE
"0c107a9212_t50","rasch","normal","irw",10,0.5,"not_in_arm",NA,NA,FALSE,2,"functional_of_mean_information","rho_at_expected_information","mean_random_form_reliability",NA,NA,NA,NA,NA,NA,"0.3.1",33638,33639,33639,NA,NA,"Mersenne-Twister","Inversion","Rejection",20000,1000,1000,8,1000,20,1000,0,0,0,0,NA,NA,0,FALSE
"0c107a9212_t60","rasch","normal","irw",10,0.6,"not_in_arm",NA,NA,FALSE,2,"functional_of_mean_information","rho_at_expected_information","mean_random_form_reliability",NA,NA,NA,NA,NA,NA,"0.3.1",798884,798885,798885,NA,NA,"Mersenne-Twister","Inversion","Rejection",20000,1000,1000,8,1000,20,1000,0,0,0,0,NA,NA,0,FALSE
"0c107a9212_t70","rasch","normal","irw",10,0.7,"not_in_arm",NA,NA,FALSE,2,"functional_of_mean_information","rho_at_expected_information","mean_random_form_reliability",NA,NA,NA,NA,NA,NA,"0.3.1",68898,68899,68899,NA,NA,"Mersenne-Twister","Inversion","Rejection",20000,1000,1000,8,1000,20,1000,0,0,0,0,NA,NA,0,FALSE
"0c107a9212_t80","rasch","normal","irw",10,0.8,"not_in_arm",NA,NA,FALSE,2,"functional_of_mean_information","rho_at_expected_information","mean_random_form_reliability",NA,NA,NA,NA,NA,NA,"0.3.1",613263,613264,613264,NA,NA,"Mersenne-Twister","Inversion","Rejection",20000,1000,1000,8,1000,20,1000,0,0,0,0,NA,NA,0,FALSE
"0c107a9212_t90","rasch","normal","irw",10,0.9,"not_in_arm",NA,NA,FALSE,2,"functional_of_mean_information","rho_at_expected_information","mean_random_form_reliability",NA,NA,NA,NA,NA,NA,"0.3.1",749647,749648,749648,NA,NA,"Mersenne-Twister","Inversion","Rejection",20000,1000,1000,8,1000,20,1000,0,0,0,0,NA,NA,0,FALSE
"0c107a9212_t95","rasch","normal","irw",10,0.95,"not_in_arm",NA,NA,FALSE,2,"functional_of_mean_information","rho_at_expected_information","mean_random_form_reliability",NA,NA,NA,NA,NA,NA,"0.3.1",181314,181315,181315,NA,NA,"Mersenne-Twister","Inversion","Rejection",20000,1000,1000,8,1000,20,1000,0,0,0,0,NA,NA,0,FALSE
"0cb9abf03b_t50","3pl_g20","bimodal","irw",20,0.5,"ok",0.506884924752594,0.00688492475259361,TRUE,2,"functional_of_mean_information","rho_at_expected_information","mean_random_form_reliability",1.01349523546888,0.506884924752594,0.50234430933738,0.00454061541521378,1.01423684613627,"scaled_mean_information_residual","0.3.1",498256,498257,498257,1498261,2498264,"Mersenne-Twister","Inversion","Rejection",20000,1000,1000,8,1000,20,1000,20,20,20,20,NA,NA,19.838,TRUE
"0cb9abf03b_t60","3pl_g20","bimodal","irw",20,0.6,"ok",0.621388267163758,0.0213882671637581,TRUE,2,"functional_of_mean_information","rho_at_expected_information","mean_random_form_reliability",1.64697954752648,0.621388267163758,0.617959309861344,0.00342895730241422,0.996507965415333,"scaled_mean_information_residual","0.3.1",169899,169900,169900,1169904,2169907,"Mersenne-Twister","Inversion","Rejection",20000,1000,1000,8,1000,20,1000,20,20,20,20,NA,NA,18.3950000000001,TRUE
"0cb9abf03b_t70","3pl_g20","bimodal","irw",20,0.7,"ok",0.694921708354768,-0.00507829164523244,TRUE,2,"functional_of_mean_information","rho_at_expected_information","mean_random_form_reliability",2.3048171006406,0.694921708354768,0.689964213793495,0.00495749456127237,0.988298429638653,"scaled_mean_information_residual","0.3.1",793688,793689,793689,1793693,2793696,"Mersenne-Twister","Inversion","Rejection",20000,1000,1000,8,1000,20,1000,20,20,20,20,NA,NA,19.741,TRUE
"0cb9abf03b_t80","3pl_g20","bimodal","irw",20,0.8,"ok",0.783624201048546,-0.0163757989514542,TRUE,2,"functional_of_mean_information","rho_at_expected_information","mean_random_form_reliability",3.61171556350713,0.783624201048546,0.759448943631092,0.0241752574174539,1.00273370908438,"scaled_mean_information_residual","0.3.1",184649,184650,184650,1184654,2184657,"Mersenne-Twister","Inversion","Rejection",20000,1000,1000,8,1000,20,1000,20,20,20,20,NA,NA,18.9730000000001,TRUE
"0cb9abf03b_t90","3pl_g20","bimodal","irw",20,0.9,"ok",0.895306738503179,-0.00469326149682125,TRUE,2,"functional_of_mean_information","rho_at_expected_information","mean_random_form_reliability",8.5577972746064,0.895306738503179,0.891615646542969,0.00369109196021022,0.999289051981334,"scaled_mean_information_residual","0.3.1",389279,389280,389280,1389284,2389287,"Mersenne-Twister","Inversion","Rejection",20000,1000,1000,8,1000,20,1000,20,20,20,20,NA,NA,15.721,TRUE
"0cb9abf03b_t95","3pl_g20","bimodal","irw",20,0.95,"ok",0.944116710822314,-0.00588328917768599,TRUE,2,"functional_of_mean_information","rho_at_expected_information","mean_random_form_reliability",16.988427671574,0.944116710822314,0.940178938118065,0.00393777270424867,0.99446737335424,"scaled_mean_information_residual","0.3.1",642890,642891,642891,1642895,2642898,"Mersenne-Twister","Inversion","Rejection",20000,1000,1000,8,1000,20,1000,20,20,20,20,NA,NA,18.968,TRUE
"14bd911f19_t50","3pl_g20","normal","parametric",60,0.5,"not_in_arm",NA,NA,FALSE,2,"functional_of_mean_information","rho_at_expected_information","mean_random_form_reliability",NA,NA,NA,NA,NA,NA,"0.3.1",543933,543934,543934,NA,NA,"Mersenne-Twister","Inversion","Rejection",20000,1000,1000,8,1000,20,1000,0,0,0,0,NA,NA,0,FALSE
"14bd911f19_t60","3pl_g20","normal","parametric",60,0.6,"not_in_arm",NA,NA,FALSE,2,"functional_of_mean_information","rho_at_expected_information","mean_random_form_reliability",NA,NA,NA,NA,NA,NA,"0.3.1",536793,536794,536794,NA,NA,"Mersenne-Twister","Inversion","Rejection",20000,1000,1000,8,1000,20,1000,0,0,0,0,NA,NA,0,FALSE
"14bd911f19_t70","3pl_g20","normal","parametric",60,0.7,"not_in_arm",NA,NA,FALSE,2,"functional_of_mean_information","rho_at_expected_information","mean_random_form_reliability",NA,NA,NA,NA,NA,NA,"0.3.1",498524,498525,498525,NA,NA,"Mersenne-Twister","Inversion","Rejection",20000,1000,1000,8,1000,20,1000,0,0,0,0,NA,NA,0,FALSE
"14bd911f19_t80","3pl_g20","normal","parametric",60,0.8,"not_in_arm",NA,NA,FALSE,2,"functional_of_mean_information","rho_at_expected_information","mean_random_form_reliability",NA,NA,NA,NA,NA,NA,"0.3.1",810756,810757,810757,NA,NA,"Mersenne-Twister","Inversion","Rejection",20000,1000,1000,8,1000,20,1000,0,0,0,0,NA,NA,0,FALSE
"14bd911f19_t90","3pl_g20","normal","parametric",60,0.9,"not_in_arm",NA,NA,FALSE,2,"functional_of_mean_information","rho_at_expected_information","mean_random_form_reliability",NA,NA,NA,NA,NA,NA,"0.3.1",363171,363172,363172,NA,NA,"Mersenne-Twister","Inversion","Rejection",20000,1000,1000,8,1000,20,1000,0,0,0,0,NA,NA,0,FALSE
"14bd911f19_t95","3pl_g20","normal","parametric",60,0.95,"not_in_arm",NA,NA,FALSE,2,"functional_of_mean_information","rho_at_expected_information","mean_random_form_reliability",NA,NA,NA,NA,NA,NA,"0.3.1",38377,38378,38378,NA,NA,"Mersenne-Twister","Inversion","Rejection",20000,1000,1000,8,1000,20,1000,0,0,0,0,NA,NA,0,FALSE
"1626b4659e_t50","3pl_beta","heavy_tail","parametric",20,0.5,"ok",0.504943334355691,0.00494333435569061,TRUE,2,"functional_of_mean_information","rho_at_expected_information","mean_random_form_reliability",1.02903690208689,0.504943334355691,0.503394919286523,0.00154841506916714,0.991189703555901,"scaled_mean_information_residual","0.3.1",742007,742008,742008,1742012,2742015,"Mersenne-Twister","Inversion","Rejection",20000,1000,1000,8,1000,20,1000,20,20,20,20,NA,NA,12.47,TRUE
"1626b4659e_t60","3pl_beta","heavy_tail","parametric",20,0.6,"ok",0.598784869697866,-0.00121513030213427,TRUE,2,"functional_of_mean_information","rho_at_expected_information","mean_random_form_reliability",1.5217436473072,0.598784869697866,0.597278799792244,0.0015060699056213,0.980735775925583,"scaled_mean_information_residual","0.3.1",27240,27241,27241,1027245,2027248,"Mersenne-Twister","Inversion","Rejection",20000,1000,1000,8,1000,20,1000,20,20,20,20,NA,NA,12.3280000000002,TRUE
"1626b4659e_t70","3pl_beta","heavy_tail","parametric",20,0.7,"ok",0.691321780977249,-0.0086782190227509,TRUE,2,"functional_of_mean_information","rho_at_expected_information","mean_random_form_reliability",2.21526190230837,0.691321780977249,0.689717196217571,0.00160458475967784,1.01099539080524,"scaled_mean_information_residual","0.3.1",534996,534997,534997,1535001,2535004,"Mersenne-Twister","Inversion","Rejection",20000,1000,1000,8,1000,20,1000,20,20,20,20,NA,NA,12.2919999999999,TRUE
"1626b4659e_t80","3pl_beta","heavy_tail","parametric",20,0.8,"ok",0.804693530597595,0.00469353059759481,TRUE,2,"functional_of_mean_information","rho_at_expected_information","mean_random_form_reliability",4.00303275949283,0.804693530597595,0.802172432647475,0.00252109795012034,1.02925914948071,"scaled_mean_information_residual","0.3.1",206658,206659,206659,1206663,2206666,"Mersenne-Twister","Inversion","Rejection",20000,1000,1000,8,1000,20,1000,20,20,20,20,NA,NA,12.3419999999999,TRUE
"1626b4659e_t90","3pl_beta","heavy_tail","parametric",20,0.9,"ok",0.912327828124875,0.0123278281248753,TRUE,2,"functional_of_mean_information","rho_at_expected_information","mean_random_form_reliability",10.1634750692209,0.912327828124875,0.910128940508856,0.00219888761601916,1.02387498019696,"scaled_mean_information_residual","0.3.1",797290,797291,797291,1797295,2797298,"Mersenne-Twister","Inversion","Rejection",20000,1000,1000,8,1000,20,1000,20,20,20,20,NA,NA,12.3130000000001,TRUE
"1626b4659e_t95","3pl_beta","heavy_tail","parametric",20,0.95,"ok",0.947106010728905,-0.00289398927109452,TRUE,2,"functional_of_mean_information","rho_at_expected_information","mean_random_form_reliability",17.7714502242352,0.947106010728905,0.945871141837605,0.00123486889129998,1.00755648015061,"scaled_mean_information_residual","0.3.1",578143,578144,578144,1578148,2578151,"Mersenne-Twister","Inversion","Rejection",20000,1000,1000,8,1000,20,1000,20,20,20,20,NA,NA,12.404,TRUE
"172403d058_t50","2pl","bimodal","parametric",20,0.5,"ok",0.493020426446405,-0.00697957355359469,TRUE,2,"functional_of_mean_information","rho_at_expected_information","mean_random_form_reliability",0.977100428870027,0.493020426446405,0.491998201725645,0.00102222472076013,0.995257014964945,"scaled_mean_information_residual","0.3.1",152839,152840,152840,1152844,2152847,"Mersenne-Twister","Inversion","Rejection",20000,1000,1000,8,1000,20,1000,20,20,20,20,NA,NA,9.4960000000001,TRUE
"172403d058_t60","2pl","bimodal","parametric",20,0.6,"ok",0.60491457280727,0.0049145728072697,TRUE,2,"functional_of_mean_information","rho_at_expected_information","mean_random_form_reliability",1.54098564141818,0.60491457280727,0.603903367769362,0.00101120503790764,0.993583667744741,"scaled_mean_information_residual","0.3.1",458105,458106,458106,1458110,2458113,"Mersenne-Twister","Inversion","Rejection",20000,1000,1000,8,1000,20,1000,20,20,20,20,NA,NA,7.35500000000002,TRUE
"172403d058_t70","2pl","bimodal","parametric",20,0.7,"ok",0.702156219333784,0.00215621933378374,TRUE,2,"functional_of_mean_information","rho_at_expected_information","mean_random_form_reliability",2.31594379668445,0.702156219333784,0.700456770208641,0.00169944912514253,1.01792831567284,"scaled_mean_information_residual","0.3.1",133922,133923,133923,1133927,2133930,"Mersenne-Twister","Inversion","Rejection",20000,1000,1000,8,1000,20,1000,20,20,20,20,NA,NA,9.48300000000017,TRUE
"172403d058_t80","2pl","bimodal","parametric",20,0.8,"ok",0.793588111398866,-0.00641188860113384,TRUE,2,"functional_of_mean_information","rho_at_expected_information","mean_random_form_reliability",3.81892448757638,0.793588111398866,0.7914630315437,0.00212507985516663,1.00674475236045,"scaled_mean_information_residual","0.3.1",487044,487045,487045,1487049,2487052,"Mersenne-Twister","Inversion","Rejection",20000,1000,1000,8,1000,20,1000,20,20,20,20,NA,NA,6.53899999999999,TRUE
"172403d058_t90","2pl","bimodal","parametric",20,0.9,"ok",0.90375231601851,0.00375231601851,TRUE,2,"functional_of_mean_information","rho_at_expected_information","mean_random_form_reliability",9.4156932114513,0.90375231601851,0.90329723146497,0.000455084553540042,0.997256408536943,"scaled_mean_information_residual","0.3.1",718298,718299,718299,1718303,2718306,"Mersenne-Twister","Inversion","Rejection",20000,1000,1000,8,1000,20,1000,20,20,20,20,NA,NA,9.11599999999999,TRUE
"172403d058_t95","2pl","bimodal","parametric",20,0.95,"ok",0.954493498182399,0.00449349818239864,TRUE,2,"functional_of_mean_information","rho_at_expected_information","mean_random_form_reliability",21.1594562249307,0.954493498182399,0.953766645979809,0.000726852202589834,0.99127697840547,"scaled_mean_information_residual","0.3.1",385221,385222,385222,1385226,2385229,"Mersenne-Twister","Inversion","Rejection",20000,1000,1000,8,1000,20,1000,20,20,20,20,NA,NA,7.13100000000009,TRUE
"1943c867d2_t50","3pl_beta","normal","irw",40,0.5,"ok",0.51307082375738,0.0130708237573802,TRUE,2,"functional_of_mean_information","rho_at_expected_information","mean_random_form_reliability",1.05225882967376,0.51307082375738,0.511611805196145,0.0014590185612352,1.00135700984184,"scaled_mean_information_residual","0.3.1",431083,431084,431084,1431088,2431091,"Mersenne-Twister","Inversion","Rejection",20000,1000,1000,8,1000,20,1000,20,20,20,20,NA,NA,20.222,TRUE
"1943c867d2_t60","3pl_beta","normal","irw",40,0.6,"ok",0.59988610142143,-0.000113898578569471,TRUE,2,"functional_of_mean_information","rho_at_expected_information","mean_random_form_reliability",1.49716423357004,0.59988610142143,0.597760570005153,0.00212553141627736,1.0014187508023,"scaled_mean_information_residual","0.3.1",133946,133947,133947,1133951,2133954,"Mersenne-Twister","Inversion","Rejection",20000,1000,1000,8,1000,20,1000,20,20,20,20,NA,NA,20.351,TRUE
"1943c867d2_t70","3pl_beta","normal","irw",40,0.7,"ok",0.700330312804625,0.000330312804624922,TRUE,2,"functional_of_mean_information","rho_at_expected_information","mean_random_form_reliability",2.31174092167715,0.700330312804625,0.698110825602827,0.00221948720179765,1.01092968469362,"scaled_mean_information_residual","0.3.1",549161,549162,549162,1549166,2549169,"Mersenne-Twister","Inversion","Rejection",20000,1000,1000,8,1000,20,1000,20,20,20,20,NA,NA,20.392,TRUE
"1943c867d2_t80","3pl_beta","normal","irw",40,0.8,"ok",0.795791906692646,-0.00420809330735428,TRUE,2,"functional_of_mean_information","rho_at_expected_information","mean_random_form_reliability",3.91761979718914,0.795791906692646,0.786308867860051,0.00948303883259438,0.994727860727852,"scaled_mean_information_residual","0.3.1",679126,679127,679127,1679131,2679134,"Mersenne-Twister","Inversion","Rejection",20000,1000,1000,8,1000,20,1000,20,20,20,20,NA,NA,20.54,TRUE
"1943c867d2_t90","3pl_beta","normal","irw",40,0.9,"ok",0.892998717634336,-0.007001282365664,TRUE,2,"functional_of_mean_information","rho_at_expected_information","mean_random_form_reliability",8.4389687579719,0.892998717634336,0.886903528471906,0.00609518916242968,0.988945761790913,"scaled_mean_information_residual","0.3.1",696294,696295,696295,1696299,2696302,"Mersenne-Twister","Inversion","Rejection",20000,1000,1000,8,1000,20,1000,20,20,20,20,NA,NA,20.574,TRUE
"1b91cd0420_t50","3pl_g20","normal","parametric",20,0.5,"ok",0.495462656724566,-0.00453734327543426,TRUE,2,"functional_of_mean_information","rho_at_expected_information","mean_random_form_reliability",0.982878709333206,0.495462656724566,0.494525039971342,0.000937616753223347,0.999120070754001,"scaled_mean_information_residual","0.3.1",259643,259644,259644,1259648,2259651,"Mersenne-Twister","Inversion","Rejection",20000,1000,1000,8,1000,20,1000,20,20,20,20,NA,NA,12.1190000000001,TRUE
"1b91cd0420_t60","3pl_g20","normal","parametric",20,0.6,"ok",0.59658860863156,-0.00341139136844004,TRUE,2,"functional_of_mean_information","rho_at_expected_information","mean_random_form_reliability",1.49727417253742,0.59658860863156,0.59481802176908,0.00177058686247999,0.987700937310345,"scaled_mean_information_residual","0.3.1",332094,332095,332095,1332099,2332102,"Mersenne-Twister","Inversion","Rejection",20000,1000,1000,8,1000,20,1000,20,20,20,20,NA,NA,12.3729999999998,TRUE
"1b91cd0420_t70","3pl_g20","normal","parametric",20,0.7,"ok",0.703591137675835,0.00359113767583508,TRUE,2,"functional_of_mean_information","rho_at_expected_information","mean_random_form_reliability",2.37324373016315,0.703591137675835,0.702099804116696,0.00149133355913889,1.00019996233623,"scaled_mean_information_residual","0.3.1",793308,793309,793309,1793313,2793316,"Mersenne-Twister","Inversion","Rejection",20000,1000,1000,8,1000,20,1000,20,20,20,20,NA,NA,12.6310000000001,TRUE
"1b91cd0420_t80","3pl_g20","normal","parametric",20,0.8,"ok",0.802132490747593,0.00213249074759247,TRUE,2,"functional_of_mean_information","rho_at_expected_information","mean_random_form_reliability",4.09043034769506,0.802132490747593,0.800444522771406,0.00168796797618609,0.991066095736077,"scaled_mean_information_residual","0.3.1",359511,359512,359512,1359516,2359519,"Mersenne-Twister","Inversion","Rejection",20000,1000,1000,8,1000,20,1000,20,20,20,20,NA,NA,12.3240000000001,TRUE
"1b91cd0420_t90","3pl_g20","normal","parametric",20,0.9,"ok",0.88689305071934,-0.01310694928066,TRUE,2,"functional_of_mean_information","rho_at_expected_information","mean_random_form_reliability",7.91820438546196,0.88689305071934,0.886004478439581,0.000888572279758915,0.990273724026605,"scaled_mean_information_residual","0.3.1",621080,621081,621081,1621085,2621088,"Mersenne-Twister","Inversion","Rejection",20000,1000,1000,8,1000,20,1000,20,20,20,20,NA,NA,9.07799999999997,TRUE
"1b91cd0420_t95","3pl_g20","normal","parametric",20,0.95,"ok",0.953830924062442,0.00383092406244234,TRUE,2,"functional_of_mean_information","rho_at_expected_information","mean_random_form_reliability",20.3326192261693,0.953830924062442,0.953101627771358,0.000729296291083981,1.01607762669059,"scaled_mean_information_residual","0.3.1",397369,397370,397370,1397374,2397377,"Mersenne-Twister","Inversion","Rejection",20000,1000,1000,8,1000,20,1000,20,20,20,20,NA,NA,11.9760000000001,TRUE
"1fc52b1d1d_t50","rasch","heavy_tail","parametric",10,0.5,"not_in_arm",NA,NA,FALSE,2,"functional_of_mean_information","rho_at_expected_information","mean_random_form_reliability",NA,NA,NA,NA,NA,NA,"0.3.1",437733,437734,437734,NA,NA,"Mersenne-Twister","Inversion","Rejection",20000,1000,1000,8,1000,20,1000,0,0,0,0,NA,NA,0,FALSE
"1fc52b1d1d_t60","rasch","heavy_tail","parametric",10,0.6,"not_in_arm",NA,NA,FALSE,2,"functional_of_mean_information","rho_at_expected_information","mean_random_form_reliability",NA,NA,NA,NA,NA,NA,"0.3.1",285924,285925,285925,NA,NA,"Mersenne-Twister","Inversion","Rejection",20000,1000,1000,8,1000,20,1000,0,0,0,0,NA,NA,0,FALSE
"1fc52b1d1d_t70","rasch","heavy_tail","parametric",10,0.7,"not_in_arm",NA,NA,FALSE,2,"functional_of_mean_information","rho_at_expected_information","mean_random_form_reliability",NA,NA,NA,NA,NA,NA,"0.3.1",408919,408920,408920,NA,NA,"Mersenne-Twister","Inversion","Rejection",20000,1000,1000,8,1000,20,1000,0,0,0,0,NA,NA,0,FALSE
"1fc52b1d1d_t80","rasch","heavy_tail","parametric",10,0.8,"not_in_arm",NA,NA,FALSE,2,"functional_of_mean_information","rho_at_expected_information","mean_random_form_reliability",NA,NA,NA,NA,NA,NA,"0.3.1",479055,479056,479056,NA,NA,"Mersenne-Twister","Inversion","Rejection",20000,1000,1000,8,1000,20,1000,0,0,0,0,NA,NA,0,FALSE
"1fc52b1d1d_t90","rasch","heavy_tail","parametric",10,0.9,"not_in_arm",NA,NA,FALSE,2,"functional_of_mean_information","rho_at_expected_information","mean_random_form_reliability",NA,NA,NA,NA,NA,NA,"0.3.1",280337,280338,280338,NA,NA,"Mersenne-Twister","Inversion","Rejection",20000,1000,1000,8,1000,20,1000,0,0,0,0,NA,NA,0,FALSE
"1fc52b1d1d_t95","rasch","heavy_tail","parametric",10,0.95,"not_in_arm",NA,NA,FALSE,2,"functional_of_mean_information","rho_at_expected_information","mean_random_form_reliability",NA,NA,NA,NA,NA,NA,"0.3.1",762244,762245,762245,NA,NA,"Mersenne-Twister","Inversion","Rejection",20000,1000,1000,8,1000,20,1000,0,0,0,0,NA,NA,0,FALSE
"1ff08ae892_t50","rasch","bimodal","parametric",20,0.5,"ok",0.499148378803386,-0.000851621196613639,TRUE,2,"functional_of_mean_information","rho_at_expected_information","mean_random_form_reliability",0.993066282244154,0.499148378803386,0.499131029566013,1.734923737301e-05,1.00355769321377,"scaled_mean_information_residual","0.3.1",605476,605477,605477,1605481,2605484,"Mersenne-Twister","Inversion","Rejection",20000,1000,1000,8,1000,20,1000,20,20,20,20,NA,NA,6.58799999999997,TRUE
"1ff08ae892_t60","rasch","bimodal","parametric",20,0.6,"ok",0.602624510450907,0.00262451045090706,TRUE,2,"functional_of_mean_information","rho_at_expected_information","mean_random_form_reliability",1.51371992392111,0.602624510450907,0.602598749996228,2.576045467928e-05,1.00184420052938,"scaled_mean_information_residual","0.3.1",518596,518597,518597,1518601,2518604,"Mersenne-Twister","Inversion","Rejection",20000,1000,1000,8,1000,20,1000,20,20,20,20,NA,NA,6.23000000000002,TRUE
"1ff08ae892_t70","rasch","bimodal","parametric",20,0.7,"ok",0.701151418108629,0.00115141810862907,TRUE,2,"functional_of_mean_information","rho_at_expected_information","mean_random_form_reliability",2.3571768431021,0.701151418108629,0.701073001317241,7.84167913876477e-05,0.995333110572966,"scaled_mean_information_residual","0.3.1",680223,680224,680224,1680228,2680231,"Mersenne-Twister","Inversion","Rejection",20000,1000,1000,8,1000,20,1000,20,20,20,20,NA,NA,6.279,TRUE
"1ff08ae892_t80","rasch","bimodal","parametric",20,0.8,"ok",0.800540128018517,0.000540128018517216,TRUE,2,"functional_of_mean_information","rho_at_expected_information","mean_random_form_reliability",3.98047975672545,0.800540128018517,0.800419419952242,0.000120708066274955,1.00830553395426,"scaled_mean_information_residual","0.3.1",132257,132258,132258,1132262,2132265,"Mersenne-Twister","Inversion","Rejection",20000,1000,1000,8,1000,20,1000,20,20,20,20,NA,NA,7.31999999999994,TRUE
"1ff08ae892_t90","rasch","bimodal","parametric",20,0.9,"ok",0.899356096756463,-0.000643903243537358,TRUE,2,"functional_of_mean_information","rho_at_expected_information","mean_random_form_reliability",9.00405915102237,0.899356096756463,0.899133029645317,0.000223067111145614,0.992443683958113,"scaled_mean_information_residual","0.3.1",230186,230187,230187,1230191,2230194,"Mersenne-Twister","Inversion","Rejection",20000,1000,1000,8,1000,20,1000,20,20,20,20,NA,NA,6.51999999999998,TRUE
"1ff08ae892_t95","rasch","bimodal","parametric",20,0.95,"ok",0.948076032174026,-0.00192396782597404,TRUE,2,"functional_of_mean_information","rho_at_expected_information","mean_random_form_reliability",18.3213158962411,0.948076032174026,0.947880268669084,0.000195763504942215,0.996594836062162,"scaled_mean_information_residual","0.3.1",287859,287860,287860,1287864,2287867,"Mersenne-Twister","Inversion","Rejection",20000,1000,1000,8,1000,20,1000,20,20,20,20,NA,NA,7.02400000000011,TRUE
"20cb785fe3_t50","3pl_beta","skew_pos","irw",20,0.5,"ok",0.502446693026435,0.00244669302643497,TRUE,2,"functional_of_mean_information","rho_at_expected_information","mean_random_form_reliability",1.00368321346189,0.502446693026435,0.498752361433042,0.00369433159339272,1.0061291097772,"scaled_mean_information_residual","0.3.1",160826,160827,160827,1160831,2160834,"Mersenne-Twister","Inversion","Rejection",20000,1000,1000,8,1000,20,1000,20,20,20,20,NA,NA,21.952,TRUE
"20cb785fe3_t60","3pl_beta","skew_pos","irw",20,0.6,"ok",0.58771221121783,-0.0122877887821703,TRUE,2,"functional_of_mean_information","rho_at_expected_information","mean_random_form_reliability",1.39406977938823,0.58771221121783,0.56608217113825,0.0216300400795801,1.022538643509,"scaled_mean_information_residual","0.3.1",460974,460975,460975,1460979,2460982,"Mersenne-Twister","Inversion","Rejection",20000,1000,1000,8,1000,20,1000,20,20,20,20,NA,NA,22.6129999999999,TRUE
"20cb785fe3_t70","3pl_beta","skew_pos","irw",20,0.7,"ok",0.694696452838125,-0.00530354716187476,TRUE,2,"functional_of_mean_information","rho_at_expected_information","mean_random_form_reliability",2.29663728649443,0.694696452838125,0.688599221609527,0.00609723122859862,0.990765373122731,"scaled_mean_information_residual","0.3.1",711463,711464,711464,1711468,2711471,"Mersenne-Twister","Inversion","Rejection",20000,1000,1000,8,1000,20,1000,20,20,20,20,NA,NA,22.099,TRUE
"20cb785fe3_t80","3pl_beta","skew_pos","irw",20,0.8,"ok",0.795335234539681,-0.00466476546031902,TRUE,2,"functional_of_mean_information","rho_at_expected_information","mean_random_form_reliability",3.82289743048855,0.795335234539681,0.78403531011704,0.0112999244226413,1.01651664576246,"scaled_mean_information_residual","0.3.1",329632,329633,329633,1329637,2329640,"Mersenne-Twister","Inversion","Rejection",20000,1000,1000,8,1000,20,1000,20,20,20,20,NA,NA,19.0119999999999,TRUE
"20cb785fe3_t90","3pl_beta","skew_pos","irw",20,0.9,"ok",0.899096162326491,-0.0009038376735091,TRUE,2,"functional_of_mean_information","rho_at_expected_information","mean_random_form_reliability",8.76218051163085,0.899096162326491,0.892959138899033,0.00613702342745748,1.01691877105776,"scaled_mean_information_residual","0.3.1",176165,176166,176166,1176170,2176173,"Mersenne-Twister","Inversion","Rejection",20000,1000,1000,8,1000,20,1000,20,20,20,20,NA,NA,23.0740000000001,TRUE
"20cb785fe3_t95","3pl_beta","skew_pos","irw",20,0.95,"ok",0.934669096357966,-0.0153309036420343,TRUE,2,"functional_of_mean_information","rho_at_expected_information","mean_random_form_reliability",14.2970717131778,0.934669096357966,0.918513922627262,0.0161551737307042,1.00067286356864,"scaled_mean_information_residual","0.3.1",770643,770644,770644,1770648,2770651,"Mersenne-Twister","Inversion","Rejection",20000,1000,1000,8,1000,20,1000,20,20,20,20,NA,NA,18.5699999999999,TRUE
"246dc3282c_t50","2pl","normal","irw",20,0.5,"ok",0.497070908702441,-0.00292909129755908,TRUE,2,"functional_of_mean_information","rho_at_expected_information","mean_random_form_reliability",1.00737000081163,0.497070908702441,0.494526357005377,0.00254455169706441,0.981121009039471,"scaled_mean_information_residual","0.3.1",368718,368719,368719,1368723,2368726,"Mersenne-Twister","Inversion","Rejection",20000,1000,1000,8,1000,20,1000,20,20,20,20,NA,NA,19.191,TRUE
"246dc3282c_t60","2pl","normal","irw",20,0.6,"ok",0.599911515932433,-8.84840675670073e-05,TRUE,2,"functional_of_mean_information","rho_at_expected_information","mean_random_form_reliability",1.48971576555553,0.599911515932433,0.596225014614921,0.0036865013175118,1.00653234097066,"scaled_mean_information_residual","0.3.1",723854,723855,723855,1723859,2723862,"Mersenne-Twister","Inversion","Rejection",20000,1000,1000,8,1000,20,1000,20,20,20,20,NA,NA,20.3819999999998,TRUE
"246dc3282c_t70","2pl","normal","irw",20,0.7,"ok",0.692499952556548,-0.00750004744345201,TRUE,2,"functional_of_mean_information","rho_at_expected_information","mean_random_form_reliability",2.26808617653837,0.692499952556548,0.686774434629897,0.00572551792665088,0.992921716058408,"scaled_mean_information_residual","0.3.1",258830,258831,258831,1258835,2258838,"Mersenne-Twister","Inversion","Rejection",20000,1000,1000,8,1000,20,1000,20,20,20,20,NA,NA,19.8130000000001,TRUE
"246dc3282c_t80","2pl","normal","irw",20,0.8,"ok",0.777464616027644,-0.0225353839723557,TRUE,2,"functional_of_mean_information","rho_at_expected_information","mean_random_form_reliability",3.45204729049423,0.777464616027644,0.759798419602105,0.017666196425539,1.01205664483755,"scaled_mean_information_residual","0.3.1",301132,301133,301133,1301137,2301140,"Mersenne-Twister","Inversion","Rejection",20000,1000,1000,8,1000,20,1000,20,20,20,20,NA,NA,19.4109999999998,TRUE
"246dc3282c_t90","2pl","normal","irw",20,0.9,"ok",0.897836924153941,-0.00216307584605879,TRUE,2,"functional_of_mean_information","rho_at_expected_information","mean_random_form_reliability",8.72343741746962,0.897836924153941,0.882210938922576,0.0156259852313657,1.00743225711384,"scaled_mean_information_residual","0.3.1",567011,567012,567012,1567016,2567019,"Mersenne-Twister","Inversion","Rejection",20000,1000,1000,8,1000,20,1000,20,20,20,20,NA,NA,20.328,TRUE
"246dc3282c_t95","2pl","normal","irw",20,0.95,"ok",0.94762318020667,-0.00237681979332993,TRUE,2,"functional_of_mean_information","rho_at_expected_information","mean_random_form_reliability",18.2076495362493,0.94762318020667,0.927510861041279,0.0201123191653908,0.993671113244196,"scaled_mean_information_residual","0.3.1",494194,494195,494195,1494199,2494202,"Mersenne-Twister","Inversion","Rejection",20000,1000,1000,8,1000,20,1000,20,20,20,20,NA,NA,13.2239999999999,TRUE
"25e594cb46_t50","rasch","skew_pos","parametric",20,0.5,"ok",0.500179572714414,0.000179572714414045,TRUE,2,"functional_of_mean_information","rho_at_expected_information","mean_random_form_reliability",1.01798793203687,0.500179572714414,0.500161853548413,1.77191660009068e-05,0.983035768330674,"scaled_mean_information_residual","0.3.1",771275,771276,771276,1771280,2771283,"Mersenne-Twister","Inversion","Rejection",20000,1000,1000,8,1000,20,1000,20,20,20,20,NA,NA,6.41699999999992,TRUE
"25e594cb46_t60","rasch","skew_pos","parametric",20,0.6,"ok",0.600495450985743,0.000495450985743329,TRUE,2,"functional_of_mean_information","rho_at_expected_information","mean_random_form_reliability",1.51081584738977,0.600495450985743,0.600458166140688,3.72848450552743e-05,0.994893197281073,"scaled_mean_information_residual","0.3.1",727084,727085,727085,1727089,2727092,"Mersenne-Twister","Inversion","Rejection",20000,1000,1000,8,1000,20,1000,20,20,20,20,NA,NA,6.25,TRUE
"25e594cb46_t70","rasch","skew_pos","parametric",20,0.7,"ok",0.700163304833341,0.000163304833341038,TRUE,2,"functional_of_mean_information","rho_at_expected_information","mean_random_form_reliability",2.35939603872034,0.700163304833341,0.700025098706702,0.000138206126638507,0.989723124654854,"scaled_mean_information_residual","0.3.1",184614,184615,184615,1184619,2184622,"Mersenne-Twister","Inversion","Rejection",20000,1000,1000,8,1000,20,1000,20,20,20,20,NA,NA,6.40100000000007,TRUE
"25e594cb46_t80","rasch","skew_pos","parametric",20,0.8,"ok",0.800637914976721,0.000637914976720833,TRUE,2,"functional_of_mean_information","rho_at_expected_information","mean_random_form_reliability",4.01739620419354,0.800637914976721,0.800463218672086,0.000174696304635069,0.999652187635537,"scaled_mean_information_residual","0.3.1",683715,683716,683716,1683720,2683723,"Mersenne-Twister","Inversion","Rejection",20000,1000,1000,8,1000,20,1000,20,20,20,20,NA,NA,6.31099999999992,TRUE
"25e594cb46_t90","rasch","skew_pos","parametric",20,0.9,"ok",0.899512673422944,-0.000487326577056302,TRUE,2,"functional_of_mean_information","rho_at_expected_information","mean_random_form_reliability",8.92797145937438,0.899512673422944,0.899304019118338,0.000208654304606148,1.00263578557506,"scaled_mean_information_residual","0.3.1",383248,383249,383249,1383253,2383256,"Mersenne-Twister","Inversion","Rejection",20000,1000,1000,8,1000,20,1000,20,20,20,20,NA,NA,6.548,TRUE
"25e594cb46_t95","rasch","skew_pos","parametric",20,0.95,"ok",0.951176358316561,0.00117635831656115,TRUE,2,"functional_of_mean_information","rho_at_expected_information","mean_random_form_reliability",19.5952742767885,0.951176358316561,0.950863237198695,0.0003131211178663,0.994213213693584,"scaled_mean_information_residual","0.3.1",790248,790249,790249,1790253,2790256,"Mersenne-Twister","Inversion","Rejection",20000,1000,1000,8,1000,20,1000,20,20,20,20,NA,NA,6.33300000000008,TRUE
"25edfd16b9_t50","3pl_beta","bimodal","parametric",10,0.5,"not_in_arm",NA,NA,FALSE,2,"functional_of_mean_information","rho_at_expected_information","mean_random_form_reliability",NA,NA,NA,NA,NA,NA,"0.3.1",592869,592870,592870,NA,NA,"Mersenne-Twister","Inversion","Rejection",20000,1000,1000,8,1000,20,1000,0,0,0,0,NA,NA,0,FALSE
"25edfd16b9_t60","3pl_beta","bimodal","parametric",10,0.6,"not_in_arm",NA,NA,FALSE,2,"functional_of_mean_information","rho_at_expected_information","mean_random_form_reliability",NA,NA,NA,NA,NA,NA,"0.3.1",327900,327901,327901,NA,NA,"Mersenne-Twister","Inversion","Rejection",20000,1000,1000,8,1000,20,1000,0,0,0,0,NA,NA,0,FALSE
"25edfd16b9_t70","3pl_beta","bimodal","parametric",10,0.7,"not_in_arm",NA,NA,FALSE,2,"functional_of_mean_information","rho_at_expected_information","mean_random_form_reliability",NA,NA,NA,NA,NA,NA,"0.3.1",16509,16510,16510,NA,NA,"Mersenne-Twister","Inversion","Rejection",20000,1000,1000,8,1000,20,1000,0,0,0,0,NA,NA,0,FALSE
"25edfd16b9_t80","3pl_beta","bimodal","parametric",10,0.8,"not_in_arm",NA,NA,FALSE,2,"functional_of_mean_information","rho_at_expected_information","mean_random_form_reliability",NA,NA,NA,NA,NA,NA,"0.3.1",646562,646563,646563,NA,NA,"Mersenne-Twister","Inversion","Rejection",20000,1000,1000,8,1000,20,1000,0,0,0,0,NA,NA,0,FALSE
"25edfd16b9_t90","3pl_beta","bimodal","parametric",10,0.9,"not_in_arm",NA,NA,FALSE,2,"functional_of_mean_information","rho_at_expected_information","mean_random_form_reliability",NA,NA,NA,NA,NA,NA,"0.3.1",44618,44619,44619,NA,NA,"Mersenne-Twister","Inversion","Rejection",20000,1000,1000,8,1000,20,1000,0,0,0,0,NA,NA,0,FALSE
"29362a6023_t50","rasch","normal","irw",60,0.5,"not_in_arm",NA,NA,FALSE,2,"functional_of_mean_information","rho_at_expected_information","mean_random_form_reliability",NA,NA,NA,NA,NA,NA,"0.3.1",617826,617827,617827,NA,NA,"Mersenne-Twister","Inversion","Rejection",20000,1000,1000,8,1000,20,1000,0,0,0,0,NA,NA,0,FALSE
"29362a6023_t60","rasch","normal","irw",60,0.6,"not_in_arm",NA,NA,FALSE,2,"functional_of_mean_information","rho_at_expected_information","mean_random_form_reliability",NA,NA,NA,NA,NA,NA,"0.3.1",356639,356640,356640,NA,NA,"Mersenne-Twister","Inversion","Rejection",20000,1000,1000,8,1000,20,1000,0,0,0,0,NA,NA,0,FALSE
"29362a6023_t70","rasch","normal","irw",60,0.7,"not_in_arm",NA,NA,FALSE,2,"functional_of_mean_information","rho_at_expected_information","mean_random_form_reliability",NA,NA,NA,NA,NA,NA,"0.3.1",43136,43137,43137,NA,NA,"Mersenne-Twister","Inversion","Rejection",20000,1000,1000,8,1000,20,1000,0,0,0,0,NA,NA,0,FALSE
"29362a6023_t80","rasch","normal","irw",60,0.8,"not_in_arm",NA,NA,FALSE,2,"functional_of_mean_information","rho_at_expected_information","mean_random_form_reliability",NA,NA,NA,NA,NA,NA,"0.3.1",753086,753087,753087,NA,NA,"Mersenne-Twister","Inversion","Rejection",20000,1000,1000,8,1000,20,1000,0,0,0,0,NA,NA,0,FALSE
"29362a6023_t90","rasch","normal","irw",60,0.9,"not_in_arm",NA,NA,FALSE,2,"functional_of_mean_information","rho_at_expected_information","mean_random_form_reliability",NA,NA,NA,NA,NA,NA,"0.3.1",259407,259408,259408,NA,NA,"Mersenne-Twister","Inversion","Rejection",20000,1000,1000,8,1000,20,1000,0,0,0,0,NA,NA,0,FALSE
"29362a6023_t95","rasch","normal","irw",60,0.95,"not_in_arm",NA,NA,FALSE,2,"functional_of_mean_information","rho_at_expected_information","mean_random_form_reliability",NA,NA,NA,NA,NA,NA,"0.3.1",553735,553736,553736,NA,NA,"Mersenne-Twister","Inversion","Rejection",20000,1000,1000,8,1000,20,1000,0,0,0,0,NA,NA,0,FALSE
"2fb704c2a3_t50","rasch","heavy_tail","irw",20,0.5,"ok",0.507347842400238,0.00734784240023767,TRUE,2,"functional_of_mean_information","rho_at_expected_information","mean_random_form_reliability",1.00132504134979,0.507347842400238,0.50714130399817,0.000206538402067191,1.02846697675761,"scaled_mean_information_residual","0.3.1",70859,70860,70860,1070864,2070867,"Mersenne-Twister","Inversion","Rejection",20000,1000,1000,8,1000,20,1000,20,20,20,20,NA,NA,19.167,TRUE
"2fb704c2a3_t60","rasch","heavy_tail","irw",20,0.6,"ok",0.598613898220131,-0.0013861017798692,TRUE,2,"functional_of_mean_information","rho_at_expected_information","mean_random_form_reliability",1.50206792662169,0.598613898220131,0.596264005647571,0.00234989257255935,0.992875724024985,"scaled_mean_information_residual","0.3.1",45983,45984,45984,1045988,2045991,"Mersenne-Twister","Inversion","Rejection",20000,1000,1000,8,1000,20,1000,20,20,20,20,NA,NA,19.407,TRUE
"2fb704c2a3_t70","rasch","heavy_tail","irw",20,0.7,"ok",0.708165490009663,0.00816549000966316,TRUE,2,"functional_of_mean_information","rho_at_expected_information","mean_random_form_reliability",2.50007802171259,0.708165490009663,0.706160871169282,0.00200461884038083,0.970609527720487,"scaled_mean_information_residual","0.3.1",417361,417362,417362,1417366,2417369,"Mersenne-Twister","Inversion","Rejection",20000,1000,1000,8,1000,20,1000,20,20,20,20,NA,NA,20.1990000000001,TRUE
"2fb704c2a3_t80","rasch","heavy_tail","irw",20,0.8,"ok",0.78154795049928,-0.01845204950072,TRUE,2,"functional_of_mean_information","rho_at_expected_information","mean_random_form_reliability",3.58828123143766,0.78154795049928,0.775765958802215,0.00578199169706517,0.99704103178009,"scaled_mean_information_residual","0.3.1",705051,705052,705052,1705056,2705059,"Mersenne-Twister","Inversion","Rejection",20000,1000,1000,8,1000,20,1000,20,20,20,20,NA,NA,18.9689999999999,TRUE
"2fb704c2a3_t90","rasch","heavy_tail","irw",20,0.9,"ok",0.894171575280241,-0.00582842471975908,TRUE,2,"functional_of_mean_information","rho_at_expected_information","mean_random_form_reliability",8.41545819826318,0.894171575280241,0.888728544154456,0.00544303112578493,1.00401629487089,"scaled_mean_information_residual","0.3.1",464738,464739,464739,1464743,2464746,"Mersenne-Twister","Inversion","Rejection",20000,1000,1000,8,1000,20,1000,20,20,20,20,NA,NA,18.8249999999999,TRUE
"2fb704c2a3_t95","rasch","heavy_tail","irw",20,0.95,"ok",0.965155592839807,0.0151555928398071,TRUE,2,"functional_of_mean_information","rho_at_expected_information","mean_random_form_reliability",28.6358698976805,0.965155592839807,0.957205606812826,0.00794998602698105,0.967283703946239,"scaled_mean_information_residual","0.3.1",278216,278217,278217,1278221,2278224,"Mersenne-Twister","Inversion","Rejection",20000,1000,1000,8,1000,20,1000,20,20,20,20,NA,NA,19.46,TRUE
"308cc8c2c0_t50","3pl_beta","normal","irw",20,0.5,"ok",0.516216947753225,0.0162169477532248,TRUE,2,"functional_of_mean_information","rho_at_expected_information","mean_random_form_reliability",1.08679753317105,0.516216947753225,0.513102541487626,0.003114406265599,0.981822463875727,"scaled_mean_information_residual","0.3.1",150756,150757,150757,1150761,2150764,"Mersenne-Twister","Inversion","Rejection",20000,1000,1000,8,1000,20,1000,20,20,20,20,NA,NA,19.324,TRUE
"308cc8c2c0_t60","3pl_beta","normal","irw",20,0.6,"ok",0.591227920374376,-0.00877207962562376,TRUE,2,"functional_of_mean_information","rho_at_expected_information","mean_random_form_reliability",1.43820763802826,0.591227920374376,0.582730209316056,0.00849771105831998,1.00566218436206,"scaled_mean_information_residual","0.3.1",741593,741594,741594,1741598,2741601,"Mersenne-Twister","Inversion","Rejection",20000,1000,1000,8,1000,20,1000,20,20,20,20,NA,NA,18.793,TRUE
"308cc8c2c0_t70","3pl_beta","normal","irw",20,0.7,"ok",0.687649735630316,-0.0123502643696838,TRUE,2,"functional_of_mean_information","rho_at_expected_information","mean_random_form_reliability",2.19771351090114,0.687649735630316,0.679191931882847,0.00845780374746874,1.00173840537903,"scaled_mean_information_residual","0.3.1",107576,107577,107577,1107581,2107584,"Mersenne-Twister","Inversion","Rejection",20000,1000,1000,8,1000,20,1000,20,20,20,20,NA,NA,19.473,TRUE
"308cc8c2c0_t80","3pl_beta","normal","irw",20,0.8,"ok",0.803124347082494,0.00312434708249409,TRUE,2,"functional_of_mean_information","rho_at_expected_information","mean_random_form_reliability",4.01940933895223,0.803124347082494,0.79340218527517,0.00972216180732399,1.0149123640255,"scaled_mean_information_residual","0.3.1",79278,79279,79279,1079283,2079286,"Mersenne-Twister","Inversion","Rejection",20000,1000,1000,8,1000,20,1000,20,20,20,20,NA,NA,19.295,TRUE
"308cc8c2c0_t90","3pl_beta","normal","irw",20,0.9,"ok",0.896259197886251,-0.00374080211374883,TRUE,2,"functional_of_mean_information","rho_at_expected_information","mean_random_form_reliability",8.58412328578641,0.896259197886251,0.871716231726766,0.0245429661594847,1.00644043713299,"scaled_mean_information_residual","0.3.1",140165,140166,140166,1140170,2140173,"Mersenne-Twister","Inversion","Rejection",20000,1000,1000,8,1000,20,1000,20,20,20,20,NA,NA,19.981,TRUE
"3417acd99c_t50","3pl_g20","bimodal","irw",60,0.5,"not_in_arm",NA,NA,FALSE,2,"functional_of_mean_information","rho_at_expected_information","mean_random_form_reliability",NA,NA,NA,NA,NA,NA,"0.3.1",309747,309748,309748,NA,NA,"Mersenne-Twister","Inversion","Rejection",20000,1000,1000,8,1000,20,1000,0,0,0,0,NA,NA,0,FALSE
"3417acd99c_t60","3pl_g20","bimodal","irw",60,0.6,"not_in_arm",NA,NA,FALSE,2,"functional_of_mean_information","rho_at_expected_information","mean_random_form_reliability",NA,NA,NA,NA,NA,NA,"0.3.1",46597,46598,46598,NA,NA,"Mersenne-Twister","Inversion","Rejection",20000,1000,1000,8,1000,20,1000,0,0,0,0,NA,NA,0,FALSE
"3417acd99c_t70","3pl_g20","bimodal","irw",60,0.7,"not_in_arm",NA,NA,FALSE,2,"functional_of_mean_information","rho_at_expected_information","mean_random_form_reliability",NA,NA,NA,NA,NA,NA,"0.3.1",301828,301829,301829,NA,NA,"Mersenne-Twister","Inversion","Rejection",20000,1000,1000,8,1000,20,1000,0,0,0,0,NA,NA,0,FALSE
"3417acd99c_t80","3pl_g20","bimodal","irw",60,0.8,"not_in_arm",NA,NA,FALSE,2,"functional_of_mean_information","rho_at_expected_information","mean_random_form_reliability",NA,NA,NA,NA,NA,NA,"0.3.1",618565,618566,618566,NA,NA,"Mersenne-Twister","Inversion","Rejection",20000,1000,1000,8,1000,20,1000,0,0,0,0,NA,NA,0,FALSE
"3417acd99c_t90","3pl_g20","bimodal","irw",60,0.9,"not_in_arm",NA,NA,FALSE,2,"functional_of_mean_information","rho_at_expected_information","mean_random_form_reliability",NA,NA,NA,NA,NA,NA,"0.3.1",588588,588589,588589,NA,NA,"Mersenne-Twister","Inversion","Rejection",20000,1000,1000,8,1000,20,1000,0,0,0,0,NA,NA,0,FALSE
"3417acd99c_t95","3pl_g20","bimodal","irw",60,0.95,"not_in_arm",NA,NA,FALSE,2,"functional_of_mean_information","rho_at_expected_information","mean_random_form_reliability",NA,NA,NA,NA,NA,NA,"0.3.1",545971,545972,545972,NA,NA,"Mersenne-Twister","Inversion","Rejection",20000,1000,1000,8,1000,20,1000,0,0,0,0,NA,NA,0,FALSE
"35a1489e91_t50","3pl_beta","skew_pos","parametric",60,0.5,"not_in_arm",NA,NA,FALSE,2,"functional_of_mean_information","rho_at_expected_information","mean_random_form_reliability",NA,NA,NA,NA,NA,NA,"0.3.1",701734,701735,701735,NA,NA,"Mersenne-Twister","Inversion","Rejection",20000,1000,1000,8,1000,20,1000,0,0,0,0,NA,NA,0,FALSE
"35a1489e91_t60","3pl_beta","skew_pos","parametric",60,0.6,"not_in_arm",NA,NA,FALSE,2,"functional_of_mean_information","rho_at_expected_information","mean_random_form_reliability",NA,NA,NA,NA,NA,NA,"0.3.1",24563,24564,24564,NA,NA,"Mersenne-Twister","Inversion","Rejection",20000,1000,1000,8,1000,20,1000,0,0,0,0,NA,NA,0,FALSE
"35a1489e91_t70","3pl_beta","skew_pos","parametric",60,0.7,"not_in_arm",NA,NA,FALSE,2,"functional_of_mean_information","rho_at_expected_information","mean_random_form_reliability",NA,NA,NA,NA,NA,NA,"0.3.1",770847,770848,770848,NA,NA,"Mersenne-Twister","Inversion","Rejection",20000,1000,1000,8,1000,20,1000,0,0,0,0,NA,NA,0,FALSE
"35a1489e91_t80","3pl_beta","skew_pos","parametric",60,0.8,"not_in_arm",NA,NA,FALSE,2,"functional_of_mean_information","rho_at_expected_information","mean_random_form_reliability",NA,NA,NA,NA,NA,NA,"0.3.1",623302,623303,623303,NA,NA,"Mersenne-Twister","Inversion","Rejection",20000,1000,1000,8,1000,20,1000,0,0,0,0,NA,NA,0,FALSE
"35a1489e91_t90","3pl_beta","skew_pos","parametric",60,0.9,"not_in_arm",NA,NA,FALSE,2,"functional_of_mean_information","rho_at_expected_information","mean_random_form_reliability",NA,NA,NA,NA,NA,NA,"0.3.1",93192,93193,93193,NA,NA,"Mersenne-Twister","Inversion","Rejection",20000,1000,1000,8,1000,20,1000,0,0,0,0,NA,NA,0,FALSE
"35a1489e91_t95","3pl_beta","skew_pos","parametric",60,0.95,"not_in_arm",NA,NA,FALSE,2,"functional_of_mean_information","rho_at_expected_information","mean_random_form_reliability",NA,NA,NA,NA,NA,NA,"0.3.1",230483,230484,230484,NA,NA,"Mersenne-Twister","Inversion","Rejection",20000,1000,1000,8,1000,20,1000,0,0,0,0,NA,NA,0,FALSE
"36956c5526_t50","rasch","bimodal","parametric",10,0.5,"not_in_arm",NA,NA,FALSE,2,"functional_of_mean_information","rho_at_expected_information","mean_random_form_reliability",NA,NA,NA,NA,NA,NA,"0.3.1",191419,191420,191420,NA,NA,"Mersenne-Twister","Inversion","Rejection",20000,1000,1000,8,1000,20,1000,0,0,0,0,NA,NA,0,FALSE
"36956c5526_t60","rasch","bimodal","parametric",10,0.6,"not_in_arm",NA,NA,FALSE,2,"functional_of_mean_information","rho_at_expected_information","mean_random_form_reliability",NA,NA,NA,NA,NA,NA,"0.3.1",656942,656943,656943,NA,NA,"Mersenne-Twister","Inversion","Rejection",20000,1000,1000,8,1000,20,1000,0,0,0,0,NA,NA,0,FALSE
"36956c5526_t70","rasch","bimodal","parametric",10,0.7,"not_in_arm",NA,NA,FALSE,2,"functional_of_mean_information","rho_at_expected_information","mean_random_form_reliability",NA,NA,NA,NA,NA,NA,"0.3.1",713688,713689,713689,NA,NA,"Mersenne-Twister","Inversion","Rejection",20000,1000,1000,8,1000,20,1000,0,0,0,0,NA,NA,0,FALSE
"36956c5526_t80","rasch","bimodal","parametric",10,0.8,"not_in_arm",NA,NA,FALSE,2,"functional_of_mean_information","rho_at_expected_information","mean_random_form_reliability",NA,NA,NA,NA,NA,NA,"0.3.1",653681,653682,653682,NA,NA,"Mersenne-Twister","Inversion","Rejection",20000,1000,1000,8,1000,20,1000,0,0,0,0,NA,NA,0,FALSE
"36956c5526_t90","rasch","bimodal","parametric",10,0.9,"not_in_arm",NA,NA,FALSE,2,"functional_of_mean_information","rho_at_expected_information","mean_random_form_reliability",NA,NA,NA,NA,NA,NA,"0.3.1",427087,427088,427088,NA,NA,"Mersenne-Twister","Inversion","Rejection",20000,1000,1000,8,1000,20,1000,0,0,0,0,NA,NA,0,FALSE
"36956c5526_t95","rasch","bimodal","parametric",10,0.95,"not_in_arm",NA,NA,FALSE,2,"functional_of_mean_information","rho_at_expected_information","mean_random_form_reliability",NA,NA,NA,NA,NA,NA,"0.3.1",635697,635698,635698,NA,NA,"Mersenne-Twister","Inversion","Rejection",20000,1000,1000,8,1000,20,1000,0,0,0,0,NA,NA,0,FALSE
"36bd71fd25_t50","2pl","bimodal","irw",20,0.5,"ok",0.482220095067555,-0.0177799049324454,TRUE,2,"functional_of_mean_information","rho_at_expected_information","mean_random_form_reliability",0.920639269502189,0.482220095067555,0.479772597405562,0.00244749766199265,1.01160418485379,"scaled_mean_information_residual","0.3.1",386230,386231,386231,1386235,2386238,"Mersenne-Twister","Inversion","Rejection",20000,1000,1000,8,1000,20,1000,20,20,20,20,NA,NA,16.519,TRUE
"36bd71fd25_t60","2pl","bimodal","irw",20,0.6,"ok",0.596178362921311,-0.00382163707868877,TRUE,2,"functional_of_mean_information","rho_at_expected_information","mean_random_form_reliability",1.46293748455907,0.596178362921311,0.589952419615226,0.00622594330608517,1.00916192655643,"scaled_mean_information_residual","0.3.1",585837,585838,585838,1585842,2585845,"Mersenne-Twister","Inversion","Rejection",20000,1000,1000,8,1000,20,1000,20,20,20,20,NA,NA,19.7719999999999,TRUE
"36bd71fd25_t70","2pl","bimodal","irw",20,0.7,"ok",0.709304730520809,0.00930473052080893,TRUE,2,"functional_of_mean_information","rho_at_expected_information","mean_random_form_reliability",2.44491476528836,0.709304730520809,0.705314285433885,0.00399044508692392,0.998001441182634,"scaled_mean_information_residual","0.3.1",464626,464627,464627,1464631,2464634,"Mersenne-Twister","Inversion","Rejection",20000,1000,1000,8,1000,20,1000,20,20,20,20,NA,NA,18.946,TRUE
"36bd71fd25_t80","2pl","bimodal","irw",20,0.8,"ok",0.800541813692876,0.000541813692876314,TRUE,2,"functional_of_mean_information","rho_at_expected_information","mean_random_form_reliability",4.01406674342265,0.800541813692876,0.793565836927069,0.00697597676580763,0.999879273018615,"scaled_mean_information_residual","0.3.1",218360,218361,218361,1218365,2218368,"Mersenne-Twister","Inversion","Rejection",20000,1000,1000,8,1000,20,1000,20,20,20,20,NA,NA,19.688,TRUE
"36bd71fd25_t90","2pl","bimodal","irw",20,0.9,"ok",0.897009289253932,-0.00299071074606772,TRUE,2,"functional_of_mean_information","rho_at_expected_information","mean_random_form_reliability",8.68860752189024,0.897009289253932,0.889845706641438,0.00716358261249417,1.00241765120417,"scaled_mean_information_residual","0.3.1",183511,183512,183512,1183516,2183519,"Mersenne-Twister","Inversion","Rejection",20000,1000,1000,8,1000,20,1000,20,20,20,20,NA,NA,13.3920000000001,TRUE
"36bd71fd25_t95","2pl","bimodal","irw",20,0.95,"ok",0.958459949945193,0.00845994994519339,TRUE,2,"functional_of_mean_information","rho_at_expected_information","mean_random_form_reliability",22.9399792773976,0.958459949945193,0.955333665643678,0.00312628430151551,1.00580533173474,"scaled_mean_information_residual","0.3.1",651968,651969,651969,1651973,2651976,"Mersenne-Twister","Inversion","Rejection",20000,1000,1000,8,1000,20,1000,20,20,20,20,NA,NA,18.897,TRUE
"38646ef644_t50","3pl_beta","normal","irw",60,0.5,"not_in_arm",NA,NA,FALSE,2,"functional_of_mean_information","rho_at_expected_information","mean_random_form_reliability",NA,NA,NA,NA,NA,NA,"0.3.1",507011,507012,507012,NA,NA,"Mersenne-Twister","Inversion","Rejection",20000,1000,1000,8,1000,20,1000,0,0,0,0,NA,NA,0,FALSE
"38646ef644_t60","3pl_beta","normal","irw",60,0.6,"not_in_arm",NA,NA,FALSE,2,"functional_of_mean_information","rho_at_expected_information","mean_random_form_reliability",NA,NA,NA,NA,NA,NA,"0.3.1",516256,516257,516257,NA,NA,"Mersenne-Twister","Inversion","Rejection",20000,1000,1000,8,1000,20,1000,0,0,0,0,NA,NA,0,FALSE
"38646ef644_t70","3pl_beta","normal","irw",60,0.7,"not_in_arm",NA,NA,FALSE,2,"functional_of_mean_information","rho_at_expected_information","mean_random_form_reliability",NA,NA,NA,NA,NA,NA,"0.3.1",522084,522085,522085,NA,NA,"Mersenne-Twister","Inversion","Rejection",20000,1000,1000,8,1000,20,1000,0,0,0,0,NA,NA,0,FALSE
"38646ef644_t80","3pl_beta","normal","irw",60,0.8,"not_in_arm",NA,NA,FALSE,2,"functional_of_mean_information","rho_at_expected_information","mean_random_form_reliability",NA,NA,NA,NA,NA,NA,"0.3.1",43901,43902,43902,NA,NA,"Mersenne-Twister","Inversion","Rejection",20000,1000,1000,8,1000,20,1000,0,0,0,0,NA,NA,0,FALSE
"38646ef644_t90","3pl_beta","normal","irw",60,0.9,"not_in_arm",NA,NA,FALSE,2,"functional_of_mean_information","rho_at_expected_information","mean_random_form_reliability",NA,NA,NA,NA,NA,NA,"0.3.1",803925,803926,803926,NA,NA,"Mersenne-Twister","Inversion","Rejection",20000,1000,1000,8,1000,20,1000,0,0,0,0,NA,NA,0,FALSE
"38646ef644_t95","3pl_beta","normal","irw",60,0.95,"not_in_arm",NA,NA,FALSE,2,"functional_of_mean_information","rho_at_expected_information","mean_random_form_reliability",NA,NA,NA,NA,NA,NA,"0.3.1",169162,169163,169163,NA,NA,"Mersenne-Twister","Inversion","Rejection",20000,1000,1000,8,1000,20,1000,0,0,0,0,NA,NA,0,FALSE
"386d8a1996_t50","3pl_beta","skew_pos","parametric",10,0.5,"not_in_arm",NA,NA,FALSE,2,"functional_of_mean_information","rho_at_expected_information","mean_random_form_reliability",NA,NA,NA,NA,NA,NA,"0.3.1",559291,559292,559292,NA,NA,"Mersenne-Twister","Inversion","Rejection",20000,1000,1000,8,1000,20,1000,0,0,0,0,NA,NA,0,FALSE
"386d8a1996_t60","3pl_beta","skew_pos","parametric",10,0.6,"not_in_arm",NA,NA,FALSE,2,"functional_of_mean_information","rho_at_expected_information","mean_random_form_reliability",NA,NA,NA,NA,NA,NA,"0.3.1",754805,754806,754806,NA,NA,"Mersenne-Twister","Inversion","Rejection",20000,1000,1000,8,1000,20,1000,0,0,0,0,NA,NA,0,FALSE
"386d8a1996_t70","3pl_beta","skew_pos","parametric",10,0.7,"not_in_arm",NA,NA,FALSE,2,"functional_of_mean_information","rho_at_expected_information","mean_random_form_reliability",NA,NA,NA,NA,NA,NA,"0.3.1",244643,244644,244644,NA,NA,"Mersenne-Twister","Inversion","Rejection",20000,1000,1000,8,1000,20,1000,0,0,0,0,NA,NA,0,FALSE
"386d8a1996_t80","3pl_beta","skew_pos","parametric",10,0.8,"not_in_arm",NA,NA,FALSE,2,"functional_of_mean_information","rho_at_expected_information","mean_random_form_reliability",NA,NA,NA,NA,NA,NA,"0.3.1",351409,351410,351410,NA,NA,"Mersenne-Twister","Inversion","Rejection",20000,1000,1000,8,1000,20,1000,0,0,0,0,NA,NA,0,FALSE
"386d8a1996_t90","3pl_beta","skew_pos","parametric",10,0.9,"not_in_arm",NA,NA,FALSE,2,"functional_of_mean_information","rho_at_expected_information","mean_random_form_reliability",NA,NA,NA,NA,NA,NA,"0.3.1",720937,720938,720938,NA,NA,"Mersenne-Twister","Inversion","Rejection",20000,1000,1000,8,1000,20,1000,0,0,0,0,NA,NA,0,FALSE
"3b32e6d656_t50","2pl","heavy_tail","irw",10,0.5,"not_in_arm",NA,NA,FALSE,2,"functional_of_mean_information","rho_at_expected_information","mean_random_form_reliability",NA,NA,NA,NA,NA,NA,"0.3.1",688624,688625,688625,NA,NA,"Mersenne-Twister","Inversion","Rejection",20000,1000,1000,8,1000,20,1000,0,0,0,0,NA,NA,0,FALSE
"3b32e6d656_t60","2pl","heavy_tail","irw",10,0.6,"not_in_arm",NA,NA,FALSE,2,"functional_of_mean_information","rho_at_expected_information","mean_random_form_reliability",NA,NA,NA,NA,NA,NA,"0.3.1",388850,388851,388851,NA,NA,"Mersenne-Twister","Inversion","Rejection",20000,1000,1000,8,1000,20,1000,0,0,0,0,NA,NA,0,FALSE
"3b32e6d656_t70","2pl","heavy_tail","irw",10,0.7,"not_in_arm",NA,NA,FALSE,2,"functional_of_mean_information","rho_at_expected_information","mean_random_form_reliability",NA,NA,NA,NA,NA,NA,"0.3.1",239849,239850,239850,NA,NA,"Mersenne-Twister","Inversion","Rejection",20000,1000,1000,8,1000,20,1000,0,0,0,0,NA,NA,0,FALSE
"3b32e6d656_t80","2pl","heavy_tail","irw",10,0.8,"not_in_arm",NA,NA,FALSE,2,"functional_of_mean_information","rho_at_expected_information","mean_random_form_reliability",NA,NA,NA,NA,NA,NA,"0.3.1",594500,594501,594501,NA,NA,"Mersenne-Twister","Inversion","Rejection",20000,1000,1000,8,1000,20,1000,0,0,0,0,NA,NA,0,FALSE
"3b32e6d656_t90","2pl","heavy_tail","irw",10,0.9,"not_in_arm",NA,NA,FALSE,2,"functional_of_mean_information","rho_at_expected_information","mean_random_form_reliability",NA,NA,NA,NA,NA,NA,"0.3.1",16966,16967,16967,NA,NA,"Mersenne-Twister","Inversion","Rejection",20000,1000,1000,8,1000,20,1000,0,0,0,0,NA,NA,0,FALSE
"3c97180640_t50","3pl_g20","bimodal","parametric",40,0.5,"ok",0.49104179820515,-0.00895820179484969,TRUE,2,"functional_of_mean_information","rho_at_expected_information","mean_random_form_reliability",0.951510560628645,0.49104179820515,0.489677659065313,0.00136413913983779,1.01396445608319,"scaled_mean_information_residual","0.3.1",163091,163092,163092,1163096,2163099,"Mersenne-Twister","Inversion","Rejection",20000,1000,1000,8,1000,20,1000,20,20,20,20,NA,NA,17.769,TRUE
"3c97180640_t60","3pl_g20","bimodal","parametric",40,0.6,"ok",0.60586470984919,0.00586470984918974,TRUE,2,"functional_of_mean_information","rho_at_expected_information","mean_random_form_reliability",1.54463471064999,0.60586470984919,0.6046366134821,0.00122809636708943,0.995186655984577,"scaled_mean_information_residual","0.3.1",370628,370629,370629,1370633,2370636,"Mersenne-Twister","Inversion","Rejection",20000,1000,1000,8,1000,20,1000,20,20,20,20,NA,NA,16.228,TRUE
"3c97180640_t70","3pl_g20","bimodal","parametric",40,0.7,"ok",0.706949204031819,0.00694920403181909,TRUE,2,"functional_of_mean_information","rho_at_expected_information","mean_random_form_reliability",2.39980951655931,0.706949204031819,0.705608518466175,0.00134068556564426,1.00523715715816,"scaled_mean_information_residual","0.3.1",298055,298056,298056,1298060,2298063,"Mersenne-Twister","Inversion","Rejection",20000,1000,1000,8,1000,20,1000,20,20,20,20,NA,NA,18.0559999999999,TRUE
"3c97180640_t80","3pl_g20","bimodal","parametric",40,0.8,"ok",0.798959593178322,-0.0010404068216785,TRUE,2,"functional_of_mean_information","rho_at_expected_information","mean_random_form_reliability",3.92486000483744,0.798959593178322,0.798553346729599,0.000406246448722558,1.01255189487814,"scaled_mean_information_residual","0.3.1",770960,770961,770961,1770965,2770968,"Mersenne-Twister","Inversion","Rejection",20000,1000,1000,8,1000,20,1000,20,20,20,20,NA,NA,18.027,TRUE
"3c97180640_t90","3pl_g20","bimodal","parametric",40,0.9,"ok",0.89691480092665,-0.00308519907334948,TRUE,2,"functional_of_mean_information","rho_at_expected_information","mean_random_form_reliability",8.7813100004581,0.89691480092665,0.896397271674649,0.000517529252001658,0.99082183310221,"scaled_mean_information_residual","0.3.1",778653,778654,778654,1778658,2778661,"Mersenne-Twister","Inversion","Rejection",20000,1000,1000,8,1000,20,1000,20,20,20,20,NA,NA,17.768,TRUE
"3c97180640_t95","3pl_g20","bimodal","parametric",40,0.95,"ok",0.947999431415136,-0.0020005685848643,TRUE,2,"functional_of_mean_information","rho_at_expected_information","mean_random_form_reliability",18.2499793161193,0.947999431415136,0.947750890821942,0.000248540593193569,0.998935869560064,"scaled_mean_information_residual","0.3.1",628629,628630,628630,1628634,2628637,"Mersenne-Twister","Inversion","Rejection",20000,1000,1000,8,1000,20,1000,20,20,20,20,NA,NA,15.935,TRUE
"3f59517c02_t50","3pl_g20","skew_pos","irw",20,0.5,"ok",0.510333043595702,0.0103330435957022,TRUE,2,"functional_of_mean_information","rho_at_expected_information","mean_random_form_reliability",1.03457459973728,0.510333043595702,0.505718877781675,0.00461416581402707,1.00737479338188,"scaled_mean_information_residual","0.3.1",801583,801584,801584,1801588,2801591,"Mersenne-Twister","Inversion","Rejection",20000,1000,1000,8,1000,20,1000,20,20,20,20,NA,NA,19.5540000000001,TRUE
"3f59517c02_t60","3pl_g20","skew_pos","irw",20,0.6,"ok",0.596473730131272,-0.00352626986872839,TRUE,2,"functional_of_mean_information","rho_at_expected_information","mean_random_form_reliability",1.50153136048867,0.596473730131272,0.586893527980613,0.00958020215065869,0.98443059178374,"scaled_mean_information_residual","0.3.1",302507,302508,302508,1302512,2302515,"Mersenne-Twister","Inversion","Rejection",20000,1000,1000,8,1000,20,1000,20,20,20,20,NA,NA,20.211,TRUE
"3f59517c02_t70","3pl_g20","skew_pos","irw",20,0.7,"ok",0.70112424565449,0.00112424565449032,TRUE,2,"functional_of_mean_information","rho_at_expected_information","mean_random_form_reliability",2.34834640000888,0.70112424565449,0.694664732987465,0.00645951266702516,0.998946296830147,"scaled_mean_information_residual","0.3.1",92449,92450,92450,1092454,2092457,"Mersenne-Twister","Inversion","Rejection",20000,1000,1000,8,1000,20,1000,20,20,20,20,NA,NA,19.128,TRUE
"3f59517c02_t80","3pl_g20","skew_pos","irw",20,0.8,"ok",0.800399044519753,0.000399044519752589,TRUE,2,"functional_of_mean_information","rho_at_expected_information","mean_random_form_reliability",4.04979539360871,0.800399044519753,0.794308372871723,0.00609067164802979,0.990172506907836,"scaled_mean_information_residual","0.3.1",526669,526670,526670,1526674,2526677,"Mersenne-Twister","Inversion","Rejection",20000,1000,1000,8,1000,20,1000,20,20,20,20,NA,NA,19.647,TRUE
"3f59517c02_t90","3pl_g20","skew_pos","irw",20,0.9,"ok",0.896607192023243,-0.00339280797675667,TRUE,2,"functional_of_mean_information","rho_at_expected_information","mean_random_form_reliability",8.66716943803812,0.896607192023243,0.885323058305507,0.0112841337177363,1.00054033500093,"scaled_mean_information_residual","0.3.1",205533,205534,205534,1205538,2205541,"Mersenne-Twister","Inversion","Rejection",20000,1000,1000,8,1000,20,1000,20,20,20,20,NA,NA,19.244,TRUE
"4144a5f588_t50","3pl_beta","heavy_tail","parametric",10,0.5,"not_in_arm",NA,NA,FALSE,2,"functional_of_mean_information","rho_at_expected_information","mean_random_form_reliability",NA,NA,NA,NA,NA,NA,"0.3.1",157116,157117,157117,NA,NA,"Mersenne-Twister","Inversion","Rejection",20000,1000,1000,8,1000,20,1000,0,0,0,0,NA,NA,0,FALSE
"4144a5f588_t60","3pl_beta","heavy_tail","parametric",10,0.6,"not_in_arm",NA,NA,FALSE,2,"functional_of_mean_information","rho_at_expected_information","mean_random_form_reliability",NA,NA,NA,NA,NA,NA,"0.3.1",581132,581133,581133,NA,NA,"Mersenne-Twister","Inversion","Rejection",20000,1000,1000,8,1000,20,1000,0,0,0,0,NA,NA,0,FALSE
"4144a5f588_t70","3pl_beta","heavy_tail","parametric",10,0.7,"not_in_arm",NA,NA,FALSE,2,"functional_of_mean_information","rho_at_expected_information","mean_random_form_reliability",NA,NA,NA,NA,NA,NA,"0.3.1",61484,61485,61485,NA,NA,"Mersenne-Twister","Inversion","Rejection",20000,1000,1000,8,1000,20,1000,0,0,0,0,NA,NA,0,FALSE
"4144a5f588_t80","3pl_beta","heavy_tail","parametric",10,0.8,"not_in_arm",NA,NA,FALSE,2,"functional_of_mean_information","rho_at_expected_information","mean_random_form_reliability",NA,NA,NA,NA,NA,NA,"0.3.1",727466,727467,727467,NA,NA,"Mersenne-Twister","Inversion","Rejection",20000,1000,1000,8,1000,20,1000,0,0,0,0,NA,NA,0,FALSE
"4144a5f588_t90","3pl_beta","heavy_tail","parametric",10,0.9,"not_in_arm",NA,NA,FALSE,2,"functional_of_mean_information","rho_at_expected_information","mean_random_form_reliability",NA,NA,NA,NA,NA,NA,"0.3.1",137489,137490,137490,NA,NA,"Mersenne-Twister","Inversion","Rejection",20000,1000,1000,8,1000,20,1000,0,0,0,0,NA,NA,0,FALSE
"4144a5f588_t95","3pl_beta","heavy_tail","parametric",10,0.95,"not_in_arm",NA,NA,FALSE,2,"functional_of_mean_information","rho_at_expected_information","mean_random_form_reliability",NA,NA,NA,NA,NA,NA,"0.3.1",153018,153019,153019,NA,NA,"Mersenne-Twister","Inversion","Rejection",20000,1000,1000,8,1000,20,1000,0,0,0,0,NA,NA,0,FALSE
"45b7a1f907_t50","3pl_beta","normal","parametric",40,0.5,"ok",0.484442740196789,-0.0155572598032106,TRUE,2,"functional_of_mean_information","rho_at_expected_information","mean_random_form_reliability",0.963928897047272,0.484442740196789,0.483481209702909,0.000961530493880536,0.974811278598276,"scaled_mean_information_residual","0.3.1",622018,622019,622019,1622023,2622026,"Mersenne-Twister","Inversion","Rejection",20000,1000,1000,8,1000,20,1000,20,20,20,20,NA,NA,18.1909999999999,TRUE
"45b7a1f907_t60","3pl_beta","normal","parametric",40,0.6,"ok",0.601991573539898,0.00199157353989776,TRUE,2,"functional_of_mean_information","rho_at_expected_information","mean_random_form_reliability",1.5209398258677,0.601991573539898,0.600369821875211,0.00162175166468648,0.99445723852218,"scaled_mean_information_residual","0.3.1",443041,443042,443042,1443046,2443049,"Mersenne-Twister","Inversion","Rejection",20000,1000,1000,8,1000,20,1000,20,20,20,20,NA,NA,16.687,TRUE
"45b7a1f907_t70","3pl_beta","normal","parametric",40,0.7,"ok",0.700601225079948,0.000601225079948198,TRUE,2,"functional_of_mean_information","rho_at_expected_information","mean_random_form_reliability",2.30490260050989,0.700601225079948,0.699817347810798,0.000783877269149746,1.01523900671677,"scaled_mean_information_residual","0.3.1",759198,759199,759199,1759203,2759206,"Mersenne-Twister","Inversion","Rejection",20000,1000,1000,8,1000,20,1000,20,20,20,20,NA,NA,18.369,TRUE
"45b7a1f907_t80","3pl_beta","normal","parametric",40,0.8,"ok",0.802727089168987,0.00272708916898656,TRUE,2,"functional_of_mean_information","rho_at_expected_information","mean_random_form_reliability",4.08196035555909,0.802727089168987,0.801251979106806,0.0014751100621806,0.99685429372387,"scaled_mean_information_residual","0.3.1",407153,407154,407154,1407158,2407161,"Mersenne-Twister","Inversion","Rejection",20000,1000,1000,8,1000,20,1000,20,20,20,20,NA,NA,20.4,TRUE
"45b7a1f907_t90","3pl_beta","normal","parametric",40,0.9,"ok",0.897118452284633,-0.00288154771536675,TRUE,2,"functional_of_mean_information","rho_at_expected_information","mean_random_form_reliability",8.76127847575593,0.897118452284633,0.896726202812651,0.000392249471981909,0.995278943271159,"scaled_mean_information_residual","0.3.1",795702,795703,795703,1795707,2795710,"Mersenne-Twister","Inversion","Rejection",20000,1000,1000,8,1000,20,1000,20,20,20,20,NA,NA,16.597,TRUE
"45b7a1f907_t95","3pl_beta","normal","parametric",40,0.95,"ok",0.948287944256913,-0.00171205574308686,TRUE,2,"functional_of_mean_information","rho_at_expected_information","mean_random_form_reliability",18.3513955198499,0.948287944256913,0.948011986685272,0.000275957571641006,0.999261904742153,"scaled_mean_information_residual","0.3.1",235442,235443,235443,1235447,2235450,"Mersenne-Twister","Inversion","Rejection",20000,1000,1000,8,1000,20,1000,20,20,20,20,NA,NA,18.409,TRUE
"45b8bbe987_t50","2pl","normal","parametric",20,0.5,"ok",0.501553689813225,0.00155368981322512,TRUE,2,"functional_of_mean_information","rho_at_expected_information","mean_random_form_reliability",0.992222883669391,0.501553689813225,0.50010528673348,0.00144840307974525,1.01412106858849,"scaled_mean_information_residual","0.3.1",616485,616486,616486,1616490,2616493,"Mersenne-Twister","Inversion","Rejection",20000,1000,1000,8,1000,20,1000,20,20,20,20,NA,NA,6.56000000000017,TRUE
"45b8bbe987_t60","2pl","normal","parametric",20,0.6,"ok",0.601407927395482,0.0014079273954819,TRUE,2,"functional_of_mean_information","rho_at_expected_information","mean_random_form_reliability",1.49552592923522,0.601407927395482,0.599937304251301,0.00147062314418067,1.00889633468446,"scaled_mean_information_residual","0.3.1",82032,82033,82033,1082037,2082040,"Mersenne-Twister","Inversion","Rejection",20000,1000,1000,8,1000,20,1000,20,20,20,20,NA,NA,9.31399999999985,TRUE
"45b8bbe987_t70","2pl","normal","parametric",20,0.7,"ok",0.709495930323358,0.00949593032335827,TRUE,2,"functional_of_mean_information","rho_at_expected_information","mean_random_form_reliability",2.39172489753524,0.709495930323358,0.707607662572264,0.00188826775109396,1.02114276204689,"scaled_mean_information_residual","0.3.1",19241,19242,19242,1019246,2019249,"Mersenne-Twister","Inversion","Rejection",20000,1000,1000,8,1000,20,1000,20,20,20,20,NA,NA,9.21800000000007,TRUE
"45b8bbe987_t80","2pl","normal","parametric",20,0.8,"ok",0.802349376942828,0.00234937694282766,TRUE,2,"functional_of_mean_information","rho_at_expected_information","mean_random_form_reliability",4.04459187456077,0.802349376942828,0.801382639369694,0.00096673757313348,1.00366926924435,"scaled_mean_information_residual","0.3.1",533524,533525,533525,1533529,2533532,"Mersenne-Twister","Inversion","Rejection",20000,1000,1000,8,1000,20,1000,20,20,20,20,NA,NA,9.13200000000006,TRUE
"45b8bbe987_t90","2pl","normal","parametric",20,0.9,"ok",0.899825267779306,-0.00017473222069353,TRUE,2,"functional_of_mean_information","rho_at_expected_information","mean_random_form_reliability",8.94202254159811,0.899825267779306,0.899076088241363,0.000749179537943845,1.00453305885082,"scaled_mean_information_residual","0.3.1",86457,86458,86458,1086462,2086465,"Mersenne-Twister","Inversion","Rejection",20000,1000,1000,8,1000,20,1000,20,20,20,20,NA,NA,9.46899999999982,TRUE
"45b8bbe987_t95","2pl","normal","parametric",20,0.95,"ok",0.955038281009549,0.00503828100954873,TRUE,2,"functional_of_mean_information","rho_at_expected_information","mean_random_form_reliability",21.5175456620478,0.955038281009549,0.954687051584387,0.000351229425162081,0.987154522795975,"scaled_mean_information_residual","0.3.1",803684,803685,803685,1803689,2803692,"Mersenne-Twister","Inversion","Rejection",20000,1000,1000,8,1000,20,1000,20,20,20,20,NA,NA,9.3789999999999,TRUE
"45eb20d1ef_t50","2pl","normal","parametric",60,0.5,"not_in_arm",NA,NA,FALSE,2,"functional_of_mean_information","rho_at_expected_information","mean_random_form_reliability",NA,NA,NA,NA,NA,NA,"0.3.1",51878,51879,51879,NA,NA,"Mersenne-Twister","Inversion","Rejection",20000,1000,1000,8,1000,20,1000,0,0,0,0,NA,NA,0,FALSE
"45eb20d1ef_t60","2pl","normal","parametric",60,0.6,"not_in_arm",NA,NA,FALSE,2,"functional_of_mean_information","rho_at_expected_information","mean_random_form_reliability",NA,NA,NA,NA,NA,NA,"0.3.1",465137,465138,465138,NA,NA,"Mersenne-Twister","Inversion","Rejection",20000,1000,1000,8,1000,20,1000,0,0,0,0,NA,NA,0,FALSE
"45eb20d1ef_t70","2pl","normal","parametric",60,0.7,"not_in_arm",NA,NA,FALSE,2,"functional_of_mean_information","rho_at_expected_information","mean_random_form_reliability",NA,NA,NA,NA,NA,NA,"0.3.1",276241,276242,276242,NA,NA,"Mersenne-Twister","Inversion","Rejection",20000,1000,1000,8,1000,20,1000,0,0,0,0,NA,NA,0,FALSE
"45eb20d1ef_t80","2pl","normal","parametric",60,0.8,"not_in_arm",NA,NA,FALSE,2,"functional_of_mean_information","rho_at_expected_information","mean_random_form_reliability",NA,NA,NA,NA,NA,NA,"0.3.1",355503,355504,355504,NA,NA,"Mersenne-Twister","Inversion","Rejection",20000,1000,1000,8,1000,20,1000,0,0,0,0,NA,NA,0,FALSE
"45eb20d1ef_t90","2pl","normal","parametric",60,0.9,"not_in_arm",NA,NA,FALSE,2,"functional_of_mean_information","rho_at_expected_information","mean_random_form_reliability",NA,NA,NA,NA,NA,NA,"0.3.1",778936,778937,778937,NA,NA,"Mersenne-Twister","Inversion","Rejection",20000,1000,1000,8,1000,20,1000,0,0,0,0,NA,NA,0,FALSE
"45eb20d1ef_t95","2pl","normal","parametric",60,0.95,"not_in_arm",NA,NA,FALSE,2,"functional_of_mean_information","rho_at_expected_information","mean_random_form_reliability",NA,NA,NA,NA,NA,NA,"0.3.1",318917,318918,318918,NA,NA,"Mersenne-Twister","Inversion","Rejection",20000,1000,1000,8,1000,20,1000,0,0,0,0,NA,NA,0,FALSE
"48ec297ef8_t50","3pl_beta","bimodal","parametric",20,0.5,"ok",0.499688341341011,-0.000311658658988578,TRUE,2,"functional_of_mean_information","rho_at_expected_information","mean_random_form_reliability",0.992787696606056,0.499688341341011,0.497100168800351,0.00258817254066007,1.00600978974991,"scaled_mean_information_residual","0.3.1",666157,666158,666158,1666162,2666165,"Mersenne-Twister","Inversion","Rejection",20000,1000,1000,8,1000,20,1000,20,20,20,20,NA,NA,12.3589999999999,TRUE
"48ec297ef8_t60","3pl_beta","bimodal","parametric",20,0.6,"ok",0.599711759169538,-0.000288240830462194,TRUE,2,"functional_of_mean_information","rho_at_expected_information","mean_random_form_reliability",1.49240775645515,0.599711759169538,0.598001547024043,0.00171021214549505,1.00388100072718,"scaled_mean_information_residual","0.3.1",676905,676906,676906,1676910,2676913,"Mersenne-Twister","Inversion","Rejection",20000,1000,1000,8,1000,20,1000,20,20,20,20,NA,NA,12.472,TRUE
"48ec297ef8_t70","3pl_beta","bimodal","parametric",20,0.7,"ok",0.709937962278085,0.0099379622780853,TRUE,2,"functional_of_mean_information","rho_at_expected_information","mean_random_form_reliability",2.44260874975431,0.709937962278085,0.708388182538475,0.00154977973961001,1.00201817173984,"scaled_mean_information_residual","0.3.1",586824,586825,586825,1586829,2586832,"Mersenne-Twister","Inversion","Rejection",20000,1000,1000,8,1000,20,1000,20,20,20,20,NA,NA,12.462,TRUE
"48ec297ef8_t80","3pl_beta","bimodal","parametric",20,0.8,"ok",0.809353951444411,0.00935395144441054,TRUE,2,"functional_of_mean_information","rho_at_expected_information","mean_random_form_reliability",4.22673441005044,0.809353951444411,0.807293299543578,0.00206065190083271,1.00439773263564,"scaled_mean_information_residual","0.3.1",254881,254882,254882,1254886,2254889,"Mersenne-Twister","Inversion","Rejection",20000,1000,1000,8,1000,20,1000,20,20,20,20,NA,NA,12.1580000000001,TRUE
"48ec297ef8_t90","3pl_beta","bimodal","parametric",20,0.9,"ok",0.914181632048351,0.0141816320483511,TRUE,2,"functional_of_mean_information","rho_at_expected_information","mean_random_form_reliability",10.6915179276284,0.914181632048351,0.912968705421103,0.00121292662724837,0.996352171087123,"scaled_mean_information_residual","0.3.1",534903,534904,534904,1534908,2534911,"Mersenne-Twister","Inversion","Rejection",20000,1000,1000,8,1000,20,1000,20,20,20,20,NA,NA,12.3719999999998,TRUE
"48ec297ef8_t95","3pl_beta","bimodal","parametric",20,0.95,"ok",0.949516901052907,-0.000483098947092531,TRUE,2,"functional_of_mean_information","rho_at_expected_information","mean_random_form_reliability",18.7870589781659,0.949516901052907,0.949097483531295,0.000419417521612564,1.00114710092401,"scaled_mean_information_residual","0.3.1",95671,95672,95672,1095676,2095679,"Mersenne-Twister","Inversion","Rejection",20000,1000,1000,8,1000,20,1000,20,20,20,20,NA,NA,12.0980000000002,TRUE
"4f22d501ce_t50","3pl_beta","bimodal","irw",10,0.5,"not_in_arm",NA,NA,FALSE,2,"functional_of_mean_information","rho_at_expected_information","mean_random_form_reliability",NA,NA,NA,NA,NA,NA,"0.3.1",756790,756791,756791,NA,NA,"Mersenne-Twister","Inversion","Rejection",20000,1000,1000,8,1000,20,1000,0,0,0,0,NA,NA,0,FALSE
"4f22d501ce_t60","3pl_beta","bimodal","irw",10,0.6,"not_in_arm",NA,NA,FALSE,2,"functional_of_mean_information","rho_at_expected_information","mean_random_form_reliability",NA,NA,NA,NA,NA,NA,"0.3.1",495222,495223,495223,NA,NA,"Mersenne-Twister","Inversion","Rejection",20000,1000,1000,8,1000,20,1000,0,0,0,0,NA,NA,0,FALSE
"4f22d501ce_t70","3pl_beta","bimodal","irw",10,0.7,"not_in_arm",NA,NA,FALSE,2,"functional_of_mean_information","rho_at_expected_information","mean_random_form_reliability",NA,NA,NA,NA,NA,NA,"0.3.1",79943,79944,79944,NA,NA,"Mersenne-Twister","Inversion","Rejection",20000,1000,1000,8,1000,20,1000,0,0,0,0,NA,NA,0,FALSE
"4f22d501ce_t80","3pl_beta","bimodal","irw",10,0.8,"not_in_arm",NA,NA,FALSE,2,"functional_of_mean_information","rho_at_expected_information","mean_random_form_reliability",NA,NA,NA,NA,NA,NA,"0.3.1",731193,731194,731194,NA,NA,"Mersenne-Twister","Inversion","Rejection",20000,1000,1000,8,1000,20,1000,0,0,0,0,NA,NA,0,FALSE
"4f22d501ce_t90","3pl_beta","bimodal","irw",10,0.9,"not_in_arm",NA,NA,FALSE,2,"functional_of_mean_information","rho_at_expected_information","mean_random_form_reliability",NA,NA,NA,NA,NA,NA,"0.3.1",734558,734559,734559,NA,NA,"Mersenne-Twister","Inversion","Rejection",20000,1000,1000,8,1000,20,1000,0,0,0,0,NA,NA,0,FALSE
"4f70e285ab_t50","rasch","normal","parametric",20,0.5,"ok",0.499625159683563,-0.000374840316436642,TRUE,2,"functional_of_mean_information","rho_at_expected_information","mean_random_form_reliability",1.00125608165563,0.499625159683563,0.499594199523468,3.09601600951281e-05,0.997249135589011,"scaled_mean_information_residual","0.3.1",179179,179180,179180,1179184,2179187,"Mersenne-Twister","Inversion","Rejection",20000,1000,1000,8,1000,20,1000,20,20,20,20,NA,NA,7.12200000000007,TRUE
"4f70e285ab_t60","rasch","normal","parametric",20,0.6,"ok",0.600359574407106,0.000359574407105545,TRUE,2,"functional_of_mean_information","rho_at_expected_information","mean_random_form_reliability",1.47780806585566,0.600359574407106,0.600329601210956,2.99731961490579e-05,1.01653888403105,"scaled_mean_information_residual","0.3.1",680101,680102,680102,1680106,2680109,"Mersenne-Twister","Inversion","Rejection",20000,1000,1000,8,1000,20,1000,20,20,20,20,NA,NA,6.46499999999992,TRUE
"4f70e285ab_t70","rasch","normal","parametric",20,0.7,"ok",0.696479953454415,-0.00352004654558447,TRUE,2,"functional_of_mean_information","rho_at_expected_information","mean_random_form_reliability",2.31086394445108,0.696479953454415,0.696394675631649,8.52778227662387e-05,0.992994548278745,"scaled_mean_information_residual","0.3.1",241395,241396,241396,1241400,2241403,"Mersenne-Twister","Inversion","Rejection",20000,1000,1000,8,1000,20,1000,20,20,20,20,NA,NA,6.49499999999989,TRUE
"4f70e285ab_t80","rasch","normal","parametric",20,0.8,"ok",0.799913081397559,-8.6918602441366e-05,TRUE,2,"functional_of_mean_information","rho_at_expected_information","mean_random_form_reliability",3.96703189824605,0.799913081397559,0.799832096476666,8.09849208927016e-05,1.00776300302796,"scaled_mean_information_residual","0.3.1",594772,594773,594773,1594777,2594780,"Mersenne-Twister","Inversion","Rejection",20000,1000,1000,8,1000,20,1000,20,20,20,20,NA,NA,6.64100000000008,TRUE
"4f70e285ab_t90","rasch","normal","parametric",20,0.9,"ok",0.898900748702884,-0.0010992512971163,TRUE,2,"functional_of_mean_information","rho_at_expected_information","mean_random_form_reliability",8.87563973574363,0.898900748702884,0.898680538663106,0.000220210039777902,1.00176103920483,"scaled_mean_information_residual","0.3.1",496223,496224,496224,1496228,2496231,"Mersenne-Twister","Inversion","Rejection",20000,1000,1000,8,1000,20,1000,20,20,20,20,NA,NA,6.56399999999985,TRUE
"4f70e285ab_t95","rasch","normal","parametric",20,0.95,"ok",0.948461787178003,-0.00153821282199729,TRUE,2,"functional_of_mean_information","rho_at_expected_information","mean_random_form_reliability",18.4746170633699,0.948461787178003,0.948164820108754,0.000296967069248422,0.996127749099831,"scaled_mean_information_residual","0.3.1",62698,62699,62699,1062703,2062706,"Mersenne-Twister","Inversion","Rejection",20000,1000,1000,8,1000,20,1000,20,20,20,20,NA,NA,6.48199999999997,TRUE
"51454d0a5c_t50","rasch","normal","parametric",40,0.5,"ok",0.500100215642179,0.000100215642179324,TRUE,2,"functional_of_mean_information","rho_at_expected_information","mean_random_form_reliability",1.00491930209621,0.500100215642179,0.500096831828736,3.38381344333616e-06,0.995503759200806,"scaled_mean_information_residual","0.3.1",118296,118297,118297,1118301,2118304,"Mersenne-Twister","Inversion","Rejection",20000,1000,1000,8,1000,20,1000,20,20,20,20,NA,NA,10.528,TRUE
"51454d0a5c_t60","rasch","normal","parametric",40,0.6,"ok",0.599836637033526,-0.000163362966474012,TRUE,2,"functional_of_mean_information","rho_at_expected_information","mean_random_form_reliability",1.48519542563305,0.599836637033526,0.599828864800852,7.77223267434124e-06,1.00928091509703,"scaled_mean_information_residual","0.3.1",689984,689985,689985,1689989,2689992,"Mersenne-Twister","Inversion","Rejection",20000,1000,1000,8,1000,20,1000,20,20,20,20,NA,NA,10.7350000000001,TRUE
"51454d0a5c_t70","rasch","normal","parametric",40,0.7,"ok",0.699752738497676,-0.00024726150232357,TRUE,2,"functional_of_mean_information","rho_at_expected_information","mean_random_form_reliability",2.33060122000399,0.699752738497676,0.699738776257798,1.39622398788175e-05,0.999994433118163,"scaled_mean_information_residual","0.3.1",811733,811734,811734,1811738,2811741,"Mersenne-Twister","Inversion","Rejection",20000,1000,1000,8,1000,20,1000,20,20,20,20,NA,NA,10.6770000000001,TRUE
"51454d0a5c_t80","rasch","normal","parametric",40,0.8,"ok",0.800234511385837,0.000234511385836966,TRUE,2,"functional_of_mean_information","rho_at_expected_information","mean_random_form_reliability",3.93951935396074,0.800234511385837,0.800196525601507,3.79857843296749e-05,1.01684223562384,"scaled_mean_information_residual","0.3.1",736761,736762,736762,1736766,2736769,"Mersenne-Twister","Inversion","Rejection",20000,1000,1000,8,1000,20,1000,20,20,20,20,NA,NA,10.3440000000001,TRUE
"51454d0a5c_t90","rasch","normal","parametric",40,0.9,"ok",0.899898101874676,-0.000101898125324351,TRUE,2,"functional_of_mean_information","rho_at_expected_information","mean_random_form_reliability",8.98499492513137,0.899898101874676,0.899816046974809,8.20548998667903e-05,1.00053707709741,"scaled_mean_information_residual","0.3.1",131533,131534,131534,1131538,2131541,"Mersenne-Twister","Inversion","Rejection",20000,1000,1000,8,1000,20,1000,20,20,20,20,NA,NA,10.751,TRUE
"51454d0a5c_t95","rasch","normal","parametric",40,0.95,"ok",0.951363625917016,0.001363625917016,TRUE,2,"functional_of_mean_information","rho_at_expected_information","mean_random_form_reliability",19.5547130476576,0.951363625917016,0.951276432883313,8.71930337029703e-05,1.00030837576754,"scaled_mean_information_residual","0.3.1",750930,750931,750931,1750935,2750938,"Mersenne-Twister","Inversion","Rejection",20000,1000,1000,8,1000,20,1000,20,20,20,20,NA,NA,10.825,TRUE
"51e3e31f93_t50","3pl_beta","skew_pos","irw",60,0.5,"not_in_arm",NA,NA,FALSE,2,"functional_of_mean_information","rho_at_expected_information","mean_random_form_reliability",NA,NA,NA,NA,NA,NA,"0.3.1",90644,90645,90645,NA,NA,"Mersenne-Twister","Inversion","Rejection",20000,1000,1000,8,1000,20,1000,0,0,0,0,NA,NA,0,FALSE
"51e3e31f93_t60","3pl_beta","skew_pos","irw",60,0.6,"not_in_arm",NA,NA,FALSE,2,"functional_of_mean_information","rho_at_expected_information","mean_random_form_reliability",NA,NA,NA,NA,NA,NA,"0.3.1",347564,347565,347565,NA,NA,"Mersenne-Twister","Inversion","Rejection",20000,1000,1000,8,1000,20,1000,0,0,0,0,NA,NA,0,FALSE
"51e3e31f93_t70","3pl_beta","skew_pos","irw",60,0.7,"not_in_arm",NA,NA,FALSE,2,"functional_of_mean_information","rho_at_expected_information","mean_random_form_reliability",NA,NA,NA,NA,NA,NA,"0.3.1",537865,537866,537866,NA,NA,"Mersenne-Twister","Inversion","Rejection",20000,1000,1000,8,1000,20,1000,0,0,0,0,NA,NA,0,FALSE
"51e3e31f93_t80","3pl_beta","skew_pos","irw",60,0.8,"not_in_arm",NA,NA,FALSE,2,"functional_of_mean_information","rho_at_expected_information","mean_random_form_reliability",NA,NA,NA,NA,NA,NA,"0.3.1",725226,725227,725227,NA,NA,"Mersenne-Twister","Inversion","Rejection",20000,1000,1000,8,1000,20,1000,0,0,0,0,NA,NA,0,FALSE
"51e3e31f93_t90","3pl_beta","skew_pos","irw",60,0.9,"not_in_arm",NA,NA,FALSE,2,"functional_of_mean_information","rho_at_expected_information","mean_random_form_reliability",NA,NA,NA,NA,NA,NA,"0.3.1",316985,316986,316986,NA,NA,"Mersenne-Twister","Inversion","Rejection",20000,1000,1000,8,1000,20,1000,0,0,0,0,NA,NA,0,FALSE
"51e3e31f93_t95","3pl_beta","skew_pos","irw",60,0.95,"not_in_arm",NA,NA,FALSE,2,"functional_of_mean_information","rho_at_expected_information","mean_random_form_reliability",NA,NA,NA,NA,NA,NA,"0.3.1",118929,118930,118930,NA,NA,"Mersenne-Twister","Inversion","Rejection",20000,1000,1000,8,1000,20,1000,0,0,0,0,NA,NA,0,FALSE
"52b9791e08_t50","3pl_g20","heavy_tail","parametric",20,0.5,"ok",0.493121759720395,-0.00687824027960537,TRUE,2,"functional_of_mean_information","rho_at_expected_information","mean_random_form_reliability",0.954226530746606,0.493121759720395,0.491002733394868,0.00211902632552696,1.01952770451032,"scaled_mean_information_residual","0.3.1",569662,569663,569663,1569667,2569670,"Mersenne-Twister","Inversion","Rejection",20000,1000,1000,8,1000,20,1000,20,20,20,20,NA,NA,8.654,TRUE
"52b9791e08_t60","3pl_g20","heavy_tail","parametric",20,0.6,"ok",0.600664205214947,0.000664205214946922,TRUE,2,"functional_of_mean_information","rho_at_expected_information","mean_random_form_reliability",1.53393453541187,0.600664205214947,0.598623775109539,0.00204043010540789,0.980588253666114,"scaled_mean_information_residual","0.3.1",500972,500973,500973,1500977,2500980,"Mersenne-Twister","Inversion","Rejection",20000,1000,1000,8,1000,20,1000,20,20,20,20,NA,NA,8.56500000000005,TRUE
"52b9791e08_t70","3pl_g20","heavy_tail","parametric",20,0.7,"ok",0.689835990723197,-0.0101640092768026,TRUE,2,"functional_of_mean_information","rho_at_expected_information","mean_random_form_reliability",2.16745025352528,0.689835990723197,0.687933365416754,0.00190262530644336,1.0261369082124,"scaled_mean_information_residual","0.3.1",367111,367112,367112,1367116,2367119,"Mersenne-Twister","Inversion","Rejection",20000,1000,1000,8,1000,20,1000,20,20,20,20,NA,NA,12.3229999999999,TRUE
"52b9791e08_t80","3pl_g20","heavy_tail","parametric",20,0.8,"ok",0.804852541865088,0.00485254186508832,TRUE,2,"functional_of_mean_information","rho_at_expected_information","mean_random_form_reliability",4.04360547253542,0.804852541865088,0.802686896908096,0.00216564495699245,1.01996353514336,"scaled_mean_information_residual","0.3.1",187433,187434,187434,1187438,2187441,"Mersenne-Twister","Inversion","Rejection",20000,1000,1000,8,1000,20,1000,20,20,20,20,NA,NA,12.3509999999999,TRUE
"52b9791e08_t90","3pl_g20","heavy_tail","parametric",20,0.9,"ok",0.896496334220591,-0.00350366577940897,TRUE,2,"functional_of_mean_information","rho_at_expected_information","mean_random_form_reliability",8.59500784382604,0.896496334220591,0.89493139776921,0.00156493645138134,1.00773538708327,"scaled_mean_information_residual","0.3.1",618002,618003,618003,1618007,2618010,"Mersenne-Twister","Inversion","Rejection",20000,1000,1000,8,1000,20,1000,20,20,20,20,NA,NA,12.2670000000001,TRUE
"52b9791e08_t95","3pl_g20","heavy_tail","parametric",20,0.95,"ok",0.950908828341357,0.000908828341356971,TRUE,2,"functional_of_mean_information","rho_at_expected_information","mean_random_form_reliability",19.1699888587479,0.950908828341357,0.950459431760182,0.000449396581174821,1.01044719225856,"scaled_mean_information_residual","0.3.1",508588,508589,508589,1508593,2508596,"Mersenne-Twister","Inversion","Rejection",20000,1000,1000,8,1000,20,1000,20,20,20,20,NA,NA,12.1490000000001,TRUE
"54e9907b58_t50","3pl_g20","heavy_tail","irw",60,0.5,"not_in_arm",NA,NA,FALSE,2,"functional_of_mean_information","rho_at_expected_information","mean_random_form_reliability",NA,NA,NA,NA,NA,NA,"0.3.1",463769,463770,463770,NA,NA,"Mersenne-Twister","Inversion","Rejection",20000,1000,1000,8,1000,20,1000,0,0,0,0,NA,NA,0,FALSE
"54e9907b58_t60","3pl_g20","heavy_tail","irw",60,0.6,"not_in_arm",NA,NA,FALSE,2,"functional_of_mean_information","rho_at_expected_information","mean_random_form_reliability",NA,NA,NA,NA,NA,NA,"0.3.1",394565,394566,394566,NA,NA,"Mersenne-Twister","Inversion","Rejection",20000,1000,1000,8,1000,20,1000,0,0,0,0,NA,NA,0,FALSE
"54e9907b58_t70","3pl_g20","heavy_tail","irw",60,0.7,"not_in_arm",NA,NA,FALSE,2,"functional_of_mean_information","rho_at_expected_information","mean_random_form_reliability",NA,NA,NA,NA,NA,NA,"0.3.1",48767,48768,48768,NA,NA,"Mersenne-Twister","Inversion","Rejection",20000,1000,1000,8,1000,20,1000,0,0,0,0,NA,NA,0,FALSE
"54e9907b58_t80","3pl_g20","heavy_tail","irw",60,0.8,"not_in_arm",NA,NA,FALSE,2,"functional_of_mean_information","rho_at_expected_information","mean_random_form_reliability",NA,NA,NA,NA,NA,NA,"0.3.1",668935,668936,668936,NA,NA,"Mersenne-Twister","Inversion","Rejection",20000,1000,1000,8,1000,20,1000,0,0,0,0,NA,NA,0,FALSE
"54e9907b58_t90","3pl_g20","heavy_tail","irw",60,0.9,"not_in_arm",NA,NA,FALSE,2,"functional_of_mean_information","rho_at_expected_information","mean_random_form_reliability",NA,NA,NA,NA,NA,NA,"0.3.1",365474,365475,365475,NA,NA,"Mersenne-Twister","Inversion","Rejection",20000,1000,1000,8,1000,20,1000,0,0,0,0,NA,NA,0,FALSE
"54e9907b58_t95","3pl_g20","heavy_tail","irw",60,0.95,"not_in_arm",NA,NA,FALSE,2,"functional_of_mean_information","rho_at_expected_information","mean_random_form_reliability",NA,NA,NA,NA,NA,NA,"0.3.1",609464,609465,609465,NA,NA,"Mersenne-Twister","Inversion","Rejection",20000,1000,1000,8,1000,20,1000,0,0,0,0,NA,NA,0,FALSE
"55a1174a1c_t50","2pl","skew_pos","parametric",40,0.5,"ok",0.496743774510104,-0.00325622548989551,TRUE,2,"functional_of_mean_information","rho_at_expected_information","mean_random_form_reliability",0.97975277546174,0.496743774510104,0.495857817757949,0.00088595675215597,1.00745759334305,"scaled_mean_information_residual","0.3.1",116323,116324,116324,1116328,2116331,"Mersenne-Twister","Inversion","Rejection",20000,1000,1000,8,1000,20,1000,20,20,20,20,NA,NA,14.937,TRUE
"55a1174a1c_t60","2pl","skew_pos","parametric",40,0.6,"ok",0.602308020613887,0.00230802061388724,TRUE,2,"functional_of_mean_information","rho_at_expected_information","mean_random_form_reliability",1.53676014372285,0.602308020613887,0.601071262855159,0.00123675775872845,0.985520643419869,"scaled_mean_information_residual","0.3.1",786836,786837,786837,1786841,2786844,"Mersenne-Twister","Inversion","Rejection",20000,1000,1000,8,1000,20,1000,20,20,20,20,NA,NA,15.159,TRUE
"55a1174a1c_t70","2pl","skew_pos","parametric",40,0.7,"ok",0.702506406451563,0.00250640645156308,TRUE,2,"functional_of_mean_information","rho_at_expected_information","mean_random_form_reliability",2.38003793332619,0.702506406451563,0.701760811012356,0.000745595439207491,0.992176171009618,"scaled_mean_information_residual","0.3.1",15266,15267,15267,1015271,2015274,"Mersenne-Twister","Inversion","Rejection",20000,1000,1000,8,1000,20,1000,20,20,20,20,NA,NA,15.316,TRUE
"55a1174a1c_t80","2pl","skew_pos","parametric",40,0.8,"ok",0.800197356851303,0.000197356851303399,TRUE,2,"functional_of_mean_information","rho_at_expected_information","mean_random_form_reliability",3.98775289548605,0.800197356851303,0.799289733470739,0.000907623380564604,1.00430967007533,"scaled_mean_information_residual","0.3.1",540677,540678,540678,1540682,2540685,"Mersenne-Twister","Inversion","Rejection",20000,1000,1000,8,1000,20,1000,20,20,20,20,NA,NA,15.379,TRUE
"55a1174a1c_t90","2pl","skew_pos","parametric",40,0.9,"ok",0.898911717514877,-0.00108828248512272,TRUE,2,"functional_of_mean_information","rho_at_expected_information","mean_random_form_reliability",8.9582855310512,0.898911717514877,0.898258444927125,0.00065327258775183,0.992638974167989,"scaled_mean_information_residual","0.3.1",292921,292922,292922,1292926,2292929,"Mersenne-Twister","Inversion","Rejection",20000,1000,1000,8,1000,20,1000,20,20,20,20,NA,NA,15.4400000000001,TRUE
"55a1174a1c_t95","2pl","skew_pos","parametric",40,0.95,"ok",0.948094295506798,-0.00190570449320182,TRUE,2,"functional_of_mean_information","rho_at_expected_information","mean_random_form_reliability",18.3107104938003,0.948094295506798,0.947833266790779,0.000261028716018741,0.99754213183621,"scaled_mean_information_residual","0.3.1",396880,396881,396881,1396885,2396888,"Mersenne-Twister","Inversion","Rejection",20000,1000,1000,8,1000,20,1000,20,20,20,20,NA,NA,15.255,TRUE
"58488a9252_t50","2pl","bimodal","parametric",40,0.5,"ok",0.492987246398824,-0.0070127536011757,TRUE,2,"functional_of_mean_information","rho_at_expected_information","mean_random_form_reliability",0.965800125966012,0.492987246398824,0.491994877283992,0.00099236911483247,1.00676832341387,"scaled_mean_information_residual","0.3.1",228510,228511,228511,1228515,2228518,"Mersenne-Twister","Inversion","Rejection",20000,1000,1000,8,1000,20,1000,20,20,20,20,NA,NA,15.2710000000001,TRUE
"58488a9252_t60","2pl","bimodal","parametric",40,0.6,"ok",0.60228252561868,0.00228252561868014,TRUE,2,"functional_of_mean_information","rho_at_expected_information","mean_random_form_reliability",1.526894979803,0.60228252561868,0.601175456134686,0.00110706948399453,0.991782458771879,"scaled_mean_information_residual","0.3.1",139274,139275,139275,1139279,2139282,"Mersenne-Twister","Inversion","Rejection",20000,1000,1000,8,1000,20,1000,20,20,20,20,NA,NA,14.907,TRUE
"58488a9252_t70","2pl","bimodal","parametric",40,0.7,"ok",0.705328123586886,0.00532812358688628,TRUE,2,"functional_of_mean_information","rho_at_expected_information","mean_random_form_reliability",2.37371566636715,0.705328123586886,0.704416092844392,0.000912030742494352,1.00837905436121,"scaled_mean_information_residual","0.3.1",558191,558192,558192,1558196,2558199,"Mersenne-Twister","Inversion","Rejection",20000,1000,1000,8,1000,20,1000,20,20,20,20,NA,NA,15.3130000000001,TRUE
"58488a9252_t80","2pl","bimodal","parametric",40,0.8,"ok",0.791816696219448,-0.00818330378055243,TRUE,2,"functional_of_mean_information","rho_at_expected_information","mean_random_form_reliability",3.78857464051036,0.791816696219448,0.791308122531558,0.000508573687889813,1.0039287945712,"scaled_mean_information_residual","0.3.1",741227,741228,741228,1741232,2741235,"Mersenne-Twister","Inversion","Rejection",20000,1000,1000,8,1000,20,1000,20,20,20,20,NA,NA,15.2910000000001,TRUE
"58488a9252_t90","2pl","bimodal","parametric",40,0.9,"ok",0.902487556488437,0.00248755648843746,TRUE,2,"functional_of_mean_information","rho_at_expected_information","mean_random_form_reliability",9.24473032041573,0.902487556488437,0.90198094951067,0.000506606977767499,1.00112184136516,"scaled_mean_information_residual","0.3.1",427227,427228,427228,1427232,2427235,"Mersenne-Twister","Inversion","Rejection",20000,1000,1000,8,1000,20,1000,20,20,20,20,NA,NA,15.031,TRUE
"58488a9252_t95","2pl","bimodal","parametric",40,0.95,"ok",0.949440845063557,-0.000559154936442652,TRUE,2,"functional_of_mean_information","rho_at_expected_information","mean_random_form_reliability",18.4781649539615,0.949440845063557,0.949248354049188,0.000192491014369245,1.01627037338161,"scaled_mean_information_residual","0.3.1",139152,139153,139153,1139157,2139160,"Mersenne-Twister","Inversion","Rejection",20000,1000,1000,8,1000,20,1000,20,20,20,20,NA,NA,15.009,TRUE
"594de50093_t50","3pl_g20","skew_pos","irw",60,0.5,"not_in_arm",NA,NA,FALSE,2,"functional_of_mean_information","rho_at_expected_information","mean_random_form_reliability",NA,NA,NA,NA,NA,NA,"0.3.1",350744,350745,350745,NA,NA,"Mersenne-Twister","Inversion","Rejection",20000,1000,1000,8,1000,20,1000,0,0,0,0,NA,NA,0,FALSE
"594de50093_t60","3pl_g20","skew_pos","irw",60,0.6,"not_in_arm",NA,NA,FALSE,2,"functional_of_mean_information","rho_at_expected_information","mean_random_form_reliability",NA,NA,NA,NA,NA,NA,"0.3.1",564649,564650,564650,NA,NA,"Mersenne-Twister","Inversion","Rejection",20000,1000,1000,8,1000,20,1000,0,0,0,0,NA,NA,0,FALSE
"594de50093_t70","3pl_g20","skew_pos","irw",60,0.7,"not_in_arm",NA,NA,FALSE,2,"functional_of_mean_information","rho_at_expected_information","mean_random_form_reliability",NA,NA,NA,NA,NA,NA,"0.3.1",325452,325453,325453,NA,NA,"Mersenne-Twister","Inversion","Rejection",20000,1000,1000,8,1000,20,1000,0,0,0,0,NA,NA,0,FALSE
"594de50093_t80","3pl_g20","skew_pos","irw",60,0.8,"not_in_arm",NA,NA,FALSE,2,"functional_of_mean_information","rho_at_expected_information","mean_random_form_reliability",NA,NA,NA,NA,NA,NA,"0.3.1",244849,244850,244850,NA,NA,"Mersenne-Twister","Inversion","Rejection",20000,1000,1000,8,1000,20,1000,0,0,0,0,NA,NA,0,FALSE
"594de50093_t90","3pl_g20","skew_pos","irw",60,0.9,"not_in_arm",NA,NA,FALSE,2,"functional_of_mean_information","rho_at_expected_information","mean_random_form_reliability",NA,NA,NA,NA,NA,NA,"0.3.1",171293,171294,171294,NA,NA,"Mersenne-Twister","Inversion","Rejection",20000,1000,1000,8,1000,20,1000,0,0,0,0,NA,NA,0,FALSE
"594de50093_t95","3pl_g20","skew_pos","irw",60,0.95,"not_in_arm",NA,NA,FALSE,2,"functional_of_mean_information","rho_at_expected_information","mean_random_form_reliability",NA,NA,NA,NA,NA,NA,"0.3.1",589130,589131,589131,NA,NA,"Mersenne-Twister","Inversion","Rejection",20000,1000,1000,8,1000,20,1000,0,0,0,0,NA,NA,0,FALSE
"5bfd86674d_t50","2pl","skew_pos","irw",40,0.5,"ok",0.505095819133724,0.00509581913372381,TRUE,2,"functional_of_mean_information","rho_at_expected_information","mean_random_form_reliability",1.0267365193986,0.505095819133724,0.503201837150329,0.00189398198339452,0.994016610137053,"scaled_mean_information_residual","0.3.1",360189,360190,360190,1360194,2360197,"Mersenne-Twister","Inversion","Rejection",20000,1000,1000,8,1000,20,1000,20,20,20,20,NA,NA,22.138,TRUE
"5bfd86674d_t60","2pl","skew_pos","irw",40,0.6,"ok",0.603392376453647,0.00339237645364687,TRUE,2,"functional_of_mean_information","rho_at_expected_information","mean_random_form_reliability",1.51295671116145,0.603392376453647,0.601846897448319,0.00154547900532775,1.00556988548993,"scaled_mean_information_residual","0.3.1",747441,747442,747442,1747446,2747449,"Mersenne-Twister","Inversion","Rejection",20000,1000,1000,8,1000,20,1000,20,20,20,20,NA,NA,20.537,TRUE
"5bfd86674d_t70","2pl","skew_pos","irw",40,0.7,"ok",0.704133803819614,0.00413380381961381,TRUE,2,"functional_of_mean_information","rho_at_expected_information","mean_random_form_reliability",2.40021432689741,0.704133803819614,0.70014907257374,0.00398473124587384,0.991539048945924,"scaled_mean_information_residual","0.3.1",217720,217721,217721,1217725,2217728,"Mersenne-Twister","Inversion","Rejection",20000,1000,1000,8,1000,20,1000,20,20,20,20,NA,NA,16.928,TRUE
"5bfd86674d_t80","2pl","skew_pos","irw",40,0.8,"ok",0.79792790387795,-0.00207209612204962,TRUE,2,"functional_of_mean_information","rho_at_expected_information","mean_random_form_reliability",3.96076889661869,0.79792790387795,0.79384864115392,0.00407926272402992,0.996960159600139,"scaled_mean_information_residual","0.3.1",67349,67350,67350,1067354,2067357,"Mersenne-Twister","Inversion","Rejection",20000,1000,1000,8,1000,20,1000,20,20,20,20,NA,NA,17.102,TRUE
"5bfd86674d_t90","2pl","skew_pos","irw",40,0.9,"ok",0.89564250836501,-0.00435749163498955,TRUE,2,"functional_of_mean_information","rho_at_expected_information","mean_random_form_reliability",8.50905946912595,0.89564250836501,0.890181136611961,0.00546137175304917,1.00862448547629,"scaled_mean_information_residual","0.3.1",541743,541744,541744,1541748,2541751,"Mersenne-Twister","Inversion","Rejection",20000,1000,1000,8,1000,20,1000,20,20,20,20,NA,NA,19.874,TRUE
"5bfd86674d_t95","2pl","skew_pos","irw",40,0.95,"ok",0.947271685772657,-0.00272831422734321,TRUE,2,"functional_of_mean_information","rho_at_expected_information","mean_random_form_reliability",17.9154813194266,0.947271685772657,0.941230696568108,0.00604098920454899,1.0027719775108,"scaled_mean_information_residual","0.3.1",299857,299858,299858,1299862,2299865,"Mersenne-Twister","Inversion","Rejection",20000,1000,1000,8,1000,20,1000,20,20,20,20,NA,NA,16.921,TRUE
"5faa1bbcf6_t50","3pl_g20","normal","parametric",10,0.5,"not_in_arm",NA,NA,FALSE,2,"functional_of_mean_information","rho_at_expected_information","mean_random_form_reliability",NA,NA,NA,NA,NA,NA,"0.3.1",409291,409292,409292,NA,NA,"Mersenne-Twister","Inversion","Rejection",20000,1000,1000,8,1000,20,1000,0,0,0,0,NA,NA,0,FALSE
"5faa1bbcf6_t60","3pl_g20","normal","parametric",10,0.6,"not_in_arm",NA,NA,FALSE,2,"functional_of_mean_information","rho_at_expected_information","mean_random_form_reliability",NA,NA,NA,NA,NA,NA,"0.3.1",315318,315319,315319,NA,NA,"Mersenne-Twister","Inversion","Rejection",20000,1000,1000,8,1000,20,1000,0,0,0,0,NA,NA,0,FALSE
"5faa1bbcf6_t70","3pl_g20","normal","parametric",10,0.7,"not_in_arm",NA,NA,FALSE,2,"functional_of_mean_information","rho_at_expected_information","mean_random_form_reliability",NA,NA,NA,NA,NA,NA,"0.3.1",730359,730360,730360,NA,NA,"Mersenne-Twister","Inversion","Rejection",20000,1000,1000,8,1000,20,1000,0,0,0,0,NA,NA,0,FALSE
"5faa1bbcf6_t80","3pl_g20","normal","parametric",10,0.8,"not_in_arm",NA,NA,FALSE,2,"functional_of_mean_information","rho_at_expected_information","mean_random_form_reliability",NA,NA,NA,NA,NA,NA,"0.3.1",675845,675846,675846,NA,NA,"Mersenne-Twister","Inversion","Rejection",20000,1000,1000,8,1000,20,1000,0,0,0,0,NA,NA,0,FALSE
"5faa1bbcf6_t90","3pl_g20","normal","parametric",10,0.9,"not_in_arm",NA,NA,FALSE,2,"functional_of_mean_information","rho_at_expected_information","mean_random_form_reliability",NA,NA,NA,NA,NA,NA,"0.3.1",44934,44935,44935,NA,NA,"Mersenne-Twister","Inversion","Rejection",20000,1000,1000,8,1000,20,1000,0,0,0,0,NA,NA,0,FALSE
"6175b158cc_t50","2pl","heavy_tail","irw",40,0.5,"ok",0.506690993285749,0.00669099328574851,TRUE,2,"functional_of_mean_information","rho_at_expected_information","mean_random_form_reliability",1.03771246645408,0.506690993285749,0.505856968636389,0.000834024649359888,0.989799216363423,"scaled_mean_information_residual","0.3.1",14589,14590,14590,1014594,2014597,"Mersenne-Twister","Inversion","Rejection",20000,1000,1000,8,1000,20,1000,20,20,20,20,NA,NA,18.585,TRUE
"6175b158cc_t60","2pl","heavy_tail","irw",40,0.6,"ok",0.598146677921289,-0.00185332207871058,TRUE,2,"functional_of_mean_information","rho_at_expected_information","mean_random_form_reliability",1.52061638452398,0.598146677921289,0.59690586543727,0.00124081248401908,0.978859739663765,"scaled_mean_information_residual","0.3.1",94811,94812,94812,1094816,2094819,"Mersenne-Twister","Inversion","Rejection",20000,1000,1000,8,1000,20,1000,20,20,20,20,NA,NA,17.747,TRUE
"6175b158cc_t70","2pl","heavy_tail","irw",40,0.7,"ok",0.693037034311726,-0.00696296568827415,TRUE,2,"functional_of_mean_information","rho_at_expected_information","mean_random_form_reliability",2.32551273748064,0.693037034311726,0.690546388245699,0.002490646066027,0.970849113148642,"scaled_mean_information_residual","0.3.1",173426,173427,173427,1173431,2173434,"Mersenne-Twister","Inversion","Rejection",20000,1000,1000,8,1000,20,1000,20,20,20,20,NA,NA,19.261,TRUE
"6175b158cc_t80","2pl","heavy_tail","irw",40,0.8,"ok",0.807667687325357,0.00766768732535728,TRUE,2,"functional_of_mean_information","rho_at_expected_information","mean_random_form_reliability",4.0566550941025,0.807667687325357,0.803933277032819,0.00373441029253851,1.0351716508024,"scaled_mean_information_residual","0.3.1",69109,69110,69110,1069114,2069117,"Mersenne-Twister","Inversion","Rejection",20000,1000,1000,8,1000,20,1000,20,20,20,20,NA,NA,17.021,TRUE
"6175b158cc_t90","2pl","heavy_tail","irw",40,0.9,"ok",0.906026098815638,0.00602609881563765,TRUE,2,"functional_of_mean_information","rho_at_expected_information","mean_random_form_reliability",9.53270572485672,0.906026098815638,0.901442957558383,0.00458314125725512,1.011386762809,"scaled_mean_information_residual","0.3.1",778680,778681,778681,1778685,2778688,"Mersenne-Twister","Inversion","Rejection",20000,1000,1000,8,1000,20,1000,20,20,20,20,NA,NA,22.301,TRUE
"6175b158cc_t95","2pl","heavy_tail","irw",40,0.95,"ok",0.944485934389997,-0.00551406561000278,TRUE,2,"functional_of_mean_information","rho_at_expected_information","mean_random_form_reliability",17.2652103495869,0.944485934389997,0.94075294204957,0.00373299234042768,0.985418216440378,"scaled_mean_information_residual","0.3.1",216381,216382,216382,1216386,2216389,"Mersenne-Twister","Inversion","Rejection",20000,1000,1000,8,1000,20,1000,20,20,20,20,NA,NA,19.615,TRUE
"61f9108969_t50","rasch","skew_pos","irw",60,0.5,"not_in_arm",NA,NA,FALSE,2,"functional_of_mean_information","rho_at_expected_information","mean_random_form_reliability",NA,NA,NA,NA,NA,NA,"0.3.1",410236,410237,410237,NA,NA,"Mersenne-Twister","Inversion","Rejection",20000,1000,1000,8,1000,20,1000,0,0,0,0,NA,NA,0,FALSE
"61f9108969_t60","rasch","skew_pos","irw",60,0.6,"not_in_arm",NA,NA,FALSE,2,"functional_of_mean_information","rho_at_expected_information","mean_random_form_reliability",NA,NA,NA,NA,NA,NA,"0.3.1",30373,30374,30374,NA,NA,"Mersenne-Twister","Inversion","Rejection",20000,1000,1000,8,1000,20,1000,0,0,0,0,NA,NA,0,FALSE
"61f9108969_t70","rasch","skew_pos","irw",60,0.7,"not_in_arm",NA,NA,FALSE,2,"functional_of_mean_information","rho_at_expected_information","mean_random_form_reliability",NA,NA,NA,NA,NA,NA,"0.3.1",444842,444843,444843,NA,NA,"Mersenne-Twister","Inversion","Rejection",20000,1000,1000,8,1000,20,1000,0,0,0,0,NA,NA,0,FALSE
"61f9108969_t80","rasch","skew_pos","irw",60,0.8,"not_in_arm",NA,NA,FALSE,2,"functional_of_mean_information","rho_at_expected_information","mean_random_form_reliability",NA,NA,NA,NA,NA,NA,"0.3.1",251250,251251,251251,NA,NA,"Mersenne-Twister","Inversion","Rejection",20000,1000,1000,8,1000,20,1000,0,0,0,0,NA,NA,0,FALSE
"61f9108969_t90","rasch","skew_pos","irw",60,0.9,"not_in_arm",NA,NA,FALSE,2,"functional_of_mean_information","rho_at_expected_information","mean_random_form_reliability",NA,NA,NA,NA,NA,NA,"0.3.1",260204,260205,260205,NA,NA,"Mersenne-Twister","Inversion","Rejection",20000,1000,1000,8,1000,20,1000,0,0,0,0,NA,NA,0,FALSE
"61f9108969_t95","rasch","skew_pos","irw",60,0.95,"not_in_arm",NA,NA,FALSE,2,"functional_of_mean_information","rho_at_expected_information","mean_random_form_reliability",NA,NA,NA,NA,NA,NA,"0.3.1",177775,177776,177776,NA,NA,"Mersenne-Twister","Inversion","Rejection",20000,1000,1000,8,1000,20,1000,0,0,0,0,NA,NA,0,FALSE
"6415c12b10_t50","3pl_beta","normal","parametric",10,0.5,"not_in_arm",NA,NA,FALSE,2,"functional_of_mean_information","rho_at_expected_information","mean_random_form_reliability",NA,NA,NA,NA,NA,NA,"0.3.1",673823,673824,673824,NA,NA,"Mersenne-Twister","Inversion","Rejection",20000,1000,1000,8,1000,20,1000,0,0,0,0,NA,NA,0,FALSE
"6415c12b10_t60","3pl_beta","normal","parametric",10,0.6,"not_in_arm",NA,NA,FALSE,2,"functional_of_mean_information","rho_at_expected_information","mean_random_form_reliability",NA,NA,NA,NA,NA,NA,"0.3.1",558064,558065,558065,NA,NA,"Mersenne-Twister","Inversion","Rejection",20000,1000,1000,8,1000,20,1000,0,0,0,0,NA,NA,0,FALSE
"6415c12b10_t70","3pl_beta","normal","parametric",10,0.7,"not_in_arm",NA,NA,FALSE,2,"functional_of_mean_information","rho_at_expected_information","mean_random_form_reliability",NA,NA,NA,NA,NA,NA,"0.3.1",690637,690638,690638,NA,NA,"Mersenne-Twister","Inversion","Rejection",20000,1000,1000,8,1000,20,1000,0,0,0,0,NA,NA,0,FALSE
"6415c12b10_t80","3pl_beta","normal","parametric",10,0.8,"not_in_arm",NA,NA,FALSE,2,"functional_of_mean_information","rho_at_expected_information","mean_random_form_reliability",NA,NA,NA,NA,NA,NA,"0.3.1",668501,668502,668502,NA,NA,"Mersenne-Twister","Inversion","Rejection",20000,1000,1000,8,1000,20,1000,0,0,0,0,NA,NA,0,FALSE
"6415c12b10_t90","3pl_beta","normal","parametric",10,0.9,"not_in_arm",NA,NA,FALSE,2,"functional_of_mean_information","rho_at_expected_information","mean_random_form_reliability",NA,NA,NA,NA,NA,NA,"0.3.1",753905,753906,753906,NA,NA,"Mersenne-Twister","Inversion","Rejection",20000,1000,1000,8,1000,20,1000,0,0,0,0,NA,NA,0,FALSE
"65c72a887e_t50","rasch","skew_pos","irw",20,0.5,"ok",0.490609338361575,-0.00939066163842506,TRUE,2,"functional_of_mean_information","rho_at_expected_information","mean_random_form_reliability",0.966458084227964,0.490609338361575,0.487386737253319,0.00322260110825612,0.996556229241755,"scaled_mean_information_residual","0.3.1",240792,240793,240793,1240797,2240800,"Mersenne-Twister","Inversion","Rejection",20000,1000,1000,8,1000,20,1000,20,20,20,20,NA,NA,18.611,TRUE
"65c72a887e_t60","rasch","skew_pos","irw",20,0.6,"ok",0.59441405650122,-0.00558594349877961,TRUE,2,"functional_of_mean_information","rho_at_expected_information","mean_random_form_reliability",1.44914695244237,0.59441405650122,0.592857857420944,0.00155619908027671,1.0113319971864,"scaled_mean_information_residual","0.3.1",412372,412373,412373,1412377,2412380,"Mersenne-Twister","Inversion","Rejection",20000,1000,1000,8,1000,20,1000,20,20,20,20,NA,NA,19.0319999999999,TRUE
"65c72a887e_t70","rasch","skew_pos","irw",20,0.7,"ok",0.689802720899291,-0.0101972791007092,TRUE,2,"functional_of_mean_information","rho_at_expected_information","mean_random_form_reliability",2.22278160363618,0.689802720899291,0.682522239946631,0.00728048095265932,1.00043787536408,"scaled_mean_information_residual","0.3.1",800508,800509,800509,1800513,2800516,"Mersenne-Twister","Inversion","Rejection",20000,1000,1000,8,1000,20,1000,20,20,20,20,NA,NA,19.1130000000001,TRUE
"65c72a887e_t80","rasch","skew_pos","irw",20,0.8,"ok",0.793081205846825,-0.00691879415317487,TRUE,2,"functional_of_mean_information","rho_at_expected_information","mean_random_form_reliability",3.89097227630377,0.793081205846825,0.787518237601931,0.00556296824489377,0.985052965983269,"scaled_mean_information_residual","0.3.1",477592,477593,477593,1477597,2477600,"Mersenne-Twister","Inversion","Rejection",20000,1000,1000,8,1000,20,1000,20,20,20,20,NA,NA,20.994,TRUE
"65c72a887e_t90","rasch","skew_pos","irw",20,0.9,"ok",0.898078900344858,-0.00192109965514176,TRUE,2,"functional_of_mean_information","rho_at_expected_information","mean_random_form_reliability",8.68273651381405,0.898078900344858,0.889179150243874,0.00889975010098409,1.01483110539933,"scaled_mean_information_residual","0.3.1",173566,173567,173567,1173571,2173574,"Mersenne-Twister","Inversion","Rejection",20000,1000,1000,8,1000,20,1000,20,20,20,20,NA,NA,18.628,TRUE
"65c72a887e_t95","rasch","skew_pos","irw",20,0.95,"ok",0.947669345308446,-0.00233065469155413,TRUE,2,"functional_of_mean_information","rho_at_expected_information","mean_random_form_reliability",17.7071396547635,0.947669345308446,0.933101215033477,0.014568130274969,1.02270940991473,"scaled_mean_information_residual","0.3.1",29707,29708,29708,1029712,2029715,"Mersenne-Twister","Inversion","Rejection",20000,1000,1000,8,1000,20,1000,20,20,20,20,NA,NA,18.885,TRUE
"6837e6d676_t50","rasch","normal","parametric",10,0.5,"not_in_arm",NA,NA,FALSE,2,"functional_of_mean_information","rho_at_expected_information","mean_random_form_reliability",NA,NA,NA,NA,NA,NA,"0.3.1",566287,566288,566288,NA,NA,"Mersenne-Twister","Inversion","Rejection",20000,1000,1000,8,1000,20,1000,0,0,0,0,NA,NA,0,FALSE
"6837e6d676_t60","rasch","normal","parametric",10,0.6,"not_in_arm",NA,NA,FALSE,2,"functional_of_mean_information","rho_at_expected_information","mean_random_form_reliability",NA,NA,NA,NA,NA,NA,"0.3.1",78613,78614,78614,NA,NA,"Mersenne-Twister","Inversion","Rejection",20000,1000,1000,8,1000,20,1000,0,0,0,0,NA,NA,0,FALSE
"6837e6d676_t70","rasch","normal","parametric",10,0.7,"not_in_arm",NA,NA,FALSE,2,"functional_of_mean_information","rho_at_expected_information","mean_random_form_reliability",NA,NA,NA,NA,NA,NA,"0.3.1",637947,637948,637948,NA,NA,"Mersenne-Twister","Inversion","Rejection",20000,1000,1000,8,1000,20,1000,0,0,0,0,NA,NA,0,FALSE
"6837e6d676_t80","rasch","normal","parametric",10,0.8,"not_in_arm",NA,NA,FALSE,2,"functional_of_mean_information","rho_at_expected_information","mean_random_form_reliability",NA,NA,NA,NA,NA,NA,"0.3.1",190086,190087,190087,NA,NA,"Mersenne-Twister","Inversion","Rejection",20000,1000,1000,8,1000,20,1000,0,0,0,0,NA,NA,0,FALSE
"6837e6d676_t90","rasch","normal","parametric",10,0.9,"not_in_arm",NA,NA,FALSE,2,"functional_of_mean_information","rho_at_expected_information","mean_random_form_reliability",NA,NA,NA,NA,NA,NA,"0.3.1",576605,576606,576606,NA,NA,"Mersenne-Twister","Inversion","Rejection",20000,1000,1000,8,1000,20,1000,0,0,0,0,NA,NA,0,FALSE
"6837e6d676_t95","rasch","normal","parametric",10,0.95,"not_in_arm",NA,NA,FALSE,2,"functional_of_mean_information","rho_at_expected_information","mean_random_form_reliability",NA,NA,NA,NA,NA,NA,"0.3.1",306232,306233,306233,NA,NA,"Mersenne-Twister","Inversion","Rejection",20000,1000,1000,8,1000,20,1000,0,0,0,0,NA,NA,0,FALSE
"686daead56_t50","rasch","bimodal","irw",60,0.5,"not_in_arm",NA,NA,FALSE,2,"functional_of_mean_information","rho_at_expected_information","mean_random_form_reliability",NA,NA,NA,NA,NA,NA,"0.3.1",302702,302703,302703,NA,NA,"Mersenne-Twister","Inversion","Rejection",20000,1000,1000,8,1000,20,1000,0,0,0,0,NA,NA,0,FALSE
"686daead56_t60","rasch","bimodal","irw",60,0.6,"not_in_arm",NA,NA,FALSE,2,"functional_of_mean_information","rho_at_expected_information","mean_random_form_reliability",NA,NA,NA,NA,NA,NA,"0.3.1",341000,341001,341001,NA,NA,"Mersenne-Twister","Inversion","Rejection",20000,1000,1000,8,1000,20,1000,0,0,0,0,NA,NA,0,FALSE
"686daead56_t70","rasch","bimodal","irw",60,0.7,"not_in_arm",NA,NA,FALSE,2,"functional_of_mean_information","rho_at_expected_information","mean_random_form_reliability",NA,NA,NA,NA,NA,NA,"0.3.1",513376,513377,513377,NA,NA,"Mersenne-Twister","Inversion","Rejection",20000,1000,1000,8,1000,20,1000,0,0,0,0,NA,NA,0,FALSE
"686daead56_t80","rasch","bimodal","irw",60,0.8,"not_in_arm",NA,NA,FALSE,2,"functional_of_mean_information","rho_at_expected_information","mean_random_form_reliability",NA,NA,NA,NA,NA,NA,"0.3.1",268489,268490,268490,NA,NA,"Mersenne-Twister","Inversion","Rejection",20000,1000,1000,8,1000,20,1000,0,0,0,0,NA,NA,0,FALSE
"686daead56_t90","rasch","bimodal","irw",60,0.9,"not_in_arm",NA,NA,FALSE,2,"functional_of_mean_information","rho_at_expected_information","mean_random_form_reliability",NA,NA,NA,NA,NA,NA,"0.3.1",609347,609348,609348,NA,NA,"Mersenne-Twister","Inversion","Rejection",20000,1000,1000,8,1000,20,1000,0,0,0,0,NA,NA,0,FALSE
"686daead56_t95","rasch","bimodal","irw",60,0.95,"not_in_arm",NA,NA,FALSE,2,"functional_of_mean_information","rho_at_expected_information","mean_random_form_reliability",NA,NA,NA,NA,NA,NA,"0.3.1",632238,632239,632239,NA,NA,"Mersenne-Twister","Inversion","Rejection",20000,1000,1000,8,1000,20,1000,0,0,0,0,NA,NA,0,FALSE
"69320217c6_t50","3pl_beta","skew_pos","irw",10,0.5,"not_in_arm",NA,NA,FALSE,2,"functional_of_mean_information","rho_at_expected_information","mean_random_form_reliability",NA,NA,NA,NA,NA,NA,"0.3.1",115621,115622,115622,NA,NA,"Mersenne-Twister","Inversion","Rejection",20000,1000,1000,8,1000,20,1000,0,0,0,0,NA,NA,0,FALSE
"69320217c6_t60","3pl_beta","skew_pos","irw",10,0.6,"not_in_arm",NA,NA,FALSE,2,"functional_of_mean_information","rho_at_expected_information","mean_random_form_reliability",NA,NA,NA,NA,NA,NA,"0.3.1",223496,223497,223497,NA,NA,"Mersenne-Twister","Inversion","Rejection",20000,1000,1000,8,1000,20,1000,0,0,0,0,NA,NA,0,FALSE
"69320217c6_t70","3pl_beta","skew_pos","irw",10,0.7,"not_in_arm",NA,NA,FALSE,2,"functional_of_mean_information","rho_at_expected_information","mean_random_form_reliability",NA,NA,NA,NA,NA,NA,"0.3.1",266950,266951,266951,NA,NA,"Mersenne-Twister","Inversion","Rejection",20000,1000,1000,8,1000,20,1000,0,0,0,0,NA,NA,0,FALSE
"69320217c6_t80","3pl_beta","skew_pos","irw",10,0.8,"not_in_arm",NA,NA,FALSE,2,"functional_of_mean_information","rho_at_expected_information","mean_random_form_reliability",NA,NA,NA,NA,NA,NA,"0.3.1",44716,44717,44717,NA,NA,"Mersenne-Twister","Inversion","Rejection",20000,1000,1000,8,1000,20,1000,0,0,0,0,NA,NA,0,FALSE
"69320217c6_t90","3pl_beta","skew_pos","irw",10,0.9,"not_in_arm",NA,NA,FALSE,2,"functional_of_mean_information","rho_at_expected_information","mean_random_form_reliability",NA,NA,NA,NA,NA,NA,"0.3.1",537328,537329,537329,NA,NA,"Mersenne-Twister","Inversion","Rejection",20000,1000,1000,8,1000,20,1000,0,0,0,0,NA,NA,0,FALSE
"6a235480c1_t50","rasch","skew_pos","parametric",60,0.5,"not_in_arm",NA,NA,FALSE,2,"functional_of_mean_information","rho_at_expected_information","mean_random_form_reliability",NA,NA,NA,NA,NA,NA,"0.3.1",623598,623599,623599,NA,NA,"Mersenne-Twister","Inversion","Rejection",20000,1000,1000,8,1000,20,1000,0,0,0,0,NA,NA,0,FALSE
"6a235480c1_t60","rasch","skew_pos","parametric",60,0.6,"not_in_arm",NA,NA,FALSE,2,"functional_of_mean_information","rho_at_expected_information","mean_random_form_reliability",NA,NA,NA,NA,NA,NA,"0.3.1",677626,677627,677627,NA,NA,"Mersenne-Twister","Inversion","Rejection",20000,1000,1000,8,1000,20,1000,0,0,0,0,NA,NA,0,FALSE
"6a235480c1_t70","rasch","skew_pos","parametric",60,0.7,"not_in_arm",NA,NA,FALSE,2,"functional_of_mean_information","rho_at_expected_information","mean_random_form_reliability",NA,NA,NA,NA,NA,NA,"0.3.1",346678,346679,346679,NA,NA,"Mersenne-Twister","Inversion","Rejection",20000,1000,1000,8,1000,20,1000,0,0,0,0,NA,NA,0,FALSE
"6a235480c1_t80","rasch","skew_pos","parametric",60,0.8,"not_in_arm",NA,NA,FALSE,2,"functional_of_mean_information","rho_at_expected_information","mean_random_form_reliability",NA,NA,NA,NA,NA,NA,"0.3.1",563236,563237,563237,NA,NA,"Mersenne-Twister","Inversion","Rejection",20000,1000,1000,8,1000,20,1000,0,0,0,0,NA,NA,0,FALSE
"6a235480c1_t90","rasch","skew_pos","parametric",60,0.9,"not_in_arm",NA,NA,FALSE,2,"functional_of_mean_information","rho_at_expected_information","mean_random_form_reliability",NA,NA,NA,NA,NA,NA,"0.3.1",46624,46625,46625,NA,NA,"Mersenne-Twister","Inversion","Rejection",20000,1000,1000,8,1000,20,1000,0,0,0,0,NA,NA,0,FALSE
"6a235480c1_t95","rasch","skew_pos","parametric",60,0.95,"not_in_arm",NA,NA,FALSE,2,"functional_of_mean_information","rho_at_expected_information","mean_random_form_reliability",NA,NA,NA,NA,NA,NA,"0.3.1",557683,557684,557684,NA,NA,"Mersenne-Twister","Inversion","Rejection",20000,1000,1000,8,1000,20,1000,0,0,0,0,NA,NA,0,FALSE
"6d3bc9f997_t50","3pl_beta","heavy_tail","parametric",40,0.5,"ok",0.505273329239285,0.00527332923928525,TRUE,2,"functional_of_mean_information","rho_at_expected_information","mean_random_form_reliability",1.0073906379106,0.505273329239285,0.504664775587918,0.000608553651367694,1.01382533626317,"scaled_mean_information_residual","0.3.1",180885,180886,180886,1180890,2180893,"Mersenne-Twister","Inversion","Rejection",20000,1000,1000,8,1000,20,1000,20,20,20,20,NA,NA,20.293,TRUE
"6d3bc9f997_t60","3pl_beta","heavy_tail","parametric",40,0.6,"ok",0.602240442555659,0.00224044255565914,TRUE,2,"functional_of_mean_information","rho_at_expected_information","mean_random_form_reliability",1.51214663409946,0.602240442555659,0.601081260803303,0.00115918175235619,1.00127964086712,"scaled_mean_information_residual","0.3.1",146507,146508,146508,1146512,2146515,"Mersenne-Twister","Inversion","Rejection",20000,1000,1000,8,1000,20,1000,20,20,20,20,NA,NA,15.159,TRUE
"6d3bc9f997_t70","3pl_beta","heavy_tail","parametric",40,0.7,"ok",0.702222804197066,0.00222280419706644,TRUE,2,"functional_of_mean_information","rho_at_expected_information","mean_random_form_reliability",2.39966792489484,0.702222804197066,0.701345215619568,0.000877588577498534,0.982725773859137,"scaled_mean_information_residual","0.3.1",412553,412554,412554,1412558,2412561,"Mersenne-Twister","Inversion","Rejection",20000,1000,1000,8,1000,20,1000,20,20,20,20,NA,NA,15.386,TRUE
"6d3bc9f997_t80","3pl_beta","heavy_tail","parametric",40,0.8,"ok",0.79775291087787,-0.00224708912212968,TRUE,2,"functional_of_mean_information","rho_at_expected_information","mean_random_form_reliability",3.92579219935908,0.79775291087787,0.797046634450859,0.000706276427011154,1.00475183990297,"scaled_mean_information_residual","0.3.1",309273,309274,309274,1309278,2309281,"Mersenne-Twister","Inversion","Rejection",20000,1000,1000,8,1000,20,1000,20,20,20,20,NA,NA,16.128,TRUE
"6d3bc9f997_t90","3pl_beta","heavy_tail","parametric",40,0.9,"ok",0.898518076232854,-0.00148192376714562,TRUE,2,"functional_of_mean_information","rho_at_expected_information","mean_random_form_reliability",8.6111958861091,0.898518076232854,0.897436882329434,0.00108119390341999,1.02819303720202,"scaled_mean_information_residual","0.3.1",479931,479932,479932,1479936,2479939,"Mersenne-Twister","Inversion","Rejection",20000,1000,1000,8,1000,20,1000,20,20,20,20,NA,NA,17.2139999999999,TRUE
"6d3bc9f997_t95","3pl_beta","heavy_tail","parametric",40,0.95,"ok",0.943540996335484,-0.00645900366451557,TRUE,2,"functional_of_mean_information","rho_at_expected_information","mean_random_form_reliability",17.5206548781364,0.943540996335484,0.943114676783204,0.000426319552280008,0.953843731492439,"scaled_mean_information_residual","0.3.1",139308,139309,139309,1139313,2139316,"Mersenne-Twister","Inversion","Rejection",20000,1000,1000,8,1000,20,1000,20,20,20,20,NA,NA,17.65,TRUE
"6eeb99a793_t50","3pl_g20","skew_pos","parametric",10,0.5,"not_in_arm",NA,NA,FALSE,2,"functional_of_mean_information","rho_at_expected_information","mean_random_form_reliability",NA,NA,NA,NA,NA,NA,"0.3.1",420859,420860,420860,NA,NA,"Mersenne-Twister","Inversion","Rejection",20000,1000,1000,8,1000,20,1000,0,0,0,0,NA,NA,0,FALSE
"6eeb99a793_t60","3pl_g20","skew_pos","parametric",10,0.6,"not_in_arm",NA,NA,FALSE,2,"functional_of_mean_information","rho_at_expected_information","mean_random_form_reliability",NA,NA,NA,NA,NA,NA,"0.3.1",664373,664374,664374,NA,NA,"Mersenne-Twister","Inversion","Rejection",20000,1000,1000,8,1000,20,1000,0,0,0,0,NA,NA,0,FALSE
"6eeb99a793_t70","3pl_g20","skew_pos","parametric",10,0.7,"not_in_arm",NA,NA,FALSE,2,"functional_of_mean_information","rho_at_expected_information","mean_random_form_reliability",NA,NA,NA,NA,NA,NA,"0.3.1",276698,276699,276699,NA,NA,"Mersenne-Twister","Inversion","Rejection",20000,1000,1000,8,1000,20,1000,0,0,0,0,NA,NA,0,FALSE
"6eeb99a793_t80","3pl_g20","skew_pos","parametric",10,0.8,"not_in_arm",NA,NA,FALSE,2,"functional_of_mean_information","rho_at_expected_information","mean_random_form_reliability",NA,NA,NA,NA,NA,NA,"0.3.1",561091,561092,561092,NA,NA,"Mersenne-Twister","Inversion","Rejection",20000,1000,1000,8,1000,20,1000,0,0,0,0,NA,NA,0,FALSE
"6eeb99a793_t90","3pl_g20","skew_pos","parametric",10,0.9,"not_in_arm",NA,NA,FALSE,2,"functional_of_mean_information","rho_at_expected_information","mean_random_form_reliability",NA,NA,NA,NA,NA,NA,"0.3.1",783120,783121,783121,NA,NA,"Mersenne-Twister","Inversion","Rejection",20000,1000,1000,8,1000,20,1000,0,0,0,0,NA,NA,0,FALSE
"6eeb99a793_t95","3pl_g20","skew_pos","parametric",10,0.95,"not_in_arm",NA,NA,FALSE,2,"functional_of_mean_information","rho_at_expected_information","mean_random_form_reliability",NA,NA,NA,NA,NA,NA,"0.3.1",39155,39156,39156,NA,NA,"Mersenne-Twister","Inversion","Rejection",20000,1000,1000,8,1000,20,1000,0,0,0,0,NA,NA,0,FALSE
"6f8ac52639_t50","3pl_g20","skew_pos","irw",40,0.5,"ok",0.490365081092217,-0.00963491890778312,TRUE,2,"functional_of_mean_information","rho_at_expected_information","mean_random_form_reliability",0.951128526089266,0.490365081092217,0.488380086793527,0.0019849942986897,1.0116287242154,"scaled_mean_information_residual","0.3.1",645386,645387,645387,1645391,2645394,"Mersenne-Twister","Inversion","Rejection",20000,1000,1000,8,1000,20,1000,20,20,20,20,NA,NA,25.5119999999999,TRUE
"6f8ac52639_t60","3pl_g20","skew_pos","irw",40,0.6,"ok",0.602828669291125,0.00282866929112469,TRUE,2,"functional_of_mean_information","rho_at_expected_information","mean_random_form_reliability",1.51828742109851,0.602828669291125,0.601542322812058,0.00128634647906645,0.999682322194415,"scaled_mean_information_residual","0.3.1",566828,566829,566829,1566833,2566836,"Mersenne-Twister","Inversion","Rejection",20000,1000,1000,8,1000,20,1000,20,20,20,20,NA,NA,25.88,TRUE
"6f8ac52639_t70","3pl_g20","skew_pos","irw",40,0.7,"ok",0.689398206128695,-0.010601793871305,TRUE,2,"functional_of_mean_information","rho_at_expected_information","mean_random_form_reliability",2.18827717094551,0.689398206128695,0.680752699707601,0.0086455064210943,1.01429400763721,"scaled_mean_information_residual","0.3.1",366012,366013,366013,1366017,2366020,"Mersenne-Twister","Inversion","Rejection",20000,1000,1000,8,1000,20,1000,20,20,20,20,NA,NA,23.22,TRUE
"6f8ac52639_t80","3pl_g20","skew_pos","irw",40,0.8,"ok",0.799154729086917,-0.000845270913083174,TRUE,2,"functional_of_mean_information","rho_at_expected_information","mean_random_form_reliability",4.04074517783738,0.799154729086917,0.776244961104656,0.0229097679822605,0.984708757061074,"scaled_mean_information_residual","0.3.1",757115,757116,757116,1757120,2757123,"Mersenne-Twister","Inversion","Rejection",20000,1000,1000,8,1000,20,1000,20,20,20,20,NA,NA,25.8579999999999,TRUE
"6f8ac52639_t90","3pl_g20","skew_pos","irw",40,0.9,"ok",0.901020540285409,0.00102054028540854,TRUE,2,"functional_of_mean_information","rho_at_expected_information","mean_random_form_reliability",9.0102728693593,0.901020540285409,0.884597192509982,0.0164233477754262,1.01030306202101,"scaled_mean_information_residual","0.3.1",758065,758066,758066,1758070,2758073,"Mersenne-Twister","Inversion","Rejection",20000,1000,1000,8,1000,20,1000,20,20,20,20,NA,NA,26.496,TRUE
"6f8ac52639_t95","3pl_g20","skew_pos","irw",40,0.95,"ok",0.947771588796356,-0.00222841120364381,TRUE,2,"functional_of_mean_information","rho_at_expected_information","mean_random_form_reliability",17.8106554740436,0.947771588796356,0.941250066927768,0.00652152186858768,1.01886576150996,"scaled_mean_information_residual","0.3.1",646345,646346,646346,1646350,2646353,"Mersenne-Twister","Inversion","Rejection",20000,1000,1000,8,1000,20,1000,20,20,20,20,NA,NA,20.435,TRUE
"6fa1916652_t50","3pl_g20","skew_pos","parametric",60,0.5,"not_in_arm",NA,NA,FALSE,2,"functional_of_mean_information","rho_at_expected_information","mean_random_form_reliability",NA,NA,NA,NA,NA,NA,"0.3.1",486209,486210,486210,NA,NA,"Mersenne-Twister","Inversion","Rejection",20000,1000,1000,8,1000,20,1000,0,0,0,0,NA,NA,0,FALSE
"6fa1916652_t60","3pl_g20","skew_pos","parametric",60,0.6,"not_in_arm",NA,NA,FALSE,2,"functional_of_mean_information","rho_at_expected_information","mean_random_form_reliability",NA,NA,NA,NA,NA,NA,"0.3.1",632154,632155,632155,NA,NA,"Mersenne-Twister","Inversion","Rejection",20000,1000,1000,8,1000,20,1000,0,0,0,0,NA,NA,0,FALSE
"6fa1916652_t70","3pl_g20","skew_pos","parametric",60,0.7,"not_in_arm",NA,NA,FALSE,2,"functional_of_mean_information","rho_at_expected_information","mean_random_form_reliability",NA,NA,NA,NA,NA,NA,"0.3.1",553006,553007,553007,NA,NA,"Mersenne-Twister","Inversion","Rejection",20000,1000,1000,8,1000,20,1000,0,0,0,0,NA,NA,0,FALSE
"6fa1916652_t80","3pl_g20","skew_pos","parametric",60,0.8,"not_in_arm",NA,NA,FALSE,2,"functional_of_mean_information","rho_at_expected_information","mean_random_form_reliability",NA,NA,NA,NA,NA,NA,"0.3.1",524924,524925,524925,NA,NA,"Mersenne-Twister","Inversion","Rejection",20000,1000,1000,8,1000,20,1000,0,0,0,0,NA,NA,0,FALSE
"6fa1916652_t90","3pl_g20","skew_pos","parametric",60,0.9,"not_in_arm",NA,NA,FALSE,2,"functional_of_mean_information","rho_at_expected_information","mean_random_form_reliability",NA,NA,NA,NA,NA,NA,"0.3.1",78745,78746,78746,NA,NA,"Mersenne-Twister","Inversion","Rejection",20000,1000,1000,8,1000,20,1000,0,0,0,0,NA,NA,0,FALSE
"6fa1916652_t95","3pl_g20","skew_pos","parametric",60,0.95,"not_in_arm",NA,NA,FALSE,2,"functional_of_mean_information","rho_at_expected_information","mean_random_form_reliability",NA,NA,NA,NA,NA,NA,"0.3.1",422965,422966,422966,NA,NA,"Mersenne-Twister","Inversion","Rejection",20000,1000,1000,8,1000,20,1000,0,0,0,0,NA,NA,0,FALSE
"6fc75d8330_t50","2pl","heavy_tail","parametric",60,0.5,"not_in_arm",NA,NA,FALSE,2,"functional_of_mean_information","rho_at_expected_information","mean_random_form_reliability",NA,NA,NA,NA,NA,NA,"0.3.1",540701,540702,540702,NA,NA,"Mersenne-Twister","Inversion","Rejection",20000,1000,1000,8,1000,20,1000,0,0,0,0,NA,NA,0,FALSE
"6fc75d8330_t60","2pl","heavy_tail","parametric",60,0.6,"not_in_arm",NA,NA,FALSE,2,"functional_of_mean_information","rho_at_expected_information","mean_random_form_reliability",NA,NA,NA,NA,NA,NA,"0.3.1",518123,518124,518124,NA,NA,"Mersenne-Twister","Inversion","Rejection",20000,1000,1000,8,1000,20,1000,0,0,0,0,NA,NA,0,FALSE
"6fc75d8330_t70","2pl","heavy_tail","parametric",60,0.7,"not_in_arm",NA,NA,FALSE,2,"functional_of_mean_information","rho_at_expected_information","mean_random_form_reliability",NA,NA,NA,NA,NA,NA,"0.3.1",471754,471755,471755,NA,NA,"Mersenne-Twister","Inversion","Rejection",20000,1000,1000,8,1000,20,1000,0,0,0,0,NA,NA,0,FALSE
"6fc75d8330_t80","2pl","heavy_tail","parametric",60,0.8,"not_in_arm",NA,NA,FALSE,2,"functional_of_mean_information","rho_at_expected_information","mean_random_form_reliability",NA,NA,NA,NA,NA,NA,"0.3.1",431874,431875,431875,NA,NA,"Mersenne-Twister","Inversion","Rejection",20000,1000,1000,8,1000,20,1000,0,0,0,0,NA,NA,0,FALSE
"6fc75d8330_t90","2pl","heavy_tail","parametric",60,0.9,"not_in_arm",NA,NA,FALSE,2,"functional_of_mean_information","rho_at_expected_information","mean_random_form_reliability",NA,NA,NA,NA,NA,NA,"0.3.1",736753,736754,736754,NA,NA,"Mersenne-Twister","Inversion","Rejection",20000,1000,1000,8,1000,20,1000,0,0,0,0,NA,NA,0,FALSE
"6fc75d8330_t95","2pl","heavy_tail","parametric",60,0.95,"not_in_arm",NA,NA,FALSE,2,"functional_of_mean_information","rho_at_expected_information","mean_random_form_reliability",NA,NA,NA,NA,NA,NA,"0.3.1",325886,325887,325887,NA,NA,"Mersenne-Twister","Inversion","Rejection",20000,1000,1000,8,1000,20,1000,0,0,0,0,NA,NA,0,FALSE
"705e3d6cec_t50","3pl_g20","bimodal","parametric",60,0.5,"not_in_arm",NA,NA,FALSE,2,"functional_of_mean_information","rho_at_expected_information","mean_random_form_reliability",NA,NA,NA,NA,NA,NA,"0.3.1",281646,281647,281647,NA,NA,"Mersenne-Twister","Inversion","Rejection",20000,1000,1000,8,1000,20,1000,0,0,0,0,NA,NA,0,FALSE
"705e3d6cec_t60","3pl_g20","bimodal","parametric",60,0.6,"not_in_arm",NA,NA,FALSE,2,"functional_of_mean_information","rho_at_expected_information","mean_random_form_reliability",NA,NA,NA,NA,NA,NA,"0.3.1",85735,85736,85736,NA,NA,"Mersenne-Twister","Inversion","Rejection",20000,1000,1000,8,1000,20,1000,0,0,0,0,NA,NA,0,FALSE
"705e3d6cec_t70","3pl_g20","bimodal","parametric",60,0.7,"not_in_arm",NA,NA,FALSE,2,"functional_of_mean_information","rho_at_expected_information","mean_random_form_reliability",NA,NA,NA,NA,NA,NA,"0.3.1",161888,161889,161889,NA,NA,"Mersenne-Twister","Inversion","Rejection",20000,1000,1000,8,1000,20,1000,0,0,0,0,NA,NA,0,FALSE
"705e3d6cec_t80","3pl_g20","bimodal","parametric",60,0.8,"not_in_arm",NA,NA,FALSE,2,"functional_of_mean_information","rho_at_expected_information","mean_random_form_reliability",NA,NA,NA,NA,NA,NA,"0.3.1",373095,373096,373096,NA,NA,"Mersenne-Twister","Inversion","Rejection",20000,1000,1000,8,1000,20,1000,0,0,0,0,NA,NA,0,FALSE
"705e3d6cec_t90","3pl_g20","bimodal","parametric",60,0.9,"not_in_arm",NA,NA,FALSE,2,"functional_of_mean_information","rho_at_expected_information","mean_random_form_reliability",NA,NA,NA,NA,NA,NA,"0.3.1",121293,121294,121294,NA,NA,"Mersenne-Twister","Inversion","Rejection",20000,1000,1000,8,1000,20,1000,0,0,0,0,NA,NA,0,FALSE
"705e3d6cec_t95","3pl_g20","bimodal","parametric",60,0.95,"not_in_arm",NA,NA,FALSE,2,"functional_of_mean_information","rho_at_expected_information","mean_random_form_reliability",NA,NA,NA,NA,NA,NA,"0.3.1",465568,465569,465569,NA,NA,"Mersenne-Twister","Inversion","Rejection",20000,1000,1000,8,1000,20,1000,0,0,0,0,NA,NA,0,FALSE
"706cd16630_t50","rasch","bimodal","irw",20,0.5,"ok",0.50455292784486,0.00455292784485994,TRUE,2,"functional_of_mean_information","rho_at_expected_information","mean_random_form_reliability",1.02924352940897,0.50455292784486,0.504063817623828,0.000489110221032152,0.989444227169375,"scaled_mean_information_residual","0.3.1",98587,98588,98588,1098592,2098595,"Mersenne-Twister","Inversion","Rejection",20000,1000,1000,8,1000,20,1000,20,20,20,20,NA,NA,19.395,TRUE
"706cd16630_t60","rasch","bimodal","irw",20,0.6,"ok",0.589623377275121,-0.0103766227248785,TRUE,2,"functional_of_mean_information","rho_at_expected_information","mean_random_form_reliability",1.42183311130382,0.589623377275121,0.587896506742925,0.00172687053219689,1.01051661175071,"scaled_mean_information_residual","0.3.1",441798,441799,441799,1441803,2441806,"Mersenne-Twister","Inversion","Rejection",20000,1000,1000,8,1000,20,1000,20,20,20,20,NA,NA,17.621,TRUE
"706cd16630_t70","rasch","bimodal","irw",20,0.7,"ok",0.695983653458869,-0.00401634654113137,TRUE,2,"functional_of_mean_information","rho_at_expected_information","mean_random_form_reliability",2.27107506513825,0.695983653458869,0.691310690235842,0.00467296322302635,1.0080234021644,"scaled_mean_information_residual","0.3.1",579801,579802,579802,1579806,2579809,"Mersenne-Twister","Inversion","Rejection",20000,1000,1000,8,1000,20,1000,20,20,20,20,NA,NA,19.0699999999999,TRUE
"706cd16630_t80","rasch","bimodal","irw",20,0.8,"ok",0.809499628644015,0.00949962864401488,TRUE,2,"functional_of_mean_information","rho_at_expected_information","mean_random_form_reliability",4.27440245316841,0.809499628644015,0.800249740695028,0.00924988794898662,0.994135120793358,"scaled_mean_information_residual","0.3.1",178189,178190,178190,1178194,2178197,"Mersenne-Twister","Inversion","Rejection",20000,1000,1000,8,1000,20,1000,20,20,20,20,NA,NA,20.2840000000001,TRUE
"706cd16630_t90","rasch","bimodal","irw",20,0.9,"ok",0.908929625922433,0.00892962592243252,TRUE,2,"functional_of_mean_information","rho_at_expected_information","mean_random_form_reliability",9.96253941962953,0.908929625922433,0.90656033067855,0.00236929524388274,1.00180474849142,"scaled_mean_information_residual","0.3.1",557918,557919,557919,1557923,2557926,"Mersenne-Twister","Inversion","Rejection",20000,1000,1000,8,1000,20,1000,20,20,20,20,NA,NA,19.163,TRUE
"706cd16630_t95","rasch","bimodal","irw",20,0.95,"ok",0.935708392020733,-0.0142916079792671,TRUE,2,"functional_of_mean_information","rho_at_expected_information","mean_random_form_reliability",14.523358686068,0.935708392020733,0.910507124912124,0.0252012671086089,1.00211871596448,"scaled_mean_information_residual","0.3.1",553752,553753,553753,1553757,2553760,"Mersenne-Twister","Inversion","Rejection",20000,1000,1000,8,1000,20,1000,20,20,20,20,NA,NA,18.47,TRUE
"7107b4b0bc_t50","3pl_g20","heavy_tail","irw",10,0.5,"not_in_arm",NA,NA,FALSE,2,"functional_of_mean_information","rho_at_expected_information","mean_random_form_reliability",NA,NA,NA,NA,NA,NA,"0.3.1",503406,503407,503407,NA,NA,"Mersenne-Twister","Inversion","Rejection",20000,1000,1000,8,1000,20,1000,0,0,0,0,NA,NA,0,FALSE
"7107b4b0bc_t60","3pl_g20","heavy_tail","irw",10,0.6,"not_in_arm",NA,NA,FALSE,2,"functional_of_mean_information","rho_at_expected_information","mean_random_form_reliability",NA,NA,NA,NA,NA,NA,"0.3.1",60294,60295,60295,NA,NA,"Mersenne-Twister","Inversion","Rejection",20000,1000,1000,8,1000,20,1000,0,0,0,0,NA,NA,0,FALSE
"7107b4b0bc_t70","3pl_g20","heavy_tail","irw",10,0.7,"not_in_arm",NA,NA,FALSE,2,"functional_of_mean_information","rho_at_expected_information","mean_random_form_reliability",NA,NA,NA,NA,NA,NA,"0.3.1",517240,517241,517241,NA,NA,"Mersenne-Twister","Inversion","Rejection",20000,1000,1000,8,1000,20,1000,0,0,0,0,NA,NA,0,FALSE
"7107b4b0bc_t80","3pl_g20","heavy_tail","irw",10,0.8,"not_in_arm",NA,NA,FALSE,2,"functional_of_mean_information","rho_at_expected_information","mean_random_form_reliability",NA,NA,NA,NA,NA,NA,"0.3.1",603509,603510,603510,NA,NA,"Mersenne-Twister","Inversion","Rejection",20000,1000,1000,8,1000,20,1000,0,0,0,0,NA,NA,0,FALSE
"7107b4b0bc_t90","3pl_g20","heavy_tail","irw",10,0.9,"not_in_arm",NA,NA,FALSE,2,"functional_of_mean_information","rho_at_expected_information","mean_random_form_reliability",NA,NA,NA,NA,NA,NA,"0.3.1",617566,617567,617567,NA,NA,"Mersenne-Twister","Inversion","Rejection",20000,1000,1000,8,1000,20,1000,0,0,0,0,NA,NA,0,FALSE
"71c9b8c65b_t50","3pl_beta","heavy_tail","parametric",60,0.5,"not_in_arm",NA,NA,FALSE,2,"functional_of_mean_information","rho_at_expected_information","mean_random_form_reliability",NA,NA,NA,NA,NA,NA,"0.3.1",22008,22009,22009,NA,NA,"Mersenne-Twister","Inversion","Rejection",20000,1000,1000,8,1000,20,1000,0,0,0,0,NA,NA,0,FALSE
"71c9b8c65b_t60","3pl_beta","heavy_tail","parametric",60,0.6,"not_in_arm",NA,NA,FALSE,2,"functional_of_mean_information","rho_at_expected_information","mean_random_form_reliability",NA,NA,NA,NA,NA,NA,"0.3.1",575899,575900,575900,NA,NA,"Mersenne-Twister","Inversion","Rejection",20000,1000,1000,8,1000,20,1000,0,0,0,0,NA,NA,0,FALSE
"71c9b8c65b_t70","3pl_beta","heavy_tail","parametric",60,0.7,"not_in_arm",NA,NA,FALSE,2,"functional_of_mean_information","rho_at_expected_information","mean_random_form_reliability",NA,NA,NA,NA,NA,NA,"0.3.1",645008,645009,645009,NA,NA,"Mersenne-Twister","Inversion","Rejection",20000,1000,1000,8,1000,20,1000,0,0,0,0,NA,NA,0,FALSE
"71c9b8c65b_t80","3pl_beta","heavy_tail","parametric",60,0.8,"not_in_arm",NA,NA,FALSE,2,"functional_of_mean_information","rho_at_expected_information","mean_random_form_reliability",NA,NA,NA,NA,NA,NA,"0.3.1",37943,37944,37944,NA,NA,"Mersenne-Twister","Inversion","Rejection",20000,1000,1000,8,1000,20,1000,0,0,0,0,NA,NA,0,FALSE
"71c9b8c65b_t90","3pl_beta","heavy_tail","parametric",60,0.9,"not_in_arm",NA,NA,FALSE,2,"functional_of_mean_information","rho_at_expected_information","mean_random_form_reliability",NA,NA,NA,NA,NA,NA,"0.3.1",505732,505733,505733,NA,NA,"Mersenne-Twister","Inversion","Rejection",20000,1000,1000,8,1000,20,1000,0,0,0,0,NA,NA,0,FALSE
"71c9b8c65b_t95","3pl_beta","heavy_tail","parametric",60,0.95,"not_in_arm",NA,NA,FALSE,2,"functional_of_mean_information","rho_at_expected_information","mean_random_form_reliability",NA,NA,NA,NA,NA,NA,"0.3.1",611048,611049,611049,NA,NA,"Mersenne-Twister","Inversion","Rejection",20000,1000,1000,8,1000,20,1000,0,0,0,0,NA,NA,0,FALSE
"738d543b91_t50","rasch","heavy_tail","parametric",20,0.5,"ok",0.499479419167592,-0.000520580832407802,TRUE,2,"functional_of_mean_information","rho_at_expected_information","mean_random_form_reliability",0.949351850801736,0.499479419167592,0.499459572765761,1.98464018311695e-05,1.05115910566553,"scaled_mean_information_residual","0.3.1",645923,645924,645924,1645928,2645931,"Mersenne-Twister","Inversion","Rejection",20000,1000,1000,8,1000,20,1000,20,20,20,20,NA,NA,8.21399999999994,TRUE
"738d543b91_t60","rasch","heavy_tail","parametric",20,0.6,"ok",0.600721736511397,0.000721736511397286,TRUE,2,"functional_of_mean_information","rho_at_expected_information","mean_random_form_reliability",1.55803428870808,0.600721736511397,0.600657240337224,6.44961741732564e-05,0.965652051390149,"scaled_mean_information_residual","0.3.1",31969,31970,31970,1031974,2031977,"Mersenne-Twister","Inversion","Rejection",20000,1000,1000,8,1000,20,1000,20,20,20,20,NA,NA,9.20700000000011,TRUE
"738d543b91_t70","rasch","heavy_tail","parametric",20,0.7,"ok",0.699791211871369,-0.000208788128631232,TRUE,2,"functional_of_mean_information","rho_at_expected_information","mean_random_form_reliability",2.38429328033385,0.699791211871369,0.699720625050823,7.05868205460591e-05,0.977654509987362,"scaled_mean_information_residual","0.3.1",489439,489440,489440,1489444,2489447,"Mersenne-Twister","Inversion","Rejection",20000,1000,1000,8,1000,20,1000,20,20,20,20,NA,NA,8.46000000000004,TRUE
"738d543b91_t80","rasch","heavy_tail","parametric",20,0.8,"ok",0.800160531327413,0.000160531327412672,TRUE,2,"functional_of_mean_information","rho_at_expected_information","mean_random_form_reliability",4.12731680472324,0.800160531327413,0.800054401704288,0.000106129623124396,0.970125797583366,"scaled_mean_information_residual","0.3.1",104614,104615,104615,1104619,2104622,"Mersenne-Twister","Inversion","Rejection",20000,1000,1000,8,1000,20,1000,20,20,20,20,NA,NA,9.2009999999998,TRUE
"738d543b91_t90","rasch","heavy_tail","parametric",20,0.9,"ok",0.90318330218636,0.00318330218635965,TRUE,2,"functional_of_mean_information","rho_at_expected_information","mean_random_form_reliability",9.43348396379602,0.90318330218636,0.902688566633866,0.000494735552493575,0.988902599573326,"scaled_mean_information_residual","0.3.1",80944,80945,80945,1080949,2080952,"Mersenne-Twister","Inversion","Rejection",20000,1000,1000,8,1000,20,1000,20,20,20,20,NA,NA,8.43100000000004,TRUE
"738d543b91_t95","rasch","heavy_tail","parametric",20,0.95,"ok",0.950914470319945,0.000914470319945293,TRUE,2,"functional_of_mean_information","rho_at_expected_information","mean_random_form_reliability",19.302831391273,0.950914470319945,0.950552149364983,0.000362320954961914,1.00361456925925,"scaled_mean_information_residual","0.3.1",702954,702955,702955,1702959,2702962,"Mersenne-Twister","Inversion","Rejection",20000,1000,1000,8,1000,20,1000,20,20,20,20,NA,NA,6.46199999999999,TRUE
"786d9a02b6_t50","rasch","heavy_tail","irw",10,0.5,"not_in_arm",NA,NA,FALSE,2,"functional_of_mean_information","rho_at_expected_information","mean_random_form_reliability",NA,NA,NA,NA,NA,NA,"0.3.1",652765,652766,652766,NA,NA,"Mersenne-Twister","Inversion","Rejection",20000,1000,1000,8,1000,20,1000,0,0,0,0,NA,NA,0,FALSE
"786d9a02b6_t60","rasch","heavy_tail","irw",10,0.6,"not_in_arm",NA,NA,FALSE,2,"functional_of_mean_information","rho_at_expected_information","mean_random_form_reliability",NA,NA,NA,NA,NA,NA,"0.3.1",179461,179462,179462,NA,NA,"Mersenne-Twister","Inversion","Rejection",20000,1000,1000,8,1000,20,1000,0,0,0,0,NA,NA,0,FALSE
"786d9a02b6_t70","rasch","heavy_tail","irw",10,0.7,"not_in_arm",NA,NA,FALSE,2,"functional_of_mean_information","rho_at_expected_information","mean_random_form_reliability",NA,NA,NA,NA,NA,NA,"0.3.1",802756,802757,802757,NA,NA,"Mersenne-Twister","Inversion","Rejection",20000,1000,1000,8,1000,20,1000,0,0,0,0,NA,NA,0,FALSE
"786d9a02b6_t80","rasch","heavy_tail","irw",10,0.8,"not_in_arm",NA,NA,FALSE,2,"functional_of_mean_information","rho_at_expected_information","mean_random_form_reliability",NA,NA,NA,NA,NA,NA,"0.3.1",523434,523435,523435,NA,NA,"Mersenne-Twister","Inversion","Rejection",20000,1000,1000,8,1000,20,1000,0,0,0,0,NA,NA,0,FALSE
"786d9a02b6_t90","rasch","heavy_tail","irw",10,0.9,"not_in_arm",NA,NA,FALSE,2,"functional_of_mean_information","rho_at_expected_information","mean_random_form_reliability",NA,NA,NA,NA,NA,NA,"0.3.1",120022,120023,120023,NA,NA,"Mersenne-Twister","Inversion","Rejection",20000,1000,1000,8,1000,20,1000,0,0,0,0,NA,NA,0,FALSE
"786d9a02b6_t95","rasch","heavy_tail","irw",10,0.95,"not_in_arm",NA,NA,FALSE,2,"functional_of_mean_information","rho_at_expected_information","mean_random_form_reliability",NA,NA,NA,NA,NA,NA,"0.3.1",536571,536572,536572,NA,NA,"Mersenne-Twister","Inversion","Rejection",20000,1000,1000,8,1000,20,1000,0,0,0,0,NA,NA,0,FALSE
"789f2b1000_t50","rasch","heavy_tail","parametric",60,0.5,"not_in_arm",NA,NA,FALSE,2,"functional_of_mean_information","rho_at_expected_information","mean_random_form_reliability",NA,NA,NA,NA,NA,NA,"0.3.1",302886,302887,302887,NA,NA,"Mersenne-Twister","Inversion","Rejection",20000,1000,1000,8,1000,20,1000,0,0,0,0,NA,NA,0,FALSE
"789f2b1000_t60","rasch","heavy_tail","parametric",60,0.6,"not_in_arm",NA,NA,FALSE,2,"functional_of_mean_information","rho_at_expected_information","mean_random_form_reliability",NA,NA,NA,NA,NA,NA,"0.3.1",458635,458636,458636,NA,NA,"Mersenne-Twister","Inversion","Rejection",20000,1000,1000,8,1000,20,1000,0,0,0,0,NA,NA,0,FALSE
"789f2b1000_t70","rasch","heavy_tail","parametric",60,0.7,"not_in_arm",NA,NA,FALSE,2,"functional_of_mean_information","rho_at_expected_information","mean_random_form_reliability",NA,NA,NA,NA,NA,NA,"0.3.1",713874,713875,713875,NA,NA,"Mersenne-Twister","Inversion","Rejection",20000,1000,1000,8,1000,20,1000,0,0,0,0,NA,NA,0,FALSE
"789f2b1000_t80","rasch","heavy_tail","parametric",60,0.8,"not_in_arm",NA,NA,FALSE,2,"functional_of_mean_information","rho_at_expected_information","mean_random_form_reliability",NA,NA,NA,NA,NA,NA,"0.3.1",28759,28760,28760,NA,NA,"Mersenne-Twister","Inversion","Rejection",20000,1000,1000,8,1000,20,1000,0,0,0,0,NA,NA,0,FALSE
"789f2b1000_t90","rasch","heavy_tail","parametric",60,0.9,"not_in_arm",NA,NA,FALSE,2,"functional_of_mean_information","rho_at_expected_information","mean_random_form_reliability",NA,NA,NA,NA,NA,NA,"0.3.1",352442,352443,352443,NA,NA,"Mersenne-Twister","Inversion","Rejection",20000,1000,1000,8,1000,20,1000,0,0,0,0,NA,NA,0,FALSE
"789f2b1000_t95","rasch","heavy_tail","parametric",60,0.95,"not_in_arm",NA,NA,FALSE,2,"functional_of_mean_information","rho_at_expected_information","mean_random_form_reliability",NA,NA,NA,NA,NA,NA,"0.3.1",764133,764134,764134,NA,NA,"Mersenne-Twister","Inversion","Rejection",20000,1000,1000,8,1000,20,1000,0,0,0,0,NA,NA,0,FALSE
"7bfda144a5_t50","3pl_beta","bimodal","irw",60,0.5,"not_in_arm",NA,NA,FALSE,2,"functional_of_mean_information","rho_at_expected_information","mean_random_form_reliability",NA,NA,NA,NA,NA,NA,"0.3.1",490163,490164,490164,NA,NA,"Mersenne-Twister","Inversion","Rejection",20000,1000,1000,8,1000,20,1000,0,0,0,0,NA,NA,0,FALSE
"7bfda144a5_t60","3pl_beta","bimodal","irw",60,0.6,"not_in_arm",NA,NA,FALSE,2,"functional_of_mean_information","rho_at_expected_information","mean_random_form_reliability",NA,NA,NA,NA,NA,NA,"0.3.1",485530,485531,485531,NA,NA,"Mersenne-Twister","Inversion","Rejection",20000,1000,1000,8,1000,20,1000,0,0,0,0,NA,NA,0,FALSE
"7bfda144a5_t70","3pl_beta","bimodal","irw",60,0.7,"not_in_arm",NA,NA,FALSE,2,"functional_of_mean_information","rho_at_expected_information","mean_random_form_reliability",NA,NA,NA,NA,NA,NA,"0.3.1",741730,741731,741731,NA,NA,"Mersenne-Twister","Inversion","Rejection",20000,1000,1000,8,1000,20,1000,0,0,0,0,NA,NA,0,FALSE
"7bfda144a5_t80","3pl_beta","bimodal","irw",60,0.8,"not_in_arm",NA,NA,FALSE,2,"functional_of_mean_information","rho_at_expected_information","mean_random_form_reliability",NA,NA,NA,NA,NA,NA,"0.3.1",567505,567506,567506,NA,NA,"Mersenne-Twister","Inversion","Rejection",20000,1000,1000,8,1000,20,1000,0,0,0,0,NA,NA,0,FALSE
"7bfda144a5_t90","3pl_beta","bimodal","irw",60,0.9,"not_in_arm",NA,NA,FALSE,2,"functional_of_mean_information","rho_at_expected_information","mean_random_form_reliability",NA,NA,NA,NA,NA,NA,"0.3.1",604191,604192,604192,NA,NA,"Mersenne-Twister","Inversion","Rejection",20000,1000,1000,8,1000,20,1000,0,0,0,0,NA,NA,0,FALSE
"7bfda144a5_t95","3pl_beta","bimodal","irw",60,0.95,"not_in_arm",NA,NA,FALSE,2,"functional_of_mean_information","rho_at_expected_information","mean_random_form_reliability",NA,NA,NA,NA,NA,NA,"0.3.1",309992,309993,309993,NA,NA,"Mersenne-Twister","Inversion","Rejection",20000,1000,1000,8,1000,20,1000,0,0,0,0,NA,NA,0,FALSE
"7c47698ded_t50","2pl","normal","irw",10,0.5,"not_in_arm",NA,NA,FALSE,2,"functional_of_mean_information","rho_at_expected_information","mean_random_form_reliability",NA,NA,NA,NA,NA,NA,"0.3.1",700858,700859,700859,NA,NA,"Mersenne-Twister","Inversion","Rejection",20000,1000,1000,8,1000,20,1000,0,0,0,0,NA,NA,0,FALSE
"7c47698ded_t60","2pl","normal","irw",10,0.6,"not_in_arm",NA,NA,FALSE,2,"functional_of_mean_information","rho_at_expected_information","mean_random_form_reliability",NA,NA,NA,NA,NA,NA,"0.3.1",708791,708792,708792,NA,NA,"Mersenne-Twister","Inversion","Rejection",20000,1000,1000,8,1000,20,1000,0,0,0,0,NA,NA,0,FALSE
"7c47698ded_t70","2pl","normal","irw",10,0.7,"not_in_arm",NA,NA,FALSE,2,"functional_of_mean_information","rho_at_expected_information","mean_random_form_reliability",NA,NA,NA,NA,NA,NA,"0.3.1",475648,475649,475649,NA,NA,"Mersenne-Twister","Inversion","Rejection",20000,1000,1000,8,1000,20,1000,0,0,0,0,NA,NA,0,FALSE
"7c47698ded_t80","2pl","normal","irw",10,0.8,"not_in_arm",NA,NA,FALSE,2,"functional_of_mean_information","rho_at_expected_information","mean_random_form_reliability",NA,NA,NA,NA,NA,NA,"0.3.1",535944,535945,535945,NA,NA,"Mersenne-Twister","Inversion","Rejection",20000,1000,1000,8,1000,20,1000,0,0,0,0,NA,NA,0,FALSE
"7c47698ded_t90","2pl","normal","irw",10,0.9,"not_in_arm",NA,NA,FALSE,2,"functional_of_mean_information","rho_at_expected_information","mean_random_form_reliability",NA,NA,NA,NA,NA,NA,"0.3.1",115110,115111,115111,NA,NA,"Mersenne-Twister","Inversion","Rejection",20000,1000,1000,8,1000,20,1000,0,0,0,0,NA,NA,0,FALSE
"7c47698ded_t95","2pl","normal","irw",10,0.95,"not_in_arm",NA,NA,FALSE,2,"functional_of_mean_information","rho_at_expected_information","mean_random_form_reliability",NA,NA,NA,NA,NA,NA,"0.3.1",420546,420547,420547,NA,NA,"Mersenne-Twister","Inversion","Rejection",20000,1000,1000,8,1000,20,1000,0,0,0,0,NA,NA,0,FALSE
"7cee56a484_t50","2pl","bimodal","parametric",10,0.5,"not_in_arm",NA,NA,FALSE,2,"functional_of_mean_information","rho_at_expected_information","mean_random_form_reliability",NA,NA,NA,NA,NA,NA,"0.3.1",601880,601881,601881,NA,NA,"Mersenne-Twister","Inversion","Rejection",20000,1000,1000,8,1000,20,1000,0,0,0,0,NA,NA,0,FALSE
"7cee56a484_t60","2pl","bimodal","parametric",10,0.6,"not_in_arm",NA,NA,FALSE,2,"functional_of_mean_information","rho_at_expected_information","mean_random_form_reliability",NA,NA,NA,NA,NA,NA,"0.3.1",501376,501377,501377,NA,NA,"Mersenne-Twister","Inversion","Rejection",20000,1000,1000,8,1000,20,1000,0,0,0,0,NA,NA,0,FALSE
"7cee56a484_t70","2pl","bimodal","parametric",10,0.7,"not_in_arm",NA,NA,FALSE,2,"functional_of_mean_information","rho_at_expected_information","mean_random_form_reliability",NA,NA,NA,NA,NA,NA,"0.3.1",251367,251368,251368,NA,NA,"Mersenne-Twister","Inversion","Rejection",20000,1000,1000,8,1000,20,1000,0,0,0,0,NA,NA,0,FALSE
"7cee56a484_t80","2pl","bimodal","parametric",10,0.8,"not_in_arm",NA,NA,FALSE,2,"functional_of_mean_information","rho_at_expected_information","mean_random_form_reliability",NA,NA,NA,NA,NA,NA,"0.3.1",500475,500476,500476,NA,NA,"Mersenne-Twister","Inversion","Rejection",20000,1000,1000,8,1000,20,1000,0,0,0,0,NA,NA,0,FALSE
"7cee56a484_t90","2pl","bimodal","parametric",10,0.9,"not_in_arm",NA,NA,FALSE,2,"functional_of_mean_information","rho_at_expected_information","mean_random_form_reliability",NA,NA,NA,NA,NA,NA,"0.3.1",41644,41645,41645,NA,NA,"Mersenne-Twister","Inversion","Rejection",20000,1000,1000,8,1000,20,1000,0,0,0,0,NA,NA,0,FALSE
"7cee56a484_t95","2pl","bimodal","parametric",10,0.95,"not_in_arm",NA,NA,FALSE,2,"functional_of_mean_information","rho_at_expected_information","mean_random_form_reliability",NA,NA,NA,NA,NA,NA,"0.3.1",593768,593769,593769,NA,NA,"Mersenne-Twister","Inversion","Rejection",20000,1000,1000,8,1000,20,1000,0,0,0,0,NA,NA,0,FALSE
"7d3dc7a372_t50","3pl_g20","heavy_tail","parametric",40,0.5,"ok",0.506107663030501,0.00610766303050148,TRUE,2,"functional_of_mean_information","rho_at_expected_information","mean_random_form_reliability",1.02141937710716,0.506107663030501,0.505275834773269,0.000831828257232159,1.00324391131701,"scaled_mean_information_residual","0.3.1",435060,435061,435061,1435065,2435068,"Mersenne-Twister","Inversion","Rejection",20000,1000,1000,8,1000,20,1000,20,20,20,20,NA,NA,18.3579999999999,TRUE
"7d3dc7a372_t60","3pl_g20","heavy_tail","parametric",40,0.6,"ok",0.596965196075903,-0.00303480392409661,TRUE,2,"functional_of_mean_information","rho_at_expected_information","mean_random_form_reliability",1.43498452286352,0.596965196075903,0.595812444682083,0.0011527513938201,1.0321890411141,"scaled_mean_information_residual","0.3.1",710295,710296,710296,1710300,2710303,"Mersenne-Twister","Inversion","Rejection",20000,1000,1000,8,1000,20,1000,20,20,20,20,NA,NA,18.113,TRUE
"7d3dc7a372_t70","3pl_g20","heavy_tail","parametric",40,0.7,"ok",0.700774709625245,0.000774709625244618,TRUE,2,"functional_of_mean_information","rho_at_expected_information","mean_random_form_reliability",2.38577346036452,0.700774709625245,0.69988007399197,0.000894635633274965,0.981637000838936,"scaled_mean_information_residual","0.3.1",410889,410890,410890,1410894,2410897,"Mersenne-Twister","Inversion","Rejection",20000,1000,1000,8,1000,20,1000,20,20,20,20,NA,NA,17.252,TRUE
"7d3dc7a372_t80","3pl_g20","heavy_tail","parametric",40,0.8,"ok",0.799036911131937,-0.000963088868063178,TRUE,2,"functional_of_mean_information","rho_at_expected_information","mean_random_form_reliability",3.95488222377334,0.799036911131937,0.79818724740312,0.000849663728816785,1.0053493227383,"scaled_mean_information_residual","0.3.1",724375,724376,724376,1724380,2724383,"Mersenne-Twister","Inversion","Rejection",20000,1000,1000,8,1000,20,1000,20,20,20,20,NA,NA,18.657,TRUE
"7d3dc7a372_t90","3pl_g20","heavy_tail","parametric",40,0.9,"ok",0.902008519688551,0.00200851968855142,TRUE,2,"functional_of_mean_information","rho_at_expected_information","mean_random_form_reliability",9.38212374182841,0.902008519688551,0.901220098771285,0.00078842091726683,0.981117821615895,"scaled_mean_information_residual","0.3.1",671478,671479,671479,1671483,2671486,"Mersenne-Twister","Inversion","Rejection",20000,1000,1000,8,1000,20,1000,20,20,20,20,NA,NA,18.025,TRUE
"7d3dc7a372_t95","3pl_g20","heavy_tail","parametric",40,0.95,"ok",0.949919622327819,-8.03776721809424e-05,TRUE,2,"functional_of_mean_information","rho_at_expected_information","mean_random_form_reliability",19.1210418464508,0.949919622327819,0.949587044702754,0.000332577625065222,0.991990953477124,"scaled_mean_information_residual","0.3.1",810676,810677,810677,1810681,2810684,"Mersenne-Twister","Inversion","Rejection",20000,1000,1000,8,1000,20,1000,20,20,20,20,NA,NA,20.699,TRUE
"7e68f7b5fe_t50","3pl_g20","normal","irw",60,0.5,"not_in_arm",NA,NA,FALSE,2,"functional_of_mean_information","rho_at_expected_information","mean_random_form_reliability",NA,NA,NA,NA,NA,NA,"0.3.1",510670,510671,510671,NA,NA,"Mersenne-Twister","Inversion","Rejection",20000,1000,1000,8,1000,20,1000,0,0,0,0,NA,NA,0,FALSE
"7e68f7b5fe_t60","3pl_g20","normal","irw",60,0.6,"not_in_arm",NA,NA,FALSE,2,"functional_of_mean_information","rho_at_expected_information","mean_random_form_reliability",NA,NA,NA,NA,NA,NA,"0.3.1",200011,200012,200012,NA,NA,"Mersenne-Twister","Inversion","Rejection",20000,1000,1000,8,1000,20,1000,0,0,0,0,NA,NA,0,FALSE
"7e68f7b5fe_t70","3pl_g20","normal","irw",60,0.7,"not_in_arm",NA,NA,FALSE,2,"functional_of_mean_information","rho_at_expected_information","mean_random_form_reliability",NA,NA,NA,NA,NA,NA,"0.3.1",162678,162679,162679,NA,NA,"Mersenne-Twister","Inversion","Rejection",20000,1000,1000,8,1000,20,1000,0,0,0,0,NA,NA,0,FALSE
"7e68f7b5fe_t80","3pl_g20","normal","irw",60,0.8,"not_in_arm",NA,NA,FALSE,2,"functional_of_mean_information","rho_at_expected_information","mean_random_form_reliability",NA,NA,NA,NA,NA,NA,"0.3.1",79578,79579,79579,NA,NA,"Mersenne-Twister","Inversion","Rejection",20000,1000,1000,8,1000,20,1000,0,0,0,0,NA,NA,0,FALSE
"7e68f7b5fe_t90","3pl_g20","normal","irw",60,0.9,"not_in_arm",NA,NA,FALSE,2,"functional_of_mean_information","rho_at_expected_information","mean_random_form_reliability",NA,NA,NA,NA,NA,NA,"0.3.1",483294,483295,483295,NA,NA,"Mersenne-Twister","Inversion","Rejection",20000,1000,1000,8,1000,20,1000,0,0,0,0,NA,NA,0,FALSE
"7e68f7b5fe_t95","3pl_g20","normal","irw",60,0.95,"not_in_arm",NA,NA,FALSE,2,"functional_of_mean_information","rho_at_expected_information","mean_random_form_reliability",NA,NA,NA,NA,NA,NA,"0.3.1",806701,806702,806702,NA,NA,"Mersenne-Twister","Inversion","Rejection",20000,1000,1000,8,1000,20,1000,0,0,0,0,NA,NA,0,FALSE
"8320ea3e35_t50","3pl_beta","heavy_tail","irw",20,0.5,"ok",0.492883407970929,-0.00711659202907078,TRUE,2,"functional_of_mean_information","rho_at_expected_information","mean_random_form_reliability",0.979066706025753,0.492883407970929,0.488487897305428,0.00439551066550103,0.992713884630888,"scaled_mean_information_residual","0.3.1",251513,251514,251514,1251518,2251521,"Mersenne-Twister","Inversion","Rejection",20000,1000,1000,8,1000,20,1000,20,20,20,20,NA,NA,19.167,TRUE
"8320ea3e35_t60","3pl_beta","heavy_tail","irw",20,0.6,"ok",0.584206347821204,-0.0157936521787965,TRUE,2,"functional_of_mean_information","rho_at_expected_information","mean_random_form_reliability",1.39037847335893,0.584206347821204,0.579114470384597,0.00509187743660644,1.01054435789599,"scaled_mean_information_residual","0.3.1",577364,577365,577365,1577369,2577372,"Mersenne-Twister","Inversion","Rejection",20000,1000,1000,8,1000,20,1000,20,20,20,20,NA,NA,18.482,TRUE
"8320ea3e35_t70","3pl_beta","heavy_tail","irw",20,0.7,"ok",0.694445964858831,-0.00555403514116848,TRUE,2,"functional_of_mean_information","rho_at_expected_information","mean_random_form_reliability",2.30910455504405,0.694445964858831,0.679656007107748,0.0147899577510833,0.984253204391569,"scaled_mean_information_residual","0.3.1",371740,371741,371741,1371745,2371748,"Mersenne-Twister","Inversion","Rejection",20000,1000,1000,8,1000,20,1000,20,20,20,20,NA,NA,19.937,TRUE
"8320ea3e35_t80","3pl_beta","heavy_tail","irw",20,0.8,"ok",0.804954532022868,0.00495453202286766,TRUE,2,"functional_of_mean_information","rho_at_expected_information","mean_random_form_reliability",4.09669222020071,0.804954532022868,0.796450108486466,0.00850442353640157,1.00740046995861,"scaled_mean_information_residual","0.3.1",721830,721831,721831,1721835,2721838,"Mersenne-Twister","Inversion","Rejection",20000,1000,1000,8,1000,20,1000,20,20,20,20,NA,NA,19.478,TRUE
"8320ea3e35_t90","3pl_beta","heavy_tail","irw",20,0.9,"ok",0.908659321879207,0.0086593218792067,TRUE,2,"functional_of_mean_information","rho_at_expected_information","mean_random_form_reliability",9.93591112554876,0.908659321879207,0.897073777385498,0.011585544493709,1.00121917077502,"scaled_mean_information_residual","0.3.1",703086,703087,703087,1703091,2703094,"Mersenne-Twister","Inversion","Rejection",20000,1000,1000,8,1000,20,1000,20,20,20,20,NA,NA,19.558,TRUE
"837c70723e_t50","3pl_g20","normal","irw",20,0.5,"ok",0.487767993259267,-0.0122320067407333,TRUE,2,"functional_of_mean_information","rho_at_expected_information","mean_random_form_reliability",0.954677036404812,0.487767993259267,0.482883913880226,0.0048840793790409,0.997447648859595,"scaled_mean_information_residual","0.3.1",584304,584305,584305,1584309,2584312,"Mersenne-Twister","Inversion","Rejection",20000,1000,1000,8,1000,20,1000,20,20,20,20,NA,NA,19.652,TRUE
"837c70723e_t60","3pl_g20","normal","irw",20,0.6,"ok",0.602732216970151,0.00273221697015102,TRUE,2,"functional_of_mean_information","rho_at_expected_information","mean_random_form_reliability",1.51189735905321,0.602732216970151,0.597519798340994,0.00521241862915722,1.00350317430763,"scaled_mean_information_residual","0.3.1",734418,734419,734419,1734423,2734426,"Mersenne-Twister","Inversion","Rejection",20000,1000,1000,8,1000,20,1000,20,20,20,20,NA,NA,21.305,TRUE
"837c70723e_t70","3pl_g20","normal","irw",20,0.7,"ok",0.711553864372788,0.0115538643727879,TRUE,2,"functional_of_mean_information","rho_at_expected_information","mean_random_form_reliability",2.49885102424924,0.711553864372788,0.704582968019565,0.00697089635322246,0.987194418735921,"scaled_mean_information_residual","0.3.1",203021,203022,203022,1203026,2203029,"Mersenne-Twister","Inversion","Rejection",20000,1000,1000,8,1000,20,1000,20,20,20,20,NA,NA,19.185,TRUE
"837c70723e_t80","3pl_g20","normal","irw",20,0.8,"ok",0.813760107188411,0.0137601071884113,TRUE,2,"functional_of_mean_information","rho_at_expected_information","mean_random_form_reliability",4.38049505206727,0.813760107188411,0.80657838014382,0.00718172704459163,0.997471483459131,"scaled_mean_information_residual","0.3.1",126802,126803,126803,1126807,2126810,"Mersenne-Twister","Inversion","Rejection",20000,1000,1000,8,1000,20,1000,20,20,20,20,NA,NA,18.721,TRUE
"837c70723e_t90","3pl_g20","normal","irw",20,0.9,"ok",0.904767563305248,0.00476756330524797,TRUE,2,"functional_of_mean_information","rho_at_expected_information","mean_random_form_reliability",9.54376875233752,0.904767563305248,0.897778685681639,0.00698887762360922,0.995479263801836,"scaled_mean_information_residual","0.3.1",92983,92984,92984,1092988,2092991,"Mersenne-Twister","Inversion","Rejection",20000,1000,1000,8,1000,20,1000,20,20,20,20,NA,NA,19.586,TRUE
"837c70723e_t95","3pl_g20","normal","irw",20,0.95,"ok",0.958906360784009,0.00890636078400875,TRUE,2,"functional_of_mean_information","rho_at_expected_information","mean_random_form_reliability",23.1636324614879,0.958906360784009,0.955381329352201,0.00352503143180749,1.00738372544572,"scaled_mean_information_residual","0.3.1",474948,474949,474949,1474953,2474956,"Mersenne-Twister","Inversion","Rejection",20000,1000,1000,8,1000,20,1000,20,20,20,20,NA,NA,19.753,TRUE
"857e5b810e_t50","3pl_beta","heavy_tail","irw",60,0.5,"not_in_arm",NA,NA,FALSE,2,"functional_of_mean_information","rho_at_expected_information","mean_random_form_reliability",NA,NA,NA,NA,NA,NA,"0.3.1",169206,169207,169207,NA,NA,"Mersenne-Twister","Inversion","Rejection",20000,1000,1000,8,1000,20,1000,0,0,0,0,NA,NA,0,FALSE
"857e5b810e_t60","3pl_beta","heavy_tail","irw",60,0.6,"not_in_arm",NA,NA,FALSE,2,"functional_of_mean_information","rho_at_expected_information","mean_random_form_reliability",NA,NA,NA,NA,NA,NA,"0.3.1",666033,666034,666034,NA,NA,"Mersenne-Twister","Inversion","Rejection",20000,1000,1000,8,1000,20,1000,0,0,0,0,NA,NA,0,FALSE
"857e5b810e_t70","3pl_beta","heavy_tail","irw",60,0.7,"not_in_arm",NA,NA,FALSE,2,"functional_of_mean_information","rho_at_expected_information","mean_random_form_reliability",NA,NA,NA,NA,NA,NA,"0.3.1",57168,57169,57169,NA,NA,"Mersenne-Twister","Inversion","Rejection",20000,1000,1000,8,1000,20,1000,0,0,0,0,NA,NA,0,FALSE
"857e5b810e_t80","3pl_beta","heavy_tail","irw",60,0.8,"not_in_arm",NA,NA,FALSE,2,"functional_of_mean_information","rho_at_expected_information","mean_random_form_reliability",NA,NA,NA,NA,NA,NA,"0.3.1",222341,222342,222342,NA,NA,"Mersenne-Twister","Inversion","Rejection",20000,1000,1000,8,1000,20,1000,0,0,0,0,NA,NA,0,FALSE
"857e5b810e_t90","3pl_beta","heavy_tail","irw",60,0.9,"not_in_arm",NA,NA,FALSE,2,"functional_of_mean_information","rho_at_expected_information","mean_random_form_reliability",NA,NA,NA,NA,NA,NA,"0.3.1",97215,97216,97216,NA,NA,"Mersenne-Twister","Inversion","Rejection",20000,1000,1000,8,1000,20,1000,0,0,0,0,NA,NA,0,FALSE
"857e5b810e_t95","3pl_beta","heavy_tail","irw",60,0.95,"not_in_arm",NA,NA,FALSE,2,"functional_of_mean_information","rho_at_expected_information","mean_random_form_reliability",NA,NA,NA,NA,NA,NA,"0.3.1",527669,527670,527670,NA,NA,"Mersenne-Twister","Inversion","Rejection",20000,1000,1000,8,1000,20,1000,0,0,0,0,NA,NA,0,FALSE
"862b4710eb_t50","3pl_g20","skew_pos","parametric",20,0.5,"ok",0.506698273761254,0.00669827376125431,TRUE,2,"functional_of_mean_information","rho_at_expected_information","mean_random_form_reliability",1.02432355479082,0.506698273761254,0.504226602491773,0.00247167126948178,1.00276606839043,"scaled_mean_information_residual","0.3.1",556289,556290,556290,1556294,2556297,"Mersenne-Twister","Inversion","Rejection",20000,1000,1000,8,1000,20,1000,20,20,20,20,NA,NA,12.2470000000001,TRUE
"862b4710eb_t60","3pl_g20","skew_pos","parametric",20,0.6,"ok",0.601280575126811,0.00128057512681112,TRUE,2,"functional_of_mean_information","rho_at_expected_information","mean_random_form_reliability",1.51955731839739,0.601280575126811,0.598795038907171,0.00248553621964032,0.992413567812758,"scaled_mean_information_residual","0.3.1",239758,239759,239759,1239763,2239766,"Mersenne-Twister","Inversion","Rejection",20000,1000,1000,8,1000,20,1000,20,20,20,20,NA,NA,12.3890000000001,TRUE
"862b4710eb_t70","3pl_g20","skew_pos","parametric",20,0.7,"ok",0.697499556074023,-0.00250044392597737,TRUE,2,"functional_of_mean_information","rho_at_expected_information","mean_random_form_reliability",2.36843650197598,0.697499556074023,0.69521299722839,0.00228655884563289,0.973545320185576,"scaled_mean_information_residual","0.3.1",329939,329940,329940,1329944,2329947,"Mersenne-Twister","Inversion","Rejection",20000,1000,1000,8,1000,20,1000,20,20,20,20,NA,NA,12.433,TRUE
"862b4710eb_t80","3pl_g20","skew_pos","parametric",20,0.8,"ok",0.795420439011396,-0.00457956098860379,TRUE,2,"functional_of_mean_information","rho_at_expected_information","mean_random_form_reliability",3.98609334274437,0.795420439011396,0.793396307846817,0.00202413116457889,0.97540963153101,"scaled_mean_information_residual","0.3.1",418514,418515,418515,1418519,2418522,"Mersenne-Twister","Inversion","Rejection",20000,1000,1000,8,1000,20,1000,20,20,20,20,NA,NA,12.4159999999999,TRUE
"862b4710eb_t90","3pl_g20","skew_pos","parametric",20,0.9,"ok",0.894689007318721,-0.00531099268127877,TRUE,2,"functional_of_mean_information","rho_at_expected_information","mean_random_form_reliability",8.45185558438485,0.894689007318721,0.893592532120722,0.00109647519799883,1.00518575910557,"scaled_mean_information_residual","0.3.1",611167,611168,611168,1611172,2611175,"Mersenne-Twister","Inversion","Rejection",20000,1000,1000,8,1000,20,1000,20,20,20,20,NA,NA,12.1840000000002,TRUE
"862b4710eb_t95","3pl_g20","skew_pos","parametric",20,0.95,"ok",0.954518890031468,0.00451889003146766,TRUE,2,"functional_of_mean_information","rho_at_expected_information","mean_random_form_reliability",20.6855730817232,0.954518890031468,0.953635049643334,0.00088384038813405,1.01457910795787,"scaled_mean_information_residual","0.3.1",100133,100134,100134,1100138,2100141,"Mersenne-Twister","Inversion","Rejection",20000,1000,1000,8,1000,20,1000,20,20,20,20,NA,NA,12.1379999999999,TRUE
"877051b144_t50","3pl_beta","bimodal","parametric",40,0.5,"ok",0.490666022691241,-0.00933397730875896,TRUE,2,"functional_of_mean_information","rho_at_expected_information","mean_random_form_reliability",0.952339797502731,0.490666022691241,0.490081869163855,0.000584153527386166,1.01155943026606,"scaled_mean_information_residual","0.3.1",737970,737971,737971,1737975,2737978,"Mersenne-Twister","Inversion","Rejection",20000,1000,1000,8,1000,20,1000,20,20,20,20,NA,NA,20.3529999999998,TRUE
"877051b144_t60","3pl_beta","bimodal","parametric",40,0.6,"ok",0.602268545012275,0.0022685450122748,TRUE,2,"functional_of_mean_information","rho_at_expected_information","mean_random_form_reliability",1.51137141889723,0.602268545012275,0.599920691868385,0.00234785314389019,1.0019107526556,"scaled_mean_information_residual","0.3.1",330178,330179,330179,1330183,2330186,"Mersenne-Twister","Inversion","Rejection",20000,1000,1000,8,1000,20,1000,20,20,20,20,NA,NA,20.025,TRUE
"877051b144_t70","3pl_beta","bimodal","parametric",40,0.7,"ok",0.708916312219827,0.00891631221982658,TRUE,2,"functional_of_mean_information","rho_at_expected_information","mean_random_form_reliability",2.45442037718436,0.708916312219827,0.70788519428269,0.00103111793713617,0.992266097758543,"scaled_mean_information_residual","0.3.1",135336,135337,135337,1135341,2135344,"Mersenne-Twister","Inversion","Rejection",20000,1000,1000,8,1000,20,1000,20,20,20,20,NA,NA,20.5739999999998,TRUE
"877051b144_t80","3pl_beta","bimodal","parametric",40,0.8,"ok",0.797635477251652,-0.00236452274834775,TRUE,2,"functional_of_mean_information","rho_at_expected_information","mean_random_form_reliability",3.93686467566479,0.797635477251652,0.797187590162582,0.000447887089070398,1.00119713555185,"scaled_mean_information_residual","0.3.1",763563,763564,763564,1763568,2763571,"Mersenne-Twister","Inversion","Rejection",20000,1000,1000,8,1000,20,1000,20,20,20,20,NA,NA,20.9780000000001,TRUE
"877051b144_t90","3pl_beta","bimodal","parametric",40,0.9,"ok",0.897165845928977,-0.00283415407102339,TRUE,2,"functional_of_mean_information","rho_at_expected_information","mean_random_form_reliability",8.84657615776368,0.897165845928977,0.896755719927826,0.000410126001150313,0.986188949189101,"scaled_mean_information_residual","0.3.1",479754,479755,479755,1479759,2479762,"Mersenne-Twister","Inversion","Rejection",20000,1000,1000,8,1000,20,1000,20,20,20,20,NA,NA,20.2630000000001,TRUE
"877051b144_t95","3pl_beta","bimodal","parametric",40,0.95,"ok",0.954584358228634,0.00458435822863412,TRUE,2,"functional_of_mean_information","rho_at_expected_information","mean_random_form_reliability",21.2301946857602,0.954584358228634,0.954403251147767,0.000181107080867049,0.990044878216464,"scaled_mean_information_residual","0.3.1",680363,680364,680364,1680368,2680371,"Mersenne-Twister","Inversion","Rejection",20000,1000,1000,8,1000,20,1000,20,20,20,20,NA,NA,20.97,TRUE
"88f779a86c_t50","2pl","skew_pos","parametric",20,0.5,"ok",0.494593762121222,-0.00540623787877809,TRUE,2,"functional_of_mean_information","rho_at_expected_information","mean_random_form_reliability",0.982487839945309,0.494593762121222,0.493427870366582,0.0011658917546401,0.996049342128829,"scaled_mean_information_residual","0.3.1",187914,187915,187915,1187919,2187922,"Mersenne-Twister","Inversion","Rejection",20000,1000,1000,8,1000,20,1000,20,20,20,20,NA,NA,8.49000000000001,TRUE
"88f779a86c_t60","2pl","skew_pos","parametric",20,0.6,"ok",0.589815823568564,-0.0101841764314361,TRUE,2,"functional_of_mean_information","rho_at_expected_information","mean_random_form_reliability",1.46294388368955,0.589815823568564,0.587341466910895,0.00247435665766871,0.98290116395308,"scaled_mean_information_residual","0.3.1",302197,302198,302198,1302202,2302205,"Mersenne-Twister","Inversion","Rejection",20000,1000,1000,8,1000,20,1000,20,20,20,20,NA,NA,6.79700000000003,TRUE
"88f779a86c_t70","2pl","skew_pos","parametric",20,0.7,"ok",0.698788651364832,-0.00121134863516792,TRUE,2,"functional_of_mean_information","rho_at_expected_information","mean_random_form_reliability",2.27323019375483,0.698788651364832,0.697789076251838,0.000999575112994089,1.02054250323494,"scaled_mean_information_residual","0.3.1",653142,653143,653143,1653147,2653150,"Mersenne-Twister","Inversion","Rejection",20000,1000,1000,8,1000,20,1000,20,20,20,20,NA,NA,8.44900000000007,TRUE
"88f779a86c_t80","2pl","skew_pos","parametric",20,0.8,"ok",0.799186226388862,-0.000813773611137769,TRUE,2,"functional_of_mean_information","rho_at_expected_information","mean_random_form_reliability",3.97384632758154,0.799186226388862,0.797438177842616,0.00174804854624611,1.00148263788807,"scaled_mean_information_residual","0.3.1",48410,48411,48411,1048415,2048418,"Mersenne-Twister","Inversion","Rejection",20000,1000,1000,8,1000,20,1000,20,20,20,20,NA,NA,9.50800000000004,TRUE
"88f779a86c_t90","2pl","skew_pos","parametric",20,0.9,"ok",0.900823113020888,0.000823113020887889,TRUE,2,"functional_of_mean_information","rho_at_expected_information","mean_random_form_reliability",8.95874401856327,0.900823113020888,0.900183109995732,0.000640003025155877,1.01386917868302,"scaled_mean_information_residual","0.3.1",779577,779578,779578,1779582,2779585,"Mersenne-Twister","Inversion","Rejection",20000,1000,1000,8,1000,20,1000,20,20,20,20,NA,NA,9.21800000000007,TRUE
"88f779a86c_t95","2pl","skew_pos","parametric",20,0.95,"ok",0.95287847898575,0.00287847898574967,TRUE,2,"functional_of_mean_information","rho_at_expected_information","mean_random_form_reliability",19.8927393547053,0.95287847898575,0.952304828305434,0.000573650680316118,1.0165380180531,"scaled_mean_information_residual","0.3.1",532922,532923,532923,1532927,2532930,"Mersenne-Twister","Inversion","Rejection",20000,1000,1000,8,1000,20,1000,20,20,20,20,NA,NA,8.48699999999985,TRUE
"89ea0bc5ff_t50","rasch","skew_pos","irw",40,0.5,"ok",0.500906238503078,0.00090623850307836,TRUE,2,"functional_of_mean_information","rho_at_expected_information","mean_random_form_reliability",1.00770428801215,0.500906238503078,0.50074452996737,0.000161708535708516,0.995958385835376,"scaled_mean_information_residual","0.3.1",325695,325696,325696,1325700,2325703,"Mersenne-Twister","Inversion","Rejection",20000,1000,1000,8,1000,20,1000,20,20,20,20,NA,NA,24.5650000000001,TRUE
"89ea0bc5ff_t60","rasch","skew_pos","irw",40,0.6,"ok",0.595735862794917,-0.0042641372050829,TRUE,2,"functional_of_mean_information","rho_at_expected_information","mean_random_form_reliability",1.50571325888184,0.595735862794917,0.594379640252788,0.00135622254212953,0.97869248631746,"scaled_mean_information_residual","0.3.1",553706,553707,553707,1553711,2553714,"Mersenne-Twister","Inversion","Rejection",20000,1000,1000,8,1000,20,1000,20,20,20,20,NA,NA,24.856,TRUE
"89ea0bc5ff_t70","rasch","skew_pos","irw",40,0.7,"ok",0.70381568179849,0.00381568179849023,TRUE,2,"functional_of_mean_information","rho_at_expected_information","mean_random_form_reliability",2.35902787147369,0.70381568179849,0.702453059455414,0.00136262234307605,1.00731153347018,"scaled_mean_information_residual","0.3.1",598928,598929,598929,1598933,2598936,"Mersenne-Twister","Inversion","Rejection",20000,1000,1000,8,1000,20,1000,20,20,20,20,NA,NA,24.1699999999998,TRUE
"89ea0bc5ff_t80","rasch","skew_pos","irw",40,0.8,"ok",0.798822523608954,-0.00117747639104615,TRUE,2,"functional_of_mean_information","rho_at_expected_information","mean_random_form_reliability",4.02814863706242,0.798822523608954,0.796921638021193,0.00190088558776125,0.985746987008474,"scaled_mean_information_residual","0.3.1",668757,668758,668758,1668762,2668765,"Mersenne-Twister","Inversion","Rejection",20000,1000,1000,8,1000,20,1000,20,20,20,20,NA,NA,24.7919999999999,TRUE
"89ea0bc5ff_t90","rasch","skew_pos","irw",40,0.9,"ok",0.902724738694666,0.00272473869466627,TRUE,2,"functional_of_mean_information","rho_at_expected_information","mean_random_form_reliability",9.17790574510047,0.902724738694666,0.895381516807429,0.00734322188723768,1.01113546864632,"scaled_mean_information_residual","0.3.1",484154,484155,484155,1484159,2484162,"Mersenne-Twister","Inversion","Rejection",20000,1000,1000,8,1000,20,1000,20,20,20,20,NA,NA,24.8240000000001,TRUE
"89ea0bc5ff_t95","rasch","skew_pos","irw",40,0.95,"ok",0.945002715142239,-0.0049972848577613,TRUE,2,"functional_of_mean_information","rho_at_expected_information","mean_random_form_reliability",17.4778094898865,0.945002715142239,0.94175685271178,0.00324586243045888,0.983116093796239,"scaled_mean_information_residual","0.3.1",593750,593751,593751,1593755,2593758,"Mersenne-Twister","Inversion","Rejection",20000,1000,1000,8,1000,20,1000,20,20,20,20,NA,NA,26.7919999999999,TRUE
"8db178eee1_t50","rasch","skew_pos","irw",10,0.5,"not_in_arm",NA,NA,FALSE,2,"functional_of_mean_information","rho_at_expected_information","mean_random_form_reliability",NA,NA,NA,NA,NA,NA,"0.3.1",34092,34093,34093,NA,NA,"Mersenne-Twister","Inversion","Rejection",20000,1000,1000,8,1000,20,1000,0,0,0,0,NA,NA,0,FALSE
"8db178eee1_t60","rasch","skew_pos","irw",10,0.6,"not_in_arm",NA,NA,FALSE,2,"functional_of_mean_information","rho_at_expected_information","mean_random_form_reliability",NA,NA,NA,NA,NA,NA,"0.3.1",418712,418713,418713,NA,NA,"Mersenne-Twister","Inversion","Rejection",20000,1000,1000,8,1000,20,1000,0,0,0,0,NA,NA,0,FALSE
"8db178eee1_t70","rasch","skew_pos","irw",10,0.7,"not_in_arm",NA,NA,FALSE,2,"functional_of_mean_information","rho_at_expected_information","mean_random_form_reliability",NA,NA,NA,NA,NA,NA,"0.3.1",484289,484290,484290,NA,NA,"Mersenne-Twister","Inversion","Rejection",20000,1000,1000,8,1000,20,1000,0,0,0,0,NA,NA,0,FALSE
"8db178eee1_t80","rasch","skew_pos","irw",10,0.8,"not_in_arm",NA,NA,FALSE,2,"functional_of_mean_information","rho_at_expected_information","mean_random_form_reliability",NA,NA,NA,NA,NA,NA,"0.3.1",575514,575515,575515,NA,NA,"Mersenne-Twister","Inversion","Rejection",20000,1000,1000,8,1000,20,1000,0,0,0,0,NA,NA,0,FALSE
"8db178eee1_t90","rasch","skew_pos","irw",10,0.9,"not_in_arm",NA,NA,FALSE,2,"functional_of_mean_information","rho_at_expected_information","mean_random_form_reliability",NA,NA,NA,NA,NA,NA,"0.3.1",61361,61362,61362,NA,NA,"Mersenne-Twister","Inversion","Rejection",20000,1000,1000,8,1000,20,1000,0,0,0,0,NA,NA,0,FALSE
"8db178eee1_t95","rasch","skew_pos","irw",10,0.95,"not_in_arm",NA,NA,FALSE,2,"functional_of_mean_information","rho_at_expected_information","mean_random_form_reliability",NA,NA,NA,NA,NA,NA,"0.3.1",517458,517459,517459,NA,NA,"Mersenne-Twister","Inversion","Rejection",20000,1000,1000,8,1000,20,1000,0,0,0,0,NA,NA,0,FALSE
"90b3200e06_t50","2pl","bimodal","irw",40,0.5,"ok",0.497124340607047,-0.00287565939295265,TRUE,2,"functional_of_mean_information","rho_at_expected_information","mean_random_form_reliability",0.985435675667298,0.497124340607047,0.495801650168739,0.00132269043830868,1.00317368638968,"scaled_mean_information_residual","0.3.1",372989,372990,372990,1372994,2372997,"Mersenne-Twister","Inversion","Rejection",20000,1000,1000,8,1000,20,1000,20,20,20,20,NA,NA,24.4929999999999,TRUE
"90b3200e06_t60","2pl","bimodal","irw",40,0.6,"ok",0.606239392898108,0.00623939289810849,TRUE,2,"functional_of_mean_information","rho_at_expected_information","mean_random_form_reliability",1.52931781753175,0.606239392898108,0.604094373425143,0.00214501947296519,1.00673261515831,"scaled_mean_information_residual","0.3.1",365205,365206,365206,1365210,2365213,"Mersenne-Twister","Inversion","Rejection",20000,1000,1000,8,1000,20,1000,20,20,20,20,NA,NA,25.912,TRUE
"90b3200e06_t70","2pl","bimodal","irw",40,0.7,"ok",0.697184614249297,-0.00281538575070261,TRUE,2,"functional_of_mean_information","rho_at_expected_information","mean_random_form_reliability",2.30681870025101,0.697184614249297,0.695222956648388,0.00196165760090927,0.998059409702293,"scaled_mean_information_residual","0.3.1",570825,570826,570826,1570830,2570833,"Mersenne-Twister","Inversion","Rejection",20000,1000,1000,8,1000,20,1000,20,20,20,20,NA,NA,25.0420000000001,TRUE
"90b3200e06_t80","2pl","bimodal","irw",40,0.8,"ok",0.799845480409945,-0.000154519590054636,TRUE,2,"functional_of_mean_information","rho_at_expected_information","mean_random_form_reliability",3.98010362966596,0.799845480409945,0.796589859635724,0.00325562077422126,1.00402913197964,"scaled_mean_information_residual","0.3.1",330081,330082,330082,1330086,2330089,"Mersenne-Twister","Inversion","Rejection",20000,1000,1000,8,1000,20,1000,20,20,20,20,NA,NA,26.49,TRUE
"90b3200e06_t90","2pl","bimodal","irw",40,0.9,"ok",0.898755940849622,-0.00124405915037784,TRUE,2,"functional_of_mean_information","rho_at_expected_information","mean_random_form_reliability",8.78933850396778,0.898755940849622,0.896358522713684,0.00239741813593786,1.00998758286751,"scaled_mean_information_residual","0.3.1",568899,568900,568900,1568904,2568907,"Mersenne-Twister","Inversion","Rejection",20000,1000,1000,8,1000,20,1000,20,20,20,20,NA,NA,25.8439999999998,TRUE
"90b3200e06_t95","2pl","bimodal","irw",40,0.95,"ok",0.959168381051208,0.00916838105120787,TRUE,2,"functional_of_mean_information","rho_at_expected_information","mean_random_form_reliability",23.8480619995325,0.959168381051208,0.955725568419975,0.00344281263123269,0.985020257172501,"scaled_mean_information_residual","0.3.1",91087,91088,91088,1091092,2091095,"Mersenne-Twister","Inversion","Rejection",20000,1000,1000,8,1000,20,1000,20,20,20,20,NA,NA,25.9359999999999,TRUE
"93478b9ed6_t50","rasch","bimodal","irw",10,0.5,"not_in_arm",NA,NA,FALSE,2,"functional_of_mean_information","rho_at_expected_information","mean_random_form_reliability",NA,NA,NA,NA,NA,NA,"0.3.1",607315,607316,607316,NA,NA,"Mersenne-Twister","Inversion","Rejection",20000,1000,1000,8,1000,20,1000,0,0,0,0,NA,NA,0,FALSE
"93478b9ed6_t60","rasch","bimodal","irw",10,0.6,"not_in_arm",NA,NA,FALSE,2,"functional_of_mean_information","rho_at_expected_information","mean_random_form_reliability",NA,NA,NA,NA,NA,NA,"0.3.1",193546,193547,193547,NA,NA,"Mersenne-Twister","Inversion","Rejection",20000,1000,1000,8,1000,20,1000,0,0,0,0,NA,NA,0,FALSE
"93478b9ed6_t70","rasch","bimodal","irw",10,0.7,"not_in_arm",NA,NA,FALSE,2,"functional_of_mean_information","rho_at_expected_information","mean_random_form_reliability",NA,NA,NA,NA,NA,NA,"0.3.1",344788,344789,344789,NA,NA,"Mersenne-Twister","Inversion","Rejection",20000,1000,1000,8,1000,20,1000,0,0,0,0,NA,NA,0,FALSE
"93478b9ed6_t80","rasch","bimodal","irw",10,0.8,"not_in_arm",NA,NA,FALSE,2,"functional_of_mean_information","rho_at_expected_information","mean_random_form_reliability",NA,NA,NA,NA,NA,NA,"0.3.1",326963,326964,326964,NA,NA,"Mersenne-Twister","Inversion","Rejection",20000,1000,1000,8,1000,20,1000,0,0,0,0,NA,NA,0,FALSE
"93478b9ed6_t90","rasch","bimodal","irw",10,0.9,"not_in_arm",NA,NA,FALSE,2,"functional_of_mean_information","rho_at_expected_information","mean_random_form_reliability",NA,NA,NA,NA,NA,NA,"0.3.1",202078,202079,202079,NA,NA,"Mersenne-Twister","Inversion","Rejection",20000,1000,1000,8,1000,20,1000,0,0,0,0,NA,NA,0,FALSE
"93478b9ed6_t95","rasch","bimodal","irw",10,0.95,"not_in_arm",NA,NA,FALSE,2,"functional_of_mean_information","rho_at_expected_information","mean_random_form_reliability",NA,NA,NA,NA,NA,NA,"0.3.1",107239,107240,107240,NA,NA,"Mersenne-Twister","Inversion","Rejection",20000,1000,1000,8,1000,20,1000,0,0,0,0,NA,NA,0,FALSE
"940dd58533_t50","3pl_g20","normal","irw",10,0.5,"not_in_arm",NA,NA,FALSE,2,"functional_of_mean_information","rho_at_expected_information","mean_random_form_reliability",NA,NA,NA,NA,NA,NA,"0.3.1",679576,679577,679577,NA,NA,"Mersenne-Twister","Inversion","Rejection",20000,1000,1000,8,1000,20,1000,0,0,0,0,NA,NA,0,FALSE
"940dd58533_t60","3pl_g20","normal","irw",10,0.6,"not_in_arm",NA,NA,FALSE,2,"functional_of_mean_information","rho_at_expected_information","mean_random_form_reliability",NA,NA,NA,NA,NA,NA,"0.3.1",671053,671054,671054,NA,NA,"Mersenne-Twister","Inversion","Rejection",20000,1000,1000,8,1000,20,1000,0,0,0,0,NA,NA,0,FALSE
"940dd58533_t70","3pl_g20","normal","irw",10,0.7,"not_in_arm",NA,NA,FALSE,2,"functional_of_mean_information","rho_at_expected_information","mean_random_form_reliability",NA,NA,NA,NA,NA,NA,"0.3.1",316641,316642,316642,NA,NA,"Mersenne-Twister","Inversion","Rejection",20000,1000,1000,8,1000,20,1000,0,0,0,0,NA,NA,0,FALSE
"940dd58533_t80","3pl_g20","normal","irw",10,0.8,"not_in_arm",NA,NA,FALSE,2,"functional_of_mean_information","rho_at_expected_information","mean_random_form_reliability",NA,NA,NA,NA,NA,NA,"0.3.1",810569,810570,810570,NA,NA,"Mersenne-Twister","Inversion","Rejection",20000,1000,1000,8,1000,20,1000,0,0,0,0,NA,NA,0,FALSE
"940dd58533_t90","3pl_g20","normal","irw",10,0.9,"not_in_arm",NA,NA,FALSE,2,"functional_of_mean_information","rho_at_expected_information","mean_random_form_reliability",NA,NA,NA,NA,NA,NA,"0.3.1",301820,301821,301821,NA,NA,"Mersenne-Twister","Inversion","Rejection",20000,1000,1000,8,1000,20,1000,0,0,0,0,NA,NA,0,FALSE
"9513362a78_t50","2pl","heavy_tail","irw",20,0.5,"ok",0.494010172508854,-0.00598982749114635,TRUE,2,"functional_of_mean_information","rho_at_expected_information","mean_random_form_reliability",1.0092182038151,0.494010172508854,0.489918594311969,0.00409157819688449,0.967406565660243,"scaled_mean_information_residual","0.3.1",14135,14136,14136,1014140,2014143,"Mersenne-Twister","Inversion","Rejection",20000,1000,1000,8,1000,20,1000,20,20,20,20,NA,NA,20.519,TRUE
"9513362a78_t60","2pl","heavy_tail","irw",20,0.6,"ok",0.601103251330661,0.00110325133066069,TRUE,2,"functional_of_mean_information","rho_at_expected_information","mean_random_form_reliability",1.48276581159949,0.601103251330661,0.597162745669193,0.0039405056614672,1.01628617264274,"scaled_mean_information_residual","0.3.1",666045,666046,666046,1666050,2666053,"Mersenne-Twister","Inversion","Rejection",20000,1000,1000,8,1000,20,1000,20,20,20,20,NA,NA,16.157,TRUE
"9513362a78_t70","2pl","heavy_tail","irw",20,0.7,"ok",0.696254436567306,-0.00374556343269439,TRUE,2,"functional_of_mean_information","rho_at_expected_information","mean_random_form_reliability",2.31953847515652,0.696254436567306,0.691703026223956,0.00455141034334983,0.988226399670706,"scaled_mean_information_residual","0.3.1",533724,533725,533725,1533729,2533732,"Mersenne-Twister","Inversion","Rejection",20000,1000,1000,8,1000,20,1000,20,20,20,20,NA,NA,19.989,TRUE
"9513362a78_t80","2pl","heavy_tail","irw",20,0.8,"ok",0.783425572760929,-0.0165744272390713,TRUE,2,"functional_of_mean_information","rho_at_expected_information","mean_random_form_reliability",3.55887188317866,0.783425572760929,0.771139726423225,0.0122858463377035,1.01643173300719,"scaled_mean_information_residual","0.3.1",443923,443924,443924,1443928,2443931,"Mersenne-Twister","Inversion","Rejection",20000,1000,1000,8,1000,20,1000,20,20,20,20,NA,NA,19.327,TRUE
"9513362a78_t90","2pl","heavy_tail","irw",20,0.9,"ok",0.902911546230994,0.0029115462309941,TRUE,2,"functional_of_mean_information","rho_at_expected_information","mean_random_form_reliability",9.22496913268909,0.902911546230994,0.896887096851067,0.0060244493799273,1.00812109039527,"scaled_mean_information_residual","0.3.1",794251,794252,794252,1794256,2794259,"Mersenne-Twister","Inversion","Rejection",20000,1000,1000,8,1000,20,1000,20,20,20,20,NA,NA,20.354,TRUE
"9513362a78_t95","2pl","heavy_tail","irw",20,0.95,"ok",0.94484781956439,-0.00515218043560994,TRUE,2,"functional_of_mean_information","rho_at_expected_information","mean_random_form_reliability",16.9583638298099,0.94484781956439,0.93854749209267,0.00630032747172049,1.01021829608967,"scaled_mean_information_residual","0.3.1",738208,738209,738209,1738213,2738216,"Mersenne-Twister","Inversion","Rejection",20000,1000,1000,8,1000,20,1000,20,20,20,20,NA,NA,13.3899999999999,TRUE
"9711f8cd98_t50","3pl_g20","bimodal","parametric",10,0.5,"not_in_arm",NA,NA,FALSE,2,"functional_of_mean_information","rho_at_expected_information","mean_random_form_reliability",NA,NA,NA,NA,NA,NA,"0.3.1",616744,616745,616745,NA,NA,"Mersenne-Twister","Inversion","Rejection",20000,1000,1000,8,1000,20,1000,0,0,0,0,NA,NA,0,FALSE
"9711f8cd98_t60","3pl_g20","bimodal","parametric",10,0.6,"not_in_arm",NA,NA,FALSE,2,"functional_of_mean_information","rho_at_expected_information","mean_random_form_reliability",NA,NA,NA,NA,NA,NA,"0.3.1",631072,631073,631073,NA,NA,"Mersenne-Twister","Inversion","Rejection",20000,1000,1000,8,1000,20,1000,0,0,0,0,NA,NA,0,FALSE
"9711f8cd98_t70","3pl_g20","bimodal","parametric",10,0.7,"not_in_arm",NA,NA,FALSE,2,"functional_of_mean_information","rho_at_expected_information","mean_random_form_reliability",NA,NA,NA,NA,NA,NA,"0.3.1",645884,645885,645885,NA,NA,"Mersenne-Twister","Inversion","Rejection",20000,1000,1000,8,1000,20,1000,0,0,0,0,NA,NA,0,FALSE
"9711f8cd98_t80","3pl_g20","bimodal","parametric",10,0.8,"not_in_arm",NA,NA,FALSE,2,"functional_of_mean_information","rho_at_expected_information","mean_random_form_reliability",NA,NA,NA,NA,NA,NA,"0.3.1",506232,506233,506233,NA,NA,"Mersenne-Twister","Inversion","Rejection",20000,1000,1000,8,1000,20,1000,0,0,0,0,NA,NA,0,FALSE
"9edead4a8b_t50","2pl","normal","parametric",40,0.5,"ok",0.499470710341342,-0.000529289658657617,TRUE,2,"functional_of_mean_information","rho_at_expected_information","mean_random_form_reliability",0.967805398356136,0.499470710341342,0.497998689221716,0.00147202111962647,1.03108029968701,"scaled_mean_information_residual","0.3.1",446734,446735,446735,1446739,2446742,"Mersenne-Twister","Inversion","Rejection",20000,1000,1000,8,1000,20,1000,20,20,20,20,NA,NA,15.1109999999999,TRUE
"9edead4a8b_t60","2pl","normal","parametric",40,0.6,"ok",0.592623948489389,-0.00737605151061138,TRUE,2,"functional_of_mean_information","rho_at_expected_information","mean_random_form_reliability",1.45908544424789,0.592623948489389,0.591645110370676,0.000978838118712577,0.997017952321307,"scaled_mean_information_residual","0.3.1",451334,451335,451335,1451339,2451342,"Mersenne-Twister","Inversion","Rejection",20000,1000,1000,8,1000,20,1000,20,20,20,20,NA,NA,15.247,TRUE
"9edead4a8b_t70","2pl","normal","parametric",40,0.7,"ok",0.696131163160256,-0.00386883683974404,TRUE,2,"functional_of_mean_information","rho_at_expected_information","mean_random_form_reliability",2.30401047634449,0.696131163160256,0.695478633370719,0.000652529789536671,0.994306922347281,"scaled_mean_information_residual","0.3.1",404863,404864,404864,1404868,2404871,"Mersenne-Twister","Inversion","Rejection",20000,1000,1000,8,1000,20,1000,20,20,20,20,NA,NA,15.1650000000001,TRUE
"9edead4a8b_t80","2pl","normal","parametric",40,0.8,"ok",0.802020021633925,0.00202002163392523,TRUE,2,"functional_of_mean_information","rho_at_expected_information","mean_random_form_reliability",4.05728993452617,0.802020021633925,0.801351715992521,0.000668305641404521,0.998453615930769,"scaled_mean_information_residual","0.3.1",464143,464144,464144,1464148,2464151,"Mersenne-Twister","Inversion","Rejection",20000,1000,1000,8,1000,20,1000,20,20,20,20,NA,NA,15.5830000000001,TRUE
"9edead4a8b_t90","2pl","normal","parametric",40,0.9,"ok",0.896345476751018,-0.00365452324898174,TRUE,2,"functional_of_mean_information","rho_at_expected_information","mean_random_form_reliability",8.74540257030757,0.896345476751018,0.895865196957776,0.000480279793242389,0.98879751647877,"scaled_mean_information_residual","0.3.1",500527,500528,500528,1500532,2500535,"Mersenne-Twister","Inversion","Rejection",20000,1000,1000,8,1000,20,1000,20,20,20,20,NA,NA,15.171,TRUE
"9edead4a8b_t95","2pl","normal","parametric",40,0.95,"ok",0.949461217130662,-0.000538782869338061,TRUE,2,"functional_of_mean_information","rho_at_expected_information","mean_random_form_reliability",18.6341913846153,0.949461217130662,0.949240922680933,0.000220294449729375,1.0081888718891,"scaled_mean_information_residual","0.3.1",457387,457388,457388,1457392,2457395,"Mersenne-Twister","Inversion","Rejection",20000,1000,1000,8,1000,20,1000,20,20,20,20,NA,NA,14.861,TRUE
"a1f4688fbc_t50","3pl_g20","heavy_tail","irw",20,0.5,"ok",0.497698217134722,-0.00230178286527805,TRUE,2,"functional_of_mean_information","rho_at_expected_information","mean_random_form_reliability",0.977145289608129,0.497698217134722,0.495570407378536,0.00212780975618637,1.01400996400465,"scaled_mean_information_residual","0.3.1",213806,213807,213807,1213811,2213814,"Mersenne-Twister","Inversion","Rejection",20000,1000,1000,8,1000,20,1000,20,20,20,20,NA,NA,18.4630000000001,TRUE
"a1f4688fbc_t60","3pl_g20","heavy_tail","irw",20,0.6,"ok",0.610185874454394,0.0101858744543942,TRUE,2,"functional_of_mean_information","rho_at_expected_information","mean_random_form_reliability",1.58895591057156,0.610185874454394,0.597392604470333,0.0127932699840609,0.985128152812768,"scaled_mean_information_residual","0.3.1",432673,432674,432674,1432678,2432681,"Mersenne-Twister","Inversion","Rejection",20000,1000,1000,8,1000,20,1000,20,20,20,20,NA,NA,18.554,TRUE
"a1f4688fbc_t70","3pl_g20","heavy_tail","irw",20,0.7,"ok",0.722687292033801,0.0226872920338013,TRUE,2,"functional_of_mean_information","rho_at_expected_information","mean_random_form_reliability",2.62918852961749,0.722687292033801,0.718453602911856,0.00423368912194522,0.991194577166264,"scaled_mean_information_residual","0.3.1",530868,530869,530869,1530873,2530876,"Mersenne-Twister","Inversion","Rejection",20000,1000,1000,8,1000,20,1000,20,20,20,20,NA,NA,18.873,TRUE
"a1f4688fbc_t80","3pl_g20","heavy_tail","irw",20,0.8,"ok",0.7906179505999,-0.00938204940010001,TRUE,2,"functional_of_mean_information","rho_at_expected_information","mean_random_form_reliability",3.83748418840023,0.7906179505999,0.781527325347499,0.00909062525240079,0.983967207921182,"scaled_mean_information_residual","0.3.1",430038,430039,430039,1430043,2430046,"Mersenne-Twister","Inversion","Rejection",20000,1000,1000,8,1000,20,1000,20,20,20,20,NA,NA,18.964,TRUE
"a1f4688fbc_t90","3pl_g20","heavy_tail","irw",20,0.9,"ok",0.894985900639608,-0.00501409936039243,TRUE,2,"functional_of_mean_information","rho_at_expected_information","mean_random_form_reliability",8.49534280195719,0.894985900639608,0.88439990246771,0.0105859981718975,1.00320034642942,"scaled_mean_information_residual","0.3.1",634489,634490,634490,1634494,2634497,"Mersenne-Twister","Inversion","Rejection",20000,1000,1000,8,1000,20,1000,20,20,20,20,NA,NA,21.782,TRUE
"a1f4688fbc_t95","3pl_g20","heavy_tail","irw",20,0.95,"ok",0.966779503177326,0.0167795031773256,TRUE,2,"functional_of_mean_information","rho_at_expected_information","mean_random_form_reliability",30.0794527875173,0.966779503177326,0.955007600251279,0.0117719029260461,0.967500904983659,"scaled_mean_information_residual","0.3.1",135746,135747,135747,1135751,2135754,"Mersenne-Twister","Inversion","Rejection",20000,1000,1000,8,1000,20,1000,20,20,20,20,NA,NA,22.245,TRUE
"a299eff79d_t50","3pl_beta","normal","parametric",20,0.5,"ok",0.501068539195718,0.00106853919571825,TRUE,2,"functional_of_mean_information","rho_at_expected_information","mean_random_form_reliability",1.00425018522351,0.501068539195718,0.500280090282132,0.000788448913586426,1.00003298513685,"scaled_mean_information_residual","0.3.1",174493,174494,174494,1174498,2174501,"Mersenne-Twister","Inversion","Rejection",20000,1000,1000,8,1000,20,1000,20,20,20,20,NA,NA,12.0309999999999,TRUE
"a299eff79d_t60","3pl_beta","normal","parametric",20,0.6,"ok",0.59524657143315,-0.00475342856685024,TRUE,2,"functional_of_mean_information","rho_at_expected_information","mean_random_form_reliability",1.45515927542424,0.59524657143315,0.592791997708939,0.00245457372421076,1.0106384904161,"scaled_mean_information_residual","0.3.1",687560,687561,687561,1687565,2687568,"Mersenne-Twister","Inversion","Rejection",20000,1000,1000,8,1000,20,1000,20,20,20,20,NA,NA,12.4279999999999,TRUE
"a299eff79d_t70","3pl_beta","normal","parametric",20,0.7,"ok",0.696943919049502,-0.00305608095049825,TRUE,2,"functional_of_mean_information","rho_at_expected_information","mean_random_form_reliability",2.2466388174629,0.696943919049502,0.695256194477017,0.00168772457248467,1.02362662144521,"scaled_mean_information_residual","0.3.1",526799,526800,526800,1526804,2526807,"Mersenne-Twister","Inversion","Rejection",20000,1000,1000,8,1000,20,1000,20,20,20,20,NA,NA,12.3580000000002,TRUE
"a299eff79d_t80","3pl_beta","normal","parametric",20,0.8,"ok",0.807589059582009,0.00758905958200928,TRUE,2,"functional_of_mean_information","rho_at_expected_information","mean_random_form_reliability",4.28265090586862,0.807589059582009,0.805875219621778,0.00171383996023122,0.980049451018103,"scaled_mean_information_residual","0.3.1",294399,294400,294400,1294404,2294407,"Mersenne-Twister","Inversion","Rejection",20000,1000,1000,8,1000,20,1000,20,20,20,20,NA,NA,12.4090000000001,TRUE
"a299eff79d_t90","3pl_beta","normal","parametric",20,0.9,"ok",0.909272859303832,0.00927285930383226,TRUE,2,"functional_of_mean_information","rho_at_expected_information","mean_random_form_reliability",10.1290444668729,0.909272859303832,0.907649995992838,0.00162286331099426,0.989437864631349,"scaled_mean_information_residual","0.3.1",561855,561856,561856,1561860,2561863,"Mersenne-Twister","Inversion","Rejection",20000,1000,1000,8,1000,20,1000,20,20,20,20,NA,NA,12.3309999999999,TRUE
"a299eff79d_t95","3pl_beta","normal","parametric",20,0.95,"ok",0.950509407935434,0.00050940793543397,TRUE,2,"functional_of_mean_information","rho_at_expected_information","mean_random_form_reliability",19.3733430121232,0.950509407935434,0.949660331419865,0.000849076515569092,0.991355002682873,"scaled_mean_information_residual","0.3.1",217948,217949,217949,1217953,2217956,"Mersenne-Twister","Inversion","Rejection",20000,1000,1000,8,1000,20,1000,20,20,20,20,NA,NA,12.3240000000001,TRUE
"aa41d06cf1_t50","3pl_beta","bimodal","irw",40,0.5,"ok",0.501112790047166,0.00111279004716569,TRUE,2,"functional_of_mean_information","rho_at_expected_information","mean_random_form_reliability",1.01837791784448,0.501112790047166,0.498789971403608,0.00232281864355771,0.986334317642051,"scaled_mean_information_residual","0.3.1",121154,121155,121155,1121159,2121162,"Mersenne-Twister","Inversion","Rejection",20000,1000,1000,8,1000,20,1000,20,20,20,20,NA,NA,20.206,TRUE
"aa41d06cf1_t60","3pl_beta","bimodal","irw",40,0.6,"ok",0.603074815961323,0.00307481596132286,TRUE,2,"functional_of_mean_information","rho_at_expected_information","mean_random_form_reliability",1.51279967130884,0.603074815961323,0.601167452206094,0.00190736375522838,1.00434082542863,"scaled_mean_information_residual","0.3.1",309533,309534,309534,1309538,2309541,"Mersenne-Twister","Inversion","Rejection",20000,1000,1000,8,1000,20,1000,20,20,20,20,NA,NA,19.981,TRUE
"aa41d06cf1_t70","3pl_beta","bimodal","irw",40,0.7,"ok",0.711659327298507,0.0116593272985066,TRUE,2,"functional_of_mean_information","rho_at_expected_information","mean_random_form_reliability",2.46086507892999,0.711659327298507,0.710188229497067,0.0014710978014395,1.00294804234264,"scaled_mean_information_residual","0.3.1",764073,764074,764074,1764078,2764081,"Mersenne-Twister","Inversion","Rejection",20000,1000,1000,8,1000,20,1000,20,20,20,20,NA,NA,20.487,TRUE
"aa41d06cf1_t80","3pl_beta","bimodal","irw",40,0.8,"ok",0.804002039053821,0.00400203905382102,TRUE,2,"functional_of_mean_information","rho_at_expected_information","mean_random_form_reliability",4.10503918061262,0.804002039053821,0.798958278130985,0.0050437609228362,0.999282519518009,"scaled_mean_information_residual","0.3.1",653262,653263,653263,1653267,2653270,"Mersenne-Twister","Inversion","Rejection",20000,1000,1000,8,1000,20,1000,20,20,20,20,NA,NA,20.388,TRUE
"aa41d06cf1_t90","3pl_beta","bimodal","irw",40,0.9,"ok",0.924923186372478,0.0249231863724778,TRUE,2,"functional_of_mean_information","rho_at_expected_information","mean_random_form_reliability",12.3651646185374,0.924923186372478,0.914087822983294,0.0108353633891837,0.996322485713298,"scaled_mean_information_residual","0.3.1",430724,430725,430725,1430729,2430732,"Mersenne-Twister","Inversion","Rejection",20000,1000,1000,8,1000,20,1000,20,20,20,20,NA,NA,20.469,TRUE
"aa41d06cf1_t95","3pl_beta","bimodal","irw",40,0.95,"ok",0.943464843821532,-0.00653515617846812,TRUE,2,"functional_of_mean_information","rho_at_expected_information","mean_random_form_reliability",16.7172434713641,0.943464843821532,0.935046557651434,0.00841828617009766,0.99825721527514,"scaled_mean_information_residual","0.3.1",740018,740019,740019,1740023,2740026,"Mersenne-Twister","Inversion","Rejection",20000,1000,1000,8,1000,20,1000,20,20,20,20,NA,NA,20.365,TRUE
"ac596c5075_t50","rasch","skew_pos","parametric",10,0.5,"not_in_arm",NA,NA,FALSE,2,"functional_of_mean_information","rho_at_expected_information","mean_random_form_reliability",NA,NA,NA,NA,NA,NA,"0.3.1",185766,185767,185767,NA,NA,"Mersenne-Twister","Inversion","Rejection",20000,1000,1000,8,1000,20,1000,0,0,0,0,NA,NA,0,FALSE
"ac596c5075_t60","rasch","skew_pos","parametric",10,0.6,"not_in_arm",NA,NA,FALSE,2,"functional_of_mean_information","rho_at_expected_information","mean_random_form_reliability",NA,NA,NA,NA,NA,NA,"0.3.1",467128,467129,467129,NA,NA,"Mersenne-Twister","Inversion","Rejection",20000,1000,1000,8,1000,20,1000,0,0,0,0,NA,NA,0,FALSE
"ac596c5075_t70","rasch","skew_pos","parametric",10,0.7,"not_in_arm",NA,NA,FALSE,2,"functional_of_mean_information","rho_at_expected_information","mean_random_form_reliability",NA,NA,NA,NA,NA,NA,"0.3.1",49422,49423,49423,NA,NA,"Mersenne-Twister","Inversion","Rejection",20000,1000,1000,8,1000,20,1000,0,0,0,0,NA,NA,0,FALSE
"ac596c5075_t80","rasch","skew_pos","parametric",10,0.8,"not_in_arm",NA,NA,FALSE,2,"functional_of_mean_information","rho_at_expected_information","mean_random_form_reliability",NA,NA,NA,NA,NA,NA,"0.3.1",196569,196570,196570,NA,NA,"Mersenne-Twister","Inversion","Rejection",20000,1000,1000,8,1000,20,1000,0,0,0,0,NA,NA,0,FALSE
"ac596c5075_t90","rasch","skew_pos","parametric",10,0.9,"not_in_arm",NA,NA,FALSE,2,"functional_of_mean_information","rho_at_expected_information","mean_random_form_reliability",NA,NA,NA,NA,NA,NA,"0.3.1",212429,212430,212430,NA,NA,"Mersenne-Twister","Inversion","Rejection",20000,1000,1000,8,1000,20,1000,0,0,0,0,NA,NA,0,FALSE
"ac596c5075_t95","rasch","skew_pos","parametric",10,0.95,"not_in_arm",NA,NA,FALSE,2,"functional_of_mean_information","rho_at_expected_information","mean_random_form_reliability",NA,NA,NA,NA,NA,NA,"0.3.1",665058,665059,665059,NA,NA,"Mersenne-Twister","Inversion","Rejection",20000,1000,1000,8,1000,20,1000,0,0,0,0,NA,NA,0,FALSE
"ad266e1728_t50","3pl_beta","heavy_tail","irw",10,0.5,"not_in_arm",NA,NA,FALSE,2,"functional_of_mean_information","rho_at_expected_information","mean_random_form_reliability",NA,NA,NA,NA,NA,NA,"0.3.1",469079,469080,469080,NA,NA,"Mersenne-Twister","Inversion","Rejection",20000,1000,1000,8,1000,20,1000,0,0,0,0,NA,NA,0,FALSE
"ad266e1728_t60","3pl_beta","heavy_tail","irw",10,0.6,"not_in_arm",NA,NA,FALSE,2,"functional_of_mean_information","rho_at_expected_information","mean_random_form_reliability",NA,NA,NA,NA,NA,NA,"0.3.1",16332,16333,16333,NA,NA,"Mersenne-Twister","Inversion","Rejection",20000,1000,1000,8,1000,20,1000,0,0,0,0,NA,NA,0,FALSE
"ad266e1728_t70","3pl_beta","heavy_tail","irw",10,0.7,"not_in_arm",NA,NA,FALSE,2,"functional_of_mean_information","rho_at_expected_information","mean_random_form_reliability",NA,NA,NA,NA,NA,NA,"0.3.1",97316,97317,97317,NA,NA,"Mersenne-Twister","Inversion","Rejection",20000,1000,1000,8,1000,20,1000,0,0,0,0,NA,NA,0,FALSE
"ad266e1728_t80","3pl_beta","heavy_tail","irw",10,0.8,"not_in_arm",NA,NA,FALSE,2,"functional_of_mean_information","rho_at_expected_information","mean_random_form_reliability",NA,NA,NA,NA,NA,NA,"0.3.1",225032,225033,225033,NA,NA,"Mersenne-Twister","Inversion","Rejection",20000,1000,1000,8,1000,20,1000,0,0,0,0,NA,NA,0,FALSE
"ad266e1728_t90","3pl_beta","heavy_tail","irw",10,0.9,"not_in_arm",NA,NA,FALSE,2,"functional_of_mean_information","rho_at_expected_information","mean_random_form_reliability",NA,NA,NA,NA,NA,NA,"0.3.1",179609,179610,179610,NA,NA,"Mersenne-Twister","Inversion","Rejection",20000,1000,1000,8,1000,20,1000,0,0,0,0,NA,NA,0,FALSE
"ade7e80f30_t50","3pl_g20","skew_pos","parametric",40,0.5,"ok",0.494786171204608,-0.00521382879539162,TRUE,2,"functional_of_mean_information","rho_at_expected_information","mean_random_form_reliability",0.985751204503504,0.494786171204608,0.493724090372924,0.00106208083168441,0.993516323498628,"scaled_mean_information_residual","0.3.1",161781,161782,161782,1161786,2161789,"Mersenne-Twister","Inversion","Rejection",20000,1000,1000,8,1000,20,1000,20,20,20,20,NA,NA,17.942,TRUE
"ade7e80f30_t60","3pl_g20","skew_pos","parametric",40,0.6,"ok",0.599860064453462,-0.000139935546538461,TRUE,2,"functional_of_mean_information","rho_at_expected_information","mean_random_form_reliability",1.49008481580091,0.599860064453462,0.598731128866267,0.00112893558719496,1.00606736797693,"scaled_mean_information_residual","0.3.1",733410,733411,733411,1733415,2733418,"Mersenne-Twister","Inversion","Rejection",20000,1000,1000,8,1000,20,1000,20,20,20,20,NA,NA,17.099,TRUE
"ade7e80f30_t70","3pl_g20","skew_pos","parametric",40,0.7,"ok",0.692886462979658,-0.00711353702034201,TRUE,2,"functional_of_mean_information","rho_at_expected_information","mean_random_form_reliability",2.20563208937451,0.692886462979658,0.691894221367893,0.000992241611764699,1.02289261969051,"scaled_mean_information_residual","0.3.1",521292,521293,521293,1521297,2521300,"Mersenne-Twister","Inversion","Rejection",20000,1000,1000,8,1000,20,1000,20,20,20,20,NA,NA,17.7859999999999,TRUE
"ade7e80f30_t80","3pl_g20","skew_pos","parametric",40,0.8,"ok",0.803081454643277,0.00308145464327658,TRUE,2,"functional_of_mean_information","rho_at_expected_information","mean_random_form_reliability",4.05375410464978,0.803081454643277,0.802137558745957,0.000943895897319802,1.00604075987609,"scaled_mean_information_residual","0.3.1",523165,523166,523166,1523170,2523173,"Mersenne-Twister","Inversion","Rejection",20000,1000,1000,8,1000,20,1000,20,20,20,20,NA,NA,17.916,TRUE
"ade7e80f30_t90","3pl_g20","skew_pos","parametric",40,0.9,"ok",0.90573404216149,0.00573404216148965,TRUE,2,"functional_of_mean_information","rho_at_expected_information","mean_random_form_reliability",9.48155770960698,0.90573404216149,0.905357592687776,0.000376449473713625,1.01336549748912,"scaled_mean_information_residual","0.3.1",446793,446794,446794,1446798,2446801,"Mersenne-Twister","Inversion","Rejection",20000,1000,1000,8,1000,20,1000,20,20,20,20,NA,NA,17.977,TRUE
"ade7e80f30_t95","3pl_g20","skew_pos","parametric",40,0.95,"ok",0.941950137820692,-0.00804986217930814,TRUE,2,"functional_of_mean_information","rho_at_expected_information","mean_random_form_reliability",16.4657362979902,0.941950137820692,0.94156173621601,0.000388401604681565,0.985474895237949,"scaled_mean_information_residual","0.3.1",139371,139372,139372,1139376,2139379,"Mersenne-Twister","Inversion","Rejection",20000,1000,1000,8,1000,20,1000,20,20,20,20,NA,NA,17.481,TRUE
"b06cf9b257_t50","2pl","heavy_tail","parametric",40,0.5,"ok",0.500051511854163,5.15118541629667e-05,TRUE,2,"functional_of_mean_information","rho_at_expected_information","mean_random_form_reliability",1.0006065964455,0.500051511854163,0.499137553904523,0.000913957949640165,0.999599715012559,"scaled_mean_information_residual","0.3.1",607245,607246,607246,1607250,2607253,"Mersenne-Twister","Inversion","Rejection",20000,1000,1000,8,1000,20,1000,20,20,20,20,NA,NA,15.1479999999999,TRUE
"b06cf9b257_t60","2pl","heavy_tail","parametric",40,0.6,"ok",0.59987130908811,-0.000128690911889717,TRUE,2,"functional_of_mean_information","rho_at_expected_information","mean_random_form_reliability",1.47063758836847,0.59987130908811,0.599245417883093,0.000625891205016771,1.01941902773734,"scaled_mean_information_residual","0.3.1",204185,204186,204186,1204190,2204193,"Mersenne-Twister","Inversion","Rejection",20000,1000,1000,8,1000,20,1000,20,20,20,20,NA,NA,14.9340000000001,TRUE
"b06cf9b257_t70","2pl","heavy_tail","parametric",40,0.7,"ok",0.70250799198984,0.00250799198984042,TRUE,2,"functional_of_mean_information","rho_at_expected_information","mean_random_form_reliability",2.35316162349641,0.70250799198984,0.701565090907378,0.000942901082462533,1.00351578712438,"scaled_mean_information_residual","0.3.1",598610,598611,598611,1598615,2598618,"Mersenne-Twister","Inversion","Rejection",20000,1000,1000,8,1000,20,1000,20,20,20,20,NA,NA,15.066,TRUE
"b06cf9b257_t80","2pl","heavy_tail","parametric",40,0.8,"ok",0.801234480071896,0.00123448007189597,TRUE,2,"functional_of_mean_information","rho_at_expected_information","mean_random_form_reliability",4.01013255721145,0.801234480071896,0.799886240896652,0.00134823917524385,1.00521706452787,"scaled_mean_information_residual","0.3.1",279519,279520,279520,1279524,2279527,"Mersenne-Twister","Inversion","Rejection",20000,1000,1000,8,1000,20,1000,20,20,20,20,NA,NA,14.956,TRUE
"b06cf9b257_t90","2pl","heavy_tail","parametric",40,0.9,"ok",0.901434767118231,0.00143476711823132,TRUE,2,"functional_of_mean_information","rho_at_expected_information","mean_random_form_reliability",9.04318403609289,0.901434767118231,0.900941944650439,0.000492822467792253,1.01132136617299,"scaled_mean_information_residual","0.3.1",482498,482499,482499,1482503,2482506,"Mersenne-Twister","Inversion","Rejection",20000,1000,1000,8,1000,20,1000,20,20,20,20,NA,NA,15.213,TRUE
"b06cf9b257_t95","2pl","heavy_tail","parametric",40,0.95,"ok",0.953118360622047,0.00311836062204707,TRUE,2,"functional_of_mean_information","rho_at_expected_information","mean_random_form_reliability",19.8894200713519,0.953118360622047,0.952766501631607,0.00035185899043999,1.02216716393184,"scaled_mean_information_residual","0.3.1",787926,787927,787927,1787931,2787934,"Mersenne-Twister","Inversion","Rejection",20000,1000,1000,8,1000,20,1000,20,20,20,20,NA,NA,15.26,TRUE
"b5c17df61e_t50","3pl_beta","heavy_tail","irw",40,0.5,"ok",0.502498547939934,0.00249854793993398,TRUE,2,"functional_of_mean_information","rho_at_expected_information","mean_random_form_reliability",1.04131335456846,0.502498547939934,0.500777646573317,0.00172090136661718,0.969971603726119,"scaled_mean_information_residual","0.3.1",740552,740553,740553,1740557,2740560,"Mersenne-Twister","Inversion","Rejection",20000,1000,1000,8,1000,20,1000,20,20,20,20,NA,NA,20.291,TRUE
"b5c17df61e_t60","3pl_beta","heavy_tail","irw",40,0.6,"ok",0.600043534394317,4.35343943171462e-05,TRUE,2,"functional_of_mean_information","rho_at_expected_information","mean_random_form_reliability",1.5263422313889,0.600043534394317,0.596074735256178,0.00396879913813886,0.982919877815154,"scaled_mean_information_residual","0.3.1",231742,231743,231743,1231747,2231750,"Mersenne-Twister","Inversion","Rejection",20000,1000,1000,8,1000,20,1000,20,20,20,20,NA,NA,20.453,TRUE
"b5c17df61e_t70","3pl_beta","heavy_tail","irw",40,0.7,"ok",0.69547689870376,-0.00452310129624001,TRUE,2,"functional_of_mean_information","rho_at_expected_information","mean_random_form_reliability",2.22692860391055,0.69547689870376,0.689511979238,0.00596491946575961,1.02554842305412,"scaled_mean_information_residual","0.3.1",239639,239640,239640,1239644,2239647,"Mersenne-Twister","Inversion","Rejection",20000,1000,1000,8,1000,20,1000,20,20,20,20,NA,NA,20.418,TRUE
"b5c17df61e_t80","3pl_beta","heavy_tail","irw",40,0.8,"ok",0.800486397898551,0.000486397898551316,TRUE,2,"functional_of_mean_information","rho_at_expected_information","mean_random_form_reliability",4.03942198189405,0.800486397898551,0.796188896522943,0.00429750137560825,0.99325834498311,"scaled_mean_information_residual","0.3.1",113568,113569,113569,1113573,2113576,"Mersenne-Twister","Inversion","Rejection",20000,1000,1000,8,1000,20,1000,20,20,20,20,NA,NA,20.766,TRUE
"b5c17df61e_t90","3pl_beta","heavy_tail","irw",40,0.9,"ok",0.893977378112251,-0.00602262188774905,TRUE,2,"functional_of_mean_information","rho_at_expected_information","mean_random_form_reliability",8.43035718981285,0.893977378112251,0.882686922353018,0.0112904557592325,1.00018886079549,"scaled_mean_information_residual","0.3.1",476152,476153,476153,1476157,2476160,"Mersenne-Twister","Inversion","Rejection",20000,1000,1000,8,1000,20,1000,20,20,20,20,NA,NA,20.476,TRUE
"b5c17df61e_t95","3pl_beta","heavy_tail","irw",40,0.95,"ok",0.937701228620608,-0.0122987713793918,TRUE,2,"functional_of_mean_information","rho_at_expected_information","mean_random_form_reliability",15.2194708853852,0.937701228620608,0.929554761636219,0.0081464669843887,0.988975309004927,"scaled_mean_information_residual","0.3.1",675342,675343,675343,1675347,2675350,"Mersenne-Twister","Inversion","Rejection",20000,1000,1000,8,1000,20,1000,20,20,20,20,NA,NA,20.645,TRUE
"b605c149c3_t50","2pl","bimodal","irw",10,0.5,"not_in_arm",NA,NA,FALSE,2,"functional_of_mean_information","rho_at_expected_information","mean_random_form_reliability",NA,NA,NA,NA,NA,NA,"0.3.1",611452,611453,611453,NA,NA,"Mersenne-Twister","Inversion","Rejection",20000,1000,1000,8,1000,20,1000,0,0,0,0,NA,NA,0,FALSE
"b605c149c3_t60","2pl","bimodal","irw",10,0.6,"not_in_arm",NA,NA,FALSE,2,"functional_of_mean_information","rho_at_expected_information","mean_random_form_reliability",NA,NA,NA,NA,NA,NA,"0.3.1",244744,244745,244745,NA,NA,"Mersenne-Twister","Inversion","Rejection",20000,1000,1000,8,1000,20,1000,0,0,0,0,NA,NA,0,FALSE
"b605c149c3_t70","2pl","bimodal","irw",10,0.7,"not_in_arm",NA,NA,FALSE,2,"functional_of_mean_information","rho_at_expected_information","mean_random_form_reliability",NA,NA,NA,NA,NA,NA,"0.3.1",50756,50757,50757,NA,NA,"Mersenne-Twister","Inversion","Rejection",20000,1000,1000,8,1000,20,1000,0,0,0,0,NA,NA,0,FALSE
"b605c149c3_t80","2pl","bimodal","irw",10,0.8,"not_in_arm",NA,NA,FALSE,2,"functional_of_mean_information","rho_at_expected_information","mean_random_form_reliability",NA,NA,NA,NA,NA,NA,"0.3.1",636243,636244,636244,NA,NA,"Mersenne-Twister","Inversion","Rejection",20000,1000,1000,8,1000,20,1000,0,0,0,0,NA,NA,0,FALSE
"b605c149c3_t90","2pl","bimodal","irw",10,0.9,"not_in_arm",NA,NA,FALSE,2,"functional_of_mean_information","rho_at_expected_information","mean_random_form_reliability",NA,NA,NA,NA,NA,NA,"0.3.1",497892,497893,497893,NA,NA,"Mersenne-Twister","Inversion","Rejection",20000,1000,1000,8,1000,20,1000,0,0,0,0,NA,NA,0,FALSE
"b69bee9770_t50","rasch","normal","irw",40,0.5,"ok",0.501767784315332,0.00176778431533231,TRUE,2,"functional_of_mean_information","rho_at_expected_information","mean_random_form_reliability",1.00178878944707,0.501767784315332,0.501645643773221,0.00012214054211146,1.00529796007484,"scaled_mean_information_residual","0.3.1",216295,216296,216296,1216300,2216303,"Mersenne-Twister","Inversion","Rejection",20000,1000,1000,8,1000,20,1000,20,20,20,20,NA,NA,17.04,TRUE
"b69bee9770_t60","rasch","normal","irw",40,0.6,"ok",0.594738682729844,-0.00526131727015622,TRUE,2,"functional_of_mean_information","rho_at_expected_information","mean_random_form_reliability",1.47316567066395,0.594738682729844,0.594138044514885,0.000600638214959148,0.996183731299663,"scaled_mean_information_residual","0.3.1",521961,521962,521962,1521966,2521969,"Mersenne-Twister","Inversion","Rejection",20000,1000,1000,8,1000,20,1000,20,20,20,20,NA,NA,19.314,TRUE
"b69bee9770_t70","rasch","normal","irw",40,0.7,"ok",0.70224625949662,0.0022462594966205,TRUE,2,"functional_of_mean_information","rho_at_expected_information","mean_random_form_reliability",2.37858958587571,0.70224625949662,0.70180127110662,0.000444988390000955,0.991545608832511,"scaled_mean_information_residual","0.3.1",524984,524985,524985,1524989,2524992,"Mersenne-Twister","Inversion","Rejection",20000,1000,1000,8,1000,20,1000,20,20,20,20,NA,NA,16.504,TRUE
"b69bee9770_t80","rasch","normal","irw",40,0.8,"ok",0.797606939070784,-0.00239306092921643,TRUE,2,"functional_of_mean_information","rho_at_expected_information","mean_random_form_reliability",3.99863871728884,0.797606939070784,0.795744108785177,0.00186283028560708,0.985555618792635,"scaled_mean_information_residual","0.3.1",91747,91748,91748,1091752,2091755,"Mersenne-Twister","Inversion","Rejection",20000,1000,1000,8,1000,20,1000,20,20,20,20,NA,NA,16.488,TRUE
"b69bee9770_t90","rasch","normal","irw",40,0.9,"ok",0.903936784665689,0.00393678466568881,TRUE,2,"functional_of_mean_information","rho_at_expected_information","mean_random_form_reliability",9.37010772443498,0.903936784665689,0.898302850750967,0.005633933914722,1.00423732089984,"scaled_mean_information_residual","0.3.1",687555,687556,687556,1687560,2687563,"Mersenne-Twister","Inversion","Rejection",20000,1000,1000,8,1000,20,1000,20,20,20,20,NA,NA,24.5,TRUE
"b69bee9770_t95","rasch","normal","irw",40,0.95,"ok",0.949464032748037,-0.000535967251963254,TRUE,2,"functional_of_mean_information","rho_at_expected_information","mean_random_form_reliability",18.9594919162344,0.949464032748037,0.948330436208962,0.00113359653907441,0.99094885541522,"scaled_mean_information_residual","0.3.1",552784,552785,552785,1552789,2552792,"Mersenne-Twister","Inversion","Rejection",20000,1000,1000,8,1000,20,1000,20,20,20,20,NA,NA,16.658,TRUE
"b6cfbaf90a_t50","rasch","bimodal","parametric",40,0.5,"ok",0.499279832212703,-0.000720167787296777,TRUE,2,"functional_of_mean_information","rho_at_expected_information","mean_random_form_reliability",0.994601260409852,0.499279832212703,0.499275956448092,3.87576461136074e-06,1.0025359022826,"scaled_mean_information_residual","0.3.1",57854,57855,57855,1057859,2057862,"Mersenne-Twister","Inversion","Rejection",20000,1000,1000,8,1000,20,1000,20,20,20,20,NA,NA,14.4309999999998,TRUE
"b6cfbaf90a_t60","rasch","bimodal","parametric",40,0.6,"ok",0.600477500305103,0.000477500305102629,TRUE,2,"functional_of_mean_information","rho_at_expected_information","mean_random_form_reliability",1.4986880327094,0.600477500305103,0.600469954808999,7.54549610337829e-06,1.00286911683005,"scaled_mean_information_residual","0.3.1",78101,78102,78102,1078106,2078109,"Mersenne-Twister","Inversion","Rejection",20000,1000,1000,8,1000,20,1000,20,20,20,20,NA,NA,14.258,TRUE
"b6cfbaf90a_t70","rasch","bimodal","parametric",40,0.7,"ok",0.699592549309749,-0.000407450690250943,TRUE,2,"functional_of_mean_information","rho_at_expected_information","mean_random_form_reliability",2.30892076867513,0.699592549309749,0.699573173324687,1.93759850619646e-05,1.00861505316243,"scaled_mean_information_residual","0.3.1",763637,763638,763638,1763642,2763645,"Mersenne-Twister","Inversion","Rejection",20000,1000,1000,8,1000,20,1000,20,20,20,20,NA,NA,15.3670000000001,TRUE
"b6cfbaf90a_t80","rasch","bimodal","parametric",40,0.8,"ok",0.799268804177936,-0.000731195822063713,TRUE,2,"functional_of_mean_information","rho_at_expected_information","mean_random_form_reliability",3.98208425251756,0.799268804177936,0.799241502845164,2.73013327720673e-05,0.99992527516335,"scaled_mean_information_residual","0.3.1",743704,743705,743705,1743709,2743712,"Mersenne-Twister","Inversion","Rejection",20000,1000,1000,8,1000,20,1000,20,20,20,20,NA,NA,14.9180000000001,TRUE
"b6cfbaf90a_t90","rasch","bimodal","parametric",40,0.9,"ok",0.900129488582859,0.000129488582858661,TRUE,2,"functional_of_mean_information","rho_at_expected_information","mean_random_form_reliability",9.08831582152993,0.900129488582859,0.900028565036932,0.000100923545927167,0.991709115782201,"scaled_mean_information_residual","0.3.1",428124,428125,428125,1428129,2428132,"Mersenne-Twister","Inversion","Rejection",20000,1000,1000,8,1000,20,1000,20,20,20,20,NA,NA,14.7439999999999,TRUE
"b6cfbaf90a_t95","rasch","bimodal","parametric",40,0.95,"ok",0.951037704731739,0.00103770473173936,TRUE,2,"functional_of_mean_information","rho_at_expected_information","mean_random_form_reliability",19.2097858303293,0.951037704731739,0.950951889510476,8.58152212634966e-05,1.01114501179914,"scaled_mean_information_residual","0.3.1",681809,681810,681810,1681814,2681817,"Mersenne-Twister","Inversion","Rejection",20000,1000,1000,8,1000,20,1000,20,20,20,20,NA,NA,14.8409999999999,TRUE
"b6eb9aaebc_t50","rasch","bimodal","irw",40,0.5,"ok",0.49540555742859,-0.00459444257140978,TRUE,2,"functional_of_mean_information","rho_at_expected_information","mean_random_form_reliability",0.985072742181208,0.49540555742859,0.495168710372895,0.000236847055695655,0.996667069633281,"scaled_mean_information_residual","0.3.1",456402,456403,456403,1456407,2456410,"Mersenne-Twister","Inversion","Rejection",20000,1000,1000,8,1000,20,1000,20,20,20,20,NA,NA,18.408,TRUE
"b6eb9aaebc_t60","rasch","bimodal","irw",40,0.6,"ok",0.606118764941098,0.00611876494109787,TRUE,2,"functional_of_mean_information","rho_at_expected_information","mean_random_form_reliability",1.54503442093272,0.606118764941098,0.605744472411917,0.000374292529181086,0.995988397660167,"scaled_mean_information_residual","0.3.1",117645,117646,117646,1117650,2117653,"Mersenne-Twister","Inversion","Rejection",20000,1000,1000,8,1000,20,1000,20,20,20,20,NA,NA,20.7819999999999,TRUE
"b6eb9aaebc_t70","rasch","bimodal","irw",40,0.7,"ok",0.708917278101988,0.00891727810198772,TRUE,2,"functional_of_mean_information","rho_at_expected_information","mean_random_form_reliability",2.42363116906648,0.708917278101988,0.708520891662065,0.000396386439922347,1.0048763032174,"scaled_mean_information_residual","0.3.1",200651,200652,200652,1200656,2200659,"Mersenne-Twister","Inversion","Rejection",20000,1000,1000,8,1000,20,1000,20,20,20,20,NA,NA,19.461,TRUE
"b6eb9aaebc_t80","rasch","bimodal","irw",40,0.8,"ok",0.797870139867076,-0.00212986013292382,TRUE,2,"functional_of_mean_information","rho_at_expected_information","mean_random_form_reliability",3.94640794020528,0.797870139867076,0.795551602305727,0.00231853756134959,1.00022973285555,"scaled_mean_information_residual","0.3.1",486495,486496,486496,1486500,2486503,"Mersenne-Twister","Inversion","Rejection",20000,1000,1000,8,1000,20,1000,20,20,20,20,NA,NA,21.8480000000001,TRUE
"b6eb9aaebc_t90","rasch","bimodal","irw",40,0.9,"ok",0.900172142608574,0.000172142608573678,TRUE,2,"functional_of_mean_information","rho_at_expected_information","mean_random_form_reliability",9.01952341674424,0.900172142608574,0.89542041220924,0.00475173039933419,0.99974727359698,"scaled_mean_information_residual","0.3.1",774492,774493,774493,1774497,2774500,"Mersenne-Twister","Inversion","Rejection",20000,1000,1000,8,1000,20,1000,20,20,20,20,NA,NA,20.874,TRUE
"b6eb9aaebc_t95","rasch","bimodal","irw",40,0.95,"ok",0.947277402367259,-0.00272259763274096,TRUE,2,"functional_of_mean_information","rho_at_expected_information","mean_random_form_reliability",17.9404679156048,0.947277402367259,0.944234731412574,0.0030426709546848,1.00148998697869,"scaled_mean_information_residual","0.3.1",16840,16841,16841,1016845,2016848,"Mersenne-Twister","Inversion","Rejection",20000,1000,1000,8,1000,20,1000,20,20,20,20,NA,NA,20.149,TRUE
"b75c180cb0_t50","2pl","skew_pos","parametric",10,0.5,"not_in_arm",NA,NA,FALSE,2,"functional_of_mean_information","rho_at_expected_information","mean_random_form_reliability",NA,NA,NA,NA,NA,NA,"0.3.1",497419,497420,497420,NA,NA,"Mersenne-Twister","Inversion","Rejection",20000,1000,1000,8,1000,20,1000,0,0,0,0,NA,NA,0,FALSE
"b75c180cb0_t60","2pl","skew_pos","parametric",10,0.6,"not_in_arm",NA,NA,FALSE,2,"functional_of_mean_information","rho_at_expected_information","mean_random_form_reliability",NA,NA,NA,NA,NA,NA,"0.3.1",324735,324736,324736,NA,NA,"Mersenne-Twister","Inversion","Rejection",20000,1000,1000,8,1000,20,1000,0,0,0,0,NA,NA,0,FALSE
"b75c180cb0_t70","2pl","skew_pos","parametric",10,0.7,"not_in_arm",NA,NA,FALSE,2,"functional_of_mean_information","rho_at_expected_information","mean_random_form_reliability",NA,NA,NA,NA,NA,NA,"0.3.1",402782,402783,402783,NA,NA,"Mersenne-Twister","Inversion","Rejection",20000,1000,1000,8,1000,20,1000,0,0,0,0,NA,NA,0,FALSE
"b75c180cb0_t80","2pl","skew_pos","parametric",10,0.8,"not_in_arm",NA,NA,FALSE,2,"functional_of_mean_information","rho_at_expected_information","mean_random_form_reliability",NA,NA,NA,NA,NA,NA,"0.3.1",189042,189043,189043,NA,NA,"Mersenne-Twister","Inversion","Rejection",20000,1000,1000,8,1000,20,1000,0,0,0,0,NA,NA,0,FALSE
"b75c180cb0_t90","2pl","skew_pos","parametric",10,0.9,"not_in_arm",NA,NA,FALSE,2,"functional_of_mean_information","rho_at_expected_information","mean_random_form_reliability",NA,NA,NA,NA,NA,NA,"0.3.1",538344,538345,538345,NA,NA,"Mersenne-Twister","Inversion","Rejection",20000,1000,1000,8,1000,20,1000,0,0,0,0,NA,NA,0,FALSE
"b75c180cb0_t95","2pl","skew_pos","parametric",10,0.95,"not_in_arm",NA,NA,FALSE,2,"functional_of_mean_information","rho_at_expected_information","mean_random_form_reliability",NA,NA,NA,NA,NA,NA,"0.3.1",436502,436503,436503,NA,NA,"Mersenne-Twister","Inversion","Rejection",20000,1000,1000,8,1000,20,1000,0,0,0,0,NA,NA,0,FALSE
"b7cb5fd647_t50","rasch","normal","irw",20,0.5,"ok",0.503430971045407,0.00343097104540691,TRUE,2,"functional_of_mean_information","rho_at_expected_information","mean_random_form_reliability",1.01395968019014,0.503430971045407,0.503048694607912,0.000382276437494777,0.999860968003316,"scaled_mean_information_residual","0.3.1",252026,252027,252027,1252031,2252034,"Mersenne-Twister","Inversion","Rejection",20000,1000,1000,8,1000,20,1000,20,20,20,20,NA,NA,19.019,TRUE
"b7cb5fd647_t60","rasch","normal","irw",20,0.6,"ok",0.601849218193452,0.00184921819345174,TRUE,2,"functional_of_mean_information","rho_at_expected_information","mean_random_form_reliability",1.48441180331247,0.601849218193452,0.600507199410574,0.00134201878287732,1.01832341259528,"scaled_mean_information_residual","0.3.1",439934,439935,439935,1439939,2439942,"Mersenne-Twister","Inversion","Rejection",20000,1000,1000,8,1000,20,1000,20,20,20,20,NA,NA,20.867,TRUE
"b7cb5fd647_t70","rasch","normal","irw",20,0.7,"ok",0.690916859196542,-0.00908314080345829,TRUE,2,"functional_of_mean_information","rho_at_expected_information","mean_random_form_reliability",2.2560168052413,0.690916859196542,0.6867487681895,0.00416809100704174,0.990850522991075,"scaled_mean_information_residual","0.3.1",668792,668793,668793,1668797,2668800,"Mersenne-Twister","Inversion","Rejection",20000,1000,1000,8,1000,20,1000,20,20,20,20,NA,NA,18.3340000000001,TRUE
"b7cb5fd647_t80","rasch","normal","irw",20,0.8,"ok",0.80826953076064,0.00826953076064041,TRUE,2,"functional_of_mean_information","rho_at_expected_information","mean_random_form_reliability",4.23654941775706,0.80826953076064,0.803964440319033,0.00430509044160698,0.995068081543902,"scaled_mean_information_residual","0.3.1",701301,701302,701302,1701306,2701309,"Mersenne-Twister","Inversion","Rejection",20000,1000,1000,8,1000,20,1000,20,20,20,20,NA,NA,19.5049999999999,TRUE
"b7cb5fd647_t90","rasch","normal","irw",20,0.9,"ok",0.880197014576274,-0.0198029854237263,TRUE,2,"functional_of_mean_information","rho_at_expected_information","mean_random_form_reliability",7.40636980089828,0.880197014576274,0.871157797658867,0.00903921691740628,0.991989003764515,"scaled_mean_information_residual","0.3.1",576161,576162,576162,1576166,2576169,"Mersenne-Twister","Inversion","Rejection",20000,1000,1000,8,1000,20,1000,20,20,20,20,NA,NA,19.092,TRUE
"b7cb5fd647_t95","rasch","normal","irw",20,0.95,"ok",0.945499712410749,-0.00450028758925058,TRUE,2,"functional_of_mean_information","rho_at_expected_information","mean_random_form_reliability",17.4775120447477,0.945499712410749,0.942801958119608,0.00269775429114127,0.992619944192121,"scaled_mean_information_residual","0.3.1",192178,192179,192179,1192183,2192186,"Mersenne-Twister","Inversion","Rejection",20000,1000,1000,8,1000,20,1000,20,20,20,20,NA,NA,13.346,TRUE
"b80071f5e2_t50","2pl","heavy_tail","irw",60,0.5,"not_in_arm",NA,NA,FALSE,2,"functional_of_mean_information","rho_at_expected_information","mean_random_form_reliability",NA,NA,NA,NA,NA,NA,"0.3.1",786199,786200,786200,NA,NA,"Mersenne-Twister","Inversion","Rejection",20000,1000,1000,8,1000,20,1000,0,0,0,0,NA,NA,0,FALSE
"b80071f5e2_t60","2pl","heavy_tail","irw",60,0.6,"not_in_arm",NA,NA,FALSE,2,"functional_of_mean_information","rho_at_expected_information","mean_random_form_reliability",NA,NA,NA,NA,NA,NA,"0.3.1",691576,691577,691577,NA,NA,"Mersenne-Twister","Inversion","Rejection",20000,1000,1000,8,1000,20,1000,0,0,0,0,NA,NA,0,FALSE
"b80071f5e2_t70","2pl","heavy_tail","irw",60,0.7,"not_in_arm",NA,NA,FALSE,2,"functional_of_mean_information","rho_at_expected_information","mean_random_form_reliability",NA,NA,NA,NA,NA,NA,"0.3.1",705167,705168,705168,NA,NA,"Mersenne-Twister","Inversion","Rejection",20000,1000,1000,8,1000,20,1000,0,0,0,0,NA,NA,0,FALSE
"b80071f5e2_t80","2pl","heavy_tail","irw",60,0.8,"not_in_arm",NA,NA,FALSE,2,"functional_of_mean_information","rho_at_expected_information","mean_random_form_reliability",NA,NA,NA,NA,NA,NA,"0.3.1",68141,68142,68142,NA,NA,"Mersenne-Twister","Inversion","Rejection",20000,1000,1000,8,1000,20,1000,0,0,0,0,NA,NA,0,FALSE
"b80071f5e2_t90","2pl","heavy_tail","irw",60,0.9,"not_in_arm",NA,NA,FALSE,2,"functional_of_mean_information","rho_at_expected_information","mean_random_form_reliability",NA,NA,NA,NA,NA,NA,"0.3.1",95721,95722,95722,NA,NA,"Mersenne-Twister","Inversion","Rejection",20000,1000,1000,8,1000,20,1000,0,0,0,0,NA,NA,0,FALSE
"b80071f5e2_t95","2pl","heavy_tail","irw",60,0.95,"not_in_arm",NA,NA,FALSE,2,"functional_of_mean_information","rho_at_expected_information","mean_random_form_reliability",NA,NA,NA,NA,NA,NA,"0.3.1",321442,321443,321443,NA,NA,"Mersenne-Twister","Inversion","Rejection",20000,1000,1000,8,1000,20,1000,0,0,0,0,NA,NA,0,FALSE
"b8ba807a81_t50","rasch","heavy_tail","irw",60,0.5,"not_in_arm",NA,NA,FALSE,2,"functional_of_mean_information","rho_at_expected_information","mean_random_form_reliability",NA,NA,NA,NA,NA,NA,"0.3.1",472386,472387,472387,NA,NA,"Mersenne-Twister","Inversion","Rejection",20000,1000,1000,8,1000,20,1000,0,0,0,0,NA,NA,0,FALSE
"b8ba807a81_t60","rasch","heavy_tail","irw",60,0.6,"not_in_arm",NA,NA,FALSE,2,"functional_of_mean_information","rho_at_expected_information","mean_random_form_reliability",NA,NA,NA,NA,NA,NA,"0.3.1",404704,404705,404705,NA,NA,"Mersenne-Twister","Inversion","Rejection",20000,1000,1000,8,1000,20,1000,0,0,0,0,NA,NA,0,FALSE
"b8ba807a81_t70","rasch","heavy_tail","irw",60,0.7,"not_in_arm",NA,NA,FALSE,2,"functional_of_mean_information","rho_at_expected_information","mean_random_form_reliability",NA,NA,NA,NA,NA,NA,"0.3.1",540437,540438,540438,NA,NA,"Mersenne-Twister","Inversion","Rejection",20000,1000,1000,8,1000,20,1000,0,0,0,0,NA,NA,0,FALSE
"b8ba807a81_t80","rasch","heavy_tail","irw",60,0.8,"not_in_arm",NA,NA,FALSE,2,"functional_of_mean_information","rho_at_expected_information","mean_random_form_reliability",NA,NA,NA,NA,NA,NA,"0.3.1",737605,737606,737606,NA,NA,"Mersenne-Twister","Inversion","Rejection",20000,1000,1000,8,1000,20,1000,0,0,0,0,NA,NA,0,FALSE
"b8ba807a81_t90","rasch","heavy_tail","irw",60,0.9,"not_in_arm",NA,NA,FALSE,2,"functional_of_mean_information","rho_at_expected_information","mean_random_form_reliability",NA,NA,NA,NA,NA,NA,"0.3.1",402030,402031,402031,NA,NA,"Mersenne-Twister","Inversion","Rejection",20000,1000,1000,8,1000,20,1000,0,0,0,0,NA,NA,0,FALSE
"b8ba807a81_t95","rasch","heavy_tail","irw",60,0.95,"not_in_arm",NA,NA,FALSE,2,"functional_of_mean_information","rho_at_expected_information","mean_random_form_reliability",NA,NA,NA,NA,NA,NA,"0.3.1",588355,588356,588356,NA,NA,"Mersenne-Twister","Inversion","Rejection",20000,1000,1000,8,1000,20,1000,0,0,0,0,NA,NA,0,FALSE
"bb52ad0abc_t50","3pl_beta","normal","irw",10,0.5,"not_in_arm",NA,NA,FALSE,2,"functional_of_mean_information","rho_at_expected_information","mean_random_form_reliability",NA,NA,NA,NA,NA,NA,"0.3.1",206660,206661,206661,NA,NA,"Mersenne-Twister","Inversion","Rejection",20000,1000,1000,8,1000,20,1000,0,0,0,0,NA,NA,0,FALSE
"bb52ad0abc_t60","3pl_beta","normal","irw",10,0.6,"not_in_arm",NA,NA,FALSE,2,"functional_of_mean_information","rho_at_expected_information","mean_random_form_reliability",NA,NA,NA,NA,NA,NA,"0.3.1",538174,538175,538175,NA,NA,"Mersenne-Twister","Inversion","Rejection",20000,1000,1000,8,1000,20,1000,0,0,0,0,NA,NA,0,FALSE
"bb52ad0abc_t70","3pl_beta","normal","irw",10,0.7,"not_in_arm",NA,NA,FALSE,2,"functional_of_mean_information","rho_at_expected_information","mean_random_form_reliability",NA,NA,NA,NA,NA,NA,"0.3.1",622338,622339,622339,NA,NA,"Mersenne-Twister","Inversion","Rejection",20000,1000,1000,8,1000,20,1000,0,0,0,0,NA,NA,0,FALSE
"bb52ad0abc_t80","3pl_beta","normal","irw",10,0.8,"not_in_arm",NA,NA,FALSE,2,"functional_of_mean_information","rho_at_expected_information","mean_random_form_reliability",NA,NA,NA,NA,NA,NA,"0.3.1",368011,368012,368012,NA,NA,"Mersenne-Twister","Inversion","Rejection",20000,1000,1000,8,1000,20,1000,0,0,0,0,NA,NA,0,FALSE
"bb52ad0abc_t90","3pl_beta","normal","irw",10,0.9,"not_in_arm",NA,NA,FALSE,2,"functional_of_mean_information","rho_at_expected_information","mean_random_form_reliability",NA,NA,NA,NA,NA,NA,"0.3.1",471637,471638,471638,NA,NA,"Mersenne-Twister","Inversion","Rejection",20000,1000,1000,8,1000,20,1000,0,0,0,0,NA,NA,0,FALSE
"bb52ad0abc_t95","3pl_beta","normal","irw",10,0.95,"not_in_arm",NA,NA,FALSE,2,"functional_of_mean_information","rho_at_expected_information","mean_random_form_reliability",NA,NA,NA,NA,NA,NA,"0.3.1",410313,410314,410314,NA,NA,"Mersenne-Twister","Inversion","Rejection",20000,1000,1000,8,1000,20,1000,0,0,0,0,NA,NA,0,FALSE
"bd4a352d58_t50","2pl","skew_pos","parametric",60,0.5,"not_in_arm",NA,NA,FALSE,2,"functional_of_mean_information","rho_at_expected_information","mean_random_form_reliability",NA,NA,NA,NA,NA,NA,"0.3.1",805576,805577,805577,NA,NA,"Mersenne-Twister","Inversion","Rejection",20000,1000,1000,8,1000,20,1000,0,0,0,0,NA,NA,0,FALSE
"bd4a352d58_t60","2pl","skew_pos","parametric",60,0.6,"not_in_arm",NA,NA,FALSE,2,"functional_of_mean_information","rho_at_expected_information","mean_random_form_reliability",NA,NA,NA,NA,NA,NA,"0.3.1",119672,119673,119673,NA,NA,"Mersenne-Twister","Inversion","Rejection",20000,1000,1000,8,1000,20,1000,0,0,0,0,NA,NA,0,FALSE
"bd4a352d58_t70","2pl","skew_pos","parametric",60,0.7,"not_in_arm",NA,NA,FALSE,2,"functional_of_mean_information","rho_at_expected_information","mean_random_form_reliability",NA,NA,NA,NA,NA,NA,"0.3.1",167891,167892,167892,NA,NA,"Mersenne-Twister","Inversion","Rejection",20000,1000,1000,8,1000,20,1000,0,0,0,0,NA,NA,0,FALSE
"bd4a352d58_t80","2pl","skew_pos","parametric",60,0.8,"not_in_arm",NA,NA,FALSE,2,"functional_of_mean_information","rho_at_expected_information","mean_random_form_reliability",NA,NA,NA,NA,NA,NA,"0.3.1",65995,65996,65996,NA,NA,"Mersenne-Twister","Inversion","Rejection",20000,1000,1000,8,1000,20,1000,0,0,0,0,NA,NA,0,FALSE
"bd4a352d58_t90","2pl","skew_pos","parametric",60,0.9,"not_in_arm",NA,NA,FALSE,2,"functional_of_mean_information","rho_at_expected_information","mean_random_form_reliability",NA,NA,NA,NA,NA,NA,"0.3.1",486758,486759,486759,NA,NA,"Mersenne-Twister","Inversion","Rejection",20000,1000,1000,8,1000,20,1000,0,0,0,0,NA,NA,0,FALSE
"bd4a352d58_t95","2pl","skew_pos","parametric",60,0.95,"not_in_arm",NA,NA,FALSE,2,"functional_of_mean_information","rho_at_expected_information","mean_random_form_reliability",NA,NA,NA,NA,NA,NA,"0.3.1",52627,52628,52628,NA,NA,"Mersenne-Twister","Inversion","Rejection",20000,1000,1000,8,1000,20,1000,0,0,0,0,NA,NA,0,FALSE
"bec01bd864_t50","3pl_g20","bimodal","irw",40,0.5,"ok",0.508101982733915,0.0081019827339146,TRUE,2,"functional_of_mean_information","rho_at_expected_information","mean_random_form_reliability",1.03449154673429,0.508101982733915,0.506913303850921,0.00118867888299345,0.9985018443577,"scaled_mean_information_residual","0.3.1",359151,359152,359152,1359156,2359159,"Mersenne-Twister","Inversion","Rejection",20000,1000,1000,8,1000,20,1000,20,20,20,20,NA,NA,20.223,TRUE
"bec01bd864_t60","3pl_g20","bimodal","irw",40,0.6,"ok",0.584717450534488,-0.0152825494655122,TRUE,2,"functional_of_mean_information","rho_at_expected_information","mean_random_form_reliability",1.414206509484,0.584717450534488,0.579666059772012,0.00505139076247618,0.995610667645764,"scaled_mean_information_residual","0.3.1",241766,241767,241767,1241771,2241774,"Mersenne-Twister","Inversion","Rejection",20000,1000,1000,8,1000,20,1000,20,20,20,20,NA,NA,20.366,TRUE
"bec01bd864_t70","3pl_g20","bimodal","irw",40,0.7,"ok",0.701542350394778,0.0015423503947779,TRUE,2,"functional_of_mean_information","rho_at_expected_information","mean_random_form_reliability",2.36451873621104,0.701542350394778,0.696852526223821,0.00468982417095698,0.994096212734848,"scaled_mean_information_residual","0.3.1",19232,19233,19233,1019237,2019240,"Mersenne-Twister","Inversion","Rejection",20000,1000,1000,8,1000,20,1000,20,20,20,20,NA,NA,20.407,TRUE
"bec01bd864_t80","3pl_g20","bimodal","irw",40,0.8,"ok",0.794388702359537,-0.00561129764046331,TRUE,2,"functional_of_mean_information","rho_at_expected_information","mean_random_form_reliability",3.83669533873353,0.794388702359537,0.786022004908146,0.00836669745139029,1.00699837711827,"scaled_mean_information_residual","0.3.1",708292,708293,708293,1708297,2708300,"Mersenne-Twister","Inversion","Rejection",20000,1000,1000,8,1000,20,1000,20,20,20,20,NA,NA,20.412,TRUE
"bec01bd864_t90","3pl_g20","bimodal","irw",40,0.9,"ok",0.891631846615115,-0.00836815338488484,TRUE,2,"functional_of_mean_information","rho_at_expected_information","mean_random_form_reliability",8.2554600247431,0.891631846615115,0.884191369918219,0.00744047669689663,0.99664988308116,"scaled_mean_information_residual","0.3.1",361632,361633,361633,1361637,2361640,"Mersenne-Twister","Inversion","Rejection",20000,1000,1000,8,1000,20,1000,20,20,20,20,NA,NA,20.615,TRUE
"bec01bd864_t95","3pl_g20","bimodal","irw",40,0.95,"error",NA,NA,TRUE,2,"functional_of_mean_information","rho_at_expected_information","mean_random_form_reliability",NA,NA,NA,NA,NA,"scaled_mean_information_residual","0.3.1",596939,596940,596940,NA,NA,"Mersenne-Twister","Inversion","Rejection",20000,1000,1000,8,1000,20,1000,0,0,0,0,"irtsimrel_topology_uncertain|irtsimrel_topology_error|error|condition","SAC preflight: odd/even split roots are unstable (reason: split_log_root_mismatch; |log(c_odd/c_even)|: 0.607981; tolerance: 0.405465).",4.94799999999987,TRUE
"bec5a244cc_t50","3pl_g20","bimodal","parametric",20,0.5,"ok",0.493688669256127,-0.00631133074387347,TRUE,2,"functional_of_mean_information","rho_at_expected_information","mean_random_form_reliability",0.969449475023653,0.493688669256127,0.492020842627693,0.0016678266284334,1.00579699414424,"scaled_mean_information_residual","0.3.1",621146,621147,621147,1621151,2621154,"Mersenne-Twister","Inversion","Rejection",20000,1000,1000,8,1000,20,1000,20,20,20,20,NA,NA,12.172,TRUE
"bec5a244cc_t60","3pl_g20","bimodal","parametric",20,0.6,"ok",0.586655833871826,-0.0133441661281741,TRUE,2,"functional_of_mean_information","rho_at_expected_information","mean_random_form_reliability",1.42300786911428,0.586655833871826,0.58470890388902,0.00194692998280555,0.997388323577508,"scaled_mean_information_residual","0.3.1",770971,770972,770972,1770976,2770979,"Mersenne-Twister","Inversion","Rejection",20000,1000,1000,8,1000,20,1000,20,20,20,20,NA,NA,12.0060000000001,TRUE
"bec5a244cc_t70","3pl_g20","bimodal","parametric",20,0.7,"ok",0.69272819787152,-0.00727180212848044,TRUE,2,"functional_of_mean_information","rho_at_expected_information","mean_random_form_reliability",2.28606446675616,0.69272819787152,0.690880097918123,0.00184809995339663,0.986169769565661,"scaled_mean_information_residual","0.3.1",800464,800465,800465,1800469,2800472,"Mersenne-Twister","Inversion","Rejection",20000,1000,1000,8,1000,20,1000,20,20,20,20,NA,NA,8.54700000000003,TRUE
"bec5a244cc_t80","3pl_g20","bimodal","parametric",20,0.8,"ok",0.800665816688241,0.000665816688240728,TRUE,2,"functional_of_mean_information","rho_at_expected_information","mean_random_form_reliability",4.01257382874391,0.800665816688241,0.799712412652137,0.000953404036104222,1.00102856363895,"scaled_mean_information_residual","0.3.1",336709,336710,336710,1336714,2336717,"Mersenne-Twister","Inversion","Rejection",20000,1000,1000,8,1000,20,1000,20,20,20,20,NA,NA,12.3129999999999,TRUE
"bec5a244cc_t90","3pl_g20","bimodal","parametric",20,0.9,"ok",0.895581349836412,-0.00441865016358778,TRUE,2,"functional_of_mean_information","rho_at_expected_information","mean_random_form_reliability",8.57825854923594,0.895581349836412,0.894596340924758,0.000985008911654206,0.999833846583896,"scaled_mean_information_residual","0.3.1",585583,585584,585584,1585588,2585591,"Mersenne-Twister","Inversion","Rejection",20000,1000,1000,8,1000,20,1000,20,20,20,20,NA,NA,12.4459999999999,TRUE
"bec5a244cc_t95","3pl_g20","bimodal","parametric",20,0.95,"ok",0.949425718622635,-0.000574281377364594,TRUE,2,"functional_of_mean_information","rho_at_expected_information","mean_random_form_reliability",18.8123301606483,0.949425718622635,0.948923800219065,0.000501918403570167,0.997903806814585,"scaled_mean_information_residual","0.3.1",25034,25035,25035,1025039,2025042,"Mersenne-Twister","Inversion","Rejection",20000,1000,1000,8,1000,20,1000,20,20,20,20,NA,NA,12.402,TRUE
"c9eb5b038f_t50","rasch","normal","parametric",60,0.5,"not_in_arm",NA,NA,FALSE,2,"functional_of_mean_information","rho_at_expected_information","mean_random_form_reliability",NA,NA,NA,NA,NA,NA,"0.3.1",22861,22862,22862,NA,NA,"Mersenne-Twister","Inversion","Rejection",20000,1000,1000,8,1000,20,1000,0,0,0,0,NA,NA,0,FALSE
"c9eb5b038f_t60","rasch","normal","parametric",60,0.6,"not_in_arm",NA,NA,FALSE,2,"functional_of_mean_information","rho_at_expected_information","mean_random_form_reliability",NA,NA,NA,NA,NA,NA,"0.3.1",144883,144884,144884,NA,NA,"Mersenne-Twister","Inversion","Rejection",20000,1000,1000,8,1000,20,1000,0,0,0,0,NA,NA,0,FALSE
"c9eb5b038f_t70","rasch","normal","parametric",60,0.7,"not_in_arm",NA,NA,FALSE,2,"functional_of_mean_information","rho_at_expected_information","mean_random_form_reliability",NA,NA,NA,NA,NA,NA,"0.3.1",366015,366016,366016,NA,NA,"Mersenne-Twister","Inversion","Rejection",20000,1000,1000,8,1000,20,1000,0,0,0,0,NA,NA,0,FALSE
"c9eb5b038f_t80","rasch","normal","parametric",60,0.8,"not_in_arm",NA,NA,FALSE,2,"functional_of_mean_information","rho_at_expected_information","mean_random_form_reliability",NA,NA,NA,NA,NA,NA,"0.3.1",795160,795161,795161,NA,NA,"Mersenne-Twister","Inversion","Rejection",20000,1000,1000,8,1000,20,1000,0,0,0,0,NA,NA,0,FALSE
"c9eb5b038f_t90","rasch","normal","parametric",60,0.9,"not_in_arm",NA,NA,FALSE,2,"functional_of_mean_information","rho_at_expected_information","mean_random_form_reliability",NA,NA,NA,NA,NA,NA,"0.3.1",646508,646509,646509,NA,NA,"Mersenne-Twister","Inversion","Rejection",20000,1000,1000,8,1000,20,1000,0,0,0,0,NA,NA,0,FALSE
"c9eb5b038f_t95","rasch","normal","parametric",60,0.95,"not_in_arm",NA,NA,FALSE,2,"functional_of_mean_information","rho_at_expected_information","mean_random_form_reliability",NA,NA,NA,NA,NA,NA,"0.3.1",221788,221789,221789,NA,NA,"Mersenne-Twister","Inversion","Rejection",20000,1000,1000,8,1000,20,1000,0,0,0,0,NA,NA,0,FALSE
"cae4d8ac21_t50","rasch","bimodal","parametric",60,0.5,"not_in_arm",NA,NA,FALSE,2,"functional_of_mean_information","rho_at_expected_information","mean_random_form_reliability",NA,NA,NA,NA,NA,NA,"0.3.1",202662,202663,202663,NA,NA,"Mersenne-Twister","Inversion","Rejection",20000,1000,1000,8,1000,20,1000,0,0,0,0,NA,NA,0,FALSE
"cae4d8ac21_t60","rasch","bimodal","parametric",60,0.6,"not_in_arm",NA,NA,FALSE,2,"functional_of_mean_information","rho_at_expected_information","mean_random_form_reliability",NA,NA,NA,NA,NA,NA,"0.3.1",772556,772557,772557,NA,NA,"Mersenne-Twister","Inversion","Rejection",20000,1000,1000,8,1000,20,1000,0,0,0,0,NA,NA,0,FALSE
"cae4d8ac21_t70","rasch","bimodal","parametric",60,0.7,"not_in_arm",NA,NA,FALSE,2,"functional_of_mean_information","rho_at_expected_information","mean_random_form_reliability",NA,NA,NA,NA,NA,NA,"0.3.1",784777,784778,784778,NA,NA,"Mersenne-Twister","Inversion","Rejection",20000,1000,1000,8,1000,20,1000,0,0,0,0,NA,NA,0,FALSE
"cae4d8ac21_t80","rasch","bimodal","parametric",60,0.8,"not_in_arm",NA,NA,FALSE,2,"functional_of_mean_information","rho_at_expected_information","mean_random_form_reliability",NA,NA,NA,NA,NA,NA,"0.3.1",595663,595664,595664,NA,NA,"Mersenne-Twister","Inversion","Rejection",20000,1000,1000,8,1000,20,1000,0,0,0,0,NA,NA,0,FALSE
"cae4d8ac21_t90","rasch","bimodal","parametric",60,0.9,"not_in_arm",NA,NA,FALSE,2,"functional_of_mean_information","rho_at_expected_information","mean_random_form_reliability",NA,NA,NA,NA,NA,NA,"0.3.1",800308,800309,800309,NA,NA,"Mersenne-Twister","Inversion","Rejection",20000,1000,1000,8,1000,20,1000,0,0,0,0,NA,NA,0,FALSE
"cae4d8ac21_t95","rasch","bimodal","parametric",60,0.95,"not_in_arm",NA,NA,FALSE,2,"functional_of_mean_information","rho_at_expected_information","mean_random_form_reliability",NA,NA,NA,NA,NA,NA,"0.3.1",558802,558803,558803,NA,NA,"Mersenne-Twister","Inversion","Rejection",20000,1000,1000,8,1000,20,1000,0,0,0,0,NA,NA,0,FALSE
"d2798548f9_t50","3pl_g20","heavy_tail","parametric",10,0.5,"not_in_arm",NA,NA,FALSE,2,"functional_of_mean_information","rho_at_expected_information","mean_random_form_reliability",NA,NA,NA,NA,NA,NA,"0.3.1",101401,101402,101402,NA,NA,"Mersenne-Twister","Inversion","Rejection",20000,1000,1000,8,1000,20,1000,0,0,0,0,NA,NA,0,FALSE
"d2798548f9_t60","3pl_g20","heavy_tail","parametric",10,0.6,"not_in_arm",NA,NA,FALSE,2,"functional_of_mean_information","rho_at_expected_information","mean_random_form_reliability",NA,NA,NA,NA,NA,NA,"0.3.1",693102,693103,693103,NA,NA,"Mersenne-Twister","Inversion","Rejection",20000,1000,1000,8,1000,20,1000,0,0,0,0,NA,NA,0,FALSE
"d2798548f9_t70","3pl_g20","heavy_tail","parametric",10,0.7,"not_in_arm",NA,NA,FALSE,2,"functional_of_mean_information","rho_at_expected_information","mean_random_form_reliability",NA,NA,NA,NA,NA,NA,"0.3.1",791548,791549,791549,NA,NA,"Mersenne-Twister","Inversion","Rejection",20000,1000,1000,8,1000,20,1000,0,0,0,0,NA,NA,0,FALSE
"d2798548f9_t80","3pl_g20","heavy_tail","parametric",10,0.8,"not_in_arm",NA,NA,FALSE,2,"functional_of_mean_information","rho_at_expected_information","mean_random_form_reliability",NA,NA,NA,NA,NA,NA,"0.3.1",714070,714071,714071,NA,NA,"Mersenne-Twister","Inversion","Rejection",20000,1000,1000,8,1000,20,1000,0,0,0,0,NA,NA,0,FALSE
"d2798548f9_t90","3pl_g20","heavy_tail","parametric",10,0.9,"not_in_arm",NA,NA,FALSE,2,"functional_of_mean_information","rho_at_expected_information","mean_random_form_reliability",NA,NA,NA,NA,NA,NA,"0.3.1",516294,516295,516295,NA,NA,"Mersenne-Twister","Inversion","Rejection",20000,1000,1000,8,1000,20,1000,0,0,0,0,NA,NA,0,FALSE
"d41c681147_t50","2pl","normal","parametric",10,0.5,"not_in_arm",NA,NA,FALSE,2,"functional_of_mean_information","rho_at_expected_information","mean_random_form_reliability",NA,NA,NA,NA,NA,NA,"0.3.1",579111,579112,579112,NA,NA,"Mersenne-Twister","Inversion","Rejection",20000,1000,1000,8,1000,20,1000,0,0,0,0,NA,NA,0,FALSE
"d41c681147_t60","2pl","normal","parametric",10,0.6,"not_in_arm",NA,NA,FALSE,2,"functional_of_mean_information","rho_at_expected_information","mean_random_form_reliability",NA,NA,NA,NA,NA,NA,"0.3.1",718317,718318,718318,NA,NA,"Mersenne-Twister","Inversion","Rejection",20000,1000,1000,8,1000,20,1000,0,0,0,0,NA,NA,0,FALSE
"d41c681147_t70","2pl","normal","parametric",10,0.7,"not_in_arm",NA,NA,FALSE,2,"functional_of_mean_information","rho_at_expected_information","mean_random_form_reliability",NA,NA,NA,NA,NA,NA,"0.3.1",445781,445782,445782,NA,NA,"Mersenne-Twister","Inversion","Rejection",20000,1000,1000,8,1000,20,1000,0,0,0,0,NA,NA,0,FALSE
"d41c681147_t80","2pl","normal","parametric",10,0.8,"not_in_arm",NA,NA,FALSE,2,"functional_of_mean_information","rho_at_expected_information","mean_random_form_reliability",NA,NA,NA,NA,NA,NA,"0.3.1",720111,720112,720112,NA,NA,"Mersenne-Twister","Inversion","Rejection",20000,1000,1000,8,1000,20,1000,0,0,0,0,NA,NA,0,FALSE
"d41c681147_t90","2pl","normal","parametric",10,0.9,"not_in_arm",NA,NA,FALSE,2,"functional_of_mean_information","rho_at_expected_information","mean_random_form_reliability",NA,NA,NA,NA,NA,NA,"0.3.1",754488,754489,754489,NA,NA,"Mersenne-Twister","Inversion","Rejection",20000,1000,1000,8,1000,20,1000,0,0,0,0,NA,NA,0,FALSE
"d41c681147_t95","2pl","normal","parametric",10,0.95,"not_in_arm",NA,NA,FALSE,2,"functional_of_mean_information","rho_at_expected_information","mean_random_form_reliability",NA,NA,NA,NA,NA,NA,"0.3.1",264687,264688,264688,NA,NA,"Mersenne-Twister","Inversion","Rejection",20000,1000,1000,8,1000,20,1000,0,0,0,0,NA,NA,0,FALSE
"d4e15da8e2_t50","2pl","normal","irw",60,0.5,"not_in_arm",NA,NA,FALSE,2,"functional_of_mean_information","rho_at_expected_information","mean_random_form_reliability",NA,NA,NA,NA,NA,NA,"0.3.1",276055,276056,276056,NA,NA,"Mersenne-Twister","Inversion","Rejection",20000,1000,1000,8,1000,20,1000,0,0,0,0,NA,NA,0,FALSE
"d4e15da8e2_t60","2pl","normal","irw",60,0.6,"not_in_arm",NA,NA,FALSE,2,"functional_of_mean_information","rho_at_expected_information","mean_random_form_reliability",NA,NA,NA,NA,NA,NA,"0.3.1",802181,802182,802182,NA,NA,"Mersenne-Twister","Inversion","Rejection",20000,1000,1000,8,1000,20,1000,0,0,0,0,NA,NA,0,FALSE
"d4e15da8e2_t70","2pl","normal","irw",60,0.7,"not_in_arm",NA,NA,FALSE,2,"functional_of_mean_information","rho_at_expected_information","mean_random_form_reliability",NA,NA,NA,NA,NA,NA,"0.3.1",353076,353077,353077,NA,NA,"Mersenne-Twister","Inversion","Rejection",20000,1000,1000,8,1000,20,1000,0,0,0,0,NA,NA,0,FALSE
"d4e15da8e2_t80","2pl","normal","irw",60,0.8,"not_in_arm",NA,NA,FALSE,2,"functional_of_mean_information","rho_at_expected_information","mean_random_form_reliability",NA,NA,NA,NA,NA,NA,"0.3.1",300059,300060,300060,NA,NA,"Mersenne-Twister","Inversion","Rejection",20000,1000,1000,8,1000,20,1000,0,0,0,0,NA,NA,0,FALSE
"d4e15da8e2_t90","2pl","normal","irw",60,0.9,"not_in_arm",NA,NA,FALSE,2,"functional_of_mean_information","rho_at_expected_information","mean_random_form_reliability",NA,NA,NA,NA,NA,NA,"0.3.1",773886,773887,773887,NA,NA,"Mersenne-Twister","Inversion","Rejection",20000,1000,1000,8,1000,20,1000,0,0,0,0,NA,NA,0,FALSE
"d4e15da8e2_t95","2pl","normal","irw",60,0.95,"not_in_arm",NA,NA,FALSE,2,"functional_of_mean_information","rho_at_expected_information","mean_random_form_reliability",NA,NA,NA,NA,NA,NA,"0.3.1",122097,122098,122098,NA,NA,"Mersenne-Twister","Inversion","Rejection",20000,1000,1000,8,1000,20,1000,0,0,0,0,NA,NA,0,FALSE
"d76fb115fe_t50","3pl_g20","skew_pos","irw",10,0.5,"not_in_arm",NA,NA,FALSE,2,"functional_of_mean_information","rho_at_expected_information","mean_random_form_reliability",NA,NA,NA,NA,NA,NA,"0.3.1",450454,450455,450455,NA,NA,"Mersenne-Twister","Inversion","Rejection",20000,1000,1000,8,1000,20,1000,0,0,0,0,NA,NA,0,FALSE
"d76fb115fe_t60","3pl_g20","skew_pos","irw",10,0.6,"not_in_arm",NA,NA,FALSE,2,"functional_of_mean_information","rho_at_expected_information","mean_random_form_reliability",NA,NA,NA,NA,NA,NA,"0.3.1",126342,126343,126343,NA,NA,"Mersenne-Twister","Inversion","Rejection",20000,1000,1000,8,1000,20,1000,0,0,0,0,NA,NA,0,FALSE
"d76fb115fe_t70","3pl_g20","skew_pos","irw",10,0.7,"not_in_arm",NA,NA,FALSE,2,"functional_of_mean_information","rho_at_expected_information","mean_random_form_reliability",NA,NA,NA,NA,NA,NA,"0.3.1",744938,744939,744939,NA,NA,"Mersenne-Twister","Inversion","Rejection",20000,1000,1000,8,1000,20,1000,0,0,0,0,NA,NA,0,FALSE
"d76fb115fe_t80","3pl_g20","skew_pos","irw",10,0.8,"not_in_arm",NA,NA,FALSE,2,"functional_of_mean_information","rho_at_expected_information","mean_random_form_reliability",NA,NA,NA,NA,NA,NA,"0.3.1",276349,276350,276350,NA,NA,"Mersenne-Twister","Inversion","Rejection",20000,1000,1000,8,1000,20,1000,0,0,0,0,NA,NA,0,FALSE
"d76fb115fe_t90","3pl_g20","skew_pos","irw",10,0.9,"not_in_arm",NA,NA,FALSE,2,"functional_of_mean_information","rho_at_expected_information","mean_random_form_reliability",NA,NA,NA,NA,NA,NA,"0.3.1",170599,170600,170600,NA,NA,"Mersenne-Twister","Inversion","Rejection",20000,1000,1000,8,1000,20,1000,0,0,0,0,NA,NA,0,FALSE
"d9861a350b_t50","3pl_beta","skew_pos","parametric",40,0.5,"ok",0.496160800683433,-0.00383919931656668,TRUE,2,"functional_of_mean_information","rho_at_expected_information","mean_random_form_reliability",0.99941191435252,0.496160800683433,0.495040547168477,0.00112025351495587,0.98533968396691,"scaled_mean_information_residual","0.3.1",653995,653996,653996,1654000,2654003,"Mersenne-Twister","Inversion","Rejection",20000,1000,1000,8,1000,20,1000,20,20,20,20,NA,NA,13.138,TRUE
"d9861a350b_t60","3pl_beta","skew_pos","parametric",40,0.6,"ok",0.603888470038922,0.00388847003892201,TRUE,2,"functional_of_mean_information","rho_at_expected_information","mean_random_form_reliability",1.50841928277772,0.603888470038922,0.602888214271727,0.00100025576719542,1.01068816042466,"scaled_mean_information_residual","0.3.1",388162,388163,388163,1388167,2388170,"Mersenne-Twister","Inversion","Rejection",20000,1000,1000,8,1000,20,1000,20,20,20,20,NA,NA,13.938,TRUE
"d9861a350b_t70","3pl_beta","skew_pos","parametric",40,0.7,"ok",0.696406134232223,-0.00359386576777732,TRUE,2,"functional_of_mean_information","rho_at_expected_information","mean_random_form_reliability",2.28330648180352,0.696406134232223,0.695350458788946,0.00105567544327689,1.00462824968082,"scaled_mean_information_residual","0.3.1",752743,752744,752744,1752748,2752751,"Mersenne-Twister","Inversion","Rejection",20000,1000,1000,8,1000,20,1000,20,20,20,20,NA,NA,13.549,TRUE
"d9861a350b_t80","3pl_beta","skew_pos","parametric",40,0.8,"ok",0.800185582830238,0.000185582830238173,TRUE,2,"functional_of_mean_information","rho_at_expected_information","mean_random_form_reliability",4.01776494292935,0.800185582830238,0.799547699190102,0.000637883640136283,0.996734238254871,"scaled_mean_information_residual","0.3.1",218406,218407,218407,1218411,2218414,"Mersenne-Twister","Inversion","Rejection",20000,1000,1000,8,1000,20,1000,20,20,20,20,NA,NA,13.455,TRUE
"d9861a350b_t90","3pl_beta","skew_pos","parametric",40,0.9,"ok",0.897770204132365,-0.00222979586763472,TRUE,2,"functional_of_mean_information","rho_at_expected_information","mean_random_form_reliability",8.7954980816386,0.897770204132365,0.897350235255563,0.000419968876802734,0.998452148390577,"scaled_mean_information_residual","0.3.1",644538,644539,644539,1644543,2644546,"Mersenne-Twister","Inversion","Rejection",20000,1000,1000,8,1000,20,1000,20,20,20,20,NA,NA,16.904,TRUE
"d9861a350b_t95","3pl_beta","skew_pos","parametric",40,0.95,"ok",0.954071806883601,0.00407180688360098,TRUE,2,"functional_of_mean_information","rho_at_expected_information","mean_random_form_reliability",20.7579456955772,0.954071806883601,0.953819801497653,0.000252005385947496,1.00073094881057,"scaled_mean_information_residual","0.3.1",706103,706104,706104,1706108,2706111,"Mersenne-Twister","Inversion","Rejection",20000,1000,1000,8,1000,20,1000,20,20,20,20,NA,NA,13.579,TRUE
"d9b7e34bfd_t50","3pl_beta","normal","parametric",60,0.5,"not_in_arm",NA,NA,FALSE,2,"functional_of_mean_information","rho_at_expected_information","mean_random_form_reliability",NA,NA,NA,NA,NA,NA,"0.3.1",441422,441423,441423,NA,NA,"Mersenne-Twister","Inversion","Rejection",20000,1000,1000,8,1000,20,1000,0,0,0,0,NA,NA,0,FALSE
"d9b7e34bfd_t60","3pl_beta","normal","parametric",60,0.6,"not_in_arm",NA,NA,FALSE,2,"functional_of_mean_information","rho_at_expected_information","mean_random_form_reliability",NA,NA,NA,NA,NA,NA,"0.3.1",698611,698612,698612,NA,NA,"Mersenne-Twister","Inversion","Rejection",20000,1000,1000,8,1000,20,1000,0,0,0,0,NA,NA,0,FALSE
"d9b7e34bfd_t70","3pl_beta","normal","parametric",60,0.7,"not_in_arm",NA,NA,FALSE,2,"functional_of_mean_information","rho_at_expected_information","mean_random_form_reliability",NA,NA,NA,NA,NA,NA,"0.3.1",774234,774235,774235,NA,NA,"Mersenne-Twister","Inversion","Rejection",20000,1000,1000,8,1000,20,1000,0,0,0,0,NA,NA,0,FALSE
"d9b7e34bfd_t80","3pl_beta","normal","parametric",60,0.8,"not_in_arm",NA,NA,FALSE,2,"functional_of_mean_information","rho_at_expected_information","mean_random_form_reliability",NA,NA,NA,NA,NA,NA,"0.3.1",159284,159285,159285,NA,NA,"Mersenne-Twister","Inversion","Rejection",20000,1000,1000,8,1000,20,1000,0,0,0,0,NA,NA,0,FALSE
"d9b7e34bfd_t90","3pl_beta","normal","parametric",60,0.9,"not_in_arm",NA,NA,FALSE,2,"functional_of_mean_information","rho_at_expected_information","mean_random_form_reliability",NA,NA,NA,NA,NA,NA,"0.3.1",528787,528788,528788,NA,NA,"Mersenne-Twister","Inversion","Rejection",20000,1000,1000,8,1000,20,1000,0,0,0,0,NA,NA,0,FALSE
"d9b7e34bfd_t95","3pl_beta","normal","parametric",60,0.95,"not_in_arm",NA,NA,FALSE,2,"functional_of_mean_information","rho_at_expected_information","mean_random_form_reliability",NA,NA,NA,NA,NA,NA,"0.3.1",620855,620856,620856,NA,NA,"Mersenne-Twister","Inversion","Rejection",20000,1000,1000,8,1000,20,1000,0,0,0,0,NA,NA,0,FALSE
"d9f9912361_t50","3pl_g20","normal","parametric",40,0.5,"ok",0.49182082719302,-0.00817917280698016,TRUE,2,"functional_of_mean_information","rho_at_expected_information","mean_random_form_reliability",0.977188324715973,0.49182082719302,0.490794447872784,0.0010263793202358,0.990402628957986,"scaled_mean_information_residual","0.3.1",530140,530141,530141,1530145,2530148,"Mersenne-Twister","Inversion","Rejection",20000,1000,1000,8,1000,20,1000,20,20,20,20,NA,NA,15.082,TRUE
"d9f9912361_t60","3pl_g20","normal","parametric",40,0.6,"ok",0.604767290540253,0.00476729054025349,TRUE,2,"functional_of_mean_information","rho_at_expected_information","mean_random_form_reliability",1.53643880032871,0.604767290540253,0.603509491112362,0.00125779942789173,0.995910126184163,"scaled_mean_information_residual","0.3.1",527557,527558,527558,1527562,2527565,"Mersenne-Twister","Inversion","Rejection",20000,1000,1000,8,1000,20,1000,20,20,20,20,NA,NA,17.494,TRUE
"d9f9912361_t70","3pl_g20","normal","parametric",40,0.7,"ok",0.700265499210171,0.000265499210171272,TRUE,2,"functional_of_mean_information","rho_at_expected_information","mean_random_form_reliability",2.30655002558834,0.700265499210171,0.699120899925035,0.00114459928513622,1.01289194324261,"scaled_mean_information_residual","0.3.1",600799,600800,600800,1600804,2600807,"Mersenne-Twister","Inversion","Rejection",20000,1000,1000,8,1000,20,1000,20,20,20,20,NA,NA,15.946,TRUE
"d9f9912361_t80","3pl_g20","normal","parametric",40,0.8,"ok",0.801552767423621,0.0015527674236212,TRUE,2,"functional_of_mean_information","rho_at_expected_information","mean_random_form_reliability",4.01082356777135,0.801552767423621,0.800409165489355,0.00114360193426655,1.00705574837545,"scaled_mean_information_residual","0.3.1",511089,511090,511090,1511094,2511097,"Mersenne-Twister","Inversion","Rejection",20000,1000,1000,8,1000,20,1000,20,20,20,20,NA,NA,14.242,TRUE
"d9f9912361_t90","3pl_g20","normal","parametric",40,0.9,"ok",0.899307157791508,-0.000692842208491751,TRUE,2,"functional_of_mean_information","rho_at_expected_information","mean_random_form_reliability",8.95388555749284,0.899307157791508,0.899092220322565,0.000214937468942966,0.997465563878521,"scaled_mean_information_residual","0.3.1",656989,656990,656990,1656994,2656997,"Mersenne-Twister","Inversion","Rejection",20000,1000,1000,8,1000,20,1000,20,20,20,20,NA,NA,15.398,TRUE
"d9f9912361_t95","3pl_g20","normal","parametric",40,0.95,"ok",0.948217980590045,-0.0017820194099547,TRUE,2,"functional_of_mean_information","rho_at_expected_information","mean_random_form_reliability",18.034691790726,0.948217980590045,0.947945577120907,0.000272403469138593,1.01536100081192,"scaled_mean_information_residual","0.3.1",396181,396182,396182,1396186,2396189,"Mersenne-Twister","Inversion","Rejection",20000,1000,1000,8,1000,20,1000,20,20,20,20,NA,NA,16.21,TRUE
"dd9d6dae8d_t50","2pl","skew_pos","irw",10,0.5,"not_in_arm",NA,NA,FALSE,2,"functional_of_mean_information","rho_at_expected_information","mean_random_form_reliability",NA,NA,NA,NA,NA,NA,"0.3.1",48941,48942,48942,NA,NA,"Mersenne-Twister","Inversion","Rejection",20000,1000,1000,8,1000,20,1000,0,0,0,0,NA,NA,0,FALSE
"dd9d6dae8d_t60","2pl","skew_pos","irw",10,0.6,"not_in_arm",NA,NA,FALSE,2,"functional_of_mean_information","rho_at_expected_information","mean_random_form_reliability",NA,NA,NA,NA,NA,NA,"0.3.1",360734,360735,360735,NA,NA,"Mersenne-Twister","Inversion","Rejection",20000,1000,1000,8,1000,20,1000,0,0,0,0,NA,NA,0,FALSE
"dd9d6dae8d_t70","2pl","skew_pos","irw",10,0.7,"not_in_arm",NA,NA,FALSE,2,"functional_of_mean_information","rho_at_expected_information","mean_random_form_reliability",NA,NA,NA,NA,NA,NA,"0.3.1",614699,614700,614700,NA,NA,"Mersenne-Twister","Inversion","Rejection",20000,1000,1000,8,1000,20,1000,0,0,0,0,NA,NA,0,FALSE
"dd9d6dae8d_t80","2pl","skew_pos","irw",10,0.8,"not_in_arm",NA,NA,FALSE,2,"functional_of_mean_information","rho_at_expected_information","mean_random_form_reliability",NA,NA,NA,NA,NA,NA,"0.3.1",744886,744887,744887,NA,NA,"Mersenne-Twister","Inversion","Rejection",20000,1000,1000,8,1000,20,1000,0,0,0,0,NA,NA,0,FALSE
"dd9d6dae8d_t90","2pl","skew_pos","irw",10,0.9,"not_in_arm",NA,NA,FALSE,2,"functional_of_mean_information","rho_at_expected_information","mean_random_form_reliability",NA,NA,NA,NA,NA,NA,"0.3.1",206910,206911,206911,NA,NA,"Mersenne-Twister","Inversion","Rejection",20000,1000,1000,8,1000,20,1000,0,0,0,0,NA,NA,0,FALSE
"dd9d6dae8d_t95","2pl","skew_pos","irw",10,0.95,"not_in_arm",NA,NA,FALSE,2,"functional_of_mean_information","rho_at_expected_information","mean_random_form_reliability",NA,NA,NA,NA,NA,NA,"0.3.1",762944,762945,762945,NA,NA,"Mersenne-Twister","Inversion","Rejection",20000,1000,1000,8,1000,20,1000,0,0,0,0,NA,NA,0,FALSE
"dfce2b64f4_t50","3pl_g20","heavy_tail","irw",40,0.5,"ok",0.502483842358978,0.00248384235897836,TRUE,2,"functional_of_mean_information","rho_at_expected_information","mean_random_form_reliability",1.00169097126573,0.502483842358978,0.50069409311272,0.0017897492462583,1.00827999912055,"scaled_mean_information_residual","0.3.1",619236,619237,619237,1619241,2619244,"Mersenne-Twister","Inversion","Rejection",20000,1000,1000,8,1000,20,1000,20,20,20,20,NA,NA,20.087,TRUE
"dfce2b64f4_t60","3pl_g20","heavy_tail","irw",40,0.6,"ok",0.608579163413791,0.00857916341379117,TRUE,2,"functional_of_mean_information","rho_at_expected_information","mean_random_form_reliability",1.57032332527787,0.608579163413791,0.606578223254283,0.00200094015950802,0.990111389587297,"scaled_mean_information_residual","0.3.1",544132,544133,544133,1544137,2544140,"Mersenne-Twister","Inversion","Rejection",20000,1000,1000,8,1000,20,1000,20,20,20,20,NA,NA,20.528,TRUE
"dfce2b64f4_t70","3pl_g20","heavy_tail","irw",40,0.7,"ok",0.708389169789918,0.0083891697899181,TRUE,2,"functional_of_mean_information","rho_at_expected_information","mean_random_form_reliability",2.44598637373876,0.708389169789918,0.704682151517305,0.00370701827261288,0.993148589695862,"scaled_mean_information_residual","0.3.1",387774,387775,387775,1387779,2387782,"Mersenne-Twister","Inversion","Rejection",20000,1000,1000,8,1000,20,1000,20,20,20,20,NA,NA,20.364,TRUE
"dfce2b64f4_t80","3pl_g20","heavy_tail","irw",40,0.8,"ok",0.797725038721232,-0.00227496127876792,TRUE,2,"functional_of_mean_information","rho_at_expected_information","mean_random_form_reliability",3.98032522358072,0.797725038721232,0.790409384820129,0.007315653901103,0.990814921307353,"scaled_mean_information_residual","0.3.1",795934,795935,795935,1795939,2795942,"Mersenne-Twister","Inversion","Rejection",20000,1000,1000,8,1000,20,1000,20,20,20,20,NA,NA,20.483,TRUE
"dfce2b64f4_t90","3pl_g20","heavy_tail","irw",40,0.9,"ok",0.910791416263012,0.0107914162630119,TRUE,2,"functional_of_mean_information","rho_at_expected_information","mean_random_form_reliability",10.5580914029448,0.910791416263012,0.90097152304783,0.00981989321518195,0.967000874656048,"scaled_mean_information_residual","0.3.1",472094,472095,472095,1472099,2472102,"Mersenne-Twister","Inversion","Rejection",20000,1000,1000,8,1000,20,1000,20,20,20,20,NA,NA,20.368,TRUE
"dfce2b64f4_t95","3pl_g20","heavy_tail","irw",40,0.95,"ok",0.979240106563843,0.0292401065638428,TRUE,2,"functional_of_mean_information","rho_at_expected_information","mean_random_form_reliability",47.8028310293265,0.979240106563843,0.977379740723873,0.00186036583996962,0.986757543149569,"scaled_mean_information_residual","0.3.1",169137,169138,169138,1169142,2169145,"Mersenne-Twister","Inversion","Rejection",20000,1000,1000,8,1000,20,1000,20,20,20,20,NA,NA,20.636,TRUE
"e0422750e1_t50","2pl","bimodal","parametric",60,0.5,"not_in_arm",NA,NA,FALSE,2,"functional_of_mean_information","rho_at_expected_information","mean_random_form_reliability",NA,NA,NA,NA,NA,NA,"0.3.1",273699,273700,273700,NA,NA,"Mersenne-Twister","Inversion","Rejection",20000,1000,1000,8,1000,20,1000,0,0,0,0,NA,NA,0,FALSE
"e0422750e1_t60","2pl","bimodal","parametric",60,0.6,"not_in_arm",NA,NA,FALSE,2,"functional_of_mean_information","rho_at_expected_information","mean_random_form_reliability",NA,NA,NA,NA,NA,NA,"0.3.1",375141,375142,375142,NA,NA,"Mersenne-Twister","Inversion","Rejection",20000,1000,1000,8,1000,20,1000,0,0,0,0,NA,NA,0,FALSE
"e0422750e1_t70","2pl","bimodal","parametric",60,0.7,"not_in_arm",NA,NA,FALSE,2,"functional_of_mean_information","rho_at_expected_information","mean_random_form_reliability",NA,NA,NA,NA,NA,NA,"0.3.1",781459,781460,781460,NA,NA,"Mersenne-Twister","Inversion","Rejection",20000,1000,1000,8,1000,20,1000,0,0,0,0,NA,NA,0,FALSE
"e0422750e1_t80","2pl","bimodal","parametric",60,0.8,"not_in_arm",NA,NA,FALSE,2,"functional_of_mean_information","rho_at_expected_information","mean_random_form_reliability",NA,NA,NA,NA,NA,NA,"0.3.1",242499,242500,242500,NA,NA,"Mersenne-Twister","Inversion","Rejection",20000,1000,1000,8,1000,20,1000,0,0,0,0,NA,NA,0,FALSE
"e0422750e1_t90","2pl","bimodal","parametric",60,0.9,"not_in_arm",NA,NA,FALSE,2,"functional_of_mean_information","rho_at_expected_information","mean_random_form_reliability",NA,NA,NA,NA,NA,NA,"0.3.1",292344,292345,292345,NA,NA,"Mersenne-Twister","Inversion","Rejection",20000,1000,1000,8,1000,20,1000,0,0,0,0,NA,NA,0,FALSE
"e0422750e1_t95","2pl","bimodal","parametric",60,0.95,"not_in_arm",NA,NA,FALSE,2,"functional_of_mean_information","rho_at_expected_information","mean_random_form_reliability",NA,NA,NA,NA,NA,NA,"0.3.1",430638,430639,430639,NA,NA,"Mersenne-Twister","Inversion","Rejection",20000,1000,1000,8,1000,20,1000,0,0,0,0,NA,NA,0,FALSE
"e1c3c9e4f3_t50","3pl_beta","skew_pos","irw",40,0.5,"ok",0.496337732141785,-0.00366226785821533,TRUE,2,"functional_of_mean_information","rho_at_expected_information","mean_random_form_reliability",0.999214739730248,0.496337732141785,0.493641378054723,0.0026963540870617,0.986231894746857,"scaled_mean_information_residual","0.3.1",343887,343888,343888,1343892,2343895,"Mersenne-Twister","Inversion","Rejection",20000,1000,1000,8,1000,20,1000,20,20,20,20,NA,NA,19.93,TRUE
"e1c3c9e4f3_t60","3pl_beta","skew_pos","irw",40,0.6,"ok",0.587789806979472,-0.0122101930205277,TRUE,2,"functional_of_mean_information","rho_at_expected_information","mean_random_form_reliability",1.41427612478417,0.587789806979472,0.58180710532898,0.00598270165049208,1.00825205078424,"scaled_mean_information_residual","0.3.1",93922,93923,93923,1093927,2093930,"Mersenne-Twister","Inversion","Rejection",20000,1000,1000,8,1000,20,1000,20,20,20,20,NA,NA,20.478,TRUE
"e1c3c9e4f3_t70","3pl_beta","skew_pos","irw",40,0.7,"ok",0.705658687001291,0.0056586870012908,TRUE,2,"functional_of_mean_information","rho_at_expected_information","mean_random_form_reliability",2.3536003077947,0.705658687001291,0.699945907225762,0.0057127797755292,1.01861661835303,"scaled_mean_information_residual","0.3.1",170780,170781,170781,1170785,2170788,"Mersenne-Twister","Inversion","Rejection",20000,1000,1000,8,1000,20,1000,20,20,20,20,NA,NA,29.473,TRUE
"e1c3c9e4f3_t80","3pl_beta","skew_pos","irw",40,0.8,"ok",0.801071771300727,0.00107177130072722,TRUE,2,"functional_of_mean_information","rho_at_expected_information","mean_random_form_reliability",4.08550158094422,0.801071771300727,0.790538844653256,0.0105329266474712,0.985665667496541,"scaled_mean_information_residual","0.3.1",745235,745236,745236,1745240,2745243,"Mersenne-Twister","Inversion","Rejection",20000,1000,1000,8,1000,20,1000,20,20,20,20,NA,NA,30.591,TRUE
"e1c3c9e4f3_t90","3pl_beta","skew_pos","irw",40,0.9,"ok",0.887098366140238,-0.0129016338597622,TRUE,2,"functional_of_mean_information","rho_at_expected_information","mean_random_form_reliability",7.86014478019396,0.887098366140238,0.878505648179158,0.0085927179610803,0.999633971793488,"scaled_mean_information_residual","0.3.1",412718,412719,412719,1412723,2412726,"Mersenne-Twister","Inversion","Rejection",20000,1000,1000,8,1000,20,1000,20,20,20,20,NA,NA,26.817,TRUE
"e1c3c9e4f3_t95","3pl_beta","skew_pos","irw",40,0.95,"ok",0.949239593724024,-0.000760406275975956,TRUE,2,"functional_of_mean_information","rho_at_expected_information","mean_random_form_reliability",18.7188422916936,0.949239593724024,0.940118945390034,0.00912064833399018,0.999014449976537,"scaled_mean_information_residual","0.3.1",326207,326208,326208,1326212,2326215,"Mersenne-Twister","Inversion","Rejection",20000,1000,1000,8,1000,20,1000,20,20,20,20,NA,NA,23.863,TRUE
"ec1be6f260_t50","3pl_g20","heavy_tail","parametric",60,0.5,"not_in_arm",NA,NA,FALSE,2,"functional_of_mean_information","rho_at_expected_information","mean_random_form_reliability",NA,NA,NA,NA,NA,NA,"0.3.1",632852,632853,632853,NA,NA,"Mersenne-Twister","Inversion","Rejection",20000,1000,1000,8,1000,20,1000,0,0,0,0,NA,NA,0,FALSE
"ec1be6f260_t60","3pl_g20","heavy_tail","parametric",60,0.6,"not_in_arm",NA,NA,FALSE,2,"functional_of_mean_information","rho_at_expected_information","mean_random_form_reliability",NA,NA,NA,NA,NA,NA,"0.3.1",478550,478551,478551,NA,NA,"Mersenne-Twister","Inversion","Rejection",20000,1000,1000,8,1000,20,1000,0,0,0,0,NA,NA,0,FALSE
"ec1be6f260_t70","3pl_g20","heavy_tail","parametric",60,0.7,"not_in_arm",NA,NA,FALSE,2,"functional_of_mean_information","rho_at_expected_information","mean_random_form_reliability",NA,NA,NA,NA,NA,NA,"0.3.1",72757,72758,72758,NA,NA,"Mersenne-Twister","Inversion","Rejection",20000,1000,1000,8,1000,20,1000,0,0,0,0,NA,NA,0,FALSE
"ec1be6f260_t80","3pl_g20","heavy_tail","parametric",60,0.8,"not_in_arm",NA,NA,FALSE,2,"functional_of_mean_information","rho_at_expected_information","mean_random_form_reliability",NA,NA,NA,NA,NA,NA,"0.3.1",473812,473813,473813,NA,NA,"Mersenne-Twister","Inversion","Rejection",20000,1000,1000,8,1000,20,1000,0,0,0,0,NA,NA,0,FALSE
"ec1be6f260_t90","3pl_g20","heavy_tail","parametric",60,0.9,"not_in_arm",NA,NA,FALSE,2,"functional_of_mean_information","rho_at_expected_information","mean_random_form_reliability",NA,NA,NA,NA,NA,NA,"0.3.1",778966,778967,778967,NA,NA,"Mersenne-Twister","Inversion","Rejection",20000,1000,1000,8,1000,20,1000,0,0,0,0,NA,NA,0,FALSE
"ec1be6f260_t95","3pl_g20","heavy_tail","parametric",60,0.95,"not_in_arm",NA,NA,FALSE,2,"functional_of_mean_information","rho_at_expected_information","mean_random_form_reliability",NA,NA,NA,NA,NA,NA,"0.3.1",463262,463263,463263,NA,NA,"Mersenne-Twister","Inversion","Rejection",20000,1000,1000,8,1000,20,1000,0,0,0,0,NA,NA,0,FALSE
"ec99a4118e_t50","rasch","skew_pos","parametric",40,0.5,"ok",0.500077814293883,7.78142938832049e-05,TRUE,2,"functional_of_mean_information","rho_at_expected_information","mean_random_form_reliability",1.00636997211205,0.500077814293883,0.500071527258329,6.28703555405341e-06,0.993979682764431,"scaled_mean_information_residual","0.3.1",436564,436565,436565,1436569,2436572,"Mersenne-Twister","Inversion","Rejection",20000,1000,1000,8,1000,20,1000,20,20,20,20,NA,NA,14.125,TRUE
"ec99a4118e_t60","rasch","skew_pos","parametric",40,0.6,"ok",0.600178537522248,0.000178537522247835,TRUE,2,"functional_of_mean_information","rho_at_expected_information","mean_random_form_reliability",1.51005394159132,0.600178537522248,0.600168544870829,9.99265141854444e-06,0.994081281766352,"scaled_mean_information_residual","0.3.1",687058,687059,687059,1687063,2687066,"Mersenne-Twister","Inversion","Rejection",20000,1000,1000,8,1000,20,1000,20,20,20,20,NA,NA,14.6479999999999,TRUE
"ec99a4118e_t70","rasch","skew_pos","parametric",40,0.7,"ok",0.699897440339532,-0.000102559660467683,TRUE,2,"functional_of_mean_information","rho_at_expected_information","mean_random_form_reliability",2.33047692143592,0.699897440339532,0.699882343416544,1.50969229880671e-05,1.00073686614915,"scaled_mean_information_residual","0.3.1",668740,668741,668741,1668745,2668748,"Mersenne-Twister","Inversion","Rejection",20000,1000,1000,8,1000,20,1000,20,20,20,20,NA,NA,10.2090000000001,TRUE
"ec99a4118e_t80","rasch","skew_pos","parametric",40,0.8,"ok",0.800163354126298,0.000163354126297532,TRUE,2,"functional_of_mean_information","rho_at_expected_information","mean_random_form_reliability",3.89374370329069,0.800163354126298,0.800123500707573,3.98534187242561e-05,1.02833866237047,"scaled_mean_information_residual","0.3.1",475798,475799,475799,1475803,2475806,"Mersenne-Twister","Inversion","Rejection",20000,1000,1000,8,1000,20,1000,20,20,20,20,NA,NA,10.346,TRUE
"ec99a4118e_t90","rasch","skew_pos","parametric",40,0.9,"ok",0.899537357300478,-0.000462642699521898,TRUE,2,"functional_of_mean_information","rho_at_expected_information","mean_random_form_reliability",8.89742032740525,0.899537357300478,0.89946939683654,6.79604639377551e-05,1.00635335334935,"scaled_mean_information_residual","0.3.1",224548,224549,224549,1224553,2224556,"Mersenne-Twister","Inversion","Rejection",20000,1000,1000,8,1000,20,1000,20,20,20,20,NA,NA,10.3980000000001,TRUE
"ec99a4118e_t95","rasch","skew_pos","parametric",40,0.95,"ok",0.949366332945625,-0.000633667054374953,TRUE,2,"functional_of_mean_information","rho_at_expected_information","mean_random_form_reliability",18.604835641111,0.949366332945625,0.949309295696817,5.70372488080118e-05,1.00778666421383,"scaled_mean_information_residual","0.3.1",465835,465836,465836,1465840,2465843,"Mersenne-Twister","Inversion","Rejection",20000,1000,1000,8,1000,20,1000,20,20,20,20,NA,NA,11.1689999999999,TRUE
"f0bf345638_t50","3pl_beta","bimodal","irw",20,0.5,"ok",0.487528403312981,-0.012471596687019,TRUE,2,"functional_of_mean_information","rho_at_expected_information","mean_random_form_reliability",0.947643531093876,0.487528403312981,0.483365642702503,0.00416276061047766,1.00388767052446,"scaled_mean_information_residual","0.3.1",614960,614961,614961,1614965,2614968,"Mersenne-Twister","Inversion","Rejection",20000,1000,1000,8,1000,20,1000,20,20,20,20,NA,NA,22.7049999999999,TRUE
"f0bf345638_t60","3pl_beta","bimodal","irw",20,0.6,"ok",0.591368989566019,-0.00863101043398107,TRUE,2,"functional_of_mean_information","rho_at_expected_information","mean_random_form_reliability",1.43703381058335,0.591368989566019,0.586545076331152,0.00482391323486664,1.00707134586248,"scaled_mean_information_residual","0.3.1",437867,437868,437868,1437872,2437875,"Mersenne-Twister","Inversion","Rejection",20000,1000,1000,8,1000,20,1000,20,20,20,20,NA,NA,22.1079999999999,TRUE
"f0bf345638_t70","3pl_beta","bimodal","irw",20,0.7,"ok",0.702330566703812,0.00233056670381249,TRUE,2,"functional_of_mean_information","rho_at_expected_information","mean_random_form_reliability",2.36274156943132,0.702330566703812,0.695825452808947,0.00650511389486508,0.998598954989484,"scaled_mean_information_residual","0.3.1",550861,550862,550862,1550866,2550869,"Mersenne-Twister","Inversion","Rejection",20000,1000,1000,8,1000,20,1000,20,20,20,20,NA,NA,22.0970000000002,TRUE
"f0bf345638_t80","3pl_beta","bimodal","irw",20,0.8,"ok",0.792617684035426,-0.00738231596457395,TRUE,2,"functional_of_mean_information","rho_at_expected_information","mean_random_form_reliability",3.84294619363439,0.792617684035426,0.768802538492935,0.0238151455424908,0.994552546263589,"scaled_mean_information_residual","0.3.1",335715,335716,335716,1335720,2335723,"Mersenne-Twister","Inversion","Rejection",20000,1000,1000,8,1000,20,1000,20,20,20,20,NA,NA,21.934,TRUE
"f0bf345638_t90","3pl_beta","bimodal","irw",20,0.9,"error",NA,NA,TRUE,2,"functional_of_mean_information","rho_at_expected_information","mean_random_form_reliability",NA,NA,NA,NA,NA,"scaled_mean_information_residual","0.3.1",582931,582932,582932,NA,NA,"Mersenne-Twister","Inversion","Rejection",20000,1000,1000,8,1000,20,1000,0,0,0,0,"irtsimrel_topology_uncertain|irtsimrel_topology_error|error|condition","SAC preflight: odd/even split roots are unstable (reason: split_log_root_mismatch; |log(c_odd/c_even)|: 0.450054; tolerance: 0.405465).",2.89599999999996,TRUE
"f0bf345638_t95","3pl_beta","bimodal","irw",20,0.95,"ok",0.950617179589772,0.000617179589772143,TRUE,2,"functional_of_mean_information","rho_at_expected_information","mean_random_form_reliability",19.1975590984459,0.950617179589772,0.946763195435125,0.00385398415464733,1.00272941507338,"scaled_mean_information_residual","0.3.1",160182,160183,160183,1160187,2160190,"Mersenne-Twister","Inversion","Rejection",20000,1000,1000,8,1000,20,1000,20,20,20,20,NA,NA,23.225,TRUE
"f1ffd2e9cb_t50","rasch","heavy_tail","irw",40,0.5,"ok",0.497563924720196,-0.00243607527980438,TRUE,2,"functional_of_mean_information","rho_at_expected_information","mean_random_form_reliability",0.988316040005069,0.497563924720196,0.497141424688437,0.000422500031758366,1.00201039375076,"scaled_mean_information_residual","0.3.1",532620,532621,532621,1532625,2532628,"Mersenne-Twister","Inversion","Rejection",20000,1000,1000,8,1000,20,1000,20,20,20,20,NA,NA,25.077,TRUE
"f1ffd2e9cb_t60","rasch","heavy_tail","irw",40,0.6,"ok",0.604175977164917,0.00417597716491691,TRUE,2,"functional_of_mean_information","rho_at_expected_information","mean_random_form_reliability",1.55472294083534,0.604175977164917,0.603962556714956,0.000213420449960866,0.981766701261017,"scaled_mean_information_residual","0.3.1",248033,248034,248034,1248038,2248041,"Mersenne-Twister","Inversion","Rejection",20000,1000,1000,8,1000,20,1000,20,20,20,20,NA,NA,25.6310000000001,TRUE
"f1ffd2e9cb_t70","rasch","heavy_tail","irw",40,0.7,"ok",0.70400666942515,0.0040066694251506,TRUE,2,"functional_of_mean_information","rho_at_expected_information","mean_random_form_reliability",2.37503894930186,0.70400666942515,0.703344113419562,0.0006625560055884,1.00143810352231,"scaled_mean_information_residual","0.3.1",417441,417442,417442,1417446,2417449,"Mersenne-Twister","Inversion","Rejection",20000,1000,1000,8,1000,20,1000,20,20,20,20,NA,NA,25.958,TRUE
"f1ffd2e9cb_t80","rasch","heavy_tail","irw",40,0.8,"ok",0.806878911824954,0.00687891182495359,TRUE,2,"functional_of_mean_information","rho_at_expected_information","mean_random_form_reliability",4.12512912971602,0.806878911824954,0.806099562726566,0.00077934909838806,1.01284063616028,"scaled_mean_information_residual","0.3.1",784590,784591,784591,1784595,2784598,"Mersenne-Twister","Inversion","Rejection",20000,1000,1000,8,1000,20,1000,20,20,20,20,NA,NA,24.7349999999999,TRUE
"f1ffd2e9cb_t90","rasch","heavy_tail","irw",40,0.9,"ok",0.897748909941355,-0.00225109005864532,TRUE,2,"functional_of_mean_information","rho_at_expected_information","mean_random_form_reliability",8.59776411124638,0.897748909941355,0.895268519468475,0.0024803904728794,1.02117791630835,"scaled_mean_information_residual","0.3.1",373037,373038,373038,1373042,2373045,"Mersenne-Twister","Inversion","Rejection",20000,1000,1000,8,1000,20,1000,20,20,20,20,NA,NA,24.942,TRUE
"f1ffd2e9cb_t95","rasch","heavy_tail","irw",40,0.95,"ok",0.954915045491045,0.00491504549104471,TRUE,2,"functional_of_mean_information","rho_at_expected_information","mean_random_form_reliability",20.8308583252525,0.954915045491045,0.948994329099494,0.00592071639155056,1.01677751824686,"scaled_mean_information_residual","0.3.1",580417,580418,580418,1580422,2580425,"Mersenne-Twister","Inversion","Rejection",20000,1000,1000,8,1000,20,1000,20,20,20,20,NA,NA,26.12,TRUE
"fc718aeb3f_t50","2pl","skew_pos","irw",60,0.5,"not_in_arm",NA,NA,FALSE,2,"functional_of_mean_information","rho_at_expected_information","mean_random_form_reliability",NA,NA,NA,NA,NA,NA,"0.3.1",81306,81307,81307,NA,NA,"Mersenne-Twister","Inversion","Rejection",20000,1000,1000,8,1000,20,1000,0,0,0,0,NA,NA,0,FALSE
"fc718aeb3f_t60","2pl","skew_pos","irw",60,0.6,"not_in_arm",NA,NA,FALSE,2,"functional_of_mean_information","rho_at_expected_information","mean_random_form_reliability",NA,NA,NA,NA,NA,NA,"0.3.1",407602,407603,407603,NA,NA,"Mersenne-Twister","Inversion","Rejection",20000,1000,1000,8,1000,20,1000,0,0,0,0,NA,NA,0,FALSE
"fc718aeb3f_t70","2pl","skew_pos","irw",60,0.7,"not_in_arm",NA,NA,FALSE,2,"functional_of_mean_information","rho_at_expected_information","mean_random_form_reliability",NA,NA,NA,NA,NA,NA,"0.3.1",677256,677257,677257,NA,NA,"Mersenne-Twister","Inversion","Rejection",20000,1000,1000,8,1000,20,1000,0,0,0,0,NA,NA,0,FALSE
"fc718aeb3f_t80","2pl","skew_pos","irw",60,0.8,"not_in_arm",NA,NA,FALSE,2,"functional_of_mean_information","rho_at_expected_information","mean_random_form_reliability",NA,NA,NA,NA,NA,NA,"0.3.1",49755,49756,49756,NA,NA,"Mersenne-Twister","Inversion","Rejection",20000,1000,1000,8,1000,20,1000,0,0,0,0,NA,NA,0,FALSE
"fc718aeb3f_t90","2pl","skew_pos","irw",60,0.9,"not_in_arm",NA,NA,FALSE,2,"functional_of_mean_information","rho_at_expected_information","mean_random_form_reliability",NA,NA,NA,NA,NA,NA,"0.3.1",103398,103399,103399,NA,NA,"Mersenne-Twister","Inversion","Rejection",20000,1000,1000,8,1000,20,1000,0,0,0,0,NA,NA,0,FALSE
"fc718aeb3f_t95","2pl","skew_pos","irw",60,0.95,"not_in_arm",NA,NA,FALSE,2,"functional_of_mean_information","rho_at_expected_information","mean_random_form_reliability",NA,NA,NA,NA,NA,NA,"0.3.1",516106,516107,516107,NA,NA,"Mersenne-Twister","Inversion","Rejection",20000,1000,1000,8,1000,20,1000,0,0,0,0,NA,NA,0,FALSE
"fdb6cca665_t50","2pl","heavy_tail","parametric",10,0.5,"not_in_arm",NA,NA,FALSE,2,"functional_of_mean_information","rho_at_expected_information","mean_random_form_reliability",NA,NA,NA,NA,NA,NA,"0.3.1",366858,366859,366859,NA,NA,"Mersenne-Twister","Inversion","Rejection",20000,1000,1000,8,1000,20,1000,0,0,0,0,NA,NA,0,FALSE
"fdb6cca665_t60","2pl","heavy_tail","parametric",10,0.6,"not_in_arm",NA,NA,FALSE,2,"functional_of_mean_information","rho_at_expected_information","mean_random_form_reliability",NA,NA,NA,NA,NA,NA,"0.3.1",506593,506594,506594,NA,NA,"Mersenne-Twister","Inversion","Rejection",20000,1000,1000,8,1000,20,1000,0,0,0,0,NA,NA,0,FALSE
"fdb6cca665_t70","2pl","heavy_tail","parametric",10,0.7,"not_in_arm",NA,NA,FALSE,2,"functional_of_mean_information","rho_at_expected_information","mean_random_form_reliability",NA,NA,NA,NA,NA,NA,"0.3.1",286598,286599,286599,NA,NA,"Mersenne-Twister","Inversion","Rejection",20000,1000,1000,8,1000,20,1000,0,0,0,0,NA,NA,0,FALSE
"fdb6cca665_t80","2pl","heavy_tail","parametric",10,0.8,"not_in_arm",NA,NA,FALSE,2,"functional_of_mean_information","rho_at_expected_information","mean_random_form_reliability",NA,NA,NA,NA,NA,NA,"0.3.1",745041,745042,745042,NA,NA,"Mersenne-Twister","Inversion","Rejection",20000,1000,1000,8,1000,20,1000,0,0,0,0,NA,NA,0,FALSE
"fdb6cca665_t90","2pl","heavy_tail","parametric",10,0.9,"not_in_arm",NA,NA,FALSE,2,"functional_of_mean_information","rho_at_expected_information","mean_random_form_reliability",NA,NA,NA,NA,NA,NA,"0.3.1",341716,341717,341717,NA,NA,"Mersenne-Twister","Inversion","Rejection",20000,1000,1000,8,1000,20,1000,0,0,0,0,NA,NA,0,FALSE
"fdb6cca665_t95","2pl","heavy_tail","parametric",10,0.95,"not_in_arm",NA,NA,FALSE,2,"functional_of_mean_information","rho_at_expected_information","mean_random_form_reliability",NA,NA,NA,NA,NA,NA,"0.3.1",269829,269830,269830,NA,NA,"Mersenne-Twister","Inversion","Rejection",20000,1000,1000,8,1000,20,1000,0,0,0,0,NA,NA,0,FALSE
"fe0b351b23_t50","rasch","heavy_tail","parametric",40,0.5,"ok",0.500476017239048,0.000476017239047555,TRUE,2,"functional_of_mean_information","rho_at_expected_information","mean_random_form_reliability",1.01539739454798,0.500476017239048,0.50047374696305,2.27027599708496e-06,0.986713072933314,"scaled_mean_information_residual","0.3.1",559083,559084,559084,1559088,2559091,"Mersenne-Twister","Inversion","Rejection",20000,1000,1000,8,1000,20,1000,20,20,20,20,NA,NA,14.5339999999999,TRUE
"fe0b351b23_t60","rasch","heavy_tail","parametric",40,0.6,"ok",0.599831143692756,-0.000168856307244281,TRUE,2,"functional_of_mean_information","rho_at_expected_information","mean_random_form_reliability",1.50008010337723,0.599831143692756,0.599823615161634,7.52853112218066e-06,0.999243367086955,"scaled_mean_information_residual","0.3.1",89540,89541,89541,1089545,2089548,"Mersenne-Twister","Inversion","Rejection",20000,1000,1000,8,1000,20,1000,20,20,20,20,NA,NA,14.48,TRUE
"fe0b351b23_t70","rasch","heavy_tail","parametric",40,0.7,"ok",0.700402251038383,0.000402251038383317,TRUE,2,"functional_of_mean_information","rho_at_expected_information","mean_random_form_reliability",2.38794073120038,0.700402251038383,0.700378658780797,2.35922575859693e-05,0.979006203808664,"scaled_mean_information_residual","0.3.1",576180,576181,576181,1576185,2576188,"Mersenne-Twister","Inversion","Rejection",20000,1000,1000,8,1000,20,1000,20,20,20,20,NA,NA,14.5630000000001,TRUE
"fe0b351b23_t80","rasch","heavy_tail","parametric",40,0.8,"ok",0.799318312546838,-0.000681687453161883,TRUE,2,"functional_of_mean_information","rho_at_expected_information","mean_random_form_reliability",3.91439848210374,0.799318312546838,0.799286388960428,3.1923586410354e-05,1.01752944208153,"scaled_mean_information_residual","0.3.1",710088,710089,710089,1710093,2710096,"Mersenne-Twister","Inversion","Rejection",20000,1000,1000,8,1000,20,1000,20,20,20,20,NA,NA,10.2160000000001,TRUE
"fe0b351b23_t90","rasch","heavy_tail","parametric",40,0.9,"ok",0.899851827807667,-0.000148172192333429,TRUE,2,"functional_of_mean_information","rho_at_expected_information","mean_random_form_reliability",8.85012567193897,0.899851827807667,0.899746556631245,0.000105271176421673,1.01526295064617,"scaled_mean_information_residual","0.3.1",12020,12021,12021,1012025,2012028,"Mersenne-Twister","Inversion","Rejection",20000,1000,1000,8,1000,20,1000,20,20,20,20,NA,NA,10.6490000000001,TRUE
"fe0b351b23_t95","rasch","heavy_tail","parametric",40,0.95,"ok",0.950607085782879,0.000607085782878714,TRUE,2,"functional_of_mean_information","rho_at_expected_information","mean_random_form_reliability",19.6311877845505,0.950607085782879,0.950531082537531,7.60032453472892e-05,0.980369562376813,"scaled_mean_information_residual","0.3.1",355351,355352,355352,1355356,2355359,"Mersenne-Twister","Inversion","Rejection",20000,1000,1000,8,1000,20,1000,20,20,20,20,NA,NA,14.876,TRUE
"ff73e40c19_t50","3pl_beta","skew_pos","parametric",20,0.5,"ok",0.489691146559496,-0.0103088534405036,TRUE,2,"functional_of_mean_information","rho_at_expected_information","mean_random_form_reliability",0.950536901353187,0.489691146559496,0.487426209793902,0.00226493676559425,1.0095321811206,"scaled_mean_information_residual","0.3.1",477643,477644,477644,1477648,2477651,"Mersenne-Twister","Inversion","Rejection",20000,1000,1000,8,1000,20,1000,20,20,20,20,NA,NA,8.91000000000008,TRUE
"ff73e40c19_t60","3pl_beta","skew_pos","parametric",20,0.6,"ok",0.589244458529757,-0.0107555414702428,TRUE,2,"functional_of_mean_information","rho_at_expected_information","mean_random_form_reliability",1.44459427110703,0.589244458529757,0.588141950697501,0.00110250783225585,0.993038731336268,"scaled_mean_information_residual","0.3.1",397154,397155,397155,1397159,2397162,"Mersenne-Twister","Inversion","Rejection",20000,1000,1000,8,1000,20,1000,20,20,20,20,NA,NA,8.94400000000019,TRUE
"ff73e40c19_t70","3pl_beta","skew_pos","parametric",20,0.7,"ok",0.68689640977187,-0.0131035902281296,TRUE,2,"functional_of_mean_information","rho_at_expected_information","mean_random_form_reliability",2.18080189280975,0.68689640977187,0.684359847339596,0.00253656243227407,1.00597452632412,"scaled_mean_information_residual","0.3.1",608998,608999,608999,1609003,2609006,"Mersenne-Twister","Inversion","Rejection",20000,1000,1000,8,1000,20,1000,20,20,20,20,NA,NA,8.96100000000001,TRUE
"ff73e40c19_t80","3pl_beta","skew_pos","parametric",20,0.8,"ok",0.81250861032313,0.0125086103231303,TRUE,2,"functional_of_mean_information","rho_at_expected_information","mean_random_form_reliability",4.36121079720547,0.81250861032313,0.8103317646675,0.00217684565562992,0.993664021747254,"scaled_mean_information_residual","0.3.1",268962,268963,268963,1268967,2268970,"Mersenne-Twister","Inversion","Rejection",20000,1000,1000,8,1000,20,1000,20,20,20,20,NA,NA,8.49300000000017,TRUE
"ff73e40c19_t90","3pl_beta","skew_pos","parametric",20,0.9,"ok",0.899918478447639,-8.15215523610746e-05,TRUE,2,"functional_of_mean_information","rho_at_expected_information","mean_random_form_reliability",9.03228267238675,0.899918478447639,0.899288404521099,0.000630073926540242,0.995524034317896,"scaled_mean_information_residual","0.3.1",763836,763837,763837,1763841,2763844,"Mersenne-Twister","Inversion","Rejection",20000,1000,1000,8,1000,20,1000,20,20,20,20,NA,NA,12.366,TRUE
"ff73e40c19_t95","3pl_beta","skew_pos","parametric",20,0.95,"ok",0.950402819722746,0.00040281972274625,TRUE,2,"functional_of_mean_information","rho_at_expected_information","mean_random_form_reliability",19.5209004496578,0.950402819722746,0.950058744397967,0.00034407532477887,0.981636917383605,"scaled_mean_information_residual","0.3.1",302169,302170,302170,1302174,2302177,"Mersenne-Twister","Inversion","Rejection",20000,1000,1000,8,1000,20,1000,20,20,20,20,NA,NA,8.82499999999982,TRUE
