"cond_id","model","latent_shape","n_items","M","seed_id","target_rho","status","c_star","calibration_residual","holdout_error","elapsed_sec"
"a_2pl_norm_10_M1000_s01","2pl","normal",10,1000,1,0.7,"ok",1.08272355272018,1.86820059422388e-09,-0.00584821550662518,0.614
"a_2pl_norm_10_M1000_s02","2pl","normal",10,1000,2,0.7,"ok",1.26085824415018,2.17822548886915e-09,0.0088018136210124,0.658000000000001
"a_2pl_norm_10_M1000_s03","2pl","normal",10,1000,3,0.7,"ok",1.24236781965638,7.43131112201922e-10,0.00567369643829085,0.724999999999994
"a_2pl_norm_10_M1000_s04","2pl","normal",10,1000,4,0.7,"ok",1.09131245515656,1.02135977453344e-09,0.00767693387555224,0.700000000000003
"a_2pl_norm_10_M1000_s05","2pl","normal",10,1000,5,0.7,"ok",1.29338562970979,1.94825233723606e-09,0.00576851735181161,0.711000000000013
"a_2pl_norm_10_M1000_s06","2pl","normal",10,1000,6,0.7,"ok",1.31316653828403,1.89187454591178e-09,0.00246574580826153,0.682999999999993
"a_2pl_norm_10_M1000_s07","2pl","normal",10,1000,7,0.7,"ok",0.980995784239505,2.15404649672735e-09,-0.00897122697244734,0.614000000000033
"a_2pl_norm_10_M1000_s08","2pl","normal",10,1000,8,0.7,"ok",1.0523093529996,2.58133814323713e-09,-0.0132195058259194,0.644000000000005
"a_2pl_norm_10_M1000_s09","2pl","normal",10,1000,9,0.7,"ok",1.00605373438233,2.40778152971188e-09,-0.00859839754385239,0.77800000000002
"a_2pl_norm_10_M1000_s10","2pl","normal",10,1000,10,0.7,"ok",1.11288339874633,2.75094236279472e-09,-0.00685326234280059,0.752999999999986
"a_2pl_norm_10_M1000_s11","2pl","normal",10,1000,11,0.7,"ok",1.23966069295977,2.02755445766201e-09,0.00336419047562087,0.663000000000011
"a_2pl_norm_10_M1000_s12","2pl","normal",10,1000,12,0.7,"ok",0.985412800541183,1.78347714374638e-09,0.00324389183900531,0.668999999999983
"a_2pl_norm_10_M1000_s13","2pl","normal",10,1000,13,0.7,"ok",1.09982290198407,2.45520981323466e-09,-0.0049357443973651,0.628000000000043
"a_2pl_norm_10_M1000_s14","2pl","normal",10,1000,14,0.7,"ok",1.00936525928267,1.51859613772842e-09,-0.00476243336448479,0.651000000000067
"a_2pl_norm_10_M1000_s15","2pl","normal",10,1000,15,0.7,"ok",1.16029198946148,6.26926288660457e-10,0.00876547986672382,0.730000000000018
"a_2pl_norm_10_M1000_s16","2pl","normal",10,1000,16,0.7,"ok",1.25663179718804,2.1438326669454e-09,-0.00583937500564136,0.781999999999925
"a_2pl_norm_10_M1000_s17","2pl","normal",10,1000,17,0.7,"ok",0.991773000245563,2.58330978830656e-09,-0.00553444642603196,0.673000000000002
"a_2pl_norm_10_M1000_s18","2pl","normal",10,1000,18,0.7,"ok",1.46529086738758,1.90459470417181e-09,0.00873464191840079,0.725000000000023
"a_2pl_norm_10_M1000_s19","2pl","normal",10,1000,19,0.7,"ok",1.02932283264541,1.63189217694537e-09,0.00624126729928809,0.722999999999956
"a_2pl_norm_10_M1000_s20","2pl","normal",10,1000,20,0.7,"ok",1.11424427070959,1.22016385883938e-09,-0.00494672861665291,0.683999999999969
"a_2pl_norm_10_M10000_s01","2pl","normal",10,10000,1,0.7,"ok",1.24120025700381,1.90441795666629e-09,0.00248963665266433,5.112
"a_2pl_norm_10_M10000_s02","2pl","normal",10,10000,2,0.7,"ok",0.94113891969227,1.55731672002446e-09,-0.00113483324248354,4.905
"a_2pl_norm_10_M10000_s03","2pl","normal",10,10000,3,0.7,"ok",1.0733275540131,1.82415771377009e-09,0.000255796422877874,5.452
"a_2pl_norm_10_M10000_s04","2pl","normal",10,10000,4,0.7,"ok",1.05672927561174,2.39392805578831e-09,0.000539177472583807,5.48599999999999
"a_2pl_norm_10_M10000_s05","2pl","normal",10,10000,5,0.7,"ok",0.983113172317754,2.7327813345579e-09,0.000451161342269635,5.14499999999998
"a_2pl_norm_10_M10000_s06","2pl","normal",10,10000,6,0.7,"ok",1.17885080360607,2.61624621966661e-09,-0.00274255387466171,5.40699999999998
"a_2pl_norm_10_M10000_s07","2pl","normal",10,10000,7,0.7,"ok",1.39300216593726,2.05200023639662e-09,3.68940196198153e-05,4.82999999999998
"a_2pl_norm_10_M10000_s08","2pl","normal",10,10000,8,0.7,"ok",1.08080333539743,2.88519341751226e-09,-0.00114165121155496,5.64699999999999
"a_2pl_norm_10_M10000_s09","2pl","normal",10,10000,9,0.7,"ok",1.0796889977312,1.83532178343881e-09,-0.00245925104762723,5.24799999999999
"a_2pl_norm_10_M10000_s10","2pl","normal",10,10000,10,0.7,"ok",1.21532798562328,1.50353074435117e-09,-0.00140631322956608,5.41800000000001
"a_2pl_norm_10_M10000_s11","2pl","normal",10,10000,11,0.7,"ok",1.13029853375868,1.94853144730445e-09,0.00219349083646125,5.67000000000002
"a_2pl_norm_10_M10000_s12","2pl","normal",10,10000,12,0.7,"ok",1.22106427919346,2.56875609672136e-09,0.00204154968172976,5.49299999999994
"a_2pl_norm_10_M10000_s13","2pl","normal",10,10000,13,0.7,"ok",1.05482589111406,8.80135853087438e-10,-0.0014135157546018,5.05900000000008
"a_2pl_norm_10_M10000_s14","2pl","normal",10,10000,14,0.7,"ok",1.19417806657254,2.08135675361376e-09,0.00377097116027791,5.101
"a_2pl_norm_10_M10000_s15","2pl","normal",10,10000,15,0.7,"ok",1.21498674507289,1.40810763049615e-09,0.00174815662422501,5.26599999999996
"a_2pl_norm_10_M10000_s16","2pl","normal",10,10000,16,0.7,"ok",1.11973108563886,2.30452834593109e-09,-0.00103344748387368,5.28399999999999
"a_2pl_norm_10_M10000_s17","2pl","normal",10,10000,17,0.7,"ok",1.01838223145627,1.67223390690197e-09,-0.0057117162617516,5.41300000000001
"a_2pl_norm_10_M10000_s18","2pl","normal",10,10000,18,0.7,"ok",1.06827815087832,1.62679314463787e-10,-0.000706116125509637,5.57000000000005
"a_2pl_norm_10_M10000_s19","2pl","normal",10,10000,19,0.7,"ok",1.12593943365172,2.19916250765451e-08,-0.000154262904619618,5.15300000000002
"a_2pl_norm_10_M10000_s20","2pl","normal",10,10000,20,0.7,"ok",1.11810434551841,1.59413293676636e-09,-0.000776120668379177,5.495
"a_2pl_norm_10_M20000_s01","2pl","normal",10,20000,1,0.7,"ok",1.0137169441091,2.80892265003274e-09,0.000463458246934834,10.16
"a_2pl_norm_10_M20000_s02","2pl","normal",10,20000,2,0.7,"ok",1.12268153287634,2.21588558613206e-09,-0.00114232833536121,11.31
"a_2pl_norm_10_M20000_s03","2pl","normal",10,20000,3,0.7,"ok",1.17550518294755,2.30512764431978e-09,-0.00194947720702066,12.03
"a_2pl_norm_10_M20000_s04","2pl","normal",10,20000,4,0.7,"ok",1.1745419950741,2.4216099125951e-09,0.00276726488861145,9.95000000000002
"a_2pl_norm_10_M20000_s05","2pl","normal",10,20000,5,0.7,"ok",1.13156638306461,2.03029326684145e-09,0.000192146613826716,11.946
"a_2pl_norm_10_M20000_s06","2pl","normal",10,20000,6,0.7,"ok",1.28306277232388,1.9258291628077e-09,0.00024234771904641,12.581
"a_2pl_norm_10_M20000_s07","2pl","normal",10,20000,7,0.7,"ok",1.13565947195594,2.35698871531298e-09,0.000889428464218689,11.115
"a_2pl_norm_10_M20000_s08","2pl","normal",10,20000,8,0.7,"ok",0.996460436770777,2.67258026820372e-09,-0.001694479811716,10.632
"a_2pl_norm_10_M20000_s09","2pl","normal",10,20000,9,0.7,"ok",1.19014866460785,2.24715235308537e-09,0.00149697003687432,11.255
"a_2pl_norm_10_M20000_s10","2pl","normal",10,20000,10,0.7,"ok",0.92878694216116,1.69786940062977e-09,-0.00312496895726988,9.88799999999998
"a_2pl_norm_10_M20000_s11","2pl","normal",10,20000,11,0.7,"ok",1.11240715708888,1.13527827139137e-08,0.000917619564208549,9.53199999999993
"a_2pl_norm_10_M20000_s12","2pl","normal",10,20000,12,0.7,"ok",1.18005169856589,1.42247214007796e-10,0.000370684918649999,11.3389999999999
"a_2pl_norm_10_M20000_s13","2pl","normal",10,20000,13,0.7,"ok",1.12818288288642,8.19003531660201e-10,0.000417433005038936,10.9930000000001
"a_2pl_norm_10_M20000_s14","2pl","normal",10,20000,14,0.7,"ok",0.980338879363666,2.59919419320909e-09,0.00121263755482759,11.609
"a_2pl_norm_10_M20000_s15","2pl","normal",10,20000,15,0.7,"ok",1.09163486540959,7.52166662287834e-10,-0.000865937359750824,11.972
"a_2pl_norm_10_M20000_s16","2pl","normal",10,20000,16,0.7,"ok",1.16689245816406,1.10824738275284e-09,-0.000487462327895871,11.742
"a_2pl_norm_10_M20000_s17","2pl","normal",10,20000,17,0.7,"ok",1.11691777725092,2.51789900040933e-09,0.000921371693286321,9.83600000000001
"a_2pl_norm_10_M20000_s18","2pl","normal",10,20000,18,0.7,"ok",1.05832712553594,2.23950058497735e-09,-0.00161129704216845,9.43799999999999
"a_2pl_norm_10_M20000_s19","2pl","normal",10,20000,19,0.7,"ok",1.01836653410716,2.04482120125249e-09,-0.00242923118316862,11.231
"a_2pl_norm_10_M20000_s20","2pl","normal",10,20000,20,0.7,"ok",1.1551129385424,2.17773021837786e-10,-0.000134037061333303,11.391
"a_2pl_norm_10_M2500_s01","2pl","normal",10,2500,1,0.7,"ok",1.41509216499236,1.82208992338673e-09,0.00114582396099505,1.261
"a_2pl_norm_10_M2500_s02","2pl","normal",10,2500,2,0.7,"ok",1.18893300128322,2.02499850221471e-09,0.00509967960265578,1.289
"a_2pl_norm_10_M2500_s03","2pl","normal",10,2500,3,0.7,"ok",1.07850029156619,1.14137910234291e-09,0.00318578507516276,1.259
"a_2pl_norm_10_M2500_s04","2pl","normal",10,2500,4,0.7,"ok",1.01501129611512,1.03298612996738e-08,0.00261995884547339,1.50400000000002
"a_2pl_norm_10_M2500_s05","2pl","normal",10,2500,5,0.7,"ok",1.03314623225204,1.12289177955915e-10,-0.0074025701760837,1.50300000000001
"a_2pl_norm_10_M2500_s06","2pl","normal",10,2500,6,0.7,"ok",1.04484782279251,8.23178192277396e-10,0.00268546318411234,1.33199999999999
"a_2pl_norm_10_M2500_s07","2pl","normal",10,2500,7,0.7,"ok",1.34349781617932,2.16660744900565e-09,0.000747498712663663,1.25700000000001
"a_2pl_norm_10_M2500_s08","2pl","normal",10,2500,8,0.7,"ok",1.14064813115866,1.49913592650819e-09,-0.000826609353132834,1.30199999999996
"a_2pl_norm_10_M2500_s09","2pl","normal",10,2500,9,0.7,"ok",0.80656364043321,1.73358671862189e-09,-0.00205792238489688,1.149
"a_2pl_norm_10_M2500_s10","2pl","normal",10,2500,10,0.7,"ok",1.15458301390379,2.24224738776257e-09,0.00270371313646034,1.32499999999999
"a_2pl_norm_10_M2500_s11","2pl","normal",10,2500,11,0.7,"ok",1.01975075215624,2.72556477387553e-09,-0.00572812285784485,1.41300000000001
"a_2pl_norm_10_M2500_s12","2pl","normal",10,2500,12,0.7,"ok",1.11957218908825,1.42318001827846e-09,-0.00188141774726225,1.36700000000008
"a_2pl_norm_10_M2500_s13","2pl","normal",10,2500,13,0.7,"ok",0.961315948876118,2.48613651887553e-09,-0.00705451122979506,1.197
"a_2pl_norm_10_M2500_s14","2pl","normal",10,2500,14,0.7,"ok",1.27353689495314,1.90308224734537e-09,0.0119502522800684,1.39199999999994
"a_2pl_norm_10_M2500_s15","2pl","normal",10,2500,15,0.7,"ok",1.11072391219925,2.55465704146474e-09,0.00551754242673574,1.654
"a_2pl_norm_10_M2500_s16","2pl","normal",10,2500,16,0.7,"ok",1.21067539017191,1.39900913076474e-09,0.00655673574836446,1.52799999999991
"a_2pl_norm_10_M2500_s17","2pl","normal",10,2500,17,0.7,"ok",0.984790432499152,2.84685175433452e-09,0.00138585111644607,1.30399999999997
"a_2pl_norm_10_M2500_s18","2pl","normal",10,2500,18,0.7,"ok",0.877870632228317,2.88644241841496e-09,-3.63361592823352e-05,1.34899999999993
"a_2pl_norm_10_M2500_s19","2pl","normal",10,2500,19,0.7,"ok",1.11219968729079,2.19177254123792e-09,-0.00203786279963847,1.28999999999996
"a_2pl_norm_10_M2500_s20","2pl","normal",10,2500,20,0.7,"ok",1.27882709673166,9.93820947758906e-09,0.00921717870204397,1.40999999999997
"a_2pl_norm_10_M500_s01","2pl","normal",10,500,1,0.7,"ok",1.05274011258781,1.18124365844352e-09,-0.000162142283014921,0.272
"a_2pl_norm_10_M500_s02","2pl","normal",10,500,2,0.7,"ok",1.21162102994946,5.97961569148708e-10,0.010456684957031,0.468
"a_2pl_norm_10_M500_s03","2pl","normal",10,500,3,0.7,"ok",0.975458619202687,2.54999632520736e-09,0.0129205876090059,0.475999999999999
"a_2pl_norm_10_M500_s04","2pl","normal",10,500,4,0.7,"ok",1.00218837872995,2.02801608839565e-09,0.000725846376746664,0.529000000000011
"a_2pl_norm_10_M500_s05","2pl","normal",10,500,5,0.7,"ok",1.03067373945163,2.91975199573358e-09,-0.00870285154493811,0.469999999999999
"a_2pl_norm_10_M500_s06","2pl","normal",10,500,6,0.7,"ok",1.1441010357835,5.69419622564737e-10,0.0111427746028971,0.49199999999999
"a_2pl_norm_10_M500_s07","2pl","normal",10,500,7,0.7,"ok",1.11757255189093,2.50222476072537e-09,-0.00670857127606028,0.506000000000029
"a_2pl_norm_10_M500_s08","2pl","normal",10,500,8,0.7,"ok",1.42470776050266,2.38032638044672e-09,0.0159382948870413,0.453000000000031
"a_2pl_norm_10_M500_s09","2pl","normal",10,500,9,0.7,"ok",1.11125964274601,2.37051001050759e-09,0.00126004384067613,0.493000000000052
"a_2pl_norm_10_M500_s10","2pl","normal",10,500,10,0.7,"ok",1.17825133520218,2.61924026911942e-09,0.00288116547374551,0.524000000000001
"a_2pl_norm_10_M500_s11","2pl","normal",10,500,11,0.7,"ok",1.22316183152258,2.29277019592189e-09,-0.00938918218635953,0.475000000000023
"a_2pl_norm_10_M500_s12","2pl","normal",10,500,12,0.7,"ok",1.12031205016944,1.59153934475853e-09,0.0167736425631541,0.484000000000037
"a_2pl_norm_10_M500_s13","2pl","normal",10,500,13,0.7,"ok",1.00078259946842,1.95877003505984e-09,0.0054780574258847,0.505999999999972
"a_2pl_norm_10_M500_s14","2pl","normal",10,500,14,0.7,"ok",1.22642335796902,1.06395137144943e-09,-0.0113233925007963,0.456000000000017
"a_2pl_norm_10_M500_s15","2pl","normal",10,500,15,0.7,"ok",1.18207895378157,1.10306430656237e-09,0.00535493412453714,0.474000000000046
"a_2pl_norm_10_M500_s16","2pl","normal",10,500,16,0.7,"ok",1.01475199451199,1.04396047362343e-09,-0.00124660298127122,0.414999999999964
"a_2pl_norm_10_M500_s17","2pl","normal",10,500,17,0.7,"ok",1.25963849161111,1.49764545209763e-09,0.0093966194812698,0.541999999999916
"a_2pl_norm_10_M500_s18","2pl","normal",10,500,18,0.7,"ok",1.16016750938105,2.50424758707624e-09,0.0152434123972478,0.507999999999925
"a_2pl_norm_10_M500_s19","2pl","normal",10,500,19,0.7,"ok",0.991069044291112,7.8550810300726e-10,0.0114420914223982,0.509000000000015
"a_2pl_norm_10_M500_s20","2pl","normal",10,500,20,0.7,"ok",1.15810288079835,1.65300373389243e-09,-0.00433168423389929,0.458000000000084
"a_2pl_norm_10_M5000_s01","2pl","normal",10,5000,1,0.7,"ok",0.865726300411518,2.52280196733068e-10,-0.00123038921598451,2.472
"a_2pl_norm_10_M5000_s02","2pl","normal",10,5000,2,0.7,"ok",1.32493779511529,2.80493850368657e-10,0.00843140238248397,2.569
"a_2pl_norm_10_M5000_s03","2pl","normal",10,5000,3,0.7,"ok",1.33143250683649,1.89463100763732e-09,0.000553563296650572,2.61499999999999
"a_2pl_norm_10_M5000_s04","2pl","normal",10,5000,4,0.7,"ok",1.35693859549011,6.7955630012051e-10,-0.00201095396112683,2.536
"a_2pl_norm_10_M5000_s05","2pl","normal",10,5000,5,0.7,"ok",1.07043179099021,1.19919729701934e-09,0.00273478402762062,2.53
"a_2pl_norm_10_M5000_s06","2pl","normal",10,5000,6,0.7,"ok",1.13868828733809,6.02561001095125e-10,-0.00608135557066769,2.73099999999999
"a_2pl_norm_10_M5000_s07","2pl","normal",10,5000,7,0.7,"ok",1.0691542682128,9.46020817238491e-10,-0.00100880290650074,2.34699999999998
"a_2pl_norm_10_M5000_s08","2pl","normal",10,5000,8,0.7,"ok",1.11013432282643,2.11346518064204e-09,-0.00955977249275974,2.55600000000004
"a_2pl_norm_10_M5000_s09","2pl","normal",10,5000,9,0.7,"ok",1.06251585184726,2.15737416819906e-09,0.000864373026266296,2.63399999999996
"a_2pl_norm_10_M5000_s10","2pl","normal",10,5000,10,0.7,"ok",1.06083169754468,1.01929198415007e-09,0.00264369180793433,2.68900000000002
"a_2pl_norm_10_M5000_s11","2pl","normal",10,5000,11,0.7,"ok",1.19406093752794,1.16893427160036e-08,-0.0043401077324785,2.53200000000004
"a_2pl_norm_10_M5000_s12","2pl","normal",10,5000,12,0.7,"ok",0.963440543327149,2.94162127989495e-09,0.000359455355567695,2.55199999999991
"a_2pl_norm_10_M5000_s13","2pl","normal",10,5000,13,0.7,"ok",1.23981183631812,1.65755276171353e-09,0.00192042806660542,2.43500000000006
"a_2pl_norm_10_M5000_s14","2pl","normal",10,5000,14,0.7,"ok",1.07457955507654,9.59186619020613e-10,-0.00624482275732519,2.16700000000003
"a_2pl_norm_10_M5000_s15","2pl","normal",10,5000,15,0.7,"ok",1.32370115262296,1.97054605965974e-09,0.00280742280012769,2.226
"a_2pl_norm_10_M5000_s16","2pl","normal",10,5000,16,0.7,"ok",1.04608692352143,2.29924912442669e-09,0.0047773246982542,2.62099999999998
"a_2pl_norm_10_M5000_s17","2pl","normal",10,5000,17,0.7,"ok",1.10350888441361,2.61267651957553e-09,0.00459053886062166,2.63300000000004
"a_2pl_norm_10_M5000_s18","2pl","normal",10,5000,18,0.7,"ok",0.936140820949213,1.9070871548621e-09,-0.00449267886366012,2.65500000000009
"a_2pl_norm_10_M5000_s19","2pl","normal",10,5000,19,0.7,"ok",1.08729115488364,2.01599215099435e-09,0.002054442322723,2.42899999999997
"a_2pl_norm_10_M5000_s20","2pl","normal",10,5000,20,0.7,"ok",1.03300624901386,2.70627964482628e-09,0.00347910997534007,2.702
"a_2pl_norm_10_M50000_s01","2pl","normal",10,50000,1,0.7,"ok",1.06773234917297,1.25381627302801e-09,-0.000257470190153208,28.329
"a_2pl_norm_10_M50000_s02","2pl","normal",10,50000,2,0.7,"ok",1.22579420221997,1.89232551850438e-09,-0.00101542278333022,29.75
"a_2pl_norm_10_M50000_s03","2pl","normal",10,50000,3,0.7,"ok",1.11849956463,2.71737699009122e-09,0.000110498923143298,29.239
"a_2pl_norm_10_M50000_s04","2pl","normal",10,50000,4,0.7,"ok",1.16057860569118,1.63680025089263e-09,0.00160256349906629,29.741
"a_2pl_norm_10_M50000_s05","2pl","normal",10,50000,5,0.7,"ok",1.07255497332321,1.68266645061976e-09,0.000544212592269111,29.973
"a_2pl_norm_10_M50000_s06","2pl","normal",10,50000,6,0.7,"ok",1.21232221984307,8.78119532643495e-09,-0.000789696570877796,28.834
"a_2pl_norm_10_M50000_s07","2pl","normal",10,50000,7,0.7,"ok",1.09991650086904,1.20310217344155e-09,0.00223384007762106,28.321
"a_2pl_norm_10_M50000_s08","2pl","normal",10,50000,8,0.7,"ok",1.11237855404397,8.90321372182257e-10,0.00282019114683385,29.982
"a_2pl_norm_10_M50000_s09","2pl","normal",10,50000,9,0.7,"ok",1.01205579504165,2.7519920786645e-09,0.00204200589215864,30.416
"a_2pl_norm_10_M50000_s10","2pl","normal",10,50000,10,0.7,"ok",1.1807858164511,1.97686911285189e-09,0.0015550318788532,30.674
"a_2pl_norm_10_M50000_s11","2pl","normal",10,50000,11,0.7,"ok",1.19914595392089,1.0470204703239e-09,-0.000894726133923718,29.256
"a_2pl_norm_10_M50000_s12","2pl","normal",10,50000,12,0.7,"ok",1.13613890225248,8.75225558694126e-10,0.00273366834892408,29.092
"a_2pl_norm_10_M50000_s13","2pl","normal",10,50000,13,0.7,"ok",1.09241566131122,2.45647424623741e-09,-2.30158565308614e-05,28.901
"a_2pl_norm_10_M50000_s14","2pl","normal",10,50000,14,0.7,"ok",1.19096622557607,1.81556802925087e-09,-0.000666256638186535,29.813
"a_2pl_norm_10_M50000_s15","2pl","normal",10,50000,15,0.7,"ok",1.12000168629487,1.6049912510141e-09,-0.000443563483726983,28.248
"a_2pl_norm_10_M50000_s16","2pl","normal",10,50000,16,0.7,"ok",1.31489970485362,3.37631145264083e-10,0.0017654815426944,29.3919999999999
"a_2pl_norm_10_M50000_s17","2pl","normal",10,50000,17,0.7,"ok",1.16946785195791,4.64134952693485e-10,-0.000587053493754097,30.009
"a_2pl_norm_10_M50000_s18","2pl","normal",10,50000,18,0.7,"ok",1.09915029860338,2.52065424088954e-09,-0.00110976895305193,29.447
"a_2pl_norm_10_M50000_s19","2pl","normal",10,50000,19,0.7,"ok",1.09660106626003,7.37226280023151e-10,-0.00133645388836878,27.8109999999999
"a_2pl_norm_10_M50000_s20","2pl","normal",10,50000,20,0.7,"ok",1.16592597016185,1.52842749567839e-09,-0.000197193862726763,28.5120000000001
"a_2pl_norm_40_M1000_s01","2pl","normal",40,1000,1,0.7,"ok",0.449537113110853,3.26222182600588e-09,-0.0144767057197409,1.217
"a_2pl_norm_40_M1000_s02","2pl","normal",40,1000,2,0.7,"ok",0.480999753715581,1.43105971517343e-09,-0.00175583269166069,1.369
"a_2pl_norm_40_M1000_s03","2pl","normal",40,1000,3,0.7,"ok",0.43089026594814,2.54971566082673e-09,-0.0139434924614982,1.404
"a_2pl_norm_40_M1000_s04","2pl","normal",40,1000,4,0.7,"ok",0.413974597557295,2.38622133164057e-09,-0.0133613692861581,1.41700000000002
"a_2pl_norm_40_M1000_s05","2pl","normal",40,1000,5,0.7,"ok",0.474648577881372,1.72025615974292e-09,-0.00506323054014635,1.39699999999999
"a_2pl_norm_40_M1000_s06","2pl","normal",40,1000,6,0.7,"ok",0.497494207345284,1.03428110520554e-09,0.00572028597009966,1.53300000000002
"a_2pl_norm_40_M1000_s07","2pl","normal",40,1000,7,0.7,"ok",0.473666102316149,3.25836113646005e-09,0.00842758844097269,0.851999999999975
"a_2pl_norm_40_M1000_s08","2pl","normal",40,1000,8,0.7,"ok",0.489566177687903,7.63671015313605e-10,0.00506825140114908,1.35000000000002
"a_2pl_norm_40_M1000_s09","2pl","normal",40,1000,9,0.7,"ok",0.455317281480618,1.06032782554166e-09,-0.0120017823146588,1.38899999999995
"a_2pl_norm_40_M1000_s10","2pl","normal",40,1000,10,0.7,"ok",0.466052070937363,1.97386873512784e-09,0.00247755878490108,1.346
"a_2pl_norm_40_M1000_s11","2pl","normal",40,1000,11,0.7,"ok",0.537328273304764,1.3422633005078e-09,0.0103592701541935,1.30899999999997
"a_2pl_norm_40_M1000_s12","2pl","normal",40,1000,12,0.7,"ok",0.467980221059032,3.07669645316366e-09,0.00141045051901034,1.36400000000003
"a_2pl_norm_40_M1000_s13","2pl","normal",40,1000,13,0.7,"ok",0.472370880848721,2.6052632273732e-09,0.00761921697433332,1.19100000000003
"a_2pl_norm_40_M1000_s14","2pl","normal",40,1000,14,0.7,"ok",0.441006027704623,2.66055499853479e-09,-0.0107613235440351,1.33199999999999
"a_2pl_norm_40_M1000_s15","2pl","normal",40,1000,15,0.7,"ok",0.477285523162679,3.26893412339047e-09,0.0165445639043663,1.52499999999998
"a_2pl_norm_40_M1000_s16","2pl","normal",40,1000,16,0.7,"ok",0.469619479621858,6.83153089653388e-10,-0.000899341102773787,1.30099999999993
"a_2pl_norm_40_M1000_s17","2pl","normal",40,1000,17,0.7,"ok",0.484918416520444,1.30135074938309e-08,-0.00716756436852584,1.31600000000003
"a_2pl_norm_40_M1000_s18","2pl","normal",40,1000,18,0.7,"ok",0.497119239805727,3.08913050695026e-09,-0.00379535550487198,1.43900000000008
"a_2pl_norm_40_M1000_s19","2pl","normal",40,1000,19,0.7,"ok",0.500534400953822,2.24757024103184e-09,0.00624051772794365,1.48500000000001
"a_2pl_norm_40_M1000_s20","2pl","normal",40,1000,20,0.7,"ok",0.464220582842428,2.03878847138128e-09,-0.00526871449149291,1.32599999999991
"a_2pl_norm_40_M10000_s01","2pl","normal",40,10000,1,0.7,"ok",0.459398820599317,2.93117918825914e-09,-0.00152831080470917,14.021
"a_2pl_norm_40_M10000_s02","2pl","normal",40,10000,2,0.7,"ok",0.48758052351799,3.2490350410086e-09,0.00164959633604356,14.33
"a_2pl_norm_40_M10000_s03","2pl","normal",40,10000,3,0.7,"ok",0.48033749118131,2.28670415935994e-09,-0.00144975489346644,14.308
"a_2pl_norm_40_M10000_s04","2pl","normal",40,10000,4,0.7,"ok",0.489532180473298,2.7750709508112e-09,-0.00332800550596846,14.972
"a_2pl_norm_40_M10000_s05","2pl","normal",40,10000,5,0.7,"ok",0.456932577131837,3.19451054497932e-09,-0.00102727801786628,12.876
"a_2pl_norm_40_M10000_s06","2pl","normal",40,10000,6,0.7,"ok",0.434213518339946,7.9852324752494e-10,-0.000890319424828756,14.707
"a_2pl_norm_40_M10000_s07","2pl","normal",40,10000,7,0.7,"ok",0.433170605578185,3.25516635868439e-09,0.0030483122116709,14.433
"a_2pl_norm_40_M10000_s08","2pl","normal",40,10000,8,0.7,"ok",0.481678452660336,1.65418223563307e-09,0.00327237960687388,13.804
"a_2pl_norm_40_M10000_s09","2pl","normal",40,10000,9,0.7,"ok",0.502249847968957,7.58870188910521e-10,-0.00366330946099092,13.747
"a_2pl_norm_40_M10000_s10","2pl","normal",40,10000,10,0.7,"ok",0.490793083837219,1.76006753616065e-09,0.00420317700785422,14.524
"a_2pl_norm_40_M10000_s11","2pl","normal",40,10000,11,0.7,"ok",0.467618368627201,2.43397446642035e-09,-0.000352256446111809,14.583
"a_2pl_norm_40_M10000_s12","2pl","normal",40,10000,12,0.7,"ok",0.503227953625356,1.57311230708501e-09,-0.00112461547503628,15.15
"a_2pl_norm_40_M10000_s13","2pl","normal",40,10000,13,0.7,"ok",0.484501406532923,7.14978964921897e-10,0.000910620504846138,14.741
"a_2pl_norm_40_M10000_s14","2pl","normal",40,10000,14,0.7,"ok",0.464460281082318,2.99739033593482e-09,-0.00518492301055318,14.496
"a_2pl_norm_40_M10000_s15","2pl","normal",40,10000,15,0.7,"ok",0.445475354833994,1.79337822370229e-09,-0.00268651735713388,14.2329999999999
"a_2pl_norm_40_M10000_s16","2pl","normal",40,10000,16,0.7,"ok",0.492908699012245,1.60289770345656e-09,-0.000681735823280905,14.612
"a_2pl_norm_40_M10000_s17","2pl","normal",40,10000,17,0.7,"ok",0.45440485066244,2.25914087437218e-09,-0.000497871385739312,12.951
"a_2pl_norm_40_M10000_s18","2pl","normal",40,10000,18,0.7,"ok",0.46106757066746,3.08697534201485e-09,-0.00166258147828569,14.066
"a_2pl_norm_40_M10000_s19","2pl","normal",40,10000,19,0.7,"ok",0.465538264970386,1.24862720163321e-09,0.00235064240175831,13.486
"a_2pl_norm_40_M10000_s20","2pl","normal",40,10000,20,0.7,"ok",0.465639927790646,2.90265478319895e-09,-0.00211205722423724,14.083
"a_2pl_norm_40_M20000_s01","2pl","normal",40,20000,1,0.7,"ok",0.480940915014036,2.58215893111924e-09,-0.00027441774080883,28.381
"a_2pl_norm_40_M20000_s02","2pl","normal",40,20000,2,0.7,"ok",0.48557152364594,2.14726936231813e-09,0.00130145300472762,30.729
"a_2pl_norm_40_M20000_s03","2pl","normal",40,20000,3,0.7,"ok",0.464403775612837,2.13268169790837e-09,0.00301057387400683,31.492
"a_2pl_norm_40_M20000_s04","2pl","normal",40,20000,4,0.7,"ok",0.501073113328791,3.06534309046924e-09,9.79884716909574e-05,30.579
"a_2pl_norm_40_M20000_s05","2pl","normal",40,20000,5,0.7,"ok",0.441792311183584,3.05117264787214e-09,-0.0015595699318165,30.541
"a_2pl_norm_40_M20000_s06","2pl","normal",40,20000,6,0.7,"ok",0.432920682656799,3.16223147667216e-09,-0.00131360990066354,30.573
"a_2pl_norm_40_M20000_s07","2pl","normal",40,20000,7,0.7,"ok",0.495089833008459,1.6580967709956e-09,-0.00280054410041508,28.973
"a_2pl_norm_40_M20000_s08","2pl","normal",40,20000,8,0.7,"ok",0.451590802690545,2.79736434016797e-09,0.00356816498604284,30.932
"a_2pl_norm_40_M20000_s09","2pl","normal",40,20000,9,0.7,"ok",0.458243789489913,2.67232602713108e-09,-0.00175382488894316,29.509
"a_2pl_norm_40_M20000_s10","2pl","normal",40,20000,10,0.7,"ok",0.485669375178194,3.21648041534672e-09,-0.000181074035802142,30.463
"a_2pl_norm_40_M20000_s11","2pl","normal",40,20000,11,0.7,"ok",0.457489668878943,1.66767555320746e-09,-0.00216803683908384,29.982
"a_2pl_norm_40_M20000_s12","2pl","normal",40,20000,12,0.7,"ok",0.484778601582909,3.56475404750256e-10,-0.00115143814868457,28.7430000000001
"a_2pl_norm_40_M20000_s13","2pl","normal",40,20000,13,0.7,"ok",0.427852745877638,3.23926319101275e-09,-0.000683700894227757,29.4219999999999
"a_2pl_norm_40_M20000_s14","2pl","normal",40,20000,14,0.7,"ok",0.46426383647004,1.55029344917068e-09,0.00092862492170942,31.824
"a_2pl_norm_40_M20000_s15","2pl","normal",40,20000,15,0.7,"ok",0.430408427189609,2.42544329065453e-09,0.00156682371254568,29.872
"a_2pl_norm_40_M20000_s16","2pl","normal",40,20000,16,0.7,"ok",0.486874780755243,2.77921541336212e-09,0.00195037561428157,30.706
"a_2pl_norm_40_M20000_s17","2pl","normal",40,20000,17,0.7,"ok",0.512130630869312,2.40302233667222e-09,0.000166514405468665,30.755
"a_2pl_norm_40_M20000_s18","2pl","normal",40,20000,18,0.7,"ok",0.492521430545383,2.91585444678333e-09,-0.00293236311011935,28.9450000000001
"a_2pl_norm_40_M20000_s19","2pl","normal",40,20000,19,0.7,"ok",0.523552873903859,2.54949905631463e-09,0.00236270763914048,29.054
"a_2pl_norm_40_M20000_s20","2pl","normal",40,20000,20,0.7,"ok",0.45837218825562,2.6623002691295e-09,-0.000489121422089567,25.7089999999999
"a_2pl_norm_40_M2500_s01","2pl","normal",40,2500,1,0.7,"ok",0.460307300356906,2.80544965036711e-09,-0.00839347473082996,2.954
"a_2pl_norm_40_M2500_s02","2pl","normal",40,2500,2,0.7,"ok",0.452231816441149,2.6468359726195e-09,0.00117372751356737,3.342
"a_2pl_norm_40_M2500_s03","2pl","normal",40,2500,3,0.7,"ok",0.449317874323959,2.49340537106235e-09,-0.00499448853870976,3.09999999999999
"a_2pl_norm_40_M2500_s04","2pl","normal",40,2500,4,0.7,"ok",0.48417131277365,3.23286453163263e-09,0.00582729446612906,3.51499999999999
"a_2pl_norm_40_M2500_s05","2pl","normal",40,2500,5,0.7,"ok",0.485696899246957,2.58098264982465e-09,0.0110238128591121,3.35299999999998
"a_2pl_norm_40_M2500_s06","2pl","normal",40,2500,6,0.7,"ok",0.457971339453998,3.13581205446667e-09,-0.00198594438389688,3.46099999999998
"a_2pl_norm_40_M2500_s07","2pl","normal",40,2500,7,0.7,"ok",0.447604218427686,1.43557099541169e-09,-0.00586028879076816,3.05100000000004
"a_2pl_norm_40_M2500_s08","2pl","normal",40,2500,8,0.7,"ok",0.459862346678632,2.37272756997697e-09,0.000209681652720617,2.97099999999995
"a_2pl_norm_40_M2500_s09","2pl","normal",40,2500,9,0.7,"ok",0.469031215546311,3.25678273238594e-09,0.00521016638498928,3.596
"a_2pl_norm_40_M2500_s10","2pl","normal",40,2500,10,0.7,"ok",0.501565632842566,1.01943975483465e-09,0.00442116445855678,3.67599999999999
"a_2pl_norm_40_M2500_s11","2pl","normal",40,2500,11,0.7,"ok",0.52238014400212,2.41273434564704e-09,0.000487627561221227,3.43400000000003
"a_2pl_norm_40_M2500_s12","2pl","normal",40,2500,12,0.7,"ok",0.489141759604501,1.65118341222126e-09,0.00189474184229488,3.44499999999994
"a_2pl_norm_40_M2500_s13","2pl","normal",40,2500,13,0.7,"ok",0.430601701927441,2.87680035349069e-09,-0.00474678177908605,2.74799999999993
"a_2pl_norm_40_M2500_s14","2pl","normal",40,2500,14,0.7,"ok",0.472246704605597,2.1129629157457e-09,-0.00769884240389596,3.45899999999995
"a_2pl_norm_40_M2500_s15","2pl","normal",40,2500,15,0.7,"ok",0.513429576060172,2.51630249969992e-09,0.00162448357753153,3.22799999999995
"a_2pl_norm_40_M2500_s16","2pl","normal",40,2500,16,0.7,"ok",0.453035559386341,4.38289182724816e-10,-0.00411677890572859,3.48699999999997
"a_2pl_norm_40_M2500_s17","2pl","normal",40,2500,17,0.7,"ok",0.479776000628845,8.10355227365278e-10,0.000165218510896126,3.26699999999994
"a_2pl_norm_40_M2500_s18","2pl","normal",40,2500,18,0.7,"ok",0.419924978851927,2.80770073857184e-10,-0.0115207574072922,3.60799999999995
"a_2pl_norm_40_M2500_s19","2pl","normal",40,2500,19,0.7,"ok",0.457365333230794,1.40562239625552e-09,0.00148695462645687,3.27100000000007
"a_2pl_norm_40_M2500_s20","2pl","normal",40,2500,20,0.7,"ok",0.45569766985194,1.36436606457124e-09,-0.0135159213419326,3.42899999999997
"a_2pl_norm_40_M500_s01","2pl","normal",40,500,1,0.7,"ok",0.464477152684553,2.21628160268494e-09,-0.00557253532118407,0.656
"a_2pl_norm_40_M500_s02","2pl","normal",40,500,2,0.7,"ok",0.474660898133889,8.13335288007977e-10,0.0155116541236215,0.727
"a_2pl_norm_40_M500_s03","2pl","normal",40,500,3,0.7,"ok",0.47345581757814,1.25554799890182e-09,0.0289678671242066,0.774000000000001
"a_2pl_norm_40_M500_s04","2pl","normal",40,500,4,0.7,"ok",0.5088519061322,3.15925630101077e-09,0.0070648756681071,0.786000000000001
"a_2pl_norm_40_M500_s05","2pl","normal",40,500,5,0.7,"ok",0.499931695127587,3.17121062742842e-09,0.0179231128485775,0.763000000000005
"a_2pl_norm_40_M500_s06","2pl","normal",40,500,6,0.7,"ok",0.492477757082361,3.88186927047229e-10,-0.000859032619089151,0.738
"a_2pl_norm_40_M500_s07","2pl","normal",40,500,7,0.7,"ok",0.479772869530962,5.48971645919494e-10,0.00930373623133063,0.742999999999995
"a_2pl_norm_40_M500_s08","2pl","normal",40,500,8,0.7,"ok",0.434116225941165,2.47891507321185e-09,-0.0242423442928252,0.754999999999995
"a_2pl_norm_40_M500_s09","2pl","normal",40,500,9,0.7,"ok",0.422657055954414,1.11859543849846e-09,-0.0144214375444695,0.767999999999972
"a_2pl_norm_40_M500_s10","2pl","normal",40,500,10,0.7,"ok",0.464554774852618,2.96772928454203e-09,0.00175230300138174,0.789999999999964
"a_2pl_norm_40_M500_s11","2pl","normal",40,500,11,0.7,"ok",0.507378632317247,9.19525788845021e-10,0.0196948337649088,0.714999999999975
"a_2pl_norm_40_M500_s12","2pl","normal",40,500,12,0.7,"ok",0.459153676684149,2.34640562535304e-09,-0.015127092588801,0.788999999999987
"a_2pl_norm_40_M500_s13","2pl","normal",40,500,13,0.7,"ok",0.482230474622427,2.27057017632148e-09,0.00393620459161947,0.779999999999973
"a_2pl_norm_40_M500_s14","2pl","normal",40,500,14,0.7,"ok",0.483902109991866,3.19403581361399e-09,0.00419666419000353,0.698999999999955
"a_2pl_norm_40_M500_s15","2pl","normal",40,500,15,0.7,"ok",0.447403555791713,3.24884297242534e-09,-0.00742882390224864,0.766999999999939
"a_2pl_norm_40_M500_s16","2pl","normal",40,500,16,0.7,"ok",0.47720646418709,4.81333639612558e-10,-0.000183131963934491,0.788999999999987
"a_2pl_norm_40_M500_s17","2pl","normal",40,500,17,0.7,"ok",0.507293714506784,3.24442228638588e-09,0.0112860258710055,0.780000000000086
"a_2pl_norm_40_M500_s18","2pl","normal",40,500,18,0.7,"ok",0.489757376492133,2.72435018988659e-09,0.00623065800021161,0.783999999999992
"a_2pl_norm_40_M500_s19","2pl","normal",40,500,19,0.7,"ok",0.512608340058449,3.19002091409004e-09,0.00848103680661716,0.740999999999985
"a_2pl_norm_40_M500_s20","2pl","normal",40,500,20,0.7,"ok",0.528168560561055,5.76245939853948e-10,0.0177689985773325,0.769999999999982
"a_2pl_norm_40_M5000_s01","2pl","normal",40,5000,1,0.7,"ok",0.453812152145525,1.44410661206962e-09,0.00908995166382709,6.606
"a_2pl_norm_40_M5000_s02","2pl","normal",40,5000,2,0.7,"ok",0.42915407852609,3.00719771306746e-09,-0.0045706566705791,6.176
"a_2pl_norm_40_M5000_s03","2pl","normal",40,5000,3,0.7,"ok",0.449334273046071,1.63413005349611e-09,-0.00445564600991,7.51900000000001
"a_2pl_norm_40_M5000_s04","2pl","normal",40,5000,4,0.7,"ok",0.489711319929319,1.30716770740946e-10,0.0039704138324711,7.19499999999999
"a_2pl_norm_40_M5000_s05","2pl","normal",40,5000,5,0.7,"ok",0.486458540027212,2.5237949508039e-09,-0.00197541486379715,7.25500000000002
"a_2pl_norm_40_M5000_s06","2pl","normal",40,5000,6,0.7,"ok",0.461020519589736,2.01885064221585e-09,0.00446776517272429,6.602
"a_2pl_norm_40_M5000_s07","2pl","normal",40,5000,7,0.7,"ok",0.458319284411856,2.62687338548062e-09,-0.000989252842321764,6.80700000000002
"a_2pl_norm_40_M5000_s08","2pl","normal",40,5000,8,0.7,"ok",0.487820282443656,2.22762264190379e-09,0.00210085863045373,6.548
"a_2pl_norm_40_M5000_s09","2pl","normal",40,5000,9,0.7,"ok",0.468347106814455,2.66070165899635e-09,0.00171166790178945,7.173
"a_2pl_norm_40_M5000_s10","2pl","normal",40,5000,10,0.7,"ok",0.508966227131446,2.03071615079153e-09,0.0046429797739439,6.90699999999998
"a_2pl_norm_40_M5000_s11","2pl","normal",40,5000,11,0.7,"ok",0.463536308071803,3.04439184972694e-09,-0.000932496616198208,7.09899999999999
"a_2pl_norm_40_M5000_s12","2pl","normal",40,5000,12,0.7,"ok",0.492908603528341,1.60171553797994e-09,-0.000990098491511548,6.57299999999998
"a_2pl_norm_40_M5000_s13","2pl","normal",40,5000,13,0.7,"ok",0.477049900773008,2.04551309224144e-09,0.00140862305897582,6.65599999999995
"a_2pl_norm_40_M5000_s14","2pl","normal",40,5000,14,0.7,"ok",0.483421137486768,2.60974222232591e-08,0.000726839519586631,6.88
"a_2pl_norm_40_M5000_s15","2pl","normal",40,5000,15,0.7,"ok",0.450997464901407,1.31887082366333e-08,-0.0072847643753311,6.40700000000004
"a_2pl_norm_40_M5000_s16","2pl","normal",40,5000,16,0.7,"ok",0.540615450730101,1.89580029452685e-09,0.00527185640014616,6.95699999999999
"a_2pl_norm_40_M5000_s17","2pl","normal",40,5000,17,0.7,"ok",0.447324929210364,1.13490161712804e-09,0.000373989433098854,6.24299999999994
"a_2pl_norm_40_M5000_s18","2pl","normal",40,5000,18,0.7,"ok",0.450270042500537,2.38136788066612e-09,-0.00232587997930689,6.85299999999995
"a_2pl_norm_40_M5000_s19","2pl","normal",40,5000,19,0.7,"ok",0.469286644522058,3.02574743038520e-09,-0.00166955445199812,6.00400000000002
"a_2pl_norm_40_M5000_s20","2pl","normal",40,5000,20,0.7,"ok",0.446070988483891,9.88382820032996e-10,-0.00463126701956362,6.524
"a_2pl_norm_40_M50000_s01","2pl","normal",40,50000,1,0.7,"ok",0.506606110126397,2.92831203729804e-09,0.00138657731476521,77.573
"a_2pl_norm_40_M50000_s02","2pl","normal",40,50000,2,0.7,"ok",0.501031528640256,2.68215027965368e-09,-0.000562052846472927,76.734
"a_2pl_norm_40_M50000_s03","2pl","normal",40,50000,3,0.7,"ok",0.459893353014465,3.30831473327464e-09,-0.0010477192853342,78.521
"a_2pl_norm_40_M50000_s04","2pl","normal",40,50000,4,0.7,"ok",0.487469559812964,2.914437469137e-09,-0.00141952834972092,76.081
"a_2pl_norm_40_M50000_s05","2pl","normal",40,50000,5,0.7,"ok",0.483152651602257,2.46679565663044e-10,0.00136723316912546,73.854
"a_2pl_norm_40_M50000_s06","2pl","normal",40,50000,6,0.7,"ok",0.494925844811525,2.70063482687988e-09,0.00087997901404413,49.497
"a_2pl_norm_40_M50000_s07","2pl","normal",40,50000,7,0.7,"ok",0.498522363133238,3.12127634849446e-09,0.000255378492117764,75.823
"a_2pl_norm_40_M50000_s08","2pl","normal",40,50000,8,0.7,"ok",0.505450926798714,3.17267379035258e-09,0.00204034263651032,77.704
"a_2pl_norm_40_M50000_s09","2pl","normal",40,50000,9,0.7,"ok",0.475082515528375,1.07601139109903e-09,0.000275382540125046,74.973
"a_2pl_norm_40_M50000_s10","2pl","normal",40,50000,10,0.7,"ok",0.47197930945975,2.26220508992014e-09,-0.000283334579736061,76.461
"a_2pl_norm_40_M50000_s11","2pl","normal",40,50000,11,0.7,"ok",0.46842538880984,1.3178365065869e-09,0.000390306376101268,75.545
"a_2pl_norm_40_M50000_s12","2pl","normal",40,50000,12,0.7,"ok",0.523495334736439,2.88112333990398e-09,0.00225408132813387,50.2670000000001
"a_2pl_norm_40_M50000_s13","2pl","normal",40,50000,13,0.7,"ok",0.483582268965402,1.91517712799794e-09,0.000989236932147475,74.722
"a_2pl_norm_40_M50000_s14","2pl","normal",40,50000,14,0.7,"ok",0.499915978734606,2.97775970548031e-09,-0.0020552513110208,74.316
"a_2pl_norm_40_M50000_s15","2pl","normal",40,50000,15,0.7,"ok",0.459794560089936,2.59112553635532e-09,0.000163769204403641,77.573
"a_2pl_norm_40_M50000_s16","2pl","normal",40,50000,16,0.7,"ok",0.483526129345136,2.3380767322223e-09,-0.000588070858049905,75.755
"a_2pl_norm_40_M50000_s17","2pl","normal",40,50000,17,0.7,"ok",0.51078965665921,9.70124425236918e-10,-0.000435184379221298,74.697
"a_2pl_norm_40_M50000_s18","2pl","normal",40,50000,18,0.7,"ok",0.458681998268775,1.22286769599356e-09,-0.00166919207619765,53.148
"a_2pl_norm_40_M50000_s19","2pl","normal",40,50000,19,0.7,"ok",0.442922326152673,2.65100508212157e-09,-0.000769228860789228,71.4810000000001
"a_2pl_norm_40_M50000_s20","2pl","normal",40,50000,20,0.7,"ok",0.496596109229849,2.89901125327674e-09,0.00229824437265713,48.586
"a_2pl_skew_10_M1000_s01","2pl","skew_pos",10,1000,1,0.7,"ok",0.965266544778556,2.08900630127573e-09,-0.00750994028192853,0.609
"a_2pl_skew_10_M1000_s02","2pl","skew_pos",10,1000,2,0.7,"ok",1.0464507995983,2.84269341399579e-09,-0.0166476355447633,0.701000000000001
"a_2pl_skew_10_M1000_s03","2pl","skew_pos",10,1000,3,0.7,"ok",1.03652803407661,2.06578354422504e-09,-0.00858060440576935,0.698999999999998
"a_2pl_skew_10_M1000_s04","2pl","skew_pos",10,1000,4,0.7,"ok",1.20572338119992,2.69695776822232e-09,-0.0140392859239958,0.689999999999998
"a_2pl_skew_10_M1000_s05","2pl","skew_pos",10,1000,5,0.7,"ok",1.10745573138867,1.20198306863273e-09,0.0103489030382714,0.675999999999988
"a_2pl_skew_10_M1000_s06","2pl","skew_pos",10,1000,6,0.7,"ok",1.01532887154902,1.2639959079408e-09,-0.00128534820360049,0.703000000000003
"a_2pl_skew_10_M1000_s07","2pl","skew_pos",10,1000,7,0.7,"ok",1.21369320705784,1.70226832629794e-10,-0.00386675094076916,0.577999999999975
"a_2pl_skew_10_M1000_s08","2pl","skew_pos",10,1000,8,0.7,"ok",0.877755596678117,1.2062379983746e-09,-0.0206621720104528,0.687000000000012
"a_2pl_skew_10_M1000_s09","2pl","skew_pos",10,1000,9,0.7,"ok",1.00379941983818,2.86993540044023e-09,0.00190471727255181,0.711999999999989
"a_2pl_skew_10_M1000_s10","2pl","skew_pos",10,1000,10,0.7,"ok",1.17879639796626,1.74170899924775e-09,-0.00509009784291181,0.687999999999988
"a_2pl_skew_10_M1000_s11","2pl","skew_pos",10,1000,11,0.7,"ok",1.36333555293593,1.85277637676506e-09,0.00548927117438314,0.660000000000025
"a_2pl_skew_10_M1000_s12","2pl","skew_pos",10,1000,12,0.7,"ok",1.12835449883044,2.78145440013589e-09,-0.0226386548520314,0.683999999999969
"a_2pl_skew_10_M1000_s13","2pl","skew_pos",10,1000,13,0.7,"ok",1.03926108608588,1.09721345342706e-08,0.00994128278563589,0.599000000000046
"a_2pl_skew_10_M1000_s14","2pl","skew_pos",10,1000,14,0.7,"ok",1.14848415305236,2.78839873413261e-09,-0.0199088222805517,0.70799999999997
"a_2pl_skew_10_M1000_s15","2pl","skew_pos",10,1000,15,0.7,"ok",0.945315370709523,8.28405677388844e-10,0.00202413117402112,0.742999999999938
"a_2pl_skew_10_M1000_s16","2pl","skew_pos",10,1000,16,0.7,"ok",1.04470577710488,2.75120970449905e-09,-0.029258958719218,0.702999999999975
"a_2pl_skew_10_M1000_s17","2pl","skew_pos",10,1000,17,0.7,"ok",1.11096428676038,2.69507449690565e-09,-0.00125405256579814,0.710000000000036
"a_2pl_skew_10_M1000_s18","2pl","skew_pos",10,1000,18,0.7,"ok",1.13573012362384,1.67906866188616e-09,-0.00198791480057936,0.725999999999999
"a_2pl_skew_10_M1000_s19","2pl","skew_pos",10,1000,19,0.7,"ok",1.01234709715361,2.4825734801226e-09,-0.00182087129131225,0.745000000000005
"a_2pl_skew_10_M1000_s20","2pl","skew_pos",10,1000,20,0.7,"ok",1.19692150231235,2.58011578768702e-09,0.00237841425503116,0.653999999999996
"a_2pl_skew_10_M10000_s01","2pl","skew_pos",10,10000,1,0.7,"ok",0.96746503107543,2.5097327549517e-09,0.000633413174639053,5.067
"a_2pl_skew_10_M10000_s02","2pl","skew_pos",10,10000,2,0.7,"ok",1.19559198224379,2.51392617833801e-09,-0.0052024685658365,4.768
"a_2pl_skew_10_M10000_s03","2pl","skew_pos",10,10000,3,0.7,"ok",1.41340950016896,8.344396729143e-09,0.00541659518098736,5.782
"a_2pl_skew_10_M10000_s04","2pl","skew_pos",10,10000,4,0.7,"ok",1.02308522340841,1.77947856450089e-09,0.00123153123075881,5.45400000000001
"a_2pl_skew_10_M10000_s05","2pl","skew_pos",10,10000,5,0.7,"ok",1.33934241128547,2.64851829356871e-09,-0.00275105231359096,4.35500000000002
"a_2pl_skew_10_M10000_s06","2pl","skew_pos",10,10000,6,0.7,"ok",1.22857681872051,2.68412769788284e-09,0.000823643300412735,5.60999999999999
"a_2pl_skew_10_M10000_s07","2pl","skew_pos",10,10000,7,0.7,"ok",1.22089743787198,7.87305887151035e-10,0.00372778522007733,5.27300000000002
"a_2pl_skew_10_M10000_s08","2pl","skew_pos",10,10000,8,0.7,"ok",0.938012328821843,2.54252674469768e-09,-0.00499784961212935,5.32600000000002
"a_2pl_skew_10_M10000_s09","2pl","skew_pos",10,10000,9,0.7,"ok",0.942168352996269,6.11882433609878e-10,0.000456016329035802,5.714
"a_2pl_skew_10_M10000_s10","2pl","skew_pos",10,10000,10,0.7,"ok",1.11281749885387,2.38242603423089e-09,0.000223498578010961,5.322
"a_2pl_skew_10_M10000_s11","2pl","skew_pos",10,10000,11,0.7,"ok",1.14906145738248,1.85180815126529e-09,-0.00231609819799761,5.41000000000003
"a_2pl_skew_10_M10000_s12","2pl","skew_pos",10,10000,12,0.7,"ok",1.12584054684033,2.33389996218136e-09,-0.00105354550388159,5.48900000000003
"a_2pl_skew_10_M10000_s13","2pl","skew_pos",10,10000,13,0.7,"ok",1.15066928666907,2.08094030895722e-09,0.00277269361766519,5.52999999999997
"a_2pl_skew_10_M10000_s14","2pl","skew_pos",10,10000,14,0.7,"ok",1.12888141493657,1.90554649837082e-09,-0.00281436729470186,5.69799999999998
"a_2pl_skew_10_M10000_s15","2pl","skew_pos",10,10000,15,0.7,"ok",1.10099050584142,1.8292254377883e-09,-0.00164544233972663,5.553
"a_2pl_skew_10_M10000_s16","2pl","skew_pos",10,10000,16,0.7,"ok",1.0675174393471,2.76932554665876e-09,-0.000104757283625023,5.16800000000001
"a_2pl_skew_10_M10000_s17","2pl","skew_pos",10,10000,17,0.7,"ok",0.941328629678885,1.17369680641133e-09,-0.00332788872844336,5.42100000000005
"a_2pl_skew_10_M10000_s18","2pl","skew_pos",10,10000,18,0.7,"ok",1.05665500124846,6.46955156113904e-10,0.000242720293493148,5.02200000000005
"a_2pl_skew_10_M10000_s19","2pl","skew_pos",10,10000,19,0.7,"ok",1.10093881760001,1.20486842725143e-09,0.00173883644623651,5.08800000000008
"a_2pl_skew_10_M10000_s20","2pl","skew_pos",10,10000,20,0.7,"ok",1.17287612417424,2.3234507651182e-09,-0.000171931415128612,4.81399999999996
"a_2pl_skew_10_M20000_s01","2pl","skew_pos",10,20000,1,0.7,"ok",1.06015734634732,1.60093638346126e-09,0.000407471785246138,10.474
"a_2pl_skew_10_M20000_s02","2pl","skew_pos",10,20000,2,0.7,"ok",1.04456346166342,1.12532816398669e-09,0.00348764013424718,11.487
"a_2pl_skew_10_M20000_s03","2pl","skew_pos",10,20000,3,0.7,"ok",1.107801190412,1.55781310073877e-09,0.0108418736487681,11.226
"a_2pl_skew_10_M20000_s04","2pl","skew_pos",10,20000,4,0.7,"ok",0.847938676175573,1.51516477142621e-09,0.00207394412458473,11.112
"a_2pl_skew_10_M20000_s05","2pl","skew_pos",10,20000,5,0.7,"ok",1.16272209757705,2.70319766570992e-09,-0.00254049188732153,11.917
"a_2pl_skew_10_M20000_s06","2pl","skew_pos",10,20000,6,0.7,"ok",0.976255319689701,2.64999888699435e-09,0.000341186548196593,11.399
"a_2pl_skew_10_M20000_s07","2pl","skew_pos",10,20000,7,0.7,"ok",0.92020857363726,1.51209622600845e-09,-0.000716422878942358,11.544
"a_2pl_skew_10_M20000_s08","2pl","skew_pos",10,20000,8,0.7,"ok",1.0675051459796,2.66515554070423e-09,-8.08269289502839e-05,8.303
"a_2pl_skew_10_M20000_s09","2pl","skew_pos",10,20000,9,0.7,"ok",1.12189290472603,1.6158161475488e-09,0.000457806860089893,11.373
"a_2pl_skew_10_M20000_s10","2pl","skew_pos",10,20000,10,0.7,"ok",0.970671741091819,8.96017482432399e-10,0.00201857840867004,11.474
"a_2pl_skew_10_M20000_s11","2pl","skew_pos",10,20000,11,0.7,"ok",1.0879805044483,4.81060798973587e-08,-0.00183480552134918,11.753
"a_2pl_skew_10_M20000_s12","2pl","skew_pos",10,20000,12,0.7,"ok",1.03610316213648,1.68424740820683e-09,0.00159207446791665,11.4879999999999
"a_2pl_skew_10_M20000_s13","2pl","skew_pos",10,20000,13,0.7,"ok",1.17815820052728,2.26013152637705e-09,-0.0014222263189444,11.8430000000001
"a_2pl_skew_10_M20000_s14","2pl","skew_pos",10,20000,14,0.7,"ok",1.0240126052454,2.74348599393903e-09,0.00227765242513112,11.72
"a_2pl_skew_10_M20000_s15","2pl","skew_pos",10,20000,15,0.7,"ok",1.1372538737915,2.84804779759895e-09,0.00353974271339064,11.5940000000001
"a_2pl_skew_10_M20000_s16","2pl","skew_pos",10,20000,16,0.7,"ok",1.3571701062,2.35780794888285e-09,-0.00113076665960588,11.52
"a_2pl_skew_10_M20000_s17","2pl","skew_pos",10,20000,17,0.7,"ok",1.1310704506564,1.69393399307438e-09,-0.000778149013801022,9.15200000000004
"a_2pl_skew_10_M20000_s18","2pl","skew_pos",10,20000,18,0.7,"ok",1.03196439878561,5.64144730930138e-10,-0.000285804355114383,12.247
"a_2pl_skew_10_M20000_s19","2pl","skew_pos",10,20000,19,0.7,"ok",1.19018237936306,2.65926214382262e-09,-0.00295476809270234,10.4699999999999
"a_2pl_skew_10_M20000_s20","2pl","skew_pos",10,20000,20,0.7,"ok",1.09442126419083,1.13034166471238e-08,-0.00336224111577921,10.843
"a_2pl_skew_10_M2500_s01","2pl","skew_pos",10,2500,1,0.7,"ok",1.10382863965007,2.52440102155305e-09,0.00972888279181638,1.201
"a_2pl_skew_10_M2500_s02","2pl","skew_pos",10,2500,2,0.7,"ok",1.12587058899428,1.7327574930448e-09,0.00837495685419942,1.362
"a_2pl_skew_10_M2500_s03","2pl","skew_pos",10,2500,3,0.7,"ok",1.17036915681591,2.27215279924309e-09,0.0137633274349239,1.36499999999999
"a_2pl_skew_10_M2500_s04","2pl","skew_pos",10,2500,4,0.7,"ok",1.26141007998473,1.84414661319465e-09,-0.00326097353712096,1.346
"a_2pl_skew_10_M2500_s05","2pl","skew_pos",10,2500,5,0.7,"ok",1.22898483420162,2.8171174282221e-09,-0.00391539099370442,1.32900000000001
"a_2pl_skew_10_M2500_s06","2pl","skew_pos",10,2500,6,0.7,"ok",1.17838005836807,2.64820498863116e-10,0.0066039513296724,1.34100000000001
"a_2pl_skew_10_M2500_s07","2pl","skew_pos",10,2500,7,0.7,"ok",1.14806316349805,1.93520366398303e-09,0.0075458450322643,1.23400000000004
"a_2pl_skew_10_M2500_s08","2pl","skew_pos",10,2500,8,0.7,"ok",1.24037899057827,2.64809518757403e-09,0.0077470477017737,1.37299999999999
"a_2pl_skew_10_M2500_s09","2pl","skew_pos",10,2500,9,0.7,"ok",1.23204601973549,2.42830244800984e-09,-0.00480886884699749,1.38200000000001
"a_2pl_skew_10_M2500_s10","2pl","skew_pos",10,2500,10,0.7,"ok",1.16775963601492,2.15986750706776e-09,0.00721317522334397,1.35399999999998
"a_2pl_skew_10_M2500_s11","2pl","skew_pos",10,2500,11,0.7,"ok",1.22095320123213,1.88510673737596e-09,0.00647065734767416,1.334
"a_2pl_skew_10_M2500_s12","2pl","skew_pos",10,2500,12,0.7,"ok",0.987413563112808,7.07548464262686e-10,-0.00899208887596237,1.351
"a_2pl_skew_10_M2500_s13","2pl","skew_pos",10,2500,13,0.7,"ok",1.28837956411268,2.58379451167912e-09,0.010868079331906,1.22399999999993
"a_2pl_skew_10_M2500_s14","2pl","skew_pos",10,2500,14,0.7,"ok",1.3672061905166,1.9476458223977e-09,0.000132969007911155,1.36000000000001
"a_2pl_skew_10_M2500_s15","2pl","skew_pos",10,2500,15,0.7,"ok",1.13091264758437,2.27519458828596e-09,0.014577292849119,0.900999999999954
"a_2pl_skew_10_M2500_s16","2pl","skew_pos",10,2500,16,0.7,"ok",1.05013336991965,3.67069263873532e-10,0.00988134471938984,1.39999999999998
"a_2pl_skew_10_M2500_s17","2pl","skew_pos",10,2500,17,0.7,"ok",1.05471634943737,2.84156276286751e-09,0.0127694522199955,1.59000000000003
"a_2pl_skew_10_M2500_s18","2pl","skew_pos",10,2500,18,0.7,"ok",0.91421359610236,1.02534047918823e-09,-0.00941131145874607,1.33500000000004
"a_2pl_skew_10_M2500_s19","2pl","skew_pos",10,2500,19,0.7,"ok",1.11958821390831,1.13075604435409e-09,-0.00909211286800393,1.27099999999996
"a_2pl_skew_10_M2500_s20","2pl","skew_pos",10,2500,20,0.7,"ok",1.14334355404174,2.86093448931268e-09,-0.00106170052969146,1.38999999999999
"a_2pl_skew_10_M500_s01","2pl","skew_pos",10,500,1,0.7,"ok",1.09180100994786,2.65863131510002e-09,0.0107761876605738,0.402
"a_2pl_skew_10_M500_s02","2pl","skew_pos",10,500,2,0.7,"ok",1.09195761197729,1.92331373050081e-10,-0.0109913533954455,0.477
"a_2pl_skew_10_M500_s03","2pl","skew_pos",10,500,3,0.7,"ok",1.2163022172106,2.65343480521096e-09,-0.00233683867665957,0.492999999999995
"a_2pl_skew_10_M500_s04","2pl","skew_pos",10,500,4,0.7,"ok",1.22851329024129,1.61323920888634e-09,-0.000436841968253554,0.481000000000009
"a_2pl_skew_10_M500_s05","2pl","skew_pos",10,500,5,0.7,"ok",1.18452491488461,2.34622499206694e-09,-0.0102509261609285,0.478999999999985
"a_2pl_skew_10_M500_s06","2pl","skew_pos",10,500,6,0.7,"ok",0.951152952415496,1.56421986474697e-09,-0.00244049427183468,0.462999999999994
"a_2pl_skew_10_M500_s07","2pl","skew_pos",10,500,7,0.7,"ok",0.958581165271105,2.55589138742351e-09,-0.0145696788031513,0.451999999999998
"a_2pl_skew_10_M500_s08","2pl","skew_pos",10,500,8,0.7,"ok",0.950672571337205,3.14344106300268e-10,0.0233922960210409,0.451999999999998
"a_2pl_skew_10_M500_s09","2pl","skew_pos",10,500,9,0.7,"ok",0.915012286834675,4.19109902338732e-08,-0.00352926292794375,0.478999999999985
"a_2pl_skew_10_M500_s10","2pl","skew_pos",10,500,10,0.7,"ok",1.12792725352596,2.09927564220891e-09,0.0292726327597624,0.454000000000008
"a_2pl_skew_10_M500_s11","2pl","skew_pos",10,500,11,0.7,"ok",1.13351712002152,1.18202392318523e-09,0.0182553671279312,0.472999999999956
"a_2pl_skew_10_M500_s12","2pl","skew_pos",10,500,12,0.7,"ok",1.02516492498857,2.59680865699607e-09,0.022088486100136,0.464999999999918
"a_2pl_skew_10_M500_s13","2pl","skew_pos",10,500,13,0.7,"ok",1.46469218663322,1.57316537574559e-09,0.0284320093212637,0.488999999999919
"a_2pl_skew_10_M500_s14","2pl","skew_pos",10,500,14,0.7,"ok",1.04177996926257,2.52842446979429e-09,-0.00239505311219901,0.466999999999985
"a_2pl_skew_10_M500_s15","2pl","skew_pos",10,500,15,0.7,"ok",1.00248394224559,1.55284540781508e-09,0.00586211609165088,0.481999999999971
"a_2pl_skew_10_M500_s16","2pl","skew_pos",10,500,16,0.7,"ok",0.843985122353042,2.99968294648068e-09,-0.0115163483040414,0.370999999999981
"a_2pl_skew_10_M500_s17","2pl","skew_pos",10,500,17,0.7,"ok",0.923715147427708,2.37669750546843e-09,-0.0312191823446528,0.504999999999995
"a_2pl_skew_10_M500_s18","2pl","skew_pos",10,500,18,0.7,"ok",1.21798493835117,2.37363395605428e-09,0.0166615059983078,0.509999999999991
"a_2pl_skew_10_M500_s19","2pl","skew_pos",10,500,19,0.7,"ok",0.98174237546628,3.01716840400701e-09,-0.0511287688873332,0.477999999999952
"a_2pl_skew_10_M500_s20","2pl","skew_pos",10,500,20,0.7,"ok",1.22957197687659,1.7188758194564e-09,0.0073467258474017,0.458000000000084
"a_2pl_skew_10_M5000_s01","2pl","skew_pos",10,5000,1,0.7,"ok",0.939480005751525,1.00636399213982e-09,-0.011576962533818,2.512
"a_2pl_skew_10_M5000_s02","2pl","skew_pos",10,5000,2,0.7,"ok",0.926782079898821,2.86662904525059e-09,-0.00223503037728168,1.97600000000001
"a_2pl_skew_10_M5000_s03","2pl","skew_pos",10,5000,3,0.7,"ok",1.19219731219676,2.66398259007872e-09,0.00347695692966832,2.578
"a_2pl_skew_10_M5000_s04","2pl","skew_pos",10,5000,4,0.7,"ok",1.08056618999712,2.30945307322372e-09,-0.00151042601924634,2.64099999999999
"a_2pl_skew_10_M5000_s05","2pl","skew_pos",10,5000,5,0.7,"ok",0.889904497960346,2.42628361846187e-10,0.00220812779045454,2.74299999999999
"a_2pl_skew_10_M5000_s06","2pl","skew_pos",10,5000,6,0.7,"ok",1.08396001979447,1.45719147859324e-09,0.00208216832191654,2.548
"a_2pl_skew_10_M5000_s07","2pl","skew_pos",10,5000,7,0.7,"ok",1.07994467955801,2.28173546723553e-09,0.00269649217846724,2.416
"a_2pl_skew_10_M5000_s08","2pl","skew_pos",10,5000,8,0.7,"ok",1.04558843868498,2.72393163580631e-09,0.00766756892441334,2.49099999999999
"a_2pl_skew_10_M5000_s09","2pl","skew_pos",10,5000,9,0.7,"ok",0.966296455063095,2.4502389006642e-10,-0.00847386720324461,2.57600000000002
"a_2pl_skew_10_M5000_s10","2pl","skew_pos",10,5000,10,0.7,"ok",0.931019669922615,2.32621133466893e-09,-0.0050396059228548,2.726
"a_2pl_skew_10_M5000_s11","2pl","skew_pos",10,5000,11,0.7,"ok",1.07033741801846,1.65914593175387e-09,0.00957252271524101,2.87100000000004
"a_2pl_skew_10_M5000_s12","2pl","skew_pos",10,5000,12,0.7,"ok",1.05605775040295,5.32082822246593e-10,-0.00447005965039771,2.61800000000005
"a_2pl_skew_10_M5000_s13","2pl","skew_pos",10,5000,13,0.7,"ok",0.982982146625739,6.5698546602988e-10,0.00334434541211936,2.39300000000003
"a_2pl_skew_10_M5000_s14","2pl","skew_pos",10,5000,14,0.7,"ok",0.972920467392547,2.5781219381571e-09,-0.0051338113299908,2.78999999999996
"a_2pl_skew_10_M5000_s15","2pl","skew_pos",10,5000,15,0.7,"ok",1.06418580101796,2.26927610036398e-09,0.00279226296807045,2.56400000000008
"a_2pl_skew_10_M5000_s16","2pl","skew_pos",10,5000,16,0.7,"ok",1.0278413473213,2.27683816245161e-09,-0.00601778396236174,2.53100000000006
"a_2pl_skew_10_M5000_s17","2pl","skew_pos",10,5000,17,0.7,"ok",1.19277578365641,1.23431942444796e-09,-0.00123298913839676,2.52200000000005
"a_2pl_skew_10_M5000_s18","2pl","skew_pos",10,5000,18,0.7,"ok",1.1801088835607,1.5724310742371e-09,-0.00778609540877651,2.64300000000003
"a_2pl_skew_10_M5000_s19","2pl","skew_pos",10,5000,19,0.7,"ok",0.966014600661244,1.34779742921864e-10,0.00199182318414071,2.4620000000001
"a_2pl_skew_10_M5000_s20","2pl","skew_pos",10,5000,20,0.7,"ok",1.07558045056233,1.83806869724634e-09,-0.000595779709111621,2.65099999999995
"a_2pl_skew_10_M50000_s01","2pl","skew_pos",10,50000,1,0.7,"ok",1.00536622632126,4.44978276448182e-10,0.00274246326623717,29.71
"a_2pl_skew_10_M50000_s02","2pl","skew_pos",10,50000,2,0.7,"ok",1.11152527427069,1.63373070627415e-09,0.000854249325189071,29.258
"a_2pl_skew_10_M50000_s03","2pl","skew_pos",10,50000,3,0.7,"ok",1.30041859484464,2.49459208845337e-09,0.00446322721923165,31.034
"a_2pl_skew_10_M50000_s04","2pl","skew_pos",10,50000,4,0.7,"ok",1.1294081752193,4.77800021769781e-10,-0.00215745176926407,29.515
"a_2pl_skew_10_M50000_s05","2pl","skew_pos",10,50000,5,0.7,"ok",1.02199575947396,2.72775213527865e-09,0.00100077894447126,29.805
"a_2pl_skew_10_M50000_s06","2pl","skew_pos",10,50000,6,0.7,"ok",1.21486509685516,2.52034437764337e-09,-0.000641437584635751,26.564
"a_2pl_skew_10_M50000_s07","2pl","skew_pos",10,50000,7,0.7,"ok",1.16206664089906,2.53375775915998e-09,-0.00303039426830776,30.224
"a_2pl_skew_10_M50000_s08","2pl","skew_pos",10,50000,8,0.7,"ok",1.16586842534352,2.31122370131231e-08,-0.00131038339627187,28.423
"a_2pl_skew_10_M50000_s09","2pl","skew_pos",10,50000,9,0.7,"ok",1.05840535029347,5.43809441921894e-10,0.000458978288957357,28.577
"a_2pl_skew_10_M50000_s10","2pl","skew_pos",10,50000,10,0.7,"ok",1.19081588216966,2.17853135531243e-09,0.000190580946877961,29.932
"a_2pl_skew_10_M50000_s11","2pl","skew_pos",10,50000,11,0.7,"ok",1.10858450442865,1.6442243122583e-09,-0.00187047114649996,29.347
"a_2pl_skew_10_M50000_s12","2pl","skew_pos",10,50000,12,0.7,"ok",1.03616992292507,2.01265915045212e-09,-0.000189973475157701,27.768
"a_2pl_skew_10_M50000_s13","2pl","skew_pos",10,50000,13,0.7,"ok",1.02510485863607,1.80143888695028e-09,-0.00142882356573359,29.998
"a_2pl_skew_10_M50000_s14","2pl","skew_pos",10,50000,14,0.7,"ok",0.898820755230046,2.80300782584675e-09,-0.000667161377547965,26.696
"a_2pl_skew_10_M50000_s15","2pl","skew_pos",10,50000,15,0.7,"ok",1.09090965826061,2.86447532360512e-09,-0.00272665851012843,29.3829999999999
"a_2pl_skew_10_M50000_s16","2pl","skew_pos",10,50000,16,0.7,"ok",1.1919944807748,1.49246270897407e-09,0.00140263419262765,29.65
"a_2pl_skew_10_M50000_s17","2pl","skew_pos",10,50000,17,0.7,"ok",1.02982151823511,2.75350320322332e-09,-0.00174662275472648,26.172
"a_2pl_skew_10_M50000_s18","2pl","skew_pos",10,50000,18,0.7,"ok",1.03889994905722,2.04233496781114e-09,-0.00223126230768977,28.11
"a_2pl_skew_10_M50000_s19","2pl","skew_pos",10,50000,19,0.7,"ok",0.952903197087093,2.63856780868821e-09,0.00199463907160302,28.3009999999999
"a_2pl_skew_10_M50000_s20","2pl","skew_pos",10,50000,20,0.7,"ok",1.20740784344555,2.51644205473411e-09,0.00335653878625619,27.874
"a_2pl_skew_40_M1000_s01","2pl","skew_pos",40,1000,1,0.7,"ok",0.47209709923775,2.84602175160131e-09,0.0128081866154823,1.222
"a_2pl_skew_40_M1000_s02","2pl","skew_pos",40,1000,2,0.7,"ok",0.495791555640595,1.22062793206368e-09,-0.0171658271186614,1.333
"a_2pl_skew_40_M1000_s03","2pl","skew_pos",40,1000,3,0.7,"ok",0.535532477727869,2.14973749912417e-09,0.0224566442812114,1.41
"a_2pl_skew_40_M1000_s04","2pl","skew_pos",40,1000,4,0.7,"ok",0.478034825599755,1.48899148566528e-09,-0.000850047662576681,1.36599999999999
"a_2pl_skew_40_M1000_s05","2pl","skew_pos",40,1000,5,0.7,"ok",0.512125615466813,2.13189454978391e-09,-0.00427759177103249,1.35899999999998
"a_2pl_skew_40_M1000_s06","2pl","skew_pos",40,1000,6,0.7,"ok",0.471183437590045,2.27117402662458e-09,-0.000944504580655203,1.35199999999998
"a_2pl_skew_40_M1000_s07","2pl","skew_pos",40,1000,7,0.7,"ok",0.472255987694599,1.55528112610881e-09,-0.000282551073659154,0.837999999999965
"a_2pl_skew_40_M1000_s08","2pl","skew_pos",40,1000,8,0.7,"ok",0.496973823931371,2.98817159904985e-09,0.0108263331201486,1.327
"a_2pl_skew_40_M1000_s09","2pl","skew_pos",40,1000,9,0.7,"ok",0.52513310085897,3.22533155738824e-09,0.0117715992666828,1.56599999999997
"a_2pl_skew_40_M1000_s10","2pl","skew_pos",40,1000,10,0.7,"ok",0.467808283718567,2.02190408860048e-09,-0.001239735875323,1.33100000000002
"a_2pl_skew_40_M1000_s11","2pl","skew_pos",40,1000,11,0.7,"ok",0.469501286688666,6.03107119800939e-10,-0.0100206216237883,1.36900000000003
"a_2pl_skew_40_M1000_s12","2pl","skew_pos",40,1000,12,0.7,"ok",0.479900917865437,5.14255417138898e-08,0.00425631303726892,1.54599999999994
"a_2pl_skew_40_M1000_s13","2pl","skew_pos",40,1000,13,0.7,"ok",0.439200621638827,2.73661981964324e-09,0.00538199105336157,1.20600000000002
"a_2pl_skew_40_M1000_s14","2pl","skew_pos",40,1000,14,0.7,"ok",0.445975402423389,1.64884728093284e-09,-0.00959318648709639,1.24000000000001
"a_2pl_skew_40_M1000_s15","2pl","skew_pos",40,1000,15,0.7,"ok",0.433284298325873,3.19837889506402e-09,-0.000201302324370545,1.58399999999995
"a_2pl_skew_40_M1000_s16","2pl","skew_pos",40,1000,16,0.7,"ok",0.461150092878068,2.06649275469317e-09,0.000661866137579126,1.35799999999995
"a_2pl_skew_40_M1000_s17","2pl","skew_pos",40,1000,17,0.7,"ok",0.469788531657484,2.25130658559891e-09,0.00917464955459246,1.35599999999999
"a_2pl_skew_40_M1000_s18","2pl","skew_pos",40,1000,18,0.7,"ok",0.420030318114066,9.93270576898908e-10,-0.0160039666140024,1.553
"a_2pl_skew_40_M1000_s19","2pl","skew_pos",40,1000,19,0.7,"ok",0.438489912793608,7.96186783169617e-10,-0.0239296944367289,1.5
"a_2pl_skew_40_M1000_s20","2pl","skew_pos",40,1000,20,0.7,"ok",0.485069075888978,1.17305787306066e-09,0.00601777068546849,1.351
"a_2pl_skew_40_M10000_s01","2pl","skew_pos",40,10000,1,0.7,"ok",0.460336132481789,9.62273816185188e-10,0.000380227129867627,14.25
"a_2pl_skew_40_M10000_s02","2pl","skew_pos",40,10000,2,0.7,"ok",0.447858272544683,1.55896084930163e-09,-0.00498564857042672,14.62
"a_2pl_skew_40_M10000_s03","2pl","skew_pos",40,10000,3,0.7,"ok",0.466738093102337,5.95755000887266e-10,0.00595105063520274,14.533
"a_2pl_skew_40_M10000_s04","2pl","skew_pos",40,10000,4,0.7,"ok",0.45948362879921,2.79040790474028e-09,-0.00396090859927922,14.527
"a_2pl_skew_40_M10000_s05","2pl","skew_pos",40,10000,5,0.7,"ok",0.478934484287401,1.73580161355602e-09,0.00268809661322755,14.231
"a_2pl_skew_40_M10000_s06","2pl","skew_pos",40,10000,6,0.7,"ok",0.523822738790584,3.16646875386795e-09,0.00406388224639953,14.291
"a_2pl_skew_40_M10000_s07","2pl","skew_pos",40,10000,7,0.7,"ok",0.471606620608666,4.20257384448064e-10,0.00375038024908914,12.577
"a_2pl_skew_40_M10000_s08","2pl","skew_pos",40,10000,8,0.7,"ok",0.420737563797698,1.13780496135973e-09,0.00453840218922519,15.015
"a_2pl_skew_40_M10000_s09","2pl","skew_pos",40,10000,9,0.7,"ok",0.425048604209306,1.79825565549407e-09,-0.00356975408082449,13.83
"a_2pl_skew_40_M10000_s10","2pl","skew_pos",40,10000,10,0.7,"ok",0.469347353073395,1.3477324811717e-09,-0.000731537785834124,14.369
"a_2pl_skew_40_M10000_s11","2pl","skew_pos",40,10000,11,0.7,"ok",0.445818030895577,1.16286724693992e-09,-0.00405187847708521,14.806
"a_2pl_skew_40_M10000_s12","2pl","skew_pos",40,10000,12,0.7,"ok",0.450425671493379,3.0066765743797e-09,0.000719787551745843,14.039
"a_2pl_skew_40_M10000_s13","2pl","skew_pos",40,10000,13,0.7,"ok",0.484356180844078,1.46825873681422e-09,0.00281627717105815,13.034
"a_2pl_skew_40_M10000_s14","2pl","skew_pos",40,10000,14,0.7,"ok",0.47497540504055,2.69356392745834e-09,0.000412302517667107,12.47
"a_2pl_skew_40_M10000_s15","2pl","skew_pos",40,10000,15,0.7,"ok",0.464689532401858,3.12112813372067e-09,0.00376923802548446,14.3389999999999
"a_2pl_skew_40_M10000_s16","2pl","skew_pos",40,10000,16,0.7,"ok",0.468701455086803,2.24909646462379e-10,-0.00476000607982663,14.5410000000001
"a_2pl_skew_40_M10000_s17","2pl","skew_pos",40,10000,17,0.7,"ok",0.488443626979286,2.34742536520116e-09,0.00265359651454722,14.933
"a_2pl_skew_40_M10000_s18","2pl","skew_pos",40,10000,18,0.7,"ok",0.453872691454423,3.09514469609695e-09,0.00110685265960864,14.8240000000001
"a_2pl_skew_40_M10000_s19","2pl","skew_pos",40,10000,19,0.7,"ok",0.48180714358085,1.13743658936016e-09,-0.00810094931555871,14.241
"a_2pl_skew_40_M10000_s20","2pl","skew_pos",40,10000,20,0.7,"ok",0.519963183008541,2.43520970055755e-09,0.00607821507742112,14.154
"a_2pl_skew_40_M20000_s01","2pl","skew_pos",40,20000,1,0.7,"ok",0.445347927273797,1.62640445555695e-09,0.000606080785123919,28.966
"a_2pl_skew_40_M20000_s02","2pl","skew_pos",40,20000,2,0.7,"ok",0.498132047357309,2.94603785810921e-09,0.00298452942671701,30.135
"a_2pl_skew_40_M20000_s03","2pl","skew_pos",40,20000,3,0.7,"ok",0.461717401336825,3.1631079977501e-09,0.000984398553865895,30.758
"a_2pl_skew_40_M20000_s04","2pl","skew_pos",40,20000,4,0.7,"ok",0.4625852246434,2.45686659905431e-09,-0.00210185833841514,29.496
"a_2pl_skew_40_M20000_s05","2pl","skew_pos",40,20000,5,0.7,"ok",0.463277977115086,3.01264779789534e-09,-0.00286940426724747,30.285
"a_2pl_skew_40_M20000_s06","2pl","skew_pos",40,20000,6,0.7,"ok",0.459900151328067,3.22270399255586e-09,-0.000441468700683734,28.746
"a_2pl_skew_40_M20000_s07","2pl","skew_pos",40,20000,7,0.7,"ok",0.493055927251642,2.12890116646491e-09,0.00287446004564018,29.312
"a_2pl_skew_40_M20000_s08","2pl","skew_pos",40,20000,8,0.7,"ok",0.466266333465341,3.02273928109997e-09,-0.00523992666756368,29.723
"a_2pl_skew_40_M20000_s09","2pl","skew_pos",40,20000,9,0.7,"ok",0.459841268224955,9.62139812266116e-10,-0.00158634071567354,30.757
"a_2pl_skew_40_M20000_s10","2pl","skew_pos",40,20000,10,0.7,"ok",0.48108493911622,2.395131537547e-09,-0.000797863011935185,29.699
"a_2pl_skew_40_M20000_s11","2pl","skew_pos",40,20000,11,0.7,"ok",0.475680695885629,3.22282978082455e-09,0.00349390032162311,32.583
"a_2pl_skew_40_M20000_s12","2pl","skew_pos",40,20000,12,0.7,"ok",0.430462143754615,2.05297778776981e-09,0.000641560941608943,30.705
"a_2pl_skew_40_M20000_s13","2pl","skew_pos",40,20000,13,0.7,"ok",0.49460168659744,2.88379697899188e-09,-0.0032158759485581,28.862
"a_2pl_skew_40_M20000_s14","2pl","skew_pos",40,20000,14,0.7,"ok",0.450175612775985,3.17390702608833e-09,0.00137896403335647,30.0110000000001
"a_2pl_skew_40_M20000_s15","2pl","skew_pos",40,20000,15,0.7,"ok",0.462534988016285,1.54572055155455e-09,0.00125760039891432,30.409
"a_2pl_skew_40_M20000_s16","2pl","skew_pos",40,20000,16,0.7,"ok",0.439253241394111,1.37383093790078e-09,0.00119612654799295,31.5459999999999
"a_2pl_skew_40_M20000_s17","2pl","skew_pos",40,20000,17,0.7,"ok",0.445159978103302,2.98793911834849e-09,-0.000455679722988878,32.427
"a_2pl_skew_40_M20000_s18","2pl","skew_pos",40,20000,18,0.7,"ok",0.474874467053408,3.23287652204129e-09,-0.00104990091153956,31.373
"a_2pl_skew_40_M20000_s19","2pl","skew_pos",40,20000,19,0.7,"ok",0.490320046351167,3.16289539004089e-09,0.00191596977291442,28.221
"a_2pl_skew_40_M20000_s20","2pl","skew_pos",40,20000,20,0.7,"ok",0.494676679165072,1.2960152950825e-09,0.000768626086257052,30.0540000000001
"a_2pl_skew_40_M2500_s01","2pl","skew_pos",40,2500,1,0.7,"ok",0.449100281698393,4.81799045104481e-11,0.00657388716811802,2.891
"a_2pl_skew_40_M2500_s02","2pl","skew_pos",40,2500,2,0.7,"ok",0.459579901028562,7.46576356291939e-10,0.00192645407043857,3.349
"a_2pl_skew_40_M2500_s03","2pl","skew_pos",40,2500,3,0.7,"ok",0.471949110897975,3.20526194474979e-09,-0.00356579363546039,3.40300000000001
"a_2pl_skew_40_M2500_s04","2pl","skew_pos",40,2500,4,0.7,"ok",0.505664914852857,5.24464027762406e-10,0.00485771311642136,3.345
"a_2pl_skew_40_M2500_s05","2pl","skew_pos",40,2500,5,0.7,"ok",0.453647088793162,1.80618142664457e-09,-0.00950128794728211,3.26499999999999
"a_2pl_skew_40_M2500_s06","2pl","skew_pos",40,2500,6,0.7,"ok",0.411958938872691,1.33488509135304e-09,-0.00458867378136507,3.36499999999998
"a_2pl_skew_40_M2500_s07","2pl","skew_pos",40,2500,7,0.7,"ok",0.455820144838244,1.71844483087824e-09,0.0106431089238314,3.12899999999996
"a_2pl_skew_40_M2500_s08","2pl","skew_pos",40,2500,8,0.7,"ok",0.499415729214839,1.94113813911656e-09,0.00526042678777539,3.399
"a_2pl_skew_40_M2500_s09","2pl","skew_pos",40,2500,9,0.7,"ok",0.438325849487576,3.12250636458344e-09,-0.0038501451897992,3.37100000000004
"a_2pl_skew_40_M2500_s10","2pl","skew_pos",40,2500,10,0.7,"ok",0.462205596070417,2.81357503961743e-09,-0.000640707653179806,3.50300000000004
"a_2pl_skew_40_M2500_s11","2pl","skew_pos",40,2500,11,0.7,"ok",0.477928614390487,2.89508295114871e-09,0.00889986904035489,3.19499999999999
"a_2pl_skew_40_M2500_s12","2pl","skew_pos",40,2500,12,0.7,"ok",0.459281924365829,2.32075558770362e-09,-0.000860301868823576,3.49099999999999
"a_2pl_skew_40_M2500_s13","2pl","skew_pos",40,2500,13,0.7,"ok",0.448032117331976,3.26009408357919e-09,0.00122038225787813,3.18999999999994
"a_2pl_skew_40_M2500_s14","2pl","skew_pos",40,2500,14,0.7,"ok",0.467464930826148,3.14711801063794e-09,-0.000219096266237173,3.48800000000006
"a_2pl_skew_40_M2500_s15","2pl","skew_pos",40,2500,15,0.7,"ok",0.468771390971409,3.24224280756624e-09,-0.00359085484131438,3.37599999999998
"a_2pl_skew_40_M2500_s16","2pl","skew_pos",40,2500,16,0.7,"ok",0.472131841428829,8.83189632538972e-10,0.00201334111733198,2.87599999999998
"a_2pl_skew_40_M2500_s17","2pl","skew_pos",40,2500,17,0.7,"ok",0.463904813848322,3.0672890893868e-09,-0.00556964559029804,3.22500000000002
"a_2pl_skew_40_M2500_s18","2pl","skew_pos",40,2500,18,0.7,"ok",0.505531199866368,1.21258914020927e-09,0.00373261165919159,3.47799999999995
"a_2pl_skew_40_M2500_s19","2pl","skew_pos",40,2500,19,0.7,"ok",0.473486277940103,1.32965483068404e-09,-0.011393739492621,3.322
"a_2pl_skew_40_M2500_s20","2pl","skew_pos",40,2500,20,0.7,"ok",0.45826227431696,1.69547531569947e-09,0.00121108093388678,3.60199999999998
"a_2pl_skew_40_M500_s01","2pl","skew_pos",40,500,1,0.7,"ok",0.498777361986396,2.40365338743942e-09,-0.0113486176498366,0.658
"a_2pl_skew_40_M500_s02","2pl","skew_pos",40,500,2,0.7,"ok",0.483302460787599,1.37670008726332e-09,-0.0267872478714931,0.747
"a_2pl_skew_40_M500_s03","2pl","skew_pos",40,500,3,0.7,"ok",0.470260621148749,2.09869632783466e-09,0.004326100544778,0.778999999999996
"a_2pl_skew_40_M500_s04","2pl","skew_pos",40,500,4,0.7,"ok",0.469250546039764,1.65028080090224e-09,-0.00613429360669915,0.754999999999995
"a_2pl_skew_40_M500_s05","2pl","skew_pos",40,500,5,0.7,"ok",0.446064704722027,1.49611933952798e-09,-0.0149939875608502,0.762
"a_2pl_skew_40_M500_s06","2pl","skew_pos",40,500,6,0.7,"ok",0.454097120981452,3.04135283624163e-09,-3.02078095849589e-05,0.760999999999996
"a_2pl_skew_40_M500_s07","2pl","skew_pos",40,500,7,0.7,"ok",0.510912511139406,2.04259531511042e-09,-0.00859261420290547,0.641999999999996
"a_2pl_skew_40_M500_s08","2pl","skew_pos",40,500,8,0.7,"ok",0.434315224074146,1.18082987832224e-09,-0.0246795687773859,0.715000000000032
"a_2pl_skew_40_M500_s09","2pl","skew_pos",40,500,9,0.7,"ok",0.422256719625728,2.61535226808718e-09,-0.01283697646454,0.797000000000025
"a_2pl_skew_40_M500_s10","2pl","skew_pos",40,500,10,0.7,"ok",0.472208102513011,3.2274438677149e-09,-0.0152607937835049,0.795999999999992
"a_2pl_skew_40_M500_s11","2pl","skew_pos",40,500,11,0.7,"ok",0.413124475871747,8.02735433680368e-10,-0.0112685483208057,0.793999999999983
"a_2pl_skew_40_M500_s12","2pl","skew_pos",40,500,12,0.7,"ok",0.489066669082446,2.74351918960747e-09,0.00207233591196232,0.74899999999991
"a_2pl_skew_40_M500_s13","2pl","skew_pos",40,500,13,0.7,"ok",0.466004761366316,3.2075119227315e-09,-0.00707994153770275,0.600999999999999
"a_2pl_skew_40_M500_s14","2pl","skew_pos",40,500,14,0.7,"ok",0.489359743686368,3.23960680503887e-09,-0.00043362287487847,0.754999999999995
"a_2pl_skew_40_M500_s15","2pl","skew_pos",40,500,15,0.7,"ok",0.512817970103331,2.39848363392525e-10,0.0370221024776854,0.783000000000015
"a_2pl_skew_40_M500_s16","2pl","skew_pos",40,500,16,0.7,"ok",0.44050350371413,2.29250307626216e-09,-0.00865360605544507,0.807000000000016
"a_2pl_skew_40_M500_s17","2pl","skew_pos",40,500,17,0.7,"ok",0.477316058779662,2.22129437066343e-09,0.00283069054238738,0.751999999999953
"a_2pl_skew_40_M500_s18","2pl","skew_pos",40,500,18,0.7,"ok",0.433640512371911,3.01105040900751e-09,0.000440814263441669,0.759000000000015
"a_2pl_skew_40_M500_s19","2pl","skew_pos",40,500,19,0.7,"ok",0.465775962126172,2.67470823267502e-09,-0.0257114954612699,0.819999999999936
"a_2pl_skew_40_M500_s20","2pl","skew_pos",40,500,20,0.7,"ok",0.472169030104724,2.14053441638384e-09,-0.00349197800135348,0.626999999999953
"a_2pl_skew_40_M5000_s01","2pl","skew_pos",40,5000,1,0.7,"ok",0.456581565128791,2.2774284680338e-09,0.00285383301038156,6.199
"a_2pl_skew_40_M5000_s02","2pl","skew_pos",40,5000,2,0.7,"ok",0.484133207946963,2.24428053918757e-09,-0.0020132896067413,7.122
"a_2pl_skew_40_M5000_s03","2pl","skew_pos",40,5000,3,0.7,"ok",0.474013833817812,9.32957600063844e-10,0.00249553724270002,6.843
"a_2pl_skew_40_M5000_s04","2pl","skew_pos",40,5000,4,0.7,"ok",0.496884799159282,2.4577498924927e-09,-0.00488346856980693,7.221
"a_2pl_skew_40_M5000_s05","2pl","skew_pos",40,5000,5,0.7,"ok",0.498854213236931,1.98755578662002e-09,0.00175604788740158,6.93000000000001
"a_2pl_skew_40_M5000_s06","2pl","skew_pos",40,5000,6,0.7,"ok",0.459235112582645,3.13121728545696e-09,-0.0105031606608642,5.92600000000002
"a_2pl_skew_40_M5000_s07","2pl","skew_pos",40,5000,7,0.7,"ok",0.451303458640607,3.09755121552513e-09,-0.0065618163911203,6.68399999999997
"a_2pl_skew_40_M5000_s08","2pl","skew_pos",40,5000,8,0.7,"ok",0.484451746775125,3.1753709661686e-09,0.00956640744651072,6.745
"a_2pl_skew_40_M5000_s09","2pl","skew_pos",40,5000,9,0.7,"ok",0.477209589957724,1.85209181324808e-10,-0.00217889807434513,7.03800000000001
"a_2pl_skew_40_M5000_s10","2pl","skew_pos",40,5000,10,0.7,"ok",0.515437851959876,1.64941094116244e-09,0.00851207344493399,6.96600000000001
"a_2pl_skew_40_M5000_s11","2pl","skew_pos",40,5000,11,0.7,"ok",0.48734346606314,2.32725205773221e-09,-5.50302301176586e-05,6.95499999999998
"a_2pl_skew_40_M5000_s12","2pl","skew_pos",40,5000,12,0.7,"ok",0.491383250552524,1.30997623859486e-09,0.00640251404401959,7.04100000000005
"a_2pl_skew_40_M5000_s13","2pl","skew_pos",40,5000,13,0.7,"ok",0.449761309713893,2.28083774089782e-09,-0.00474805413155299,6.55499999999995
"a_2pl_skew_40_M5000_s14","2pl","skew_pos",40,5000,14,0.7,"ok",0.447963211898866,2.89368418115998e-10,-0.00930950643673034,6.76499999999999
"a_2pl_skew_40_M5000_s15","2pl","skew_pos",40,5000,15,0.7,"ok",0.479971272202222,3.23372650878895e-09,0.00614203695911819,7.04300000000001
"a_2pl_skew_40_M5000_s16","2pl","skew_pos",40,5000,16,0.7,"ok",0.503097485509939,7.84556752897458e-10,0.0106784031086311,6.74799999999993
"a_2pl_skew_40_M5000_s17","2pl","skew_pos",40,5000,17,0.7,"ok",0.456598151663129,1.10624631677325e-09,0.000775539197257591,7.14300000000003
"a_2pl_skew_40_M5000_s18","2pl","skew_pos",40,5000,18,0.7,"ok",0.484679290965914,2.41172581905147e-09,-0.000390482695386551,5.74000000000001
"a_2pl_skew_40_M5000_s19","2pl","skew_pos",40,5000,19,0.7,"ok",0.454114818771358,3.26399030026181e-09,0.00247635597670792,6.66500000000008
"a_2pl_skew_40_M5000_s20","2pl","skew_pos",40,5000,20,0.7,"ok",0.461895241554124,7.23343607234028e-10,0.00807462006363813,6.79700000000003
"a_2pl_skew_40_M50000_s01","2pl","skew_pos",40,50000,1,0.7,"ok",0.450212734714033,2.10742134854058e-09,0.00161085526139526,77.65
"a_2pl_skew_40_M50000_s02","2pl","skew_pos",40,50000,2,0.7,"ok",0.446865536352143,2.39428421533461e-09,-0.00067209311448102,77.241
"a_2pl_skew_40_M50000_s03","2pl","skew_pos",40,50000,3,0.7,"ok",0.474643653266699,2.05892303206667e-09,0.00323641050758661,75.453
"a_2pl_skew_40_M50000_s04","2pl","skew_pos",40,50000,4,0.7,"ok",0.457597857990728,2.783150265806e-09,0.00173777776458928,76.091
"a_2pl_skew_40_M50000_s05","2pl","skew_pos",40,50000,5,0.7,"ok",0.447349373213176,1.15515164100799e-09,-0.000469664327430341,70.807
"a_2pl_skew_40_M50000_s06","2pl","skew_pos",40,50000,6,0.7,"ok",0.467811950138479,2.13102824275779e-09,0.000349358989678694,46.217
"a_2pl_skew_40_M50000_s07","2pl","skew_pos",40,50000,7,0.7,"ok",0.443168108555829,2.76083489403334e-09,0.00103942284977399,76.853
"a_2pl_skew_40_M50000_s08","2pl","skew_pos",40,50000,8,0.7,"ok",0.491203250255215,1.98849403609813e-09,-0.00209217542104534,76.738
"a_2pl_skew_40_M50000_s09","2pl","skew_pos",40,50000,9,0.7,"ok",0.460521530411452,2.90123547408427e-09,9.69880376029408e-05,77.856
"a_2pl_skew_40_M50000_s10","2pl","skew_pos",40,50000,10,0.7,"ok",0.535122934474342,3.24572979604199e-09,-0.000559936049407517,76.302
"a_2pl_skew_40_M50000_s11","2pl","skew_pos",40,50000,11,0.7,"ok",0.475897303794191,1.99951344370675e-09,0.00262909398629896,74.021
"a_2pl_skew_40_M50000_s12","2pl","skew_pos",40,50000,12,0.7,"ok",0.43126485953145,1.86987636485725e-09,0.00143705025685292,50.615
"a_2pl_skew_40_M50000_s13","2pl","skew_pos",40,50000,13,0.7,"ok",0.4873352944061,2.82060896861225e-09,0.00365677035466938,75.2470000000001
"a_2pl_skew_40_M50000_s14","2pl","skew_pos",40,50000,14,0.7,"ok",0.483939321377961,2.01511762831785e-09,0.000845853039043831,78.394
"a_2pl_skew_40_M50000_s15","2pl","skew_pos",40,50000,15,0.7,"ok",0.48773645443706,3.06505398839363e-09,0.000642601593050962,78.033
"a_2pl_skew_40_M50000_s16","2pl","skew_pos",40,50000,16,0.7,"ok",0.478651288590954,2.63515420595439e-09,-0.003602005541819,76.308
"a_2pl_skew_40_M50000_s17","2pl","skew_pos",40,50000,17,0.7,"ok",0.474684594472498,1.24093779696466e-09,-0.000467067317618364,74.9450000000001
"a_2pl_skew_40_M50000_s18","2pl","skew_pos",40,50000,18,0.7,"ok",0.468442974589946,2.54303911262355e-10,0.000913218512445635,51.962
"a_2pl_skew_40_M50000_s19","2pl","skew_pos",40,50000,19,0.7,"ok",0.468443002093724,2.41253239607886e-10,0.00044283383263144,67.853
"a_2pl_skew_40_M50000_s20","2pl","skew_pos",40,50000,20,0.7,"ok",0.476063522262741,3.22966009491665e-09,0.000768022470949759,49.277
"a_3pl_g20_norm_10_M1000_s01","3pl_g20","normal",10,1000,1,0.7,"ok",1.59326961627634,1.16477594236386e-09,0.00331260096019559,0.666
"a_3pl_g20_norm_10_M1000_s02","3pl_g20","normal",10,1000,2,0.7,"ok",1.49904529425001,1.57394308697434e-09,-0.00274310673768907,0.75
"a_3pl_g20_norm_10_M1000_s03","3pl_g20","normal",10,1000,3,0.7,"ok",1.45675410124891,2.14975603984868e-09,-0.00408957859748116,0.796999999999997
"a_3pl_g20_norm_10_M1000_s04","3pl_g20","normal",10,1000,4,0.7,"ok",2.17366619297312,1.08946884846972e-09,-0.00547945355344115,0.838000000000008
"a_3pl_g20_norm_10_M1000_s05","3pl_g20","normal",10,1000,5,0.7,"ok",1.5519012970665,2.08129624645892e-09,0.00239193913275026,0.762999999999977
"a_3pl_g20_norm_10_M1000_s06","3pl_g20","normal",10,1000,6,0.7,"ok",1.34704145664044,9.23909171390846e-10,-0.00398361927892421,0.817999999999984
"a_3pl_g20_norm_10_M1000_s07","3pl_g20","normal",10,1000,7,0.7,"ok",1.19736562055296,1.41109968154751e-09,-0.0207187244249767,0.669999999999959
"a_3pl_g20_norm_10_M1000_s08","3pl_g20","normal",10,1000,8,0.7,"ok",1.58234564238715,1.71938296933405e-09,0.0123377182871296,0.796000000000049
"a_3pl_g20_norm_10_M1000_s09","3pl_g20","normal",10,1000,9,0.7,"ok",1.78849751189542,1.51445478380197e-09,0.00582038119924089,0.807999999999993
"a_3pl_g20_norm_10_M1000_s10","3pl_g20","normal",10,1000,10,0.7,"ok",2.08781557861185,5.96814708764271e-10,-0.00024373112596443,0.798000000000002
"a_3pl_g20_norm_10_M1000_s11","3pl_g20","normal",10,1000,11,0.7,"ok",1.58023125587756,6.48899156630023e-10,0.00581849677428414,0.770000000000039
"a_3pl_g20_norm_10_M1000_s12","3pl_g20","normal",10,1000,12,0.7,"ok",1.47084271413066,1.81885451144836e-09,-0.00285481970247647,0.83299999999997
"a_3pl_g20_norm_10_M1000_s13","3pl_g20","normal",10,1000,13,0.7,"ok",1.64158392421822,2.20114348969958e-09,-0.00497732182619359,0.822000000000003
"a_3pl_g20_norm_10_M1000_s14","3pl_g20","normal",10,1000,14,0.7,"ok",1.85490606816922,7.89160070624462e-10,0.00372176929631107,0.623000000000047
"a_3pl_g20_norm_10_M1000_s15","3pl_g20","normal",10,1000,15,0.7,"ok",1.66534030848414,1.97972438442662e-09,0.00437118100378986,0.800999999999931
"a_3pl_g20_norm_10_M1000_s16","3pl_g20","normal",10,1000,16,0.7,"ok",1.38509755206358,8.73121774880303e-09,-0.000682986442704925,0.767000000000053
"a_3pl_g20_norm_10_M1000_s17","3pl_g20","normal",10,1000,17,0.7,"ok",1.6535988219157,2.17887230480329e-09,-0.000494245528441017,0.809999999999945
"a_3pl_g20_norm_10_M1000_s18","3pl_g20","normal",10,1000,18,0.7,"ok",1.36314007531948,1.17949494615743e-09,0.000556292064399999,0.844000000000051
"a_3pl_g20_norm_10_M1000_s19","3pl_g20","normal",10,1000,19,0.7,"ok",1.51849426363563,9.73721103747494e-10,0.0145862991763589,0.807000000000016
"a_3pl_g20_norm_10_M1000_s20","3pl_g20","normal",10,1000,20,0.7,"ok",1.60458738940129,1.95836780125802e-09,-0.00846137165325755,0.758000000000038
"a_3pl_g20_norm_10_M10000_s01","3pl_g20","normal",10,10000,1,0.7,"ok",1.49219635853773,1.50701007228804e-10,0.00128287221382939,6.222
"a_3pl_g20_norm_10_M10000_s02","3pl_g20","normal",10,10000,2,0.7,"ok",1.47772288873126,1.87230775328118e-09,0.00245756264692154,5.947
"a_3pl_g20_norm_10_M10000_s03","3pl_g20","normal",10,10000,3,0.7,"ok",1.52164114709578,2.3082078470793e-09,0.00145779196386853,6.748
"a_3pl_g20_norm_10_M10000_s04","3pl_g20","normal",10,10000,4,0.7,"ok",1.84042967827097,1.39553613109911e-09,0.00127586489420273,6.36500000000001
"a_3pl_g20_norm_10_M10000_s05","3pl_g20","normal",10,10000,5,0.7,"ok",1.67081596620755,1.54992141343513e-09,0.00168898036765064,6.58500000000001
"a_3pl_g20_norm_10_M10000_s06","3pl_g20","normal",10,10000,6,0.7,"ok",1.74078505709472,1.44070799734664e-09,-0.00127819133827711,6.691
"a_3pl_g20_norm_10_M10000_s07","3pl_g20","normal",10,10000,7,0.7,"ok",1.6875192630009,1.92879023863668e-09,0.0023449437098455,5.68800000000005
"a_3pl_g20_norm_10_M10000_s08","3pl_g20","normal",10,10000,8,0.7,"ok",1.3921942584924,1.49628198720109e-09,0.00222052560461594,6.48700000000002
"a_3pl_g20_norm_10_M10000_s09","3pl_g20","normal",10,10000,9,0.7,"ok",1.29020592638062,2.11088857504649e-09,0.000302232040173656,6.23700000000002
"a_3pl_g20_norm_10_M10000_s10","3pl_g20","normal",10,10000,10,0.7,"ok",1.28680550441724,9.77471437124677e-10,0.000632224394112479,6.61000000000001
"a_3pl_g20_norm_10_M10000_s11","3pl_g20","normal",10,10000,11,0.7,"ok",1.71718671969642,1.77730341555105e-09,-0.006344741046446,6.053
"a_3pl_g20_norm_10_M10000_s12","3pl_g20","normal",10,10000,12,0.7,"ok",1.53929506464789,2.10140826961691e-09,-0.000237887211886223,6.09799999999996
"a_3pl_g20_norm_10_M10000_s13","3pl_g20","normal",10,10000,13,0.7,"ok",1.55596547400589,9.85991843727163e-10,-0.00108586532241195,6.08699999999999
"a_3pl_g20_norm_10_M10000_s14","3pl_g20","normal",10,10000,14,0.7,"ok",1.79886738397875,3.67583075089328e-10,-0.000393192246266105,6.68100000000004
"a_3pl_g20_norm_10_M10000_s15","3pl_g20","normal",10,10000,15,0.7,"ok",1.38840197686464,2.31235008918418e-09,0.00336503414603662,6.45399999999995
"a_3pl_g20_norm_10_M10000_s16","3pl_g20","normal",10,10000,16,0.7,"ok",1.74596923545765,1.34779842841937e-09,0.00241604127852857,6.70600000000002
"a_3pl_g20_norm_10_M10000_s17","3pl_g20","normal",10,10000,17,0.7,"ok",1.38464490915436,1.16358589430376e-09,-0.00203885837940965,6.476
"a_3pl_g20_norm_10_M10000_s18","3pl_g20","normal",10,10000,18,0.7,"ok",1.45168434445355,4.97357488526973e-10,0.00404277424009114,6.428
"a_3pl_g20_norm_10_M10000_s19","3pl_g20","normal",10,10000,19,0.7,"ok",1.60395800849456,4.42569092484746e-10,-0.00289395442951923,5.94600000000003
"a_3pl_g20_norm_10_M10000_s20","3pl_g20","normal",10,10000,20,0.7,"ok",1.59523077189912,1.81736259374787e-09,0.00131284463453585,6.49199999999996
"a_3pl_g20_norm_10_M20000_s01","3pl_g20","normal",10,20000,1,0.7,"ok",1.72360847004488,7.32633953504092e-10,0.000815537392219623,13.981
"a_3pl_g20_norm_10_M20000_s02","3pl_g20","normal",10,20000,2,0.7,"ok",1.66016145269849,1.79124559629429e-09,-0.00196504575021206,13.686
"a_3pl_g20_norm_10_M20000_s03","3pl_g20","normal",10,20000,3,0.7,"ok",1.5513766304548,1.95891314280772e-09,-0.00314709339746888,14.413
"a_3pl_g20_norm_10_M20000_s04","3pl_g20","normal",10,20000,4,0.7,"ok",1.42101630599148,6.91166901489737e-10,-0.000132414518297708,14.716
"a_3pl_g20_norm_10_M20000_s05","3pl_g20","normal",10,20000,5,0.7,"ok",1.32622363339339,2.30721031169168e-09,-0.00187683449603637,14.749
"a_3pl_g20_norm_10_M20000_s06","3pl_g20","normal",10,20000,6,0.7,"ok",1.98256652423044,8.00598698447175e-10,0.00098661423552493,14.717
"a_3pl_g20_norm_10_M20000_s07","3pl_g20","normal",10,20000,7,0.7,"ok",1.6019228353255,2.09045791788043e-09,-0.000890890748136752,13.606
"a_3pl_g20_norm_10_M20000_s08","3pl_g20","normal",10,20000,8,0.7,"ok",1.40867636130995,5.2322979282593e-10,-0.000356029741141017,14.71
"a_3pl_g20_norm_10_M20000_s09","3pl_g20","normal",10,20000,9,0.7,"ok",1.34020191837538,1.42749911891116e-09,0.000231851345269263,12.805
"a_3pl_g20_norm_10_M20000_s10","3pl_g20","normal",10,20000,10,0.7,"ok",1.61321521256725,2.50530418632877e-09,0.00240156826771776,14.662
"a_3pl_g20_norm_10_M20000_s11","3pl_g20","normal",10,20000,11,0.7,"ok",1.48325747235298,2.02742544974654e-09,0.00205649313041079,15.6390000000001
"a_3pl_g20_norm_10_M20000_s12","3pl_g20","normal",10,20000,12,0.7,"ok",1.2589432867729,1.81641390817333e-09,-0.00220138823259097,14.952
"a_3pl_g20_norm_10_M20000_s13","3pl_g20","normal",10,20000,13,0.7,"ok",1.4716365437632,2.18126017248466e-09,0.000181859295977138,14.0410000000001
"a_3pl_g20_norm_10_M20000_s14","3pl_g20","normal",10,20000,14,0.7,"ok",1.5017132099463,1.93646798596347e-09,-0.000562345447116086,14.029
"a_3pl_g20_norm_10_M20000_s15","3pl_g20","normal",10,20000,15,0.7,"ok",1.67791475979073,1.88400084422113e-09,-0.00173642280860886,11.327
"a_3pl_g20_norm_10_M20000_s16","3pl_g20","normal",10,20000,16,0.7,"ok",1.51487014092076,2.28474239527543e-09,2.26108520089419e-05,15.115
"a_3pl_g20_norm_10_M20000_s17","3pl_g20","normal",10,20000,17,0.7,"ok",1.63563873235313,1.96500471449923e-09,6.09348580626889e-05,13.659
"a_3pl_g20_norm_10_M20000_s18","3pl_g20","normal",10,20000,18,0.7,"ok",1.28551258076185,2.35070285459216e-09,-0.00121720468700559,15.169
"a_3pl_g20_norm_10_M20000_s19","3pl_g20","normal",10,20000,19,0.7,"ok",1.58856724250073,2.04122596603185e-09,-0.000956735797799979,14.0999999999999
"a_3pl_g20_norm_10_M20000_s20","3pl_g20","normal",10,20000,20,0.7,"ok",1.50687938090466,1.20880483400754e-09,-0.000771130524813146,15.986
"a_3pl_g20_norm_10_M2500_s01","3pl_g20","normal",10,2500,1,0.7,"ok",1.71461794173594,1.76546144370349e-09,0.00151975196009646,1.353
"a_3pl_g20_norm_10_M2500_s02","3pl_g20","normal",10,2500,2,0.7,"ok",1.54393649760419,1.71659364500698e-09,-0.00453859352415975,1.592
"a_3pl_g20_norm_10_M2500_s03","3pl_g20","normal",10,2500,3,0.7,"ok",1.77489566462018,1.48094048135761e-09,0.00973642437635946,1.572
"a_3pl_g20_norm_10_M2500_s04","3pl_g20","normal",10,2500,4,0.7,"ok",1.67277071274047,1.95311489203931e-09,-0.0056185449964179,1.55099999999999
"a_3pl_g20_norm_10_M2500_s05","3pl_g20","normal",10,2500,5,0.7,"ok",1.73480868432945,4.06294109467353e-10,0.00503477500833616,1.56
"a_3pl_g20_norm_10_M2500_s06","3pl_g20","normal",10,2500,6,0.7,"ok",1.83471238089839,7.73602515380389e-10,-0.00830731355741843,1.49700000000001
"a_3pl_g20_norm_10_M2500_s07","3pl_g20","normal",10,2500,7,0.7,"ok",1.98327981868089,1.06685216216817e-09,0.00498799726117227,1.44999999999999
"a_3pl_g20_norm_10_M2500_s08","3pl_g20","normal",10,2500,8,0.7,"ok",1.56186177464304,2.0634055575286e-09,0.00519643776222256,1.57400000000001
"a_3pl_g20_norm_10_M2500_s09","3pl_g20","normal",10,2500,9,0.7,"ok",1.3940867421242,1.95271354641591e-10,-0.00796587085043465,1.642
"a_3pl_g20_norm_10_M2500_s10","3pl_g20","normal",10,2500,10,0.7,"ok",1.43251235587716,1.45665446371623e-09,-0.00386122431366565,1.57499999999999
"a_3pl_g20_norm_10_M2500_s11","3pl_g20","normal",10,2500,11,0.7,"ok",1.67871180350752,8.25303070328687e-09,-0.000957992555453813,1.68699999999995
"a_3pl_g20_norm_10_M2500_s12","3pl_g20","normal",10,2500,12,0.7,"ok",1.26233258826627,1.19938270426445e-09,0.0019572605911603,1.60400000000004
"a_3pl_g20_norm_10_M2500_s13","3pl_g20","normal",10,2500,13,0.7,"ok",1.64106256015012,1.81135684229616e-09,-0.00304874538785516,1.48300000000006
"a_3pl_g20_norm_10_M2500_s14","3pl_g20","normal",10,2500,14,0.7,"ok",1.6944959434692,1.77464776207614e-09,-0.00341593708514609,1.52199999999993
"a_3pl_g20_norm_10_M2500_s15","3pl_g20","normal",10,2500,15,0.7,"ok",1.8845972441702,1.87676929552794e-09,-0.00154066281055609,1.38499999999999
"a_3pl_g20_norm_10_M2500_s16","3pl_g20","normal",10,2500,16,0.7,"ok",1.6406880736028,2.07716344124975e-09,0.0072257501983547,1.53200000000004
"a_3pl_g20_norm_10_M2500_s17","3pl_g20","normal",10,2500,17,0.7,"ok",1.66415282346979,1.03678066132318e-10,0.0062539894720921,1.62099999999998
"a_3pl_g20_norm_10_M2500_s18","3pl_g20","normal",10,2500,18,0.7,"ok",1.5182897447831,1.70173708458066e-09,-0.000104668543771558,1.77199999999993
"a_3pl_g20_norm_10_M2500_s19","3pl_g20","normal",10,2500,19,0.7,"ok",1.61530956439524,1.86546555980271e-10,0.000585511643774517,1.50999999999999
"a_3pl_g20_norm_10_M2500_s20","3pl_g20","normal",10,2500,20,0.7,"ok",1.73306230825333,1.86854820505289e-09,0.00313644044785655,1.62300000000005
"a_3pl_g20_norm_10_M500_s01","3pl_g20","normal",10,500,1,0.7,"ok",1.68199650297963,2.95881985579172e-10,0.000633656243724023,0.437
"a_3pl_g20_norm_10_M500_s02","3pl_g20","normal",10,500,2,0.7,"ok",1.93747101580471,1.79027348501393e-10,-0.00130668533942035,0.507999999999999
"a_3pl_g20_norm_10_M500_s03","3pl_g20","normal",10,500,3,0.7,"ok",1.53469126747352,7.45359329812345e-10,-0.0075177698989205,0.552999999999997
"a_3pl_g20_norm_10_M500_s04","3pl_g20","normal",10,500,4,0.7,"ok",1.4951354166833,1.53578927353237e-10,-0.0224096765636089,0.501999999999995
"a_3pl_g20_norm_10_M500_s05","3pl_g20","normal",10,500,5,0.7,"ok",1.60395226604771,5.03048824818109e-10,-0.0131335033576655,0.549000000000007
"a_3pl_g20_norm_10_M500_s06","3pl_g20","normal",10,500,6,0.7,"ok",1.76100900535125,1.62380586754551e-09,0.0020964599590666,0.560000000000002
"a_3pl_g20_norm_10_M500_s07","3pl_g20","normal",10,500,7,0.7,"ok",1.53812582790636,1.05004704931133e-09,0.00680865095519789,0.566000000000031
"a_3pl_g20_norm_10_M500_s08","3pl_g20","normal",10,500,8,0.7,"ok",1.11026813715526,1.27548238637587e-09,-0.001161081567982,0.390000000000043
"a_3pl_g20_norm_10_M500_s09","3pl_g20","normal",10,500,9,0.7,"ok",1.68247383388713,2.59277821434978e-10,-0.00123790731314821,0.44599999999997
"a_3pl_g20_norm_10_M500_s10","3pl_g20","normal",10,500,10,0.7,"ok",1.46766636104187,9.20335319065657e-09,-0.00173226038663932,0.552999999999997
"a_3pl_g20_norm_10_M500_s11","3pl_g20","normal",10,500,11,0.7,"ok",1.36046166618533,1.02689146075363e-09,-0.0233627592243629,0.553999999999974
"a_3pl_g20_norm_10_M500_s12","3pl_g20","normal",10,500,12,0.7,"ok",1.60535912385729,4.04315025903657e-10,0.0100630152265698,0.56899999999996
"a_3pl_g20_norm_10_M500_s13","3pl_g20","normal",10,500,13,0.7,"ok",1.67384113352868,2.13547546312753e-09,0.00915129609131604,0.576999999999998
"a_3pl_g20_norm_10_M500_s14","3pl_g20","normal",10,500,14,0.7,"ok",1.24742701869647,1.97781335753433e-09,-0.0214464405612665,0.543999999999983
"a_3pl_g20_norm_10_M500_s15","3pl_g20","normal",10,500,15,0.7,"ok",1.44508988571968,8.16626211097571e-10,-0.00509144945364282,0.603999999999928
"a_3pl_g20_norm_10_M500_s16","3pl_g20","normal",10,500,16,0.7,"ok",1.3259750909887,1.41387834773354e-09,-0.0120144600206645,0.551000000000045
"a_3pl_g20_norm_10_M500_s17","3pl_g20","normal",10,500,17,0.7,"ok",1.31460717551149,1.19022902644872e-09,0.00395702504390449,0.558999999999969
"a_3pl_g20_norm_10_M500_s18","3pl_g20","normal",10,500,18,0.7,"ok",1.54379172955651,6.17597639696044e-10,-0.00700986847426521,0.562999999999988
"a_3pl_g20_norm_10_M500_s19","3pl_g20","normal",10,500,19,0.7,"ok",1.73123192329395,1.63252622531473e-09,0.00103922752380192,0.536999999999921
"a_3pl_g20_norm_10_M500_s20","3pl_g20","normal",10,500,20,0.7,"ok",1.40802318597872,2.16254214535638e-09,-0.0123382721721751,0.517000000000053
"a_3pl_g20_norm_10_M5000_s01","3pl_g20","normal",10,5000,1,0.7,"ok",1.42675368921961,1.77602510476049e-09,-0.0020902731315392,2.915
"a_3pl_g20_norm_10_M5000_s02","3pl_g20","normal",10,5000,2,0.7,"ok",2.16251179399189,9.28055410298612e-11,-0.000931649445751193,3.061
"a_3pl_g20_norm_10_M5000_s03","3pl_g20","normal",10,5000,3,0.7,"ok",1.76215850612506,2.09061845612979e-09,-0.0031978673197971,3.182
"a_3pl_g20_norm_10_M5000_s04","3pl_g20","normal",10,5000,4,0.7,"ok",1.53529789133146,1.53526957813455e-09,-0.00383211407338169,2.583
"a_3pl_g20_norm_10_M5000_s05","3pl_g20","normal",10,5000,5,0.7,"ok",1.59174282317031,1.69066849409205e-09,-0.00014651427698531,3.047
"a_3pl_g20_norm_10_M5000_s06","3pl_g20","normal",10,5000,6,0.7,"ok",1.56808624289761,1.95015192883119e-09,-0.00433356375569272,3.024
"a_3pl_g20_norm_10_M5000_s07","3pl_g20","normal",10,5000,7,0.7,"ok",1.50490527847049,1.25375254622639e-09,0.00368948577378392,2.976
"a_3pl_g20_norm_10_M5000_s08","3pl_g20","normal",10,5000,8,0.7,"ok",1.67740340940471,1.38319244946672e-09,-0.00594854834377068,3.036
"a_3pl_g20_norm_10_M5000_s09","3pl_g20","normal",10,5000,9,0.7,"ok",1.3631617279154,1.36626576718868e-09,0.00136384238319254,3.31400000000002
"a_3pl_g20_norm_10_M5000_s10","3pl_g20","normal",10,5000,10,0.7,"ok",1.44747006450927,1.56417867547276e-09,-0.00483213237332447,3.25200000000001
"a_3pl_g20_norm_10_M5000_s11","3pl_g20","normal",10,5000,11,0.7,"ok",1.41066172448065,4.6241566131755e-10,-0.00105942022115468,3.04600000000005
"a_3pl_g20_norm_10_M5000_s12","3pl_g20","normal",10,5000,12,0.7,"ok",1.52218250068637,1.72366920736522e-09,-0.00247477419746078,3.15300000000002
"a_3pl_g20_norm_10_M5000_s13","3pl_g20","normal",10,5000,13,0.7,"ok",1.71891701841776,1.46400414013925e-09,-0.00231482345012202,2.80900000000008
"a_3pl_g20_norm_10_M5000_s14","3pl_g20","normal",10,5000,14,0.7,"ok",1.26059711749442,7.3320738369631e-10,0.00522004660641462,3.25999999999999
"a_3pl_g20_norm_10_M5000_s15","3pl_g20","normal",10,5000,15,0.7,"ok",1.30010755946437,1.78213943602401e-09,0.00362397583833562,3.02100000000007
"a_3pl_g20_norm_10_M5000_s16","3pl_g20","normal",10,5000,16,0.7,"ok",1.66617761736294,1.72956904354038e-09,-0.000735052020846894,2.78899999999999
"a_3pl_g20_norm_10_M5000_s17","3pl_g20","normal",10,5000,17,0.7,"ok",1.67149046827523,1.94626958993638e-09,0.00395738709742344,2.91699999999992
"a_3pl_g20_norm_10_M5000_s18","3pl_g20","normal",10,5000,18,0.7,"ok",1.37105473970146,1.48560785895313e-09,0.00592144557511032,2.64100000000008
"a_3pl_g20_norm_10_M5000_s19","3pl_g20","normal",10,5000,19,0.7,"ok",1.23152469301094,7.50233986046567e-10,-0.0048496766058288,1.96500000000003
"a_3pl_g20_norm_10_M5000_s20","3pl_g20","normal",10,5000,20,0.7,"ok",1.23015251646796,5.32452970603003e-10,-0.00132510117943174,3.21399999999994
"a_3pl_g20_norm_10_M50000_s01","3pl_g20","normal",10,50000,1,0.7,"ok",1.65252924871349,6.13769035595624e-10,0.000767546630029869,33.443
"a_3pl_g20_norm_10_M50000_s02","3pl_g20","normal",10,50000,2,0.7,"ok",1.84975133193903,8.85311823850543e-10,0.000365132848333172,32.384
"a_3pl_g20_norm_10_M50000_s03","3pl_g20","normal",10,50000,3,0.7,"ok",1.63350639854037,8.40482128339204e-10,3.51501494904038e-05,36.806
"a_3pl_g20_norm_10_M50000_s04","3pl_g20","normal",10,50000,4,0.7,"ok",1.6607563062244,1.54161949872389e-09,-0.00165852141750233,36.118
"a_3pl_g20_norm_10_M50000_s05","3pl_g20","normal",10,50000,5,0.7,"ok",1.34567117299981,1.86174964333929e-09,-0.000513605866652833,35.201
"a_3pl_g20_norm_10_M50000_s06","3pl_g20","normal",10,50000,6,0.7,"ok",1.49242537190573,2.32458496896015e-09,0.00105165974374177,29.711
"a_3pl_g20_norm_10_M50000_s07","3pl_g20","normal",10,50000,7,0.7,"ok",1.6659854535341,4.77603623316725e-10,-0.000737037173280108,34.133
"a_3pl_g20_norm_10_M50000_s08","3pl_g20","normal",10,50000,8,0.7,"ok",1.73749264532315,1.76337944246541e-09,-0.00114478746024305,32.852
"a_3pl_g20_norm_10_M50000_s09","3pl_g20","normal",10,50000,9,0.7,"ok",1.52809722379572,2.21580565007429e-09,-0.00186085404469549,33.509
"a_3pl_g20_norm_10_M50000_s10","3pl_g20","normal",10,50000,10,0.7,"ok",1.76644945279401,1.40711720053588e-09,-0.000656037231064777,35.579
"a_3pl_g20_norm_10_M50000_s11","3pl_g20","normal",10,50000,11,0.7,"ok",1.40077689856694,5.07602182509004e-10,-0.000744751049696513,34.795
"a_3pl_g20_norm_10_M50000_s12","3pl_g20","normal",10,50000,12,0.7,"ok",1.34299517704423,1.41723288660245e-09,0.000476179053520487,30.951
"a_3pl_g20_norm_10_M50000_s13","3pl_g20","normal",10,50000,13,0.7,"ok",2.03120894088008,7.67476082685903e-10,-0.000822526830608017,34.087
"a_3pl_g20_norm_10_M50000_s14","3pl_g20","normal",10,50000,14,0.7,"ok",1.65051332739312,1.24837440385051e-09,0.00212524817127813,34.5709999999999
"a_3pl_g20_norm_10_M50000_s15","3pl_g20","normal",10,50000,15,0.7,"ok",1.66868895663368,1.65676361518763e-09,-0.00128543473686904,36.314
"a_3pl_g20_norm_10_M50000_s16","3pl_g20","normal",10,50000,16,0.7,"ok",1.38125294977801,8.83865425294061e-10,-9.11651053384643e-05,34.552
"a_3pl_g20_norm_10_M50000_s17","3pl_g20","normal",10,50000,17,0.7,"ok",1.50401512928524,4.38678982028762e-10,-0.00079816648296982,34.98
"a_3pl_g20_norm_10_M50000_s18","3pl_g20","normal",10,50000,18,0.7,"ok",1.65194797207486,1.36743927292571e-09,0.00197867943622099,29.359
"a_3pl_g20_norm_10_M50000_s19","3pl_g20","normal",10,50000,19,0.7,"ok",1.74053282293431,2.07468531243649e-09,0.000638145775861187,34.264
"a_3pl_g20_norm_10_M50000_s20","3pl_g20","normal",10,50000,20,0.7,"ok",1.55831565204503,1.30278665633199e-09,0.00197922681588747,30.348
"a_3pl_g20_norm_40_M1000_s01","3pl_g20","normal",40,1000,1,0.7,"ok",0.569977282813275,1.7596279988652e-10,-0.00596673228056033,1.582
"a_3pl_g20_norm_40_M1000_s02","3pl_g20","normal",40,1000,2,0.7,"ok",0.574096725115003,2.92735058415872e-09,-0.0022533708201381,1.809
"a_3pl_g20_norm_40_M1000_s03","3pl_g20","normal",40,1000,3,0.7,"ok",0.625978682109844,2.80835010801894e-09,0.000142101372745285,1.97499999999999
"a_3pl_g20_norm_40_M1000_s04","3pl_g20","normal",40,1000,4,0.7,"ok",0.526353626440073,2.57219712196388e-09,-0.0190802848543539,1.79700000000001
"a_3pl_g20_norm_40_M1000_s05","3pl_g20","normal",40,1000,5,0.7,"ok",0.585106234469503,1.9169024145782e-09,-0.0129477608653038,1.94499999999999
"a_3pl_g20_norm_40_M1000_s06","3pl_g20","normal",40,1000,6,0.7,"ok",0.66060531657337,3.970853645896e-10,-0.00399858993519364,1.81200000000001
"a_3pl_g20_norm_40_M1000_s07","3pl_g20","normal",40,1000,7,0.7,"ok",0.560826934086381,2.97192692677584e-09,-0.00507695070140857,1.60599999999999
"a_3pl_g20_norm_40_M1000_s08","3pl_g20","normal",40,1000,8,0.7,"ok",0.631782659426804,2.21331220018328e-09,0.00737768854876852,1.79200000000003
"a_3pl_g20_norm_40_M1000_s09","3pl_g20","normal",40,1000,9,0.7,"ok",0.595621966493218,3.0683304785839e-09,-0.0107794618448648,1.88400000000001
"a_3pl_g20_norm_40_M1000_s10","3pl_g20","normal",40,1000,10,0.7,"ok",0.547570002732626,2.6093209815059e-09,-0.015719783814205,1.75400000000002
"a_3pl_g20_norm_40_M1000_s11","3pl_g20","normal",40,1000,11,0.7,"ok",0.612203196069506,2.2210902006492e-09,0.00401475925695105,1.99400000000003
"a_3pl_g20_norm_40_M1000_s12","3pl_g20","normal",40,1000,12,0.7,"ok",0.569755020669961,3.02445102295934e-09,-0.00944666456760224,1.74700000000007
"a_3pl_g20_norm_40_M1000_s13","3pl_g20","normal",40,1000,13,0.7,"ok",0.589025729251446,7.03372360355559e-10,0.0187739531940818,1.62300000000005
"a_3pl_g20_norm_40_M1000_s14","3pl_g20","normal",40,1000,14,0.7,"ok",0.597664344758788,2.34527874898305e-09,-0.0177219533780069,1.7360000000001
"a_3pl_g20_norm_40_M1000_s15","3pl_g20","normal",40,1000,15,0.7,"ok",0.58298557116666,2.49026876897318e-09,0.00319378302996742,1.67100000000005
"a_3pl_g20_norm_40_M1000_s16","3pl_g20","normal",40,1000,16,0.7,"ok",0.588561795938422,1.50705714574428e-09,-0.0104490893646206,1.51499999999999
"a_3pl_g20_norm_40_M1000_s17","3pl_g20","normal",40,1000,17,0.7,"ok",0.555061285426271,2.91422408427167e-09,-0.00499875023482876,1.82299999999998
"a_3pl_g20_norm_40_M1000_s18","3pl_g20","normal",40,1000,18,0.7,"ok",0.604150120937101,1.48001633171191e-09,0.00977595395660591,1.83800000000008
"a_3pl_g20_norm_40_M1000_s19","3pl_g20","normal",40,1000,19,0.7,"ok",0.63067793217808,3.01156544146863e-10,0.000239149614519873,1.75199999999995
"a_3pl_g20_norm_40_M1000_s20","3pl_g20","normal",40,1000,20,0.7,"ok",0.672744791428657,2.34773922525022e-09,0.0150574472086981,1.76300000000003
"a_3pl_g20_norm_40_M10000_s01","3pl_g20","normal",40,10000,1,0.7,"ok",0.532986675574835,2.37306907457935e-09,-0.000118592400428996,20.707
"a_3pl_g20_norm_40_M10000_s02","3pl_g20","normal",40,10000,2,0.7,"ok",0.61527512703516,6.38407993136525e-10,-0.000777668124474662,20.933
"a_3pl_g20_norm_40_M10000_s03","3pl_g20","normal",40,10000,3,0.7,"ok",0.610479052888547,2.11100292801802e-09,-0.00313450964421103,19.883
"a_3pl_g20_norm_40_M10000_s04","3pl_g20","normal",40,10000,4,0.7,"ok",0.662922987603976,3.01648239720009e-09,0.00615523410844432,21.707
"a_3pl_g20_norm_40_M10000_s05","3pl_g20","normal",40,10000,5,0.7,"ok",0.612871842189055,1.32915523032295e-09,-0.00438478292581379,21.952
"a_3pl_g20_norm_40_M10000_s06","3pl_g20","normal",40,10000,6,0.7,"ok",0.571195197633258,3.04083247470999e-09,-0.000193679717705786,21.639
"a_3pl_g20_norm_40_M10000_s07","3pl_g20","normal",40,10000,7,0.7,"ok",0.617061974092823,2.68885214094183e-09,-0.0026518505023283,19.803
"a_3pl_g20_norm_40_M10000_s08","3pl_g20","normal",40,10000,8,0.7,"ok",0.573157836618117,2.07914874206239e-09,-0.00166252159551294,20.7
"a_3pl_g20_norm_40_M10000_s09","3pl_g20","normal",40,10000,9,0.7,"ok",0.610646588703793,1.95218441412237e-09,-0.000599703480736458,21.66
"a_3pl_g20_norm_40_M10000_s10","3pl_g20","normal",40,10000,10,0.7,"ok",0.627859743952725,9.60899804169912e-10,-0.000888546407797342,21.912
"a_3pl_g20_norm_40_M10000_s11","3pl_g20","normal",40,10000,11,0.7,"ok",0.562209262132192,1.73222181043542e-09,0.00271562109366563,20.906
"a_3pl_g20_norm_40_M10000_s12","3pl_g20","normal",40,10000,12,0.7,"ok",0.62171022096714,8.34583846476278e-10,0.00499905403830225,21.888
"a_3pl_g20_norm_40_M10000_s13","3pl_g20","normal",40,10000,13,0.7,"ok",0.615169885415794,3.11606274117082e-09,-0.00122126463113048,20.279
"a_3pl_g20_norm_40_M10000_s14","3pl_g20","normal",40,10000,14,0.7,"ok",0.603671507026545,2.72789091315673e-09,-0.00247375429695351,22.3290000000001
"a_3pl_g20_norm_40_M10000_s15","3pl_g20","normal",40,10000,15,0.7,"ok",0.61156188432925,2.95405166994556e-09,0.000438366327427664,22.8549999999999
"a_3pl_g20_norm_40_M10000_s16","3pl_g20","normal",40,10000,16,0.7,"ok",0.561888526284221,1.46360401576118e-09,0.000203475587081892,16.6550000000001
"a_3pl_g20_norm_40_M10000_s17","3pl_g20","normal",40,10000,17,0.7,"ok",0.572692224032163,1.17468801352771e-09,-0.000236596862159599,21.4399999999999
"a_3pl_g20_norm_40_M10000_s18","3pl_g20","normal",40,10000,18,0.7,"ok",0.609186894209466,2.70103928112775e-09,-0.00415748918151626,21.665
"a_3pl_g20_norm_40_M10000_s19","3pl_g20","normal",40,10000,19,0.7,"ok",0.61773512706082,2.30073482487825e-09,-0.000358466874478491,20.352
"a_3pl_g20_norm_40_M10000_s20","3pl_g20","normal",40,10000,20,0.7,"ok",0.602732658778803,2.13836348628149e-09,0.0061892854511314,22.306
"a_3pl_g20_norm_40_M20000_s01","3pl_g20","normal",40,20000,1,0.7,"ok",0.581768832798264,1.62109747847694e-09,-0.000723814155387359,41.141
"a_3pl_g20_norm_40_M20000_s02","3pl_g20","normal",40,20000,2,0.7,"ok",0.627814111528066,1.74833381105799e-09,-0.000121265249694802,41.362
"a_3pl_g20_norm_40_M20000_s03","3pl_g20","normal",40,20000,3,0.7,"ok",0.624909053448206,2.84900092406559e-09,-0.000175407339716771,42.123
"a_3pl_g20_norm_40_M20000_s04","3pl_g20","normal",40,20000,4,0.7,"ok",0.600054452633881,7.26146476281997e-10,-0.000327087612396526,41.413
"a_3pl_g20_norm_40_M20000_s05","3pl_g20","normal",40,20000,5,0.7,"ok",0.586740066974564,1.21264343011518e-09,0.00189974963894035,40.331
"a_3pl_g20_norm_40_M20000_s06","3pl_g20","normal",40,20000,6,0.7,"ok",0.602212591271652,2.42776099224074e-09,0.0031244432944415,38.798
"a_3pl_g20_norm_40_M20000_s07","3pl_g20","normal",40,20000,7,0.7,"ok",0.603623636494247,4.32581082066008e-10,-0.000147673998430631,41.419
"a_3pl_g20_norm_40_M20000_s08","3pl_g20","normal",40,20000,8,0.7,"ok",0.628406874852239,1.95089067123178e-09,0.0023789099991518,42.411
"a_3pl_g20_norm_40_M20000_s09","3pl_g20","normal",40,20000,9,0.7,"ok",0.630383923239247,2.95290991658703e-09,-0.00306443565541969,38.438
"a_3pl_g20_norm_40_M20000_s10","3pl_g20","normal",40,20000,10,0.7,"ok",0.617469120192075,2.53335119548836e-09,0.00112920669461203,41.256
"a_3pl_g20_norm_40_M20000_s11","3pl_g20","normal",40,20000,11,0.7,"ok",0.617727247204536,2.06492212218023e-09,-0.0018332162243615,41.8439999999999
"a_3pl_g20_norm_40_M20000_s12","3pl_g20","normal",40,20000,12,0.7,"ok",0.61167968342181,2.04060413011575e-09,0.000717794218100698,37.989
"a_3pl_g20_norm_40_M20000_s13","3pl_g20","normal",40,20000,13,0.7,"ok",0.616964103347102,1.90370619268521e-09,0.00120322927493777,40.234
"a_3pl_g20_norm_40_M20000_s14","3pl_g20","normal",40,20000,14,0.7,"ok",0.519813768836175,2.11613948586375e-09,0.000508288093557074,41.0649999999999
"a_3pl_g20_norm_40_M20000_s15","3pl_g20","normal",40,20000,15,0.7,"ok",0.588752287578454,2.44508457925008e-09,-0.00229938814951591,40.198
"a_3pl_g20_norm_40_M20000_s16","3pl_g20","normal",40,20000,16,0.7,"ok",0.627891344094657,2.43402265009962e-09,-0.00449395069532765,37.4450000000001
"a_3pl_g20_norm_40_M20000_s17","3pl_g20","normal",40,20000,17,0.7,"ok",0.620733273384643,3.0673924511504e-09,0.0032144763607489,38.901
"a_3pl_g20_norm_40_M20000_s18","3pl_g20","normal",40,20000,18,0.7,"ok",0.59076703852719,3.10346881526868e-09,0.00182842841419339,39.3520000000001
"a_3pl_g20_norm_40_M20000_s19","3pl_g20","normal",40,20000,19,0.7,"ok",0.601036841299774,2.27149588027942e-09,0.00271329546154686,39.227
"a_3pl_g20_norm_40_M20000_s20","3pl_g20","normal",40,20000,20,0.7,"ok",0.618689739971457,2.35515673630005e-09,-0.00144206496289057,33.1719999999999
"a_3pl_g20_norm_40_M2500_s01","3pl_g20","normal",40,2500,1,0.7,"ok",0.679346851609826,3.07031533530733e-09,-0.000147420335421589,4.247
"a_3pl_g20_norm_40_M2500_s02","3pl_g20","normal",40,2500,2,0.7,"ok",0.617577070003031,2.74298639357795e-09,-0.00296261125843467,4.378
"a_3pl_g20_norm_40_M2500_s03","3pl_g20","normal",40,2500,3,0.7,"ok",0.630224618399244,3.07847103364622e-09,-0.00341506764243971,4.69
"a_3pl_g20_norm_40_M2500_s04","3pl_g20","normal",40,2500,4,0.7,"ok",0.599571408067124,8.60542526126551e-10,-0.0091597891025671,4.10500000000002
"a_3pl_g20_norm_40_M2500_s05","3pl_g20","normal",40,2500,5,0.7,"ok",0.649776329312825,1.69375935499261e-09,-0.0017415403362615,4.221
"a_3pl_g20_norm_40_M2500_s06","3pl_g20","normal",40,2500,6,0.7,"ok",0.591778384280353,2.84884282830689e-09,0.00674109262434019,4.84899999999999
"a_3pl_g20_norm_40_M2500_s07","3pl_g20","normal",40,2500,7,0.7,"ok",0.64741184910749,1.90442095426846e-09,0.00105404863366432,4.33300000000003
"a_3pl_g20_norm_40_M2500_s08","3pl_g20","normal",40,2500,8,0.7,"ok",0.666338620043013,2.49064746604688e-09,0.0109420565743189,4.33799999999997
"a_3pl_g20_norm_40_M2500_s09","3pl_g20","normal",40,2500,9,0.7,"ok",0.648566611829261,2.95596602750692e-09,0.00160767019638763,4.58800000000002
"a_3pl_g20_norm_40_M2500_s10","3pl_g20","normal",40,2500,10,0.7,"ok",0.548295431521099,2.44698521445486e-08,0.000493270603602491,4.88099999999997
"a_3pl_g20_norm_40_M2500_s11","3pl_g20","normal",40,2500,11,0.7,"ok",0.570240165865543,2.9634131815115e-09,0.00504133733334622,4.59899999999999
"a_3pl_g20_norm_40_M2500_s12","3pl_g20","normal",40,2500,12,0.7,"ok",0.59961329708205,2.62802024586506e-09,-0.00217444833261415,4.58699999999999
"a_3pl_g20_norm_40_M2500_s13","3pl_g20","normal",40,2500,13,0.7,"ok",0.568285597851646,3.03159675141274e-09,0.00336676991930351,4.26499999999999
"a_3pl_g20_norm_40_M2500_s14","3pl_g20","normal",40,2500,14,0.7,"ok",0.605933587030895,2.89972146294559e-09,-0.00387017708063486,4.8649999999999
"a_3pl_g20_norm_40_M2500_s15","3pl_g20","normal",40,2500,15,0.7,"ok",0.645059273654864,2.14222228844818e-09,0.00403141317941935,4.99300000000005
"a_3pl_g20_norm_40_M2500_s16","3pl_g20","normal",40,2500,16,0.7,"ok",0.587472608045024,3.0246160021008e-09,0.00873922064743471,4.53599999999994
"a_3pl_g20_norm_40_M2500_s17","3pl_g20","normal",40,2500,17,0.7,"ok",0.596949850910378,2.99952584992269e-09,0.00210089159007643,4.822
"a_3pl_g20_norm_40_M2500_s18","3pl_g20","normal",40,2500,18,0.7,"ok",0.585195223453227,2.40144137908516e-09,-0.00062518361581354,4.47699999999998
"a_3pl_g20_norm_40_M2500_s19","3pl_g20","normal",40,2500,19,0.7,"ok",0.685412042039301,1.23976218180388e-09,0.000873619672251191,4.39300000000003
"a_3pl_g20_norm_40_M2500_s20","3pl_g20","normal",40,2500,20,0.7,"ok",0.662962449833502,2.84384038540253e-09,0.0012531166378712,4.529
"a_3pl_g20_norm_40_M500_s01","3pl_g20","normal",40,500,1,0.7,"ok",0.554063148143268,2.26967100669384e-09,-0.0124981852452997,0.816
"a_3pl_g20_norm_40_M500_s02","3pl_g20","normal",40,500,2,0.7,"ok",0.607542476164547,6.65586807890861e-10,-0.00414441083635941,0.939
"a_3pl_g20_norm_40_M500_s03","3pl_g20","normal",40,500,3,0.7,"ok",0.610350459204503,3.05525349464375e-09,0.00650472658258128,1.02500000000001
"a_3pl_g20_norm_40_M500_s04","3pl_g20","normal",40,500,4,0.7,"ok",0.668421173200451,1.89494886448927e-09,0.0144276354606112,0.936999999999998
"a_3pl_g20_norm_40_M500_s05","3pl_g20","normal",40,500,5,0.7,"ok",0.710186438631228,3.04206215773206e-09,0.00732699018905036,1.001
"a_3pl_g20_norm_40_M500_s06","3pl_g20","normal",40,500,6,0.7,"ok",0.585826345150954,3.12268155777673e-09,1.01935360075078e-05,1.08599999999998
"a_3pl_g20_norm_40_M500_s07","3pl_g20","normal",40,500,7,0.7,"ok",0.605369024842826,2.72192912653679e-09,-0.00316991576956638,0.850999999999999
"a_3pl_g20_norm_40_M500_s08","3pl_g20","normal",40,500,8,0.7,"ok",0.622008764687753,2.11479056488884e-09,-0.00393906758995,0.942000000000007
"a_3pl_g20_norm_40_M500_s09","3pl_g20","normal",40,500,9,0.7,"ok",0.660178276990562,2.73173383913417e-09,0.0211867937433887,1.00100000000003
"a_3pl_g20_norm_40_M500_s10","3pl_g20","normal",40,500,10,0.7,"ok",0.60206080489981,1.75204706298615e-09,0.0187093513074684,0.802000000000021
"a_3pl_g20_norm_40_M500_s11","3pl_g20","normal",40,500,11,0.7,"ok",0.635480064266367,1.30215283000723e-10,0.0085431049846364,0.953000000000031
"a_3pl_g20_norm_40_M500_s12","3pl_g20","normal",40,500,12,0.7,"ok",0.606887102292415,2.05126216012985e-09,0.00152933696208868,0.976999999999975
"a_3pl_g20_norm_40_M500_s13","3pl_g20","normal",40,500,13,0.7,"ok",0.611444701338319,1.69064662269847e-09,-0.00068464646510491,0.816000000000031
"a_3pl_g20_norm_40_M500_s14","3pl_g20","normal",40,500,14,0.7,"ok",0.608358502720664,1.74831915611406e-09,0.00327834749683753,0.984000000000037
"a_3pl_g20_norm_40_M500_s15","3pl_g20","normal",40,500,15,0.7,"ok",0.65568765574865,2.79222178711791e-09,-0.0116091347274597,1.00299999999993
"a_3pl_g20_norm_40_M500_s16","3pl_g20","normal",40,500,16,0.7,"ok",0.62708142168698,2.55937537829709e-09,0.0199384181214272,0.984000000000037
"a_3pl_g20_norm_40_M500_s17","3pl_g20","normal",40,500,17,0.7,"ok",0.590721833015636,1.77555325997503e-09,-0.000780264226881822,0.990999999999985
"a_3pl_g20_norm_40_M500_s18","3pl_g20","normal",40,500,18,0.7,"ok",0.625464884644158,3.04262559591706e-09,0.00971351886410199,0.976999999999975
"a_3pl_g20_norm_40_M500_s19","3pl_g20","normal",40,500,19,0.7,"ok",0.685248676508388,2.32740871020098e-09,0.0163807182465319,1.06100000000004
"a_3pl_g20_norm_40_M500_s20","3pl_g20","normal",40,500,20,0.7,"ok",0.648943611789887,2.96783797537614e-09,0.0186604748347147,0.914999999999964
"a_3pl_g20_norm_40_M5000_s01","3pl_g20","normal",40,5000,1,0.7,"ok",0.583960255315845,2.04447780927097e-09,-0.00127718576957692,10.611
"a_3pl_g20_norm_40_M5000_s02","3pl_g20","normal",40,5000,2,0.7,"ok",0.626299949530063,2.29381047489596e-09,0.000844116225428793,11.137
"a_3pl_g20_norm_40_M5000_s03","3pl_g20","normal",40,5000,3,0.7,"ok",0.630454004794114,2.28389640533067e-09,-0.00100365404750102,11.334
"a_3pl_g20_norm_40_M5000_s04","3pl_g20","normal",40,5000,4,0.7,"ok",0.58885886603384,8.15338130344401e-10,0.00387172667118962,10.485
"a_3pl_g20_norm_40_M5000_s05","3pl_g20","normal",40,5000,5,0.7,"ok",0.568650069218144,2.6753613768804e-09,-0.00588069278901693,11.453
"a_3pl_g20_norm_40_M5000_s06","3pl_g20","normal",40,5000,6,0.7,"ok",0.627825210101947,1.15478004936165e-09,0.00582324841026971,11.27
"a_3pl_g20_norm_40_M5000_s07","3pl_g20","normal",40,5000,7,0.7,"ok",0.645105735358803,2.9124720413165e-09,-0.0018686706420068,9.99799999999999
"a_3pl_g20_norm_40_M5000_s08","3pl_g20","normal",40,5000,8,0.7,"ok",0.633965267477946,2.88548562821234e-09,0.000904847962507671,11.667
"a_3pl_g20_norm_40_M5000_s09","3pl_g20","normal",40,5000,9,0.7,"ok",0.597139402537304,2.81306644644985e-09,-0.0048289976012581,11.629
"a_3pl_g20_norm_40_M5000_s10","3pl_g20","normal",40,5000,10,0.7,"ok",0.592185307689702,3.09579029078577e-10,0.00615849635835197,11.284
"a_3pl_g20_norm_40_M5000_s11","3pl_g20","normal",40,5000,11,0.7,"ok",0.557063305736388,3.16105530639987e-09,0.00246291592913994,11.31
"a_3pl_g20_norm_40_M5000_s12","3pl_g20","normal",40,5000,12,0.7,"ok",0.69103514334011,1.81718040614953e-09,0.00675246564089071,11.294
"a_3pl_g20_norm_40_M5000_s13","3pl_g20","normal",40,5000,13,0.7,"ok",0.545142056522753,3.16233517150266e-09,-0.00263454313562139,10.5450000000001
"a_3pl_g20_norm_40_M5000_s14","3pl_g20","normal",40,5000,14,0.7,"ok",0.630689092661483,9.0169283151198e-10,-0.00100297213276423,12.0540000000001
"a_3pl_g20_norm_40_M5000_s15","3pl_g20","normal",40,5000,15,0.7,"ok",0.625901941700577,2.24341545340678e-10,-0.00646634328432205,11.312
"a_3pl_g20_norm_40_M5000_s16","3pl_g20","normal",40,5000,16,0.7,"ok",0.649723175023967,1.37451594550697e-09,0.0034741514751665,11.2569999999999
"a_3pl_g20_norm_40_M5000_s17","3pl_g20","normal",40,5000,17,0.7,"ok",0.629229103487094,1.57022050917277e-09,-0.00365481535649925,11.409
"a_3pl_g20_norm_40_M5000_s18","3pl_g20","normal",40,5000,18,0.7,"ok",0.562031198236668,4.3784031955596e-10,-0.00144553369714728,11.4730000000001
"a_3pl_g20_norm_40_M5000_s19","3pl_g20","normal",40,5000,19,0.7,"ok",0.583526649492065,3.10833347949568e-09,-0.000294363875897097,10.631
"a_3pl_g20_norm_40_M5000_s20","3pl_g20","normal",40,5000,20,0.7,"ok",0.623624189446195,-1.09579012530503e-13,-0.000234059632851502,11.615
"a_3pl_g20_norm_40_M50000_s01","3pl_g20","normal",40,50000,1,0.7,"ok",0.571854825553107,2.73544065176878e-09,0.00199188209417434,106.099
"a_3pl_g20_norm_40_M50000_s02","3pl_g20","normal",40,50000,2,0.7,"ok",0.587640597312064,3.12200887364611e-09,0.00309347223131951,103.718
"a_3pl_g20_norm_40_M50000_s03","3pl_g20","normal",40,50000,3,0.7,"ok",0.638573119175762,2.40661290895616e-09,0.00240579068899971,105.335
"a_3pl_g20_norm_40_M50000_s04","3pl_g20","normal",40,50000,4,0.7,"ok",0.592465980346569,2.72913369681049e-09,0.00139258794242547,103.479
"a_3pl_g20_norm_40_M50000_s05","3pl_g20","normal",40,50000,5,0.7,"ok",0.634584529093475,2.44430765627968e-08,-0.00168398892880317,89.458
"a_3pl_g20_norm_40_M50000_s06","3pl_g20","normal",40,50000,6,0.7,"ok",0.637066641430979,1.30255461971984e-09,0.000158241018080485,61.452
"a_3pl_g20_norm_40_M50000_s07","3pl_g20","normal",40,50000,7,0.7,"ok",0.628730004514508,2.34456898340341e-10,0.000662558536850266,106.332
"a_3pl_g20_norm_40_M50000_s08","3pl_g20","normal",40,50000,8,0.7,"ok",0.618628396028782,2.90293367122274e-09,0.00202675234938998,107.799
"a_3pl_g20_norm_40_M50000_s09","3pl_g20","normal",40,50000,9,0.7,"ok",0.607196280731523,3.71094155404705e-10,-0.000309934301389592,106.408
"a_3pl_g20_norm_40_M50000_s10","3pl_g20","normal",40,50000,10,0.7,"ok",0.619568180270088,2.05647043838297e-09,-0.000526878472126735,103.995
"a_3pl_g20_norm_40_M50000_s11","3pl_g20","normal",40,50000,11,0.7,"ok",0.615191296051376,3.03023184322626e-09,0.00235804518051774,87.606
"a_3pl_g20_norm_40_M50000_s12","3pl_g20","normal",40,50000,12,0.7,"ok",0.56474902997692,1.93176796781103e-09,0.00138542896744653,63.784
"a_3pl_g20_norm_40_M50000_s13","3pl_g20","normal",40,50000,13,0.7,"ok",0.600152134759475,2.92236945753643e-09,0.000383102199528307,109.399
"a_3pl_g20_norm_40_M50000_s14","3pl_g20","normal",40,50000,14,0.7,"ok",0.613755056068994,2.43134934407863e-09,-0.000108890611005941,108.526
"a_3pl_g20_norm_40_M50000_s15","3pl_g20","normal",40,50000,15,0.7,"ok",0.649026808550907,6.58777254969323e-10,0.00236587151826528,100.379
"a_3pl_g20_norm_40_M50000_s16","3pl_g20","normal",40,50000,16,0.7,"ok",0.580627397038103,1.5454568735862e-09,0.000140674502062788,104.833
"a_3pl_g20_norm_40_M50000_s17","3pl_g20","normal",40,50000,17,0.7,"ok",0.646264469886693,1.25411003804032e-09,0.000709492366262499,93.293
"a_3pl_g20_norm_40_M50000_s18","3pl_g20","normal",40,50000,18,0.7,"ok",0.561746686635378,2.219606831666e-09,-0.000873536842415423,64.948
"a_3pl_g20_norm_40_M50000_s19","3pl_g20","normal",40,50000,19,0.7,"ok",0.58452812191867,2.70434352689364e-09,-0.00169646337298157,82.871
"a_3pl_g20_norm_40_M50000_s20","3pl_g20","normal",40,50000,20,0.7,"ok",0.617577630030392,2.72474487417185e-09,-0.000158981146304527,62.457
"a_3pl_g20_skew_10_M1000_s01","3pl_g20","skew_pos",10,1000,1,0.7,"ok",1.35291149046317,1.94953975185541e-09,-0.0096120875182224,0.698
"a_3pl_g20_skew_10_M1000_s02","3pl_g20","skew_pos",10,1000,2,0.7,"ok",1.52809508356752,2.39585240535689e-09,-0.0186815463813851,0.736000000000001
"a_3pl_g20_skew_10_M1000_s03","3pl_g20","skew_pos",10,1000,3,0.7,"ok",1.62552970279883,2.35999175757229e-09,0.0026302769280041,0.765000000000001
"a_3pl_g20_skew_10_M1000_s04","3pl_g20","skew_pos",10,1000,4,0.7,"ok",1.8320949095244,5.16137244055415e-10,0.0101384042036333,0.808999999999997
"a_3pl_g20_skew_10_M1000_s05","3pl_g20","skew_pos",10,1000,5,0.7,"ok",1.82163047541496,1.18166099127848e-09,-0.00175121745609852,0.781999999999982
"a_3pl_g20_skew_10_M1000_s06","3pl_g20","skew_pos",10,1000,6,0.7,"ok",1.72693812153764,1.32079969183962e-09,0.00896723958526535,0.825999999999993
"a_3pl_g20_skew_10_M1000_s07","3pl_g20","skew_pos",10,1000,7,0.7,"ok",1.55057741040204,1.89469073763604e-09,-0.0164685754745354,0.699000000000012
"a_3pl_g20_skew_10_M1000_s08","3pl_g20","skew_pos",10,1000,8,0.7,"ok",1.44085795975545,2.42093067814864e-09,-0.000644087288860451,0.652000000000044
"a_3pl_g20_skew_10_M1000_s09","3pl_g20","skew_pos",10,1000,9,0.7,"ok",1.47964941988483,5.66664493106828e-10,-0.00863719502724147,0.807999999999993
"a_3pl_g20_skew_10_M1000_s10","3pl_g20","skew_pos",10,1000,10,0.7,"ok",1.61079707984357,6.48753606391494e-10,0.0166401103281425,0.740999999999985
"a_3pl_g20_skew_10_M1000_s11","3pl_g20","skew_pos",10,1000,11,0.7,"ok",1.33572331252905,1.14737364054207e-09,-0.0147533147668509,0.754000000000019
"a_3pl_g20_skew_10_M1000_s12","3pl_g20","skew_pos",10,1000,12,0.7,"ok",1.77484479619507,8.02461652682496e-10,0.0104124842478199,0.778999999999996
"a_3pl_g20_skew_10_M1000_s13","3pl_g20","skew_pos",10,1000,13,0.7,"ok",1.71626855507148,1.42816480863672e-09,-0.0018383550457548,0.675000000000068
"a_3pl_g20_skew_10_M1000_s14","3pl_g20","skew_pos",10,1000,14,0.7,"ok",1.50541290970499,1.63473046210783e-09,-0.00737249198443535,0.76299999999992
"a_3pl_g20_skew_10_M1000_s15","3pl_g20","skew_pos",10,1000,15,0.7,"ok",1.45433536035382,2.31320262944479e-09,-0.0134135189418578,0.817999999999984
"a_3pl_g20_skew_10_M1000_s16","3pl_g20","skew_pos",10,1000,16,0.7,"ok",1.41574131013761,1.04282460444693e-09,0.000849547856416666,0.769999999999982
"a_3pl_g20_skew_10_M1000_s17","3pl_g20","skew_pos",10,1000,17,0.7,"ok",1.80447358332999,1.46363365871593e-10,0.00107847528575045,0.783000000000015
"a_3pl_g20_skew_10_M1000_s18","3pl_g20","skew_pos",10,1000,18,0.7,"ok",1.46427552754715,1.51275969528797e-09,-0.00386919216157422,0.836000000000013
"a_3pl_g20_skew_10_M1000_s19","3pl_g20","skew_pos",10,1000,19,0.7,"ok",1.26158349079729,1.77502756937287e-09,0.0211896038396218,0.813999999999965
"a_3pl_g20_skew_10_M1000_s20","3pl_g20","skew_pos",10,1000,20,0.7,"ok",1.40493494189662,2.14386919328291e-09,-0.0136207781790032,0.777000000000044
"a_3pl_g20_skew_10_M10000_s01","3pl_g20","skew_pos",10,10000,1,0.7,"ok",1.66643758086969,6.82811474028711e-10,0.00417855940470102,5.841
"a_3pl_g20_skew_10_M10000_s02","3pl_g20","skew_pos",10,10000,2,0.7,"ok",1.66700864491846,9.06297148439705e-10,-0.00243884222526713,6.452
"a_3pl_g20_skew_10_M10000_s03","3pl_g20","skew_pos",10,10000,3,0.7,"ok",1.67781269611631,7.79335040945739e-10,0.00539018258561375,6.369
"a_3pl_g20_skew_10_M10000_s04","3pl_g20","skew_pos",10,10000,4,0.7,"ok",1.54368722737109,1.80319670306517e-09,-0.00197653886738969,6.79399999999998
"a_3pl_g20_skew_10_M10000_s05","3pl_g20","skew_pos",10,10000,5,0.7,"ok",1.45693728576727,7.40845607083429e-10,-0.00285622218395354,6.15299999999999
"a_3pl_g20_skew_10_M10000_s06","3pl_g20","skew_pos",10,10000,6,0.7,"ok",1.64817845334254,1.53672852221121e-09,-0.00102270153751172,6.268
"a_3pl_g20_skew_10_M10000_s07","3pl_g20","skew_pos",10,10000,7,0.7,"ok",1.63380445655944,2.21223639407242e-09,-0.00335174241107405,6.024
"a_3pl_g20_skew_10_M10000_s08","3pl_g20","skew_pos",10,10000,8,0.7,"ok",1.50473853922173,1.865528065359e-09,0.00229078671494565,6.22900000000004
"a_3pl_g20_skew_10_M10000_s09","3pl_g20","skew_pos",10,10000,9,0.7,"ok",1.50323448756787,1.53017987170045e-09,0.00299688850928526,6.34800000000001
"a_3pl_g20_skew_10_M10000_s10","3pl_g20","skew_pos",10,10000,10,0.7,"ok",1.27858460969461,2.20257290184378e-09,-0.0032124052737611,6.06700000000001
"a_3pl_g20_skew_10_M10000_s11","3pl_g20","skew_pos",10,10000,11,0.7,"ok",1.58311848504514,2.00307714859349e-09,0.00178582799588833,6.334
"a_3pl_g20_skew_10_M10000_s12","3pl_g20","skew_pos",10,10000,12,0.7,"ok",1.37826732623852,2.2777076891245e-09,0.008073237140097,6.56099999999992
"a_3pl_g20_skew_10_M10000_s13","3pl_g20","skew_pos",10,10000,13,0.7,"ok",1.69106525292265,6.49598153046327e-10,0.00029450377487894,5.98799999999994
"a_3pl_g20_skew_10_M10000_s14","3pl_g20","skew_pos",10,10000,14,0.7,"ok",1.66616318763172,2.00333083455462e-09,0.00906664825812475,6.13199999999995
"a_3pl_g20_skew_10_M10000_s15","3pl_g20","skew_pos",10,10000,15,0.7,"ok",1.60405906461308,1.19278220633845e-09,-0.00242079809629914,6.39499999999998
"a_3pl_g20_skew_10_M10000_s16","3pl_g20","skew_pos",10,10000,16,0.7,"ok",1.77861228052761,1.38142675076836e-09,7.08227027294006e-05,6.45899999999995
"a_3pl_g20_skew_10_M10000_s17","3pl_g20","skew_pos",10,10000,17,0.7,"ok",1.47233183803298,1.74173120370824e-09,0.00326308650638663,6.00999999999999
"a_3pl_g20_skew_10_M10000_s18","3pl_g20","skew_pos",10,10000,18,0.7,"ok",1.79401213498617,1.86615600750173e-09,-0.00226509241083572,6.23500000000001
"a_3pl_g20_skew_10_M10000_s19","3pl_g20","skew_pos",10,10000,19,0.7,"ok",1.7475577238394,1.61733879622261e-08,0.000774794409008295,6.03099999999995
"a_3pl_g20_skew_10_M10000_s20","3pl_g20","skew_pos",10,10000,20,0.7,"ok",1.42070354485794,1.97860572370701e-09,0.00188309023605038,5.71199999999999
"a_3pl_g20_skew_10_M20000_s01","3pl_g20","skew_pos",10,20000,1,0.7,"ok",1.37963323223516,4.6680603826843e-10,-0.00473237839793217,13.463
"a_3pl_g20_skew_10_M20000_s02","3pl_g20","skew_pos",10,20000,2,0.7,"ok",1.5276268813286,2.16334117286721e-09,-0.000910570575365477,14.785
"a_3pl_g20_skew_10_M20000_s03","3pl_g20","skew_pos",10,20000,3,0.7,"ok",1.52606644305176,1.30225685790464e-09,-0.00156134107696804,14.908
"a_3pl_g20_skew_10_M20000_s04","3pl_g20","skew_pos",10,20000,4,0.7,"ok",1.78010988874208,1.5394377994582e-09,0.000531915789301785,15.344
"a_3pl_g20_skew_10_M20000_s05","3pl_g20","skew_pos",10,20000,5,0.7,"ok",1.81016149179972,1.44058254214485e-09,0.00157853866414459,15.26
"a_3pl_g20_skew_10_M20000_s06","3pl_g20","skew_pos",10,20000,6,0.7,"ok",1.6885264873015,1.18666398929435e-09,-0.00267737633549081,15.072
"a_3pl_g20_skew_10_M20000_s07","3pl_g20","skew_pos",10,20000,7,0.7,"ok",1.60280684623371,1.84735970965022e-09,-0.000403856676465808,14.654
"a_3pl_g20_skew_10_M20000_s08","3pl_g20","skew_pos",10,20000,8,0.7,"ok",1.46768059736363,3.91771726171442e-10,0.00129407108104318,15.087
"a_3pl_g20_skew_10_M20000_s09","3pl_g20","skew_pos",10,20000,9,0.7,"ok",1.41206372390389,1.92617854999355e-09,-0.00357647757827451,14.934
"a_3pl_g20_skew_10_M20000_s10","3pl_g20","skew_pos",10,20000,10,0.7,"ok",1.48955767667493,1.75954462111605e-09,0.00215941783082729,15.158
"a_3pl_g20_skew_10_M20000_s11","3pl_g20","skew_pos",10,20000,11,0.7,"ok",1.51206433376641,3.37624039836726e-10,-0.000680843365058692,15.5239999999999
"a_3pl_g20_skew_10_M20000_s12","3pl_g20","skew_pos",10,20000,12,0.7,"ok",1.75116719227856,1.34231492587844e-09,-0.00101799173094241,15.279
"a_3pl_g20_skew_10_M20000_s13","3pl_g20","skew_pos",10,20000,13,0.7,"ok",1.81132624171442,2.1314343623402e-09,0.0030571495645616,14.596
"a_3pl_g20_skew_10_M20000_s14","3pl_g20","skew_pos",10,20000,14,0.7,"ok",2.02058417890171,1.78972936470956e-09,0.000194034513828933,14.8339999999999
"a_3pl_g20_skew_10_M20000_s15","3pl_g20","skew_pos",10,20000,15,0.7,"ok",1.28450493100446,1.74497183369482e-09,0.000823747400766406,14.764
"a_3pl_g20_skew_10_M20000_s16","3pl_g20","skew_pos",10,20000,16,0.7,"ok",1.98699945431315,1.05064357214246e-09,0.000821767341955937,15.4
"a_3pl_g20_skew_10_M20000_s17","3pl_g20","skew_pos",10,20000,17,0.7,"ok",1.74391200139609,1.25953691920699e-09,-0.00269896049424168,15.139
"a_3pl_g20_skew_10_M20000_s18","3pl_g20","skew_pos",10,20000,18,0.7,"ok",1.73270409537998,1.53712254036265e-09,0.00183857711034396,14.322
"a_3pl_g20_skew_10_M20000_s19","3pl_g20","skew_pos",10,20000,19,0.7,"ok",1.44213766455869,2.02358840795114e-09,-0.00585477191703454,14.653
"a_3pl_g20_skew_10_M20000_s20","3pl_g20","skew_pos",10,20000,20,0.7,"ok",1.74485078580713,1.75130154822511e-09,0.0024604961811403,14.612
"a_3pl_g20_skew_10_M2500_s01","3pl_g20","skew_pos",10,2500,1,0.7,"ok",1.86799512938252,8.32617641499667e-10,0.00768968396339831,1.496
"a_3pl_g20_skew_10_M2500_s02","3pl_g20","skew_pos",10,2500,2,0.7,"ok",1.77905483018441,1.55469992435542e-09,-0.00347337081520338,1.647
"a_3pl_g20_skew_10_M2500_s03","3pl_g20","skew_pos",10,2500,3,0.7,"ok",1.8679217720426,2.09071870926891e-10,0.00711553689191247,1.61199999999999
"a_3pl_g20_skew_10_M2500_s04","3pl_g20","skew_pos",10,2500,4,0.7,"ok",1.55728064095885,1.05431141594892e-09,-0.000449978909542792,1.63699999999997
"a_3pl_g20_skew_10_M2500_s05","3pl_g20","skew_pos",10,2500,5,0.7,"ok",1.26818735234541,1.91069560173673e-09,-0.00633491528411678,1.602
"a_3pl_g20_skew_10_M2500_s06","3pl_g20","skew_pos",10,2500,6,0.7,"ok",1.46975654083007,6.72355171538186e-10,0.00404759529790955,1.33700000000002
"a_3pl_g20_skew_10_M2500_s07","3pl_g20","skew_pos",10,2500,7,0.7,"ok",1.93856645328209,3.05398928368561e-10,0.00597269356494257,1.44499999999999
"a_3pl_g20_skew_10_M2500_s08","3pl_g20","skew_pos",10,2500,8,0.7,"ok",1.54602684918622,5.31418464788658e-10,-0.0119309940797823,1.70600000000002
"a_3pl_g20_skew_10_M2500_s09","3pl_g20","skew_pos",10,2500,9,0.7,"ok",1.72625224162476,1.90111693054718e-09,0.00674373604159206,1.63499999999999
"a_3pl_g20_skew_10_M2500_s10","3pl_g20","skew_pos",10,2500,10,0.7,"ok",1.45307981422229,2.13727835429722e-09,-0.0169368475888637,1.61999999999995
"a_3pl_g20_skew_10_M2500_s11","3pl_g20","skew_pos",10,2500,11,0.7,"ok",1.35188667743935,2.2112661701712e-09,-0.00379288965395785,1.62700000000001
"a_3pl_g20_skew_10_M2500_s12","3pl_g20","skew_pos",10,2500,12,0.7,"ok",1.34690077089441,2.48374232292292e-09,0.00037895341132077,1.60699999999997
"a_3pl_g20_skew_10_M2500_s13","3pl_g20","skew_pos",10,2500,13,0.7,"ok",1.48110711072307,2.19509366239379e-09,-0.00132817253653728,1.40899999999999
"a_3pl_g20_skew_10_M2500_s14","3pl_g20","skew_pos",10,2500,14,0.7,"ok",1.70217118880894,2.32654095988494e-09,0.00371818074530905,1.41800000000001
"a_3pl_g20_skew_10_M2500_s15","3pl_g20","skew_pos",10,2500,15,0.7,"ok",1.53721373085606,1.64743219066565e-09,0.00250932016707262,1.57799999999997
"a_3pl_g20_skew_10_M2500_s16","3pl_g20","skew_pos",10,2500,16,0.7,"ok",1.51017016143639,2.20823681562621e-09,0.00569014811626767,1.83299999999997
"a_3pl_g20_skew_10_M2500_s17","3pl_g20","skew_pos",10,2500,17,0.7,"ok",2.04031493587315,3.13757908543266e-10,-0.000902502555232609,1.56899999999996
"a_3pl_g20_skew_10_M2500_s18","3pl_g20","skew_pos",10,2500,18,0.7,"ok",1.54719925648083,1.78100167946837e-09,-0.00416481978875149,1.61200000000008
"a_3pl_g20_skew_10_M2500_s19","3pl_g20","skew_pos",10,2500,19,0.7,"ok",1.55354879711418,1.93802041081881e-09,0.000745052955327452,1.495
"a_3pl_g20_skew_10_M2500_s20","3pl_g20","skew_pos",10,2500,20,0.7,"ok",1.71857168379964,1.89587323617957e-09,0.0153076801904748,1.69599999999991
"a_3pl_g20_skew_10_M500_s01","3pl_g20","skew_pos",10,500,1,0.7,"ok",1.50581403603359,1.70384761855047e-09,-0.0152315765563923,0.452
"a_3pl_g20_skew_10_M500_s02","3pl_g20","skew_pos",10,500,2,0.7,"ok",1.54948195313802,1.42506827449651e-08,0.00220413026000843,0.516999999999999
"a_3pl_g20_skew_10_M500_s03","3pl_g20","skew_pos",10,500,3,0.7,"ok",1.35895401408564,1.70045300063038e-09,-0.00262136451780337,0.57
"a_3pl_g20_skew_10_M500_s04","3pl_g20","skew_pos",10,500,4,0.7,"ok",1.66047913761197,1.04273667478338e-09,-0.00537893453258442,0.546999999999997
"a_3pl_g20_skew_10_M500_s05","3pl_g20","skew_pos",10,500,5,0.7,"ok",1.78123298240694,6.19593154560505e-10,0.0115786352273359,0.466999999999985
"a_3pl_g20_skew_10_M500_s06","3pl_g20","skew_pos",10,500,6,0.7,"ok",1.53012749507326,1.81101078577939e-09,0.00451327074658936,0.598000000000013
"a_3pl_g20_skew_10_M500_s07","3pl_g20","skew_pos",10,500,7,0.7,"ok",1.83243449551318,1.4065228981508e-09,0.0100555679992836,0.577999999999975
"a_3pl_g20_skew_10_M500_s08","3pl_g20","skew_pos",10,500,8,0.7,"ok",1.12306860229787,6.88197387965772e-10,0.016204174498656,0.5
"a_3pl_g20_skew_10_M500_s09","3pl_g20","skew_pos",10,500,9,0.7,"ok",1.24043870645918,2.26469820674424e-09,-0.00208398776695373,0.538000000000011
"a_3pl_g20_skew_10_M500_s10","3pl_g20","skew_pos",10,500,10,0.7,"ok",1.61811827297328,1.31910393719181e-09,0.0112807586196748,0.533000000000015
"a_3pl_g20_skew_10_M500_s11","3pl_g20","skew_pos",10,500,11,0.7,"ok",2.11311307866888,7.99897592607124e-10,0.0133797242043167,0.519000000000005
"a_3pl_g20_skew_10_M500_s12","3pl_g20","skew_pos",10,500,12,0.7,"ok",2.08646972185216,1.48191614535165e-09,0.0262204731692618,0.565000000000055
"a_3pl_g20_skew_10_M500_s13","3pl_g20","skew_pos",10,500,13,0.7,"ok",1.83640542973911,1.56012691654439e-09,-0.00920230402370992,0.549999999999955
"a_3pl_g20_skew_10_M500_s14","3pl_g20","skew_pos",10,500,14,0.7,"ok",1.58507762730474,1.24146348756682e-09,0.00616180918092046,0.519999999999982
"a_3pl_g20_skew_10_M500_s15","3pl_g20","skew_pos",10,500,15,0.7,"ok",1.84119375420782,1.37836586588946e-09,-0.00931842853537967,0.533999999999992
"a_3pl_g20_skew_10_M500_s16","3pl_g20","skew_pos",10,500,16,0.7,"ok",1.65537305521465,1.43424616627641e-09,0.0196682088697276,0.547000000000025
"a_3pl_g20_skew_10_M500_s17","3pl_g20","skew_pos",10,500,17,0.7,"ok",1.50674563218173,2.32896890661749e-09,0.0202839388977036,0.542999999999893
"a_3pl_g20_skew_10_M500_s18","3pl_g20","skew_pos",10,500,18,0.7,"ok",1.82632846892155,1.00898034371966e-09,-0.0124882032979059,0.554000000000087
"a_3pl_g20_skew_10_M500_s19","3pl_g20","skew_pos",10,500,19,0.7,"ok",1.40265945609638,1.25647825477415e-09,0.0114477010912692,0.548000000000002
"a_3pl_g20_skew_10_M500_s20","3pl_g20","skew_pos",10,500,20,0.7,"ok",1.61097759633733,1.58073043543538e-09,-0.0132387111142301,0.538000000000011
"a_3pl_g20_skew_10_M5000_s01","3pl_g20","skew_pos",10,5000,1,0.7,"ok",1.2349646023609,1.380725533906e-09,0.00217208589693696,2.839
"a_3pl_g20_skew_10_M5000_s02","3pl_g20","skew_pos",10,5000,2,0.7,"ok",1.3308783332471,5.32314192724925e-10,0.00303321817231039,3.252
"a_3pl_g20_skew_10_M5000_s03","3pl_g20","skew_pos",10,5000,3,0.7,"ok",1.68033281302416,1.8444825666819e-09,0.00309551558127341,3.06100000000001
"a_3pl_g20_skew_10_M5000_s04","3pl_g20","skew_pos",10,5000,4,0.7,"ok",1.67743021776337,1.87985293997883e-09,0.00274452726013585,3.09
"a_3pl_g20_skew_10_M5000_s05","3pl_g20","skew_pos",10,5000,5,0.7,"ok",1.5354225827763,2.10542339118547e-09,0.00935095242313921,2.80799999999999
"a_3pl_g20_skew_10_M5000_s06","3pl_g20","skew_pos",10,5000,6,0.7,"ok",1.7074354222782,1.56061963352272e-09,0.00830930263524965,3.11700000000002
"a_3pl_g20_skew_10_M5000_s07","3pl_g20","skew_pos",10,5000,7,0.7,"ok",1.54150020403625,2.32450680925922e-09,-0.00811773197670917,2.94
"a_3pl_g20_skew_10_M5000_s08","3pl_g20","skew_pos",10,5000,8,0.7,"ok",1.80318573642534,2.09400285999806e-09,0.00418876399651469,3.02699999999999
"a_3pl_g20_skew_10_M5000_s09","3pl_g20","skew_pos",10,5000,9,0.7,"ok",1.56589153993637,2.03467109827216e-09,0.00196879749806633,3.16399999999999
"a_3pl_g20_skew_10_M5000_s10","3pl_g20","skew_pos",10,5000,10,0.7,"ok",1.33851752489115,2.11907913438836e-09,0.00316443032027058,3.041
"a_3pl_g20_skew_10_M5000_s11","3pl_g20","skew_pos",10,5000,11,0.7,"ok",1.53265966256721,1.01998987034335e-09,0.00106892056866481,3.01900000000001
"a_3pl_g20_skew_10_M5000_s12","3pl_g20","skew_pos",10,5000,12,0.7,"ok",1.21892528433946,2.06167105609723e-09,-0.00552469567940206,3.05999999999995
"a_3pl_g20_skew_10_M5000_s13","3pl_g20","skew_pos",10,5000,13,0.7,"ok",1.74894335117055,8.630695047529e-10,0.00561115063684314,2.928
"a_3pl_g20_skew_10_M5000_s14","3pl_g20","skew_pos",10,5000,14,0.7,"ok",1.2399350315748,1.06622510820387e-09,0.00103158890332644,3.14300000000003
"a_3pl_g20_skew_10_M5000_s15","3pl_g20","skew_pos",10,5000,15,0.7,"ok",1.50772479350896,1.32825705989603e-09,-0.00425015051072042,3.09500000000003
"a_3pl_g20_skew_10_M5000_s16","3pl_g20","skew_pos",10,5000,16,0.7,"ok",1.48204549753393,1.87210902335977e-09,0.00136212198417729,3.19599999999991
"a_3pl_g20_skew_10_M5000_s17","3pl_g20","skew_pos",10,5000,17,0.7,"ok",1.56388230982843,7.04579394827931e-10,0.00551617805587001,1.97900000000004
"a_3pl_g20_skew_10_M5000_s18","3pl_g20","skew_pos",10,5000,18,0.7,"ok",1.6449361825265,1.9552469643358e-09,-0.00431805644705685,2.66300000000001
"a_3pl_g20_skew_10_M5000_s19","3pl_g20","skew_pos",10,5000,19,0.7,"ok",1.72527450816411,1.05643049863602e-09,-0.0138780670783819,2.86900000000003
"a_3pl_g20_skew_10_M5000_s20","3pl_g20","skew_pos",10,5000,20,0.7,"ok",1.60070039500062,1.72448388902069e-09,0.00260823211857519,3.07500000000005
"a_3pl_g20_skew_10_M50000_s01","3pl_g20","skew_pos",10,50000,1,0.7,"ok",1.51364165593012,1.79447112724773e-09,0.000381870322899158,32.504
"a_3pl_g20_skew_10_M50000_s02","3pl_g20","skew_pos",10,50000,2,0.7,"ok",1.51845378485377,3.54134721547439e-10,-0.000874604171501869,37.285
"a_3pl_g20_skew_10_M50000_s03","3pl_g20","skew_pos",10,50000,3,0.7,"ok",1.43315332208685,1.8849010130495e-09,-0.00351386014517885,34.003
"a_3pl_g20_skew_10_M50000_s04","3pl_g20","skew_pos",10,50000,4,0.7,"ok",1.7553023777279,9.06743458095605e-10,-0.00421420881203238,36.028
"a_3pl_g20_skew_10_M50000_s05","3pl_g20","skew_pos",10,50000,5,0.7,"ok",1.66789403889398,3.15554387064765e-08,-0.000272540772767838,34.675
"a_3pl_g20_skew_10_M50000_s06","3pl_g20","skew_pos",10,50000,6,0.7,"ok",1.51712945951162,5.28446064684829e-10,0.000664722059461886,28.439
"a_3pl_g20_skew_10_M50000_s07","3pl_g20","skew_pos",10,50000,7,0.7,"ok",1.62347455492409,2.83641110598865e-10,-0.00139323437569661,34.646
"a_3pl_g20_skew_10_M50000_s08","3pl_g20","skew_pos",10,50000,8,0.7,"ok",1.8394015569253,1.27857768816853e-09,-0.00119802036759675,35.161
"a_3pl_g20_skew_10_M50000_s09","3pl_g20","skew_pos",10,50000,9,0.7,"ok",1.58842321023165,1.93436244799727e-09,0.00176546958855162,34.553
"a_3pl_g20_skew_10_M50000_s10","3pl_g20","skew_pos",10,50000,10,0.7,"ok",1.6501856358368,1.51095913558663e-10,0.00217590278114821,34.188
"a_3pl_g20_skew_10_M50000_s11","3pl_g20","skew_pos",10,50000,11,0.7,"ok",1.88404186213507,1.72342806692427e-09,-0.00207394218685175,35.125
"a_3pl_g20_skew_10_M50000_s12","3pl_g20","skew_pos",10,50000,12,0.7,"ok",1.58534872035518,2.14193984771072e-09,-0.00069023779912869,29.102
"a_3pl_g20_skew_10_M50000_s13","3pl_g20","skew_pos",10,50000,13,0.7,"ok",1.49346134683375,8.68386329511139e-09,-0.00119156294835865,34.856
"a_3pl_g20_skew_10_M50000_s14","3pl_g20","skew_pos",10,50000,14,0.7,"ok",1.50089420008848,2.1185309062588e-09,0.00313238033597552,34.9390000000001
"a_3pl_g20_skew_10_M50000_s15","3pl_g20","skew_pos",10,50000,15,0.7,"ok",1.47641763653693,1.04540054390867e-09,0.00239292320500395,36.543
"a_3pl_g20_skew_10_M50000_s16","3pl_g20","skew_pos",10,50000,16,0.7,"ok",1.19147879860351,1.81961956613463e-09,0.000639386785529772,34.2860000000001
"a_3pl_g20_skew_10_M50000_s17","3pl_g20","skew_pos",10,50000,17,0.7,"ok",1.62591251361055,1.87928872463772e-09,0.00434117822562918,33.922
"a_3pl_g20_skew_10_M50000_s18","3pl_g20","skew_pos",10,50000,18,0.7,"ok",1.31990064217916,2.52806797718108e-09,-0.00198730894854626,31.5390000000001
"a_3pl_g20_skew_10_M50000_s19","3pl_g20","skew_pos",10,50000,19,0.7,"ok",1.41623104171562,7.78037523296859e-10,0.00109846244068623,34.402
"a_3pl_g20_skew_10_M50000_s20","3pl_g20","skew_pos",10,50000,20,0.7,"ok",1.35202802945269,3.23279514269359e-10,-0.00236954316909099,25.388
"a_3pl_g20_skew_40_M1000_s01","3pl_g20","skew_pos",40,1000,1,0.7,"ok",0.603027861200936,3.09640046936011e-09,-0.018379289103318,1.575
"a_3pl_g20_skew_40_M1000_s02","3pl_g20","skew_pos",40,1000,2,0.7,"ok",0.697963896321687,2.72208766638471e-09,0.0194625279991029,1.823
"a_3pl_g20_skew_40_M1000_s03","3pl_g20","skew_pos",40,1000,3,0.7,"ok",0.645026027797571,6.46425024619646e-10,0.0106278455287325,2.00999999999999
"a_3pl_g20_skew_40_M1000_s04","3pl_g20","skew_pos",40,1000,4,0.7,"ok",0.579548010750051,2.20901752445712e-09,0.000304089151663578,1.72800000000001
"a_3pl_g20_skew_40_M1000_s05","3pl_g20","skew_pos",40,1000,5,0.7,"ok",0.60459941531664,2.13859008280082e-09,0.0103219901047442,1.76500000000001
"a_3pl_g20_skew_40_M1000_s06","3pl_g20","skew_pos",40,1000,6,0.7,"ok",0.576647718587255,2.90026369587082e-09,0.00536065110331607,1.773
"a_3pl_g20_skew_40_M1000_s07","3pl_g20","skew_pos",40,1000,7,0.7,"ok",0.609581403678571,2.390717623868e-10,0.00469718645627326,1.63
"a_3pl_g20_skew_40_M1000_s08","3pl_g20","skew_pos",40,1000,8,0.7,"ok",0.670459852880103,2.71007005725465e-09,0.0210024525831843,1.81799999999998
"a_3pl_g20_skew_40_M1000_s09","3pl_g20","skew_pos",40,1000,9,0.7,"ok",0.538442819079118,2.84913759251992e-09,-0.00451040212737119,1.822
"a_3pl_g20_skew_40_M1000_s10","3pl_g20","skew_pos",40,1000,10,0.7,"ok",0.642625505378724,2.05647199269521e-09,-0.0250715022742923,1.77300000000002
"a_3pl_g20_skew_40_M1000_s11","3pl_g20","skew_pos",40,1000,11,0.7,"ok",0.586887293233717,-7.78417492686145e-08,0.0135295751411402,2.00900000000001
"a_3pl_g20_skew_40_M1000_s12","3pl_g20","skew_pos",40,1000,12,0.7,"ok",0.622745198052553,1.26742065731378e-08,0.00189397795047863,1.899
"a_3pl_g20_skew_40_M1000_s13","3pl_g20","skew_pos",40,1000,13,0.7,"ok",0.56914894908611,1.92220761530137e-09,-0.0163317546256954,1.55600000000004
"a_3pl_g20_skew_40_M1000_s14","3pl_g20","skew_pos",40,1000,14,0.7,"ok",0.576901281227493,6.30944740898087e-10,-0.00805573966059381,1.404
"a_3pl_g20_skew_40_M1000_s15","3pl_g20","skew_pos",40,1000,15,0.7,"ok",0.700659620076184,2.85182100157044e-09,0.0256980843549154,1.827
"a_3pl_g20_skew_40_M1000_s16","3pl_g20","skew_pos",40,1000,16,0.7,"ok",0.628737040764481,6.51231069070946e-10,0.0136756687009275,1.68299999999999
"a_3pl_g20_skew_40_M1000_s17","3pl_g20","skew_pos",40,1000,17,0.7,"ok",0.575194542335835,3.07044212277674e-09,-0.0212373025083002,1.524
"a_3pl_g20_skew_40_M1000_s18","3pl_g20","skew_pos",40,1000,18,0.7,"ok",0.671013830171295,2.93719981669938e-09,0.0244306360193358,1.75
"a_3pl_g20_skew_40_M1000_s19","3pl_g20","skew_pos",40,1000,19,0.7,"ok",0.601135586515707,2.74199341010473e-09,-0.00402018397302295,1.423
"a_3pl_g20_skew_40_M1000_s20","3pl_g20","skew_pos",40,1000,20,0.7,"ok",0.628539533048156,6.82167766719033e-10,0.014953043578246,1.76599999999996
"a_3pl_g20_skew_40_M10000_s01","3pl_g20","skew_pos",40,10000,1,0.7,"ok",0.616254667472959,2.51885468038893e-09,-4.52541798796613e-05,20.158
"a_3pl_g20_skew_40_M10000_s02","3pl_g20","skew_pos",40,10000,2,0.7,"ok",0.606859359594115,6.69728494884225e-10,0.00422490799282971,21.964
"a_3pl_g20_skew_40_M10000_s03","3pl_g20","skew_pos",40,10000,3,0.7,"ok",0.635203300233468,3.06963021667883e-09,-0.000691426996288103,21.164
"a_3pl_g20_skew_40_M10000_s04","3pl_g20","skew_pos",40,10000,4,0.7,"ok",0.619704959785729,3.07305403346447e-09,0.00108491939709532,22.051
"a_3pl_g20_skew_40_M10000_s05","3pl_g20","skew_pos",40,10000,5,0.7,"ok",0.564594578960837,2.20144913409825e-09,-0.00148710325144463,20.848
"a_3pl_g20_skew_40_M10000_s06","3pl_g20","skew_pos",40,10000,6,0.7,"ok",0.57476313770816,2.43043563052936e-09,-0.00497390195123681,20.606
"a_3pl_g20_skew_40_M10000_s07","3pl_g20","skew_pos",40,10000,7,0.7,"ok",0.600583747491051,8.53954573720728e-10,0.00151500751619826,20.774
"a_3pl_g20_skew_40_M10000_s08","3pl_g20","skew_pos",40,10000,8,0.7,"ok",0.646562004178072,3.02003122509831e-09,-0.00043785324180623,20.92
"a_3pl_g20_skew_40_M10000_s09","3pl_g20","skew_pos",40,10000,9,0.7,"ok",0.612126141451895,1.93716842566971e-09,0.00232174559250642,21.302
"a_3pl_g20_skew_40_M10000_s10","3pl_g20","skew_pos",40,10000,10,0.7,"ok",0.646488675683033,1.20635679223824e-09,-0.00160425920152485,21.695
"a_3pl_g20_skew_40_M10000_s11","3pl_g20","skew_pos",40,10000,11,0.7,"ok",0.589582570210395,2.50068021845351e-09,0.00610587662431572,21.405
"a_3pl_g20_skew_40_M10000_s12","3pl_g20","skew_pos",40,10000,12,0.7,"ok",0.632341202042283,2.8964396436848e-09,0.00494237241312045,22.046
"a_3pl_g20_skew_40_M10000_s13","3pl_g20","skew_pos",40,10000,13,0.7,"ok",0.566312322644199,4.10083855761911e-10,-0.00402790828237087,19.9559999999999
"a_3pl_g20_skew_40_M10000_s14","3pl_g20","skew_pos",40,10000,14,0.7,"ok",0.562678239028165,1.43319134338071e-09,-0.00884508595729361,21.048
"a_3pl_g20_skew_40_M10000_s15","3pl_g20","skew_pos",40,10000,15,0.7,"ok",0.620974793841319,1.46776235609991e-09,0.00448622603066517,21.8349999999999
"a_3pl_g20_skew_40_M10000_s16","3pl_g20","skew_pos",40,10000,16,0.7,"ok",0.612371285234117,2.18226836601332e-09,-0.00175506418093441,20.698
"a_3pl_g20_skew_40_M10000_s17","3pl_g20","skew_pos",40,10000,17,0.7,"ok",0.633809471500436,2.82949697005819e-09,-0.00203048190936195,19.74
"a_3pl_g20_skew_40_M10000_s18","3pl_g20","skew_pos",40,10000,18,0.7,"ok",0.62289039712796,1.75223813236869e-09,0.00361231671477213,20.3819999999999
"a_3pl_g20_skew_40_M10000_s19","3pl_g20","skew_pos",40,10000,19,0.7,"ok",0.581260474955152,2.41467645878402e-09,0.000928437154105288,21.196
"a_3pl_g20_skew_40_M10000_s20","3pl_g20","skew_pos",40,10000,20,0.7,"ok",0.608290286043601,3.08074044053086e-09,-0.0111539245946767,21.673
"a_3pl_g20_skew_40_M20000_s01","3pl_g20","skew_pos",40,20000,1,0.7,"ok",0.616000887512986,2.21980700487734e-09,0.00087096343546933,42.77
"a_3pl_g20_skew_40_M20000_s02","3pl_g20","skew_pos",40,20000,2,0.7,"ok",0.651303632946567,3.0089668534572e-09,-0.00048766020130997,41.304
"a_3pl_g20_skew_40_M20000_s03","3pl_g20","skew_pos",40,20000,3,0.7,"ok",0.61993909882006,8.54465276312055e-10,0.0010147256216515,42.289
"a_3pl_g20_skew_40_M20000_s04","3pl_g20","skew_pos",40,20000,4,0.7,"ok",0.627978825114413,2.28605701035889e-09,0.00152158412928127,40.076
"a_3pl_g20_skew_40_M20000_s05","3pl_g20","skew_pos",40,20000,5,0.7,"ok",0.595102959655261,3.01135816282994e-09,0.00504562008436094,38.693
"a_3pl_g20_skew_40_M20000_s06","3pl_g20","skew_pos",40,20000,6,0.7,"ok",0.646545838447841,2.99338354103895e-09,0.00358954494000496,36.381
"a_3pl_g20_skew_40_M20000_s07","3pl_g20","skew_pos",40,20000,7,0.7,"ok",0.566701157576715,3.20183002333607e-09,0.0029890078825755,40.536
"a_3pl_g20_skew_40_M20000_s08","3pl_g20","skew_pos",40,20000,8,0.7,"ok",0.542245115954156,3.13233705639959e-09,-0.00533543589209373,42.657
"a_3pl_g20_skew_40_M20000_s09","3pl_g20","skew_pos",40,20000,9,0.7,"ok",0.610328428806656,2.76468514748274e-09,-0.000207145896181649,43.411
"a_3pl_g20_skew_40_M20000_s10","3pl_g20","skew_pos",40,20000,10,0.7,"ok",0.624994476014143,1.77298853376584e-09,0.000596216863061882,39.975
"a_3pl_g20_skew_40_M20000_s11","3pl_g20","skew_pos",40,20000,11,0.7,"ok",0.602928385215737,7.41075756316434e-10,-0.00448185216296637,41.304
"a_3pl_g20_skew_40_M20000_s12","3pl_g20","skew_pos",40,20000,12,0.7,"ok",0.631721687873291,1.04227815267421e-09,0.00242264734802244,36.251
"a_3pl_g20_skew_40_M20000_s13","3pl_g20","skew_pos",40,20000,13,0.7,"ok",0.580349122221567,1.50130818887817e-09,-0.00135181007258711,38.329
"a_3pl_g20_skew_40_M20000_s14","3pl_g20","skew_pos",40,20000,14,0.7,"ok",0.588815090363406,2.72655598099192e-09,0.00251205394400056,41.987
"a_3pl_g20_skew_40_M20000_s15","3pl_g20","skew_pos",40,20000,15,0.7,"ok",0.670853862732959,2.27249319362244e-09,0.000997118125922514,42.428
"a_3pl_g20_skew_40_M20000_s16","3pl_g20","skew_pos",40,20000,16,0.7,"ok",0.575214877917705,3.01273017644377e-09,-0.00388594155767719,40.442
"a_3pl_g20_skew_40_M20000_s17","3pl_g20","skew_pos",40,20000,17,0.7,"ok",0.642424702961797,2.68817990090042e-09,0.00317651647264761,40.91
"a_3pl_g20_skew_40_M20000_s18","3pl_g20","skew_pos",40,20000,18,0.7,"ok",0.585198395309475,2.36752240034832e-09,-0.00225385170001124,38.6160000000001
"a_3pl_g20_skew_40_M20000_s19","3pl_g20","skew_pos",40,20000,19,0.7,"ok",0.601179148126064,3.01242375488897e-09,-0.00179177731489888,49.3399999999999
"a_3pl_g20_skew_40_M20000_s20","3pl_g20","skew_pos",40,20000,20,0.7,"ok",0.592305709985795,2.62026267350279e-09,-0.00163142072583256,37.6259999999999
"a_3pl_g20_skew_40_M2500_s01","3pl_g20","skew_pos",40,2500,1,0.7,"ok",0.615787267935316,2.02255656667205e-10,-0.00465975007396768,4.268
"a_3pl_g20_skew_40_M2500_s02","3pl_g20","skew_pos",40,2500,2,0.7,"ok",0.66833407703854,2.78086675908895e-09,0.00962953552499735,4.591
"a_3pl_g20_skew_40_M2500_s03","3pl_g20","skew_pos",40,2500,3,0.7,"ok",0.598504844597978,2.33211772115993e-09,-0.0047691750427058,4.61800000000001
"a_3pl_g20_skew_40_M2500_s04","3pl_g20","skew_pos",40,2500,4,0.7,"ok",0.627194736535028,2.51207787904661e-09,0.0110892631509484,4.685
"a_3pl_g20_skew_40_M2500_s05","3pl_g20","skew_pos",40,2500,5,0.7,"ok",0.582156748693048,1.99129912559215e-09,-0.00616061710546267,4.78
"a_3pl_g20_skew_40_M2500_s06","3pl_g20","skew_pos",40,2500,6,0.7,"ok",0.570786414733969,3.91588539372378e-10,-0.0143826481173129,4.566
"a_3pl_g20_skew_40_M2500_s07","3pl_g20","skew_pos",40,2500,7,0.7,"ok",0.582803942734536,1.70067215865544e-09,-0.00296246357253316,4.16399999999999
"a_3pl_g20_skew_40_M2500_s08","3pl_g20","skew_pos",40,2500,8,0.7,"ok",0.618723732219735,6.79381439994131e-10,0.00468281037073615,4.55799999999999
"a_3pl_g20_skew_40_M2500_s09","3pl_g20","skew_pos",40,2500,9,0.7,"ok",0.618632055593806,3.00964841937201e-09,0.000378789941695379,4.50800000000004
"a_3pl_g20_skew_40_M2500_s10","3pl_g20","skew_pos",40,2500,10,0.7,"ok",0.59120115650564,6.50602238749798e-10,-0.00658495115391922,4.33600000000001
"a_3pl_g20_skew_40_M2500_s11","3pl_g20","skew_pos",40,2500,11,0.7,"ok",0.603134080612512,1.63354940685423e-09,-0.00080733970192759,4.58699999999999
"a_3pl_g20_skew_40_M2500_s12","3pl_g20","skew_pos",40,2500,12,0.7,"ok",0.693464040293549,2.5984552287639e-09,0.00945782146358443,4.5390000000001
"a_3pl_g20_skew_40_M2500_s13","3pl_g20","skew_pos",40,2500,13,0.7,"ok",0.601218493240782,1.77020831326757e-09,-0.00923090376044833,4.18799999999999
"a_3pl_g20_skew_40_M2500_s14","3pl_g20","skew_pos",40,2500,14,0.7,"ok",0.624198579086665,2.51629772574091e-09,-0.000417814482179923,4.31599999999992
"a_3pl_g20_skew_40_M2500_s15","3pl_g20","skew_pos",40,2500,15,0.7,"ok",0.570724969265252,2.89982182710702e-09,-0.000400475670546463,4.44500000000005
"a_3pl_g20_skew_40_M2500_s16","3pl_g20","skew_pos",40,2500,16,0.7,"ok",0.638295273566697,2.31221841673346e-09,0.000753793179460005,4.51299999999992
"a_3pl_g20_skew_40_M2500_s17","3pl_g20","skew_pos",40,2500,17,0.7,"ok",0.648381168905873,3.09550907129363e-09,0.00371611238208025,4.75599999999997
"a_3pl_g20_skew_40_M2500_s18","3pl_g20","skew_pos",40,2500,18,0.7,"ok",0.57608503732426,1.06348274631074e-09,-0.00131684971311541,4.36699999999996
"a_3pl_g20_skew_40_M2500_s19","3pl_g20","skew_pos",40,2500,19,0.7,"ok",0.639381608537603,2.11956152629256e-09,0.00250286451190518,4.31200000000001
"a_3pl_g20_skew_40_M2500_s20","3pl_g20","skew_pos",40,2500,20,0.7,"ok",0.650209441172211,3.16173598413627e-09,0.00438222793772158,4.69099999999992
"a_3pl_g20_skew_40_M500_s01","3pl_g20","skew_pos",40,500,1,0.7,"ok",0.679021353041188,2.01431848978473e-09,0.0206032253604391,0.844
"a_3pl_g20_skew_40_M500_s02","3pl_g20","skew_pos",40,500,2,0.7,"ok",0.636953586224868,2.33857389009273e-09,-0.000123532336807841,0.93
"a_3pl_g20_skew_40_M500_s03","3pl_g20","skew_pos",40,500,3,0.7,"ok",0.570573418190553,2.43226006002573e-09,-0.0375476051488757,1.05399999999999
"a_3pl_g20_skew_40_M500_s04","3pl_g20","skew_pos",40,500,4,0.7,"ok",0.645911112516439,7.60337348637563e-10,0.0242018793908704,0.956999999999994
"a_3pl_g20_skew_40_M500_s05","3pl_g20","skew_pos",40,500,5,0.7,"ok",0.6173226154325,1.33171018656952e-09,0.00359115131469734,0.951999999999998
"a_3pl_g20_skew_40_M500_s06","3pl_g20","skew_pos",40,500,6,0.7,"ok",0.664160172922858,6.82684131447786e-10,0.0232172341648261,0.771999999999991
"a_3pl_g20_skew_40_M500_s07","3pl_g20","skew_pos",40,500,7,0.7,"ok",0.538317269508824,2.81284517900104e-09,-0.0154966603713349,0.836999999999989
"a_3pl_g20_skew_40_M500_s08","3pl_g20","skew_pos",40,500,8,0.7,"ok",0.648139695128281,1.85314041889484e-09,0.0120213353198936,0.867000000000019
"a_3pl_g20_skew_40_M500_s09","3pl_g20","skew_pos",40,500,9,0.7,"ok",0.572864141277193,4.68211691639908e-10,-0.0210188563500268,0.960000000000036
"a_3pl_g20_skew_40_M500_s10","3pl_g20","skew_pos",40,500,10,0.7,"ok",0.585676941054603,2.83037371318073e-09,-0.000171268772570232,0.98399999999998
"a_3pl_g20_skew_40_M500_s11","3pl_g20","skew_pos",40,500,11,0.7,"ok",0.57631466551955,2.69877042935462e-09,-0.0159927484408001,0.908999999999992
"a_3pl_g20_skew_40_M500_s12","3pl_g20","skew_pos",40,500,12,0.7,"ok",0.565586142653508,3.05969316549692e-09,-0.0257333269523706,0.951000000000022
"a_3pl_g20_skew_40_M500_s13","3pl_g20","skew_pos",40,500,13,0.7,"ok",0.619030436540479,2.65489319417611e-09,0.00342018031814317,1.02499999999998
"a_3pl_g20_skew_40_M500_s14","3pl_g20","skew_pos",40,500,14,0.7,"ok",0.596661786943184,2.02904226753731e-09,-0.0177738392911007,0.966000000000008
"a_3pl_g20_skew_40_M500_s15","3pl_g20","skew_pos",40,500,15,0.7,"ok",0.613893115046921,6.65737243110698e-10,0.0098124410279945,1.00099999999998
"a_3pl_g20_skew_40_M500_s16","3pl_g20","skew_pos",40,500,16,0.7,"ok",0.605939811993216,2.80072953717792e-09,0.0277773117410963,0.924000000000092
"a_3pl_g20_skew_40_M500_s17","3pl_g20","skew_pos",40,500,17,0.7,"ok",0.613839009394442,2.26811203152266e-09,0.00978509326928001,1.22000000000003
"a_3pl_g20_skew_40_M500_s18","3pl_g20","skew_pos",40,500,18,0.7,"ok",0.631524684372941,2.01659744458738e-09,0.0122062403022186,1.03600000000006
"a_3pl_g20_skew_40_M500_s19","3pl_g20","skew_pos",40,500,19,0.7,"ok",0.51879285127688,2.20562401676005e-09,-0.0204521767258589,0.962999999999965
"a_3pl_g20_skew_40_M500_s20","3pl_g20","skew_pos",40,500,20,0.7,"ok",0.622608127765542,2.09809081219703e-09,0.0107519211251499,0.897000000000048
"a_3pl_g20_skew_40_M5000_s01","3pl_g20","skew_pos",40,5000,1,0.7,"ok",0.643767863312833,1.18009368943461e-09,0.0118610382502078,9.862
"a_3pl_g20_skew_40_M5000_s02","3pl_g20","skew_pos",40,5000,2,0.7,"ok",0.625308957535771,3.03928038292156e-09,-0.0123066714137117,11.233
"a_3pl_g20_skew_40_M5000_s03","3pl_g20","skew_pos",40,5000,3,0.7,"ok",0.608144111655294,2.94446755866318e-09,0.001712412791951,10.896
"a_3pl_g20_skew_40_M5000_s04","3pl_g20","skew_pos",40,5000,4,0.7,"ok",0.648063166992633,2.13480921829046e-09,0.00054128298008238,11.175
"a_3pl_g20_skew_40_M5000_s05","3pl_g20","skew_pos",40,5000,5,0.7,"ok",0.613847806673747,2.04029626527102e-09,0.00278004859685888,11.479
"a_3pl_g20_skew_40_M5000_s06","3pl_g20","skew_pos",40,5000,6,0.7,"ok",0.667782907077066,2.96221591700174e-09,-0.00524289550773616,11.469
"a_3pl_g20_skew_40_M5000_s07","3pl_g20","skew_pos",40,5000,7,0.7,"ok",0.585437672860251,1.92152693756498e-09,-4.65812116026143e-05,11.428
"a_3pl_g20_skew_40_M5000_s08","3pl_g20","skew_pos",40,5000,8,0.7,"ok",0.650645898984358,9.04938346479867e-10,-0.00181240314567654,11.299
"a_3pl_g20_skew_40_M5000_s09","3pl_g20","skew_pos",40,5000,9,0.7,"ok",0.595547406319251,1.2641807600744e-09,-0.0122744850705274,10.957
"a_3pl_g20_skew_40_M5000_s10","3pl_g20","skew_pos",40,5000,10,0.7,"ok",0.603099713031996,6.23319618142659e-10,0.00153805965252218,11.162
"a_3pl_g20_skew_40_M5000_s11","3pl_g20","skew_pos",40,5000,11,0.7,"ok",0.596644474742009,2.68934163827339e-09,-0.00539462412386427,11.0050000000001
"a_3pl_g20_skew_40_M5000_s12","3pl_g20","skew_pos",40,5000,12,0.7,"ok",0.628764361761906,2.1301449493194e-09,0.00175253979520629,12.236
"a_3pl_g20_skew_40_M5000_s13","3pl_g20","skew_pos",40,5000,13,0.7,"ok",0.563234406325576,2.8978013322245e-09,0.00568080275908911,11.0350000000001
"a_3pl_g20_skew_40_M5000_s14","3pl_g20","skew_pos",40,5000,14,0.7,"ok",0.580674109646977,1.45086309633058e-09,-0.00284443850770077,10.804
"a_3pl_g20_skew_40_M5000_s15","3pl_g20","skew_pos",40,5000,15,0.7,"ok",0.603818863713364,1.86729431916888e-09,0.000235883570961604,11.558
"a_3pl_g20_skew_40_M5000_s16","3pl_g20","skew_pos",40,5000,16,0.7,"ok",0.601527680071113,2.76169653812275e-09,0.00176867622327037,11.274
"a_3pl_g20_skew_40_M5000_s17","3pl_g20","skew_pos",40,5000,17,0.7,"ok",0.595223159553402,1.88028570491383e-09,-0.00693452291140417,11.485
"a_3pl_g20_skew_40_M5000_s18","3pl_g20","skew_pos",40,5000,18,0.7,"ok",0.646449876959391,1.07709086094587e-09,5.59009816039069e-05,10.442
"a_3pl_g20_skew_40_M5000_s19","3pl_g20","skew_pos",40,5000,19,0.7,"ok",0.638009601660607,1.55199775253578e-09,0.00272352090947559,11.436
"a_3pl_g20_skew_40_M5000_s20","3pl_g20","skew_pos",40,5000,20,0.7,"ok",0.603936252844227,1.22103593902523e-09,-0.00156353021780764,11.227
"a_3pl_g20_skew_40_M50000_s01","3pl_g20","skew_pos",40,50000,1,0.7,"ok",0.599703746845511,1.50594303693907e-09,-0.000190410621222492,106.526
"a_3pl_g20_skew_40_M50000_s02","3pl_g20","skew_pos",40,50000,2,0.7,"ok",0.710832701714377,2.62896637792664e-09,0.00323657975453173,108.699
"a_3pl_g20_skew_40_M50000_s03","3pl_g20","skew_pos",40,50000,3,0.7,"ok",0.620162987795658,2.13086059908107e-09,0.0029524332454739,105.105
"a_3pl_g20_skew_40_M50000_s04","3pl_g20","skew_pos",40,50000,4,0.7,"ok",0.580524339259758,1.99703820147334e-09,-0.00161171280882488,106.4
"a_3pl_g20_skew_40_M50000_s05","3pl_g20","skew_pos",40,50000,5,0.7,"ok",0.583549493706312,2.52276000090035e-09,0.00336816109447646,87.184
"a_3pl_g20_skew_40_M50000_s06","3pl_g20","skew_pos",40,50000,6,0.7,"ok",0.630306052943409,8.46043124447249e-10,0.00307155785482693,62.449
"a_3pl_g20_skew_40_M50000_s07","3pl_g20","skew_pos",40,50000,7,0.7,"ok",0.615922355665716,2.02345296074213e-09,0.00349828939535879,100.538
"a_3pl_g20_skew_40_M50000_s08","3pl_g20","skew_pos",40,50000,8,0.7,"ok",0.576564461116557,1.47571199704544e-09,-0.000231768602356852,103.586
"a_3pl_g20_skew_40_M50000_s09","3pl_g20","skew_pos",40,50000,9,0.7,"ok",0.597573215489718,1.89402249439752e-09,0.000473447657151405,101.891
"a_3pl_g20_skew_40_M50000_s10","3pl_g20","skew_pos",40,50000,10,0.7,"ok",0.631098977126066,2.87759316375258e-09,0.000381619819929568,106.854
"a_3pl_g20_skew_40_M50000_s11","3pl_g20","skew_pos",40,50000,11,0.7,"ok",0.589589642687167,2.84477985612597e-09,0.00205168935580469,87.039
"a_3pl_g20_skew_40_M50000_s12","3pl_g20","skew_pos",40,50000,12,0.7,"ok",0.596482966531001,2.64432786778457e-09,0.00226297127185093,63.647
"a_3pl_g20_skew_40_M50000_s13","3pl_g20","skew_pos",40,50000,13,0.7,"ok",0.595976013167718,2.75851064213128e-09,0.000466962515829561,99.699
"a_3pl_g20_skew_40_M50000_s14","3pl_g20","skew_pos",40,50000,14,0.7,"ok",0.604356766345386,2.72088507280444e-09,0.000406471074804626,104.292
"a_3pl_g20_skew_40_M50000_s15","3pl_g20","skew_pos",40,50000,15,0.7,"ok",0.586395630873053,2.3126844883592e-10,-0.00249730729509989,105.586
"a_3pl_g20_skew_40_M50000_s16","3pl_g20","skew_pos",40,50000,16,0.7,"ok",0.55672491110831,2.60875399060723e-09,-0.00264685885501459,110.933
"a_3pl_g20_skew_40_M50000_s17","3pl_g20","skew_pos",40,50000,17,0.7,"ok",0.611529065114813,2.79489109633602e-09,0.000258051072927867,89.008
"a_3pl_g20_skew_40_M50000_s18","3pl_g20","skew_pos",40,50000,18,0.7,"ok",0.608170175597122,2.38574360267307e-09,0.00357817582676612,65.196
"a_3pl_g20_skew_40_M50000_s19","3pl_g20","skew_pos",40,50000,19,0.7,"ok",0.568835192146692,1.60976965091209e-09,0.0005165164364761,82.4399999999999
"a_3pl_g20_skew_40_M50000_s20","3pl_g20","skew_pos",40,50000,20,0.7,"ok",0.58772649872287,9.48393030775208e-10,-0.00223628615232219,63.187
"a_rasch_norm_10_M1000_s01","rasch","normal",10,1000,1,0.7,"ok",1.10430811343652,1.20762269073538e-08,-0.000670804096121191,0.581
"a_rasch_norm_10_M1000_s02","rasch","normal",10,1000,2,0.7,"ok",1.22979014467963,1.01347585879097e-09,0.0118717580418509,0.640000000000001
"a_rasch_norm_10_M1000_s03","rasch","normal",10,1000,3,0.7,"ok",1.08864591143135,1.74973524558197e-09,-0.00601197299329126,0.537999999999997
"a_rasch_norm_10_M1000_s04","rasch","normal",10,1000,4,0.7,"ok",1.19836635389652,1.56759538683104e-09,-0.0130610613150307,0.722999999999999
"a_rasch_norm_10_M1000_s05","rasch","normal",10,1000,5,0.7,"ok",1.17410579934549,4.32562985430707e-10,-0.001879086303608,0.674000000000007
"a_rasch_norm_10_M1000_s06","rasch","normal",10,1000,6,0.7,"ok",1.20498072615661,2.60701615850678e-09,0.00747242537995441,0.701999999999998
"a_rasch_norm_10_M1000_s07","rasch","normal",10,1000,7,0.7,"ok",1.18494226366979,2.24925877922999e-09,0.00518652679615306,0.589000000000055
"a_rasch_norm_10_M1000_s08","rasch","normal",10,1000,8,0.7,"ok",1.11774930507748,4.11633060970473e-10,-0.0111404732392595,0.531000000000006
"a_rasch_norm_10_M1000_s09","rasch","normal",10,1000,9,0.7,"ok",1.32637407231675,1.03075226132177e-09,0.0151791336723286,0.745000000000005
"a_rasch_norm_10_M1000_s10","rasch","normal",10,1000,10,0.7,"ok",1.12346565221248,1.7691680342935e-09,-0.00241873889702182,0.718999999999994
"a_rasch_norm_10_M1000_s11","rasch","normal",10,1000,11,0.7,"ok",1.13270340288288,2.55345378175065e-09,0.000214272264434379,0.668000000000006
"a_rasch_norm_10_M1000_s12","rasch","normal",10,1000,12,0.7,"ok",1.13714056718533,1.96838112476172e-09,-0.00948819692242964,0.697000000000003
"a_rasch_norm_10_M1000_s13","rasch","normal",10,1000,13,0.7,"ok",1.11690004439209,2.6793063323538e-09,0.00295675518390925,0.692999999999984
"a_rasch_norm_10_M1000_s14","rasch","normal",10,1000,14,0.7,"ok",1.12041381465585,2.87884471816824e-09,-0.009858004493148,0.672000000000025
"a_rasch_norm_10_M1000_s15","rasch","normal",10,1000,15,0.7,"ok",1.17460242857232,2.74508205055923e-09,0.00203274668498743,0.766000000000076
"a_rasch_norm_10_M1000_s16","rasch","normal",10,1000,16,0.7,"ok",1.18036642402027,3.88730048150876e-10,-0.00706550359107505,0.736999999999966
"a_rasch_norm_10_M1000_s17","rasch","normal",10,1000,17,0.7,"ok",1.16490246656449,4.85113060832987e-10,0.00509923445520066,0.719000000000051
"a_rasch_norm_10_M1000_s18","rasch","normal",10,1000,18,0.7,"ok",1.12254716934873,2.35678521143257e-09,-0.00200291201688685,0.673999999999978
"a_rasch_norm_10_M1000_s19","rasch","normal",10,1000,19,0.7,"ok",1.09777436253774,1.22677290548268e-09,-0.00621204297810529,0.716000000000008
"a_rasch_norm_10_M1000_s20","rasch","normal",10,1000,20,0.7,"ok",1.14290342107382,1.91056681586588e-09,-0.00227054260781456,0.624000000000024
"a_rasch_norm_10_M10000_s01","rasch","normal",10,10000,1,0.7,"ok",1.21049563719735,2.40810282825521e-09,-0.00147782040617972,5.086
"a_rasch_norm_10_M10000_s02","rasch","normal",10,10000,2,0.7,"ok",1.19685320166676,2.28915297828536e-09,0.000234193332231625,5.094
"a_rasch_norm_10_M10000_s03","rasch","normal",10,10000,3,0.7,"ok",1.14980977228037,2.63204069650413e-09,0.00286527849723583,5.125
"a_rasch_norm_10_M10000_s04","rasch","normal",10,10000,4,0.7,"ok",1.15132550665593,2.50981291305408e-09,-0.00402369656878998,5.875
"a_rasch_norm_10_M10000_s05","rasch","normal",10,10000,5,0.7,"ok",1.12671843805124,2.95030944119645e-09,0.000589455305103015,5.351
"a_rasch_norm_10_M10000_s06","rasch","normal",10,10000,6,0.7,"ok",1.18601056070394,6.77198963572323e-10,0.00118099373991021,5.40899999999999
"a_rasch_norm_10_M10000_s07","rasch","normal",10,10000,7,0.7,"ok",1.15802685951817,1.88045023996608e-10,0.00233815973389595,5.48200000000003
"a_rasch_norm_10_M10000_s08","rasch","normal",10,10000,8,0.7,"ok",1.21062635040877,1.94522842278388e-10,-0.000941130931672252,5.26799999999997
"a_rasch_norm_10_M10000_s09","rasch","normal",10,10000,9,0.7,"ok",1.14150181302837,1.47564771513231e-09,-0.00314536749206518,5.649
"a_rasch_norm_10_M10000_s10","rasch","normal",10,10000,10,0.7,"ok",1.23686486010149,2.13648176927705e-09,0.00150663749332869,4.61400000000003
"a_rasch_norm_10_M10000_s11","rasch","normal",10,10000,11,0.7,"ok",1.2013183987771,2.63085575546995e-09,5.88207642574501e-05,5.62799999999999
"a_rasch_norm_10_M10000_s12","rasch","normal",10,10000,12,0.7,"ok",1.13688985384916,2.80381184936118e-09,-0.00596814905311172,5.36699999999996
"a_rasch_norm_10_M10000_s13","rasch","normal",10,10000,13,0.7,"ok",1.11313530136022,2.66978472662771e-09,0.00473686508979643,5.55200000000002
"a_rasch_norm_10_M10000_s14","rasch","normal",10,10000,14,0.7,"ok",1.20346608565989,8.22795720445413e-10,-0.00173249568244971,5.35599999999999
"a_rasch_norm_10_M10000_s15","rasch","normal",10,10000,15,0.7,"ok",1.15747712833179,2.34807373544754e-09,-0.00234426044643865,5.46100000000001
"a_rasch_norm_10_M10000_s16","rasch","normal",10,10000,16,0.7,"ok",1.18751902824643,2.68914490675343e-09,0.00152450228342293,5.34500000000003
"a_rasch_norm_10_M10000_s17","rasch","normal",10,10000,17,0.7,"ok",1.25048897241232,2.07725525669389e-09,0.00426584394353469,5.32799999999997
"a_rasch_norm_10_M10000_s18","rasch","normal",10,10000,18,0.7,"ok",1.11990708858009,1.09478615062386e-09,0.00296053330216017,5.25199999999995
"a_rasch_norm_10_M10000_s19","rasch","normal",10,10000,19,0.7,"ok",1.22914488250101,2.79445355744201e-10,0.00146423122684713,4.78000000000009
"a_rasch_norm_10_M10000_s20","rasch","normal",10,10000,20,0.7,"ok",1.20915879735694,2.14103434981183e-09,-0.00245318197097932,5.24000000000001
"a_rasch_norm_10_M20000_s01","rasch","normal",10,20000,1,0.7,"ok",1.17194278953402,2.81087952913595e-09,0.001980624483223,11.112
"a_rasch_norm_10_M20000_s02","rasch","normal",10,20000,2,0.7,"ok",1.21783098733034,1.16471188249534e-09,-0.00230765974554015,11.476
"a_rasch_norm_10_M20000_s03","rasch","normal",10,20000,3,0.7,"ok",1.1260939906931,2.94099367081913e-09,-0.00175334782233205,11.224
"a_rasch_norm_10_M20000_s04","rasch","normal",10,20000,4,0.7,"ok",1.15181930542129,1.35730326977779e-09,-0.00125746338893717,10.558
"a_rasch_norm_10_M20000_s05","rasch","normal",10,20000,5,0.7,"ok",1.29456714099405,2.35381947266688e-09,0.0035214179930716,10.761
"a_rasch_norm_10_M20000_s06","rasch","normal",10,20000,6,0.7,"ok",1.15605975988921,6.98880842087135e-10,0.00245127873432316,11.753
"a_rasch_norm_10_M20000_s07","rasch","normal",10,20000,7,0.7,"ok",1.12797041712201,2.82781686955502e-09,-0.0060716683774199,11.303
"a_rasch_norm_10_M20000_s08","rasch","normal",10,20000,8,0.7,"ok",1.15188106507808,5.58604162925747e-10,0.000796252553926013,11.491
"a_rasch_norm_10_M20000_s09","rasch","normal",10,20000,9,0.7,"ok",1.11910543491727,2.7349904563323e-09,0.00136692276690753,11.784
"a_rasch_norm_10_M20000_s10","rasch","normal",10,20000,10,0.7,"ok",1.11673744765909,1.81121395659289e-09,0.00120344759283364,11.819
"a_rasch_norm_10_M20000_s11","rasch","normal",10,20000,11,0.7,"ok",1.15296450967575,2.72622890928886e-09,0.000287357319560755,11.539
"a_rasch_norm_10_M20000_s12","rasch","normal",10,20000,12,0.7,"ok",1.12941401348035,3.08393754977487e-10,0.000808200864517716,10.5680000000001
"a_rasch_norm_10_M20000_s13","rasch","normal",10,20000,13,0.7,"ok",1.20144385973065,6.88643253532462e-10,-0.000364582402063163,10.894
"a_rasch_norm_10_M20000_s14","rasch","normal",10,20000,14,0.7,"ok",1.16714804365458,1.0523496518644e-09,0.00117338382124887,11.8449999999999
"a_rasch_norm_10_M20000_s15","rasch","normal",10,20000,15,0.7,"ok",1.11018230007829,1.34942657048498e-09,-0.00116609358256603,11.3639999999999
"a_rasch_norm_10_M20000_s16","rasch","normal",10,20000,16,0.7,"ok",1.15614398682465,1.76997461132089e-09,-0.000626170146082017,11.857
"a_rasch_norm_10_M20000_s17","rasch","normal",10,20000,17,0.7,"ok",1.14244016869063,2.05182970614004e-09,0.00211250280597119,11.971
"a_rasch_norm_10_M20000_s18","rasch","normal",10,20000,18,0.7,"ok",1.2584422713257,1.38094413681955e-09,0.000633069633734884,11.919
"a_rasch_norm_10_M20000_s19","rasch","normal",10,20000,19,0.7,"ok",1.1611819603072,2.50563381154478e-09,-0.00143373938426716,10.63
"a_rasch_norm_10_M20000_s20","rasch","normal",10,20000,20,0.7,"ok",1.24434815314365,1.8043611049734e-09,-0.000984963630592195,11.3679999999999
"a_rasch_norm_10_M2500_s01","rasch","normal",10,2500,1,0.7,"ok",1.28191540597337,2.28813346048184e-09,-0.00124309957740265,1.189
"a_rasch_norm_10_M2500_s02","rasch","normal",10,2500,2,0.7,"ok",1.20370512079219,2.449567104712e-09,-0.00481208739473171,1.32
"a_rasch_norm_10_M2500_s03","rasch","normal",10,2500,3,0.7,"ok",1.16474112076647,2.76458633763355e-09,1.42297494698518e-06,1.55499999999999
"a_rasch_norm_10_M2500_s04","rasch","normal",10,2500,4,0.7,"ok",1.1884021440192,9.92987247983024e-10,0.00149049014418334,1.16300000000001
"a_rasch_norm_10_M2500_s05","rasch","normal",10,2500,5,0.7,"ok",1.12338745139196,6.57110699187058e-10,-0.0109309007041394,1.30700000000002
"a_rasch_norm_10_M2500_s06","rasch","normal",10,2500,6,0.7,"ok",1.11557132642622,1.0295904129265e-09,-0.00645735538836589,1.303
"a_rasch_norm_10_M2500_s07","rasch","normal",10,2500,7,0.7,"ok",1.11677328895083,7.57108709059651e-10,-0.00796793477169644,1.23999999999995
"a_rasch_norm_10_M2500_s08","rasch","normal",10,2500,8,0.7,"ok",1.1586283645296,1.58855706366978e-09,0.000897431405649241,1.14500000000004
"a_rasch_norm_10_M2500_s09","rasch","normal",10,2500,9,0.7,"ok",1.17404068852693,1.48196299676329e-09,0.0035740952950134,1.50900000000001
"a_rasch_norm_10_M2500_s10","rasch","normal",10,2500,10,0.7,"ok",1.11175939863486,8.56571258367467e-10,-0.00539723689332727,0.930000000000007
"a_rasch_norm_10_M2500_s11","rasch","normal",10,2500,11,0.7,"ok",1.11139258039371,2.25989149615913e-09,-0.00143745235120052,1.31800000000004
"a_rasch_norm_10_M2500_s12","rasch","normal",10,2500,12,0.7,"ok",1.17671654547137,5.991198648303e-10,0.00525656480686088,1.60300000000007
"a_rasch_norm_10_M2500_s13","rasch","normal",10,2500,13,0.7,"ok",1.1261852531642,1.87813187224606e-09,-0.00908296521486995,1.25699999999995
"a_rasch_norm_10_M2500_s14","rasch","normal",10,2500,14,0.7,"ok",1.12486177424164,2.7764147647602e-09,-0.00471994726469349,0.940000000000055
"a_rasch_norm_10_M2500_s15","rasch","normal",10,2500,15,0.7,"ok",1.1359854820446,2.75678668781865e-09,0.00176270541872081,1.54999999999995
"a_rasch_norm_10_M2500_s16","rasch","normal",10,2500,16,0.7,"ok",1.12006149485309,2.79065304198411e-09,-0.00473419171851763,1.38599999999997
"a_rasch_norm_10_M2500_s17","rasch","normal",10,2500,17,0.7,"ok",1.14541822823462,3.75933617569046e-10,-0.00144051070748041,1.572
"a_rasch_norm_10_M2500_s18","rasch","normal",10,2500,18,0.7,"ok",1.09796141490605,3.04525316074944e-09,-0.000330235237544274,1.447
"a_rasch_norm_10_M2500_s19","rasch","normal",10,2500,19,0.7,"ok",1.15842284623561,1.77357584174587e-09,-0.00224710011181517,1.31799999999998
"a_rasch_norm_10_M2500_s20","rasch","normal",10,2500,20,0.7,"ok",1.22064201572538,2.31029162467422e-09,-0.000402146307335038,1.57500000000005
"a_rasch_norm_10_M500_s01","rasch","normal",10,500,1,0.7,"ok",1.14162889688281,2.04177119655924e-09,-0.00909010522702791,0.382
"a_rasch_norm_10_M500_s02","rasch","normal",10,500,2,0.7,"ok",1.24876098446915,2.56136634124715e-09,0.0235263789265148,0.452999999999999
"a_rasch_norm_10_M500_s03","rasch","normal",10,500,3,0.7,"ok",1.12946540821537,1.34022315467774e-09,-0.00501148815432828,0.472999999999999
"a_rasch_norm_10_M500_s04","rasch","normal",10,500,4,0.7,"ok",1.28006416342781,2.41934894340545e-09,0.00776710310123307,0.492000000000004
"a_rasch_norm_10_M500_s05","rasch","normal",10,500,5,0.7,"ok",1.31168350494713,1.8413895963576e-09,0.00657087133796574,0.491000000000014
"a_rasch_norm_10_M500_s06","rasch","normal",10,500,6,0.7,"ok",1.16196123917866,5.25897991821012e-10,-0.00273661617195797,0.482999999999976
"a_rasch_norm_10_M500_s07","rasch","normal",10,500,7,0.7,"ok",1.25049494969508,2.04105610190908e-09,0.00120875376815255,0.495000000000005
"a_rasch_norm_10_M500_s08","rasch","normal",10,500,8,0.7,"ok",1.21851511121456,1.17037490809935e-09,0.00590558572578925,0.447000000000003
"a_rasch_norm_10_M500_s09","rasch","normal",10,500,9,0.7,"ok",1.06818589032107,2.67136279763491e-09,-0.0116155878429722,0.490000000000009
"a_rasch_norm_10_M500_s10","rasch","normal",10,500,10,0.7,"ok",1.10977310279165,2.94008284384972e-09,-0.00397520721290423,0.499000000000024
"a_rasch_norm_10_M500_s11","rasch","normal",10,500,11,0.7,"ok",1.19715059259105,1.73320491292372e-09,0.00766490249474416,0.379999999999995
"a_rasch_norm_10_M500_s12","rasch","normal",10,500,12,0.7,"ok",1.18220137485338,2.59838994765005e-09,-0.00978774208844624,0.485000000000014
"a_rasch_norm_10_M500_s13","rasch","normal",10,500,13,0.7,"ok",1.1830949715218,1.5589957103046e-09,-0.00627017677992847,0.509999999999991
"a_rasch_norm_10_M500_s14","rasch","normal",10,500,14,0.7,"ok",1.20764044700655,2.05727057611682e-09,0.0210623376971307,0.461999999999989
"a_rasch_norm_10_M500_s15","rasch","normal",10,500,15,0.7,"ok",1.20690594513939,6.91800616792193e-10,0.00580039871929305,0.484000000000037
"a_rasch_norm_10_M500_s16","rasch","normal",10,500,16,0.7,"ok",1.16439819899741,2.82048218114284e-09,-0.00108874671139958,0.5
"a_rasch_norm_10_M500_s17","rasch","normal",10,500,17,0.7,"ok",1.20581630696375,1.36182864984846e-09,0.0113299133851985,0.496999999999957
"a_rasch_norm_10_M500_s18","rasch","normal",10,500,18,0.7,"ok",1.0713831167595,2.50324150297132e-09,-0.0206876745897724,0.453999999999951
"a_rasch_norm_10_M500_s19","rasch","normal",10,500,19,0.7,"ok",1.30512081746549,2.30023389224954e-09,0.00927420295119408,0.476999999999975
"a_rasch_norm_10_M500_s20","rasch","normal",10,500,20,0.7,"ok",1.15612752786773,1.3450767166745e-09,-0.00845703773519646,0.479000000000042
"a_rasch_norm_10_M5000_s01","rasch","normal",10,5000,1,0.7,"ok",1.1198924913906,1.49501733215374e-09,-4.95008144418829e-06,2.688
"a_rasch_norm_10_M5000_s02","rasch","normal",10,5000,2,0.7,"ok",1.12057168126136,1.20847389872836e-08,0.0035061738025014,2.549
"a_rasch_norm_10_M5000_s03","rasch","normal",10,5000,3,0.7,"ok",1.16157898754378,1.19317999924817e-09,-0.00114764020022518,2.69600000000001
"a_rasch_norm_10_M5000_s04","rasch","normal",10,5000,4,0.7,"ok",1.189946259599,2.17583473460792e-09,-0.00214029899504709,2.75400000000002
"a_rasch_norm_10_M5000_s05","rasch","normal",10,5000,5,0.7,"ok",1.13354183295234,5.17991094461934e-10,-0.00563424176537064,2.505
"a_rasch_norm_10_M5000_s06","rasch","normal",10,5000,6,0.7,"ok",1.19033703607345,1.07963882278739e-09,0.00219866528852353,2.77799999999999
"a_rasch_norm_10_M5000_s07","rasch","normal",10,5000,7,0.7,"ok",1.20068506761109,2.36149855226131e-09,0.00192329044693007,2.411
"a_rasch_norm_10_M5000_s08","rasch","normal",10,5000,8,0.7,"ok",1.20276732787896,1.34196564971489e-09,-0.003201068842141,2.53299999999996
"a_rasch_norm_10_M5000_s09","rasch","normal",10,5000,9,0.7,"ok",1.24960664314411,1.79678971701236e-09,-0.00107976964967571,2.59200000000004
"a_rasch_norm_10_M5000_s10","rasch","normal",10,5000,10,0.7,"ok",1.12247860364651,6.41541819668134e-10,-0.00766688695609641,2.62299999999999
"a_rasch_norm_10_M5000_s11","rasch","normal",10,5000,11,0.7,"ok",1.18840744167332,1.10823983323627e-09,-0.00216451705363241,2.85999999999996
"a_rasch_norm_10_M5000_s12","rasch","normal",10,5000,12,0.7,"ok",1.10777811856586,1.57281132562304e-09,-0.00434789203917052,2.53199999999993
"a_rasch_norm_10_M5000_s13","rasch","normal",10,5000,13,0.7,"ok",1.13822478111213,2.67426603084431e-09,-0.00502095172985006,2.45499999999993
"a_rasch_norm_10_M5000_s14","rasch","normal",10,5000,14,0.7,"ok",1.26281998446377,1.46283285484827e-09,-0.00210379292472129,2.75200000000007
"a_rasch_norm_10_M5000_s15","rasch","normal",10,5000,15,0.7,"ok",1.09634905744942,2.35792529945655e-09,-0.000441611526239227,2.63800000000003
"a_rasch_norm_10_M5000_s16","rasch","normal",10,5000,16,0.7,"ok",1.17766776843297,1.63308555567454e-09,-0.00110991309105768,2.50999999999999
"a_rasch_norm_10_M5000_s17","rasch","normal",10,5000,17,0.7,"ok",1.21395611136456,1.78798298389182e-09,0.00740126975401856,2.64599999999996
"a_rasch_norm_10_M5000_s18","rasch","normal",10,5000,18,0.7,"ok",1.15201113543728,2.78011957899338e-09,-0.00212933477992616,2.1880000000001
"a_rasch_norm_10_M5000_s19","rasch","normal",10,5000,19,0.7,"ok",1.14843359617547,2.6925792706578e-09,-0.00201750526096367,2.51299999999992
"a_rasch_norm_10_M5000_s20","rasch","normal",10,5000,20,0.7,"ok",1.19121299336965,2.7077368125461e-09,0.00189797097006883,2.51200000000006
"a_rasch_norm_10_M50000_s01","rasch","normal",10,50000,1,0.7,"ok",1.20805012493476,2.61381472022038e-09,0.000255712116916773,28.263
"a_rasch_norm_10_M50000_s02","rasch","normal",10,50000,2,0.7,"ok",1.26644225096752,2.31033370212685e-09,0.000636068858086314,27.967
"a_rasch_norm_10_M50000_s03","rasch","normal",10,50000,3,0.7,"ok",1.15017174373207,2.03559669120779e-09,0.000645637387122422,30.601
"a_rasch_norm_10_M50000_s04","rasch","normal",10,50000,4,0.7,"ok",1.17229245678336,2.73638689485267e-09,-0.0011101416318845,28.907
"a_rasch_norm_10_M50000_s05","rasch","normal",10,50000,5,0.7,"ok",1.21401040764956,5.02076047403932e-10,0.000546509898709635,29.764
"a_rasch_norm_10_M50000_s06","rasch","normal",10,50000,6,0.7,"ok",1.15914449571657,2.75371525582102e-09,-2.16847151887078e-05,26.337
"a_rasch_norm_10_M50000_s07","rasch","normal",10,50000,7,0.7,"ok",1.20286939685168,1.3630973016987e-09,0.00189841878100083,28.319
"a_rasch_norm_10_M50000_s08","rasch","normal",10,50000,8,0.7,"ok",1.20515179528798,1.00910491074302e-09,0.00086906403448983,27.344
"a_rasch_norm_10_M50000_s09","rasch","normal",10,50000,9,0.7,"ok",1.12679672078454,2.392773534865e-09,0.00153088553103731,29.393
"a_rasch_norm_10_M50000_s10","rasch","normal",10,50000,10,0.7,"ok",1.30577698337799,1.48143797229494e-09,0.00130913681371503,29.322
"a_rasch_norm_10_M50000_s11","rasch","normal",10,50000,11,0.7,"ok",1.20554531863561,5.53835755034982e-10,0.000599496066029492,29.7329999999999
"a_rasch_norm_10_M50000_s12","rasch","normal",10,50000,12,0.7,"ok",1.14814983402148,2.88697299399843e-09,0.00148183569723281,29.1130000000001
"a_rasch_norm_10_M50000_s13","rasch","normal",10,50000,13,0.7,"ok",1.24043920494747,2.50787945965669e-09,0.000614414237256278,28.0640000000001
"a_rasch_norm_10_M50000_s14","rasch","normal",10,50000,14,0.7,"ok",1.17964994069338,1.74504111161156e-09,-0.00095118970867436,26.55
"a_rasch_norm_10_M50000_s15","rasch","normal",10,50000,15,0.7,"ok",1.16330873813363,1.62214031096397e-09,0.000396564084402251,30.607
"a_rasch_norm_10_M50000_s16","rasch","normal",10,50000,16,0.7,"ok",1.14075684296324,2.89133228470462e-09,-0.000336384780763921,26.05
"a_rasch_norm_10_M50000_s17","rasch","normal",10,50000,17,0.7,"ok",1.12691980774741,1.12456055578747e-09,-0.00241375408756273,29.2089999999999
"a_rasch_norm_10_M50000_s18","rasch","normal",10,50000,18,0.7,"ok",1.19921072510491,2.29261387652002e-09,0.00135848619750034,26.7470000000001
"a_rasch_norm_10_M50000_s19","rasch","normal",10,50000,19,0.7,"ok",1.22965612989258,2.56252608021867e-09,-0.00138793742403187,25.9
"a_rasch_norm_10_M50000_s20","rasch","normal",10,50000,20,0.7,"ok",1.19285453657238,2.61563570802537e-09,0.00168042027524473,26.2700000000001
"a_rasch_norm_40_M1000_s01","rasch","normal",40,1000,1,0.7,"ok",0.520742311331329,3.24181215205499e-09,0.00864068008165797,1.172
"a_rasch_norm_40_M1000_s02","rasch","normal",40,1000,2,0.7,"ok",0.51383609247102,9.22659504354328e-10,0.00160957972615672,1.378
"a_rasch_norm_40_M1000_s03","rasch","normal",40,1000,3,0.7,"ok",0.513462172069984,3.293894490497e-09,0.00122085960873519,1.327
"a_rasch_norm_40_M1000_s04","rasch","normal",40,1000,4,0.7,"ok",0.517709408964409,2.16393380991775e-09,0.00318554943547578,1.271
"a_rasch_norm_40_M1000_s05","rasch","normal",40,1000,5,0.7,"ok",0.507811289359601,1.33681954395115e-09,-0.000295972363224206,1.345
"a_rasch_norm_40_M1000_s06","rasch","normal",40,1000,6,0.7,"ok",0.512447262602305,3.2721502174482e-09,0.0015441791265085,1.56100000000001
"a_rasch_norm_40_M1000_s07","rasch","normal",40,1000,7,0.7,"ok",0.493282124686161,1.78302139719477e-09,-0.0188517207601934,1.20400000000001
"a_rasch_norm_40_M1000_s08","rasch","normal",40,1000,8,0.7,"ok",0.509197093986458,2.03408334620292e-09,-0.00395191945162221,1.37700000000001
"a_rasch_norm_40_M1000_s09","rasch","normal",40,1000,9,0.7,"ok",0.507442515208025,3.30672333959114e-09,-0.00297020923042601,1.60599999999999
"a_rasch_norm_40_M1000_s10","rasch","normal",40,1000,10,0.7,"ok",0.486273494305712,9.16326792221867e-10,-0.015323005727724,1.36099999999999
"a_rasch_norm_40_M1000_s11","rasch","normal",40,1000,11,0.7,"ok",0.517428152245563,1.60496305134927e-09,0.0084732309514296,1.37700000000001
"a_rasch_norm_40_M1000_s12","rasch","normal",40,1000,12,0.7,"ok",0.506214737140042,1.07562592166488e-09,-0.00250441338235519,1.548
"a_rasch_norm_40_M1000_s13","rasch","normal",40,1000,13,0.7,"ok",0.533105018186986,6.3173566378083e-10,0.0164071863308669,1.21000000000004
"a_rasch_norm_40_M1000_s14","rasch","normal",40,1000,14,0.7,"ok",0.510038956795653,2.85837686853085e-09,-0.000278580718944266,1.46400000000006
"a_rasch_norm_40_M1000_s15","rasch","normal",40,1000,15,0.7,"ok",0.518844571254635,3.23108917399395e-09,0.0105734438507352,1.61299999999994
"a_rasch_norm_40_M1000_s16","rasch","normal",40,1000,16,0.7,"ok",0.507832470917275,2.55787169223254e-09,-0.00304669738346985,1.30799999999999
"a_rasch_norm_40_M1000_s17","rasch","normal",40,1000,17,0.7,"ok",0.51148187928888,2.57241017376231e-09,0.00215998954160224,1.41999999999996
"a_rasch_norm_40_M1000_s18","rasch","normal",40,1000,18,0.7,"ok",0.505958898745391,1.32590827206513e-09,-0.00353423225870297,1.32600000000002
"a_rasch_norm_40_M1000_s19","rasch","normal",40,1000,19,0.7,"ok",0.523175789333983,1.79266101962838e-09,0.00913668700237369,1.13499999999999
"a_rasch_norm_40_M1000_s20","rasch","normal",40,1000,20,0.7,"ok",0.519863219185318,3.22993176649078e-09,0.00259832043960684,1.32299999999998
"a_rasch_norm_40_M10000_s01","rasch","normal",40,10000,1,0.7,"ok",0.50065233579821,3.1920931453655e-09,-0.00430626178542359,13.546
"a_rasch_norm_40_M10000_s02","rasch","normal",40,10000,2,0.7,"ok",0.511196046080682,2.49956133568929e-09,0.00033985618566057,12.434
"a_rasch_norm_40_M10000_s03","rasch","normal",40,10000,3,0.7,"ok",0.514897418584881,3.22055204726723e-09,0.00259301276178969,13.983
"a_rasch_norm_40_M10000_s04","rasch","normal",40,10000,4,0.7,"ok",0.516147439005762,5.44193579088414e-10,0.00309189335688687,13.851
"a_rasch_norm_40_M10000_s05","rasch","normal",40,10000,5,0.7,"ok",0.509741649411797,3.16084958207341e-09,0.00273189683503539,14.625
"a_rasch_norm_40_M10000_s06","rasch","normal",40,10000,6,0.7,"ok",0.514883320853554,2.87693691092272e-09,0.00401073514362205,14.594
"a_rasch_norm_40_M10000_s07","rasch","normal",40,10000,7,0.7,"ok",0.508009403238241,3.32192040541912e-09,-0.000702414585760258,14.619
"a_rasch_norm_40_M10000_s08","rasch","normal",40,10000,8,0.7,"ok",0.513314700685772,3.26448235110632e-09,0.000713559352816695,14.701
"a_rasch_norm_40_M10000_s09","rasch","normal",40,10000,9,0.7,"ok",0.513404807072186,1.06104236508031e-09,0.00241508379630095,14.578
"a_rasch_norm_40_M10000_s10","rasch","normal",40,10000,10,0.7,"ok",0.513722565905317,2.72388656075151e-09,-0.000423643531748508,14.568
"a_rasch_norm_40_M10000_s11","rasch","normal",40,10000,11,0.7,"ok",0.501735400216094,2.74177469616887e-09,-0.00330723194807403,13.421
"a_rasch_norm_40_M10000_s12","rasch","normal",40,10000,12,0.7,"ok",0.508942902209515,4.24319579472865e-10,0.00023453977354182,14.6849999999999
"a_rasch_norm_40_M10000_s13","rasch","normal",40,10000,13,0.7,"ok",0.511743763383247,3.26477267442726e-09,-0.000127209438873122,13.754
"a_rasch_norm_40_M10000_s14","rasch","normal",40,10000,14,0.7,"ok",0.511168144085883,3.27949134515393e-09,7.99685683868789e-05,14.564
"a_rasch_norm_40_M10000_s15","rasch","normal",40,10000,15,0.7,"ok",0.508146377664084,3.30840821405332e-09,0.000424859182005632,14.327
"a_rasch_norm_40_M10000_s16","rasch","normal",40,10000,16,0.7,"ok",0.502401584842526,1.28167254587197e-10,-0.00692954604129137,14.4359999999999
"a_rasch_norm_40_M10000_s17","rasch","normal",40,10000,17,0.7,"ok",0.505729342148022,3.31792171515133e-09,-0.0015840205589871,14.539
"a_rasch_norm_40_M10000_s18","rasch","normal",40,10000,18,0.7,"ok",0.51808225659701,3.02421765407956e-09,0.00412929106778259,15.105
"a_rasch_norm_40_M10000_s19","rasch","normal",40,10000,19,0.7,"ok",0.505348510899823,1.98920335758856e-09,-0.000865969198861505,13.546
"a_rasch_norm_40_M10000_s20","rasch","normal",40,10000,20,0.7,"ok",0.511042126480462,2.88459645059191e-09,-0.000958782056020402,13.9689999999999
"a_rasch_norm_40_M20000_s01","rasch","normal",40,20000,1,0.7,"ok",0.510712720860118,3.15103987347243e-09,0.00222552422965261,29.378
"a_rasch_norm_40_M20000_s02","rasch","normal",40,20000,2,0.7,"ok",0.51129435940519,3.24638360638119e-09,-0.00251234268861789,30.981
"a_rasch_norm_40_M20000_s03","rasch","normal",40,20000,3,0.7,"ok",0.509148202141023,3.29553972999719e-09,-0.000324695328814628,29.439
"a_rasch_norm_40_M20000_s04","rasch","normal",40,20000,4,0.7,"ok",0.518284928047714,2.49710874200559e-09,0.00392521733367601,28.341
"a_rasch_norm_40_M20000_s05","rasch","normal",40,20000,5,0.7,"ok",0.510589852628841,3.30955307603631e-09,0.000444357211096813,30.754
"a_rasch_norm_40_M20000_s06","rasch","normal",40,20000,6,0.7,"ok",0.516505096240143,3.29490412731559e-09,0.00405652970052017,27.091
"a_rasch_norm_40_M20000_s07","rasch","normal",40,20000,7,0.7,"ok",0.510031325993973,3.08295866613406e-09,0.000566161241147278,28.863
"a_rasch_norm_40_M20000_s08","rasch","normal",40,20000,8,0.7,"ok",0.505435934332439,3.26024995889185e-09,-0.00194471844854371,29.542
"a_rasch_norm_40_M20000_s09","rasch","normal",40,20000,9,0.7,"ok",0.513605450768504,3.29957627887012e-09,0.00208506018265098,29.181
"a_rasch_norm_40_M20000_s10","rasch","normal",40,20000,10,0.7,"ok",0.515880414676635,2.13789475012049e-09,0.0066350441865427,30.566
"a_rasch_norm_40_M20000_s11","rasch","normal",40,20000,11,0.7,"ok",0.512175589523776,3.25246218846331e-09,0.000275163377840171,30.0330000000001
"a_rasch_norm_40_M20000_s12","rasch","normal",40,20000,12,0.7,"ok",0.507184387422471,2.68334288122674e-09,-0.00172683995616352,28.856
"a_rasch_norm_40_M20000_s13","rasch","normal",40,20000,13,0.7,"ok",0.516456893246626,1.90667082122786e-09,0.00349949989807419,28.33
"a_rasch_norm_40_M20000_s14","rasch","normal",40,20000,14,0.7,"ok",0.505300871603966,3.33720062695164e-09,0.000333833730180144,31.8579999999999
"a_rasch_norm_40_M20000_s15","rasch","normal",40,20000,15,0.7,"ok",0.51571434957841,7.01715463513608e-10,0.00465350647123164,29.045
"a_rasch_norm_40_M20000_s16","rasch","normal",40,20000,16,0.7,"ok",0.510542324861862,2.09261263872662e-09,0.00121147826416845,30.078
"a_rasch_norm_40_M20000_s17","rasch","normal",40,20000,17,0.7,"ok",0.512114015385129,1.51422996363948e-09,0.000147823799403812,29.361
"a_rasch_norm_40_M20000_s18","rasch","normal",40,20000,18,0.7,"ok",0.516744903967927,1.76615211344711e-09,0.00364336930623377,29.9240000000001
"a_rasch_norm_40_M20000_s19","rasch","normal",40,20000,19,0.7,"ok",0.5112860267109,3.10140269021986e-09,0.000897415321767125,28.615
"a_rasch_norm_40_M20000_s20","rasch","normal",40,20000,20,0.7,"ok",0.511096249246595,6.78559430866699e-10,0.0010778727927655,30.033
"a_rasch_norm_40_M2500_s01","rasch","normal",40,2500,1,0.7,"ok",0.514825236751713,9.93770288282292e-10,0.00281459246398408,3.09
"a_rasch_norm_40_M2500_s02","rasch","normal",40,2500,2,0.7,"ok",0.506602109070812,3.107116786083e-09,0.00222750738267641,3.483
"a_rasch_norm_40_M2500_s03","rasch","normal",40,2500,3,0.7,"ok",0.505501193110002,1.27339105926438e-09,-0.00472026274892823,3.196
"a_rasch_norm_40_M2500_s04","rasch","normal",40,2500,4,0.7,"ok",0.511888715907134,3.25441429360751e-09,0.00164578830477602,3.303
"a_rasch_norm_40_M2500_s05","rasch","normal",40,2500,5,0.7,"ok",0.504790382528729,1.33310928962516e-09,-0.00631736410340178,3.221
"a_rasch_norm_40_M2500_s06","rasch","normal",40,2500,6,0.7,"ok",0.515288064458569,1.34243216542984e-09,0.00399188716790244,3.15200000000002
"a_rasch_norm_40_M2500_s07","rasch","normal",40,2500,7,0.7,"ok",0.50246040862651,3.24816407104578e-09,-0.00402492540429078,2.91800000000001
"a_rasch_norm_40_M2500_s08","rasch","normal",40,2500,8,0.7,"ok",0.508687106420936,2.44390596648714e-09,-0.000856825751016421,3.47899999999998
"a_rasch_norm_40_M2500_s09","rasch","normal",40,2500,9,0.7,"ok",0.500689635400845,1.53776280598095e-09,-0.00815227489094494,3.20000000000005
"a_rasch_norm_40_M2500_s10","rasch","normal",40,2500,10,0.7,"ok",0.517209244761356,3.02000113805434e-09,0.00364984705652749,3.49799999999999
"a_rasch_norm_40_M2500_s11","rasch","normal",40,2500,11,0.7,"ok",0.502631157785432,3.07657921361226e-09,-0.00373091659017255,3.32799999999997
"a_rasch_norm_40_M2500_s12","rasch","normal",40,2500,12,0.7,"ok",0.51841391733999,3.09287484512311e-09,0.00827467208750476,3.81999999999994
"a_rasch_norm_40_M2500_s13","rasch","normal",40,2500,13,0.7,"ok",0.516207001791757,3.28499383250858e-09,0.00382216998942364,2.30799999999999
"a_rasch_norm_40_M2500_s14","rasch","normal",40,2500,14,0.7,"ok",0.513695009594571,1.17498744067746e-09,0.00313120919284859,3.56799999999998
"a_rasch_norm_40_M2500_s15","rasch","normal",40,2500,15,0.7,"ok",0.523570095700471,1.75796499579661e-09,0.00666415244633567,2.79899999999998
"a_rasch_norm_40_M2500_s16","rasch","normal",40,2500,16,0.7,"ok",0.51431756173716,3.19172666074508e-09,0.00196988509887042,3.12599999999998
"a_rasch_norm_40_M2500_s17","rasch","normal",40,2500,17,0.7,"ok",0.50576808535087,2.345952654359e-09,-0.00526235798403474,3.08899999999994
"a_rasch_norm_40_M2500_s18","rasch","normal",40,2500,18,0.7,"ok",0.504707714773562,2.81336209884131e-09,-0.00336757755972428,3.24099999999999
"a_rasch_norm_40_M2500_s19","rasch","normal",40,2500,19,0.7,"ok",0.520817904208788,1.08544717658532e-09,0.00166387419240654,3.22700000000009
"a_rasch_norm_40_M2500_s20","rasch","normal",40,2500,20,0.7,"ok",0.51595441812529,2.70675504232543e-09,0.00101705344909886,3.34500000000003
"a_rasch_norm_40_M500_s01","rasch","normal",40,500,1,0.7,"ok",0.513847962082054,1.75473113817048e-09,0.000954096280992522,0.645
"a_rasch_norm_40_M500_s02","rasch","normal",40,500,2,0.7,"ok",0.512468374272059,3.20086912530826e-09,0.00176677479166909,0.745999999999999
"a_rasch_norm_40_M500_s03","rasch","normal",40,500,3,0.7,"ok",0.506917200730633,1.74780945272346e-09,-0.00536505809732291,0.778999999999996
"a_rasch_norm_40_M500_s04","rasch","normal",40,500,4,0.7,"ok",0.500637641547426,3.32359095800427e-09,-0.00616554541297598,0.791000000000011
"a_rasch_norm_40_M500_s05","rasch","normal",40,500,5,0.7,"ok",0.48252563604743,3.17166914953759e-09,-0.0213150187902867,0.75200000000001
"a_rasch_norm_40_M500_s06","rasch","normal",40,500,6,0.7,"ok",0.5426254975668,3.30439453577469e-10,0.0217146222490421,0.786000000000001
"a_rasch_norm_40_M500_s07","rasch","normal",40,500,7,0.7,"ok",0.513641884715388,2.61206734020192e-09,0.00230334753206285,0.72399999999999
"a_rasch_norm_40_M500_s08","rasch","normal",40,500,8,0.7,"ok",0.538789579513567,2.23139684507601e-09,0.0188135801635265,0.740000000000009
"a_rasch_norm_40_M500_s09","rasch","normal",40,500,9,0.7,"ok",0.52510960751179,2.7204057895247e-09,0.011849526603794,0.785000000000025
"a_rasch_norm_40_M500_s10","rasch","normal",40,500,10,0.7,"ok",0.506697984304599,2.8206111890583e-09,-0.00039766414424014,0.745000000000005
"a_rasch_norm_40_M500_s11","rasch","normal",40,500,11,0.7,"ok",0.48016878046647,2.73081668389352e-10,-0.0226435452040659,0.729000000000042
"a_rasch_norm_40_M500_s12","rasch","normal",40,500,12,0.7,"ok",0.50320321271397,2.86142542993417e-09,-0.00759559034229551,0.764999999999986
"a_rasch_norm_40_M500_s13","rasch","normal",40,500,13,0.7,"ok",0.521003327891051,3.05999181549055e-09,0.00919779597133918,0.600999999999999
"a_rasch_norm_40_M500_s14","rasch","normal",40,500,14,0.7,"ok",0.493384844545506,3.24462534617709e-09,-0.0118617585067575,0.764999999999986
"a_rasch_norm_40_M500_s15","rasch","normal",40,500,15,0.7,"ok",0.498779253121887,2.57674015458065e-09,-0.00902759312789836,0.769999999999982
"a_rasch_norm_40_M500_s16","rasch","normal",40,500,16,0.7,"ok",0.541372441922317,2.1093519153581e-09,0.0196390945990824,0.800000000000068
"a_rasch_norm_40_M500_s17","rasch","normal",40,500,17,0.7,"ok",0.524692127456653,3.28714466757418e-09,0.0109435826465752,0.758000000000038
"a_rasch_norm_40_M500_s18","rasch","normal",40,500,18,0.7,"ok",0.53097098788444,2.28160690340928e-09,0.0163921427909595,0.77800000000002
"a_rasch_norm_40_M500_s19","rasch","normal",40,500,19,0.7,"ok",0.486160590269283,1.19587040270375e-09,-0.0164815453249807,0.829000000000065
"a_rasch_norm_40_M500_s20","rasch","normal",40,500,20,0.7,"ok",0.508996952284821,3.20383375385092e-09,-0.00269489898017838,0.741999999999962
"a_rasch_norm_40_M5000_s01","rasch","normal",40,5000,1,0.7,"ok",0.512899145370205,3.22458326706965e-09,0.00119039374296659,6.588
"a_rasch_norm_40_M5000_s02","rasch","normal",40,5000,2,0.7,"ok",0.510167260144352,3.23144533354025e-09,0.00114862106978408,5.738
"a_rasch_norm_40_M5000_s03","rasch","normal",40,5000,3,0.7,"ok",0.508624236996487,2.09619066549038e-09,0.0028039958581827,7.496
"a_rasch_norm_40_M5000_s04","rasch","normal",40,5000,4,0.7,"ok",0.510803470795652,2.01925254295077e-10,-0.000447450323956655,6.32299999999998
"a_rasch_norm_40_M5000_s05","rasch","normal",40,5000,5,0.7,"ok",0.50864884660873,2.98533198161977e-10,-0.00627146561442504,6.19500000000002
"a_rasch_norm_40_M5000_s06","rasch","normal",40,5000,6,0.7,"ok",0.506156125900726,3.30889782240718e-09,-0.00316007776568061,6.80199999999999
"a_rasch_norm_40_M5000_s07","rasch","normal",40,5000,7,0.7,"ok",0.512979693163737,1.60462754195123e-09,0.00303403819472836,7.00200000000001
"a_rasch_norm_40_M5000_s08","rasch","normal",40,5000,8,0.7,"ok",0.513352686162596,2.6384635587462e-09,0.00225553190163563,5.95800000000003
"a_rasch_norm_40_M5000_s09","rasch","normal",40,5000,9,0.7,"ok",0.509039701130805,2.73764000358057e-09,-7.60016664784757e-05,7.27600000000001
"a_rasch_norm_40_M5000_s10","rasch","normal",40,5000,10,0.7,"ok",0.507951725389632,1.16160270291488e-09,-0.00304574709790673,6.32900000000001
"a_rasch_norm_40_M5000_s11","rasch","normal",40,5000,11,0.7,"ok",0.515644150637589,3.26074189871406e-09,0.00716338766694369,6.97899999999998
"a_rasch_norm_40_M5000_s12","rasch","normal",40,5000,12,0.7,"ok",0.515704283378765,1.7260126661256e-10,0.00686007420161805,6.70100000000002
"a_rasch_norm_40_M5000_s13","rasch","normal",40,5000,13,0.7,"ok",0.506998705734344,3.21616600018615e-09,-0.00348406063316697,6.32399999999996
"a_rasch_norm_40_M5000_s14","rasch","normal",40,5000,14,0.7,"ok",0.501278160832118,5.75962277871156e-10,-0.00601544088302397,6.2109999999999
"a_rasch_norm_40_M5000_s15","rasch","normal",40,5000,15,0.7,"ok",0.518629397359379,1.28540655897069e-09,0.00515211248146075,6.96199999999999
"a_rasch_norm_40_M5000_s16","rasch","normal",40,5000,16,0.7,"ok",0.512052188809145,2.77227685252512e-09,0.00140803283381274,6.58299999999997
"a_rasch_norm_40_M5000_s17","rasch","normal",40,5000,17,0.7,"ok",0.510063138045833,1.64442648387109e-09,0.000446916888765858,7.13999999999999
"a_rasch_norm_40_M5000_s18","rasch","normal",40,5000,18,0.7,"ok",0.503648841373165,1.86697124426871e-09,-0.00314366654970777,6.55100000000004
"a_rasch_norm_40_M5000_s19","rasch","normal",40,5000,19,0.7,"ok",0.512518317154226,7.54174611650171e-10,0.000709919222399158,6.53600000000006
"a_rasch_norm_40_M5000_s20","rasch","normal",40,5000,20,0.7,"ok",0.506359052360764,9.26616450236395e-10,-0.002573265657563,6.88
"a_rasch_norm_40_M50000_s01","rasch","normal",40,50000,1,0.7,"ok",0.503323320265273,3.32597216434749e-09,-0.000325946334734595,77.788
"a_rasch_norm_40_M50000_s02","rasch","normal",40,50000,2,0.7,"ok",0.514278646363709,1.57531310218673e-09,0.000871995838664597,75.889
"a_rasch_norm_40_M50000_s03","rasch","normal",40,50000,3,0.7,"ok",0.510215087393063,1.03304442777841e-09,0.00099040984558485,76.101
"a_rasch_norm_40_M50000_s04","rasch","normal",40,50000,4,0.7,"ok",0.516593559178352,1.3610099713901e-09,0.00050888962954676,76.742
"a_rasch_norm_40_M50000_s05","rasch","normal",40,50000,5,0.7,"ok",0.51128010646897,2.95098312452780e-09,0.00113007957949807,74.598
"a_rasch_norm_40_M50000_s06","rasch","normal",40,50000,6,0.7,"ok",0.505063953231625,2.02337824273258e-09,0.000132696226593065,50.222
"a_rasch_norm_40_M50000_s07","rasch","normal",40,50000,7,0.7,"ok",0.506962385467546,1.80001202831903e-09,0.000877523817762627,76.203
"a_rasch_norm_40_M50000_s08","rasch","normal",40,50000,8,0.7,"ok",0.511368836179912,6.13756045986236e-10,0.000190009083341547,75.54
"a_rasch_norm_40_M50000_s09","rasch","normal",40,50000,9,0.7,"ok",0.506545896017533,2.40350850333471e-09,-0.00211510598308462,75.024
"a_rasch_norm_40_M50000_s10","rasch","normal",40,50000,10,0.7,"ok",0.50841618568851,3.02145208852522e-09,-0.00154696148683786,75.0699999999999
"a_rasch_norm_40_M50000_s11","rasch","normal",40,50000,11,0.7,"ok",0.509553534028206,2.7814954783878e-09,0.000608161665674789,73.419
"a_rasch_norm_40_M50000_s12","rasch","normal",40,50000,12,0.7,"ok",0.509804844712455,6.64500787728173e-10,-0.00208741361053755,50.288
"a_rasch_norm_40_M50000_s13","rasch","normal",40,50000,13,0.7,"ok",0.511881765764551,3.29945992749714e-09,-0.00134891880591592,74.235
"a_rasch_norm_40_M50000_s14","rasch","normal",40,50000,14,0.7,"ok",0.507171448578266,3.10127035163532e-09,-0.00156478312273756,76.749
"a_rasch_norm_40_M50000_s15","rasch","normal",40,50000,15,0.7,"ok",0.505382508787533,7.1267436396738e-10,-0.00202882653637793,77.401
"a_rasch_norm_40_M50000_s16","rasch","normal",40,50000,16,0.7,"ok",0.50718053135161,2.83732481953791e-09,-0.000129102931935021,75.8720000000001
"a_rasch_norm_40_M50000_s17","rasch","normal",40,50000,17,0.7,"ok",0.509943368557339,2.5796820235513e-10,-0.000423140478134298,75.703
"a_rasch_norm_40_M50000_s18","rasch","normal",40,50000,18,0.7,"ok",0.515490264300681,3.30484417609966e-09,0.000110402811000054,50.524
"a_rasch_norm_40_M50000_s19","rasch","normal",40,50000,19,0.7,"ok",0.507975907533355,2.60560439890867e-09,-0.000627065944180716,68.9739999999999
"a_rasch_norm_40_M50000_s20","rasch","normal",40,50000,20,0.7,"ok",0.506187530295637,2.69028288535367e-09,-0.000482019596984462,51.0679999999999
"a_rasch_skew_10_M1000_s01","rasch","skew_pos",10,1000,1,0.7,"ok",1.10065330175146,1.87277193752777e-09,-0.00865338715621,0.405
"a_rasch_skew_10_M1000_s02","rasch","skew_pos",10,1000,2,0.7,"ok",1.15670615934531,7.92581111852542e-10,-0.00619247706491,0.653000000000002
"a_rasch_skew_10_M1000_s03","rasch","skew_pos",10,1000,3,0.7,"ok",1.11074878323523,2.58881782677634e-09,-0.00486157422118083,0.691999999999993
"a_rasch_skew_10_M1000_s04","rasch","skew_pos",10,1000,4,0.7,"ok",1.21580643072301,1.8463626183518e-09,0.0174205625643516,0.746000000000009
"a_rasch_skew_10_M1000_s05","rasch","skew_pos",10,1000,5,0.7,"ok",1.10801286271919,9.29910037861248e-10,-0.0154898431623759,0.674999999999983
"a_rasch_skew_10_M1000_s06","rasch","skew_pos",10,1000,6,0.7,"ok",1.25470565828258,1.93486571209434e-09,0.000528653846588845,0.673000000000002
"a_rasch_skew_10_M1000_s07","rasch","skew_pos",10,1000,7,0.7,"ok",1.0906228402184,2.85976664571308e-09,-0.00791180020465676,0.61099999999999
"a_rasch_skew_10_M1000_s08","rasch","skew_pos",10,1000,8,0.7,"ok",1.12317645763157,2.25307983381384e-09,-0.00713922294849267,0.694999999999993
"a_rasch_skew_10_M1000_s09","rasch","skew_pos",10,1000,9,0.7,"ok",1.04683268101625,1.63246427486996e-09,-0.0241616308976782,0.689000000000021
"a_rasch_skew_10_M1000_s10","rasch","skew_pos",10,1000,10,0.7,"ok",1.39617346874425,2.05293171351428e-09,0.0162645755990287,0.632999999999981
"a_rasch_skew_10_M1000_s11","rasch","skew_pos",10,1000,11,0.7,"ok",1.03673547031244,2.78318879054495e-09,-0.0234624376185516,0.69599999999997
"a_rasch_skew_10_M1000_s12","rasch","skew_pos",10,1000,12,0.7,"ok",1.16719649828533,5.06304664860124e-10,0.0169462627866581,0.704000000000065
"a_rasch_skew_10_M1000_s13","rasch","skew_pos",10,1000,13,0.7,"ok",1.1087660563492,2.55994303532958e-09,-0.00408920227944642,0.703999999999951
"a_rasch_skew_10_M1000_s14","rasch","skew_pos",10,1000,14,0.7,"ok",1.24535948901523,2.459296433166e-09,0.0127799167554509,0.69399999999996
"a_rasch_skew_10_M1000_s15","rasch","skew_pos",10,1000,15,0.7,"ok",1.20719584108591,8.40614577946042e-10,0.0255603519071457,0.722999999999956
"a_rasch_skew_10_M1000_s16","rasch","skew_pos",10,1000,16,0.7,"ok",1.13834789337333,1.16144897033266e-08,0.000325734896658103,0.670999999999935
"a_rasch_skew_10_M1000_s17","rasch","skew_pos",10,1000,17,0.7,"ok",1.1601308481622,2.81736123319831e-09,0.00277645241110991,0.713000000000079
"a_rasch_skew_10_M1000_s18","rasch","skew_pos",10,1000,18,0.7,"ok",1.08252646133406,1.28263055731992e-09,-0.00705836567995877,0.697999999999979
"a_rasch_skew_10_M1000_s19","rasch","skew_pos",10,1000,19,0.7,"ok",1.1268791037312,2.43416842238275e-10,0.00339734643681444,0.722000000000094
"a_rasch_skew_10_M1000_s20","rasch","skew_pos",10,1000,20,0.7,"ok",1.13084241768942,2.93966817555003e-09,0.00186926590206959,0.699999999999932
"a_rasch_skew_10_M10000_s01","rasch","skew_pos",10,10000,1,0.7,"ok",1.225664370695,5.91738325006474e-10,-0.00146087126091421,4.996
"a_rasch_skew_10_M10000_s02","rasch","skew_pos",10,10000,2,0.7,"ok",1.17211716256498,1.10567014433016e-08,-0.00668074992000312,5.543
"a_rasch_skew_10_M10000_s03","rasch","skew_pos",10,10000,3,0.7,"ok",1.10371813521217,1.03497299619448e-09,-0.000325557847593361,5.241
"a_rasch_skew_10_M10000_s04","rasch","skew_pos",10,10000,4,0.7,"ok",1.33165349504103,9.3228972319892e-09,0.00316076706688939,5.30099999999999
"a_rasch_skew_10_M10000_s05","rasch","skew_pos",10,10000,5,0.7,"ok",1.14342301179142,1.6224122045827e-09,-0.00401764487462497,5.58700000000002
"a_rasch_skew_10_M10000_s06","rasch","skew_pos",10,10000,6,0.7,"ok",1.30092422769819,4.32262337035638e-10,0.00422846726559178,5.50900000000001
"a_rasch_skew_10_M10000_s07","rasch","skew_pos",10,10000,7,0.7,"ok",1.18363844720876,1.74900560701019e-09,0.00520986488542685,5.78999999999996
"a_rasch_skew_10_M10000_s08","rasch","skew_pos",10,10000,8,0.7,"ok",1.09530645416222,1.32215893788867e-09,-0.000890519730804784,5.476
"a_rasch_skew_10_M10000_s09","rasch","skew_pos",10,10000,9,0.7,"ok",1.13175231604175,2.59278765124549e-09,-0.00203452986131936,5.62
"a_rasch_skew_10_M10000_s10","rasch","skew_pos",10,10000,10,0.7,"ok",1.14535548809367,1.58568458363817e-09,0.00445769125633877,5.48200000000003
"a_rasch_skew_10_M10000_s11","rasch","skew_pos",10,10000,11,0.7,"ok",1.15886353492051,2.77832712392012e-09,-0.00083605922797847,5.18599999999998
"a_rasch_skew_10_M10000_s12","rasch","skew_pos",10,10000,12,0.7,"ok",1.24059701641742,2.39778086275066e-10,0.0076909981605513,5.50799999999992
"a_rasch_skew_10_M10000_s13","rasch","skew_pos",10,10000,13,0.7,"ok",1.16349142013316,2.24522134217864e-09,-0.00377990812889784,5.04499999999996
"a_rasch_skew_10_M10000_s14","rasch","skew_pos",10,10000,14,0.7,"ok",1.11804788259979,1.41024525390776e-10,-0.00721433169712604,4.35900000000004
"a_rasch_skew_10_M10000_s15","rasch","skew_pos",10,10000,15,0.7,"ok",1.11214716293718,1.62368918310563e-09,0.000415878430324423,5.51700000000005
"a_rasch_skew_10_M10000_s16","rasch","skew_pos",10,10000,16,0.7,"ok",1.14360229602685,2.76408096411274e-09,-0.00109494443875247,4.94399999999996
"a_rasch_skew_10_M10000_s17","rasch","skew_pos",10,10000,17,0.7,"ok",1.18132949346997,1.27694288476476e-09,0.00163421880573478,5.32799999999997
"a_rasch_skew_10_M10000_s18","rasch","skew_pos",10,10000,18,0.7,"ok",1.13396671590563,2.37500408228897e-09,-0.00179524600752845,5.21499999999992
"a_rasch_skew_10_M10000_s19","rasch","skew_pos",10,10000,19,0.7,"ok",1.15219233286732,1.36368027980893e-10,-0.00658653388180275,4.87399999999991
"a_rasch_skew_10_M10000_s20","rasch","skew_pos",10,10000,20,0.7,"ok",1.16784577855966,2.40859332478749e-10,-0.000270567326607463,5.57899999999995
"a_rasch_skew_10_M20000_s01","rasch","skew_pos",10,20000,1,0.7,"ok",1.21024386946506,9.8394936642876e-10,-0.000716720018562489,10.498
"a_rasch_skew_10_M20000_s02","rasch","skew_pos",10,20000,2,0.7,"ok",1.19121169926492,2.7542959024629e-09,0.00266887528196857,11.095
"a_rasch_skew_10_M20000_s03","rasch","skew_pos",10,20000,3,0.7,"ok",1.1318746528514,2.34885311201083e-09,-0.000804101038174188,11.552
"a_rasch_skew_10_M20000_s04","rasch","skew_pos",10,20000,4,0.7,"ok",1.25987125365473,1.11035047822838e-09,0.001643117848806,11.287
"a_rasch_skew_10_M20000_s05","rasch","skew_pos",10,20000,5,0.7,"ok",1.10366223276559,9.37093735942085e-10,-0.00524973609498258,11.461
"a_rasch_skew_10_M20000_s06","rasch","skew_pos",10,20000,6,0.7,"ok",1.12874631711019,1.33903965693349e-09,-0.00201264888233443,11.274
"a_rasch_skew_10_M20000_s07","rasch","skew_pos",10,20000,7,0.7,"ok",1.26858611723857,2.17011975056636e-09,-0.00305479822718646,11.187
"a_rasch_skew_10_M20000_s08","rasch","skew_pos",10,20000,8,0.7,"ok",1.2423786173496,1.11676456970855e-09,-0.00133336408875961,11.404
"a_rasch_skew_10_M20000_s09","rasch","skew_pos",10,20000,9,0.7,"ok",1.19294174076054,2.39540687285711e-09,0.00173553257129888,10.302
"a_rasch_skew_10_M20000_s10","rasch","skew_pos",10,20000,10,0.7,"ok",1.29769219630989,8.38616620590926e-10,-0.000770018644162818,11.421
"a_rasch_skew_10_M20000_s11","rasch","skew_pos",10,20000,11,0.7,"ok",1.20797122200698,1.75579473182808e-09,-0.000120184529500578,10.188
"a_rasch_skew_10_M20000_s12","rasch","skew_pos",10,20000,12,0.7,"ok",1.14178468035005,2.31695373997809e-09,-0.00211624641638986,11.248
"a_rasch_skew_10_M20000_s13","rasch","skew_pos",10,20000,13,0.7,"ok",1.08769383971927,7.38721195325809e-10,0.0034506418900091,11.1799999999999
"a_rasch_skew_10_M20000_s14","rasch","skew_pos",10,20000,14,0.7,"ok",1.21547780421987,1.92341487181835e-09,0.000421606848684086,11.05
"a_rasch_skew_10_M20000_s15","rasch","skew_pos",10,20000,15,0.7,"ok",1.10615445369494,6.96965041235842e-10,-0.00116493847897658,11.3679999999999
"a_rasch_skew_10_M20000_s16","rasch","skew_pos",10,20000,16,0.7,"ok",1.26161425522589,1.65596103496313e-09,-0.000366008650160898,9.23900000000003
"a_rasch_skew_10_M20000_s17","rasch","skew_pos",10,20000,17,0.7,"ok",1.13559597483415,2.75753531120415e-09,-0.000223733600108633,11.7809999999999
"a_rasch_skew_10_M20000_s18","rasch","skew_pos",10,20000,18,0.7,"ok",1.22402090592,1.44334577623084e-09,0.00203413273952147,11.352
"a_rasch_skew_10_M20000_s19","rasch","skew_pos",10,20000,19,0.7,"ok",1.21863971574623,2.7168619576301e-09,0.00303848926992434,10.9830000000001
"a_rasch_skew_10_M20000_s20","rasch","skew_pos",10,20000,20,0.7,"ok",1.11229221549964,2.84363765867823e-09,-0.000914628624570479,11.7940000000001
"a_rasch_skew_10_M2500_s01","rasch","skew_pos",10,2500,1,0.7,"ok",1.11433661164833,1.57254276267338e-09,-0.00332024157774069,1.265
"a_rasch_skew_10_M2500_s02","rasch","skew_pos",10,2500,2,0.7,"ok",1.16211386618697,2.75349887335352e-09,-0.00575020427766959,1.306
"a_rasch_skew_10_M2500_s03","rasch","skew_pos",10,2500,3,0.7,"ok",1.15000381698603,2.21330098693073e-09,0.0108754542743367,1.34099999999999
"a_rasch_skew_10_M2500_s04","rasch","skew_pos",10,2500,4,0.7,"ok",1.13196176530692,1.16247695913785e-08,-0.00019985689075841,1.35000000000002
"a_rasch_skew_10_M2500_s05","rasch","skew_pos",10,2500,5,0.7,"ok",1.12736547445783,2.93722068889224e-09,0.00117263553812186,1.39700000000002
"a_rasch_skew_10_M2500_s06","rasch","skew_pos",10,2500,6,0.7,"ok",1.22767643426549,1.82817372351707e-09,0.00140930884240609,1.28200000000001
"a_rasch_skew_10_M2500_s07","rasch","skew_pos",10,2500,7,0.7,"ok",1.12093252935743,1.55408719226813e-09,-0.00134563251028197,1.303
"a_rasch_skew_10_M2500_s08","rasch","skew_pos",10,2500,8,0.7,"ok",1.11215381286992,1.72392156105872e-09,-0.00887086225798539,1.24599999999998
"a_rasch_skew_10_M2500_s09","rasch","skew_pos",10,2500,9,0.7,"ok",1.12545625681687,2.89585710966378e-09,-0.00748157811710481,1.29599999999999
"a_rasch_skew_10_M2500_s10","rasch","skew_pos",10,2500,10,0.7,"ok",1.13857108734192,2.46749365384602e-09,0.00271118428450989,1.358
"a_rasch_skew_10_M2500_s11","rasch","skew_pos",10,2500,11,0.7,"ok",1.13908925712094,2.52452225790734e-09,-0.00744863632187065,1.36700000000002
"a_rasch_skew_10_M2500_s12","rasch","skew_pos",10,2500,12,0.7,"ok",1.20666003919798,2.49628484549902e-09,0.0112555586355593,1.07900000000006
"a_rasch_skew_10_M2500_s13","rasch","skew_pos",10,2500,13,0.7,"ok",1.08386737169981,3.00611224801628e-09,-0.00880902681105578,0.758000000000038
"a_rasch_skew_10_M2500_s14","rasch","skew_pos",10,2500,14,0.7,"ok",1.20431518078348,2.64866162336119e-09,0.000259524685630175,1.33199999999999
"a_rasch_skew_10_M2500_s15","rasch","skew_pos",10,2500,15,0.7,"ok",1.06744464102449,2.02423833250975e-09,-0.00476506323219117,1.36599999999999
"a_rasch_skew_10_M2500_s16","rasch","skew_pos",10,2500,16,0.7,"ok",1.19430809924156,2.14628492756219e-09,0.00642573919438938,1.40600000000006
"a_rasch_skew_10_M2500_s17","rasch","skew_pos",10,2500,17,0.7,"ok",1.20666671301741,2.34306485324964e-09,-0.00443581678812666,1.55399999999997
"a_rasch_skew_10_M2500_s18","rasch","skew_pos",10,2500,18,0.7,"ok",1.16238398185402,2.60915178351695e-09,0.0082598008833441,1.35199999999998
"a_rasch_skew_10_M2500_s19","rasch","skew_pos",10,2500,19,0.7,"ok",1.14967318157146,2.09853168176011e-09,0.0062541423298339,1.31200000000001
"a_rasch_skew_10_M2500_s20","rasch","skew_pos",10,2500,20,0.7,"ok",1.17706106025303,1.56458956901417e-10,0.000256857141379019,1.54600000000005
"a_rasch_skew_10_M500_s01","rasch","skew_pos",10,500,1,0.7,"ok",1.16665043592315,2.49381437722462e-09,-0.00655715445227378,0.39
"a_rasch_skew_10_M500_s02","rasch","skew_pos",10,500,2,0.7,"ok",1.19578223643064,1.21793386487212e-09,0.00908803426701077,0.455000000000002
"a_rasch_skew_10_M500_s03","rasch","skew_pos",10,500,3,0.7,"ok",1.1134243812236,2.12102468921671e-09,-0.0117380594932059,0.472000000000001
"a_rasch_skew_10_M500_s04","rasch","skew_pos",10,500,4,0.7,"ok",1.1785239331736,2.57501031608598e-09,-0.00518679679093326,0.511999999999986
"a_rasch_skew_10_M500_s05","rasch","skew_pos",10,500,5,0.7,"ok",1.07674717620318,7.98972554783006e-10,-0.0204623282189241,0.361999999999995
"a_rasch_skew_10_M500_s06","rasch","skew_pos",10,500,6,0.7,"ok",1.13739366335139,2.21566542890628e-10,-0.0236375268177779,0.524000000000001
"a_rasch_skew_10_M500_s07","rasch","skew_pos",10,500,7,0.7,"ok",1.22995447056415,2.40117437044773e-09,-0.000843715984517379,0.517999999999972
"a_rasch_skew_10_M500_s08","rasch","skew_pos",10,500,8,0.7,"ok",1.05292628997238,3.04516212246142e-09,-0.0203583108355448,0.454000000000008
"a_rasch_skew_10_M500_s09","rasch","skew_pos",10,500,9,0.7,"ok",1.13440512046908,2.60186272527108e-09,-0.00190991452113853,0.48399999999998
"a_rasch_skew_10_M500_s10","rasch","skew_pos",10,500,10,0.7,"ok",1.37353191659591,1.29588229036415e-09,0.0209753023181437,0.492999999999995
"a_rasch_skew_10_M500_s11","rasch","skew_pos",10,500,11,0.7,"ok",1.31218963883113,2.4604955850549e-09,0.0318283329072175,0.463999999999999
"a_rasch_skew_10_M500_s12","rasch","skew_pos",10,500,12,0.7,"ok",1.13232501809958,1.24495580511308e-09,-0.0177093035539571,0.480000000000018
"a_rasch_skew_10_M500_s13","rasch","skew_pos",10,500,13,0.7,"ok",1.20586547475895,2.07943973151714e-08,-0.00983803402516181,0.503000000000043
"a_rasch_skew_10_M500_s14","rasch","skew_pos",10,500,14,0.7,"ok",1.24268677806392,1.06633797347655e-08,0.0111804547877894,0.452999999999975
"a_rasch_skew_10_M500_s15","rasch","skew_pos",10,500,15,0.7,"ok",1.21056135973855,1.58021740137571e-09,0.00972371740698463,0.504999999999995
"a_rasch_skew_10_M500_s16","rasch","skew_pos",10,500,16,0.7,"ok",1.07543946172672,2.23775997731934e-09,-0.0200021679969091,0.486999999999966
"a_rasch_skew_10_M500_s17","rasch","skew_pos",10,500,17,0.7,"ok",1.2190597168279,2.26604068842562e-09,0.0129968948154081,0.475999999999999
"a_rasch_skew_10_M500_s18","rasch","skew_pos",10,500,18,0.7,"ok",1.21839825916221,1.90021098855908e-09,0.0194541630473731,0.399000000000001
"a_rasch_skew_10_M500_s19","rasch","skew_pos",10,500,19,0.7,"ok",1.32188455774531,1.41615819071461e-09,0.0191343221899786,0.5
"a_rasch_skew_10_M500_s20","rasch","skew_pos",10,500,20,0.7,"ok",1.15262015642213,2.44303388630129e-09,-0.00574580272972336,0.442000000000007
"a_rasch_skew_10_M5000_s01","rasch","skew_pos",10,5000,1,0.7,"ok",1.12494957068055,1.2501142343524e-09,0.00414882167548691,2.283
"a_rasch_skew_10_M5000_s02","rasch","skew_pos",10,5000,2,0.7,"ok",1.14320725485876,1.61219970706838e-09,0.00742665481751004,2.765
"a_rasch_skew_10_M5000_s03","rasch","skew_pos",10,5000,3,0.7,"ok",1.13080632428356,2.68758704180527e-09,0.00141491547029793,2.905
"a_rasch_skew_10_M5000_s04","rasch","skew_pos",10,5000,4,0.7,"ok",1.11972237647811,2.45741760274143e-09,-0.0036993248364493,2.82400000000001
"a_rasch_skew_10_M5000_s05","rasch","skew_pos",10,5000,5,0.7,"ok",1.13893096609475,1.65897506843038e-09,-0.00189601333708789,2.506
"a_rasch_skew_10_M5000_s06","rasch","skew_pos",10,5000,6,0.7,"ok",1.23259521908744,-6.23402360844239e-08,-0.00497988462032373,2.82500000000002
"a_rasch_skew_10_M5000_s07","rasch","skew_pos",10,5000,7,0.7,"ok",1.14980129867375,2.67315514168587e-09,0.00333782635731439,2.28199999999998
"a_rasch_skew_10_M5000_s08","rasch","skew_pos",10,5000,8,0.7,"ok",1.17831409699673,1.92440230417645e-09,-0.00170513687863305,2.58300000000003
"a_rasch_skew_10_M5000_s09","rasch","skew_pos",10,5000,9,0.7,"ok",1.19644078138596,8.47501513412396e-10,-0.00207566568832318,2.65899999999999
"a_rasch_skew_10_M5000_s10","rasch","skew_pos",10,5000,10,0.7,"ok",1.21406513227261,1.03021313702101e-09,-2.14648108054494e-05,2.44
"a_rasch_skew_10_M5000_s11","rasch","skew_pos",10,5000,11,0.7,"ok",1.19476700771303,1.01019836939997e-09,0.00161448214326798,2.59099999999995
"a_rasch_skew_10_M5000_s12","rasch","skew_pos",10,5000,12,0.7,"ok",1.17670187502992,1.03097641535044e-09,0.0071988002642821,2.46600000000001
"a_rasch_skew_10_M5000_s13","rasch","skew_pos",10,5000,13,0.7,"ok",1.17721950996982,2.75690503759307e-09,-0.000164286419781168,2.423
"a_rasch_skew_10_M5000_s14","rasch","skew_pos",10,5000,14,0.7,"ok",1.14630406434207,1.95374416644967e-09,0.00307299548166717,2.77599999999995
"a_rasch_skew_10_M5000_s15","rasch","skew_pos",10,5000,15,0.7,"ok",1.15762976450633,2.03479677551854e-09,-0.000581197500420516,2.63799999999992
"a_rasch_skew_10_M5000_s16","rasch","skew_pos",10,5000,16,0.7,"ok",1.09688873269516,1.39549927169469e-10,-0.00551423450075339,2.6339999999999
"a_rasch_skew_10_M5000_s17","rasch","skew_pos",10,5000,17,0.7,"ok",1.14901988771549,1.82760762079681e-09,-0.000382496924273501,2.774
"a_rasch_skew_10_M5000_s18","rasch","skew_pos",10,5000,18,0.7,"ok",1.13328846010457,1.56820278984782e-09,0.00128257648634189,2.71000000000004
"a_rasch_skew_10_M5000_s19","rasch","skew_pos",10,5000,19,0.7,"ok",1.23841472329873,1.89530002803195e-09,0.00405481343662539,2.423
"a_rasch_skew_10_M5000_s20","rasch","skew_pos",10,5000,20,0.7,"ok",1.23692134404795,2.67522770602824e-09,0.00896621236091455,2.42699999999991
"a_rasch_skew_10_M50000_s01","rasch","skew_pos",10,50000,1,0.7,"ok",1.18766686061253,1.01517583228627e-09,0.00246988076476418,28.957
"a_rasch_skew_10_M50000_s02","rasch","skew_pos",10,50000,2,0.7,"ok",1.15695856869062,2.41469355621859e-09,0.00218747983328826,29.547
"a_rasch_skew_10_M50000_s03","rasch","skew_pos",10,50000,3,0.7,"ok",1.14445839848339,5.54536860875032e-10,0.00178470051683677,29.189
"a_rasch_skew_10_M50000_s04","rasch","skew_pos",10,50000,4,0.7,"ok",1.13454793443373,1.16025422602917e-09,0.00212423042982635,27.051
"a_rasch_skew_10_M50000_s05","rasch","skew_pos",10,50000,5,0.7,"ok",1.11547478823315,1.98182836808058e-09,-0.00280303502798007,29.487
"a_rasch_skew_10_M50000_s06","rasch","skew_pos",10,50000,6,0.7,"ok",1.15177673068484,2.24533003301275e-09,-0.0014102061492598,28.02
"a_rasch_skew_10_M50000_s07","rasch","skew_pos",10,50000,7,0.7,"ok",1.16743820214838,1.87666715500967e-09,-0.00051313892473992,28.579
"a_rasch_skew_10_M50000_s08","rasch","skew_pos",10,50000,8,0.7,"ok",1.1193996676343,2.38273167862957e-09,-0.00306296129042749,26.702
"a_rasch_skew_10_M50000_s09","rasch","skew_pos",10,50000,9,0.7,"ok",1.18192788107711,2.44453413067447e-09,-0.00146337855502299,28.824
"a_rasch_skew_10_M50000_s10","rasch","skew_pos",10,50000,10,0.7,"ok",1.22466008279918,2.44257281067917e-10,0.00176945814328522,26.5
"a_rasch_skew_10_M50000_s11","rasch","skew_pos",10,50000,11,0.7,"ok",1.1778359098895,2.39112651900797e-09,-0.000963659003331618,30.1640000000001
"a_rasch_skew_10_M50000_s12","rasch","skew_pos",10,50000,12,0.7,"ok",1.13366935878147,2.68960120841655e-09,0.00157954081277611,25.8579999999999
"a_rasch_skew_10_M50000_s13","rasch","skew_pos",10,50000,13,0.7,"ok",1.20818925695485,1.36182487509018e-09,-0.00311467035301904,29.598
"a_rasch_skew_10_M50000_s14","rasch","skew_pos",10,50000,14,0.7,"ok",1.22578558415617,2.11947404071822e-09,0.00328937407329288,30.0219999999999
"a_rasch_skew_10_M50000_s15","rasch","skew_pos",10,50000,15,0.7,"ok",1.11978091544184,2.943057242355e-09,0.000547322300155861,31.446
"a_rasch_skew_10_M50000_s16","rasch","skew_pos",10,50000,16,0.7,"ok",1.18422303828357,2.68507494016745e-09,0.00369097006457264,29.811
"a_rasch_skew_10_M50000_s17","rasch","skew_pos",10,50000,17,0.7,"ok",1.3559177240805,1.59950364064798e-09,0.00166751888719718,28.26
"a_rasch_skew_10_M50000_s18","rasch","skew_pos",10,50000,18,0.7,"ok",1.27724878392503,2.41445308191146e-09,0.00153625978868621,29.157
"a_rasch_skew_10_M50000_s19","rasch","skew_pos",10,50000,19,0.7,"ok",1.12457582951215,2.4845845381094e-09,7.48364489416842e-05,29.6559999999999
"a_rasch_skew_10_M50000_s20","rasch","skew_pos",10,50000,20,0.7,"ok",1.13879431431788,2.825615963431e-09,-0.00174835385201788,26.226
"a_rasch_skew_40_M1000_s01","rasch","skew_pos",40,1000,1,0.7,"ok",0.531051054954821,2.87569523749198e-09,0.0198777899902645,1.243
"a_rasch_skew_40_M1000_s02","rasch","skew_pos",40,1000,2,0.7,"ok",0.527874024528505,4.08420186559511e-10,0.013196447782706,1.281
"a_rasch_skew_40_M1000_s03","rasch","skew_pos",40,1000,3,0.7,"ok",0.508617248555088,2.43163622570819e-09,0.000264753380555649,1.404
"a_rasch_skew_40_M1000_s04","rasch","skew_pos",40,1000,4,0.7,"ok",0.520008423694754,3.26943072614938e-09,0.007207629337739,1.331
"a_rasch_skew_40_M1000_s05","rasch","skew_pos",40,1000,5,0.7,"ok",0.511877674597804,3.30256377800708e-09,-0.00300892856020762,1.34100000000001
"a_rasch_skew_40_M1000_s06","rasch","skew_pos",40,1000,6,0.7,"ok",0.528708388846717,3.18257309395165e-09,0.00758714115150072,1.32399999999998
"a_rasch_skew_40_M1000_s07","rasch","skew_pos",40,1000,7,0.7,"ok",0.509776371539174,1.64429969640167e-09,-0.00268409000961856,1.21699999999998
"a_rasch_skew_40_M1000_s08","rasch","skew_pos",40,1000,8,0.7,"ok",0.523857869185219,2.13802442416977e-09,0.0123246308669361,1.36799999999999
"a_rasch_skew_40_M1000_s09","rasch","skew_pos",40,1000,9,0.7,"ok",0.519032013522635,1.49320522613294e-09,0.00840884387745233,1.55799999999999
"a_rasch_skew_40_M1000_s10","rasch","skew_pos",40,1000,10,0.7,"ok",0.501704840074155,8.89341933429932e-10,-0.00637922832490967,1.315
"a_rasch_skew_40_M1000_s11","rasch","skew_pos",40,1000,11,0.7,"ok",0.525768734514112,2.46583409246881e-09,0.00931646471812375,1.346
"a_rasch_skew_40_M1000_s12","rasch","skew_pos",40,1000,12,0.7,"ok",0.525819089191005,1.08984510305277e-09,0.0127795259711696,1.29900000000009
"a_rasch_skew_40_M1000_s13","rasch","skew_pos",40,1000,13,0.7,"ok",0.519949881540022,1.73726255603412e-09,-0.000307851738036269,1.178
"a_rasch_skew_40_M1000_s14","rasch","skew_pos",40,1000,14,0.7,"ok",0.535684280768322,2.28692942361164e-09,0.0201527137080049,0.995999999999981
"a_rasch_skew_40_M1000_s15","rasch","skew_pos",40,1000,15,0.7,"ok",0.529414308817476,2.93652335781047e-09,0.0119383130722559,1.42200000000003
"a_rasch_skew_40_M1000_s16","rasch","skew_pos",40,1000,16,0.7,"ok",0.527310034196372,1.81790094089251e-09,0.0149264082818317,1.29599999999994
"a_rasch_skew_40_M1000_s17","rasch","skew_pos",40,1000,17,0.7,"ok",0.516845858884402,1.65428903908804e-09,0.00681975580027061,1.35899999999992
"a_rasch_skew_40_M1000_s18","rasch","skew_pos",40,1000,18,0.7,"ok",0.503069061374339,2.58807197894839e-09,-0.00823592267995321,1.29499999999996
"a_rasch_skew_40_M1000_s19","rasch","skew_pos",40,1000,19,0.7,"ok",0.528198441236777,1.72272263121442e-09,0.0163939567063802,1.42899999999997
"a_rasch_skew_40_M1000_s20","rasch","skew_pos",40,1000,20,0.7,"ok",0.529022288750905,2.7583040296264e-09,0.0069702817431736,1.12599999999998
"a_rasch_skew_40_M10000_s01","rasch","skew_pos",40,10000,1,0.7,"ok",0.499734612222341,9.02791175150242e-10,-0.00628874259781398,13.567
"a_rasch_skew_40_M10000_s02","rasch","skew_pos",40,10000,2,0.7,"ok",0.506132627630689,2.96232394170204e-09,0.00100050495759396,15.895
"a_rasch_skew_40_M10000_s03","rasch","skew_pos",40,10000,3,0.7,"ok",0.512668628847461,2.25825469435392e-10,-0.000707124295405426,14.377
"a_rasch_skew_40_M10000_s04","rasch","skew_pos",40,10000,4,0.7,"ok",0.507138035694085,3.15625781066586e-09,-0.00334089737900978,14.247
"a_rasch_skew_40_M10000_s05","rasch","skew_pos",40,10000,5,0.7,"ok",0.510850917123308,2.98151614508413e-09,0.00124542264098593,14.755
"a_rasch_skew_40_M10000_s06","rasch","skew_pos",40,10000,6,0.7,"ok",0.505543797272807,2.06035044580943e-09,-0.000897853510152258,15.04
"a_rasch_skew_40_M10000_s07","rasch","skew_pos",40,10000,7,0.7,"ok",0.516935280093385,3.29352001227079e-09,0.00495122911969281,14.238
"a_rasch_skew_40_M10000_s08","rasch","skew_pos",40,10000,8,0.7,"ok",0.511661733722209,1.54705914745534e-10,0.00309563088847875,14.366
"a_rasch_skew_40_M10000_s09","rasch","skew_pos",40,10000,9,0.7,"ok",0.510022137216456,3.24561200137907e-09,0.000127188296868197,14.797
"a_rasch_skew_40_M10000_s10","rasch","skew_pos",40,10000,10,0.7,"ok",0.508215428483619,6.95294266606084e-10,-0.00349758040418491,14.76
"a_rasch_skew_40_M10000_s11","rasch","skew_pos",40,10000,11,0.7,"ok",0.514041665474231,3.25027171843573e-09,-0.00601825690403057,14.575
"a_rasch_skew_40_M10000_s12","rasch","skew_pos",40,10000,12,0.7,"ok",0.499587854264312,3.64434593613794e-10,-0.0106967466996128,12.7900000000001
"a_rasch_skew_40_M10000_s13","rasch","skew_pos",40,10000,13,0.7,"ok",0.517681879838041,3.14783887844783e-09,0.00364109204095708,13.583
"a_rasch_skew_40_M10000_s14","rasch","skew_pos",40,10000,14,0.7,"ok",0.510787646541132,1.13702114390435e-09,0.00126922978808341,14.419
"a_rasch_skew_40_M10000_s15","rasch","skew_pos",40,10000,15,0.7,"ok",0.518575357889626,2.54548115918851e-09,0.00676148667676757,13.702
"a_rasch_skew_40_M10000_s16","rasch","skew_pos",40,10000,16,0.7,"ok",0.524007785192605,1.98147553920336e-09,0.00608829061894312,14.5210000000001
"a_rasch_skew_40_M10000_s17","rasch","skew_pos",40,10000,17,0.7,"ok",0.502898175472221,3.28796456727787e-09,-0.00341306480942083,15.1890000000001
"a_rasch_skew_40_M10000_s18","rasch","skew_pos",40,10000,18,0.7,"ok",0.521660400166959,1.77264658507426e-09,0.0093930215789545,13.789
"a_rasch_skew_40_M10000_s19","rasch","skew_pos",40,10000,19,0.7,"ok",0.516936982807368,3.30662697223261e-09,0.00774210218034355,13.942
"a_rasch_skew_40_M10000_s20","rasch","skew_pos",40,10000,20,0.7,"ok",0.514217377064487,2.69023159304993e-09,0.00107339780816607,13.3779999999999
"a_rasch_skew_40_M20000_s01","rasch","skew_pos",40,20000,1,0.7,"ok",0.511904784973035,2.87887558236832e-09,-0.000947339584452256,29.112
"a_rasch_skew_40_M20000_s02","rasch","skew_pos",40,20000,2,0.7,"ok",0.511864205039507,3.16573922631846e-09,-0.00248006502541487,29.855
"a_rasch_skew_40_M20000_s03","rasch","skew_pos",40,20000,3,0.7,"ok",0.503824637494499,8.99090579764561e-10,-0.000771121867593094,29.95
"a_rasch_skew_40_M20000_s04","rasch","skew_pos",40,20000,4,0.7,"ok",0.511561222419075,2.69844291356236e-09,-0.0033757592419692,30.552
"a_rasch_skew_40_M20000_s05","rasch","skew_pos",40,20000,5,0.7,"ok",0.505817156128681,1.35709921078586e-09,0.000142702074643175,26.654
"a_rasch_skew_40_M20000_s06","rasch","skew_pos",40,20000,6,0.7,"ok",0.509820414767258,1.80494363899442e-09,-0.000410006702414645,29.347
"a_rasch_skew_40_M20000_s07","rasch","skew_pos",40,20000,7,0.7,"ok",0.508643818840177,7.30118299152593e-10,-0.00108802944020014,28.953
"a_rasch_skew_40_M20000_s08","rasch","skew_pos",40,20000,8,0.7,"ok",0.509070764842667,9.04636809906378e-10,0.00124485138139963,31.711
"a_rasch_skew_40_M20000_s09","rasch","skew_pos",40,20000,9,0.7,"ok",0.511578307580804,3.20814008691883e-09,0.00229558911972538,28.256
"a_rasch_skew_40_M20000_s10","rasch","skew_pos",40,20000,10,0.7,"ok",0.510319246679877,3.03522262878886e-09,0.000358530503992149,30.141
"a_rasch_skew_40_M20000_s11","rasch","skew_pos",40,20000,11,0.7,"ok",0.512131986296279,2.51857712463277e-09,0.000389246763025652,28.659
"a_rasch_skew_40_M20000_s12","rasch","skew_pos",40,20000,12,0.7,"ok",0.511537204913687,1.4261440917096e-09,0.00317969595672063,28.827
"a_rasch_skew_40_M20000_s13","rasch","skew_pos",40,20000,13,0.7,"ok",0.513766127513571,3.18072645999479e-09,-0.000553255384279416,30.343
"a_rasch_skew_40_M20000_s14","rasch","skew_pos",40,20000,14,0.7,"ok",0.514411081558779,6.75402289651572e-10,-5.61649438963752e-05,30.2610000000001
"a_rasch_skew_40_M20000_s15","rasch","skew_pos",40,20000,15,0.7,"ok",0.504213462154462,1.98436078679975e-09,-0.00281257528776202,31.713
"a_rasch_skew_40_M20000_s16","rasch","skew_pos",40,20000,16,0.7,"ok",0.507952545667243,1.22820076331465e-09,0.00338171374628715,30.151
"a_rasch_skew_40_M20000_s17","rasch","skew_pos",40,20000,17,0.7,"ok",0.511783216257786,1.84260140478898e-09,0.00234841326177349,31.0839999999999
"a_rasch_skew_40_M20000_s18","rasch","skew_pos",40,20000,18,0.7,"ok",0.508441146933575,3.30073246512796e-09,-0.00072561228709167,30.4299999999999
"a_rasch_skew_40_M20000_s19","rasch","skew_pos",40,20000,19,0.7,"ok",0.500476137734891,3.02185976241987e-09,-0.00637271001315354,28.111
"a_rasch_skew_40_M20000_s20","rasch","skew_pos",40,20000,20,0.7,"ok",0.507220564476371,3.515180369007e-10,-0.00634005828791051,26.586
"a_rasch_skew_40_M2500_s01","rasch","skew_pos",40,2500,1,0.7,"ok",0.514676973520509,1.26610477657607e-09,0.00574601675030051,3.137
"a_rasch_skew_40_M2500_s02","rasch","skew_pos",40,2500,2,0.7,"ok",0.501759265881929,3.29999594317343e-09,-0.00285196445227054,3.325
"a_rasch_skew_40_M2500_s03","rasch","skew_pos",40,2500,3,0.7,"ok",0.508075447946673,4.59320470547198e-10,-0.00111327686035378,3.40100000000001
"a_rasch_skew_40_M2500_s04","rasch","skew_pos",40,2500,4,0.7,"ok",0.502261863302235,2.64043675812786e-10,-0.00353414523070528,3.49799999999999
"a_rasch_skew_40_M2500_s05","rasch","skew_pos",40,2500,5,0.7,"ok",0.497276642925427,3.29029337109432e-09,-0.0124720601358108,3.24799999999999
"a_rasch_skew_40_M2500_s06","rasch","skew_pos",40,2500,6,0.7,"ok",0.500081130546348,3.28264482263307e-09,-0.00935596043622711,3.369
"a_rasch_skew_40_M2500_s07","rasch","skew_pos",40,2500,7,0.7,"ok",0.501300278310279,2.14461837177993e-09,-0.00211304239089349,3.02099999999996
"a_rasch_skew_40_M2500_s08","rasch","skew_pos",40,2500,8,0.7,"ok",0.516536818412641,2.64390775939205e-09,0.00976243979340019,3.46299999999997
"a_rasch_skew_40_M2500_s09","rasch","skew_pos",40,2500,9,0.7,"ok",0.499536098692691,2.97069224775015e-09,-0.00748562900346883,3.41800000000001
"a_rasch_skew_40_M2500_s10","rasch","skew_pos",40,2500,10,0.7,"ok",0.510908575470366,2.48011133852089e-09,-0.00177256006945914,3.54600000000005
"a_rasch_skew_40_M2500_s11","rasch","skew_pos",40,2500,11,0.7,"ok",0.528892640339094,1.87933069106805e-09,0.0106749224918133,3.31399999999996
"a_rasch_skew_40_M2500_s12","rasch","skew_pos",40,2500,12,0.7,"ok",0.504611041990424,3.1234603792285e-09,-0.00385846076998053,3.62400000000002
"a_rasch_skew_40_M2500_s13","rasch","skew_pos",40,2500,13,0.7,"ok",0.495852122539773,2.91067459023964e-09,-0.00987254344486577,3.12900000000002
"a_rasch_skew_40_M2500_s14","rasch","skew_pos",40,2500,14,0.7,"ok",0.49517347866852,3.26329174793472e-09,-0.0133607356472013,3.399
"a_rasch_skew_40_M2500_s15","rasch","skew_pos",40,2500,15,0.7,"ok",0.503757488738681,3.19338611109998e-09,-0.00190484478586372,3.28399999999999
"a_rasch_skew_40_M2500_s16","rasch","skew_pos",40,2500,16,0.7,"ok",0.509729731926884,3.29826177480896e-09,-0.00166495691196578,2.91699999999992
"a_rasch_skew_40_M2500_s17","rasch","skew_pos",40,2500,17,0.7,"ok",0.51418958942007,3.2945035588483e-09,0.00138561276960636,3.255
"a_rasch_skew_40_M2500_s18","rasch","skew_pos",40,2500,18,0.7,"ok",0.518509192676279,2.69343058967308e-09,0.00879805439282966,3.25200000000007
"a_rasch_skew_40_M2500_s19","rasch","skew_pos",40,2500,19,0.7,"ok",0.507247108136966,1.77314873894829e-09,-0.00133391317294396,2.16800000000001
"a_rasch_skew_40_M2500_s20","rasch","skew_pos",40,2500,20,0.7,"ok",0.503346258382049,2.82357726089089e-09,-0.00242037418101726,2.99399999999991
"a_rasch_skew_40_M500_s01","rasch","skew_pos",40,500,1,0.7,"ok",0.537593949941213,1.3754819505607e-09,0.0208568365914369,0.654
"a_rasch_skew_40_M500_s02","rasch","skew_pos",40,500,2,0.7,"ok",0.503313509442584,3.28430371787647e-09,-0.00451074931679873,0.725000000000001
"a_rasch_skew_40_M500_s03","rasch","skew_pos",40,500,3,0.7,"ok",0.530230230316441,1.97083871444903e-09,0.0088071192447291,0.805000000000007
"a_rasch_skew_40_M500_s04","rasch","skew_pos",40,500,4,0.7,"ok",0.467083170492555,2.88536450288035e-09,-0.0359818610068798,0.731000000000009
"a_rasch_skew_40_M500_s05","rasch","skew_pos",40,500,5,0.7,"ok",0.516508100924054,3.31219685012485e-09,0.00645213588118199,0.763000000000005
"a_rasch_skew_40_M500_s06","rasch","skew_pos",40,500,6,0.7,"ok",0.518833838858023,3.31822114230107e-09,0.00744162601088194,0.787999999999982
"a_rasch_skew_40_M500_s07","rasch","skew_pos",40,500,7,0.7,"ok",0.516994219589874,1.45500234083329e-09,0.00598903253209326,0.634999999999991
"a_rasch_skew_40_M500_s08","rasch","skew_pos",40,500,8,0.7,"ok",0.567779632727429,2.42269004857576e-09,0.0393047900141477,0.698000000000036
"a_rasch_skew_40_M500_s09","rasch","skew_pos",40,500,9,0.7,"ok",0.477370843932864,2.0077891571546e-09,-0.0259532493846675,0.781999999999982
"a_rasch_skew_40_M500_s10","rasch","skew_pos",40,500,10,0.7,"ok",0.517376314043759,3.31565130906597e-09,0.00794837528286263,0.605000000000018
"a_rasch_skew_40_M500_s11","rasch","skew_pos",40,500,11,0.7,"ok",0.470814353402994,2.0104895526174e-10,-0.0276140106125234,0.783999999999992
"a_rasch_skew_40_M500_s12","rasch","skew_pos",40,500,12,0.7,"ok",0.56822148799462,1.32158467502919e-08,0.0423596164668791,0.785999999999945
"a_rasch_skew_40_M500_s13","rasch","skew_pos",40,500,13,0.7,"ok",0.480571824438687,4.58487914301031e-10,-0.0229647804616291,0.795000000000073
"a_rasch_skew_40_M500_s14","rasch","skew_pos",40,500,14,0.7,"ok",0.485600753418212,2.65916645370012e-08,-0.0168012489462089,0.77699999999993
"a_rasch_skew_40_M500_s15","rasch","skew_pos",40,500,15,0.7,"ok",0.498496372012146,2.47555898003071e-09,-0.00312960812018337,0.783000000000015
"a_rasch_skew_40_M500_s16","rasch","skew_pos",40,500,16,0.7,"ok",0.488781557699797,2.33718266962057e-09,-0.0153326415236638,0.767999999999915
"a_rasch_skew_40_M500_s17","rasch","skew_pos",40,500,17,0.7,"ok",0.48458349159683,3.29307303648108e-09,-0.0204384467864643,0.765999999999963
"a_rasch_skew_40_M500_s18","rasch","skew_pos",40,500,18,0.7,"ok",0.529977086115198,1.33663091705927e-09,0.0144662107889509,0.781000000000063
"a_rasch_skew_40_M500_s19","rasch","skew_pos",40,500,19,0.7,"ok",0.501199569325234,3.2976096298043e-09,-0.00977180188030879,0.79200000000003
"a_rasch_skew_40_M500_s20","rasch","skew_pos",40,500,20,0.7,"ok",0.507933009265566,4.3094683377376e-10,-0.00139220222949221,0.572000000000003
"a_rasch_skew_40_M5000_s01","rasch","skew_pos",40,5000,1,0.7,"ok",0.497655849882042,2.45054931902189e-09,-0.00398988586402516,6.865
"a_rasch_skew_40_M5000_s02","rasch","skew_pos",40,5000,2,0.7,"ok",0.520587405801688,3.26720239751666e-09,0.00546919358727593,6.517
"a_rasch_skew_40_M5000_s03","rasch","skew_pos",40,5000,3,0.7,"ok",0.520145535007296,3.31745064752198e-09,0.00801295089530929,7.15599999999999
"a_rasch_skew_40_M5000_s04","rasch","skew_pos",40,5000,4,0.7,"ok",0.508333475532641,2.34106833918446e-09,-0.000570391363404088,6.56
"a_rasch_skew_40_M5000_s05","rasch","skew_pos",40,5000,5,0.7,"ok",0.507855938995292,3.23380899835968e-09,-0.00339987063255653,6.88800000000001
"a_rasch_skew_40_M5000_s06","rasch","skew_pos",40,5000,6,0.7,"ok",0.512039032035171,3.15999226785380e-09,0.00511496891931429,7.12899999999999
"a_rasch_skew_40_M5000_s07","rasch","skew_pos",40,5000,7,0.7,"ok",0.514823372270406,1.14121045946547e-09,0.00144853152315272,7.15699999999998
"a_rasch_skew_40_M5000_s08","rasch","skew_pos",40,5000,8,0.7,"ok",0.523525441545708,3.28939642191273e-09,0.0107389795467353,6.517
"a_rasch_skew_40_M5000_s09","rasch","skew_pos",40,5000,9,0.7,"ok",0.515574256011822,1.07742470500938e-09,0.00375396809252726,6.91799999999995
"a_rasch_skew_40_M5000_s10","rasch","skew_pos",40,5000,10,0.7,"ok",0.498416399756334,2.88725454655747e-09,-0.00952932231921888,7.017
"a_rasch_skew_40_M5000_s11","rasch","skew_pos",40,5000,11,0.7,"ok",0.499914123745511,3.01784253142756e-09,-0.00612718851271765,6.791
"a_rasch_skew_40_M5000_s12","rasch","skew_pos",40,5000,12,0.7,"ok",0.514792613098207,2.82876200241589e-09,0.00438336594974786,6.83799999999997
"a_rasch_skew_40_M5000_s13","rasch","skew_pos",40,5000,13,0.7,"ok",0.50250110406989,2.706974755462e-09,-0.0032139311614533,6.423
"a_rasch_skew_40_M5000_s14","rasch","skew_pos",40,5000,14,0.7,"ok",0.518180767470278,3.90106169589899e-10,0.0038115772846895,6.70699999999999
"a_rasch_skew_40_M5000_s15","rasch","skew_pos",40,5000,15,0.7,"ok",0.521700919189472,1.34748323610268e-09,0.00163196164862445,6.84000000000003
"a_rasch_skew_40_M5000_s16","rasch","skew_pos",40,5000,16,0.7,"ok",0.510742561308389,3.17953730011311e-09,-0.000933501895807431,7.37899999999991
"a_rasch_skew_40_M5000_s17","rasch","skew_pos",40,5000,17,0.7,"ok",0.508728128998734,3.29385152486594e-09,-0.003932721768795,7.08800000000008
"a_rasch_skew_40_M5000_s18","rasch","skew_pos",40,5000,18,0.7,"ok",0.510286052108506,3.19959880812348e-09,0.000533118280632516,6.86299999999994
"a_rasch_skew_40_M5000_s19","rasch","skew_pos",40,5000,19,0.7,"ok",0.512310841940834,3.32323024654357e-09,0.00566378909190091,6.36699999999996
"a_rasch_skew_40_M5000_s20","rasch","skew_pos",40,5000,20,0.7,"ok",0.500178108536713,2.32782260134456e-09,-0.00798278956889764,6.79499999999996
"a_rasch_skew_40_M50000_s01","rasch","skew_pos",40,50000,1,0.7,"ok",0.513195261738936,3.03956226854751e-09,5.88789781611476e-05,75.543
"a_rasch_skew_40_M50000_s02","rasch","skew_pos",40,50000,2,0.7,"ok",0.509550913291567,2.67050048741169e-09,-0.00185001834598097,80.102
"a_rasch_skew_40_M50000_s03","rasch","skew_pos",40,50000,3,0.7,"ok",0.510041916372603,2.75083067435844e-09,0.000824350883663394,77.628
"a_rasch_skew_40_M50000_s04","rasch","skew_pos",40,50000,4,0.7,"ok",0.514773028941718,3.24867577283783e-09,0.000458386775460951,74.842
"a_rasch_skew_40_M50000_s05","rasch","skew_pos",40,50000,5,0.7,"ok",0.512649753299359,1.66915070654028e-09,0.00141536649660723,73.609
"a_rasch_skew_40_M50000_s06","rasch","skew_pos",40,50000,6,0.7,"ok",0.511824771835588,1.41678713205806e-09,0.00263872386347552,48.143
"a_rasch_skew_40_M50000_s07","rasch","skew_pos",40,50000,7,0.7,"ok",0.510833088742426,2.28741503516261e-09,-0.000621389540162665,77.418
"a_rasch_skew_40_M50000_s08","rasch","skew_pos",40,50000,8,0.7,"ok",0.507451933669308,3.20183846103106e-09,-0.000963767401595872,76.906
"a_rasch_skew_40_M50000_s09","rasch","skew_pos",40,50000,9,0.7,"ok",0.51082180863751,1.62416402549326e-09,-0.00088310872440811,76.408
"a_rasch_skew_40_M50000_s10","rasch","skew_pos",40,50000,10,0.7,"ok",0.506130112968303,2.87850654423494e-09,0.00219768439201351,77.9660000000001
"a_rasch_skew_40_M50000_s11","rasch","skew_pos",40,50000,11,0.7,"ok",0.511833957203421,2.00678684780797e-09,0.00260563662568802,69.912
"a_rasch_skew_40_M50000_s12","rasch","skew_pos",40,50000,12,0.7,"ok",0.515878936302701,2.03886751926063e-09,0.000407869935301064,49.2529999999999
"a_rasch_skew_40_M50000_s13","rasch","skew_pos",40,50000,13,0.7,"ok",0.519630545681772,3.7418401710454e-10,0.00250467106793728,73.3439999999999
"a_rasch_skew_40_M50000_s14","rasch","skew_pos",40,50000,14,0.7,"ok",0.505581521470363,3.29324956194199e-09,-0.00223607367000012,78.558
"a_rasch_skew_40_M50000_s15","rasch","skew_pos",40,50000,15,0.7,"ok",0.514760635935822,3.28061522392176e-09,-0.000719178343763671,75.1120000000001
"a_rasch_skew_40_M50000_s16","rasch","skew_pos",40,50000,16,0.7,"ok",0.507976015232457,2.58576282607947e-09,-0.00219772378840177,77.218
"a_rasch_skew_40_M50000_s17","rasch","skew_pos",40,50000,17,0.7,"ok",0.512603575797946,3.27255711418672e-09,-0.000219186712442365,75.038
"a_rasch_skew_40_M50000_s18","rasch","skew_pos",40,50000,18,0.7,"ok",0.505226633749991,5.19672638255031e-10,-0.00140064269723494,48.725
"a_rasch_skew_40_M50000_s19","rasch","skew_pos",40,50000,19,0.7,"ok",0.506336365654239,2.37633646094082e-09,-0.00208951580658734,69.855
"a_rasch_skew_40_M50000_s20","rasch","skew_pos",40,50000,20,0.7,"ok",0.511069820896301,1.48403078714665e-09,0.000148483880909489,49.502
