"cond_id","setting_id","model","latent_shape","n_items","seed_id","a","A","gamma","n_iter","M_per_iter","target_rho","status","c_star_sac","c_star_eqc","c_bias","achieved","delta","projection_rate","converged","elapsed_sec"
"b_cfg01_2pl_bimo_s01","cfg01","2pl","bimodal",20,1,1,50,0.67,1000,1000,0.7,"ok",0.704552945404617,0.687613928825421,0.0169390165791957,0.700248108182326,0.000248108182326012,0,TRUE,14.2540000000001
"b_cfg01_2pl_bimo_s02","cfg01","2pl","bimodal",20,2,1,50,0.67,1000,1000,0.7,"ok",0.623102912661409,0.839853244977278,-0.216750332315869,0.699767530570267,-0.000232469429732651,0,TRUE,17.4640000000002
"b_cfg01_2pl_bimo_s03","cfg01","2pl","bimodal",20,3,1,50,0.67,1000,1000,0.7,"ok",0.730165007171418,0.756065617436913,-0.0259006102654958,0.700804959857022,0.00080495985702167,0,TRUE,17.1990000000001
"b_cfg01_2pl_bimo_s04","cfg01","2pl","bimodal",20,4,1,50,0.67,1000,1000,0.7,"ok",0.717101800222083,0.653105741470119,0.0639960587519643,0.700315979071873,0.000315979071872863,0,TRUE,17.3909999999998
"b_cfg01_2pl_bimo_s05","cfg01","2pl","bimodal",20,5,1,50,0.67,1000,1000,0.7,"ok",0.744174742491304,0.755556275769883,-0.0113815332785795,0.700282362648426,0.000282362648425849,0,TRUE,17.53
"b_cfg01_2pl_bimo_s06","cfg01","2pl","bimodal",20,6,1,50,0.67,1000,1000,0.7,"ok",0.690847383385107,0.671929818563259,0.0189175648218486,0.700575835572532,0.000575835572531824,0,TRUE,19.0799999999999
"b_cfg01_2pl_bimo_s07","cfg01","2pl","bimodal",20,7,1,50,0.67,1000,1000,0.7,"ok",0.740349525938906,0.713524480930176,0.02682504500873,0.700052290493449,5.22904934493473e-05,0,TRUE,18.499
"b_cfg01_2pl_bimo_s08","cfg01","2pl","bimodal",20,8,1,50,0.67,1000,1000,0.7,"ok",0.675646985030068,0.706336755534239,-0.030689770504171,0.700199366523246,0.000199366523246258,0,TRUE,18.5840000000001
"b_cfg01_2pl_bimo_s09","cfg01","2pl","bimodal",20,9,1,50,0.67,1000,1000,0.7,"ok",0.738462779645156,0.695215396668694,0.0432473829764612,0.700219326022258,0.00021932602225827,0,TRUE,18.683
"b_cfg01_2pl_bimo_s10","cfg01","2pl","bimodal",20,10,1,50,0.67,1000,1000,0.7,"ok",0.700811872346407,0.708900388249867,-0.0080885159034606,0.700352954113933,0.000352954113932991,0,TRUE,18.3030000000001
"b_cfg01_2pl_norm_s01","cfg01","2pl","normal",20,1,1,50,0.67,1000,1000,0.7,"ok",0.703899910772654,0.686295834860028,0.017604075912626,0.700380670302186,0.000380670302185804,0,TRUE,19.116
"b_cfg01_2pl_norm_s02","cfg01","2pl","normal",20,2,1,50,0.67,1000,1000,0.7,"ok",0.682544392548668,0.703179719686987,-0.0206353271383196,0.700194686171006,0.000194686171006042,0,TRUE,17.2560000000001
"b_cfg01_2pl_norm_s03","cfg01","2pl","normal",20,3,1,50,0.67,1000,1000,0.7,"ok",0.751335774825557,0.66618681565708,0.0851489591684775,0.700357833398303,0.000357833398303309,0,TRUE,17.412
"b_cfg01_2pl_norm_s04","cfg01","2pl","normal",20,4,1,50,0.67,1000,1000,0.7,"ok",0.792223314914527,0.699470060676997,0.0927532542375299,0.700120939096234,0.000120939096234451,0,TRUE,17.5439999999999
"b_cfg01_2pl_norm_s05","cfg01","2pl","normal",20,5,1,50,0.67,1000,1000,0.7,"ok",0.700390130380677,0.734871727320371,-0.0344815969396932,0.700388622537721,0.000388622537721428,0,TRUE,17.663
"b_cfg01_2pl_norm_s06","cfg01","2pl","normal",20,6,1,50,0.67,1000,1000,0.7,"ok",0.737860471366446,0.76905476577815,-0.0311942944117047,0.700255382626517,0.000255382626516698,0,TRUE,20.6759999999999
"b_cfg01_2pl_norm_s07","cfg01","2pl","normal",20,7,1,50,0.67,1000,1000,0.7,"ok",0.689280768024144,0.795411723147762,-0.106130955123619,0.699629842276009,-0.000370157723991293,0,TRUE,18.7779999999998
"b_cfg01_2pl_norm_s08","cfg01","2pl","normal",20,8,1,50,0.67,1000,1000,0.7,"ok",0.753922997085002,0.699673997373264,0.0542489997117374,0.700228459580584,0.000228459580584262,0,TRUE,12.702
"b_cfg01_2pl_norm_s09","cfg01","2pl","normal",20,9,1,50,0.67,1000,1000,0.7,"ok",0.749317075776697,0.720897695432748,0.0284193803439488,0.700429246365796,0.000429246365795555,0,TRUE,18.883
"b_cfg01_2pl_norm_s10","cfg01","2pl","normal",20,10,1,50,0.67,1000,1000,0.7,"ok",0.695834456994291,0.631979380845267,0.0638550761490237,0.699994777848363,-5.2221516371187e-06,0,TRUE,18.6289999999999
"b_cfg01_2pl_skew_s01","cfg01","2pl","skew_pos",20,1,1,50,0.67,1000,1000,0.7,"ok",0.674177873486409,0.713345040823155,-0.0391671673367454,0.700171089575781,0.000171089575780603,0,TRUE,13.0629999999999
"b_cfg01_2pl_skew_s02","cfg01","2pl","skew_pos",20,2,1,50,0.67,1000,1000,0.7,"ok",0.720801999054857,0.763900689403937,-0.0430986903490799,0.699990649939643,-9.3500603572938e-06,0,TRUE,17.4059999999999
"b_cfg01_2pl_skew_s03","cfg01","2pl","skew_pos",20,3,1,50,0.67,1000,1000,0.7,"ok",0.560967779445751,0.6240276141462,-0.0630598347004494,0.700655712747727,0.0006557127477268,0,TRUE,17.479
"b_cfg01_2pl_skew_s04","cfg01","2pl","skew_pos",20,4,1,50,0.67,1000,1000,0.7,"ok",0.756976875568846,0.750484408773411,0.00649246679543436,0.70006506228999,6.50622899901476e-05,0,TRUE,17.4830000000002
"b_cfg01_2pl_skew_s05","cfg01","2pl","skew_pos",20,5,1,50,0.67,1000,1000,0.7,"ok",0.778879668785883,0.758752906032982,0.0201267627529008,0.700360981215742,0.000360981215742351,0,TRUE,17.384
"b_cfg01_2pl_skew_s06","cfg01","2pl","skew_pos",20,6,1,50,0.67,1000,1000,0.7,"ok",0.753276644897807,0.769781854658722,-0.0165052097609149,0.700486536105463,0.000486536105462787,0,TRUE,18.1490000000001
"b_cfg01_2pl_skew_s07","cfg01","2pl","skew_pos",20,7,1,50,0.67,1000,1000,0.7,"ok",0.668958716914296,0.713804174825929,-0.0448454579116332,0.69974058010674,-0.000259419893259838,0,TRUE,18.5899999999999
"b_cfg01_2pl_skew_s08","cfg01","2pl","skew_pos",20,8,1,50,0.67,1000,1000,0.7,"ok",0.671368169554134,0.754793704411322,-0.0834255348571886,0.700136692543998,0.000136692543998063,0,TRUE,18.5810000000001
"b_cfg01_2pl_skew_s09","cfg01","2pl","skew_pos",20,9,1,50,0.67,1000,1000,0.7,"ok",0.804493537075118,0.677474667180714,0.127018869894404,0.70032993852793,0.000329938527929952,0,TRUE,18.6229999999998
"b_cfg01_2pl_skew_s10","cfg01","2pl","skew_pos",20,10,1,50,0.67,1000,1000,0.7,"ok",0.663088165864703,0.703564809317453,-0.04047664345275,0.700066810454269,6.68104542689285e-05,0,TRUE,16.7350000000001
"b_cfg01_3pl_g20_bimo_s01","cfg01","3pl_g20","bimodal",20,1,1,50,0.67,1000,1000,0.7,"ok",0.964062699094119,0.940325676900888,0.023737022193231,0.700094110720652,9.41107206520186e-05,0,TRUE,22.8309999999999
"b_cfg01_3pl_g20_bimo_s02","cfg01","3pl_g20","bimodal",20,2,1,50,0.67,1000,1000,0.7,"ok",0.923762926014598,0.884257530520343,0.0395053954942551,0.699969226690886,-3.07733091141627e-05,0,TRUE,22.9200000000001
"b_cfg01_3pl_g20_bimo_s03","cfg01","3pl_g20","bimodal",20,3,1,50,0.67,1000,1000,0.7,"ok",0.956336136194163,0.876537131229868,0.0797990049642946,0.699728874078441,-0.000271125921559423,0,TRUE,23.0420000000001
"b_cfg01_3pl_g20_bimo_s04","cfg01","3pl_g20","bimodal",20,4,1,50,0.67,1000,1000,0.7,"ok",1.00616546809136,0.847542174729206,0.15862329336215,0.699910142963404,-8.98570365960305e-05,0,TRUE,22.3869999999999
"b_cfg01_3pl_g20_bimo_s05","cfg01","3pl_g20","bimodal",20,5,1,50,0.67,1000,1000,0.7,"ok",1.14351770898314,1.07358136155759,0.0699363474255523,0.700214162950679,0.000214162950678665,0,TRUE,22.03
"b_cfg01_3pl_g20_bimo_s06","cfg01","3pl_g20","bimodal",20,6,1,50,0.67,1000,1000,0.7,"ok",0.9194170616785,0.92909546845369,-0.00967840677519016,0.700185150688066,0.000185150688066016,0,TRUE,19.548
"b_cfg01_3pl_g20_bimo_s07","cfg01","3pl_g20","bimodal",20,7,1,50,0.67,1000,1000,0.7,"ok",0.903917714806996,1.03181837935301,-0.127900664546013,0.700005789932833,5.78993283284479e-06,0,TRUE,22.229
"b_cfg01_3pl_g20_bimo_s08","cfg01","3pl_g20","bimodal",20,8,1,50,0.67,1000,1000,0.7,"ok",1.13134425277107,1.03361825659751,0.0977259961735608,0.69946884677253,-0.000531153227469994,0,TRUE,22.1089999999999
"b_cfg01_3pl_g20_bimo_s09","cfg01","3pl_g20","bimodal",20,9,1,50,0.67,1000,1000,0.7,"ok",0.931916713334661,0.949385417682166,-0.0174687043475048,0.699955138410954,-4.48615890457083e-05,0,TRUE,22.9450000000002
"b_cfg01_3pl_g20_bimo_s10","cfg01","3pl_g20","bimodal",20,10,1,50,0.67,1000,1000,0.7,"ok",0.968149996091503,1.01318634015053,-0.0450363440590218,0.700036430065579,3.64300655790739e-05,0,TRUE,23.0159999999998
"b_cfg01_3pl_g20_norm_s01","cfg01","3pl_g20","normal",20,1,1,50,0.67,1000,1000,0.7,"ok",1.00176432836361,0.980160518186657,0.021603810176951,0.700363090999024,0.000363090999024207,0,TRUE,22.4590000000001
"b_cfg01_3pl_g20_norm_s02","cfg01","3pl_g20","normal",20,2,1,50,0.67,1000,1000,0.7,"ok",0.933928531445392,0.889271324180964,0.0446572072644283,0.699990454993738,-9.54500626182408e-06,0,TRUE,22.623
"b_cfg01_3pl_g20_norm_s03","cfg01","3pl_g20","normal",20,3,1,50,0.67,1000,1000,0.7,"ok",0.987775781971019,0.950912986479134,0.0368627954918845,0.699560432532064,-0.000439567467935831,0,TRUE,22.6990000000001
"b_cfg01_3pl_g20_norm_s04","cfg01","3pl_g20","normal",20,4,1,50,0.67,1000,1000,0.7,"ok",0.999084739147796,0.833413602359993,0.165671136787803,0.700701115679048,0.00070111567904807,0,TRUE,22.646
"b_cfg01_3pl_g20_norm_s05","cfg01","3pl_g20","normal",20,5,1,50,0.67,1000,1000,0.7,"ok",0.905441482515052,1.07880876517376,-0.173367282658713,0.699966412976004,-3.35870239955849e-05,0,TRUE,22.78
"b_cfg01_3pl_g20_norm_s06","cfg01","3pl_g20","normal",20,6,1,50,0.67,1000,1000,0.7,"ok",0.898812582522879,0.935798828592245,-0.0369862460693664,0.700719778800723,0.000719778800723492,0,TRUE,24.7850000000001
"b_cfg01_3pl_g20_norm_s07","cfg01","3pl_g20","normal",20,7,1,50,0.67,1000,1000,0.7,"ok",0.866946326839062,0.902701266685608,-0.0357549398465452,0.700082990790251,8.29907902514249e-05,0,TRUE,22.143
"b_cfg01_3pl_g20_norm_s08","cfg01","3pl_g20","normal",20,8,1,50,0.67,1000,1000,0.7,"ok",1.01857654831457,0.980587655745103,0.0379888925694665,0.699672819176584,-0.000327180823416318,0,TRUE,20.8420000000001
"b_cfg01_3pl_g20_norm_s09","cfg01","3pl_g20","normal",20,9,1,50,0.67,1000,1000,0.7,"ok",0.873977721735768,1.05116841621678,-0.17719069448101,0.700211018096324,0.000211018096323956,0,TRUE,23.616
"b_cfg01_3pl_g20_norm_s10","cfg01","3pl_g20","normal",20,10,1,50,0.67,1000,1000,0.7,"ok",0.945141019879865,0.895875104982568,0.0492659148972966,0.699531676981912,-0.000468323018088412,0,TRUE,21.6609999999998
"b_cfg01_3pl_g20_skew_s01","cfg01","3pl_g20","skew_pos",20,1,1,50,0.67,1000,1000,0.7,"ok",0.959266346126518,0.839405734219144,0.119860611907374,0.700102284734189,0.000102284734189384,0,TRUE,22.7809999999999
"b_cfg01_3pl_g20_skew_s02","cfg01","3pl_g20","skew_pos",20,2,1,50,0.67,1000,1000,0.7,"ok",0.768713388685615,0.966816676862479,-0.198103288176864,0.700225981856526,0.00022598185652567,0,TRUE,23.0060000000001
"b_cfg01_3pl_g20_skew_s03","cfg01","3pl_g20","skew_pos",20,3,1,50,0.67,1000,1000,0.7,"ok",0.97224375549827,1.00849232205441,-0.0362485665561355,0.699833458343404,-0.000166541656595465,0,TRUE,20.799
"b_cfg01_3pl_g20_skew_s04","cfg01","3pl_g20","skew_pos",20,4,1,50,0.67,1000,1000,0.7,"ok",1.00439386695638,0.95459064355932,0.0498032233970612,0.699592305145427,-0.000407694854572593,0,TRUE,22.702
"b_cfg01_3pl_g20_skew_s05","cfg01","3pl_g20","skew_pos",20,5,1,50,0.67,1000,1000,0.7,"ok",0.957385396487467,0.995595836299958,-0.0382104398124913,0.699609458446216,-0.000390541553783486,0,TRUE,22.6650000000002
"b_cfg01_3pl_g20_skew_s06","cfg01","3pl_g20","skew_pos",20,6,1,50,0.67,1000,1000,0.7,"ok",0.899518280915175,0.938177418931709,-0.0386591380165342,0.699322353666312,-0.000677646333687609,0,TRUE,21.9400000000001
"b_cfg01_3pl_g20_skew_s07","cfg01","3pl_g20","skew_pos",20,7,1,50,0.67,1000,1000,0.7,"ok",0.828017344302519,1.01799108036489,-0.189973736062371,0.69977817927602,-0.000221820723979915,0,TRUE,22.7190000000001
"b_cfg01_3pl_g20_skew_s08","cfg01","3pl_g20","skew_pos",20,8,1,50,0.67,1000,1000,0.7,"ok",0.910543680613382,0.906582226254697,0.00396145435868578,0.699968309713665,-3.16902863350954e-05,0,TRUE,23.8340000000001
"b_cfg01_3pl_g20_skew_s09","cfg01","3pl_g20","skew_pos",20,9,1,50,0.67,1000,1000,0.7,"ok",0.880650426176679,0.971795490546724,-0.0911450643700448,0.699822232008986,-0.00017776799101421,0,TRUE,22.7280000000001
"b_cfg01_3pl_g20_skew_s10","cfg01","3pl_g20","skew_pos",20,10,1,50,0.67,1000,1000,0.7,"ok",0.862777672770884,0.952335962213694,-0.08955828944281,0.700202195234143,0.000202195234143221,0,TRUE,20.4360000000001
"b_cfg02_2pl_bimo_s01","cfg02","2pl","bimodal",20,1,0.5,50,0.67,1000,1000,0.7,"ok",0.595398922131167,0.772352375434566,-0.176953453303398,0.707157842251093,0.00715784225109339,0,TRUE,19.3020000000001
"b_cfg02_2pl_bimo_s02","cfg02","2pl","bimodal",20,2,0.5,50,0.67,1000,1000,0.7,"ok",0.686165324647504,0.761452092268012,-0.075286767620508,0.707864043977332,0.00786404397733176,0,TRUE,15.845
"b_cfg02_2pl_bimo_s03","cfg02","2pl","bimodal",20,3,0.5,50,0.67,1000,1000,0.7,"ok",0.870257861095347,0.688170888227352,0.182086972867995,0.706472421178312,0.00647242117831204,0,TRUE,18.4110000000001
"b_cfg02_2pl_bimo_s04","cfg02","2pl","bimodal",20,4,0.5,50,0.67,1000,1000,0.7,"ok",0.720316412442834,0.703904766212907,0.0164116462299271,0.707596544747445,0.00759654474744542,0,TRUE,19.3359999999998
"b_cfg02_2pl_bimo_s05","cfg02","2pl","bimodal",20,5,0.5,50,0.67,1000,1000,0.7,"ok",0.694385349225759,0.705331874304221,-0.0109465250784613,0.707607823841063,0.00760782384106307,0,TRUE,17.7270000000001
"b_cfg02_2pl_bimo_s06","cfg02","2pl","bimodal",20,6,0.5,50,0.67,1000,1000,0.7,"ok",0.783007005504825,0.702609064146705,0.0803979413581196,0.706802428122646,0.00680242812264609,0,TRUE,19.0710000000001
"b_cfg02_2pl_bimo_s07","cfg02","2pl","bimodal",20,7,0.5,50,0.67,1000,1000,0.7,"ok",0.735347537557949,0.630441969091264,0.104905568466685,0.706901388518414,0.00690138851841426,0,TRUE,15.171
"b_cfg02_2pl_bimo_s08","cfg02","2pl","bimodal",20,8,0.5,50,0.67,1000,1000,0.7,"ok",0.677065005462132,0.716157463723759,-0.0390924582616272,0.706992423846082,0.00699242384608245,0,TRUE,18.8609999999999
"b_cfg02_2pl_bimo_s09","cfg02","2pl","bimodal",20,9,0.5,50,0.67,1000,1000,0.7,"ok",0.72729672624151,0.727704590447166,-0.000407864205655972,0.707647499025359,0.00764749902535933,0,TRUE,18.2329999999999
"b_cfg02_2pl_bimo_s10","cfg02","2pl","bimodal",20,10,0.5,50,0.67,1000,1000,0.7,"ok",0.835674988980484,0.705651758495215,0.130023230485269,0.70641095540556,0.00641095540556047,0,TRUE,19.2090000000001
"b_cfg02_2pl_norm_s01","cfg02","2pl","normal",20,1,0.5,50,0.67,1000,1000,0.7,"ok",0.73064472235945,0.651216087889316,0.079428634470134,0.706898498926338,0.00689849892633776,0,TRUE,18.578
"b_cfg02_2pl_norm_s02","cfg02","2pl","normal",20,2,0.5,50,0.67,1000,1000,0.7,"ok",0.706818788797959,0.716879630172071,-0.0100608413741113,0.70705002447704,0.00705002447704017,0,TRUE,19.0509999999999
"b_cfg02_2pl_norm_s03","cfg02","2pl","normal",20,3,0.5,50,0.67,1000,1000,0.7,"ok",0.726964014699568,0.621127701314395,0.105836313385172,0.707544668409143,0.00754466840914259,0,TRUE,13.722
"b_cfg02_2pl_norm_s04","cfg02","2pl","normal",20,4,0.5,50,0.67,1000,1000,0.7,"ok",0.739244905886552,0.748200379989117,-0.00895547410256514,0.707661179086532,0.00766117908653197,0,TRUE,18.298
"b_cfg02_2pl_norm_s05","cfg02","2pl","normal",20,5,0.5,50,0.67,1000,1000,0.7,"ok",0.739323194066591,0.7126155952933,0.0267075987732903,0.707571116637896,0.00757111663789578,0,TRUE,14.8620000000001
"b_cfg02_2pl_norm_s06","cfg02","2pl","normal",20,6,0.5,50,0.67,1000,1000,0.7,"ok",0.779763876991511,0.729372213611047,0.0503916633804636,0.706403567708416,0.00640356770841566,0,TRUE,19.3910000000001
"b_cfg02_2pl_norm_s07","cfg02","2pl","normal",20,7,0.5,50,0.67,1000,1000,0.7,"ok",0.773952803719187,0.643815586692119,0.130137217027068,0.70687062403002,0.0068706240300197,0,TRUE,16.8510000000001
"b_cfg02_2pl_norm_s08","cfg02","2pl","normal",20,8,0.5,50,0.67,1000,1000,0.7,"ok",0.701681530540467,0.687933598528149,0.0137479320123175,0.707669057089528,0.0076690570895277,0,TRUE,20.183
"b_cfg02_2pl_norm_s09","cfg02","2pl","normal",20,9,0.5,50,0.67,1000,1000,0.7,"ok",0.654583207787654,0.649256114608629,0.00532709317902536,0.706798333519926,0.00679833351992587,0,TRUE,18.521
"b_cfg02_2pl_norm_s10","cfg02","2pl","normal",20,10,0.5,50,0.67,1000,1000,0.7,"ok",0.779497742546731,0.698891850525727,0.0806058920210038,0.707794360841714,0.00779436084171381,0,TRUE,19.04
"b_cfg02_2pl_skew_s01","cfg02","2pl","skew_pos",20,1,0.5,50,0.67,1000,1000,0.7,"ok",0.739951228551164,0.647024964831764,0.0929262637194004,0.706569541688553,0.00656954168855295,0,TRUE,19.143
"b_cfg02_2pl_skew_s02","cfg02","2pl","skew_pos",20,2,0.5,50,0.67,1000,1000,0.7,"ok",0.736830912279232,0.748194737941367,-0.0113638256621347,0.707459041932292,0.00745904193229163,0,TRUE,18.2159999999999
"b_cfg02_2pl_skew_s03","cfg02","2pl","skew_pos",20,3,0.5,50,0.67,1000,1000,0.7,"ok",0.75131114248471,0.690070460906061,0.0612406815786491,0.706031545970162,0.00603154597016242,0,TRUE,18.4090000000001
"b_cfg02_2pl_skew_s04","cfg02","2pl","skew_pos",20,4,0.5,50,0.67,1000,1000,0.7,"ok",0.703796396067717,0.671748969309291,0.032047426758426,0.707720101143701,0.00772010114370059,0,TRUE,18.087
"b_cfg02_2pl_skew_s05","cfg02","2pl","skew_pos",20,5,0.5,50,0.67,1000,1000,0.7,"ok",0.667767681546342,0.746301068444698,-0.0785333868983555,0.705991707453833,0.0059917074538326,0,TRUE,18.05
"b_cfg02_2pl_skew_s06","cfg02","2pl","skew_pos",20,6,0.5,50,0.67,1000,1000,0.7,"ok",0.658333734672555,0.702366580322204,-0.0440328456496492,0.70666050862712,0.00666050862712031,0,TRUE,18.9400000000001
"b_cfg02_2pl_skew_s07","cfg02","2pl","skew_pos",20,7,0.5,50,0.67,1000,1000,0.7,"ok",0.78290066050666,0.733980264422304,0.0489203960843563,0.70634905979706,0.00634905979706024,0,TRUE,18.376
"b_cfg02_2pl_skew_s08","cfg02","2pl","skew_pos",20,8,0.5,50,0.67,1000,1000,0.7,"ok",0.742297772622293,0.637711908971947,0.104585863650346,0.707098158024743,0.00709815802474301,0,TRUE,18.4939999999999
"b_cfg02_2pl_skew_s09","cfg02","2pl","skew_pos",20,9,0.5,50,0.67,1000,1000,0.7,"ok",0.779612570006833,0.756313139933696,0.023299430073137,0.706080967442732,0.00608096744273212,0,TRUE,16.9860000000001
"b_cfg02_2pl_skew_s10","cfg02","2pl","skew_pos",20,10,0.5,50,0.67,1000,1000,0.7,"ok",0.737118870696644,0.740375634663145,-0.00325676396650054,0.707577148968097,0.00757714896809691,0,TRUE,18.3979999999999
"b_cfg02_3pl_g20_bimo_s01","cfg02","3pl_g20","bimodal",20,1,0.5,50,0.67,1000,1000,0.7,"ok",0.977763353111973,0.930782142334094,0.0469812107778792,0.699918689598399,-8.13104016014199e-05,0,TRUE,22.2350000000001
"b_cfg02_3pl_g20_bimo_s02","cfg02","3pl_g20","bimodal",20,2,0.5,50,0.67,1000,1000,0.7,"ok",0.988256946576757,1.0300702383304,-0.0418132917536467,0.700306130822849,0.00030613082284936,0,TRUE,22.616
"b_cfg02_3pl_g20_bimo_s03","cfg02","3pl_g20","bimodal",20,3,0.5,50,0.67,1000,1000,0.7,"ok",0.908625919492335,1.02367139647879,-0.115045476986451,0.699774189933835,-0.000225810066164844,0,TRUE,23.8499999999999
"b_cfg02_3pl_g20_bimo_s04","cfg02","3pl_g20","bimodal",20,4,0.5,50,0.67,1000,1000,0.7,"ok",0.937073987745677,0.964128534563548,-0.0270545468178707,0.699883462466667,-0.000116537533332739,0,TRUE,21.675
"b_cfg02_3pl_g20_bimo_s05","cfg02","3pl_g20","bimodal",20,5,0.5,50,0.67,1000,1000,0.7,"ok",0.953457036053112,1.00691370443429,-0.0534566683811758,0.700333019376418,0.000333019376418386,0,TRUE,22.0469999999998
"b_cfg02_3pl_g20_bimo_s06","cfg02","3pl_g20","bimodal",20,6,0.5,50,0.67,1000,1000,0.7,"ok",0.900350927529927,0.946424448386209,-0.0460735208562825,0.700327461256161,0.000327461256161343,0,TRUE,22.693
"b_cfg02_3pl_g20_bimo_s07","cfg02","3pl_g20","bimodal",20,7,0.5,50,0.67,1000,1000,0.7,"ok",1.00566673865402,0.962848661801336,0.0428180768526851,0.700231830250741,0.00023183025074125,0,TRUE,22.693
"b_cfg02_3pl_g20_bimo_s08","cfg02","3pl_g20","bimodal",20,8,0.5,50,0.67,1000,1000,0.7,"ok",0.934262549937283,0.939669598809082,-0.00540704887179932,0.699442323017402,-0.000557676982597566,0,TRUE,22.9580000000001
"b_cfg02_3pl_g20_bimo_s09","cfg02","3pl_g20","bimodal",20,9,0.5,50,0.67,1000,1000,0.7,"ok",0.925729255987204,1.07254964339007,-0.146820387402863,0.699817384949048,-0.000182615050951518,0,TRUE,23.1130000000001
"b_cfg02_3pl_g20_bimo_s10","cfg02","3pl_g20","bimodal",20,10,0.5,50,0.67,1000,1000,0.7,"ok",0.980517311863598,0.935244624171325,0.0452726876922729,0.699634541192341,-0.000365458807659369,0,TRUE,23.1490000000001
"b_cfg02_3pl_g20_norm_s01","cfg02","3pl_g20","normal",20,1,0.5,50,0.67,1000,1000,0.7,"ok",0.845242072392489,0.922159123545477,-0.0769170511529872,0.699444867210767,-0.000555132789232693,0,TRUE,22.9299999999998
"b_cfg02_3pl_g20_norm_s02","cfg02","3pl_g20","normal",20,2,0.5,50,0.67,1000,1000,0.7,"ok",0.958358676768275,1.02598739462087,-0.0676287178525985,0.700032497766851,3.24977668507698e-05,0,TRUE,20.0140000000001
"b_cfg02_3pl_g20_norm_s03","cfg02","3pl_g20","normal",20,3,0.5,50,0.67,1000,1000,0.7,"ok",0.943504056716233,0.967241554367355,-0.0237374976511221,0.699727805100108,-0.000272194899891498,0,TRUE,22.3389999999999
"b_cfg02_3pl_g20_norm_s04","cfg02","3pl_g20","normal",20,4,0.5,50,0.67,1000,1000,0.7,"ok",0.89723058438126,0.969295206119363,-0.0720646217381028,0.700403915876058,0.000403915876057703,0,TRUE,22.922
"b_cfg02_3pl_g20_norm_s05","cfg02","3pl_g20","normal",20,5,0.5,50,0.67,1000,1000,0.7,"ok",0.874226631180609,1.00675563532852,-0.132529004147915,0.700377774342096,0.000377774342095627,0,TRUE,22.8339999999998
"b_cfg02_3pl_g20_norm_s06","cfg02","3pl_g20","normal",20,6,0.5,50,0.67,1000,1000,0.7,"ok",0.886987426255387,0.954819838106618,-0.067832411851231,0.70004205284041,4.20528404098119e-05,0,TRUE,23.0310000000002
"b_cfg02_3pl_g20_norm_s07","cfg02","3pl_g20","normal",20,7,0.5,50,0.67,1000,1000,0.7,"ok",0.85432894072072,1.02236933179555,-0.168040391074833,0.69975399998181,-0.000246000018190418,0,TRUE,22.5129999999999
"b_cfg02_3pl_g20_norm_s08","cfg02","3pl_g20","normal",20,8,0.5,50,0.67,1000,1000,0.7,"ok",0.906880434987706,1.07633143999506,-0.169451005007359,0.699988708545806,-1.12914541943177e-05,0,TRUE,20.3140000000001
"b_cfg02_3pl_g20_norm_s09","cfg02","3pl_g20","normal",20,9,0.5,50,0.67,1000,1000,0.7,"ok",0.931023940103282,0.934508154811201,-0.00348421470791904,0.70042041639708,0.000420416397080237,0,TRUE,22.1979999999999
"b_cfg02_3pl_g20_norm_s10","cfg02","3pl_g20","normal",20,10,0.5,50,0.67,1000,1000,0.7,"ok",0.984389109356726,1.03123879179143,-0.046849682434707,0.70024024160746,0.000240241607459724,0,TRUE,21.4389999999999
"b_cfg02_3pl_g20_skew_s01","cfg02","3pl_g20","skew_pos",20,1,0.5,50,0.67,1000,1000,0.7,"ok",0.934510259689617,1.11378154649005,-0.179271286800432,0.69954319273818,-0.000456807261819514,0,TRUE,21.9259999999999
"b_cfg02_3pl_g20_skew_s02","cfg02","3pl_g20","skew_pos",20,2,0.5,50,0.67,1000,1000,0.7,"ok",0.988833775041719,0.931187071903921,0.0576467031377975,0.700118668900869,0.00011866890086909,0,TRUE,20.28
"b_cfg02_3pl_g20_skew_s03","cfg02","3pl_g20","skew_pos",20,3,0.5,50,0.67,1000,1000,0.7,"ok",0.994384131042365,1.02332884864777,-0.028944717605403,0.700231816360523,0.000231816360523163,0,TRUE,23.337
"b_cfg02_3pl_g20_skew_s04","cfg02","3pl_g20","skew_pos",20,4,0.5,50,0.67,1000,1000,0.7,"ok",0.879826042703606,0.842804980762249,0.0370210619413565,0.70008194087733,8.19408773297114e-05,0,TRUE,22.0790000000002
"b_cfg02_3pl_g20_skew_s05","cfg02","3pl_g20","skew_pos",20,5,0.5,50,0.67,1000,1000,0.7,"ok",0.922826468495307,0.903115477474511,0.0197109910207962,0.699751854205875,-0.00024814579412491,0,TRUE,23.1490000000001
"b_cfg02_3pl_g20_skew_s06","cfg02","3pl_g20","skew_pos",20,6,0.5,50,0.67,1000,1000,0.7,"ok",0.988913611375428,1.15333937581039,-0.164425764434963,0.699801984791519,-0.000198015208480506,0,TRUE,22.864
"b_cfg02_3pl_g20_skew_s07","cfg02","3pl_g20","skew_pos",20,7,0.5,50,0.67,1000,1000,0.7,"ok",0.906523568950206,0.867410087871531,0.0391134810786745,0.699947949872786,-5.20501272135432e-05,0,TRUE,22.0920000000001
"b_cfg02_3pl_g20_skew_s08","cfg02","3pl_g20","skew_pos",20,8,0.5,50,0.67,1000,1000,0.7,"ok",0.995443891326059,0.95604859732385,0.0393952940022085,0.699946692269485,-5.33077305148177e-05,0,TRUE,24.364
"b_cfg02_3pl_g20_skew_s09","cfg02","3pl_g20","skew_pos",20,9,0.5,50,0.67,1000,1000,0.7,"ok",0.935200168752806,0.939483489549038,-0.00428332079623239,0.699856433913649,-0.000143566086350466,0,TRUE,23.1010000000001
"b_cfg02_3pl_g20_skew_s10","cfg02","3pl_g20","skew_pos",20,10,0.5,50,0.67,1000,1000,0.7,"ok",0.921746622733736,0.921019379796371,0.000727242937364703,0.69947786427478,-0.000522135725220085,0,TRUE,23.8199999999999
"b_cfg03_2pl_bimo_s01","cfg03","2pl","bimodal",20,1,2,50,0.67,1000,1000,0.7,"ok",0.733560508439351,0.684624214376554,0.0489362940627966,0.700046816589247,4.68165892472117e-05,0,TRUE,16.4860000000001
"b_cfg03_2pl_bimo_s02","cfg03","2pl","bimodal",20,2,2,50,0.67,1000,1000,0.7,"ok",0.78898930327292,0.766278218466796,0.0227110848061236,0.699804868035553,-0.000195131964446538,0,TRUE,15.5830000000001
"b_cfg03_2pl_bimo_s03","cfg03","2pl","bimodal",20,3,2,50,0.67,1000,1000,0.7,"ok",0.799015079349586,0.694645920037584,0.104369159312002,0.700041175248004,4.11752480038441e-05,0,TRUE,17.8320000000001
"b_cfg03_2pl_bimo_s04","cfg03","2pl","bimodal",20,4,2,50,0.67,1000,1000,0.7,"ok",0.6589616584326,0.719639039567579,-0.0606773811349787,0.699933023072981,-6.69769270188469e-05,0,TRUE,17.8090000000002
"b_cfg03_2pl_bimo_s05","cfg03","2pl","bimodal",20,5,2,50,0.67,1000,1000,0.7,"ok",0.727454843086761,0.741706456551496,-0.0142516134647351,0.700081021477519,8.10214775193163e-05,0,TRUE,18.78
"b_cfg03_2pl_bimo_s06","cfg03","2pl","bimodal",20,6,2,50,0.67,1000,1000,0.7,"ok",0.6942645055325,0.71522912442314,-0.0209646188906401,0.70025546268092,0.000255462680920249,0,TRUE,18.645
"b_cfg03_2pl_bimo_s07","cfg03","2pl","bimodal",20,7,2,50,0.67,1000,1000,0.7,"ok",0.683011957433704,0.838849709737733,-0.155837752304029,0.699625640181543,-0.000374359818457237,0,TRUE,17.836
"b_cfg03_2pl_bimo_s08","cfg03","2pl","bimodal",20,8,2,50,0.67,1000,1000,0.7,"ok",0.645626905954004,0.700922948753078,-0.0552960427990737,0.700155968328526,0.000155968328526379,0,TRUE,18.998
"b_cfg03_2pl_bimo_s09","cfg03","2pl","bimodal",20,9,2,50,0.67,1000,1000,0.7,"ok",0.680023067535052,0.752395151387208,-0.0723720838521557,0.700162804517314,0.00016280451731443,0,TRUE,17.24
"b_cfg03_2pl_bimo_s10","cfg03","2pl","bimodal",20,10,2,50,0.67,1000,1000,0.7,"ok",0.805318751551507,0.741924424166852,0.0633943273846551,0.700261574556753,0.000261574556752575,0,TRUE,19.077
"b_cfg03_2pl_norm_s01","cfg03","2pl","normal",20,1,2,50,0.67,1000,1000,0.7,"ok",0.673938382162245,0.696563930499897,-0.0226255483376514,0.700164374518571,0.000164374518570987,0,TRUE,19.6899999999998
"b_cfg03_2pl_norm_s02","cfg03","2pl","normal",20,2,2,50,0.67,1000,1000,0.7,"ok",0.789027842740202,0.775666415777997,0.0133614269622053,0.699616702558833,-0.000383297441166941,0,TRUE,19.05
"b_cfg03_2pl_norm_s03","cfg03","2pl","normal",20,3,2,50,0.67,1000,1000,0.7,"ok",0.733068300565491,0.780086874668177,-0.0470185741026863,0.699797210364266,-0.000202789635733502,0,TRUE,18.1900000000001
"b_cfg03_2pl_norm_s04","cfg03","2pl","normal",20,4,2,50,0.67,1000,1000,0.7,"ok",0.711379934392542,0.736953765648256,-0.0255738312557142,0.700541164637045,0.000541164637045011,0,TRUE,18.211
"b_cfg03_2pl_norm_s05","cfg03","2pl","normal",20,5,2,50,0.67,1000,1000,0.7,"ok",0.706491686252629,0.739143115744925,-0.032651429492296,0.700446584332803,0.000446584332803091,0,TRUE,18.413
"b_cfg03_2pl_norm_s06","cfg03","2pl","normal",20,6,2,50,0.67,1000,1000,0.7,"ok",0.656233768465758,0.685966619602959,-0.0297328511372013,0.699926913215853,-7.30867841466365e-05,0,TRUE,19.636
"b_cfg03_2pl_norm_s07","cfg03","2pl","normal",20,7,2,50,0.67,1000,1000,0.7,"ok",0.706022531620989,0.74217306555863,-0.0361505339376416,0.700146132683226,0.000146132683226496,0,TRUE,17.443
"b_cfg03_2pl_norm_s08","cfg03","2pl","normal",20,8,2,50,0.67,1000,1000,0.7,"ok",0.739061030957087,0.708529102920805,0.0305319280362825,0.699874433418589,-0.000125566581411163,0,TRUE,17.943
"b_cfg03_2pl_norm_s09","cfg03","2pl","normal",20,9,2,50,0.67,1000,1000,0.7,"ok",0.62391560568755,0.614852431212635,0.00906317447491556,0.700370531234317,0.000370531234316962,0,TRUE,17.922
"b_cfg03_2pl_norm_s10","cfg03","2pl","normal",20,10,2,50,0.67,1000,1000,0.7,"ok",0.682181651585339,0.752405314201244,-0.0702236626159053,0.70014885153818,0.000148851538180006,0,TRUE,17.8639999999998
"b_cfg03_2pl_skew_s01","cfg03","2pl","skew_pos",20,1,2,50,0.67,1000,1000,0.7,"ok",0.693466313743406,0.67916552899519,0.0143007847482154,0.700126518667102,0.000126518667101894,0,TRUE,19.27
"b_cfg03_2pl_skew_s02","cfg03","2pl","skew_pos",20,2,2,50,0.67,1000,1000,0.7,"ok",0.756672242022778,0.716580963703807,0.0400912783189709,0.699995617260751,-4.38273924918686e-06,0,TRUE,17.2559999999999
"b_cfg03_2pl_skew_s03","cfg03","2pl","skew_pos",20,3,2,50,0.67,1000,1000,0.7,"ok",0.698884363751818,0.765723966039825,-0.0668396022880064,0.699963316236277,-3.6683763722789e-05,0,TRUE,15.04
"b_cfg03_2pl_skew_s04","cfg03","2pl","skew_pos",20,4,2,50,0.67,1000,1000,0.7,"ok",0.725192721964379,0.798077912982417,-0.0728851910180381,0.699810695928285,-0.000189304071715357,0,TRUE,18.4939999999999
"b_cfg03_2pl_skew_s05","cfg03","2pl","skew_pos",20,5,2,50,0.67,1000,1000,0.7,"ok",0.742266456942612,0.74117176165254,0.00109469529007222,0.699592277343043,-0.000407722656957099,0,TRUE,18.7649999999999
"b_cfg03_2pl_skew_s06","cfg03","2pl","skew_pos",20,6,2,50,0.67,1000,1000,0.7,"ok",0.74872569185207,0.70737246256177,0.0413532292902996,0.699885329931931,-0.000114670068068867,0,TRUE,18.4449999999999
"b_cfg03_2pl_skew_s07","cfg03","2pl","skew_pos",20,7,2,50,0.67,1000,1000,0.7,"ok",0.659290266513579,0.665796521683266,-0.00650625516968728,0.700047424157028,4.74241570285194e-05,0,TRUE,17.0809999999999
"b_cfg03_2pl_skew_s08","cfg03","2pl","skew_pos",20,8,2,50,0.67,1000,1000,0.7,"ok",0.744793818770985,0.658673518508163,0.0861203002628219,0.699453718938579,-0.000546281061420628,0,TRUE,18.566
"b_cfg03_2pl_skew_s09","cfg03","2pl","skew_pos",20,9,2,50,0.67,1000,1000,0.7,"ok",0.73919454946977,0.722797131080382,0.0163974183893876,0.700155727070152,0.000155727070152212,0,TRUE,18.9470000000001
"b_cfg03_2pl_skew_s10","cfg03","2pl","skew_pos",20,10,2,50,0.67,1000,1000,0.7,"ok",0.762841454157427,0.76857641481536,-0.00573496065793311,0.699671194567144,-0.000328805432856072,0,TRUE,18.729
"b_cfg03_3pl_g20_bimo_s01","cfg03","3pl_g20","bimodal",20,1,2,50,0.67,1000,1000,0.7,"ok",1.06368493152341,0.895442189976721,0.168242741546691,0.700024462723606,2.44627236063444e-05,0,TRUE,23.079
"b_cfg03_3pl_g20_bimo_s02","cfg03","3pl_g20","bimodal",20,2,2,50,0.67,1000,1000,0.7,"ok",0.963669960352888,1.05745887233297,-0.0937889119800859,0.700063590243701,6.35902437013947e-05,0,TRUE,22.855
"b_cfg03_3pl_g20_bimo_s03","cfg03","3pl_g20","bimodal",20,3,2,50,0.67,1000,1000,0.7,"ok",0.945995562022694,0.82243442574235,0.123561136280344,0.699784922937836,-0.000215077062163505,0,TRUE,23.0360000000001
"b_cfg03_3pl_g20_bimo_s04","cfg03","3pl_g20","bimodal",20,4,2,50,0.67,1000,1000,0.7,"ok",0.973097045977664,0.897556593193817,0.0755404527838479,0.700155414447478,0.00015541444747813,0,TRUE,22.3240000000001
"b_cfg03_3pl_g20_bimo_s05","cfg03","3pl_g20","bimodal",20,5,2,50,0.67,1000,1000,0.7,"ok",1.02712390973417,0.973857312387022,0.0532665973471522,0.699681782031842,-0.000318217968157897,0,TRUE,23.2930000000001
"b_cfg03_3pl_g20_bimo_s06","cfg03","3pl_g20","bimodal",20,6,2,50,0.67,1000,1000,0.7,"ok",0.973528347639704,0.97061870070003,0.0029096469396741,0.699880418474062,-0.000119581525938384,0,TRUE,23.0129999999999
"b_cfg03_3pl_g20_bimo_s07","cfg03","3pl_g20","bimodal",20,7,2,50,0.67,1000,1000,0.7,"ok",0.919276916320715,0.888200928113117,0.0310759882075983,0.700425851968633,0.000425851968632873,0,TRUE,23.2190000000001
"b_cfg03_3pl_g20_bimo_s08","cfg03","3pl_g20","bimodal",20,8,2,50,0.67,1000,1000,0.7,"ok",1.07340879749438,0.837213249495399,0.236195547998982,0.700480290783909,0.000480290783908766,0,TRUE,22.222
"b_cfg03_3pl_g20_bimo_s09","cfg03","3pl_g20","bimodal",20,9,2,50,0.67,1000,1000,0.7,"ok",0.968969257098979,0.991941746972967,-0.0229724898739874,0.700018970633624,1.89706336242157e-05,0,TRUE,23.204
"b_cfg03_3pl_g20_bimo_s10","cfg03","3pl_g20","bimodal",20,10,2,50,0.67,1000,1000,0.7,"ok",0.877586083327853,1.00951011087972,-0.131924027551865,0.699824044605772,-0.0001759553942281,0,TRUE,22.971
"b_cfg03_3pl_g20_norm_s01","cfg03","3pl_g20","normal",20,1,2,50,0.67,1000,1000,0.7,"ok",0.886336267161877,0.954207859840417,-0.0678715926785401,0.699710365142894,-0.000289634857106091,0,TRUE,22.8910000000001
"b_cfg03_3pl_g20_norm_s02","cfg03","3pl_g20","normal",20,2,2,50,0.67,1000,1000,0.7,"ok",0.888516765815234,0.952959464953596,-0.0644426991383621,0.699860714668472,-0.000139285331528072,0,TRUE,21.7140000000002
"b_cfg03_3pl_g20_norm_s03","cfg03","3pl_g20","normal",20,3,2,50,0.67,1000,1000,0.7,"ok",1.00235977370168,0.890113479346018,0.112246294355661,0.700208517057428,0.000208517057428526,0,TRUE,21.039
"b_cfg03_3pl_g20_norm_s04","cfg03","3pl_g20","normal",20,4,2,50,0.67,1000,1000,0.7,"ok",0.851293855053085,1.00313233014121,-0.151838475088122,0.699814868363175,-0.000185131636825098,0,TRUE,23.354
"b_cfg03_3pl_g20_norm_s05","cfg03","3pl_g20","normal",20,5,2,50,0.67,1000,1000,0.7,"ok",0.991412232725077,0.93946441098322,0.0519478217418565,0.700319718673825,0.000319718673825298,0,TRUE,23.508
"b_cfg03_3pl_g20_norm_s06","cfg03","3pl_g20","normal",20,6,2,50,0.67,1000,1000,0.7,"ok",0.980895105942627,0.9879451922595,-0.00705008631687309,0.700151207891578,0.000151207891578409,0,TRUE,23.0139999999999
"b_cfg03_3pl_g20_norm_s07","cfg03","3pl_g20","normal",20,7,2,50,0.67,1000,1000,0.7,"ok",0.959448816510351,0.875935398509185,0.0835134180011659,0.69953934773428,-0.000460652265719785,0,TRUE,21.441
"b_cfg03_3pl_g20_norm_s08","cfg03","3pl_g20","normal",20,8,2,50,0.67,1000,1000,0.7,"ok",0.855164853712503,0.874687892561098,-0.019523038848596,0.70035222354002,0.00035222354002018,0,TRUE,20.4759999999999
"b_cfg03_3pl_g20_norm_s09","cfg03","3pl_g20","normal",20,9,2,50,0.67,1000,1000,0.7,"ok",1.00572602556917,0.925625144886428,0.0801008806827399,0.700282193933525,0.000282193933525354,0,TRUE,20.675
"b_cfg03_3pl_g20_norm_s10","cfg03","3pl_g20","normal",20,10,2,50,0.67,1000,1000,0.7,"ok",1.00227676468691,1.04584419604986,-0.0435674313629528,0.700673638134378,0.000673638134377708,0,TRUE,22.6310000000001
"b_cfg03_3pl_g20_skew_s01","cfg03","3pl_g20","skew_pos",20,1,2,50,0.67,1000,1000,0.7,"ok",0.954458917773974,0.930474207830863,0.0239847099431109,0.699766426144996,-0.000233573855003555,0,TRUE,24.49
"b_cfg03_3pl_g20_skew_s02","cfg03","3pl_g20","skew_pos",20,2,2,50,0.67,1000,1000,0.7,"ok",1.05725028467084,0.947165822475611,0.110084462195234,0.700068711232837,6.87112328366934e-05,0,TRUE,22.9159999999999
"b_cfg03_3pl_g20_skew_s03","cfg03","3pl_g20","skew_pos",20,3,2,50,0.67,1000,1000,0.7,"ok",0.91918648436015,0.867784093218047,0.0514023911421034,0.699978571837601,-2.14281623993617e-05,0,TRUE,22.8240000000001
"b_cfg03_3pl_g20_skew_s04","cfg03","3pl_g20","skew_pos",20,4,2,50,0.67,1000,1000,0.7,"ok",0.96384211721098,1.08583967296447,-0.121997555753491,0.699527628719539,-0.000472371280461181,0,TRUE,21.5349999999999
"b_cfg03_3pl_g20_skew_s05","cfg03","3pl_g20","skew_pos",20,5,2,50,0.67,1000,1000,0.7,"ok",0.854459565427391,0.911843080797129,-0.0573835153697385,0.700108569442437,0.000108569442436757,0,TRUE,20.9349999999999
"b_cfg03_3pl_g20_skew_s06","cfg03","3pl_g20","skew_pos",20,6,2,50,0.67,1000,1000,0.7,"ok",0.848298469198128,0.868237909812663,-0.0199394406145351,0.700263182365783,0.000263182365783154,0,TRUE,22.8509999999999
"b_cfg03_3pl_g20_skew_s07","cfg03","3pl_g20","skew_pos",20,7,2,50,0.67,1000,1000,0.7,"ok",0.923720743246546,0.996284859851813,-0.072564116605267,0.699782473632947,-0.000217526367052856,0,TRUE,22.318
"b_cfg03_3pl_g20_skew_s08","cfg03","3pl_g20","skew_pos",20,8,2,50,0.67,1000,1000,0.7,"ok",1.03485970734083,1.07107223758169,-0.0362125302408565,0.700295690861517,0.000295690861517151,0,TRUE,22.5229999999999
"b_cfg03_3pl_g20_skew_s09","cfg03","3pl_g20","skew_pos",20,9,2,50,0.67,1000,1000,0.7,"ok",1.04320120252966,1.1017225943613,-0.0585213918316401,0.699997790587791,-2.20941220874238e-06,0,TRUE,22.807
"b_cfg03_3pl_g20_skew_s10","cfg03","3pl_g20","skew_pos",20,10,2,50,0.67,1000,1000,0.7,"ok",0.974416818780532,1.16342234549355,-0.18900552671302,0.700272608782289,0.000272608782289074,0,TRUE,21.979
"b_cfg04_2pl_bimo_s01","cfg04","2pl","bimodal",20,1,1,10,0.67,1000,1000,0.7,"ok",0.726347480540317,0.728185536424087,-0.00183805588377062,0.699766077439149,-0.000233922560851085,0,TRUE,17.623
"b_cfg04_2pl_bimo_s02","cfg04","2pl","bimodal",20,2,1,10,0.67,1000,1000,0.7,"ok",0.699983019738781,0.6639947317391,0.0359882879996807,0.700059947621105,5.99476211048389e-05,0,TRUE,20.338
"b_cfg04_2pl_bimo_s03","cfg04","2pl","bimodal",20,3,1,10,0.67,1000,1000,0.7,"ok",0.633359748403496,0.714719712216028,-0.0813599638125322,0.699986085582813,-1.39144171866779e-05,0,TRUE,18.7619999999999
"b_cfg04_2pl_bimo_s04","cfg04","2pl","bimodal",20,4,1,10,0.67,1000,1000,0.7,"ok",0.628591685455078,0.740053131613645,-0.111461446158567,0.699919749204411,-8.0250795588821e-05,0,TRUE,19.172
"b_cfg04_2pl_bimo_s05","cfg04","2pl","bimodal",20,5,1,10,0.67,1000,1000,0.7,"ok",0.67782429610345,0.793879534008096,-0.116055237904646,0.700312991580404,0.000312991580403987,0,TRUE,18.6589999999999
"b_cfg04_2pl_bimo_s06","cfg04","2pl","bimodal",20,6,1,10,0.67,1000,1000,0.7,"ok",0.695939521097774,0.706731638752606,-0.0107921176548325,0.699844691170769,-0.00015530882923076,0,TRUE,18.924
"b_cfg04_2pl_bimo_s07","cfg04","2pl","bimodal",20,7,1,10,0.67,1000,1000,0.7,"ok",0.679797122813722,0.76478172798626,-0.0849846051725374,0.700528646816816,0.000528646816815637,0,TRUE,18.8320000000001
"b_cfg04_2pl_bimo_s08","cfg04","2pl","bimodal",20,8,1,10,0.67,1000,1000,0.7,"ok",0.724485321493808,0.831655309408776,-0.107169987914968,0.69993311412512,-6.68858748803514e-05,0,TRUE,18.7620000000002
"b_cfg04_2pl_bimo_s09","cfg04","2pl","bimodal",20,9,1,10,0.67,1000,1000,0.7,"ok",0.697618615947852,0.739397628962887,-0.0417790130150349,0.700083153376344,8.31533763436809e-05,0,TRUE,18.8109999999999
"b_cfg04_2pl_bimo_s10","cfg04","2pl","bimodal",20,10,1,10,0.67,1000,1000,0.7,"ok",0.708337927969753,0.691618660869794,0.0167192670999587,0.700664676674808,0.000664676674807629,0,TRUE,18.7740000000001
"b_cfg04_2pl_norm_s01","cfg04","2pl","normal",20,1,1,10,0.67,1000,1000,0.7,"ok",0.612253370451263,0.703962828842194,-0.0917094583909308,0.69980422168841,-0.0001957783115899,0,TRUE,19.2070000000001
"b_cfg04_2pl_norm_s02","cfg04","2pl","normal",20,2,1,10,0.67,1000,1000,0.7,"ok",0.741990399736795,0.73788298828927,0.00410741144752558,0.700057953018406,5.7953018406498e-05,0,TRUE,18.6889999999999
"b_cfg04_2pl_norm_s03","cfg04","2pl","normal",20,3,1,10,0.67,1000,1000,0.7,"ok",0.680130695145781,0.632039961687281,0.0480907334584997,0.700047870358045,4.78703580448769e-05,0,TRUE,16.8970000000002
"b_cfg04_2pl_norm_s04","cfg04","2pl","normal",20,4,1,10,0.67,1000,1000,0.7,"ok",0.689332333441106,0.789592396288484,-0.100260062847379,0.699916009827048,-8.39901729517978e-05,0,TRUE,18.691
"b_cfg04_2pl_norm_s05","cfg04","2pl","normal",20,5,1,10,0.67,1000,1000,0.7,"ok",0.758377635297322,0.705567644066079,0.0528099912312432,0.699707912392422,-0.000292087607577818,0,TRUE,19.0300000000002
"b_cfg04_2pl_norm_s06","cfg04","2pl","normal",20,6,1,10,0.67,1000,1000,0.7,"ok",0.657331147912367,0.736892587883789,-0.0795614399714225,0.700098761910706,9.87619107059023e-05,0,TRUE,18.5610000000001
"b_cfg04_2pl_norm_s07","cfg04","2pl","normal",20,7,1,10,0.67,1000,1000,0.7,"ok",0.679545857792527,0.735089089830111,-0.055543232037584,0.70029505031316,0.000295050313160017,0,TRUE,17.7660000000001
"b_cfg04_2pl_norm_s08","cfg04","2pl","normal",20,8,1,10,0.67,1000,1000,0.7,"ok",0.731287838118197,0.640883934933693,0.0904039031845033,0.70010710041562,0.000107100415620121,0,TRUE,18.674
"b_cfg04_2pl_norm_s09","cfg04","2pl","normal",20,9,1,10,0.67,1000,1000,0.7,"ok",0.697195166447583,0.600983638748219,0.0962115276993646,0.699919734992549,-8.02650074511746e-05,0,TRUE,18.579
"b_cfg04_2pl_norm_s10","cfg04","2pl","normal",20,10,1,10,0.67,1000,1000,0.7,"ok",0.665846041210747,0.663297561786884,0.00254847942386349,0.699909308787188,-9.06912128120219e-05,0,TRUE,18.9180000000001
"b_cfg04_2pl_skew_s01","cfg04","2pl","skew_pos",20,1,1,10,0.67,1000,1000,0.7,"ok",0.686201638337971,0.804933521577303,-0.118731883239332,0.700386163027971,0.000386163027971453,0,TRUE,19.0930000000001
"b_cfg04_2pl_skew_s02","cfg04","2pl","skew_pos",20,2,1,10,0.67,1000,1000,0.7,"ok",0.720533103741375,0.724156582772139,-0.00362347903076343,0.699890845838812,-0.000109154161187952,0,TRUE,18.7850000000001
"b_cfg04_2pl_skew_s03","cfg04","2pl","skew_pos",20,3,1,10,0.67,1000,1000,0.7,"ok",0.67715942081601,0.726283335764059,-0.0491239149480481,0.700136244644661,0.000136244644661443,0,TRUE,18.6790000000001
"b_cfg04_2pl_skew_s04","cfg04","2pl","skew_pos",20,4,1,10,0.67,1000,1000,0.7,"ok",0.715163309405539,0.682656198155766,0.0325071112497729,0.699573763000711,-0.000426236999289009,0,TRUE,15.2629999999999
"b_cfg04_2pl_skew_s05","cfg04","2pl","skew_pos",20,5,1,10,0.67,1000,1000,0.7,"ok",0.785388214179294,0.716138860854688,0.0692493533246061,0.699887977883012,-0.00011202211698802,0,TRUE,17.4469999999999
"b_cfg04_2pl_skew_s06","cfg04","2pl","skew_pos",20,6,1,10,0.67,1000,1000,0.7,"ok",0.838728454502838,0.774325714060116,0.0644027404427225,0.700152669172922,0.000152669172922226,0,TRUE,18.578
"b_cfg04_2pl_skew_s07","cfg04","2pl","skew_pos",20,7,1,10,0.67,1000,1000,0.7,"ok",0.687071540741404,0.642749093505971,0.0443224472354328,0.700196574617624,0.000196574617624123,0,TRUE,16.6680000000001
"b_cfg04_2pl_skew_s08","cfg04","2pl","skew_pos",20,8,1,10,0.67,1000,1000,0.7,"ok",0.716823699291856,0.691205511967941,0.0256181873239149,0.700134206245118,0.000134206245117729,0,TRUE,18.643
"b_cfg04_2pl_skew_s09","cfg04","2pl","skew_pos",20,9,1,10,0.67,1000,1000,0.7,"ok",0.741530719832814,0.665323238366875,0.0762074814659388,0.699818092599768,-0.000181907400231496,0,TRUE,17.6190000000001
"b_cfg04_2pl_skew_s10","cfg04","2pl","skew_pos",20,10,1,10,0.67,1000,1000,0.7,"ok",0.686553045646609,0.761177630266064,-0.0746245846194555,0.700138171957719,0.000138171957718591,0,TRUE,18.6189999999999
"b_cfg04_3pl_g20_bimo_s01","cfg04","3pl_g20","bimodal",20,1,1,10,0.67,1000,1000,0.7,"ok",0.917204631766316,1.01343214156814,-0.0962275098018283,0.698993844731573,-0.00100615526842696,0,TRUE,21.1760000000002
"b_cfg04_3pl_g20_bimo_s02","cfg04","3pl_g20","bimodal",20,2,1,10,0.67,1000,1000,0.7,"ok",0.947105639484665,0.849124662989664,0.0979809764950013,0.699518580265299,-0.000481419734701061,0,TRUE,22.0060000000001
"b_cfg04_3pl_g20_bimo_s03","cfg04","3pl_g20","bimodal",20,3,1,10,0.67,1000,1000,0.7,"ok",0.978314965049628,0.933142087388709,0.045172877660919,0.700013310795336,1.33107953359524e-05,0,TRUE,22.4360000000001
"b_cfg04_3pl_g20_bimo_s04","cfg04","3pl_g20","bimodal",20,4,1,10,0.67,1000,1000,0.7,"ok",0.946151210762489,0.941112046325783,0.00503916443670593,0.699650432706152,-0.000349567293847719,0,TRUE,23.3900000000001
"b_cfg04_3pl_g20_bimo_s05","cfg04","3pl_g20","bimodal",20,5,1,10,0.67,1000,1000,0.7,"ok",0.947771197119699,0.920127631003169,0.0276435661165295,0.700175252546465,0.000175252546464888,0,TRUE,22.5989999999999
"b_cfg04_3pl_g20_bimo_s06","cfg04","3pl_g20","bimodal",20,6,1,10,0.67,1000,1000,0.7,"ok",0.946459929067272,0.879263674294582,0.0671962547726903,0.699764845207638,-0.00023515479236158,0,TRUE,23.0150000000001
"b_cfg04_3pl_g20_bimo_s07","cfg04","3pl_g20","bimodal",20,7,1,10,0.67,1000,1000,0.7,"ok",0.916730515357758,1.00783363712216,-0.0911031217644048,0.699559442748905,-0.000440557251094487,0,TRUE,21.3399999999999
"b_cfg04_3pl_g20_bimo_s08","cfg04","3pl_g20","bimodal",20,8,1,10,0.67,1000,1000,0.7,"ok",0.945705602604237,1.03395320235643,-0.0882475997521881,0.699776566581858,-0.000223433418142127,0,TRUE,23.0520000000001
"b_cfg04_3pl_g20_bimo_s09","cfg04","3pl_g20","bimodal",20,9,1,10,0.67,1000,1000,0.7,"ok",0.985905317793559,0.852602996409119,0.13330232138444,0.700386537020627,0.000386537020627187,0,TRUE,21.5790000000002
"b_cfg04_3pl_g20_bimo_s10","cfg04","3pl_g20","bimodal",20,10,1,10,0.67,1000,1000,0.7,"ok",0.854120600420873,0.845742983817883,0.00837761660299086,0.700324992595617,0.000324992595617135,0,TRUE,22.7060000000001
"b_cfg04_3pl_g20_norm_s01","cfg04","3pl_g20","normal",20,1,1,10,0.67,1000,1000,0.7,"ok",1.02354797653596,1.05107900167245,-0.0275310251364955,0.699909042552576,-9.09574474236008e-05,0,TRUE,20.9169999999999
"b_cfg04_3pl_g20_norm_s02","cfg04","3pl_g20","normal",20,2,1,10,0.67,1000,1000,0.7,"ok",1.03120151663208,1.06124599444512,-0.0300444778130409,0.699846743956329,-0.000153256043670891,0,TRUE,22.8129999999999
"b_cfg04_3pl_g20_norm_s03","cfg04","3pl_g20","normal",20,3,1,10,0.67,1000,1000,0.7,"ok",0.982566586610424,0.986665832718397,-0.0040992461079733,0.700222726635179,0.000222726635179193,0,TRUE,22.117
"b_cfg04_3pl_g20_norm_s04","cfg04","3pl_g20","normal",20,4,1,10,0.67,1000,1000,0.7,"ok",0.963461353939565,0.815532794425111,0.147928559514454,0.699262636777509,-0.000737363222490628,0,TRUE,21.9169999999999
"b_cfg04_3pl_g20_norm_s05","cfg04","3pl_g20","normal",20,5,1,10,0.67,1000,1000,0.7,"ok",1.05523214373953,1.03555189403917,0.0196802497003652,0.700396190186688,0.000396190186688461,0,TRUE,22.3509999999999
"b_cfg04_3pl_g20_norm_s06","cfg04","3pl_g20","normal",20,6,1,10,0.67,1000,1000,0.7,"ok",0.912449506910736,0.813248147453419,0.0992013594573168,0.699755032228797,-0.000244967771203419,0,TRUE,22.096
"b_cfg04_3pl_g20_norm_s07","cfg04","3pl_g20","normal",20,7,1,10,0.67,1000,1000,0.7,"ok",0.902642654520695,0.99229775236307,-0.089655097842375,0.700303072461865,0.00030307246186545,0,TRUE,19.1669999999999
"b_cfg04_3pl_g20_norm_s08","cfg04","3pl_g20","normal",20,8,1,10,0.67,1000,1000,0.7,"ok",0.90754713217575,0.927192963218812,-0.0196458310430613,0.699975660404389,-2.43395956108783e-05,0,TRUE,24.347
"b_cfg04_3pl_g20_norm_s09","cfg04","3pl_g20","normal",20,9,1,10,0.67,1000,1000,0.7,"ok",0.92140728760445,1.11920576208823,-0.19779847448378,0.699168504079217,-0.000831495920783021,0,TRUE,23.0610000000001
"b_cfg04_3pl_g20_norm_s10","cfg04","3pl_g20","normal",20,10,1,10,0.67,1000,1000,0.7,"ok",0.944820940797566,0.916623400091765,0.0281975407058015,0.700024178014184,2.41780141845283e-05,0,TRUE,21.3340000000001
"b_cfg04_3pl_g20_skew_s01","cfg04","3pl_g20","skew_pos",20,1,1,10,0.67,1000,1000,0.7,"ok",0.972427636987397,0.96597224675919,0.00645539022820718,0.700678518987855,0.000678518987855092,0,TRUE,22.8009999999999
"b_cfg04_3pl_g20_skew_s02","cfg04","3pl_g20","skew_pos",20,2,1,10,0.67,1000,1000,0.7,"ok",0.850536268194934,0.922407326472028,-0.0718710582770934,0.699490453566463,-0.000509546433537178,0,TRUE,23.1579999999999
"b_cfg04_3pl_g20_skew_s03","cfg04","3pl_g20","skew_pos",20,3,1,10,0.67,1000,1000,0.7,"ok",0.909243584588504,1.03820163962095,-0.128958055032449,0.700051094072698,5.1094072697877e-05,0,TRUE,22.5600000000002
"b_cfg04_3pl_g20_skew_s04","cfg04","3pl_g20","skew_pos",20,4,1,10,0.67,1000,1000,0.7,"ok",1.0195326199679,1.04202992873004,-0.0224973087621412,0.700150352658683,0.000150352658682906,0,TRUE,20.8419999999999
"b_cfg04_3pl_g20_skew_s05","cfg04","3pl_g20","skew_pos",20,5,1,10,0.67,1000,1000,0.7,"ok",0.849108017067791,0.841587717230955,0.007520299836836,0.699336329728803,-0.000663670271197292,0,TRUE,23.1100000000001
"b_cfg04_3pl_g20_skew_s06","cfg04","3pl_g20","skew_pos",20,6,1,10,0.67,1000,1000,0.7,"ok",1.01841665204774,0.975626445276584,0.0427902067711557,0.700119503066748,0.000119503066747906,0,TRUE,22.0239999999999
"b_cfg04_3pl_g20_skew_s07","cfg04","3pl_g20","skew_pos",20,7,1,10,0.67,1000,1000,0.7,"ok",0.929947282014025,0.878914674374113,0.051032607639912,0.699896157896426,-0.000103842103573837,0,TRUE,21.7439999999999
"b_cfg04_3pl_g20_skew_s08","cfg04","3pl_g20","skew_pos",20,8,1,10,0.67,1000,1000,0.7,"ok",0.912838982657882,0.831903978389311,0.0809350042685717,0.700002409539711,2.40953971109015e-06,0,TRUE,23.0840000000001
"b_cfg04_3pl_g20_skew_s09","cfg04","3pl_g20","skew_pos",20,9,1,10,0.67,1000,1000,0.7,"ok",0.89214078248589,1.04054165546428,-0.148400872978389,0.699989372994444,-1.06270055557633e-05,0,TRUE,20.1480000000001
"b_cfg04_3pl_g20_skew_s10","cfg04","3pl_g20","skew_pos",20,10,1,10,0.67,1000,1000,0.7,"ok",0.888792408378825,0.84764398350504,0.0411484248737851,0.700276219020371,0.000276219020371338,0,TRUE,21.0600000000002
"b_cfg05_2pl_bimo_s01","cfg05","2pl","bimodal",20,1,1,200,0.67,1000,1000,0.7,"ok",0.654139873723588,0.712872801052569,-0.0587329273289812,0.701608528918777,0.00160852891877683,0,TRUE,17.8009999999999
"b_cfg05_2pl_bimo_s02","cfg05","2pl","bimodal",20,2,1,200,0.67,1000,1000,0.7,"ok",0.757886423608107,0.710266303234312,0.0476201203737949,0.701822249565772,0.00182224956577193,0,TRUE,18.4200000000001
"b_cfg05_2pl_bimo_s03","cfg05","2pl","bimodal",20,3,1,200,0.67,1000,1000,0.7,"ok",0.758928210636576,0.678440178085391,0.0804880325511851,0.702043340842107,0.00204334084210667,0,TRUE,18.4379999999999
"b_cfg05_2pl_bimo_s04","cfg05","2pl","bimodal",20,4,1,200,0.67,1000,1000,0.7,"ok",0.773867756251339,0.692588833610302,0.0812789226410369,0.701974464113122,0.00197446411312252,0,TRUE,18.979
"b_cfg05_2pl_bimo_s05","cfg05","2pl","bimodal",20,5,1,200,0.67,1000,1000,0.7,"ok",0.756087881966091,0.736609873436436,0.019478008529655,0.701771601325095,0.00177160132509502,0,TRUE,18.9470000000001
"b_cfg05_2pl_bimo_s06","cfg05","2pl","bimodal",20,6,1,200,0.67,1000,1000,0.7,"ok",0.652445172748592,0.697884192399982,-0.0454390196513904,0.701442037516917,0.00144203751691752,0,TRUE,18.9059999999999
"b_cfg05_2pl_bimo_s07","cfg05","2pl","bimodal",20,7,1,200,0.67,1000,1000,0.7,"ok",0.831317395455628,0.757673535878496,0.0736438595771324,0.701833107353935,0.00183310735393505,0,TRUE,19.0249999999999
"b_cfg05_2pl_bimo_s08","cfg05","2pl","bimodal",20,8,1,200,0.67,1000,1000,0.7,"ok",0.745989482110201,0.794828696482763,-0.0488392143725617,0.701857994085071,0.00185799408507137,0,TRUE,17.0899999999999
"b_cfg05_2pl_bimo_s09","cfg05","2pl","bimodal",20,9,1,200,0.67,1000,1000,0.7,"ok",0.763520158709041,0.631664327370162,0.131855831338878,0.702330639174191,0.0023306391741913,0,TRUE,18.579
"b_cfg05_2pl_bimo_s10","cfg05","2pl","bimodal",20,10,1,200,0.67,1000,1000,0.7,"ok",0.629353221373761,0.699209606996004,-0.0698563856222427,0.701501861696808,0.00150186169680833,0,TRUE,18.23
"b_cfg05_2pl_norm_s01","cfg05","2pl","normal",20,1,1,200,0.67,1000,1000,0.7,"ok",0.660593689437171,0.735530700400854,-0.0749370109636835,0.701287806700386,0.00128780670038608,0,TRUE,18.2439999999999
"b_cfg05_2pl_norm_s02","cfg05","2pl","normal",20,2,1,200,0.67,1000,1000,0.7,"ok",0.672093669464487,0.684142095106303,-0.0120484256418163,0.701538240099341,0.00153824009934078,0,TRUE,20.0450000000001
"b_cfg05_2pl_norm_s03","cfg05","2pl","normal",20,3,1,200,0.67,1000,1000,0.7,"ok",0.74872114413733,0.703610935983416,0.0451102081539135,0.701347533724691,0.00134753372469076,0,TRUE,19.1189999999999
"b_cfg05_2pl_norm_s04","cfg05","2pl","normal",20,4,1,200,0.67,1000,1000,0.7,"ok",0.67194710612307,0.59356639197118,0.0783807141518902,0.701370175442863,0.001370175442863,0,TRUE,17.95
"b_cfg05_2pl_norm_s05","cfg05","2pl","normal",20,5,1,200,0.67,1000,1000,0.7,"ok",0.815582921452836,0.752821524346888,0.0627613971059474,0.702229500528509,0.00222950052850901,0,TRUE,18.377
"b_cfg05_2pl_norm_s06","cfg05","2pl","normal",20,6,1,200,0.67,1000,1000,0.7,"ok",0.7320526051492,0.697416827738768,0.0346357774104321,0.702248177971868,0.00224817797186816,0,TRUE,18.4279999999999
"b_cfg05_2pl_norm_s07","cfg05","2pl","normal",20,7,1,200,0.67,1000,1000,0.7,"ok",0.715964102134882,0.7193024630468,-0.00333836091191808,0.701762144578418,0.00176214457841783,0,TRUE,18.7809999999999
"b_cfg05_2pl_norm_s08","cfg05","2pl","normal",20,8,1,200,0.67,1000,1000,0.7,"ok",0.741687544442333,0.752594566133508,-0.0109070216911751,0.702307162383778,0.00230716238377848,0,TRUE,18.2249999999999
"b_cfg05_2pl_norm_s09","cfg05","2pl","normal",20,9,1,200,0.67,1000,1000,0.7,"ok",0.702195432698468,0.688534137534879,0.0136612951635884,0.701840570466048,0.00184057046604758,0,TRUE,19.9349999999999
"b_cfg05_2pl_norm_s10","cfg05","2pl","normal",20,10,1,200,0.67,1000,1000,0.7,"ok",0.662011588842589,0.763344121027971,-0.101332532185382,0.701656484248681,0.00165648424868114,0,TRUE,18.5940000000001
"b_cfg05_2pl_skew_s01","cfg05","2pl","skew_pos",20,1,1,200,0.67,1000,1000,0.7,"ok",0.668320699688787,0.714370853355469,-0.0460501536666817,0.701795355810932,0.00179535581093193,0,TRUE,17.876
"b_cfg05_2pl_skew_s02","cfg05","2pl","skew_pos",20,2,1,200,0.67,1000,1000,0.7,"ok",0.678716951711921,0.766466866088545,-0.0877499143766231,0.701448913664068,0.00144891366406763,0,TRUE,18.566
"b_cfg05_2pl_skew_s03","cfg05","2pl","skew_pos",20,3,1,200,0.67,1000,1000,0.7,"ok",0.635651477314483,0.719890969790963,-0.08423949247648,0.70108640651542,0.00108640651542014,0,TRUE,18.066
"b_cfg05_2pl_skew_s04","cfg05","2pl","skew_pos",20,4,1,200,0.67,1000,1000,0.7,"ok",0.683777800454535,0.701016700305155,-0.0172388998506209,0.701331304275339,0.00133130427533867,0,TRUE,19.0790000000002
"b_cfg05_2pl_skew_s05","cfg05","2pl","skew_pos",20,5,1,200,0.67,1000,1000,0.7,"ok",0.743397148226521,0.679391137192332,0.0640060110341887,0.70177926137687,0.00177926137687001,0,TRUE,16.6390000000001
"b_cfg05_2pl_skew_s06","cfg05","2pl","skew_pos",20,6,1,200,0.67,1000,1000,0.7,"ok",0.70053624762302,0.697228809031453,0.00330743859156712,0.701369440572717,0.0013694405727166,0,TRUE,18.7629999999999
"b_cfg05_2pl_skew_s07","cfg05","2pl","skew_pos",20,7,1,200,0.67,1000,1000,0.7,"ok",0.717690851443368,0.714181116334061,0.00350973510930763,0.701400830532382,0.00140083053238238,0,TRUE,15.807
"b_cfg05_2pl_skew_s08","cfg05","2pl","skew_pos",20,8,1,200,0.67,1000,1000,0.7,"ok",0.637330681601895,0.621373164499111,0.015957517102784,0.701018265755509,0.00101826575550934,0,TRUE,18.46
"b_cfg05_2pl_skew_s09","cfg05","2pl","skew_pos",20,9,1,200,0.67,1000,1000,0.7,"ok",0.709510273359999,0.661334338183951,0.0481759351760487,0.701441306201667,0.00144130620166716,0,TRUE,17.7149999999999
"b_cfg05_2pl_skew_s10","cfg05","2pl","skew_pos",20,10,1,200,0.67,1000,1000,0.7,"ok",0.743323549057593,0.679041023508037,0.0642825255495557,0.701625709815683,0.001625709815683,0,TRUE,18.7539999999999
"b_cfg05_3pl_g20_bimo_s01","cfg05","3pl_g20","bimodal",20,1,1,200,0.67,1000,1000,0.7,"ok",0.982816454119508,0.980630766053825,0.00218568806568231,0.70029300005621,0.000293000056210357,0,TRUE,22.922
"b_cfg05_3pl_g20_bimo_s02","cfg05","3pl_g20","bimodal",20,2,1,200,0.67,1000,1000,0.7,"ok",0.977669320598547,0.892289595693704,0.085379724904843,0.699831128860072,-0.000168871139927917,0,TRUE,22.7189999999998
"b_cfg05_3pl_g20_bimo_s03","cfg05","3pl_g20","bimodal",20,3,1,200,0.67,1000,1000,0.7,"ok",0.985387753824585,0.882607628676409,0.102780125148176,0.70023525780644,0.000235257806439737,0,TRUE,22.9059999999999
"b_cfg05_3pl_g20_bimo_s04","cfg05","3pl_g20","bimodal",20,4,1,200,0.67,1000,1000,0.7,"ok",1.0166778508086,0.938127648242385,0.078550202566212,0.699978829883441,-2.11701165592215e-05,0,TRUE,22.498
"b_cfg05_3pl_g20_bimo_s05","cfg05","3pl_g20","bimodal",20,5,1,200,0.67,1000,1000,0.7,"ok",1.00254019211571,0.959064891054522,0.0434753010611835,0.699577772931505,-0.000422227068494929,0,TRUE,22.181
"b_cfg05_3pl_g20_bimo_s06","cfg05","3pl_g20","bimodal",20,6,1,200,0.67,1000,1000,0.7,"ok",0.998581563199554,1.0420033215129,-0.0434217583133419,0.70029919054554,0.000299190545540284,0,TRUE,20.1399999999999
"b_cfg05_3pl_g20_bimo_s07","cfg05","3pl_g20","bimodal",20,7,1,200,0.67,1000,1000,0.7,"ok",0.955646497019802,1.02860823815947,-0.0729617411396697,0.700562306651024,0.000562306651023858,0,TRUE,23.1959999999999
"b_cfg05_3pl_g20_bimo_s08","cfg05","3pl_g20","bimodal",20,8,1,200,0.67,1000,1000,0.7,"ok",0.926612181530357,1.02257720417828,-0.0959650226479263,0.699969222037072,-3.07779629279414e-05,0,TRUE,23.5530000000001
"b_cfg05_3pl_g20_bimo_s09","cfg05","3pl_g20","bimodal",20,9,1,200,0.67,1000,1000,0.7,"ok",1.07072293076661,0.912879127720271,0.157843803046343,0.700225155080402,0.000225155080401551,0,TRUE,23.1010000000001
"b_cfg05_3pl_g20_bimo_s10","cfg05","3pl_g20","bimodal",20,10,1,200,0.67,1000,1000,0.7,"ok",0.999388631966592,0.89854665077799,0.100841981188602,0.700032555304748,3.25553047484384e-05,0,TRUE,22.3900000000001
"b_cfg05_3pl_g20_norm_s01","cfg05","3pl_g20","normal",20,1,1,200,0.67,1000,1000,0.7,"ok",0.950142869174557,0.863683264219448,0.0864596049551094,0.700294557484348,0.000294557484348035,0,TRUE,22.1390000000001
"b_cfg05_3pl_g20_norm_s02","cfg05","3pl_g20","normal",20,2,1,200,0.67,1000,1000,0.7,"ok",1.01483542622479,0.980709970803542,0.0341254554212523,0.700679706785026,0.000679706785026268,0,TRUE,21.8489999999999
"b_cfg05_3pl_g20_norm_s03","cfg05","3pl_g20","normal",20,3,1,200,0.67,1000,1000,0.7,"ok",0.871109679370217,1.05247721460184,-0.181367535231623,0.699338341703103,-0.000661658296897127,0,TRUE,22.5909999999999
"b_cfg05_3pl_g20_norm_s04","cfg05","3pl_g20","normal",20,4,1,200,0.67,1000,1000,0.7,"ok",0.890649261750356,0.827179538330048,0.0634697234203081,0.699964832606169,-3.51673938304708e-05,0,TRUE,18.6480000000001
"b_cfg05_3pl_g20_norm_s05","cfg05","3pl_g20","normal",20,5,1,200,0.67,1000,1000,0.7,"ok",0.993078873500492,0.897382655128995,0.0956962183714978,0.700341676992897,0.000341676992896667,0,TRUE,21.222
"b_cfg05_3pl_g20_norm_s06","cfg05","3pl_g20","normal",20,6,1,200,0.67,1000,1000,0.7,"ok",0.960646104372292,1.01035009421189,-0.0497039898395931,0.70018066300773,0.000180663007730231,0,TRUE,21.4930000000002
"b_cfg05_3pl_g20_norm_s07","cfg05","3pl_g20","normal",20,7,1,200,0.67,1000,1000,0.7,"ok",0.948768530664511,0.98906621940825,-0.0402976887437388,0.700439148057371,0.000439148057371219,0,TRUE,22.662
"b_cfg05_3pl_g20_norm_s08","cfg05","3pl_g20","normal",20,8,1,200,0.67,1000,1000,0.7,"ok",1.02804615495464,0.998194806028943,0.0298513489256942,0.699756244259726,-0.000243755740273688,0,TRUE,20.8219999999999
"b_cfg05_3pl_g20_norm_s09","cfg05","3pl_g20","normal",20,9,1,200,0.67,1000,1000,0.7,"ok",0.86339192652334,0.927206958296259,-0.0638150317729186,0.699730758562163,-0.000269241437837131,0,TRUE,21.0420000000001
"b_cfg05_3pl_g20_norm_s10","cfg05","3pl_g20","normal",20,10,1,200,0.67,1000,1000,0.7,"ok",0.892460772162053,1.05509129544053,-0.162630523278481,0.699628287081149,-0.000371712918850964,0,TRUE,22.0819999999999
"b_cfg05_3pl_g20_skew_s01","cfg05","3pl_g20","skew_pos",20,1,1,200,0.67,1000,1000,0.7,"ok",0.868911977129639,0.997752950012022,-0.128840972882383,0.700145545138547,0.000145545138546699,0,TRUE,22.5330000000001
"b_cfg05_3pl_g20_skew_s02","cfg05","3pl_g20","skew_pos",20,2,1,200,0.67,1000,1000,0.7,"ok",1.01646595947057,0.902030590306426,0.11443536916414,0.700180475605468,0.000180475605467967,0,TRUE,23.01
"b_cfg05_3pl_g20_skew_s03","cfg05","3pl_g20","skew_pos",20,3,1,200,0.67,1000,1000,0.7,"ok",0.931652005303935,0.916873436595017,0.0147785687089178,0.7007599034484,0.000759903448399823,0,TRUE,22.4060000000002
"b_cfg05_3pl_g20_skew_s04","cfg05","3pl_g20","skew_pos",20,4,1,200,0.67,1000,1000,0.7,"ok",0.959489250793357,0.967551173193177,-0.00806192239982018,0.699651850656723,-0.000348149343276982,0,TRUE,22.374
"b_cfg05_3pl_g20_skew_s05","cfg05","3pl_g20","skew_pos",20,5,1,200,0.67,1000,1000,0.7,"ok",0.933925194961929,0.930226827711882,0.00369836725004635,0.699696986928825,-0.000303013071174751,0,TRUE,23.2950000000001
"b_cfg05_3pl_g20_skew_s06","cfg05","3pl_g20","skew_pos",20,6,1,200,0.67,1000,1000,0.7,"ok",0.973540780618837,0.927084335373437,0.0464564452453996,0.700392844951555,0.000392844951555005,0,TRUE,23.9200000000001
"b_cfg05_3pl_g20_skew_s07","cfg05","3pl_g20","skew_pos",20,7,1,200,0.67,1000,1000,0.7,"ok",1.09713687151144,0.921218199777659,0.175918671733785,0.700024213551199,2.42135511990815e-05,0,TRUE,22.6779999999999
"b_cfg05_3pl_g20_skew_s08","cfg05","3pl_g20","skew_pos",20,8,1,200,0.67,1000,1000,0.7,"ok",0.936976236512464,1.02481235231674,-0.0878361158042773,0.700195929573069,0.000195929573068909,0,TRUE,21.2259999999999
"b_cfg05_3pl_g20_skew_s09","cfg05","3pl_g20","skew_pos",20,9,1,200,0.67,1000,1000,0.7,"ok",0.981399239066216,1.00694339782744,-0.0255441587612251,0.700598476424894,0.000598476424893746,0,TRUE,20.702
"b_cfg05_3pl_g20_skew_s10","cfg05","3pl_g20","skew_pos",20,10,1,200,0.67,1000,1000,0.7,"ok",0.990036362669637,1.0144041697792,-0.0243678071095591,0.699968092159949,-3.19078400504713e-05,0,TRUE,21.8009999999999
"b_cfg06_2pl_bimo_s01","cfg06","2pl","bimodal",20,1,1,50,0.55,1000,1000,0.7,"ok",0.719223649844542,0.73724833810703,-0.018024688262488,0.700313379054605,0.000313379054605045,0,TRUE,18.4959999999999
"b_cfg06_2pl_bimo_s02","cfg06","2pl","bimodal",20,2,1,50,0.55,1000,1000,0.7,"ok",0.700336077293052,0.719926184465226,-0.0195901071721746,0.700031784669417,3.17846694167789e-05,0,TRUE,19.451
"b_cfg06_2pl_bimo_s03","cfg06","2pl","bimodal",20,3,1,50,0.55,1000,1000,0.7,"ok",0.65664158477126,0.726407017985502,-0.069765433214242,0.699849950282874,-0.000150049717125622,0,TRUE,17.1029999999998
"b_cfg06_2pl_bimo_s04","cfg06","2pl","bimodal",20,4,1,50,0.55,1000,1000,0.7,"ok",0.757135190261832,0.880805340481032,-0.123670150219199,0.7002096264666,0.000209626466599722,0,TRUE,19.0120000000002
"b_cfg06_2pl_bimo_s05","cfg06","2pl","bimodal",20,5,1,50,0.55,1000,1000,0.7,"ok",0.686534621427242,0.867102179496121,-0.180567558068879,0.699914305495792,-8.56945042074786e-05,0,TRUE,18.4839999999999
"b_cfg06_2pl_bimo_s06","cfg06","2pl","bimodal",20,6,1,50,0.55,1000,1000,0.7,"ok",0.68666847901379,0.76156387830881,-0.07489539929502,0.69983416171964,-0.000165838280359987,0,TRUE,16.0599999999999
"b_cfg06_2pl_bimo_s07","cfg06","2pl","bimodal",20,7,1,50,0.55,1000,1000,0.7,"ok",0.608835597769254,0.651363952623512,-0.0425283548542584,0.699734393543428,-0.000265606456571699,0,TRUE,17.52
"b_cfg06_2pl_bimo_s08","cfg06","2pl","bimodal",20,8,1,50,0.55,1000,1000,0.7,"ok",0.721790850416197,0.715264473960084,0.00652637645611354,0.699953542967595,-4.64570324050229e-05,0,TRUE,18.2670000000001
"b_cfg06_2pl_bimo_s09","cfg06","2pl","bimodal",20,9,1,50,0.55,1000,1000,0.7,"ok",0.646734703401915,0.642300486591316,0.0044342168105993,0.700333186629984,0.000333186629984494,0,TRUE,19.086
"b_cfg06_2pl_bimo_s10","cfg06","2pl","bimodal",20,10,1,50,0.55,1000,1000,0.7,"ok",0.702481891969777,0.634997832327358,0.0674840596424193,0.70003218637928,3.21863792802635e-05,0,TRUE,18.7930000000001
"b_cfg06_2pl_norm_s01","cfg06","2pl","normal",20,1,1,50,0.55,1000,1000,0.7,"ok",0.831444405741273,0.804575240294288,0.0268691654469853,0.700019696664103,1.96966641026197e-05,0,TRUE,18.2910000000002
"b_cfg06_2pl_norm_s02","cfg06","2pl","normal",20,2,1,50,0.55,1000,1000,0.7,"ok",0.82852865571018,0.671295373080362,0.157233282629818,0.699750440510383,-0.000249559489617246,0,TRUE,17.8400000000001
"b_cfg06_2pl_norm_s03","cfg06","2pl","normal",20,3,1,50,0.55,1000,1000,0.7,"ok",0.726369713972803,0.730303295672618,-0.00393358169981539,0.699966089453483,-3.39105465172462e-05,0,TRUE,18.5909999999999
"b_cfg06_2pl_norm_s04","cfg06","2pl","normal",20,4,1,50,0.55,1000,1000,0.7,"ok",0.695326076660599,0.63798574423649,0.0573403324241082,0.699840424044334,-0.000159575955665514,0,TRUE,17.6959999999999
"b_cfg06_2pl_norm_s05","cfg06","2pl","normal",20,5,1,50,0.55,1000,1000,0.7,"ok",0.735388458822698,0.724542552178143,0.010845906644555,0.700242955436578,0.000242955436578152,0,TRUE,18.8129999999999
"b_cfg06_2pl_norm_s06","cfg06","2pl","normal",20,6,1,50,0.55,1000,1000,0.7,"ok",0.736158180351742,0.708380709451568,0.0277774709001741,0.700237236961145,0.000237236961144971,0,TRUE,18.95
"b_cfg06_2pl_norm_s07","cfg06","2pl","normal",20,7,1,50,0.55,1000,1000,0.7,"ok",0.747276737735653,0.796317447666137,-0.0490407099304841,0.700277092591738,0.000277092591737582,0,TRUE,17.5119999999999
"b_cfg06_2pl_norm_s08","cfg06","2pl","normal",20,8,1,50,0.55,1000,1000,0.7,"ok",0.631520606638704,0.742524187621618,-0.111003580982914,0.699732171802872,-0.000267828197128006,0,TRUE,18.4469999999999
"b_cfg06_2pl_norm_s09","cfg06","2pl","normal",20,9,1,50,0.55,1000,1000,0.7,"ok",0.768464644413938,0.715159979304547,0.0533046651093908,0.700182332780625,0.000182332780625072,0,TRUE,18.1450000000002
"b_cfg06_2pl_norm_s10","cfg06","2pl","normal",20,10,1,50,0.55,1000,1000,0.7,"ok",0.655694759159379,0.825522596451567,-0.169827837292188,0.699913859135329,-8.61408646705142e-05,0,TRUE,18.845
"b_cfg06_2pl_skew_s01","cfg06","2pl","skew_pos",20,1,1,50,0.55,1000,1000,0.7,"ok",0.744980212773389,0.64111204387483,0.10386816889856,0.700189778402004,0.000189778402004404,0,TRUE,17.6880000000001
"b_cfg06_2pl_skew_s02","cfg06","2pl","skew_pos",20,2,1,50,0.55,1000,1000,0.7,"ok",0.87014452603585,0.736194055593166,0.133950470442683,0.700016478207441,1.64782074409953e-05,0,TRUE,17.5840000000001
"b_cfg06_2pl_skew_s03","cfg06","2pl","skew_pos",20,3,1,50,0.55,1000,1000,0.7,"ok",0.597036178716256,0.658109486551539,-0.0610733078352825,0.699974795461918,-2.52045380818577e-05,0,TRUE,15.421
"b_cfg06_2pl_skew_s04","cfg06","2pl","skew_pos",20,4,1,50,0.55,1000,1000,0.7,"ok",0.777417200757922,0.799915417683836,-0.0224982169259136,0.699817842533839,-0.000182157466161348,0,TRUE,19.364
"b_cfg06_2pl_skew_s05","cfg06","2pl","skew_pos",20,5,1,50,0.55,1000,1000,0.7,"ok",0.71080511279208,0.771711946311141,-0.0609068335190606,0.699905192998354,-9.48070016456581e-05,0,TRUE,17.723
"b_cfg06_2pl_skew_s06","cfg06","2pl","skew_pos",20,6,1,50,0.55,1000,1000,0.7,"ok",0.668161138783287,0.717212105769055,-0.0490509669857679,0.699907284897981,-9.27151020188033e-05,0,TRUE,17.7940000000001
"b_cfg06_2pl_skew_s07","cfg06","2pl","skew_pos",20,7,1,50,0.55,1000,1000,0.7,"ok",0.697704502434264,0.709114703920135,-0.0114102014858707,0.700111103998605,0.000111103998604811,0,TRUE,15.3329999999999
"b_cfg06_2pl_skew_s08","cfg06","2pl","skew_pos",20,8,1,50,0.55,1000,1000,0.7,"ok",0.759006827162543,0.754393209999898,0.00461361716264475,0.700236233418008,0.000236233418007936,0,TRUE,18.817
"b_cfg06_2pl_skew_s09","cfg06","2pl","skew_pos",20,9,1,50,0.55,1000,1000,0.7,"ok",0.708187084738506,0.723115930463846,-0.0149288457253403,0.700495655737539,0.000495655737539402,0,TRUE,18.828
"b_cfg06_2pl_skew_s10","cfg06","2pl","skew_pos",20,10,1,50,0.55,1000,1000,0.7,"ok",0.763277444852461,0.707876333032155,0.0554011118203066,0.700047684175796,4.76841757963697e-05,0,TRUE,17.1789999999999
"b_cfg06_3pl_g20_bimo_s01","cfg06","3pl_g20","bimodal",20,1,1,50,0.55,1000,1000,0.7,"ok",0.94494971708062,0.913159878616834,0.0317898384637865,0.70055882737121,0.000558827371209714,0,TRUE,22.95
"b_cfg06_3pl_g20_bimo_s02","cfg06","3pl_g20","bimodal",20,2,1,50,0.55,1000,1000,0.7,"ok",0.885186603370517,0.915668523712846,-0.0304819203423292,0.699695939900095,-0.000304060099904468,0,TRUE,22.2559999999999
"b_cfg06_3pl_g20_bimo_s03","cfg06","3pl_g20","bimodal",20,3,1,50,0.55,1000,1000,0.7,"ok",0.948777950461709,0.901448373805347,0.0473295766563625,0.699867113204234,-0.000132886795766174,0,TRUE,22.634
"b_cfg06_3pl_g20_bimo_s04","cfg06","3pl_g20","bimodal",20,4,1,50,0.55,1000,1000,0.7,"ok",0.868719420836895,0.992915632359559,-0.124196211522665,0.699737248676013,-0.00026275132398712,0,TRUE,21.47
"b_cfg06_3pl_g20_bimo_s05","cfg06","3pl_g20","bimodal",20,5,1,50,0.55,1000,1000,0.7,"ok",1.01427063829684,0.855750005214859,0.158520633081985,0.69995339952577,-4.66004742304404e-05,0,TRUE,22.258
"b_cfg06_3pl_g20_bimo_s06","cfg06","3pl_g20","bimodal",20,6,1,50,0.55,1000,1000,0.7,"ok",0.917171819085468,0.95201821797331,-0.034846398887842,0.700230487072126,0.000230487072126029,0,TRUE,21.4469999999999
"b_cfg06_3pl_g20_bimo_s07","cfg06","3pl_g20","bimodal",20,7,1,50,0.55,1000,1000,0.7,"ok",0.877690340528609,0.816943203384024,0.0607471371445849,0.699471574444981,-0.000528425555018863,0,TRUE,22.261
"b_cfg06_3pl_g20_bimo_s08","cfg06","3pl_g20","bimodal",20,8,1,50,0.55,1000,1000,0.7,"ok",0.949347495752862,1.12666578161654,-0.177318285863674,0.700009009109086,9.00910908563368e-06,0,TRUE,21.067
"b_cfg06_3pl_g20_bimo_s09","cfg06","3pl_g20","bimodal",20,9,1,50,0.55,1000,1000,0.7,"ok",0.988790397012525,1.08876621975108,-0.0999758227385528,0.700120239802626,0.000120239802626099,0,TRUE,23.4499999999998
"b_cfg06_3pl_g20_bimo_s10","cfg06","3pl_g20","bimodal",20,10,1,50,0.55,1000,1000,0.7,"ok",1.06501902977625,0.896406593378001,0.168612436398246,0.699771053025602,-0.000228946974397681,0,TRUE,21.7359999999999
"b_cfg06_3pl_g20_norm_s01","cfg06","3pl_g20","normal",20,1,1,50,0.55,1000,1000,0.7,"ok",0.898258418261679,0.890174829235694,0.00808358902598449,0.699754043485117,-0.000245956514882684,0,TRUE,21.441
"b_cfg06_3pl_g20_norm_s02","cfg06","3pl_g20","normal",20,2,1,50,0.55,1000,1000,0.7,"ok",0.88689917527392,0.87902210204377,0.00787707323015052,0.700105413013721,0.000105413013720801,0,TRUE,21.604
"b_cfg06_3pl_g20_norm_s03","cfg06","3pl_g20","normal",20,3,1,50,0.55,1000,1000,0.7,"ok",0.903330725451103,0.884646687557995,0.0186840378931079,0.70028449619543,0.000284496195429806,0,TRUE,21.577
"b_cfg06_3pl_g20_norm_s04","cfg06","3pl_g20","normal",20,4,1,50,0.55,1000,1000,0.7,"ok",1.05676357086272,0.91019355779959,0.146570013063128,0.699983862182781,-1.61378172186533e-05,0,TRUE,22.4939999999999
"b_cfg06_3pl_g20_norm_s05","cfg06","3pl_g20","normal",20,5,1,50,0.55,1000,1000,0.7,"ok",0.892949748866483,0.816850124064914,0.0760996248015698,0.700461023958987,0.000461023958987061,0,TRUE,22.443
"b_cfg06_3pl_g20_norm_s06","cfg06","3pl_g20","normal",20,6,1,50,0.55,1000,1000,0.7,"ok",0.930332743460433,0.994441086277074,-0.0641083428166411,0.699833523964629,-0.00016647603537101,0,TRUE,22.7619999999999
"b_cfg06_3pl_g20_norm_s07","cfg06","3pl_g20","normal",20,7,1,50,0.55,1000,1000,0.7,"ok",1.03975224232678,1.0537504597281,-0.0139982174013185,0.700325832696542,0.00032583269654185,0,TRUE,22.4299999999998
"b_cfg06_3pl_g20_norm_s08","cfg06","3pl_g20","normal",20,8,1,50,0.55,1000,1000,0.7,"ok",0.850021780558846,1.00318064140958,-0.153158860850731,0.70046143930594,0.000461439305939781,0,TRUE,22.6659999999999
"b_cfg06_3pl_g20_norm_s09","cfg06","3pl_g20","normal",20,9,1,50,0.55,1000,1000,0.7,"ok",1.0340254502614,0.877069393859428,0.156956056401973,0.699705915130636,-0.000294084869363997,0,TRUE,23.3899999999999
"b_cfg06_3pl_g20_norm_s10","cfg06","3pl_g20","normal",20,10,1,50,0.55,1000,1000,0.7,"ok",0.895594985107032,0.931316705602315,-0.0357217204952839,0.700164153846968,0.000164153846968329,0,TRUE,22.606
"b_cfg06_3pl_g20_skew_s01","cfg06","3pl_g20","skew_pos",20,1,1,50,0.55,1000,1000,0.7,"ok",0.957233333827141,0.86586843309458,0.0913649007325615,0.699718234550219,-0.000281765449780647,0,TRUE,24.211
"b_cfg06_3pl_g20_skew_s02","cfg06","3pl_g20","skew_pos",20,2,1,50,0.55,1000,1000,0.7,"ok",0.88220537996654,0.922830101320012,-0.0406247213534722,0.700200227330822,0.000200227330821701,0,TRUE,22.8889999999999
"b_cfg06_3pl_g20_skew_s03","cfg06","3pl_g20","skew_pos",20,3,1,50,0.55,1000,1000,0.7,"ok",0.975179084011366,0.92164888144082,0.0535302025705461,0.699846487180948,-0.000153512819051516,0,TRUE,23.6679999999999
"b_cfg06_3pl_g20_skew_s04","cfg06","3pl_g20","skew_pos",20,4,1,50,0.55,1000,1000,0.7,"ok",0.873062229976587,0.995631145329686,-0.122568915353099,0.699918952401504,-8.10475984955872e-05,0,TRUE,22.5520000000001
"b_cfg06_3pl_g20_skew_s05","cfg06","3pl_g20","skew_pos",20,5,1,50,0.55,1000,1000,0.7,"ok",0.86301020804978,0.84398636991532,0.0190238381344602,0.699800704596311,-0.000199295403689126,0,TRUE,22.8910000000001
"b_cfg06_3pl_g20_skew_s06","cfg06","3pl_g20","skew_pos",20,6,1,50,0.55,1000,1000,0.7,"ok",1.00494972660992,0.931046898054806,0.073902828555115,0.700516543948103,0.000516543948103299,0,TRUE,22.6990000000001
"b_cfg06_3pl_g20_skew_s07","cfg06","3pl_g20","skew_pos",20,7,1,50,0.55,1000,1000,0.7,"ok",0.932675643034882,0.914942625517215,0.0177330175176674,0.700201327372763,0.00020132737276346,0,TRUE,22.7049999999999
"b_cfg06_3pl_g20_skew_s08","cfg06","3pl_g20","skew_pos",20,8,1,50,0.55,1000,1000,0.7,"ok",0.880790633268708,0.970402404474871,-0.0896117712061637,0.700028178589973,2.81785899735043e-05,0,TRUE,23.2809999999999
"b_cfg06_3pl_g20_skew_s09","cfg06","3pl_g20","skew_pos",20,9,1,50,0.55,1000,1000,0.7,"ok",1.07366685477703,0.955075529457184,0.118591325319847,0.699533171476583,-0.00046682852341684,0,TRUE,23.77
"b_cfg06_3pl_g20_skew_s10","cfg06","3pl_g20","skew_pos",20,10,1,50,0.55,1000,1000,0.7,"ok",0.931157629481222,0.894980381885396,0.0361772475958255,0.700139092706437,0.00013909270643675,0,TRUE,21.7180000000001
"b_cfg07_2pl_bimo_s01","cfg07","2pl","bimodal",20,1,1,50,0.9,1000,1000,0.7,"ok",0.726149005277104,0.736697037078562,-0.0105480318014574,0.736636349008754,0.036636349008754,0,TRUE,17.3950000000002
"b_cfg07_2pl_bimo_s02","cfg07","2pl","bimodal",20,2,1,50,0.9,1000,1000,0.7,"ok",0.76218038282061,0.754131623388952,0.00804875943165795,0.733729947067515,0.0337299470675154,0,TRUE,17.028
"b_cfg07_2pl_bimo_s03","cfg07","2pl","bimodal",20,3,1,50,0.9,1000,1000,0.7,"ok",0.758516353327026,0.811346078872649,-0.0528297255456232,0.733050672978223,0.0330506729782235,0,TRUE,18.6559999999999
"b_cfg07_2pl_bimo_s04","cfg07","2pl","bimodal",20,4,1,50,0.9,1000,1000,0.7,"ok",0.783503441397262,0.68473045815689,0.0987729832403725,0.732383041677705,0.0323830416777051,0,TRUE,18.4590000000001
"b_cfg07_2pl_bimo_s05","cfg07","2pl","bimodal",20,5,1,50,0.9,1000,1000,0.7,"ok",0.782750208276464,0.643427783821108,0.139322424455356,0.732092688244937,0.0320926882449371,0,TRUE,18.7730000000001
"b_cfg07_2pl_bimo_s06","cfg07","2pl","bimodal",20,6,1,50,0.9,1000,1000,0.7,"ok",0.804235875925918,0.802406811595493,0.00182906433042518,0.73210232523897,0.0321023252389702,0,TRUE,19.222
"b_cfg07_2pl_bimo_s07","cfg07","2pl","bimodal",20,7,1,50,0.9,1000,1000,0.7,"ok",0.721863729444685,0.75226179507249,-0.0303980656278048,0.736733020546994,0.0367330205469936,0,TRUE,17.7570000000001
"b_cfg07_2pl_bimo_s08","cfg07","2pl","bimodal",20,8,1,50,0.9,1000,1000,0.7,"ok",0.884516076208675,0.829029116721664,0.0554869594870108,0.723116372932359,0.0231163729323587,0,TRUE,18.3240000000001
"b_cfg07_2pl_bimo_s09","cfg07","2pl","bimodal",20,9,1,50,0.9,1000,1000,0.7,"ok",0.6959525751573,0.705502699177163,-0.00955012401986344,0.73723215087192,0.0372321508719204,0,TRUE,20.1469999999999
"b_cfg07_2pl_bimo_s10","cfg07","2pl","bimodal",20,10,1,50,0.9,1000,1000,0.7,"ok",0.771163403776423,0.792799866987044,-0.0216364632106211,0.732380339784834,0.0323803397848342,0,TRUE,19.3399999999999
"b_cfg07_2pl_norm_s01","cfg07","2pl","normal",20,1,1,50,0.9,1000,1000,0.7,"ok",0.822159750754515,0.627081715869622,0.195078034884894,0.728190713959255,0.0281907139592554,0,TRUE,17.222
"b_cfg07_2pl_norm_s02","cfg07","2pl","normal",20,2,1,50,0.9,1000,1000,0.7,"ok",0.787915991034652,0.791976331839416,-0.00406034080476436,0.731304247856862,0.0313042478568617,0,TRUE,20.0170000000001
"b_cfg07_2pl_norm_s03","cfg07","2pl","normal",20,3,1,50,0.9,1000,1000,0.7,"ok",0.843391329920393,0.738022773147659,0.105368556772734,0.726736464413262,0.0267364644132622,0,TRUE,19.4740000000002
"b_cfg07_2pl_norm_s04","cfg07","2pl","normal",20,4,1,50,0.9,1000,1000,0.7,"ok",0.863345844888255,0.714423351110592,0.148922493777662,0.726878597672205,0.0268785976722051,0,TRUE,17.9570000000001
"b_cfg07_2pl_norm_s05","cfg07","2pl","normal",20,5,1,50,0.9,1000,1000,0.7,"ok",0.75860775673922,0.670067682994803,0.0885400737444172,0.734256205159118,0.0342562051591178,0,TRUE,14.8519999999999
"b_cfg07_2pl_norm_s06","cfg07","2pl","normal",20,6,1,50,0.9,1000,1000,0.7,"ok",0.830124720050861,0.766968364364064,0.063156355686797,0.728136845731997,0.0281368457319966,0,TRUE,18.0610000000001
"b_cfg07_2pl_norm_s07","cfg07","2pl","normal",20,7,1,50,0.9,1000,1000,0.7,"ok",0.801694573771529,0.707543385221201,0.0941511885503283,0.731090325216337,0.0310903252163373,0,TRUE,18.5369999999998
"b_cfg07_2pl_norm_s08","cfg07","2pl","normal",20,8,1,50,0.9,1000,1000,0.7,"ok",0.807272335625674,0.75103700600837,0.0562353296173046,0.729315513902094,0.0293155139020937,0,TRUE,19.3219999999999
"b_cfg07_2pl_norm_s09","cfg07","2pl","normal",20,9,1,50,0.9,1000,1000,0.7,"ok",0.800106821528737,0.655718018453902,0.144388803074835,0.730610510051731,0.0306105100517311,0,TRUE,19.662
"b_cfg07_2pl_norm_s10","cfg07","2pl","normal",20,10,1,50,0.9,1000,1000,0.7,"ok",0.762527722350217,0.654262892163367,0.10826483018685,0.73338655992982,0.0333865599298204,0,TRUE,18.4739999999999
"b_cfg07_2pl_skew_s01","cfg07","2pl","skew_pos",20,1,1,50,0.9,1000,1000,0.7,"ok",0.774511380285124,0.699151535010354,0.0753598452747695,0.73376641156222,0.03376641156222,0,TRUE,17.549
"b_cfg07_2pl_skew_s02","cfg07","2pl","skew_pos",20,2,1,50,0.9,1000,1000,0.7,"ok",0.762235538724473,0.745034477894712,0.0172010608297606,0.733734622761766,0.0337346227617656,0,TRUE,17.549
"b_cfg07_2pl_skew_s03","cfg07","2pl","skew_pos",20,3,1,50,0.9,1000,1000,0.7,"ok",0.784233052291352,0.667573380068307,0.116659672223045,0.730447058376667,0.0304470583766668,0,TRUE,19.26
"b_cfg07_2pl_skew_s04","cfg07","2pl","skew_pos",20,4,1,50,0.9,1000,1000,0.7,"ok",0.761840423059146,0.732595974223767,0.0292444488353798,0.733365647288976,0.0333656472889764,0,TRUE,17.578
"b_cfg07_2pl_skew_s05","cfg07","2pl","skew_pos",20,5,1,50,0.9,1000,1000,0.7,"ok",0.831531188800362,0.685655032115441,0.145876156684922,0.727422677297726,0.0274226772977262,0,TRUE,18.4350000000002
"b_cfg07_2pl_skew_s06","cfg07","2pl","skew_pos",20,6,1,50,0.9,1000,1000,0.7,"ok",0.845302969753947,0.642233777784387,0.20306919196956,0.725573730257473,0.0255737302574727,0,TRUE,18.0800000000002
"b_cfg07_2pl_skew_s07","cfg07","2pl","skew_pos",20,7,1,50,0.9,1000,1000,0.7,"ok",0.77966916246855,0.742510898848565,0.0371582636199854,0.73169816135634,0.0316981613563396,0,TRUE,18.606
"b_cfg07_2pl_skew_s08","cfg07","2pl","skew_pos",20,8,1,50,0.9,1000,1000,0.7,"ok",0.783875525757731,0.691934945624919,0.0919405801328124,0.731082789730778,0.0310827897307776,0,TRUE,18.5899999999999
"b_cfg07_2pl_skew_s09","cfg07","2pl","skew_pos",20,9,1,50,0.9,1000,1000,0.7,"ok",0.728775716890521,0.726118051571786,0.00265766531873435,0.734865747238576,0.0348657472385759,0,TRUE,16.3150000000001
"b_cfg07_2pl_skew_s10","cfg07","2pl","skew_pos",20,10,1,50,0.9,1000,1000,0.7,"ok",0.775076806856956,0.588602455517456,0.186474351339501,0.731976336188993,0.0319763361889929,0,TRUE,19.1949999999999
"b_cfg07_3pl_g20_bimo_s01","cfg07","3pl_g20","bimodal",20,1,1,50,0.9,1000,1000,0.7,"ok",0.917563061331286,1.04641731335685,-0.128854252025569,0.69990903629889,-9.09637011098363e-05,0,TRUE,21.2660000000001
"b_cfg07_3pl_g20_bimo_s02","cfg07","3pl_g20","bimodal",20,2,1,50,0.9,1000,1000,0.7,"ok",0.992505291101773,0.907752341735788,0.0847529493659848,0.700032521930516,3.25219305160607e-05,0,TRUE,23.0319999999999
"b_cfg07_3pl_g20_bimo_s03","cfg07","3pl_g20","bimodal",20,3,1,50,0.9,1000,1000,0.7,"ok",0.964116036217795,0.853103012090795,0.111013024127,0.700351126321404,0.000351126321404327,0,TRUE,22.2040000000002
"b_cfg07_3pl_g20_bimo_s04","cfg07","3pl_g20","bimodal",20,4,1,50,0.9,1000,1000,0.7,"ok",1.050919100527,1.00894291609068,0.0419761844363136,0.699922437317776,-7.75626822240305e-05,0,TRUE,23.213
"b_cfg07_3pl_g20_bimo_s05","cfg07","3pl_g20","bimodal",20,5,1,50,0.9,1000,1000,0.7,"ok",0.980221777503218,0.957786139520903,0.0224356379823152,0.7001767247738,0.000176724773800152,0,TRUE,20.54
"b_cfg07_3pl_g20_bimo_s06","cfg07","3pl_g20","bimodal",20,6,1,50,0.9,1000,1000,0.7,"ok",1.01077625952083,1.11679640223943,-0.106020142718606,0.700587472033171,0.000587472033170999,0,TRUE,21.788
"b_cfg07_3pl_g20_bimo_s07","cfg07","3pl_g20","bimodal",20,7,1,50,0.9,1000,1000,0.7,"ok",1.01608212511132,1.02249368349662,-0.00641155838529817,0.699841631846817,-0.000158368153182487,0,TRUE,21.72
"b_cfg07_3pl_g20_bimo_s08","cfg07","3pl_g20","bimodal",20,8,1,50,0.9,1000,1000,0.7,"ok",0.871664030657219,0.951235993707961,-0.0795719630507422,0.700792458386272,0.00079245838627251,0,TRUE,21.674
"b_cfg07_3pl_g20_bimo_s09","cfg07","3pl_g20","bimodal",20,9,1,50,0.9,1000,1000,0.7,"ok",0.936804824445945,0.882404528682488,0.0544002957634565,0.699321531316421,-0.000678468683578792,0,TRUE,20.989
"b_cfg07_3pl_g20_bimo_s10","cfg07","3pl_g20","bimodal",20,10,1,50,0.9,1000,1000,0.7,"ok",0.948928428229007,1.02392212728291,-0.074993699053899,0.700361542676945,0.000361542676945326,0,TRUE,21.124
"b_cfg07_3pl_g20_norm_s01","cfg07","3pl_g20","normal",20,1,1,50,0.9,1000,1000,0.7,"ok",0.943358135422406,0.972086214380391,-0.0287280789579848,0.700200997286248,0.00020099728624845,0,TRUE,22.241
"b_cfg07_3pl_g20_norm_s02","cfg07","3pl_g20","normal",20,2,1,50,0.9,1000,1000,0.7,"ok",1.03976948160053,0.950914392928333,0.0888550886721932,0.700175934252749,0.000175934252748644,0,TRUE,22.0549999999998
"b_cfg07_3pl_g20_norm_s03","cfg07","3pl_g20","normal",20,3,1,50,0.9,1000,1000,0.7,"ok",0.8276512420931,0.880605328175491,-0.0529540860823912,0.698911861242338,-0.001088138757662,0,TRUE,19.893
"b_cfg07_3pl_g20_norm_s04","cfg07","3pl_g20","normal",20,4,1,50,0.9,1000,1000,0.7,"ok",1.05870408994848,1.0183914363929,0.0403126535555807,0.699834144914681,-0.000165855085318967,0,TRUE,22.9199999999998
"b_cfg07_3pl_g20_norm_s05","cfg07","3pl_g20","normal",20,5,1,50,0.9,1000,1000,0.7,"ok",0.895991980006274,1.0866367110269,-0.190644731020623,0.700106528958259,0.000106528958259133,0,TRUE,22.932
"b_cfg07_3pl_g20_norm_s06","cfg07","3pl_g20","normal",20,6,1,50,0.9,1000,1000,0.7,"ok",1.0246319479915,0.931100663683734,0.0935312843077686,0.700049654754536,4.96547545357773e-05,0,TRUE,22.5899999999999
"b_cfg07_3pl_g20_norm_s07","cfg07","3pl_g20","normal",20,7,1,50,0.9,1000,1000,0.7,"ok",1.02510146898049,1.12525135170168,-0.10014988272119,0.699239741494098,-0.000760258505901557,0,TRUE,21.528
"b_cfg07_3pl_g20_norm_s08","cfg07","3pl_g20","normal",20,8,1,50,0.9,1000,1000,0.7,"ok",0.917761243173843,0.88794250986529,0.0298187333085538,0.699291901638053,-0.000708098361947185,0,TRUE,22.6190000000001
"b_cfg07_3pl_g20_norm_s09","cfg07","3pl_g20","normal",20,9,1,50,0.9,1000,1000,0.7,"ok",1.01670701403036,0.96072011077121,0.0559869032591462,0.700623270423622,0.000623270423622091,0,TRUE,23.223
"b_cfg07_3pl_g20_norm_s10","cfg07","3pl_g20","normal",20,10,1,50,0.9,1000,1000,0.7,"ok",0.93255028411244,0.935773850510161,-0.00322356639772137,0.701023638374043,0.00102363837404285,0,TRUE,23.6899999999998
"b_cfg07_3pl_g20_skew_s01","cfg07","3pl_g20","skew_pos",20,1,1,50,0.9,1000,1000,0.7,"ok",1.00201779246108,1.13747442281337,-0.135456630352288,0.699835318645239,-0.000164681354760776,0,TRUE,21.7179999999998
"b_cfg07_3pl_g20_skew_s02","cfg07","3pl_g20","skew_pos",20,2,1,50,0.9,1000,1000,0.7,"ok",0.845399985559248,0.855089628881979,-0.00968964332273159,0.700126218775749,0.00012621877574881,0,TRUE,23.3969999999999
"b_cfg07_3pl_g20_skew_s03","cfg07","3pl_g20","skew_pos",20,3,1,50,0.9,1000,1000,0.7,"ok",0.830148424035486,1.18056035849108,-0.350411934455595,0.700794321764027,0.000794321764027495,0,TRUE,23.1100000000001
"b_cfg07_3pl_g20_skew_s04","cfg07","3pl_g20","skew_pos",20,4,1,50,0.9,1000,1000,0.7,"ok",0.884160393008394,0.96312432739098,-0.0789639343825855,0.700115105086695,0.000115105086695544,0,TRUE,23.2159999999999
"b_cfg07_3pl_g20_skew_s05","cfg07","3pl_g20","skew_pos",20,5,1,50,0.9,1000,1000,0.7,"ok",0.837694296619475,0.853287414436043,-0.0155931178165686,0.700400657897032,0.000400657897032031,0,TRUE,22.7649999999999
"b_cfg07_3pl_g20_skew_s06","cfg07","3pl_g20","skew_pos",20,6,1,50,0.9,1000,1000,0.7,"ok",0.853861264614147,0.99708124870335,-0.143219984089203,0.700245794958965,0.000245794958965151,0,TRUE,21.2170000000001
"b_cfg07_3pl_g20_skew_s07","cfg07","3pl_g20","skew_pos",20,7,1,50,0.9,1000,1000,0.7,"ok",0.989281633577155,1.02945749297915,-0.0401758594019953,0.700445631548345,0.000445631548345315,0,TRUE,23.473
"b_cfg07_3pl_g20_skew_s08","cfg07","3pl_g20","skew_pos",20,8,1,50,0.9,1000,1000,0.7,"ok",0.971446260870589,0.968600904746183,0.00284535612440606,0.69970793812427,-0.00029206187572961,0,TRUE,22.528
"b_cfg07_3pl_g20_skew_s09","cfg07","3pl_g20","skew_pos",20,9,1,50,0.9,1000,1000,0.7,"ok",0.910479509179669,0.927698521056906,-0.0172190118772371,0.699842623909214,-0.000157376090785588,0,TRUE,22
"b_cfg07_3pl_g20_skew_s10","cfg07","3pl_g20","skew_pos",20,10,1,50,0.9,1000,1000,0.7,"ok",0.842753859466174,0.941246166232383,-0.0984923067662085,0.699772595625508,-0.000227404374491758,0,TRUE,22.0220000000002
"b_cfg08_2pl_bimo_s01","cfg08","2pl","bimodal",20,1,1,50,0.67,100,1000,0.7,"ok",0.808242336177531,0.734767757717891,0.0734745784596398,0.744846084354737,0.044846084354737,0,FALSE,3.5920000000001
"b_cfg08_2pl_bimo_s02","cfg08","2pl","bimodal",20,2,1,50,0.67,100,1000,0.7,"ok",0.877750539970205,0.746105756680863,0.131644783289342,0.736817307108492,0.0368173071084918,0,TRUE,3.2679999999998
"b_cfg08_2pl_bimo_s03","cfg08","2pl","bimodal",20,3,1,50,0.67,100,1000,0.7,"ok",0.752302340230232,0.748399720265729,0.00390261996450247,0.752463770026906,0.0524637700269058,0,FALSE,3.28200000000015
"b_cfg08_2pl_bimo_s04","cfg08","2pl","bimodal",20,4,1,50,0.67,100,1000,0.7,"ok",0.864197716073325,0.68796761578469,0.176230100288635,0.737166738951943,0.0371667389519427,0,TRUE,3.1690000000001
"b_cfg08_2pl_bimo_s05","cfg08","2pl","bimodal",20,5,1,50,0.67,100,1000,0.7,"ok",0.80869701898657,0.746647058831954,0.0620499601546154,0.746526049615615,0.0465260496156152,0,FALSE,3.49900000000002
"b_cfg08_2pl_bimo_s06","cfg08","2pl","bimodal",20,6,1,50,0.67,100,1000,0.7,"ok",0.835782780902053,0.775290783203666,0.0604919976983872,0.740382065888258,0.0403820658882581,0,TRUE,3.11300000000006
"b_cfg08_2pl_bimo_s07","cfg08","2pl","bimodal",20,7,1,50,0.67,100,1000,0.7,"ok",0.912396628346215,0.724773954161607,0.187622674184608,0.730384717183338,0.0303847171833384,0,TRUE,3.64599999999996
"b_cfg08_2pl_bimo_s08","cfg08","2pl","bimodal",20,8,1,50,0.67,100,1000,0.7,"ok",0.777903971106086,0.692168982522149,0.0857349885839364,0.748535375755075,0.0485353757550748,0,FALSE,3.53700000000003
"b_cfg08_2pl_bimo_s09","cfg08","2pl","bimodal",20,9,1,50,0.67,100,1000,0.7,"ok",0.877920333881504,0.705784858690086,0.172135475191418,0.736641250599102,0.0366412505991016,0,TRUE,3.20800000000008
"b_cfg08_2pl_bimo_s10","cfg08","2pl","bimodal",20,10,1,50,0.67,100,1000,0.7,"ok",0.873076257637732,0.791071235593181,0.0820050220445508,0.735958566797613,0.0359585667976126,0,TRUE,3.30799999999999
"b_cfg08_2pl_norm_s01","cfg08","2pl","normal",20,1,1,50,0.67,100,1000,0.7,"ok",0.811247467629513,0.743726500505139,0.0675209671243732,0.742943491052689,0.0429434910526891,0,FALSE,3.49700000000007
"b_cfg08_2pl_norm_s02","cfg08","2pl","normal",20,2,1,50,0.67,100,1000,0.7,"ok",0.909539454618393,0.778804771711121,0.130734682907272,0.731214814836397,0.0312148148363967,0,TRUE,3.30899999999997
"b_cfg08_2pl_norm_s03","cfg08","2pl","normal",20,3,1,50,0.67,100,1000,0.7,"ok",0.8143251034307,0.795876355862454,0.0184487475682458,0.743827496701755,0.0438274967017547,0,FALSE,3.43600000000015
"b_cfg08_2pl_norm_s04","cfg08","2pl","normal",20,4,1,50,0.67,100,1000,0.7,"ok",0.837946837212783,0.772323902520722,0.0656229346920614,0.739067170205197,0.0390671702051966,0,TRUE,3.16100000000006
"b_cfg08_2pl_norm_s05","cfg08","2pl","normal",20,5,1,50,0.67,100,1000,0.7,"ok",0.856202804495045,0.743252199639541,0.112950604855503,0.739454134037802,0.0394541340378016,0,TRUE,3.25099999999998
"b_cfg08_2pl_norm_s06","cfg08","2pl","normal",20,6,1,50,0.67,100,1000,0.7,"ok",0.771956717401472,0.727329467502841,0.0446272498986312,0.751076288200803,0.051076288200803,0,FALSE,3.33900000000017
"b_cfg08_2pl_norm_s07","cfg08","2pl","normal",20,7,1,50,0.67,100,1000,0.7,"ok",0.884499748190168,0.8082354193041,0.0762643288860682,0.734643352041106,0.034643352041106,0,TRUE,3.07400000000007
"b_cfg08_2pl_norm_s08","cfg08","2pl","normal",20,8,1,50,0.67,100,1000,0.7,"ok",0.796233023914037,0.74621738632415,0.0500156375898868,0.746486110530329,0.0464861105303294,0,FALSE,3.16800000000012
"b_cfg08_2pl_norm_s09","cfg08","2pl","normal",20,9,1,50,0.67,100,1000,0.7,"ok",0.86954168590843,0.775943409891784,0.0935982760166467,0.736250539779342,0.0362505397793417,0,TRUE,3.29399999999987
"b_cfg08_2pl_norm_s10","cfg08","2pl","normal",20,10,1,50,0.67,100,1000,0.7,"ok",0.769472772675003,0.660138040940653,0.10933473173435,0.749567032453125,0.0495670324531254,0,FALSE,3.52099999999996
"b_cfg08_2pl_skew_s01","cfg08","2pl","skew_pos",20,1,1,50,0.67,100,1000,0.7,"ok",0.773310774647264,0.863484823524957,-0.0901740488776931,0.747716021490636,0.0477160214906356,0,FALSE,3.24600000000009
"b_cfg08_2pl_skew_s02","cfg08","2pl","skew_pos",20,2,1,50,0.67,100,1000,0.7,"ok",0.824226391615818,0.755652299840792,0.0685740917750266,0.744047582349914,0.044047582349914,0,FALSE,3.75099999999998
"b_cfg08_2pl_skew_s03","cfg08","2pl","skew_pos",20,3,1,50,0.67,100,1000,0.7,"ok",0.785865359786624,0.706626703824877,0.0792386559617463,0.74688240222094,0.0468824022209402,0,FALSE,3.23000000000002
"b_cfg08_2pl_skew_s04","cfg08","2pl","skew_pos",20,4,1,50,0.67,100,1000,0.7,"ok",0.797398949611826,0.692457686378523,0.104941263233303,0.745245003940951,0.0452450039409508,0,FALSE,3.31700000000001
"b_cfg08_2pl_skew_s05","cfg08","2pl","skew_pos",20,5,1,50,0.67,100,1000,0.7,"ok",0.77625424196708,0.81019848181183,-0.0339442398447503,0.748409616521137,0.0484096165211366,0,FALSE,3.17999999999984
"b_cfg08_2pl_skew_s06","cfg08","2pl","skew_pos",20,6,1,50,0.67,100,1000,0.7,"ok",0.848724569598444,0.746056933881289,0.102667635717155,0.738770953151544,0.038770953151544,0,TRUE,3.20800000000008
"b_cfg08_2pl_skew_s07","cfg08","2pl","skew_pos",20,7,1,50,0.67,100,1000,0.7,"ok",0.89993138754379,0.67717169504238,0.22275969250141,0.731752779060259,0.0317527790602586,0,TRUE,3.14599999999996
"b_cfg08_2pl_skew_s08","cfg08","2pl","skew_pos",20,8,1,50,0.67,100,1000,0.7,"ok",0.763346985913801,0.6711580187057,0.0921889672081013,0.751414256419473,0.0514142564194729,0,FALSE,3.39699999999993
"b_cfg08_2pl_skew_s09","cfg08","2pl","skew_pos",20,9,1,50,0.67,100,1000,0.7,"ok",0.771700775850103,0.732062746100093,0.03963802975001,0.749217263380337,0.0492172633803367,0,FALSE,3.26600000000008
"b_cfg08_2pl_skew_s10","cfg08","2pl","skew_pos",20,10,1,50,0.67,100,1000,0.7,"ok",0.764034888427517,0.715736315770719,0.0482985726567977,0.748833963611973,0.048833963611973,0,FALSE,3.16100000000006
"b_cfg08_3pl_g20_bimo_s01","cfg08","3pl_g20","bimodal",20,1,1,50,0.67,100,1000,0.7,"ok",0.925515708795245,0.92767561866924,-0.0021599098739955,0.700297099191861,0.000297099191861494,0,TRUE,2.98700000000008
"b_cfg08_3pl_g20_bimo_s02","cfg08","3pl_g20","bimodal",20,2,1,50,0.67,100,1000,0.7,"ok",0.997103369873298,0.982541364452907,0.014562005420391,0.70025619140033,0.000256191400330508,0,TRUE,4.41200000000003
"b_cfg08_3pl_g20_bimo_s03","cfg08","3pl_g20","bimodal",20,3,1,50,0.67,100,1000,0.7,"ok",0.907687623176821,0.905270279661126,0.00241734351569511,0.699893041448057,-0.00010695855194276,0,TRUE,4.00600000000009
"b_cfg08_3pl_g20_bimo_s04","cfg08","3pl_g20","bimodal",20,4,1,50,0.67,100,1000,0.7,"ok",1.05513401230612,0.890431703650216,0.164702308655909,0.69954618358673,-0.000453816413269581,0,TRUE,4.20399999999995
"b_cfg08_3pl_g20_bimo_s05","cfg08","3pl_g20","bimodal",20,5,1,50,0.67,100,1000,0.7,"ok",0.914176478992511,0.904668848382527,0.00950763060998372,0.700719388329867,0.000719388329866844,0,TRUE,3.75799999999981
"b_cfg08_3pl_g20_bimo_s06","cfg08","3pl_g20","bimodal",20,6,1,50,0.67,100,1000,0.7,"ok",1.15404883630364,0.971483515787551,0.182565320516094,0.699899110348778,-0.000100889651221792,0,TRUE,4.02200000000016
"b_cfg08_3pl_g20_bimo_s07","cfg08","3pl_g20","bimodal",20,7,1,50,0.67,100,1000,0.7,"ok",1.10373997537773,0.978234143542452,0.125505831835275,0.69981475154266,-0.000185248457340359,0,TRUE,3.30099999999993
"b_cfg08_3pl_g20_bimo_s08","cfg08","3pl_g20","bimodal",20,8,1,50,0.67,100,1000,0.7,"ok",0.963509382277415,0.901872925550637,0.0616364567267786,0.699856926740328,-0.000143073259672444,0,TRUE,4.05700000000002
"b_cfg08_3pl_g20_bimo_s09","cfg08","3pl_g20","bimodal",20,9,1,50,0.67,100,1000,0.7,"ok",0.902825502925252,0.957332545256977,-0.0545070423317252,0.700496045286297,0.000496045286296876,0,TRUE,3.98900000000003
"b_cfg08_3pl_g20_bimo_s10","cfg08","3pl_g20","bimodal",20,10,1,50,0.67,100,1000,0.7,"ok",1.07112308384545,0.919183652485468,0.151939431359979,0.699810574210715,-0.000189425789285158,0,TRUE,4.12099999999987
"b_cfg08_3pl_g20_norm_s01","cfg08","3pl_g20","normal",20,1,1,50,0.67,100,1000,0.7,"ok",0.841018447485799,0.889186819485155,-0.0481683719993554,0.69969413841281,-0.000305861587189926,0,TRUE,4.1400000000001
"b_cfg08_3pl_g20_norm_s02","cfg08","3pl_g20","normal",20,2,1,50,0.67,100,1000,0.7,"ok",0.872315792146648,0.910784845041199,-0.0384690528945519,0.700773535485253,0.000773535485253385,0,TRUE,4.077
"b_cfg08_3pl_g20_norm_s03","cfg08","3pl_g20","normal",20,3,1,50,0.67,100,1000,0.7,"ok",0.902955569895284,0.894064699760286,0.00889087013499779,0.70125725109218,0.00125725109218044,0,TRUE,4.31900000000019
"b_cfg08_3pl_g20_norm_s04","cfg08","3pl_g20","normal",20,4,1,50,0.67,100,1000,0.7,"ok",1.06745124976335,0.97002901836723,0.0974222313961158,0.701029662685048,0.00102966268504789,0,TRUE,4.29299999999989
"b_cfg08_3pl_g20_norm_s05","cfg08","3pl_g20","normal",20,5,1,50,0.67,100,1000,0.7,"ok",0.861571070838107,0.835089263835398,0.0264818070027095,0.700177441175143,0.000177441175142956,0,TRUE,4.22700000000009
"b_cfg08_3pl_g20_norm_s06","cfg08","3pl_g20","normal",20,6,1,50,0.67,100,1000,0.7,"ok",1.03036842143347,0.975917030898521,0.0544513905349497,0.700602502422152,0.000602502422152207,0,TRUE,3.57500000000005
"b_cfg08_3pl_g20_norm_s07","cfg08","3pl_g20","normal",20,7,1,50,0.67,100,1000,0.7,"ok",1.00944192667005,0.890696456197501,0.118745470472551,0.700550789752338,0.000550789752337577,0,TRUE,4.10500000000002
"b_cfg08_3pl_g20_norm_s08","cfg08","3pl_g20","normal",20,8,1,50,0.67,100,1000,0.7,"ok",0.966489060234599,0.94688685233078,0.0196022079038183,0.700768411315752,0.00076841131575156,0,TRUE,4.28500000000008
"b_cfg08_3pl_g20_norm_s09","cfg08","3pl_g20","normal",20,9,1,50,0.67,100,1000,0.7,"ok",0.924391960172423,1.02940368058684,-0.105011720414413,0.700309978878127,0.000309978878127226,0,TRUE,3.29899999999998
"b_cfg08_3pl_g20_norm_s10","cfg08","3pl_g20","normal",20,10,1,50,0.67,100,1000,0.7,"ok",1.10399277779047,1.07613532179278,0.0278574559976845,0.700814531316941,0.000814531316940648,0,TRUE,2.7829999999999
"b_cfg08_3pl_g20_skew_s01","cfg08","3pl_g20","skew_pos",20,1,1,50,0.67,100,1000,0.7,"ok",0.881350944838799,1.0660967161262,-0.184745771287401,0.698678579619514,-0.00132142038048633,0,TRUE,3.81600000000003
"b_cfg08_3pl_g20_skew_s02","cfg08","3pl_g20","skew_pos",20,2,1,50,0.67,100,1000,0.7,"ok",0.939218585157033,0.814869122818724,0.12434946233831,0.699778494937637,-0.00022150506236307,0,TRUE,3.81400000000008
"b_cfg08_3pl_g20_skew_s03","cfg08","3pl_g20","skew_pos",20,3,1,50,0.67,100,1000,0.7,"ok",0.980956199035746,1.14617249731185,-0.165216298276108,0.700191441682214,0.000191441682214188,0,TRUE,2.90899999999988
"b_cfg08_3pl_g20_skew_s04","cfg08","3pl_g20","skew_pos",20,4,1,50,0.67,100,1000,0.7,"ok",1.00368881840161,0.918980970709181,0.0847078476924329,0.699669754631418,-0.000330245368582394,0,TRUE,3.91699999999992
"b_cfg08_3pl_g20_skew_s05","cfg08","3pl_g20","skew_pos",20,5,1,50,0.67,100,1000,0.7,"ok",0.893169960515408,0.857887773233204,0.0352821872822039,0.699344167384568,-0.000655832615432117,0,TRUE,3.94000000000005
"b_cfg08_3pl_g20_skew_s06","cfg08","3pl_g20","skew_pos",20,6,1,50,0.67,100,1000,0.7,"ok",0.897943385425027,0.915543656560182,-0.0176002711351548,0.700422219711505,0.000422219711505023,0,TRUE,4.0809999999999
"b_cfg08_3pl_g20_skew_s07","cfg08","3pl_g20","skew_pos",20,7,1,50,0.67,100,1000,0.7,"ok",1.00707152477685,0.90930883612258,0.0977626886542741,0.701496679255541,0.00149667925554098,0,TRUE,4.07300000000009
"b_cfg08_3pl_g20_skew_s08","cfg08","3pl_g20","skew_pos",20,8,1,50,0.67,100,1000,0.7,"ok",1.14937892228817,0.989267688424016,0.16011123386415,0.699581997675157,-0.000418002324842792,0,TRUE,4.39400000000001
"b_cfg08_3pl_g20_skew_s09","cfg08","3pl_g20","skew_pos",20,9,1,50,0.67,100,1000,0.7,"ok",1.07598235096338,0.892419608926794,0.183562742036587,0.699721810412522,-0.000278189587478161,0,TRUE,3.95399999999995
"b_cfg08_3pl_g20_skew_s10","cfg08","3pl_g20","skew_pos",20,10,1,50,0.67,100,1000,0.7,"ok",0.895865623280426,0.931204371065526,-0.0353387477851009,0.699557835256275,-0.000442164743724827,0,TRUE,4.17499999999995
"b_cfg09_2pl_bimo_s01","cfg09","2pl","bimodal",20,1,1,50,0.67,300,1000,0.7,"ok",0.793653579929337,0.742826765797898,0.0508268141314389,0.70742372382055,0.00742372382055023,0,TRUE,7.01999999999998
"b_cfg09_2pl_bimo_s02","cfg09","2pl","bimodal",20,2,1,50,0.67,300,1000,0.7,"ok",0.750680916768273,0.762706946262501,-0.0120260294942282,0.707732773757806,0.00773277375780568,0,TRUE,6.548
"b_cfg09_2pl_bimo_s03","cfg09","2pl","bimodal",20,3,1,50,0.67,300,1000,0.7,"ok",0.793102850169199,0.697218871878079,0.0958839782911195,0.70707018197648,0.00707018197647957,0,TRUE,6.11400000000003
"b_cfg09_2pl_bimo_s04","cfg09","2pl","bimodal",20,4,1,50,0.67,300,1000,0.7,"ok",0.817560743833623,0.698381274375378,0.119179469458245,0.706018459011607,0.0060184590116068,0,TRUE,5.00800000000004
"b_cfg09_2pl_bimo_s05","cfg09","2pl","bimodal",20,5,1,50,0.67,300,1000,0.7,"ok",0.81336135208851,0.742361815318014,0.0709995367704961,0.706779392790722,0.00677939279072193,0,TRUE,3.37699999999995
"b_cfg09_2pl_bimo_s06","cfg09","2pl","bimodal",20,6,1,50,0.67,300,1000,0.7,"ok",0.701365770681012,0.690189075943216,0.0111766947377955,0.707280292869462,0.0072802928694623,0,TRUE,6.90899999999988
"b_cfg09_2pl_bimo_s07","cfg09","2pl","bimodal",20,7,1,50,0.67,300,1000,0.7,"ok",0.82530630729903,0.667016478523659,0.158289828775372,0.706674418449515,0.00667441844951489,0,TRUE,6.74100000000021
"b_cfg09_2pl_bimo_s08","cfg09","2pl","bimodal",20,8,1,50,0.67,300,1000,0.7,"ok",0.720611077123652,0.731802802998901,-0.0111917258752489,0.707991651749271,0.00799165174927119,0,TRUE,6.6389999999999
"b_cfg09_2pl_bimo_s09","cfg09","2pl","bimodal",20,9,1,50,0.67,300,1000,0.7,"ok",0.732874361406881,0.719688997439326,0.013185363967555,0.707232047184007,0.00723204718400661,0,TRUE,6.2349999999999
"b_cfg09_2pl_bimo_s10","cfg09","2pl","bimodal",20,10,1,50,0.67,300,1000,0.7,"ok",0.816348483311783,0.792696428426356,0.0236520548854271,0.706408183962134,0.00640818396213394,0,TRUE,6.423
"b_cfg09_2pl_norm_s01","cfg09","2pl","normal",20,1,1,50,0.67,300,1000,0.7,"ok",0.771240145074039,0.749596130757653,0.0216440143163854,0.706706449685247,0.0067064496852467,0,TRUE,7.32500000000005
"b_cfg09_2pl_norm_s02","cfg09","2pl","normal",20,2,1,50,0.67,300,1000,0.7,"ok",0.799789899630231,0.762704608586026,0.0370852910442051,0.70665658059479,0.00665658059479013,0,TRUE,7.26300000000015
"b_cfg09_2pl_norm_s03","cfg09","2pl","normal",20,3,1,50,0.67,300,1000,0.7,"ok",0.737721290276547,0.769343880356078,-0.0316225900795313,0.707406601797179,0.00740660179717867,0,TRUE,6.00300000000016
"b_cfg09_2pl_norm_s04","cfg09","2pl","normal",20,4,1,50,0.67,300,1000,0.7,"ok",0.730448745460711,0.833012511082941,-0.10256376562223,0.706446022320184,0.00644602232018399,0,TRUE,6.49299999999994
"b_cfg09_2pl_norm_s05","cfg09","2pl","normal",20,5,1,50,0.67,300,1000,0.7,"ok",0.717695631884292,0.678776181316775,0.0389194505675178,0.707841031142516,0.00784103114251644,0,TRUE,4.03400000000011
"b_cfg09_2pl_norm_s06","cfg09","2pl","normal",20,6,1,50,0.67,300,1000,0.7,"ok",0.734061347565455,0.755969292992787,-0.0219079454273314,0.707035747885432,0.00703574788543238,0,TRUE,3.37300000000005
"b_cfg09_2pl_norm_s07","cfg09","2pl","normal",20,7,1,50,0.67,300,1000,0.7,"ok",0.74039602943281,0.736415427220342,0.00398060221246754,0.706890310347831,0.00689031034783094,0,TRUE,6.87099999999987
"b_cfg09_2pl_norm_s08","cfg09","2pl","normal",20,8,1,50,0.67,300,1000,0.7,"ok",0.786129966130123,0.717337333011157,0.0687926331189658,0.706277277085599,0.00627727708559889,0,TRUE,6.33900000000017
"b_cfg09_2pl_norm_s09","cfg09","2pl","normal",20,9,1,50,0.67,300,1000,0.7,"ok",0.797226847983805,0.726805286775067,0.0704215612087383,0.706327897193574,0.00632789719357429,0,TRUE,5.83100000000013
"b_cfg09_2pl_norm_s10","cfg09","2pl","normal",20,10,1,50,0.67,300,1000,0.7,"ok",0.662170509474373,0.785955044225915,-0.123784534751541,0.70718778866015,0.00718778866014969,0,TRUE,6.18299999999999
"b_cfg09_2pl_skew_s01","cfg09","2pl","skew_pos",20,1,1,50,0.67,300,1000,0.7,"ok",0.724380592922374,0.669627940842299,0.0547526520800743,0.70647794289242,0.00647794289242054,0,TRUE,6.81400000000008
"b_cfg09_2pl_skew_s02","cfg09","2pl","skew_pos",20,2,1,50,0.67,300,1000,0.7,"ok",0.838760812359698,0.681436933755914,0.157323878603785,0.706405573426071,0.00640557342607084,0,TRUE,6.82400000000007
"b_cfg09_2pl_skew_s03","cfg09","2pl","skew_pos",20,3,1,50,0.67,300,1000,0.7,"ok",0.698643105927818,0.720720747750378,-0.0220776418225596,0.706841990852262,0.00684199085226156,0,TRUE,6.15599999999995
"b_cfg09_2pl_skew_s04","cfg09","2pl","skew_pos",20,4,1,50,0.67,300,1000,0.7,"ok",0.664549670673228,0.734199307560545,-0.0696496368873173,0.706347799685529,0.00634779968552901,0,TRUE,4.44799999999987
"b_cfg09_2pl_skew_s05","cfg09","2pl","skew_pos",20,5,1,50,0.67,300,1000,0.7,"ok",0.711936918723117,0.666996577513493,0.044940341209624,0.706554138906742,0.00655413890674206,0,TRUE,3.67399999999998
"b_cfg09_2pl_skew_s06","cfg09","2pl","skew_pos",20,6,1,50,0.67,300,1000,0.7,"ok",0.625743353788223,0.798968857318654,-0.173225503530432,0.706354500230972,0.00635450023097195,0,TRUE,6.4849999999999
"b_cfg09_2pl_skew_s07","cfg09","2pl","skew_pos",20,7,1,50,0.67,300,1000,0.7,"ok",0.734973831606106,0.753602961073101,-0.0186291294669948,0.70829323865864,0.00829323865864029,0,TRUE,6.70499999999993
"b_cfg09_2pl_skew_s08","cfg09","2pl","skew_pos",20,8,1,50,0.67,300,1000,0.7,"ok",0.756970048113062,0.737023624758761,0.0199464233543015,0.706653788898661,0.00665378889866108,0,TRUE,6.36300000000006
"b_cfg09_2pl_skew_s09","cfg09","2pl","skew_pos",20,9,1,50,0.67,300,1000,0.7,"ok",0.773496267408657,0.705788382033215,0.067707885375442,0.706619873377862,0.00661987337786218,0,TRUE,6.29599999999982
"b_cfg09_2pl_skew_s10","cfg09","2pl","skew_pos",20,10,1,50,0.67,300,1000,0.7,"ok",0.765192405616458,0.670708402335057,0.0944840032814009,0.707872951645336,0.00787295164533597,0,TRUE,6.3420000000001
"b_cfg09_3pl_g20_bimo_s01","cfg09","3pl_g20","bimodal",20,1,1,50,0.67,300,1000,0.7,"ok",0.920592922986496,0.968283093394247,-0.0476901704077513,0.700299527687069,0.000299527687069534,0,TRUE,8.00800000000004
"b_cfg09_3pl_g20_bimo_s02","cfg09","3pl_g20","bimodal",20,2,1,50,0.67,300,1000,0.7,"ok",0.948262942899627,0.880710631031292,0.0675523118683348,0.699750740438198,-0.000249259561802218,0,TRUE,7.14300000000003
"b_cfg09_3pl_g20_bimo_s03","cfg09","3pl_g20","bimodal",20,3,1,50,0.67,300,1000,0.7,"ok",0.999107795811479,0.93135942189258,0.0677483739188991,0.699876146778034,-0.000123853221965953,0,TRUE,5.83000000000015
"b_cfg09_3pl_g20_bimo_s04","cfg09","3pl_g20","bimodal",20,4,1,50,0.67,300,1000,0.7,"ok",1.02141108122224,0.920582464631339,0.100828616590904,0.700029557378666,2.95573786663894e-05,0,TRUE,4.32999999999993
"b_cfg09_3pl_g20_bimo_s05","cfg09","3pl_g20","bimodal",20,5,1,50,0.67,300,1000,0.7,"ok",0.929222374763113,0.953160889317054,-0.0239385145539417,0.700073609676269,7.36096762694594e-05,0,TRUE,3.80300000000011
"b_cfg09_3pl_g20_bimo_s06","cfg09","3pl_g20","bimodal",20,6,1,50,0.67,300,1000,0.7,"ok",0.990895846649025,0.878966371937354,0.111929474711671,0.700213098527769,0.000213098527769295,0,TRUE,8.23699999999985
"b_cfg09_3pl_g20_bimo_s07","cfg09","3pl_g20","bimodal",20,7,1,50,0.67,300,1000,0.7,"ok",0.933163217529756,0.899838870386405,0.0333243471433513,0.700599289112893,0.000599289112893531,0,TRUE,8.346
"b_cfg09_3pl_g20_bimo_s08","cfg09","3pl_g20","bimodal",20,8,1,50,0.67,300,1000,0.7,"ok",0.857856358474475,0.880769102887114,-0.022912744412638,0.700193757000347,0.000193757000347405,0,TRUE,7.55700000000002
"b_cfg09_3pl_g20_bimo_s09","cfg09","3pl_g20","bimodal",20,9,1,50,0.67,300,1000,0.7,"ok",0.972930857823852,0.954892795174262,0.0180380626495895,0.699567023761871,-0.000432976238129101,0,TRUE,8.27600000000007
"b_cfg09_3pl_g20_bimo_s10","cfg09","3pl_g20","bimodal",20,10,1,50,0.67,300,1000,0.7,"ok",0.93826377874433,1.03501269920685,-0.0967489204625158,0.700389055879204,0.000389055879204458,0,TRUE,7.97599999999989
"b_cfg09_3pl_g20_norm_s01","cfg09","3pl_g20","normal",20,1,1,50,0.67,300,1000,0.7,"ok",0.878691199163825,0.844824306355885,0.0338668928079402,0.699612359279716,-0.000387640720283744,0,TRUE,7.32400000000007
"b_cfg09_3pl_g20_norm_s02","cfg09","3pl_g20","normal",20,2,1,50,0.67,300,1000,0.7,"ok",0.865121691066394,0.873964788884191,-0.00884309781779735,0.699907958432668,-9.20415673323349e-05,0,TRUE,5.49099999999999
"b_cfg09_3pl_g20_norm_s03","cfg09","3pl_g20","normal",20,3,1,50,0.67,300,1000,0.7,"ok",0.974667891151293,0.873567649687515,0.101100241463779,0.700208595317574,0.000208595317574001,0,TRUE,5.25800000000004
"b_cfg09_3pl_g20_norm_s04","cfg09","3pl_g20","normal",20,4,1,50,0.67,300,1000,0.7,"ok",0.968947476393598,0.992384781491193,-0.0234373050975946,0.7001122179986,0.000112217998599951,0,TRUE,5.02600000000007
"b_cfg09_3pl_g20_norm_s05","cfg09","3pl_g20","normal",20,5,1,50,0.67,300,1000,0.7,"ok",0.920615595445473,0.976492363741133,-0.05587676829566,0.700422727067594,0.000422727067593942,0,TRUE,3.96600000000012
"b_cfg09_3pl_g20_norm_s06","cfg09","3pl_g20","normal",20,6,1,50,0.67,300,1000,0.7,"ok",0.90134291131201,0.840766175515353,0.0605767357966577,0.700208490452448,0.000208490452448529,0,TRUE,3.97900000000004
"b_cfg09_3pl_g20_norm_s07","cfg09","3pl_g20","normal",20,7,1,50,0.67,300,1000,0.7,"ok",1.00708227838819,0.930958299022425,0.0761239793657678,0.700128600406176,0.000128600406175572,0,TRUE,8.42000000000007
"b_cfg09_3pl_g20_norm_s08","cfg09","3pl_g20","normal",20,8,1,50,0.67,300,1000,0.7,"ok",1.02609982987132,0.894639280962943,0.131460548908375,0.700386899226914,0.000386899226914372,0,TRUE,8.30499999999984
"b_cfg09_3pl_g20_norm_s09","cfg09","3pl_g20","normal",20,9,1,50,0.67,300,1000,0.7,"ok",0.931204676755038,0.9265299352308,0.00467474152423819,0.700196273098908,0.000196273098908351,0,TRUE,8.20800000000008
"b_cfg09_3pl_g20_norm_s10","cfg09","3pl_g20","normal",20,10,1,50,0.67,300,1000,0.7,"ok",0.973723158897844,0.975904902874929,-0.00218174397708504,0.70049793467071,0.00049793467070991,0,TRUE,7.79700000000003
"b_cfg09_3pl_g20_skew_s01","cfg09","3pl_g20","skew_pos",20,1,1,50,0.67,300,1000,0.7,"ok",1.01782536655762,0.990068490673731,0.0277568758838855,0.699931090789774,-6.89092102262867e-05,0,TRUE,8.37799999999993
"b_cfg09_3pl_g20_skew_s02","cfg09","3pl_g20","skew_pos",20,2,1,50,0.67,300,1000,0.7,"ok",0.924433847247079,0.894031310323982,0.0304025369230974,0.700455837378547,0.000455837378547153,0,TRUE,6.78999999999996
"b_cfg09_3pl_g20_skew_s03","cfg09","3pl_g20","skew_pos",20,3,1,50,0.67,300,1000,0.7,"ok",0.909628489054657,1.02466744922461,-0.115038960169958,0.700123139558224,0.000123139558224294,0,TRUE,4.68100000000004
"b_cfg09_3pl_g20_skew_s04","cfg09","3pl_g20","skew_pos",20,4,1,50,0.67,300,1000,0.7,"ok",1.05693564050091,0.885608817733494,0.171326822767418,0.700022296497822,2.22964978219276e-05,0,TRUE,4.61200000000008
"b_cfg09_3pl_g20_skew_s05","cfg09","3pl_g20","skew_pos",20,5,1,50,0.67,300,1000,0.7,"ok",0.884358691301532,1.03396633301665,-0.149607641715114,0.699682233212808,-0.000317766787191642,0,TRUE,3.94800000000009
"b_cfg09_3pl_g20_skew_s06","cfg09","3pl_g20","skew_pos",20,6,1,50,0.67,300,1000,0.7,"ok",0.843048137762831,0.944724868581309,-0.101676730818479,0.699538668952672,-0.000461331047327929,0,TRUE,6.3309999999999
"b_cfg09_3pl_g20_skew_s07","cfg09","3pl_g20","skew_pos",20,7,1,50,0.67,300,1000,0.7,"ok",0.939155979518984,0.922433746632864,0.0167222328861197,0.699725737025403,-0.000274262974597206,0,TRUE,8.39599999999996
"b_cfg09_3pl_g20_skew_s08","cfg09","3pl_g20","skew_pos",20,8,1,50,0.67,300,1000,0.7,"ok",0.961888574594478,0.870861004645026,0.091027569949451,0.699757432992607,-0.00024256700739278,0,TRUE,8.10300000000007
"b_cfg09_3pl_g20_skew_s09","cfg09","3pl_g20","skew_pos",20,9,1,50,0.67,300,1000,0.7,"ok",0.981620963462382,1.00735702278765,-0.025736059325264,0.700069472222756,6.94722227557731e-05,0,TRUE,8.2170000000001
"b_cfg09_3pl_g20_skew_s10","cfg09","3pl_g20","skew_pos",20,10,1,50,0.67,300,1000,0.7,"ok",0.902448343288627,0.97326543175864,-0.070817088470013,0.700121869595006,0.000121869595006263,0,TRUE,7.96800000000007
"b_cfg10_2pl_bimo_s01","cfg10","2pl","bimodal",20,1,1,50,0.67,1000,500,0.7,"ok",0.75324852491483,0.777130457949351,-0.0238819330345215,0.699971703957518,-2.82960424818901e-05,0,TRUE,10.6390000000001
"b_cfg10_2pl_bimo_s02","cfg10","2pl","bimodal",20,2,1,50,0.67,1000,500,0.7,"ok",0.701883212447812,0.763271801487378,-0.0613885890395666,0.700113468274466,0.000113468274465678,0,TRUE,10.365
"b_cfg10_2pl_bimo_s03","cfg10","2pl","bimodal",20,3,1,50,0.67,1000,500,0.7,"ok",0.702825804440947,0.784954568434842,-0.0821287639938948,0.700431651909152,0.000431651909151953,0,TRUE,10.9470000000001
"b_cfg10_2pl_bimo_s04","cfg10","2pl","bimodal",20,4,1,50,0.67,1000,500,0.7,"ok",0.68760450820449,0.770838810645698,-0.0832343024412081,0.700153897052815,0.000153897052814878,0,TRUE,10.105
"b_cfg10_2pl_bimo_s05","cfg10","2pl","bimodal",20,5,1,50,0.67,1000,500,0.7,"ok",0.726223398658661,0.734804145500935,-0.00858074684227428,0.700157530741755,0.000157530741754952,0,TRUE,9.97599999999989
"b_cfg10_2pl_bimo_s06","cfg10","2pl","bimodal",20,6,1,50,0.67,1000,500,0.7,"ok",0.819625848386063,0.658886157813806,0.160739690572257,0.700268533030265,0.000268533030265306,0,TRUE,10.9290000000001
"b_cfg10_2pl_bimo_s07","cfg10","2pl","bimodal",20,7,1,50,0.67,1000,500,0.7,"ok",0.633613259294248,0.686673136454897,-0.0530598771606485,0.700296537514328,0.000296537514327788,0,TRUE,10.1309999999999
"b_cfg10_2pl_bimo_s08","cfg10","2pl","bimodal",20,8,1,50,0.67,1000,500,0.7,"ok",0.687461101856504,0.637113171813941,0.050347930042563,0.699978534933245,-2.14650667552663e-05,0,TRUE,6.86199999999985
"b_cfg10_2pl_bimo_s09","cfg10","2pl","bimodal",20,9,1,50,0.67,1000,500,0.7,"ok",0.65677864580601,0.661008694476389,-0.00423004867037902,0.700037229457158,3.72294571577836e-05,0,TRUE,8.35899999999992
"b_cfg10_2pl_bimo_s10","cfg10","2pl","bimodal",20,10,1,50,0.67,1000,500,0.7,"ok",0.721325436347946,0.654252861621362,0.067072574726584,0.699920355064694,-7.96449353059892e-05,0,TRUE,6.21299999999997
"b_cfg10_2pl_norm_s01","cfg10","2pl","normal",20,1,1,50,0.67,1000,500,0.7,"ok",0.78707658973513,0.754303552494341,0.0327730372407895,0.700071804731004,7.18047310036551e-05,0,TRUE,10.2909999999999
"b_cfg10_2pl_norm_s02","cfg10","2pl","normal",20,2,1,50,0.67,1000,500,0.7,"ok",0.734491827328977,0.778790002279608,-0.0442981749506307,0.70028652376052,0.00028652376051963,0,TRUE,10.4479999999999
"b_cfg10_2pl_norm_s03","cfg10","2pl","normal",20,3,1,50,0.67,1000,500,0.7,"ok",0.788391826587225,0.716548187421195,0.0718436391660304,0.700251424899232,0.000251424899231911,0,TRUE,10.8789999999999
"b_cfg10_2pl_norm_s04","cfg10","2pl","normal",20,4,1,50,0.67,1000,500,0.7,"ok",0.624180277019212,0.688408754896806,-0.0642284778775943,0.699961626778492,-3.83732215074595e-05,0,TRUE,10.6419999999998
"b_cfg10_2pl_norm_s05","cfg10","2pl","normal",20,5,1,50,0.67,1000,500,0.7,"ok",0.733012430583475,0.700926090701696,0.0320863398817787,0.700332786334834,0.000332786334834467,0,TRUE,10.375
"b_cfg10_2pl_norm_s06","cfg10","2pl","normal",20,6,1,50,0.67,1000,500,0.7,"ok",0.621130503282762,0.797983039411174,-0.176852536128412,0.700509277183207,0.000509277183207146,0,TRUE,10.2860000000001
"b_cfg10_2pl_norm_s07","cfg10","2pl","normal",20,7,1,50,0.67,1000,500,0.7,"ok",0.743674204880453,0.660776001287545,0.0828982035929083,0.700009761231763,9.76123176266164e-06,0,TRUE,10.5740000000001
"b_cfg10_2pl_norm_s08","cfg10","2pl","normal",20,8,1,50,0.67,1000,500,0.7,"ok",0.623411766476326,0.698343067823046,-0.07493130134672,0.700369931840506,0.0003699318405056,0,TRUE,9.46500000000015
"b_cfg10_2pl_norm_s09","cfg10","2pl","normal",20,9,1,50,0.67,1000,500,0.7,"ok",0.739892264334971,0.63816516414958,0.101727100185391,0.699867876437877,-0.00013212356212311,0,TRUE,7.78800000000001
"b_cfg10_2pl_norm_s10","cfg10","2pl","normal",20,10,1,50,0.67,1000,500,0.7,"ok",0.678938432601995,0.778784898874742,-0.0998464662727473,0.699862339098095,-0.000137660901905035,0,TRUE,8.17900000000009
"b_cfg10_2pl_skew_s01","cfg10","2pl","skew_pos",20,1,1,50,0.67,1000,500,0.7,"ok",0.62080950236839,0.612990607837233,0.00781889453115647,0.699990308243895,-9.69175610465722e-06,0,TRUE,10.7549999999999
"b_cfg10_2pl_skew_s02","cfg10","2pl","skew_pos",20,2,1,50,0.67,1000,500,0.7,"ok",0.71569477624669,0.713980676210426,0.00171410003626371,0.700187318886197,0.000187318886196719,0,TRUE,10.213
"b_cfg10_2pl_skew_s03","cfg10","2pl","skew_pos",20,3,1,50,0.67,1000,500,0.7,"ok",0.708936949751385,0.76367619555767,-0.0547392458062844,0.700311992792946,0.000311992792946136,0,TRUE,10.5980000000002
"b_cfg10_2pl_skew_s04","cfg10","2pl","skew_pos",20,4,1,50,0.67,1000,500,0.7,"ok",0.708241459505179,0.829903170618757,-0.121661711113578,0.70043266015264,0.00043266015264054,0,TRUE,10.3099999999999
"b_cfg10_2pl_skew_s05","cfg10","2pl","skew_pos",20,5,1,50,0.67,1000,500,0.7,"ok",0.900633917681543,0.733315719771531,0.167318197910012,0.700087958943673,8.79589436734163e-05,0,TRUE,10.0639999999999
"b_cfg10_2pl_skew_s06","cfg10","2pl","skew_pos",20,6,1,50,0.67,1000,500,0.7,"ok",0.721242259830896,0.656205012973712,0.0650372468571847,0.700041840124118,4.18401241183419e-05,0,TRUE,10.797
"b_cfg10_2pl_skew_s07","cfg10","2pl","skew_pos",20,7,1,50,0.67,1000,500,0.7,"ok",0.67993824434165,0.698854234844137,-0.0189159905024864,0.699878944962292,-0.000121055037708095,0,TRUE,10.2940000000001
"b_cfg10_2pl_skew_s08","cfg10","2pl","skew_pos",20,8,1,50,0.67,1000,500,0.7,"ok",0.672414710812213,0.771260631060508,-0.0988459202482953,0.699843307648842,-0.000156692351157783,0,TRUE,9.30199999999991
"b_cfg10_2pl_skew_s09","cfg10","2pl","skew_pos",20,9,1,50,0.67,1000,500,0.7,"ok",0.762945043560333,0.798391191944736,-0.0354461483844032,0.700273699739551,0.000273699739551492,0,TRUE,9.06099999999992
"b_cfg10_2pl_skew_s10","cfg10","2pl","skew_pos",20,10,1,50,0.67,1000,500,0.7,"ok",0.702643140620097,0.643131923786221,0.0595112168338759,0.69962229604926,-0.000377703950740327,0,TRUE,6.17499999999995
"b_cfg10_3pl_g20_bimo_s01","cfg10","3pl_g20","bimodal",20,1,1,50,0.67,1000,500,0.7,"ok",0.953000390813556,0.988915734740141,-0.0359153439265849,0.700010580711442,1.05807114417766e-05,0,TRUE,12.4949999999999
"b_cfg10_3pl_g20_bimo_s02","cfg10","3pl_g20","bimodal",20,2,1,50,0.67,1000,500,0.7,"ok",1.02314123908651,0.894405677404048,0.128735561682457,0.70020480591831,0.000204805918309736,0,TRUE,12.3380000000002
"b_cfg10_3pl_g20_bimo_s03","cfg10","3pl_g20","bimodal",20,3,1,50,0.67,1000,500,0.7,"ok",0.981052066738535,0.968366799634367,0.0126852671041676,0.699857447864469,-0.000142552135530938,0,TRUE,12.653
"b_cfg10_3pl_g20_bimo_s04","cfg10","3pl_g20","bimodal",20,4,1,50,0.67,1000,500,0.7,"ok",1.02504725032051,0.968906671117067,0.0561405792034392,0.699879026421567,-0.000120973578432659,0,TRUE,12.2620000000002
"b_cfg10_3pl_g20_bimo_s05","cfg10","3pl_g20","bimodal",20,5,1,50,0.67,1000,500,0.7,"ok",1.09533550335868,0.853615407098042,0.241720096260635,0.699727951795567,-0.000272048204433273,0,TRUE,12.501
"b_cfg10_3pl_g20_bimo_s06","cfg10","3pl_g20","bimodal",20,6,1,50,0.67,1000,500,0.7,"ok",0.994775861063398,1.01031536956506,-0.0155395085016644,0.700146109217155,0.000146109217154855,0,TRUE,10.6179999999999
"b_cfg10_3pl_g20_bimo_s07","cfg10","3pl_g20","bimodal",20,7,1,50,0.67,1000,500,0.7,"ok",0.9836264612458,0.977416676925418,0.00620978432038244,0.70041521529993,0.000415215299929717,0,TRUE,8.12100000000009
"b_cfg10_3pl_g20_bimo_s08","cfg10","3pl_g20","bimodal",20,8,1,50,0.67,1000,500,0.7,"ok",1.01358884178243,0.958415631768082,0.055173210014353,0.700472068695201,0.000472068695200778,0,TRUE,7.19200000000001
"b_cfg10_3pl_g20_bimo_s09","cfg10","3pl_g20","bimodal",20,9,1,50,0.67,1000,500,0.7,"ok",0.924735683304747,0.883796705194785,0.0409389781099628,0.699913930234083,-8.60697659166298e-05,0,TRUE,7.29099999999994
"b_cfg10_3pl_g20_bimo_s10","cfg10","3pl_g20","bimodal",20,10,1,50,0.67,1000,500,0.7,"ok",0.970692399645949,0.928082157378294,0.0426102422676543,0.700242526583132,0.000242526583132063,0,TRUE,6.16399999999999
"b_cfg10_3pl_g20_norm_s01","cfg10","3pl_g20","normal",20,1,1,50,0.67,1000,500,0.7,"ok",1.01174024588694,0.997886041344987,0.0138542045419582,0.699486076570132,-0.000513923429868224,0,TRUE,10.3199999999999
"b_cfg10_3pl_g20_norm_s02","cfg10","3pl_g20","normal",20,2,1,50,0.67,1000,500,0.7,"ok",0.870974111296699,1.01304300616017,-0.142068894863474,0.700480113335954,0.000480113335953991,0,TRUE,12.2809999999999
"b_cfg10_3pl_g20_norm_s03","cfg10","3pl_g20","normal",20,3,1,50,0.67,1000,500,0.7,"ok",1.00807345564535,0.968210158104791,0.0398632975405632,0.69996089588472,-3.91041152804084e-05,0,TRUE,12.4400000000001
"b_cfg10_3pl_g20_norm_s04","cfg10","3pl_g20","normal",20,4,1,50,0.67,1000,500,0.7,"ok",0.920560267600604,0.93474097610679,-0.0141807085061861,0.700020852634824,2.08526348240978e-05,0,TRUE,11.5930000000001
"b_cfg10_3pl_g20_norm_s05","cfg10","3pl_g20","normal",20,5,1,50,0.67,1000,500,0.7,"ok",0.975783484259021,0.907140030115862,0.0686434541431594,0.700257135780938,0.000257135780938333,0,TRUE,12.5249999999999
"b_cfg10_3pl_g20_norm_s06","cfg10","3pl_g20","normal",20,6,1,50,0.67,1000,500,0.7,"ok",0.917890970200299,0.915332991490752,0.00255797870954722,0.700610412407217,0.000610412407217042,0,TRUE,12.2159999999999
"b_cfg10_3pl_g20_norm_s07","cfg10","3pl_g20","normal",20,7,1,50,0.67,1000,500,0.7,"ok",0.996124634122184,1.06706988417022,-0.0709452500480315,0.699468324311271,-0.000531675688729027,0,TRUE,10.7170000000001
"b_cfg10_3pl_g20_norm_s08","cfg10","3pl_g20","normal",20,8,1,50,0.67,1000,500,0.7,"ok",0.868555604993956,1.0165032449084,-0.147947639914445,0.699815481844897,-0.000184518155103008,0,TRUE,7.24699999999984
"b_cfg10_3pl_g20_norm_s09","cfg10","3pl_g20","normal",20,9,1,50,0.67,1000,500,0.7,"ok",0.935163667124266,1.02873241296071,-0.0935687458364424,0.700221978326061,0.000221978326061523,0,TRUE,7.88300000000004
"b_cfg10_3pl_g20_norm_s10","cfg10","3pl_g20","normal",20,10,1,50,0.67,1000,500,0.7,"ok",0.96914926536384,0.907598725586771,0.0615505397770693,0.700299672006461,0.000299672006460638,0,TRUE,7.61300000000006
"b_cfg10_3pl_g20_skew_s01","cfg10","3pl_g20","skew_pos",20,1,1,50,0.67,1000,500,0.7,"ok",0.903657448743747,0.954485429401626,-0.050827980657879,0.70000107707759,1.07707759033904e-06,0,TRUE,12.3630000000001
"b_cfg10_3pl_g20_skew_s02","cfg10","3pl_g20","skew_pos",20,2,1,50,0.67,1000,500,0.7,"ok",0.979453729663237,1.07227774317481,-0.0928240135115757,0.699167871622565,-0.00083212837743496,0,TRUE,12.5239999999999
"b_cfg10_3pl_g20_skew_s03","cfg10","3pl_g20","skew_pos",20,3,1,50,0.67,1000,500,0.7,"ok",0.927480410388568,1.0509308287342,-0.123450418345627,0.70044508007982,0.000445080079820137,0,TRUE,12.5899999999999
"b_cfg10_3pl_g20_skew_s04","cfg10","3pl_g20","skew_pos",20,4,1,50,0.67,1000,500,0.7,"ok",0.98262298710788,0.893347179530117,0.0892758075777629,0.700411803704206,0.000411803704206237,0,TRUE,10.8140000000001
"b_cfg10_3pl_g20_skew_s05","cfg10","3pl_g20","skew_pos",20,5,1,50,0.67,1000,500,0.7,"ok",1.00744046938109,0.770426006648144,0.237014462732951,0.699957947243941,-4.20527560592854e-05,0,TRUE,11.9859999999999
"b_cfg10_3pl_g20_skew_s06","cfg10","3pl_g20","skew_pos",20,6,1,50,0.67,1000,500,0.7,"ok",0.972349047033702,0.935377930252452,0.0369711167812492,0.700077595563861,7.75955638611103e-05,0,TRUE,8.63200000000006
"b_cfg10_3pl_g20_skew_s07","cfg10","3pl_g20","skew_pos",20,7,1,50,0.67,1000,500,0.7,"ok",0.830608669033944,0.942942372956384,-0.11233370392244,0.700102903638307,0.000102903638306562,0,TRUE,11.0890000000002
"b_cfg10_3pl_g20_skew_s08","cfg10","3pl_g20","skew_pos",20,8,1,50,0.67,1000,500,0.7,"ok",0.986945370057465,1.02815070021569,-0.0412053301582206,0.699614710528395,-0.000385289471605432,0,TRUE,7.08999999999992
"b_cfg10_3pl_g20_skew_s09","cfg10","3pl_g20","skew_pos",20,9,1,50,0.67,1000,500,0.7,"ok",1.0638356108112,0.915320161411226,0.14851544939997,0.699962880880745,-3.71191192551912e-05,0,TRUE,6.95299999999997
"b_cfg10_3pl_g20_skew_s10","cfg10","3pl_g20","skew_pos",20,10,1,50,0.67,1000,500,0.7,"ok",0.90823967190146,0.921385964980631,-0.0131462930791704,0.699750932473426,-0.00024906752657361,0,TRUE,6.56600000000003
