"c","rho_tilde","rho_psd","w_bar","w_bar_truncated","mean_info","msem","msem_top_share","theta_var","theta_var_source","n_nodes","status","shape","n_items","guessing"
0.02,0.00122219447406656,0.00122219447400958,0.0012221944274135,0.0012221944274135,0.00122369006129745,817.200425047165,0.00159555218787806,1,"supplied",4001,"ok","normal",10,0
0.0218164902672218,0.00145388857498076,0.00145388857486663,0.00145388849643537,0.00145388849643537,0.00145600544466186,686.810655667055,0.00159551100470845,1,"supplied",4001,"ok","normal",10,0
0.0237979623789893,0.00172941564641516,0.00172941564618667,0.00172941551419232,0.00172941551419232,0.00173241170632612,577.230038873582,0.00159546200597771,1,"supplied",4001,"ok","normal",10,0
0.0259594007310465,0.002057030980268,0.00205703097981062,0.00205703075771821,0.00205703075771821,0.00206127107873569,485.137602098504,0.00159540370962229,1,"supplied",4001,"ok","normal",10,0
0.0283171506695894,0.00244652920473957,0.00244652920382432,0.00244652883022349,0.00244652883022349,0.00245252938951651,407.742373131426,0.00159533435300852,1,"supplied",4001,"ok","normal",10,0
0.0308890420989276,0.00290952493055942,0.00290952492872848,0.00290952430044162,0.00290952430044162,0.00291801496785614,342.698796345579,0.00159525184001454,1,"supplied",4001,"ok","normal",10,0
0.033694524315753,0.00345978191246017,0.00345978190879889,0.00345978085256322,0.00345978085256322,0.00347179356102641,288.03564780964,0.00159515367821296,1,"supplied",4001,"ok","normal",10,0
0.0367548130896647,0.0041135980018899,0.00411359799457189,0.00411359621961137,0.00411359621961137,0.00413058958696145,242.096294972401,0.00159503690433669,1,"supplied",4001,"ok","normal",10,0
0.0400930511022114,0.00489025377707291,0.00489025376245424,0.00489025078113312,0.00489025078113312,0.00491428588216981,203.488490418132,0.00159489799589047,1,"supplied",4001,"ok","normal",10,0
0.0437344829577311,0.00581253316429013,0.00581253313510673,0.00581252813036011,0.00581252813036011,0.00584651623379462,171.042178131884,0.00159473276640094,1,"supplied",4001,"ok","normal",10,0
0.047706646089466,0.00690732446594015,0.00690732440772664,0.00690731601191576,0.00690731601191576,0.00695536744566721,143.774033542827,0.00159453624137285,1,"supplied",4001,"ok","normal",10,0
0.0520395790046316,0.00820630977987316,0.00820630966386008,0.00820629559056085,0.00820629559056085,0.00827421051453935,120.857662688904,0.00159430251153402,1,"supplied",4001,"ok","normal",10,0
0.0567660484432434,0.00974674954026623,0.00974674930932002,0.009746725741602,0.009746725741602,0.00984268371322307,101.598557352619,0.00159402455940299,1,"supplied",4001,"ok","normal",10,0
0.0619217971685331,0.0115723664341891,0.0115723659750469,0.011572326551881,0.011572326551881,0.0117078540109619,85.4130471532068,0.00159369405460228,1,"supplied",4001,"ok","normal",10,0
0.0675458142628094,0.0137343287156387,0.0137343278042337,0.0137342619462704,0.0137342619462704,0.013925587309303,71.8106107129806,0.00159330111266931,1,"supplied",4001,"ok","normal",10,0
0.0736806299728077,0.0162923262536271,0.0162923244477805,0.0162922146021855,0.0162922146021855,0.016562162407028,60.3790098164956,0.00159283401139866,1,"supplied",4001,"ok","normal",10,0
0.0803726373342267,0.0193157226350745,0.0193157190647184,0.0193155361911233,0.0193155361911233,0.0196961683600917,50.7717960353368,0.00159227885800512,1,"supplied",4001,"ok","normal",10,0
0.0876724430076553,0.0228847522385344,0.0228847451975283,0.0228844414108206,0.0228844414108206,0.0234207298381256,42.6978111918067,0.00159161919966381,1,"supplied",4001,"ok","normal",10,0
0.0956352499790037,0.0270917112038017,0.0270916973600583,0.0270911940133758,0.0270911940133758,0.027846109973349,35.9123634604761,0.0015908355693233,1,"supplied",4001,"ok","normal",10,0
0.104321275018513,0.032042064422324,0.0320420372992522,0.0320412058224017,0.0320412058224017,0.0331027447005756,30.2098116888238,0.00158990495818951,1,"supplied",4001,"ok","normal",10,0
0.113796204055278,0.0378553560470887,0.0378553031264272,0.037853934482363,0.037853934482363,0.0393447661793993,25.4173331959964,0.00158880020608037,1,"supplied",4001,"ok","normal",10,0
0.124131688910938,0.0446657681650334,0.0446656654091746,0.0446634219060369,0.0446634219060369,0.0467540748322618,21.3896861754974,0.00158748930114701,1,"supplied",4001,"ok","normal",10,0
0.135405889148965,0.0526221220496162,0.0526219236541024,0.0526182638393352,0.0526182638393352,0.0555450188086112,18.0048079703543,0.00158593458151993,1,"supplied",4001,"ok","normal",10,0
0.147704063137145,0.0618870618778209,0.0618866813370773,0.0618807446088045,0.0618807446088045,0.0659697349465196,15.1601158215171,0.00158409183364253,1,"supplied",4001,"ok","normal",10,0
0.161119212793033,0.0726351084397864,0.0726343840663587,0.0726248163846182,0.0726248163846182,0.0783241948243091,12.7693979796663,0.0015819113662858,1,"supplied",4001,"ok","normal",10,0
0.175752786888082,0.0850492314581747,0.0850478646441318,0.0850325605144332,0.0850325605144332,0.0929549811666034,10.7602009624332,0.00157933134444668,1,"supplied",4001,"ok","normal",10,0
0.191715448229048,0.099315580833969,0.0993130276603737,0.0992887571457908,0.0992887571457908,0.110266791254064,9.07163377553059,0.00157628129492263,1,"supplied",4001,"ok","normal",10,0
0.209127910518255,0.115616062643979,0.115611347879621,0.11557323241368,0.11557323241368,0.130730622482389,7.65252255315165,0.00157267990247416,1,"supplied",4001,"ok","normal",10,0
0.228121851221297,0.134118572282514,0.134109978513939,0.134050778583715,0.134050778583715,0.154892538388378,6.45985969320948,0.00156843349157493,1,"supplied",4001,"ok","normal",10,0
0.248840907345503,0.154964930584296,0.154949494231759,0.154858679730867,0.154858679730867,0.183382839592025,5.45750048843194,0.0015634348191134,1,"supplied",4001,"ok","normal",10,0
0.271441761659491,0.178256923414676,0.17822964583396,0.17809224101015,0.17809224101015,0.216925373019759,4.61506775549535,0.00155756638324478,1,"supplied",4001,"ok","normal",10,0
0.296095327568091,0.204041309562925,0.20399397105052,0.203789204767577,0.203789204767577,0.25634660694625,3.90703126861165,0.00155068987926858,1,"supplied",4001,"ok","normal",10,0
0.322988041602956,0.232295183011602,0.232214641031452,0.231914490404653,0.231914490404653,0.302583985239097,3.31193410232867,0.00154265041950221,1,"supplied",4001,"ok","normal",10,0
0.352323273302997,0.262913550082442,0.262779426062072,0.262347211385747,0.262347211385747,0.356692963372001,2.81174244131618,0.00153328878972748,1,"supplied",4001,"ok","normal",10,0
0.384322863146529,0.295701261490801,0.295482990601008,0.29487224616618,0.29487224616618,0.419852039088864,2.39129915752205,0.00152241841746328,1,"supplied",4001,"ok","normal",10,0
0.419228800165354,0.330371363174363,0.330024710664743,0.329178594653134,0.329178594653134,0.493365045946186,2.03786460068503,0.00150985870077054,1,"supplied",4001,"ok","normal",10,0
0.457305051927326,0.366551381688751,0.366014713507253,0.364866202609,0.364866202609,0.578660006656836,1.74073069209873,0.00149540961926799,1,"supplied",4001,"ok","normal",10,0
0.498839560726195,0.403798035731879,0.402988840325085,0.401461861725312,0.401461861725312,0.677283974110299,1.49089663387308,0.00147888040031975,1,"supplied",4001,"ok","normal",10,0
0.544146421074412,0.441619518301188,0.440431853272885,0.438443341011782,0.438443341011782,0.790893544411882,1.28079641417824,0.00146008878956086,1,"supplied",4001,"ok","normal",10,0
0.593568254965675,0.479503123921668,0.477806733820571,0.475269390553318,0.475269390553318,0.921241117784355,1.10406985990783,0.00143887620185047,1,"supplied",4001,"ok","normal",10,0
0.647478802869525,0.516944966054322,0.514586726806498,0.511412081360348,0.511412081360348,1.0701574970285,0.955370309868345,0.0014151149426987,1,"supplied",4001,"ok","normal",10,0
0.706285750051772,0.553478139026003,0.550286214272377,0.546387448973114,0.546387448973114,1.23953200817246,0.830203094671024,0.00138872983591475,1,"supplied",4001,"ok","normal",10,0
0.770433809594098,0.58869603993336,0.584486728419988,0.579780744200491,0.579780744200491,1.43129193270588,0.724789948619257,0.00135970358633729,1,"supplied",4001,"ok","normal",10,0
0.840408085427414,0.622268561681244,0.61685536702133,0.611263654972838,0.611263654972838,1.64738356026413,0.635955273742615,0.00132809662457611,1,"supplied",4001,"ok","normal",10,0
0.916737740811086,0.653950201735117,0.647154277361937,0.640602329162055,0.640602329162055,1.88975750026172,0.561030852491682,0.0012940617148517,1,"supplied",4001,"ok","normal",10,0
1,0.683580445520012,0.675241344971021,0.667656495700595,0.667656495700595,2.16036093800659,0.497776186466463,0.00125784093231494,1,"supplied",4001,"ok","normal",10,0
1.09082451336109,0.711077788498791,0.701063417833917,0.692371107505637,0.692371107505637,2.4611392277669,0.444312145841323,0.00121979385816775,1,"supplied",4001,"ok","normal",10,0
1.18989811894946,0.73642931052005,0.724644113230313,0.71476252648958,0.71476252648958,2.79404857942701,0.399066071512324,0.00118042013121157,1,"supplied",4001,"ok","normal",10,0
1.29797003655233,0.759677815130689,0.746068462088991,0.734901318837015,0.734901318837015,3.16108067818961,0.360726908998484,0.0011403975558992,1,"supplied",4001,"ok","normal",10,0
1.41585753347947,0.780908305901937,0.765466449785391,0.752893324969309,0.752893324969309,3.56429899872157,0.328209411394057,0.00110059919195247,1,"supplied",4001,"ok","normal",10,0
1.54445210494638,0.800235143052702,0.782997082947194,0.768859946990846,0.768859946990846,4.00588549598502,0.300626991838744,0.00106190007661674,1,"supplied",4001,"ok","normal",10,0
1.68472621578765,0.817790745554179,0.798834114859485,0.782917650333403,0.782917650333403,4.48819544342817,0.277273541571267,0.00102465283170679,1,"supplied",4001,"ok","normal",10,0
1.83774065448323,0.833716273362024,0.813154111867312,0.795155489424549,0.795155489424549,5.01381758888014,0.257615665489144,0.000988265656715189,1,"supplied",4001,"ok","normal",10,0
2.00465255511057,0.848154391000736,0.826127186406957,0.805607820603442,0.805607820603442,5.58563659884857,0.241298773950516,0.000951322643045469,1,"supplied",4001,"ok","normal",10,0
2.18672414788655,0.861243988895114,0.837910449311272,0.814216651180943,0.814216651180943,6.20689498088916,0.228174342233847,0.000911876930058212,1,"supplied",4001,"ok","normal",10,0
2.3853323044733,0.873116610471259,0.848644009542441,0.82077287718841,0.82077287718841,6.8812522562182,0.218363846799542,0.000867494304688503,1,"supplied",4001,"ok","normal",10,0
2.60197895023158,0.883894278599076,0.858449149047158,0.824814809499167,0.824814809499167,7.61283998698829,0.212393362101738,0.000815050004102299,1,"supplied",4001,"ok","normal",10,0
2.83830242216217,0.893688410620875,0.867428135618648,0.825438732726996,0.825438732726996,8.40631219832328,0.211476952015938,0.000750455712526344,1,"supplied",4001,"ok","normal",10,0
3.09608985842665,0.902599536807632,0.87566505412301,0.820923821688584,0.820923821688584,9.26689162683937,0.218139824403035,0.000668765658666286,1,"supplied",4001,"ok","normal",10,0
3.37729071314047,0.910717577646103,0.883227087291627,0.80796022075817,0.80796022075817,10.2004129551526,0.237684695741115,0.000565429346301846,1,"supplied",4001,"ok","normal",10,0
3.68403149864039,0.918122480910489,0.890165872695304,0.780058052601719,0.780058052601719,11.2133646832504,0.281955870674895,0.000602456111588276,1,"supplied",4001,"ok","normal",10,0
4.01863186671133,0.924885063954193,0.896518845184288,0.724591943770966,0.724591943770966,12.3129315239006,0.380087107780607,0.000700963391214914,1,"supplied",4001,"ok","normal",10,0
4.38362215038276,0.931067946747423,0.902310729884876,0.619803833214581,0.619803833214581,13.5070392192709,0.613413706742585,0.000802806015353049,1,"supplied",4001,"ok","normal",10,0
4.78176249895018,0.936726495326096,0.907555461182323,0.444835170922382,0.444835170922382,14.8044035201425,1.24802368465259,0.000891475263696648,1,"supplied",4001,"ok","normal",10,0
5.21606375092565,0.941909723038158,0.912258709865086,0.230259707928637,0.230259707928637,16.2145848203973,3.34292221160084,0.000961033841440013,1,"supplied",4001,"ok","normal",10,0
5.6898102027639,0.946661118472043,0.916420943323526,0.0753984763484127,0.0753984763484127,17.7480496657182,12.2628674799614,0.00101971537464283,1,"supplied",4001,"ok","normal",10,0
6.20658444554691,0.951019384827947,0.920040642021603,0.0152672614046725,0.0152672614046725,19.4162401082004,64.499631760674,0.00108376933610964,1,"supplied",4001,"ok","normal",10,0
6.77029445744823,0.955019086570609,0.923117084500791,0.00194371973967475,0.00194371973967475,21.2316516886603,513.47746276803,0.00117901122170925,1,"supplied",4001,"ok","normal",10,0
7.38520315685726,0.95869120639988,0.925652075120986,0.000153491938833349,0.000153491938833349,23.2079207076406,6514.00012053228,0.00136523952931829,1,"supplied",4001,"ok","normal",10,0
8.05596063965163,0.962063619799219,0.927650126716493,7.33389767863004e-06,7.33389767863004e-06,25.3599213922741,136352.143147042,0.00181110177768528,1,"supplied",4001,"ok","normal",10,0
8.7876393444041,0.965161496493121,0.929116870695945,2.09325915487858e-07,2.09325915487858e-07,27.7038735691544,4777238.34788191,0.0030159683152276,1,"supplied",4001,"ok","normal",10,0
9.58577241145239,0.968007638752287,0.930055773172101,3.55778630599558e-09,3.55778630599558e-09,30.257461500172,281073653.793375,0.00494807958617127,1,"supplied",4001,"ok","normal",10,0
10.4563955259127,0.970622766173134,0.930463498629632,3.58284612857132e-11,3.58284612857132e-11,33.0399646165972,27910771606.6759,0.00740009372999847,1,"supplied",4001,"ok","normal",10,0
11.4060925610648,0.973025755726924,0.930324381425458,2.10815439296778e-13,2.10815439296778e-13,36.0724009865273,4743485597333.43,0.0103457952107344,1,"supplied",4001,"ok","normal",10,0
12.4420453672751,0.975233844801985,0.929604367932355,7.07272015660963e-16,7.07272015660963e-16,39.3776844651349,1413883170629160,0.0137702406185523,1,"supplied",4001,"ok","normal",10,0
13.5720880829745,0.977262803830969,0.928244549207204,1.30776196328417e-18,1.30776196328417e-18,42.9807966015628,764665151667747328,0.0176701989663211,1,"supplied",4001,"ok","normal",10,0
14.8047663784046,0.97912708401177,0.92615436856697,1.27765421956408e-21,1.27765421956408e-21,46.908974508588,7.82684379456896e+20,0.0220498937622893,1,"supplied",4001,"ok","normal",10,0
16.1494020801478,0.980839944653072,0.923205451152977,6.27730243541902e-25,6.27730243541902e-25,51.1919160405934,1.59304097626013e+24,0.0269172756184003,1,"supplied",4001,"ok","normal",10,0
17.6161636651498,0.98241356382719,0.919229638332807,1.46624675499604e-28,1.46624675499604e-28,55.8620037723195,6.82013444594255e+27,0.03228207088498,1,"supplied",4001,"ok","normal",10,0
19.2161431573264,0.9838591352974,0.91402952779463,1.52912795405841e-32,1.52912795405841e-32,60.954549426271,6.53967509616137e+31,0.0381554496934378,1,"supplied",4001,"ok","normal",10,0
20.9614400082677,0.985186954095905,0.90741393463603,6.64188155895368e-37,6.64188155895368e-37,66.5080605619114,1.5055974592801e+36,0.0445508064590233,1,"supplied",4001,"ok","normal",10,0
22.8652525963663,0.986406492648217,0.89926440278851,1.11302386229697e-41,1.11302386229697e-41,72.5645315164985,8.98453334087808e+40,0.0514850983144366,1,"supplied",4001,"ok","normal",10,0
24.9419780363097,0.987526468954074,0.889608737175329,6.61597776498486e-47,6.61597776498486e-47,79.1697607772881,1.51149238332165e+46,0.0589802368028428,1,"supplied",4001,"ok","normal",10,0
27.2073210537206,0.988554908028467,0.878635851538468,1.2722798455616e-52,1.2722798455616e-52,86.3736971696948,7.85990600643827e+51,0.0670641386960123,1,"supplied",4001,"ok","normal",10,0
29.6784127482837,0.989499197564494,0.866596917663366,7.15686081121443e-59,7.15686081121443e-59,94.2308174676923,1.39726065153182e+58,0.0757711947969985,1,"supplied",4001,"ok","normal",10,0
32.3739401434763,0.990366138590074,0.853633164466017,1.05481244434803e-65,1.05481244434803e-65,102.800538273229,9.48035838369439e+64,0.0851420808325116,1,"supplied",4001,"ok","normal",10,0
35.3142875025886,0.991161991742477,0.839643167654298,3.61123566560008e-73,3.61123566560008e-73,112.147665272747,2.76913525618337e+72,0.095222978472078,1,"supplied",4001,"ok","normal",10,0
38.5216904797049,0.991892519669203,0.824254919877284,2.51792349512326e-81,2.51792349512326e-81,122.342883263174,3.97152654533314e+80,0.106064372647901,1,"supplied",4001,"ok","normal",10,0
42.0204042713707,0.992563025974069,0.806888329944794,3.09705669389788e-90,3.09705669389788e-90,133.463290649293,3.22887211580691e+89,0.117719633380984,1,"supplied",4001,"ok","normal",10,0
45.8368870405543,0.993178391057498,0.786870821170823,5.74458045872752e-100,5.74458045872752e-100,145.592982451617,1.74077116194053e+99,0.130243578685128,1,"supplied",4001,"ok","normal",10,0
50,0.993743105145555,0.763559449902444,1.35397828403164e-110,1.35397828403164e-110,158.823686231458,7.38564282598666e+109,0.14369116153957,1,"supplied",4001,"ok","normal",10,0
0.02,0.00179645198679047,0.00179645198637791,0.00179645175663085,0.00179645175663085,0.00179968503454638,555.652855446254,0.00179215662742473,1,"supplied",4001,"ok","skew_pos",10,0
0.0218164902672218,0.00213669272173947,0.00213669272091413,0.00213669233445816,0.00213669233445816,0.00214126795339077,467.013098504229,0.0017921217762319,1,"supplied",4001,"ok","skew_pos",10,0
0.0237979623789893,0.00254117061710797,0.00254117061545748,0.00254116996559461,0.00254116996559461,0.00254764461675089,392.519525863753,0.00179208030926485,1,"supplied",4001,"ok","skew_pos",10,0
0.0259594007310465,0.00302192953732314,0.00302192953402414,0.00302192844160065,0.00302192844160065,0.00303108927553514,329.914520090463,0.00179203097119225,1,"supplied",4001,"ok","skew_pos",10,0
0.0283171506695894,0.00359323671546443,0.00359323670887392,0.00359323487326848,0.00359323487326848,0.00360619462639912,277.3007610884,0.00179197226870538,1,"supplied",4001,"ok","skew_pos",10,0
0.0308890420989276,0.00427197885056716,0.00427197883740968,0.00427197575455647,0.00427197575455647,0.0042903069511248,233.083725529904,0.00179190242549292,1,"supplied",4001,"ok","skew_pos",10,0
0.033694524315753,0.00507812282604151,0.00507812279979381,0.00507811762525636,0.00507811762525636,0.00510404177709484,195.92336290645,0.00179181932873244,1,"supplied",4001,"ok","skew_pos",10,0
0.0367548130896647,0.0060352490909271,0.00603524903861372,0.00603524035924587,0.00603524035924587,0.00607189448660761,164.69348368504,0.00179172046551409,1,"supplied",4001,"ok","skew_pos",10,0
0.0400930511022114,0.00717116563183068,0.00717116552767957,0.0071711509815759,0.0071711509815759,0.00722296269365945,138.447628779424,0.00179160284732071,1,"supplied",4001,"ok","skew_pos",10,0
0.0437344829577311,0.0085186097230187,0.00851860951592885,0.00851858516130476,0.00851858516130476,0.00859179991329835,116.390385969544,0.00179146292034622,1,"supplied",4001,"ok","skew_pos",10,0
0.047706646089466,0.01011604295467,0.0101160425435239,0.0101160018134819,0.0101160018134819,0.0102194230774939,97.8532839789793,0.00179129645903025,1,"supplied",4001,"ok","skew_pos",10,0
0.0520395790046316,0.0120085419706027,0.0120085411557901,0.0120084731327675,0.0120084731327675,0.0121544997914804,82.2745336516845,0.00179109843971332,1,"supplied",4001,"ok","skew_pos",10,0
0.0567660484432434,0.0142487823242118,0.0142487807128074,0.0142486672906346,0.0142486672906346,0.0144547448369454,69.1820022604698,0.00179086346066897,1,"supplied",4001,"ok","skew_pos",10,0
0.0619217971685331,0.0168981051526487,0.0168981019737635,0.01689791321101,0.01689791321101,0.0171885592340075,58.1789049637467,0.00179058698893531,1,"supplied",4001,"ok","skew_pos",10,0
0.0675458142628094,0.0200276450743893,0.020027638821502,0.0200273253733381,0.0200273253733381,0.0204369490360874,48.9317797738123,0.00179025814310165,1,"supplied",4001,"ok","skew_pos",10,0
0.0736806299728077,0.0237194817863688,0.0237194695288022,0.0237189503969082,0.0237189503969082,0.0242957647354984,41.1603816048434,0.00178986702705833,1,"supplied",4001,"ok","skew_pos",10,0
0.0803726373342267,0.0280677561504035,0.02806773221752,0.0280668750661594,0.0280668750661594,0.0288783053839573,34.6291891292776,0.00178940188387409,1,"supplied",4001,"ok","skew_pos",10,0
0.0876724430076553,0.0331796630762195,0.0331796165641766,0.0331782063622806,0.0331782063622806,0.0343183338300374,29.1402670500257,0.0017888487486509,1,"supplied",4001,"ok","skew_pos",10,0
0.0956352499790037,0.0391761975727477,0.0391761076669376,0.0391737972348228,0.0391737972348228,0.0407735502323943,24.5272674743685,0.00178819103712271,1,"supplied",4001,"ok","skew_pos",10,0
0.104321275018513,0.0461924871624144,0.0461923144629275,0.0461885473996267,0.0461885473996267,0.0484295694264259,20.6503885984533,0.00178741707817532,1,"supplied",4001,"ok","skew_pos",10,0
0.113796204055278,0.0543774952468146,0.0543771658963613,0.0543710581149687,0.0543710581149687,0.0575044428125234,17.3921379253919,0.00178649946329336,1,"supplied",4001,"ok","skew_pos",10,0
0.124131688910938,0.0638928303769413,0.0638922074680101,0.0638823680318125,0.0638823680318125,0.0682537560337979,14.6537716244647,0.00178540855307163,1,"supplied",4001,"ok","skew_pos",10,0
0.135405889148965,0.0749103538779739,0.0749091868628062,0.074893452083227,0.074893452083227,0.0809763185567993,12.3523021330186,0.00178412448823635,1,"supplied",4001,"ok","skew_pos",10,0
0.147704063137145,0.0876082559361592,0.0876060929543161,0.0875811403220052,0.0875811403220052,0.0960204391437689,10.4179833274989,0.00178260247102119,1,"supplied",4001,"ok","skew_pos",10,0
0.161119212793033,0.102165286493484,0.102161326018203,0.102122127758659,0.102122127758659,0.113790751189019,8.79219706784077,0.00178080999924282,1,"supplied",4001,"ok","skew_pos",10,0
0.175752786888082,0.118752905007571,0.118745751595726,0.11868482371745,0.11868482371745,0.134755513728634,7.4256770889316,0.0017786907859836,1,"supplied",4001,"ok","skew_pos",10,0
0.191715448229048,0.137525276186544,0.137512550783952,0.137418955675356,0.137418955675356,0.159454268501311,6.27701644278565,0.00177619414377948,1,"supplied",4001,"ok","skew_pos",10,0
0.209127910518255,0.158607304882665,0.158585045079858,0.158443117768121,0.158443117768121,0.188505683259524,5.31141329510747,0.00177325693420021,1,"supplied",4001,"ok","skew_pos",10,0
0.228121851221297,0.182081272832861,0.182043047258936,0.181830840220211,0.181830840220211,0.222615361141686,4.49961710999588,0.00176979705490986,1,"supplied",4001,"ok","skew_pos",10,0
0.248840907345503,0.207973082695315,0.207908744180278,0.207596222528032,0.207596222528032,0.26258335184246,3.81704333451909,0.00176573061450413,1,"supplied",4001,"ok","skew_pos",10,0
0.271441761659491,0.236239559336295,0.236133584032375,0.235680644819463,0.235680644819463,0.309311070276177,3.24302980317296,0.001760940486088,1,"supplied",4001,"ok","skew_pos",10,0
0.296095327568091,0.266758591370216,0.266588005961244,0.265942425773712,0.265942425773712,0.363807319432097,2.76021237337622,0.00175529597238295,1,"supplied",4001,"ok","skew_pos",10,0
0.322988041602956,0.299323981201911,0.299055971954918,0.298151380479919,0.298151380479919,0.42719312945141,2.35400090514541,0.00174863408572981,1,"supplied",4001,"ok","skew_pos",10,0
0.352323273302997,0.333646590781766,0.333236007401961,0.331989911856014,0.331989911856014,0.500705160604192,2.01213971957589,0.001740758609152,1,"supplied",4001,"ok","skew_pos",10,0
0.384322863146529,0.369362677804437,0.368749763983853,0.367061486872182,0.367061486872182,0.58569746002108,1.72433920682128,0.00173141927556635,1,"supplied",4001,"ok","skew_pos",10,0
0.419228800165354,0.406049288780091,0.405158045867737,0.402906179529752,0.402906179529752,0.683641388266225,1.48196739292294,0.00172029866053929,1,"supplied",4001,"ok","skew_pos",10,0
0.457305051927326,0.443245417222739,0.441982991688302,0.439021628953218,0.439021628953218,0.796123518214609,1.27779210419394,0.00170702187157815,1,"supplied",4001,"ok","skew_pos",10,0
0.498839560726195,0.480476635104371,0.478733990615264,0.474886577092857,0.474886577092857,0.924841244052415,1.10576598336757,0.00169110926520629,1,"supplied",4001,"ok","skew_pos",10,0
0.544146421074412,0.517280336267847,0.514934247209861,0.50998340358852,0.50998340358852,1.07159574206795,0.96084812361237,0.00167199066916367,1,"supplied",4001,"ok","skew_pos",10,0
0.593568254965675,0.553228743235222,0.550144895574417,0.543815890847119,0.543815890847119,1.23828186092664,0.838857629633199,0.00164898509686698,1,"supplied",4001,"ok","skew_pos",10,0
0.647478802869525,0.587947394199997,0.58398419256456,0.57591870701911,0.57591870701911,1.42687459301099,0.736356169390446,0.0016212794206367,1,"supplied",4001,"ok","skew_pos",10,0
0.706285750051772,0.621127752009803,0.616140380906124,0.605855415462391,0.605855415462391,1.63941211135072,0.65055882060045,0.00158788566024272,1,"supplied",4001,"ok","skew_pos",10,0
0.770433809594098,0.652533590389608,0.646377978352005,0.633201651220744,0.633201651220744,1.87797603550019,0.5792757300492,0.00154758400792894,1,"supplied",4001,"ok","skew_pos",10,0
0.840408085427414,0.682001670574119,0.674538208931084,0.657508777137793,0.657508777137793,2.14467060819287,0.52089224474403,0.00149877674285025,1,"supplied",4001,"ok","skew_pos",10,0
0.916737740811086,0.709437781719208,0.700534863953652,0.67824006098458,0.67824006098458,2.44160368101825,0.474404208073953,0.00143924953054278,1,"supplied",4001,"ok","skew_pos",10,0
1,0.734809457722078,0.724347042182339,0.694665287664266,0.694665287664266,2.7708735440195,0.439542205084678,0.00136581915207218,1,"supplied",4001,"ok","skew_pos",10,0
1.09082451336109,0.758136665414789,0.74601006960085,0.705690038411208,0.705690038411208,3.13456633149862,0.417052736427174,0.0012739801225465,1,"supplied",4001,"ok","skew_pos",10,0
1.18989811894946,0.779481584098013,0.765605583040443,0.709584254112093,0.709584254112093,3.53476865371855,0.409275916432653,0.00115792292342374,1,"supplied",4001,"ok","skew_pos",10,0
1.29797003655233,0.798938355805573,0.783251404365235,0.703573407082215,0.703573407082215,3.9735990372833,0.421315800077057,0.00101207712595303,1,"supplied",4001,"ok","skew_pos",10,0
1.41585753347947,0.816623441908877,0.799091521238045,0.683313612927896,0.683313612927896,4.45325973183052,0.463456868238216,0.000835294956001669,1,"supplied",4001,"ok","skew_pos",10,0
1.54445210494638,0.832667006308312,0.81328629167339,0.642534679702124,0.642534679702124,4.97610774742072,0.55633622836295,0.000637112182511429,1,"supplied",4001,"ok","skew_pos",10,0
1.68472621578765,0.847205568651831,0.826002957472164,0.573874678227366,0.573874678227366,5.54474113471667,0.74254072873347,0.000749152000351123,1,"supplied",4001,"ok","skew_pos",10,0
1.83774065448323,0.860376032041773,0.837406708921157,0.473021985207743,0.473021985207743,6.16209412053943,1.11406664229532,0.000871163460551518,1,"supplied",4001,"ok","skew_pos",10,0
2.00465255511057,0.872311084096968,0.847652826237006,0.347043091050155,0.347043091050155,6.83153332399979,1.88148655250272,0.000970375600677864,1,"supplied",4001,"ok","skew_pos",10,0
2.18672414788655,0.883135893035842,0.85688065295468,0.219265054936206,0.219265054936206,7.55694726103284,3.56069025814873,0.00105243182169785,1,"supplied",4001,"ok","skew_pos",10,0
2.3853323044733,0.892965966903895,0.86521010618295,0.117401518823402,0.117401518823402,8.342822755283,7.51777736797614,0.00114976854699972,1,"supplied",4001,"ok","skew_pos",10,0
2.60197895023158,0.901906009854389,0.87274098780649,0.0534663183263353,0.0534663183263353,9.19430444735296,17.703363749425,0.0013855631518847,1,"supplied",4001,"ok","skew_pos",10,0
2.83830242216217,0.910049590830173,0.87955466908795,0.0209484477360104,0.0209484477360104,10.117236811141,46.7362338537856,0.00174047720534705,1,"supplied",4001,"ok","skew_pos",10,0
3.09608985842665,0.917479434377312,0.885717124741714,0.00710770454329335,0.00710770454329335,11.1181912951536,139.692398496442,0.00218084570587739,1,"supplied",4001,"ok","skew_pos",10,0
3.37729071314047,0.924268148905678,0.891282120190748,0.00208290149876859,0.00208290149876859,12.2044837878653,479.09951531131,0.00272215737098091,1,"supplied",4001,"ok","skew_pos",10,0
3.68403149864039,0.930479223258752,0.896293692909258,0.000521910655097741,0.000521910655097741,13.3841891140248,1915.03675884472,0.00337567684045871,1,"supplied",4001,"ok","skew_pos",10,0
4.01863186671133,0.936168146487326,0.900787708716376,0.000110228961775414,0.000110228961775414,14.6661595264729,9071.02593486685,0.00414707664633298,1,"supplied",4001,"ok","skew_pos",10,0
4.38362215038276,0.941383535924307,0.904792861188248,1.93091157410135e-05,1.93091157410135e-05,16.060053276306,51788.0106109806,0.00503690608507609,1,"supplied",4001,"ok","skew_pos",10,0
4.78176249895018,0.946168191772201,0.90833172736807,2.75879280251232e-06,2.75879280251232e-06,17.5763776644529,362476.384705854,0.00604291599045796,1,"supplied",4001,"ok","skew_pos",10,0
5.21606375092565,0.950560028705281,0.911422323871859,3.16009299692531e-07,3.16009299692531e-07,19.2265489605334,3164462.83373202,0.0071630921126173,1,"supplied",4001,"ok","skew_pos",10,0
5.6898102027639,0.95459286304606,0.914080180784775,2.85027866687236e-08,2.85027866687236e-08,21.0229696713622,35084287.8319166,0.0083979283812221,1,"supplied",4001,"ok","skew_pos",10,0
6.20658444554691,0.958297055573509,0.916320513788139,1.98552384754475e-09,1.98552384754475e-09,22.9791221879474,503645422.970393,0.00975125110318583,1,"supplied",4001,"ok","skew_pos",10,0
6.77029445744823,0.961700024101097,0.918159779684913,1.04582228819589e-10,1.04582228819589e-10,25.1096770044874,9561853970.6252,0.0112299095650292,1,"supplied",4001,"ok","skew_pos",10,0
7.38520315685726,0.964826647151324,0.919615737033736,4.06892193458019e-12,4.06892193458019e-12,27.4306134903385,245765344254.29,0.0128430513504489,1,"supplied",4001,"ok","skew_pos",10,0
8.05596063965163,0.967699581814411,0.920705069403122,1.13952933014234e-13,1.13952933014234e-13,29.9593514936646,8775552972164.14,0.0146015013701812,1,"supplied",4001,"ok","skew_pos",10,0
8.7876393444041,0.970339517047381,0.921437828140791,2.23274457380635e-15,2.23274457380635e-15,32.7148926940081,447879265605028,0.0165174082684178,1,"supplied",4001,"ok","skew_pos",10,0
9.58577241145239,0.972765379970903,0.921808764773127,2.96644269985738e-17,2.96644269985738e-17,35.7179714250326,33710410116739460,0.0186041095117139,1,"supplied",4001,"ok","skew_pos",10,0
10.4563955259127,0.97499450848659,0.921787087960162,2.58234621057083e-19,2.58234621057083e-19,38.99121550815,3872447450719429120,0.0208761195176387,1,"supplied",4001,"ok","skew_pos",10,0
11.4060925610648,0.977042799620924,0.92130743568967,1.418574415487e-21,1.418574415487e-21,42.5593183614594,7.04933057499628e+20,0.0233491731828893,1,"supplied",4001,"ok","skew_pos",10,0
12.4420453672751,0.978924839832378,0.920264729543793,4.7194355266051e-24,4.7194355266051e-24,46.4492242073829,2.11889747060354e+23,0.0260402917396461,1,"supplied",4001,"ok","skew_pos",10,0
13.5720880829745,0.98065402121264,0.918514493386359,9.09083134267372e-27,9.09083134267372e-27,50.6903285686099,1.10000940761694e+26,0.0289678579423128,1,"supplied",4001,"ok","skew_pos",10,0
14.8047663784046,0.98224264599681,0.915880483005119,9.65292429811661e-30,9.65292429811661e-30,55.3146964249486,1.03595549816454e+29,0.0321516957889686,1,"supplied",4001,"ok","skew_pos",10,0
16.1494020801478,0.98370202090416,0.912173846783378,5.35494235203836e-33,5.35494235203836e-33,60.3573004431709,1.86743373552724e+32,0.035613152563362,1,"supplied",4001,"ok","skew_pos",10,0
17.6161636651498,0.985042542370429,0.907228065775599,1.46368986690583e-36,1.46368986690583e-36,65.8562816466207,6.83204839092007e+35,0.0393751815768526,1,"supplied",4001,"ok","skew_pos",10,0
19.2161431573264,0.986273773533798,0.9009450558982,1.84913175801602e-40,1.84913175801602e-40,71.8532348247576,5.40794346138386e+39,0.043462423976545,1,"supplied",4001,"ok","skew_pos",10,0
20.9614400082677,0.987404513768385,0.893333983628958,1.00692502288873e-44,1.00692502288873e-44,78.3935209495895,9.93122603241243e+43,0.047901287768567,1,"supplied",4001,"ok","skew_pos",10,0
22.8652525963663,0.988442861534914,0.884521141581214,2.19005256437509e-49,2.19005256437509e-49,85.526608902455,4.56610045012933e+48,0.0527200218824156,1,"supplied",4001,"ok","skew_pos",10,0
24.9419780363097,0.989396271291258,0.874714318103665,1.75081438785351e-54,1.75081438785351e-54,93.3064489357984,5.71162772557516e+53,0.0579487826950894,1,"supplied",4001,"ok","skew_pos",10,0
27.2073210537206,0.990271605158286,0.864110345083371,4.69855119754094e-60,4.69855119754094e-60,101.791880497304,2.12831564019855e+59,0.063619689945745,1,"supplied",4001,"ok","skew_pos",10,0
29.6784127482837,0.991075179969213,0.852768271816207,3.83397259753676e-66,3.83397259753676e-66,111.047077313651,2.60826068668951e+65,0.0697668684019166,1,"supplied",4001,"ok","skew_pos",10,0
32.3739401434763,0.991812810251766,0.84050852673214,8.53898675207856e-73,8.53898675207856e-73,121.142032950407,1.17109913510122e+72,0.0764264709848074,1,"supplied",4001,"ok","skew_pos",10,0
35.3142875025886,0.992489847611764,0.82686941676795,4.61403694993244e-80,4.61403694993244e-80,132.153090417498,2.16729950551142e+79,0.0836366783218623,1,"supplied",4001,"ok","skew_pos",10,0
38.5216904797049,0.993111216911728,0.811109774920725,5.31943769335287e-88,5.31943769335287e-88,144.163519766292,1.87989794720143e+87,0.0914376688703635,1,"supplied",4001,"ok","skew_pos",10,0
42.0204042713707,0.993681449573341,0.792275820329546,1.13730907044123e-96,1.13730907044123e-96,157.264148020528,8.79268464474696e+95,0.099871552848836,1,"supplied",4001,"ok","skew_pos",10,0
45.8368870405543,0.994204714279267,0.769399650523796,3.86992935756917e-106,3.86992935756917e-106,171.554046200423,2.58402649661836e+105,0.108982262231824,1,"supplied",4001,"ok","skew_pos",10,0
50,0.994684845307648,0.741840588061408,1.77372520665338e-116,1.77372520665338e-116,187.141278642159,5.63785188511118e+115,0.11881538802256,1,"supplied",4001,"ok","skew_pos",10,0
0.02,0.000930491000007886,0.000930490999992576,0.000930490983549032,0.000930490983549032,0.000931357619890983,1073.70144007828,0.00133509316529558,1,"supplied",4001,"ok","bimodal",10,0
0.0218164902672218,0.0011069532730864,0.00110695327305574,0.00110695324537215,0.00110695324537215,0.0011081799765386,902.380521427357,0.00133509879835925,1,"supplied",4001,"ok","bimodal",10,0
0.0237979623789893,0.00131682732653253,0.00131682732647111,0.00131682727987046,0.00131682727987046,0.00131856364717491,758.401035569656,0.00133510550044892,1,"supplied",4001,"ok","bimodal",10,0
0.0259594007310465,0.00156641731903369,0.00156641731891068,0.00156641724047867,0.00156641724047867,0.00156887483174152,637.399510780676,0.00133511347428706,1,"supplied",4001,"ok","bimodal",10,0
0.0283171506695894,0.0018632077163324,0.00186320771608613,0.00186320758410443,0.00186320758410443,0.0018666857396064,535.708850120241,0.00133512296097494,1,"supplied",4001,"ok","bimodal",10,0
0.0308890420989276,0.00221608047667446,0.00221608047618155,0.00221608025413821,0.00221608025413821,0.00222100239672448,450.247195643138,0.00133513424723177,1,"supplied",4001,"ok","bimodal",10,0
0.033694524315753,0.00263557062258772,0.00263557062160145,0.0026355702481388,0.0026355702481388,0.00264253521075835,378.424528982365,0.00133514767398823,1,"supplied",4001,"ok","bimodal",10,0
0.0367548130896647,0.0031341663239026,0.00313416632192979,0.00313416569398653,0.00313416569398653,0.0031440202061544,318.064177723176,0.00133516364658314,1,"supplied",4001,"ok","bimodal",10,0
0.0400930511022114,0.00372666031156737,0.00372666030762286,0.00372665925218714,0.00372665925218714,0.00374060025809063,267.336848723991,0.001335182646856,1,"supplied",4001,"ok","bimodal",10,0
0.0437344829577311,0.00443056008417919,0.0044305600762963,0.00443055830312412,0.00443055830312412,0.00445027730517101,224.705189184593,0.00133520524747831,1,"supplied",4001,"ok","bimodal",10,0
0.047706646089466,0.00526656487979604,0.0052665648640517,0.00526656188662094,0.00526656188662094,0.00529444843598689,188.877195317951,0.00133523212892539,1,"supplied",4001,"ok","bimodal",10,0
0.0520395790046316,0.006259117645702,0.00625911761427802,0.00625911261783062,0.00625911261783062,0.0062985409545327,158.767056619377,0.00133526409955653,1,"supplied",4001,"ok","bimodal",10,0
0.0567660484432434,0.00743704007560284,0.00743704001293557,0.00743703163457184,0.00743703163457184,0.00749276406221053,133.462249071443,0.00133530211934644,1,"supplied",4001,"ok","bimodal",10,0
0.0619217971685331,0.0088342579520291,0.0088342578271772,0.00883424379014025,0.00883424379014025,0.00891299767259464,112.195880004589,0.0013353473278949,1,"supplied",4001,"ok","bimodal",10,0
0.0675458142628094,0.010490622191408,0.0104906219429539,0.0104905984499134,0.0104905984499134,0.010601842111533,94.3234464911062,0.00133540107743324,1,"supplied",4001,"ok","bimodal",10,0
0.0736806299728077,0.0124528276795085,0.0124528271857655,0.0124527879152131,0.0124527879152131,0.0126098560438864,79.3033029076438,0.00133546497164451,1,"supplied",4001,"ok","bimodal",10,0
0.0803726373342267,0.0147754265973882,0.0147754256177862,0.014775360069651,0.014775360069651,0.0149970138750794,66.6802457121861,0.00133554091121577,1,"supplied",4001,"ok","bimodal",10,0
0.0876724430076553,0.0175219246936691,0.0175219227538408,0.0175218135335299,0.0175218135335299,0.0178344180232275,56.0717179523905,0.00133563114714062,1,"supplied",4001,"ok","bimodal",10,0
0.0956352499790037,0.0207659368989272,0.0207659330663536,0.0207657514477716,0.0207657514477716,0.0212063057050577,47.1562154162889,0.00133573834287861,1,"supplied",4001,"ok","bimodal",10,0
0.104321275018513,0.0245923616830468,0.0245923541311852,0.0245920528501367,0.0245920528501367,0.025212393995069,39.6635430597834,0.00133587010970513,1,"supplied",4001,"ok","bimodal",10,0
0.113796204055278,0.0290985104229598,0.0290984955893519,0.0290979972189404,0.0290979972189404,0.0299706105463245,33.3666264202226,0.00133602755701907,1,"supplied",4001,"ok","bimodal",10,0
0.124131688910938,0.0343950976579232,0.0343950686291985,0.0343942469817128,0.0343942469817128,0.0356202599784838,28.0746298510822,0.0013362143855962,1,"supplied",4001,"ok","bimodal",10,0
0.135405889148965,0.0406069597456142,0.0406069031844473,0.0406055538444049,0.0406055538444049,0.0423256767996223,23.6271730175598,0.00133643596249057,1,"supplied",4001,"ok","bimodal",10,0
0.147704063137145,0.0478733233047121,0.0478732136578788,0.0478710078307979,0.0478710078307979,0.0502804138109798,19.8894703770295,0.00133669858755704,1,"supplied",4001,"ok","bimodal",10,0
0.161119212793033,0.056347392867863,0.0563471815715074,0.0563435947876519,0.0563435947876519,0.0597120088918197,16.7482463404901,0.0013370096359386,1,"supplied",4001,"ok","bimodal",10,0
0.175752786888082,0.0661949741068186,0.066194569730618,0.0661887734886687,0.0661887734886687,0.0708873611421221,14.1083023191417,0.00133738605370661,1,"supplied",4001,"ok","bimodal",10,0
0.191715448229048,0.0775918036720371,0.0775910359544105,0.0775817362167317,0.0775817362167317,0.0841187274581082,11.8896316164723,0.00133783861473366,1,"supplied",4001,"ok","bimodal",10,0
0.209127910518255,0.0907192333314784,0.0907177891979744,0.0907029912062438,0.0907029912062438,0.0997703202981638,10.0249947295141,0.00133837292063913,1,"supplied",4001,"ok","bimodal",10,0
0.228121851221297,0.105757934963714,0.105755247064861,0.105731922303756,0.105731922303756,0.118265444110396,8.45788157645628,0.00133901691347685,1,"supplied",4001,"ok","bimodal",10,0
0.248840907345503,0.122879379495348,0.122874436706411,0.122838066995157,0.122838066995157,0.140094049350533,7.14079889452693,0.00133978674905496,1,"supplied",4001,"ok","bimodal",10,0
0.271441761659491,0.14223502395768,0.142226058195067,0.142170036947403,0.142170036947403,0.165820507866787,6.03383090749256,0.00134071047512715,1,"supplied",4001,"ok","bimodal",10,0
0.296095327568091,0.163943436939752,0.163927422278947,0.163842308037451,0.163842308037451,0.19609132226612,5.10342964511595,0.00134181121138579,1,"supplied",4001,"ok","bimodal",10,0
0.322988041602956,0.188076005395554,0.18804788690788,0.18792053354749,0.18792053354749,0.231642378652919,4.32139825873412,0.00134313985260854,1,"supplied",4001,"ok","bimodal",10,0
0.352323273302997,0.214642362251822,0.214593920075903,0.214406554014114,0.214406554014114,0.273305245833295,3.6640365290987,0.00134473120907746,1,"supplied",4001,"ok","bimodal",10,0
0.384322863146529,0.243577174314355,0.243495434773791,0.243224809806035,0.243224809806035,0.322011930422075,3.11142268256873,0.00134663529060383,1,"supplied",4001,"ok","bimodal",10,0
0.419228800165354,0.274730304019237,0.274595449343806,0.274212274086175,0.274212274086175,0.378797439823715,2.64680976930207,0.00134891715622852,1,"supplied",4001,"ok","bimodal",10,0
0.457305051927326,0.307862447489537,0.307645263551787,0.30711414516603,0.30711414516603,0.444799514739352,2.25611833821391,0.00135164450167242,1,"supplied",4001,"ok","bimodal",10,0
0.498839560726195,0.342648013125478,0.342307056294599,0.341587210534081,0.341587210534081,0.521255004878968,1.92751007403489,0.00135488354197059,1,"supplied",4001,"ok","bimodal",10,0
0.544146421074412,0.378686180453585,0.378165026489339,0.377211942948107,0.377211942948107,0.6094926083087,1.6510295304663,0.00135871548337595,1,"supplied",4001,"ok","bimodal",10,0
0.593568254965675,0.415519851415702,0.414744970778656,0.41351308258826,0.41351308258826,0.710922094483714,1.41830317372501,0.00136321977249298,1,"supplied",4001,"ok","bimodal",10,0
0.647478802869525,0.452660818306662,0.451540739070243,0.449986943120758,0.449986943120758,0.827020672823453,1.22228670250915,0.00136845454238415,1,"supplied",4001,"ok","bimodal",10,0
0.706285750051772,0.489618274030593,0.488044675676043,0.486132326585111,0.486132326585111,0.959317799046631,1.05705308063878,0.00137444149697404,1,"supplied",4001,"ok","bimodal",10,0
0.770433809594098,0.525927123034526,0.523778305485735,0.521481126274077,0.521481126274077,1.10938032650374,0.917614942548133,0.00138116063609126,1,"supplied",4001,"ok","bimodal",10,0
0.840408085427414,0.561172616757821,0.558319414985087,0.555624689278208,0.555624689278208,1.27880036248358,0.799776034609017,0.00138850718306182,1,"supplied",4001,"ok","bimodal",10,0
0.916737740811086,0.595008613609551,0.591322348511251,0.588232818047962,0.588232818047962,1.46918831759031,0.700007155871512,0.00139627259983973,1,"supplied",4001,"ok","bimodal",10,0
1,0.627168014684925,0.622529604126361,0.619063690119281,0.619063690119281,1.68217330966095,0.615342679534831,0.00140408827895843,1,"supplied",4001,"ok","bimodal",10,0
1.09082451336109,0.657465301057685,0.651774331916599,0.647964594051217,0.647964594051217,1.91941226126234,0.543294200301562,0.00141147152699395,1,"supplied",4001,"ok","bimodal",10,0
1.18989811894946,0.685792261780672,0.678974745802883,0.674864829863821,0.674864829863821,2.18260780484651,0.481778210611133,0.00141774391228596,1,"supplied",4001,"ok","bimodal",10,0
1.29797003655233,0.712108739702459,0.704122481754636,0.699763115056249,0.699763115056249,2.47353371883009,0.429055030886583,0.0014221322828728,1,"supplied",4001,"ok","bimodal",10,0
1.41585753347947,0.736430478875755,0.727267438392185,0.722712235102813,0.722712235102813,2.79406539775366,0.383676588590948,0.00142380908670252,1,"supplied",4001,"ok","bimodal",10,0
1.54445210494638,0.75881600778008,0.748501624467334,0.743803488158762,0.743803488158762,3.14621215444582,0.34444112715233,0.00142197358693533,1,"supplied",4001,"ok","bimodal",10,0
1.68472621578765,0.779354082056884,0.767944108246165,0.763152818722975,0.763152818722975,3.53214820071045,0.310353543178094,0.00141596763986581,1,"supplied",4001,"ok","bimodal",10,0
1.83774065448323,0.798152693412869,0.785728460785972,0.780889617559303,0.780889617559303,3.95423999907738,0.280590723085208,0.00140538353659831,1,"supplied",4001,"ok","bimodal",10,0
2.00465255511057,0.815330151110567,0.801993274543696,0.797148242964395,0.797148242964395,4.41506914103085,0.254471811016292,0.00139010859502566,1,"supplied",4001,"ok","bimodal",10,0
2.18672414788655,0.831008335553797,0.816875595922457,0.81206165639034,0.81206165639034,4.91745162861771,0.231433588977784,0.00137038890921381,1,"supplied",4001,"ok","bimodal",10,0
2.3853323044733,0.845307942020492,0.830506600638281,0.825756350805277,0.825756350805277,5.46445598475697,0.21101097076008,0.00134674866183541,1,"supplied",4001,"ok","bimodal",10,0
2.60197895023158,0.858345375598954,0.84300867810044,0.838347992613121,0.838347992613121,6.05942361026526,0.192822084398403,0.00131994466448417,1,"supplied",4001,"ok","bimodal",10,0
2.83830242216217,0.870230904786114,0.854493281856352,0.849937685754265,0.849937685754265,6.70599500868675,0.176556842649663,0.00129080692610169,1,"supplied",4001,"ok","bimodal",10,0
3.09608985842665,0.881067701106321,0.865059313859292,0.860609150788517,0.860609150788517,7.40814487991998,0.161967658702872,0.00126011495831659,1,"supplied",4001,"ok","bimodal",10,0
3.37729071314047,0.890951454943622,0.874792203458803,0.870427102293379,0.870427102293379,8.17022780526782,0.148861285873596,0.00125684565288991,1,"supplied",4001,"ok","bimodal",10,0
3.68403149864039,0.899970337464316,0.883763992721645,0.879436649585233,0.879436649585233,8.99703462603675,0.137091569326373,0.00130908192202461,1,"supplied",4001,"ok","bimodal",10,0
4.01863186671133,0.90820515596472,0.892034571940909,0.887662815617497,0.887662815617497,9.8938580430037,0.126553892318173,0.00136411381956257,1,"supplied",4001,"ok","bimodal",10,0
4.38362215038276,0.915729613665646,0.899653846838931,0.89510845738476,0.89510845738476,10.8665647981292,0.117183053908017,0.00142034949867416,1,"supplied",4001,"ok","bimodal",10,0
4.78176249895018,0.922610630031091,0.906664292658802,0.901747862586519,0.901747862586519,11.9216712889864,0.108957438647717,0.0014746547348033,1,"supplied",4001,"ok","bimodal",10,0
5.21606375092565,0.928908704354441,0.91310322573329,0.907511357465574,0.907511357465574,13.0664196779549,0.101914584069472,0.00152136854446038,1,"supplied",4001,"ok","bimodal",10,0
5.6898102027639,0.934678317120248,0.919004201104152,0.912251551831183,0.912251551831183,14.308852373581,0.0961888724581255,0.00155117176525973,1,"supplied",4001,"ok","bimodal",10,0
6.20658444554691,0.939968365472519,0.924397127585869,0.915669901104807,0.915669901104807,15.6578839285515,0.0920966155963451,0.00154996023516343,1,"supplied",4001,"ok","bimodal",10,0
6.77029445744823,0.94482262595095,0.929306945530429,0.917150742255871,0.917150742255871,17.123370624906,0.0903333050141229,0.00149820933102411,1,"supplied",4001,"ok","bimodal",10,0
7.38520315685726,0.949280233415125,0.933751128432744,0.915361121811019,0.915361121811019,18.7161790625867,0.0924650131759207,0.00137168151563972,1,"supplied",4001,"ok","bimodal",10,0
8.05596063965163,0.953376162178748,0.937736872830236,0.907207423039451,0.907207423039451,20.4482558006878,0.102283749673986,0.00114909931569147,1,"supplied",4001,"ok","bimodal",10,0
8.7876393444041,0.957141694766326,0.941259298946533,0.884917604585919,0.884917604585919,22.3327005010524,0.130048712804094,0.00109257554602052,1,"supplied",4001,"ok","bimodal",10,0
9.58577241145239,0.960604865246262,0.944301695150994,0.827871934395452,0.827871934395452,24.3838451435962,0.207916295326816,0.00152380261954181,1,"supplied",4001,"ok","bimodal",10,0
10.4563955259127,0.963790867084437,0.946837617830345,0.686292135751245,0.686292135751245,26.6173417997035,0.457105433541587,0.00195302129126588,1,"supplied",4001,"ok","bimodal",10,0
11.4060925610648,0.966722419077037,0.948833257517539,0.408123152418979,0.408123152418979,29.0502612348831,1.4502408012702,0.00229189718251258,1,"supplied",4001,"ok","bimodal",10,0
12.4420453672751,0.969420086482613,0.950247992207775,0.129242447833301,0.129242447833301,31.7012043193459,6.73739600854526,0.00254857208942941,1,"supplied",4001,"ok","bimodal",10,0
13.5720880829745,0.971902557541814,0.951031739464312,0.020959263939733,0.020959263939733,34.5904279006234,46.7115991704402,0.00277022025857945,1,"supplied",4001,"ok","bimodal",10,0
14.8047663784046,0.974186877929724,0.951118838574234,0.00199393528416955,0.00199393528416955,37.7399864796478,500.52079053884,0.00297869779877269,1,"supplied",4001,"ok","bimodal",10,0
16.1494020801478,0.976288647273139,0.950418903163899,0.000115620311510775,0.000115620311510775,41.1738907737295,8647.9993577539,0.00316286286287204,1,"supplied",4001,"ok","bimodal",10,0
17.6161636651498,0.9782221827319,0.948805333297954,3.96830567094652e-06,3.96830567094652e-06,44.9182840818844,251995.71671499,0.00329194780928646,1,"supplied",4001,"ok","bimodal",10,0
19.2161431573264,0.980000654902454,0.946102790620646,7.67898045394249e-08,7.67898045394249e-08,49.0016373097499,13022561.1226394,0.0033403915751502,1,"supplied",4001,"ok","bimodal",10,0
20.9614400082677,0.981636201099814,0.942077183284843,7.8725250999733e-10,7.8725250999733e-10,53.4549635636594,1270240471.14964,0.00332697514020381,1,"supplied",4001,"ok","bimodal",10,0
22.8652525963663,0.983140020566286,0.936436595852888,3.95157026078032e-12,3.95157026078032e-12,58.3120533706205,253063955339.763,0.00334169536685949,1,"supplied",4001,"ok","bimodal",10,0
24.9419780363097,0.984522455485067,0.928858011945858,8.85398523735314e-15,8.85398523735314e-15,63.6097317979085,112943490777599,0.00346852870425508,1,"supplied",4001,"ok","bimodal",10,0
27.2073210537206,0.985793060959993,0.919054592844123,8.05130812460224e-18,8.05130812460224e-18,69.3881390061556,124203419434950848,0.00364348022620644,1,"supplied",4001,"ok","bimodal",10,0
29.6784127482837,0.986960666441733,0.906874354234182,2.70827919072764e-21,2.70827919072764e-21,75.6910360511468,3.69238150713453e+20,0.00369815052097053,1,"supplied",4001,"ok","bimodal",10,0
32.3739401434763,0.9880334304841,0.89236835446525,3.04518793825417e-25,3.04518793825417e-25,82.5661380374146,3.28386956823857e+24,0.00354335055171515,1,"supplied",4001,"ok","bimodal",10,0
35.3142875025886,0.989018890222865,0.875738151416352,1.01386346764448e-29,1.01386346764448e-29,90.0654770141942,9.86326100025393e+28,0.00342581429210267,1,"supplied",4001,"ok","bimodal",10,0
38.5216904797049,0.989924006584653,0.857148964437744,8.85773646197391e-35,8.85773646197391e-35,98.2457972905049,1.12895659550606e+34,0.00439017890864724,1,"supplied",4001,"ok","bimodal",10,0
42.0204042713707,0.990755205944526,0.836539245973613,1.87287235254387e-40,1.87287235254387e-40,107.16898613419,5.33939218357156e+39,0.00858286005885266,1,"supplied",4001,"ok","bimodal",10,0
45.8368870405543,0.99151841874161,0.813610845623423,9.16466088276034e-47,9.16466088276034e-47,116.902543114919,1.09114784801378e+46,0.0146142604691761,1,"supplied",4001,"ok","bimodal",10,0
50,0.992219115415428,0.788063755789575,9.8710101670623e-54,9.8710101670623e-54,127.520091659344,1.01306754129057e+53,0.0218528287702405,1,"supplied",4001,"ok","bimodal",10,0
0.02,0.00131374800008275,0.001313747999911,0.00131374786908731,0.00131374786908731,0.00131547620431532,760.181063376125,0.0015189459764439,1,"supplied",4001,"wbar_undefined","heavy_tail",10,0
0.0218164902672218,0.00156276587589393,0.00156276587555015,0.0015627656553919,0.0015627656553919,0.00156521193569557,638.891206048565,0.00151890255362172,1,"supplied",4001,"wbar_undefined","heavy_tail",10,0
0.0237979623789893,0.00185888075450679,0.0018588807538189,0.00185888038340045,0.00185888038340045,0.00186234262737512,536.95822955036,0.0015188508890751,1,"supplied",4001,"wbar_undefined","heavy_tail",10,0
0.0259594007310465,0.00221095712778918,0.00221095712641316,0.00221095650333548,0.00221095650333548,0.00221585629105003,451.292932263202,0.00151878941945612,1,"supplied",4001,"wbar_undefined","heavy_tail",10,0
0.0283171506695894,0.0026295101301292,0.00262951012737786,0.00262950907961392,0.00262950907961392,0.00263644268287132,379.299124179797,0.00151871628526248,1,"supplied",4001,"wbar_undefined","heavy_tail",10,0
0.0308890420989276,0.0031270055289268,0.00312700552342813,0.00312700376213246,0.00312700376213246,0.00313681436478871,318.794946238904,0.00151862927489825,1,"supplied",4001,"wbar_undefined","heavy_tail",10,0
0.033694524315753,0.00371821117775947,0.0037182111667765,0.00371820820726434,0.00371820820726434,0.00373208786858884,267.94674645876,0.00151852575823582,1,"supplied",4001,"wbar_undefined","heavy_tail",10,0
0.0367548130896647,0.00442060747907729,0.00442060745715508,0.00442060248673295,0.00442060248673295,0.00444023601963456,225.213508905446,0.00151840260773686,1,"supplied",4001,"wbar_undefined","heavy_tail",10,0
0.0400930511022114,0.00525486495342538,0.00525486490970347,0.0052548565669051,0.0052548565669051,0.00528262443141211,189.300151349128,0.00151825610484231,1,"supplied",4001,"wbar_undefined","heavy_tail",10,0
0.0437344829577311,0.00624539732798058,0.00624539724086486,0.00624538324729973,0.00624538324729973,0.00628464744836188,159.118276237469,0.00151808182893587,1,"supplied",4001,"wbar_undefined","heavy_tail",10,0
0.047706646089466,0.00742099847184495,0.00742099829846401,0.00742097484605416,0.00742097484605416,0.00747648142910512,133.753185497147,0.00151787452571593,1,"supplied",4001,"wbar_undefined","heavy_tail",10,0
0.0520395790046316,0.00881557078172923,0.00881557043712277,0.00881553117050746,0.00881553117050746,0.00889397625897121,112.436159507384,0.00151762795126832,1,"supplied",4001,"wbar_undefined","heavy_tail",10,0
0.0567660484432434,0.0104689509294118,0.0104689502455681,0.0104688845767446,0.0104688845767446,0.0105797093878405,94.5211601263979,0.00151733468751078,1,"supplied",4001,"wbar_undefined","heavy_tail",10,0
0.0619217971685331,0.0124278357734952,0.0124278344189988,0.0124277247448433,0.0124277247448433,0.0125842305237805,79.4652517279911,0.00151698592397378,1,"supplied",4001,"wbar_undefined","heavy_tail",10,0
0.0675458142628094,0.0147468061192415,0.0147468034422821,0.0147466205679438,0.0147466205679438,0.014967529372989,66.8121468842697,0.0015165712000874,1,"supplied",4001,"wbar_undefined","heavy_tail",10,0
0.0736806299728077,0.0174894381195962,0.0174894328426815,0.0174891284872301,0.0174891284872301,0.0178007634708003,56.1783780266787,0.00151607810126319,1,"supplied",4001,"wbar_undefined","heavy_tail",10,0
0.0803726373342267,0.0207294805054067,0.0207294701349643,0.0207289647229262,0.0207289647229262,0.0211682881213511,47.2416760010211,0.00151549190109841,1,"supplied",4001,"wbar_undefined","heavy_tail",10,0
0.0876724430076553,0.0245520594059667,0.024552039097944,0.0245512019930493,0.0245512019930493,0.0251700356156525,39.7312033147343,0.00151479514100928,1,"supplied",4001,"wbar_undefined","heavy_tail",10,0
0.0956352499790037,0.0290548500675118,0.029054810464185,0.0290534281963138,0.0290534281963138,0.0299242960012026,33.4193460834641,0.00151396713754961,1,"supplied",4001,"wbar_undefined","heavy_tail",10,0
0.104321275018513,0.0343491251501179,0.0343490482914538,0.0343467739129042,0.0343467739129042,0.0355709563826137,28.1148159223273,0.00151298340664688,1,"supplied",4001,"wbar_undefined","heavy_tail",10,0
0.113796204055278,0.0405605516862389,0.0405604033612001,0.0405566765182647,0.0405566765182647,0.0422752595356852,23.6568527268168,0.00151181499307268,1,"supplied",4001,"wbar_undefined","heavy_tail",10,0
0.124131688910938,0.0478295632611556,0.047829278869293,0.0478232011018427,0.0478232011018427,0.0502321448090433,19.9103526522709,0.00151042769277683,1,"supplied",4001,"wbar_undefined","heavy_tail",10,0
0.135405889148965,0.056311082156717,0.0563105409329797,0.0563006837183484,0.0563006837183484,0.059671233911924,16.7617736403102,0.00150878115542724,1,"supplied",4001,"wbar_undefined","heavy_tail",10,0
0.147704063137145,0.0661733123271513,0.066172291096481,0.0661564049376203,0.0661564049376203,0.0708625199950744,14.1156944054459,0.00150682785483794,1,"supplied",4001,"wbar_undefined","heavy_tail",10,0
0.161119212793033,0.0775952762563206,0.0775933679703592,0.0775679494109996,0.0775679494109996,0.0841228088483673,11.8919225993899,0.00150451191623552,1,"supplied",4001,"wbar_undefined","heavy_tail",10,0
0.175752786888082,0.0907627402047829,0.0907592134290809,0.0907188739276202,0.0907188739276202,0.0998229441512603,10.0230645146439,0.00150176779188112,1,"supplied",4001,"wbar_undefined","heavy_tail",10,0
0.191715448229048,0.105862182195033,0.105855744504705,0.105792312363547,0.105792312363547,0.118395822307255,8.45248267722492,0.00149851878085886,1,"supplied",4001,"wbar_undefined","heavy_tail",10,0
0.209127910518255,0.123072529693923,0.123060940046294,0.122962217339041,0.122962217339041,0.140345164065811,7.13257943489035,0.00149467574358044,1,"supplied",4001,"wbar_undefined","heavy_tail",10,0
0.228121851221297,0.14255455587817,0.142534009102735,0.142382104727933,0.142382104727933,0.166254957508311,6.02335452837155,0.00149013668668366,1,"supplied",4001,"wbar_undefined","heavy_tail",10,0
0.248840907345503,0.164438096396607,0.164402280003719,0.164171453783365,0.164171453783365,0.196799418077179,5.09119293856999,0.00148477918542422,1,"supplied",4001,"wbar_undefined","heavy_tail",10,0
0.271441761659491,0.188807638396018,0.188746344775743,0.188400331589837,0.188400331589837,0.232753225169288,4.30784628435307,0.00147846437551028,1,"supplied",4001,"wbar_undefined","heavy_tail",10,0
0.296095327568091,0.215687315460009,0.215584492812807,0.215073332084631,0.215073332084631,0.275001692196923,3.6495769154983,0.00147103296069763,1,"supplied",4001,"wbar_undefined","heavy_tail",10,0
0.322988041602956,0.245026847401562,0.244858006170342,0.244114474361753,0.244114474361753,0.324550411571906,3.09643878190567,0.00146230324196181,1,"supplied",4001,"wbar_undefined","heavy_tail",10,0
0.352323273302997,0.276690375822088,0.276419350279288,0.275355163745422,0.275355163745422,0.382533795449721,2.63167331383168,0.00145206925348789,1,"supplied",4001,"wbar_undefined","heavy_tail",10,0
0.384322863146529,0.310450314495931,0.310025520826032,0.308527511065364,0.308527511065364,0.450221820156423,2.24120204563586,0.00144010590563197,1,"supplied",4001,"wbar_undefined","heavy_tail",10,0
0.419228800165354,0.345988112788906,0.345338637672241,0.343265059621834,0.343265059621834,0.529024195973417,1.91320066511189,0.00142614880014629,1,"supplied",4001,"wbar_undefined","heavy_tail",10,0
0.457305051927326,0.382903140015739,0.381935203671678,0.379112182838799,0.379112182838799,0.620491149518253,1.63774166398975,0.00140990948350821,1,"supplied",4001,"wbar_undefined","heavy_tail",10,0
0.498839560726195,0.420729782562672,0.41932428745578,0.415542126119879,0.415542126119879,0.726310053404724,1.40649488257061,0.00139108079396376,1,"supplied",4001,"wbar_undefined","heavy_tail",10,0
0.544146421074412,0.45896149902637,0.456973427257379,0.451982088623783,0.451982088623783,0.848297298991555,1.2124770542232,0.00136930393735807,1,"supplied",4001,"wbar_undefined","heavy_tail",10,0
0.593568254965675,0.497079315981839,0.494339616377495,0.487842232133623,0.487842232133623,0.988385110770047,1.04984303147845,0.00134420395244387,1,"supplied",4001,"wbar_undefined","heavy_tail",10,0
0.647478802869525,0.534581406960291,0.53090170344254,0.522544452541316,0.522544452541316,1.14860346138918,0.913712785843674,0.00131535398784937,1,"supplied",4001,"wbar_undefined","heavy_tail",10,0
0.706285750051772,0.5710102192041,0.566190223947716,0.555546418621636,0.555546418621636,1.33105785910497,0.800029604152783,0.00128227901089161,1,"supplied",4001,"wbar_undefined","heavy_tail",10,0
0.770433809594098,0.605974142550186,0.599811173748825,0.586356787571834,0.586356787571834,1.53790450827803,0.705446276389342,0.0012444375644679,1,"supplied",4001,"wbar_undefined","heavy_tail",10,0
0.840408085427414,0.63916178773924,0.63146139629988,0.61453837632082,0.61453837632082,1.77132511475073,0.627237677143779,0.00120119701621703,1,"supplied",4001,"wbar_undefined","heavy_tail",10,0
0.916737740811086,0.670348251516823,0.660934754783561,0.639696907737139,0.639696907737139,2.03350431053768,0.563240321947772,0.00115180445915121,1,"supplied",4001,"wbar_undefined","heavy_tail",10,0
1,0.699393963317894,0.688119712553254,0.661453159989754,0.661453159989754,2.32661316797677,0.511822847766711,0.00109534141661776,1,"supplied",4001,"wbar_undefined","heavy_tail",10,0
1.09082451336109,0.726237588163352,0.712990041113992,0.679395319281755,0.679395319281755,2.65280241831261,0.47189709969916,0.00103071117862865,1,"supplied",4001,"wbar_undefined","heavy_tail",10,0
1.18989811894946,0.750884898296992,0.735590959385644,0.693005529692348,0.693005529692348,3.014208665648,0.442989928873929,0.000956651591603548,1,"supplied",4001,"wbar_undefined","heavy_tail",10,0
1.29797003655233,0.77339555183397,0.756023085860061,0.701549726441734,0.701549726441734,3.41297603861384,0.425415707981254,0.000871846744818736,1,"supplied",4001,"wbar_undefined","heavy_tail",10,0
1.41585753347947,0.793869445910556,0.774426271395927,0.703913428060811,0.703913428060811,3.85129438678985,0.42062924236986,0.00077526680832014,1,"supplied",4001,"wbar_undefined","heavy_tail",10,0
1.54445210494638,0.812433887157041,0.790964834308327,0.698362402468751,0.698362402468751,4.33145345309394,0.431921301125237,0.000666841739104365,1,"supplied",4001,"wbar_undefined","heavy_tail",10,0
1.68472621578765,0.829232368034443,0.80581509407146,0.682221965764611,0.682221965764611,4.85591068102234,0.465798596618381,0.000548536404945668,1,"supplied",4001,"wbar_undefined","heavy_tail",10,0
1.83774065448323,0.844415337127299,0.81915551655289,0.651550877799637,0.651550877799637,5.42736874918192,0.534799559133611,0.000733476122209364,1,"supplied",4001,"wbar_undefined","heavy_tail",10,0
2.00465255511057,0.858133045195431,0.831159326491804,0.601150036999302,0.601150036999302,6.04885786388779,0.663478230811723,0.00104149695002395,1,"supplied",4001,"wbar_undefined","heavy_tail",10,0
2.18672414788655,0.870530343470175,0.841989161615051,0.525827226896578,0.525827226896578,6.72381750908283,0.901765349622498,0.00142815308056141,1,"supplied",4001,"wbar_undefined","heavy_tail",10,0
2.3853323044733,0.881743193007659,0.851793253369361,0.42435203485878,0.42435203485878,7.45617284478824,1.35653400444466,0.00188416329613222,1,"supplied",4001,"wbar_undefined","heavy_tail",10,0
2.60197895023158,0.891896592258816,0.860702702094349,0.30571607997712,0.30571607997712,8.25040219263165,2.27100883955741,0.00239560466878663,1,"supplied",4001,"wbar_undefined","heavy_tail",10,0
2.83830242216217,0.901103622553175,0.868829613703314,0.19088135368004,0.19088135368004,9.11159382999323,4.23885639283669,0.0029528782245263,1,"supplied",4001,"wbar_undefined","heavy_tail",10,0
3.09608985842665,0.909465330106824,0.876266095088559,0.101760247706527,0.101760247706527,10.0454923089676,8.82702010399936,0.00355584818302634,1,"supplied",4001,"wbar_undefined","heavy_tail",10,0
3.37729071314047,0.917071195909168,0.883084269457033,0.0464129505833612,0.0464129505833612,11.0585363669865,20.545710570672,0.00421297545990502,1,"supplied",4001,"wbar_undefined","heavy_tail",10,0
3.68403149864039,0.923999983578989,0.889337491864756,0.0182884720821475,0.0182884720821475,12.1578918938699,53.6792534394473,0.00493752765201477,1,"supplied",4001,"wbar_undefined","heavy_tail",10,0
4.01863186671133,0.930320795516348,0.895062793560539,0.00626993357442096,0.00626993357442096,13.3514841682013,158.491322855418,0.00574430326330853,1,"supplied",4001,"wbar_undefined","heavy_tail",10,0
4.38362215038276,0.93609420684869,0.900284311461508,0.00187061425161394,0.00187061425161394,14.6480336239985,533.583759926565,0.00664806821679634,1,"supplied",4001,"wbar_undefined","heavy_tail",10,0
4.78176249895018,0.941373383088862,0.905017183615498,0.000482765792017834,0.000482765792017834,16.057098851802,2070.39780103363,0.00766329040544948,1,"supplied",4001,"wbar_undefined","heavy_tail",10,0
5.21606375092565,0.946205119738276,0.909271250117652,0.000106680656127269,0.000106680656127269,17.5891295813798,9372.77061879903,0.00880438279759688,1,"supplied",4001,"wbar_undefined","heavy_tail",10,0
5.6898102027639,0.950630769167551,0.913053978687706,1.99266382595918e-05,1.99266382595918e-05,19.25553129223,50183.0795709052,0.0100859146849803,1,"supplied",4001,"wbar_undefined","heavy_tail",10,0
6.20658444554691,0.954687041260496,0.916372315197236,3.10000252144722e-06,3.10000252144722e-06,21.0687420953642,322579.382784062,0.0115225898860555,1,"supplied",4001,"wbar_undefined","heavy_tail",10,0
6.77029445744823,0.958406679343666,0.91923350835747,3.95138403537826e-07,3.95138403537826e-07,23.0423218011983,2530757.82031869,0.0131290040936248,1,"supplied",4001,"wbar_undefined","heavy_tail",10,0
7.38520315685726,0.961819022285919,0.921645188046473,4.05307779406327e-08,4.05307779406327e-08,25.1910527144833,24672607.0971045,0.0149192720455859,1,"supplied",4001,"wbar_undefined","heavy_tail",10,0
8.05596063965163,0.964950468291701,0.923614960777102,3.28045447087373e-09,3.28045447087373e-09,27.5310516648989,304835810.281251,0.0169066238216697,1,"supplied",4001,"wbar_undefined","heavy_tail",10,0
8.7876393444041,0.967824857064547,0.925149554472997,2.05062047518945e-10,2.05062047518945e-10,30.079893009523,4876572783.18433,0.0191030623034689,1,"supplied",4001,"wbar_undefined","heavy_tail",10,0
9.58577241145239,0.970463785949054,0.926253286470342,9.67144387343697e-12,9.67144387343697e-12,32.8567427184517,103397177616.557,0.0215191690598098,1,"supplied",4001,"wbar_undefined","heavy_tail",10,0
10.4563955259127,0.972886873459268,0.926925555537301,3.35506634203467e-13,3.35506634203467e-13,35.8825040704071,2980566993477.75,0.0241641386116839,1,"supplied",4001,"wbar_undefined","heavy_tail",10,0
11.4060925610648,0.975111981067737,0.927157228287025,8.32693561955607e-15,8.32693561955607e-15,39.1799758639555,120092197861055,0.0270461005195506,1,"supplied",4001,"wbar_undefined","heavy_tail",10,0
12.4420453672751,0.977155401753014,0.926926040282344,1.43466875440648e-16,1.43466875440648e-16,42.774024353084,6970250079877809,0.0301727491366026,1,"supplied",4001,"wbar_undefined","heavy_tail",10,0
13.5720880829745,0.979032021816126,0.926191218083489,1.66054784663205e-18,1.66054784663205e-18,46.6917703381191,602210892042777344,0.0335522451481973,1,"supplied",4001,"wbar_undefined","heavy_tail",10,0
14.8047663784046,0.980755460931801,0.92488740486465,1.24586737955948e-20,1.24586737955948e-20,50.9627930009746,80265365030552715264,0.037194293025698,1,"supplied",4001,"wbar_undefined","heavy_tail",10,0
16.1494020801478,0.982338194252226,0.922918013599151,5.82796445561215e-23,5.82796445561215e-23,55.6193521931369,1.71586496042719e+22,0.0411112513697117,1,"supplied",4001,"wbar_undefined","heavy_tail",10,0
17.6161636651498,0.983791659545369,0.920149091114307,1.62919738355645e-25,1.62919738355645e-25,60.6966309906394,6.13799168899384e+24,0.0453191146070023,1,"supplied",4001,"wbar_undefined","heavy_tail",10,0
19.2161431573264,0.985126351740506,0.916407393758588,2.59875122395162e-28,2.59875122395162e-28,66.2330004416814,3.84800203568318e+27,0.0498382224110111,1,"supplied",4001,"wbar_undefined","heavy_tail",10,0
20.9614400082677,0.98635190680058,0.911490311053258,2.24898187983982e-31,2.24898187983982e-31,72.2703085616735,4.44645645642652e+30,0.0546936038268789,1,"supplied",4001,"wbar_undefined","heavy_tail",10,0
22.8652525963663,0.987477176494126,0.90519648268877,9.9938141278495e-35,9.9938141278495e-35,78.8541957834756,1.00061897010204e+34,0.0599149327491068,1,"supplied",4001,"wbar_undefined","heavy_tail",10,0
24.9419780363097,0.988510295365595,0.897374310401453,2.14734725465998e-38,2.14734725465998e-38,86.0344392496878,4.65690864777407e+37,0.065536141918907,1,"supplied",4001,"wbar_undefined","heavy_tail",10,0
27.2073210537206,0.989458740981581,0.887955381476338,2.08931507878064e-42,2.08931507878064e-42,93.8653285392837,4.78625751642789e+41,0.07159479738222,1,"supplied",4001,"wbar_undefined","heavy_tail",10,0
29.6784127482837,0.990329388348866,0.876922231910177,8.56888617217319e-47,8.56888617217319e-47,102.406075652178,1.16701281812731e+46,0.0781313636238874,1,"supplied",4001,"wbar_undefined","heavy_tail",10,0
32.3739401434763,0.991128559250405,0.864214533339419,1.36992764367106e-51,1.36992764367106e-51,111.721262332237,7.29965560312552e+50,0.0851884879001012,1,"supplied",4001,"wbar_undefined","heavy_tail",10,0
35.3142875025886,0.991862067121777,0.849672938120677,7.83875468367368e-57,7.83875468367368e-57,121.881328092041,1.27571284005452e+56,0.0928104039112562,1,"supplied",4001,"wbar_undefined","heavy_tail",10,0
38.5216904797049,0.992535257988958,0.833102720185709,1.46253732671454e-62,1.46253732671454e-62,132.963102612356,6.83743232896772e+61,0.101042508531786,1,"supplied",4001,"wbar_undefined","heavy_tail",10,0
42.0204042713707,0.993153047905055,0.814374748716597,8.03746859975846e-69,8.03746859975846e-69,145.050386527206,1.24417282330665e+68,0.109931112969674,1,"supplied",4001,"wbar_undefined","heavy_tail",10,0
45.8368870405543,0.993719957255743,0.79338688909017,1.16440216616117e-75,1.16440216616117e-75,158.234584973889,8.5880980735103e+74,0.119523324399408,1,"supplied",4001,"wbar_undefined","heavy_tail",10,0
50,0.994240142248017,0.76988004006606,3.93996599835363e-83,3.93996599835363e-83,172.615398688578,2.53809296937554e+82,0.129866986022942,1,"supplied",4001,"wbar_undefined","heavy_tail",10,0
0.02,0.00188519949040612,0.00188519949030902,0.0018851994388719,0.0018851994388719,0.00188876018013521,529.447855744322,0.00159559116027689,1,"supplied",4001,"ok","normal",20,0
0.0218164902672218,0.0022423127169296,0.00224231271673522,0.00224231263018918,0.00224231263018918,0.00224735198286019,444.968143128923,0.00159555737712372,1,"supplied",4001,"ok","normal",20,0
0.0237979623789893,0.00266687511935711,0.00266687511896808,0.00266687497338461,0.00266687497338461,0.00267400636038864,373.970709155844,0.00159551718333833,1,"supplied",4001,"ok","normal",20,0
0.0259594007310465,0.00317154372567495,0.00317154372489663,0.0031715434800742,0.0031715434800742,0.00318163441835187,314.303891081009,0.00159546936351688,1,"supplied",4001,"ok","normal",20,0
0.0283171506695894,0.00377131663552922,0.00377131663397265,0.00377131622240527,0.00377131622240527,0.00378559330654153,264.159414121529,0.00159541247226776,1,"supplied",4001,"ok","normal",20,0
0.0308890420989276,0.0044839519480358,0.0044839519449242,0.00448395125332711,0.00448395125332711,0.00450414833272658,222.01758951059,0.00159534479087558,1,"supplied",4001,"ok","normal",20,0
0.033694524315753,0.00533045581401302,0.00533045580779624,0.00533045464620183,0.00533045464620183,0.00535902184315428,186.60125849913,0.00159526427587562,1,"supplied",4001,"ok","normal",20,0
0.0367548130896647,0.00633564855863365,0.00633564854622072,0.00633564659635144,0.00633564659635144,0.00637604493855841,156.83708652182,0.00159516849806073,1,"supplied",4001,"ok","normal",20,0
0.0400930511022114,0.00752881788534322,0.00752881786057715,0.00752881458973701,0.00752881458973701,0.00758593097816863,131.823034500433,0.00159505457018518,1,"supplied",4001,"ok","normal",20,0
0.0437344829577311,0.00894446763862157,0.00894446758925275,0.00894446210698048,0.00894446210698048,0.00902519318701514,110.801021463278,0.00159491906133444,1,"supplied",4001,"ok","normal",20,0
0.047706646089466,0.0106231691491592,0.010623169050851,0.0106231598708258,0.0106231598708258,0.0107372325871261,93.1339499884855,0.0015947578955908,1,"supplied",4001,"ok","normal",20,0
0.0520395790046316,0.012612519367793,0.0126125191722767,0.0126125038179116,0.0126125038179116,0.0127736269855452,78.2863981995278,0.00159456623224145,1,"supplied",4001,"ok","normal",20,0
0.0567660484432434,0.0149682052217165,0.0149682048334471,0.0149681791866323,0.0149681791866323,0.015195656933171,65.8083931606777,0.00159433832434526,1,"supplied",4001,"ok","normal",20,0
0.0619217971685331,0.0177551661266932,0.0177551653569923,0.017755122586784,0.017755122586784,0.0180761104710308,55.3217739056529,0.00159406735200032,1,"supplied",4001,"ok","normal",20,0
0.0675458142628094,0.0210488353913882,0.0210488338686997,0.0210487626769433,0.0210487626769433,0.021501415139338,46.5087308146333,0.00159374522614166,1,"supplied",4001,"ok","normal",20,0
0.0736806299728077,0.0249364251859724,0.0249364221810159,0.0249363039446945,0.0249363039446945,0.0255741531425051,39.1021740117489,0.00159336235816019,1,"supplied",4001,"ok","normal",20,0
0.0803726373342267,0.0295181974979288,0.0295181915848484,0.0295179957307786,0.0295179957307786,0.0304160236923822,32.8776388858032,0.00159290739009254,1,"supplied",4001,"ok","normal",20,0
0.0876724430076553,0.03490863372234,0.0349086221261073,0.0349082987007185,0.0349082987007185,0.0361713252673495,27.6464834214169,0.00159236687962304,1,"supplied",4001,"ok","normal",20,0
0.0956352499790037,0.0412373771283937,0.0412373544771948,0.0412368223165466,0.0412368223165466,0.0430110395885928,23.2501711776841,0.00159172493372007,1,"supplied",4001,"ok","normal",20,0
0.104321275018513,0.0486497749996462,0.0486497309603415,0.0486488590535813,0.0486488590535813,0.0511376081291494,19.555466653362,0.00159096278448072,1,"supplied",4001,"ok","normal",20,0
0.113796204055278,0.0573067917750283,0.0573067066172328,0.0573052851138806,0.0573052851138806,0.0607905003186913,16.4503974286619,0.00159005830080067,1,"supplied",4001,"ok","normal",20,0
0.124131688910938,0.0673840045046335,0.0673838408777936,0.0673815366515105,0.0673815366515105,0.0722526793772628,13.840860711917,0.00158898542998394,1,"supplied",4001,"ok","normal",20,0
0.135405889148965,0.0790693346985132,0.0790690226008298,0.0790653123383255,0.0790653123383255,0.0858580756159619,11.6477714490134,0.00158771551550007,1,"supplied",4001,"ok","normal",20,0
0.147704063137145,0.0925591288597328,0.0925585386073547,0.0925526101532046,0.0925526101532046,0.102000176323803,9.80466556637004,0.00158621153682219,1,"supplied",4001,"ok","normal",20,0
0.161119212793033,0.108052192917473,0.108051087449905,0.108041697949824,0.108041697949824,0.121141833703142,8.25568571186665,0.00158443127243379,1,"supplied",4001,"ok","normal",20,0
0.175752786888082,0.125741439399405,0.125739391961596,0.125724669917989,0.125724669917989,0.143826374788968,6.9538884504712,0.00158232597802253,1,"supplied",4001,"ok","normal",20,0
0.191715448229048,0.145802950965953,0.145799206615064,0.145776385496152,0.145776385496152,0.170690066338711,5.85982161374412,0.00157983910167081,1,"supplied",4001,"ok","normal",20,0
0.209127910518255,0.168382528611469,0.168375777978382,0.168340853202266,0.168340853202266,0.202475939244428,4.94032869013961,0.00157690534126462,1,"supplied",4001,"ok","normal",20,0
0.228121851221297,0.193580193075172,0.193568215110193,0.193515526005448,0.193515526005448,0.24004890680124,4.16754402420324,0.00157345332097151,1,"supplied",4001,"ok","normal",20,0
0.248840907345503,0.221433630181359,0.221412749570544,0.221334504812922,0.221334504812922,0.284412015166978,3.51804837589706,0.00156939790805444,1,"supplied",4001,"ok","normal",20,0
0.271441761659491,0.251902154579546,0.251866453772951,0.251752242714289,0.251752242714289,0.33672353973693,2.97215925156579,0.00156463957580172,1,"supplied",4001,"ok","normal",20,0
0.296095327568091,0.284853293791352,0.284793526231389,0.284629886288065,0.284629886288065,0.398314487528723,2.51333450271603,0.0015590768198272,1,"supplied",4001,"ok","normal",20,0
0.322988041602956,0.320054397659811,0.319956576213132,0.319726710754427,0.319726710754427,0.470705886703686,2.12767112150374,0.00155258818228536,1,"supplied",4001,"ok","normal",20,0
0.352323273302997,0.35717157539997,0.357015264694772,0.356699015724418,0.356699015724418,0.555625049751344,1.80348404654021,0.00154504924017496,1,"supplied",4001,"ok","normal",20,0
0.384322863146529,0.395777623096047,0.395534046208537,0.395108210029943,0.395108210029943,0.655019804337635,1.53095221667051,0.00153631933219918,1,"supplied",4001,"ok","normal",20,0
0.419228800165354,0.43536942662669,0.434999593532269,0.434438618843838,0.434438618843838,0.77106952254752,1.30182114716523,0.00152625791404234,1,"supplied",4001,"ok","normal",20,0
0.457305051927326,0.475393786806349,0.474846939400631,0.474123969828921,0.474123969828921,0.906191682161539,1.10915301405418,0.00151472085168814,1,"supplied",4001,"ok","normal",20,0
0.498839560726195,0.51527906020828,0.514491773811607,0.513579907851428,0.513579907851428,1.06304270747967,0.947116670088441,0.00150156468835863,1,"supplied",4001,"ok","normal",20,0
0.544146421074412,0.554468857527591,0.553365112901895,0.552238680024988,0.552238680024988,1.24451200975682,0.810811223789597,0.001486653807399,1,"supplied",4001,"ok","normal",20,0
0.593568254965675,0.592453630252262,0.590946062695287,0.589581680884631,0.589581680884631,1.45370852062547,0.696117827981972,0.00146987599504211,1,"supplied",4001,"ok","normal",20,0
0.647478802869525,0.628796430287605,0.626788789615686,0.625165990613475,0.625165990613475,1.69393961048055,0.59957517685615,0.00145113858069422,1,"supplied",4001,"ok","normal",20,0
0.706285750051772,0.663150304028026,0.660540961660801,0.658642240969606,0.658642240969606,1.96868310097332,0.518274926503152,0.00143038247124155,1,"supplied",4001,"ok","normal",20,0
0.770433809594098,0.69526633423981,0.69195250178211,0.689762749727462,0.689762749727462,2.28155406625452,0.449773853973875,0.00140758362209066,1,"supplied",4001,"ok","normal",20,0
0.840408085427414,0.724992855888549,0.720875076038455,0.718380446176978,0.718380446176978,2.63626917122827,0.39202007142834,0.00138275773980204,1,"supplied",4001,"ok","normal",20,0
0.916737740811086,0.752267512234222,0.747253968284256,0.744440317338538,0.744440317338538,3.03661227083572,0.343291029125233,0.00135595608234132,1,"supplied",4001,"ok","normal",20,0
1,0.77710442104704,0.771114681387034,0.767965760359932,0.767965760359932,3.48640571830741,0.302141386526552,0.00132724388781048,1,"supplied",4001,"ok","normal",20,0
1.09082451336109,0.799578800077303,0.79254674561354,0.789042337155373,0.789042337155373,3.98949213149956,0.267359117389269,0.00129668549807322,1,"supplied",4001,"ok","normal",20,0
1.18989811894946,0.819811090110854,0.811686933048327,0.807801124647373,0.807801124647373,4.54973111616697,0.237928457250572,0.00126431448075266,1,"supplied",4001,"ok","normal",20,0
1.29797003655233,0.837952092858996,0.828703551990382,0.824403314658658,0.824403314658658,5.17101459465233,0.212998519315812,0.00123012876190008,1,"supplied",4001,"ok","normal",20,0
1.41585753347947,0.854170072286644,0.843782893744653,0.839027095469042,0.839027095469042,5.85730299452389,0.1918566222715,0.00119407586311052,1,"supplied",4001,"ok","normal",20,0
1.54445210494638,0.86864026401436,0.857118343401789,0.851857238310367,0.851857238310367,6.6126827790619,0.173905620598435,0.00115609187389201,1,"supplied",4001,"ok","normal",20,0
1.68472621578765,0.881536854147491,0.868902208486637,0.863077253504054,0.863077253504054,7.44144390057846,0.15864483270767,0.00111616077566928,1,"supplied",4001,"ok","normal",20,0
1.83774065448323,0.893027237407594,0.879319986346607,0.872863474780453,0.872863474780453,8.34817401893473,0.145654536926895,0.00107438578862816,1,"supplied",4001,"ok","normal",20,0
2.00465255511057,0.903268228243444,0.88854658377213,0.881379980177388,0.881379980177388,9.3378650244998,0.134584427250933,0.00103108152327588,1,"supplied",4001,"ok","normal",20,0
2.18672414788655,0.912403849166499,0.896743916118299,0.888772890874406,0.888772890874406,10.4160267373021,0.125146829147955,0.000986790866132736,1,"supplied",4001,"ok","normal",20,0
2.3853323044733,0.920564328228731,0.904059342892674,0.89516232191361,0.89516232191361,11.5888027091839,0.117115829743902,0.000942122630770268,1,"supplied",4001,"ok","normal",20,0
2.60197895023158,0.927865977368801,0.910624530430146,0.900629963044265,0.900629963044265,12.8630837921339,0.110333922957492,0.000897346412194612,1,"supplied",4001,"ok","normal",20,0
2.83830242216217,0.93441167706134,0.916554539956964,0.905199421713709,0.905199421713709,14.2466163974832,0.104728942608929,0.000851995083797652,1,"supplied",4001,"ok","normal",20,0
3.09608985842665,0.940291748573263,0.921947165807298,0.908803758661842,0.908803758661842,15.7481039237436,0.100347561801944,0.000804638460423391,1,"supplied",4001,"ok","normal",20,0
3.37729071314047,0.945585046610927,0.926882719707347,0.911227201234824,0.911227201234824,17.3773014165774,0.0974211466085274,0.00075270250229174,1,"supplied",4001,"ok","normal",20,0
3.68403149864039,0.950360149307678,0.931424505018202,0.911988986641864,0.911988986641864,19.1451049117413,0.0965044695136194,0.000699814597194389,1,"supplied",4001,"ok","normal",20,0
4.01863186671133,0.954676558656157,0.935620124239055,0.910088324695712,0.910088324695712,21.0636379398815,0.098794449796233,0.000637209223711391,1,"supplied",4001,"ok","normal",20,0
4.38362215038276,0.95858585311065,0.939503556613058,0.90339765492235,0.90339765492235,23.1463382711175,0.106932251319551,0.000549180082215306,1,"supplied",4001,"ok","normal",20,0
4.78176249895018,0.962132756132396,0.943097731038306,0.887125841425557,0.887125841425557,25.4080481668094,0.127235791478085,0.000683289328217954,1,"supplied",4001,"ok","normal",20,0
5.21606375092565,0.965356100983843,0.946417209968835,0.849837861692995,0.849837861692995,27.8651112720774,0.176695043932099,0.000916540363663842,1,"supplied",4001,"ok","normal",20,0
5.6898102027639,0.968289684081986,0.949470642281615,0.764412176722013,0.764412176722013,30.5354789458883,0.308194754678354,0.00118980220026219,1,"supplied",4001,"ok","normal",20,0
6.20658444554691,0.970963007563067,0.952262798771705,0.582161830115357,0.582161830115357,33.4388284073131,0.717735427281186,0.00144962315495485,1,"supplied",4001,"ok","normal",20,0
6.77029445744823,0.973401917146056,0.954796175199725,0.303382596535437,0.303382596535437,36.5966946749973,2.29616797871659,0.00165810844091648,1,"supplied",4001,"ok","normal",20,0
7.38520315685726,0.975629144572325,0.957072244475768,0.089551902079653,0.089551902079653,40.0326179549858,10.1667086547256,0.00181172747667479,1,"supplied",4001,"ok","normal",20,0
8.05596063965163,0.97766476542078,0.959092434137289,0.0156586589904736,0.0156586589904736,43.7723079179284,62.8624291268097,0.00191569110359068,1,"supplied",4001,"ok","normal",20,0
8.7876393444041,0.979526583444326,0.96085883902633,0.00180463291141351,0.00180463291141351,47.8438262016837,553.1293155386,0.0019708519837785,1,"supplied",4001,"ok","normal",20,0
9.58577241145239,0.981230452148805,0.962374622392959,0.00014040792981928,0.00014040792981928,52.277788465018,7121.10486464052,0.00198972687769874,1,"supplied",4001,"ok","normal",20,0
10.4563955259127,0.982790543454776,0.963644059589582,7.20254579344374e-06,7.20254579344374e-06,57.1075873820984,138838.797576889,0.00203143530565985,1,"supplied",4001,"ok","normal",20,0
11.4060925610648,0.984219572176861,0.964672233662474,2.34902683801455e-07,2.34902683801455e-07,62.3696380863465,4257081.05550016,0.00226337486897719,1,"supplied",4001,"ok","normal",20,0
12.4420453672751,0.985528983883761,0.965464454139882,4.69919682290367e-09,4.69919682290367e-09,68.1036477305731,212802321.96848,0.00312622545671314,1,"supplied",4001,"ok","normal",20,0
13.5720880829745,0.98672911256521,0.966025483631108,5.59389374865577e-11,5.59389374865577e-11,74.3529110177237,17876635575.7895,0.00504550557877116,1,"supplied",4001,"ok","normal",20,0
14.8047663784046,0.987829313487377,0.966358597646062,3.86244828096032e-13,3.86244828096032e-13,81.1646337667851,2589031430994.29,0.00751182862367685,1,"supplied",4001,"ok","normal",20,0
16.1494020801478,0.988838075692968,0.966464395185385,1.50802762912996e-15,1.50802762912996e-15,88.5902868083425,663117824026167,0.0104635566409762,1,"supplied",4001,"ok","normal",20,0
17.6161636651498,0.98976311780411,0.966339172790989,3.2304948317712e-18,3.2304948317712e-18,96.685992752896,309550100549680896,0.0138527158243888,1,"supplied",4001,"ok","normal",20,0
19.2161431573264,0.990611470111176,0.965972615784836,3.65798155082869e-21,3.65798155082869e-21,105.512948442581,2.73374806872237e+20,0.0176528742077904,1,"supplied",4001,"ok","normal",20,0
20.9614400082677,0.991389545368418,0.965344568680402,2.09291639837345e-24,2.09291639837345e-24,115.137886184557,4.77802171542623e+23,0.0218578369645987,1,"supplied",4001,"ok","normal",20,0
22.8652525963663,0.992103200254473,0.964420761633396,5.74033704278655e-28,5.74033704278655e-28,125.633577173648,1.74205798813961e+27,0.0264757970112407,1,"supplied",4001,"ok","normal",20,0
24.9419780363097,0.992757789078427,0.963147739673397,7.10828551975185e-32,7.10828551975185e-32,137.079380845051,1.40680899384428e+31,0.0315244753071642,1,"supplied",4001,"ok","normal",20,0
27.2073210537206,0.993358211006699,0.961448233300511,3.7159377952957e-36,3.7159377952957e-36,149.561844257414,2.69111071037297e+35,0.0370280608881063,1,"supplied",4001,"ok","normal",20,0
29.6784127482837,0.993908951840322,0.95922037808867,7.61192608951227e-41,7.61192608951227e-41,163.17535599535,1.31372794249514e+40,0.0430154400736132,1,"supplied",4001,"ok","normal",20,0
32.3739401434763,0.994414121175442,0.956347490812697,5.62819215403828e-46,5.62819215403828e-46,178.022859501266,1.77676947167216e+45,0.0495191862974582,1,"supplied",4001,"ok","normal",20,0
35.3142875025886,0.99487748562283,0.95272627933205,1.37246430248523e-51,1.37246430248523e-51,194.21663120301,7.28616400579033e+50,0.0565749712573573,1,"supplied",4001,"ok","normal",20,0
38.5216904797049,0.995302498637183,0.94831146401752,9.99857306536149e-58,9.99857306536149e-58,211.879129299551,1.00014271382818e+57,0.0642211983777552,1,"supplied",4001,"ok","normal",20,0
42.0204042713707,0.995692327407509,0.943149045944232,1.95287041653174e-64,1.95287041653174e-64,231.143919605948,5.12066746228856e+63,0.072498742550937,1,"supplied",4001,"ok","normal",20,0
45.8368870405543,0.996049877180842,0.937354374202081,9.08479905165834e-72,9.08479905165834e-72,252.156685445336,1.10073981198017e+71,0.0814507277543949,1,"supplied",4001,"ok","normal",20,0
50,0.996377813328487,0.931026031927248,8.84532811468787e-80,8.84532811468787e-80,275.076329214218,1.13054031126271e+79,0.0911223009705386,1,"supplied",4001,"ok","normal",20,0
0.02,0.00236198665594709,0.00236198665541431,0.00236198642993494,0.00236198642993494,0.00236757884558727,422.372457744198,0.0017921113613962,1,"supplied",4001,"ok","skew_pos",20,0
0.0218164902672218,0.002809132609833,0.00280913260876736,0.00280913222958732,0.00280913222958732,0.00281704606579984,354.98181867961,0.00179206791863205,1,"supplied",4001,"ok","skew_pos",20,0
0.0237979623789893,0.00334061450273025,0.00334061450059971,0.00334061386316638,0.00334061386316638,0.00335181161321578,298.346180361042,0.00179201623039119,1,"supplied",4001,"ok","skew_pos",20,0
0.0259594007310465,0.00397220941553349,0.00397220941127598,0.00397220834013483,0.00397220834013483,0.0039880507884249,250.749131558909,0.00179195473262657,1,"supplied",4001,"ok","skew_pos",20,0
0.0283171506695894,0.00472259243312933,0.00472259242462662,0.00472259062555637,0.00472259062555637,0.00474500113960643,210.748186384923,0.00179188156500901,1,"supplied",4001,"ok","skew_pos",20,0
0.0308890420989276,0.00561384688300016,0.00561384686603122,0.00561384384608177,0.00561384384608177,0.0056455400805844,177.131068019991,0.00179179451496523,1,"supplied",4001,"ok","skew_pos",20,0
0.033694524315753,0.00667205525660301,0.00667205522276647,0.00667205015688655,0.00667205015688655,0.00671687058831973,148.878969205268,0.00179169095121319,1,"supplied",4001,"ok","skew_pos",20,0
0.0367548130896647,0.00792797970206732,0.00792797963466333,0.00792797114366377,0.00792797114366377,0.00799133484249101,125.135676061236,0.00179156774485195,1,"supplied",4001,"ok","skew_pos",20,0
0.0400930511022114,0.00941784019413638,0.00941784006002255,0.00941782584175652,0.00941782584175652,0.00950737917184185,105.181619495046,0.00179142117571446,1,"supplied",4001,"ok","skew_pos",20,0
0.0437344829577311,0.0111841966624759,0.0111841963960005,0.0111841726143526,0.0111841726143526,0.0113106977302812,88.4120677927217,0.00179124682128679,1,"supplied",4001,"ok","skew_pos",20,0
0.047706646089466,0.0132769380085065,0.0132769374799081,0.0132768977557313,0.0132768977557313,0.0134555870030135,74.3187994965407,0.0017910394250261,1,"supplied",4001,"ok","skew_pos",20,0
0.0520395790046316,0.0157543754216747,0.0157543743751458,0.0157543081260323,0.0157543081260323,0.0160065485974847,62.4747011420709,0.00179079274036585,1,"supplied",4001,"ok","skew_pos",20,0
0.0567660484432434,0.0186844288914297,0.0186844268242289,0.0186843165449318,0.0186843165449318,0.0190401838527053,52.5208230707937,0.00179049934607343,1,"supplied",4001,"ok","skew_pos",20,0
0.0619217971685331,0.0221458832743671,0.0221458792020189,0.0221456960327765,0.0221456960327765,0.0226474306295536,44.1555010291824,0.0017901504279142,1,"supplied",4001,"ok","skew_pos",20,0
0.0675458142628094,0.0262296725046691,0.0262296645075344,0.0262293610568664,0.0262293610568664,0.0269362002148242,37.1252138712779,0.00178973552077533,1,"supplied",4001,"ok","skew_pos",20,0
0.0736806299728077,0.0310401262011937,0.0310401105547446,0.0310396093601638,0.0310396093601638,0.0320344805193026,31.2169002965417,0.00178924220450989,1,"supplied",4001,"ok","skew_pos",20,0
0.0803726373342267,0.0366960807447242,0.0366960502644938,0.036695225398717,0.036695225398717,0.0380939805301464,26.2515017726247,0.00178865574578325,1,"supplied",4001,"ok","skew_pos",20,0
0.0876724430076553,0.0433317159531891,0.0433316568743545,0.0433303049207234,0.0433303049207234,0.0452944000295392,22.0785359537531,0.00178796038909832,1,"supplied",4001,"ok","skew_pos",20,0
0.0956352499790037,0.0510969287420324,0.051096814899527,0.0510946096952286,0.0510946096952286,0.0538484174935727,18.5715361359025,0.00178713593894149,1,"supplied",4001,"ok","skew_pos",20,0
0.104321275018513,0.0601569982999561,0.0601567804095947,0.0601532034613314,0.0601532034613314,0.0640074972002138,15.6242185363051,0.00178615641310371,1,"supplied",4001,"ok","skew_pos",20,0
0.113796204055278,0.0706912378624781,0.0706908240656443,0.0706850593099179,0.0706850593099179,0.0760686229836893,13.1472612425139,0.00178499296622091,1,"supplied",4001,"ok","skew_pos",20,0
0.124131688910938,0.0828902749112728,0.0828894960545379,0.0828802737472432,0.0828802737472432,0.0903820694991033,11.0655972137551,0.00178361151683709,1,"supplied",4001,"ok","skew_pos",20,0
0.135405889148965,0.0969515690600612,0.0969501179294991,0.0969354882935125,0.0969354882935125,0.107360320596703,9.3161392963956,0.00178197184790112,1,"supplied",4001,"ok","skew_pos",20,0
0.147704063137145,0.113072786163761,0.113070113496742,0.113047127218886,0.113047127218886,0.127488236238333,7.84586830821239,0.00178002808473401,1,"supplied",4001,"ok","skew_pos",20,0
0.161119212793033,0.131442725623636,0.131437866679214,0.131402138019196,0.131402138019196,0.151334551561973,6.61022624954485,0.00177773238716801,1,"supplied",4001,"ok","skew_pos",20,0
0.175752786888082,0.152229675614643,0.152220969336598,0.152166100876518,0.152166100876518,0.179564760921552,5.57176594681555,0.0017750118715313,1,"supplied",4001,"ok","skew_pos",20,0
0.191715448229048,0.175567373403388,0.175552022734003,0.175468881632934,0.175468881632934,0.212955392277666,4.69901620557377,0.00177179333268778,1,"supplied",4001,"ok","skew_pos",20,0
0.209127910518255,0.201539182886253,0.201512592400356,0.201388449234787,0.201388449234787,0.25240960929651,3.96552808167344,0.00176799951987827,1,"supplied",4001,"ok","skew_pos",20,0
0.228121851221297,0.230161642557775,0.230116463694119,0.229934037734195,0.229934037734195,0.29897398633459,3.34907336840666,0.00176352004762618,1,"supplied",4001,"ok","skew_pos",20,0
0.248840907345503,0.261369107851577,0.261293930752933,0.261030427323355,0.261030427323355,0.353856182607451,2.83097101075208,0.00175824975736704,1,"supplied",4001,"ok","skew_pos",20,0
0.271441761659491,0.295001679724231,0.294879343591331,0.294505611841566,0.294505611841566,0.418443095876935,2.39552103522552,0.0017520574013703,1,"supplied",4001,"ok","skew_pos",20,0
0.296095327568091,0.330798803466104,0.330604361850594,0.330084330572381,0.330084330572381,0.494318906151789,2.02952884272318,0.00174479416114512,1,"supplied",4001,"ok","skew_pos",20,0
0.322988041602956,0.368400669126235,0.368099142722453,0.367389690037805,0.367389690037805,0.583282234667006,1.72190545112221,0.00173629682748609,1,"supplied",4001,"ok","skew_pos",20,0
0.352323273302997,0.407358752256689,0.406902916543774,0.405954281241988,0.405954281241988,0.687361458231012,1.46333157748841,0.00172638163683236,1,"supplied",4001,"ok","skew_pos",20,0
0.384322863146529,0.447155549867967,0.446484110543144,0.44524085433739,0.44524085433739,0.808827057522555,1.2459753867111,0.00171486157191471,1,"supplied",4001,"ok","skew_pos",20,0
0.419228800165354,0.487232018810745,0.486268586747845,0.484670980454159,0.484670980454159,0.950199771991839,1.06325536359316,0.00170151232339739,1,"supplied",4001,"ok","skew_pos",20,0
0.457305051927326,0.527019780697356,0.525673035828901,0.52365859709331,0.52365859709331,1.11425332220951,0.909641139381143,0.00168611617198399,1,"supplied",4001,"ok","skew_pos",20,0
0.498839560726195,0.565974216026679,0.564139531347708,0.561644321394712,0.561644321394712,1.3040105839921,0.780486264895789,0.00166844446501908,1,"supplied",4001,"ok","skew_pos",20,0
0.544146421074412,0.603604408451836,0.601167007216769,0.598126222852431,0.598126222852431,1.52273239491488,0.671887908928411,0.00164828221753922,1,"supplied",4001,"ok","skew_pos",20,0
0.593568254965675,0.639496564425254,0.636336050299778,0.632683423436723,0.632683423436723,1.77389866869289,0.58056930679173,0.00162542720212515,1,"supplied",4001,"ok","skew_pos",20,0
0.647478802869525,0.673328819614312,0.66932470882547,0.664990216439444,0.664990216439444,2.06118219188892,0.50378152231216,0.00159970193307408,1,"supplied",4001,"ok","skew_pos",20,0
0.706285750051772,0.70487688218388,0.699914627150473,0.694819960851305,0.694819960851305,2.38841635789122,0.439221750012454,0.00157098452525029,1,"supplied",4001,"ok","skew_pos",20,0
0.770433809594098,0.7340113630556,0.727988310684654,0.722039380509777,0.722039380509777,2.75955909804159,0.384966010155812,0.00153919743015576,1,"supplied",4001,"ok","skew_pos",20,0
0.840408085427414,0.760688621563,0.753519387929082,0.74659474713505,0.74659474713505,3.17865630347892,0.33941472778553,0.00150432045741248,1,"supplied",4001,"ok","skew_pos",20,0
0.916737740811086,0.784937400900762,0.776558237848963,0.768491588019216,0.768491588019216,3.64980895882581,0.30125041781849,0.00146631603197467,1,"supplied",4001,"ok","skew_pos",20,0
1,0.806843491195417,0.797215335366502,0.787768993284573,0.787768993284573,4.17714886331737,0.269407667126549,0.00142505413008687,1,"supplied",4001,"ok","skew_pos",20,0
1.09082451336109,0.826534287413748,0.815644294269635,0.804468276661361,0.804468276661361,4.76482801754134,0.243057096235192,0.00138008305984193,1,"supplied",4001,"ok","skew_pos",20,0
1.18989811894946,0.844164579462074,0.83202604697319,0.818593482418027,0.818593482418027,5.41702635092915,0.22160757626132,0.0013302822031006,1,"supplied",4001,"ok","skew_pos",20,0
1.29797003655233,0.859904369719147,0.846555055260628,0.830057458943163,0.830057458943163,6.13798137740113,0.20473587608406,0.00127342290232137,1,"supplied",4001,"ok","skew_pos",20,0
1.41585753347947,0.873929053101986,0.859427993636713,0.838600651239936,0.838600651239936,6.93204163691225,0.192462703816677,0.00120566661155867,1,"supplied",4001,"ok","skew_pos",20,0
1.54445210494638,0.886411957724631,0.870835021380456,0.843657932617246,0.843657932617246,7.80374359807803,0.185314523029186,0.00112130804194342,1,"supplied",4001,"ok","skew_pos",20,0
1.68472621578765,0.897519031905663,0.880953549275147,0.844127729088139,0.844127729088139,8.75790938156898,0.184654840186615,0.00101322551714455,1,"supplied",4001,"ok","skew_pos",20,0
1.83774065448323,0.907405354973095,0.889944280275653,0.837963818314737,0.837963818314737,9.79976060936821,0.193368947612965,0.000875128402794993,1,"supplied",4001,"ok","skew_pos",20,0
2.00465255511057,0.916213116214599,0.897949228052875,0.821474314167729,0.821474314167729,10.9350422741732,0.217323515480996,0.000706663506262513,1,"supplied",4001,"ok","skew_pos",20,0
2.18672414788655,0.924070720760131,0.905091371261625,0.788262703073213,0.788262703073213,12.1701500397612,0.268612603515659,0.000626776859582279,1,"supplied",4001,"ok","skew_pos",20,0
2.3853323044733,0.931092721017376,0.911475572570175,0.728253105863003,0.728253105863003,13.5122549426478,0.37314896695836,0.000786025152006046,1,"supplied",4001,"ok","skew_pos",20,0
2.60197895023158,0.937380321983866,0.917190375903568,0.629144809250728,0.629144809250728,14.969420982049,0.589459191741463,0.000952484405164684,1,"supplied",4001,"ok","skew_pos",20,0
2.83830242216217,0.94302225875275,0.922310296629356,0.48584307851466,0.48584307851466,16.5507132804822,1.05827775309107,0.00112918432593757,1,"supplied",4001,"ok","skew_pos",20,0
3.09608985842665,0.948095889806556,0.926898248478333,0.318165440643004,0.318165440643004,18.2662969516876,2.14301892115947,0.00137189713091077,1,"supplied",4001,"ok","skew_pos",20,0
3.37729071314047,0.952668388364656,0.931007819163543,0.170639361671771,0.170639361671771,20.1275290540343,4.86031259260994,0.00170294366722375,1,"supplied",4001,"ok","skew_pos",20,0
3.68403149864039,0.956797946057525,0.934685212599363,0.0750703479625256,0.0750703479625256,22.1470476225863,12.3208387484655,0.00208617892345612,1,"supplied",4001,"ok","skew_pos",20,0
4.01863186671133,0.960534929316662,0.937970796662563,0.0277407387895869,0.0277407387895869,24.338862510189,35.0480666208996,0.00253976109481813,1,"supplied",4001,"ok","skew_pos",20,0
4.38362215038276,0.96392295001492,0.94090029416728,0.00878112581256165,0.00878112581256165,26.7184526011291,112.88061409728,0.00308159078146777,1,"supplied",4001,"ok","skew_pos",20,0
4.78176249895018,0.96699982878934,0.943505699472846,0.0023932471163639,0.0023932471163639,29.3028730856087,416.842350320813,0.00372705589653788,1,"supplied",4001,"ok","skew_pos",20,0
5.21606375092565,0.969798442578583,0.945815988443008,0.000557859321082206,0.000557859321082206,32.1108752454891,1791.56662425228,0.00448737061343745,1,"supplied",4001,"ok","skew_pos",20,0
5.6898102027639,0.972347457504724,0.947857641397267,0.000109752898481853,0.000109752898481853,35.1630399870404,9110.37668191375,0.00536885322920793,1,"supplied",4001,"ok","skew_pos",20,0
6.20658444554691,0.974671954626894,0.949654959815731,1.79324910297347e-05,1.79324910297347e-05,38.4819254809858,55763.7009744411,0.00637363835058974,1,"supplied",4001,"ok","skew_pos",20,0
6.77029445744823,0.976793959716227,0.951230159943112,2.39132177959175e-06,2.39132177959175e-06,42.0922289098691,418177.769806011,0.00750170859305437,1,"supplied",4001,"ok","skew_pos",20,0
7.38520315685726,0.978732889610079,0.95260327034822,2.55567140187604e-07,2.55567140187604e-07,46.020962493988,3912865.10346671,0.00875334927264685,1,"supplied",4001,"ok","skew_pos",20,0
8.05596063965163,0.980505927538369,0.953791914844728,2.14743788748437e-08,2.14743788748437e-08,50.2976445516068,46567120.0249279,0.0101309720314384,1,"supplied",4001,"ok","skew_pos",20,0
8.7876393444041,0.98212833869864,0.954811087797449,1.38987114096883e-09,1.38987114096883e-09,54.9545071461205,719491159.384074,0.0116398363410843,1,"supplied",4001,"ok","skew_pos",20,0
9.58577241145239,0.983613735812926,0.955673006381798,6.77630647633599e-11,6.77630647633599e-11,60.0267226613405,14757301834.3312,0.0132879040535021,1,"supplied",4001,"ok","skew_pos",20,0
10.4563955259127,0.984974302807063,0.95638706396504,2.42881591772828e-12,2.42881591772828e-12,65.5526522436547,411723256875.265,0.0150853442453829,1,"supplied",4001,"ok","skew_pos",20,0
11.4060925610648,0.98622098333585,0.956959837507319,6.2312321181577e-14,6.2312321181577e-14,71.5741193565543,16048190486853.4,0.0170440724485107,1,"supplied",4001,"ok","skew_pos",20,0
12.4420453672751,0.987363639726634,0.957395046151473,1.11122272836308e-15,1.11122272836308e-15,78.1367117086503,899909599107177,0.0191774633917894,1,"supplied",4001,"ok","skew_pos",20,0
13.5720880829745,0.988411187025054,0.957693333246109,1.33390160583334e-17,1.33390160583334e-17,85.2901146270904,74968048289833328,0.0215002231633291,1,"supplied",4001,"ok","skew_pos",20,0
14.8047663784046,0.989371706143484,0.957851746515674,1.04055402875808e-19,1.04055402875808e-19,93.0884786871898,9610265035382355968,0.0240283637866927,1,"supplied",4001,"ok","skew_pos",20,0
16.1494020801478,0.990252539564585,0.957862797830999,5.07586423697783e-22,5.07586423697783e-22,101.59082420758,1.97010785417578e+21,0.0267792335001488,1,"supplied",4001,"ok","skew_pos",20,0
17.6161636651498,0.991060372580554,0.957712977350794,1.48452527894657e-24,1.48452527894657e-24,110.861485169361,6.73616013268299e+23,0.0297715753132676,1,"supplied",4001,"ok","skew_pos",20,0
19.2161431573264,0.991801302617819,0.957380616560065,2.48617547713772e-27,2.48617547713772e-27,120.970595252537,4.02224223187689e+26,0.0330255995930845,1,"supplied",4001,"ok","skew_pos",20,0
20.9614400082677,0.992480898794244,0.956833183072559,2.26743753035647e-30,2.26743753035647e-30,131.994618989094,4.41026483249039e+29,0.036563063241011,1,"supplied",4001,"ok","skew_pos",20,0
22.8652525963663,0.993104253483455,0.956024698209525,1.06607261925089e-33,1.06607261925089e-33,144.016931466474,9.38022402922869e+32,0.0404073511808262,1,"supplied",4001,"ok","skew_pos",20,0
24.9419780363097,0.993676027326765,0.954895271573639,2.43384038065506e-37,2.43384038065506e-37,157.128450527999,4.10873288136855e+36,0.0445835572471817,1,"supplied",4001,"ok","skew_pos",20,0
27.2073210537206,0.994200488844326,0.953376562144485,2.52743128075088e-41,2.52743128075088e-41,171.428325967044,3.95658630806733e+40,0.0491185620319091,1,"supplied",4001,"ok","skew_pos",20,0
29.6784127482837,0.994681549556687,0.951407237934668,1.11169428467534e-45,1.11169428467534e-45,187.024690773848,8.99527877209555e+44,0.054041105224422,1,"supplied",4001,"ok","skew_pos",20,0
32.3739401434763,0.995122795334188,0.948956343571574,1.91611816811657e-50,1.91611816811657e-50,204.035480058833,5.21888480908743e+49,0.0593818496841498,1,"supplied",4001,"ok","skew_pos",20,0
35.3142875025886,0.99552751453963,0.946039110616674,1.18883819477918e-55,1.18883819477918e-55,222.589323847065,8.4115736219742e+54,0.0651734340186084,1,"supplied",4001,"ok","skew_pos",20,0
38.5216904797049,0.995898723412694,0.94270603012348,2.42025778174912e-61,2.42025778174912e-61,242.82652052657,4.13179128083331e+60,0.071450509862281,1,"supplied",4001,"ok","skew_pos",20,0
42.0204042713707,0.996239189055601,0.93900738004216,1.46134325307017e-67,1.46134325307017e-67,264.900098352269,6.84301924205061e+66,0.0782497593788126,1,"supplied",4001,"ok","skew_pos",20,0
45.8368870405543,0.996551450312044,0.934952818478361,2.343769116986e-74,2.343769116986e-74,288.976973071446,4.26663186553957e+73,0.085609887748075,1,"supplied",4001,"ok","skew_pos",20,0
50,0.996837836780094,0.930474758595945,8.85349493446973e-82,8.85349493446973e-82,315.239210457265,1.12949745541351e+81,0.0935715845533001,1,"supplied",4001,"ok","skew_pos",20,0
0.02,0.00242904850569401,0.00242904850545478,0.00242904840717877,0.00242904840717877,0.00243496314929322,410.683849957299,0.00133515320914845,1,"supplied",4001,"ok","bimodal",20,0
0.0218164902672218,0.00288881526262904,0.00288881526215038,0.00288881509686934,0.00288881509686934,0.0028971846939917,345.162688322876,0.00133517022688433,1,"supplied",4001,"ok","bimodal",20,0
0.0237979623789893,0.0034352674668897,0.00343526746593228,0.00343526718805312,0.00343526718805312,0.00344710920901023,290.098172356932,0.00133519046828767,1,"supplied",4001,"ok","bimodal",20,0
0.0259594007310465,0.00408460895789427,0.00408460895597996,0.00408460848897719,0.00408460848897719,0.00410136141547146,243.821505585816,0.00133521454221925,1,"supplied",4001,"ok","bimodal",20,0
0.0283171506695894,0.00485601468585656,0.00485601468203101,0.00485601389755148,0.00485601389755148,0.00487971063234998,204.930217890073,0.0013352431717901,1,"supplied",4001,"ok","bimodal",20,0
0.0308890420989276,0.00577215162673031,0.00577215161908984,0.00577215030203258,0.00577215030203258,0.00580566279266323,172.245661958571,0.00133527721549003,1,"supplied",4001,"ok","bimodal",20,0
0.033694524315753,0.00685978113623149,0.0068597811209824,0.00685977891122894,0.00685977891122894,0.00690716276104459,144.777292962471,0.00133531769209443,1,"supplied",4001,"ok","bimodal",20,0
0.0367548130896647,0.00815045128796023,0.00815045125755091,0.00815044755291047,0.00815044755291047,0.00821742702665333,121.692648901582,0.001335365809971,1,"supplied",4001,"ok","bimodal",20,0
0.0400930511022114,0.00968128671740188,0.0096812866568202,0.00968128045172202,0.00968128045172202,0.00977593030158082,102.292121841396,0.00133542300148676,1,"supplied",4001,"ok","bimodal",20,0
0.0437344829577311,0.0114958813269804,0.0114958812064299,0.0114958708245149,0.0114958708245149,0.0116295735240968,85.9877554528103,0.00133549096329447,1,"supplied",4001,"ok","bimodal",20,0
0.047706646089466,0.0136452953819375,0.0136452951423875,0.0136452777945641,0.0136452777945641,0.0138340652891408,72.2854262885269,0.00133557170334924,1,"supplied",4001,"ok","bimodal",20,0
0.0520395790046316,0.0161891523643525,0.0161891518891142,0.0161891229458087,0.0161891229458087,0.0164555538325881,60.7698687784006,0.00133566759556109,1,"supplied",4001,"ok","bimodal",20,0
0.0567660484432434,0.0191968215881596,0.0191968206471688,0.019196772445111,0.019196772445111,0.019572552384306,51.0920901083388,0.00133578144301423,1,"supplied",4001,"ok","bimodal",20,0
0.0619217971685331,0.0227486589520427,0.0227486570931033,0.0227485769889596,0.0227485769889596,0.0232782069427995,42.9587935757618,0.0013359165506559,1,"supplied",4001,"ok","bimodal",20,0
0.0675458142628094,0.0269372590922198,0.0269372554297655,0.0269371226445685,0.0269371226445685,0.0276829622179242,36.123489884011,0.00133607680824879,1,"supplied",4001,"ok","bimodal",20,0
0.0736806299728077,0.0318686462889387,0.031868639096147,0.0318684196363005,0.0318684196363005,0.032917688459091,30.3790269932597,0.00133626678414673,1,"supplied",4001,"ok","bimodal",20,0
0.0803726373342267,0.0376632975958514,0.0376632835224836,0.0376629220752207,0.0376629220752207,0.0391373388355234,25.5513121367161,0.0013364922664292,1,"supplied",4001,"ok","bimodal",20,0
0.0876724430076553,0.0444568491024208,0.044456821687171,0.0444562288202444,0.0444562288202444,0.046525213498376,21.4940357411653,0.00133676417736774,1,"supplied",4001,"ok","bimodal",20,0
0.0956352499790037,0.0524002853916117,0.0524002322597378,0.0523992644500728,0.0523992644500728,0.0552979117488095,18.0842373551412,0.00133708570754045,1,"supplied",4001,"ok","bimodal",20,0
0.104321275018513,0.0616593554812122,0.0616592531249943,0.061657682048896,0.061657682048896,0.0657110568975014,15.2185792065128,0.00133746546625349,1,"supplied",4001,"ok","bimodal",20,0
0.113796204055278,0.0724129013861919,0.0724127055715977,0.0724101716946317,0.0724101716946317,0.0780658781201314,12.8102144573997,0.00133791337626981,1,"supplied",4001,"ok","bimodal",20,0
0.124131688910938,0.0848497380763674,0.0848493664830499,0.0848453103621108,0.0848453103621108,0.0927167281775284,10.7861552480874,0.00133844080062653,1,"supplied",4001,"ok","bimodal",20,0
0.135405889148965,0.0991637021516339,0.0991630035243446,0.0991565666168993,0.0991565666168993,0.11007960312932,9.08506076923371,0.00133906064971077,1,"supplied",4001,"ok","bimodal",20,0
0.147704063137145,0.115546513705071,0.115545214185175,0.115535099866684,0.115535099866684,0.130641707557859,7.65537833224623,0.00133979917950482,1,"supplied",4001,"ok","bimodal",20,0
0.161119212793033,0.134178199641933,0.13417581167008,0.134160097491378,0.134160097491378,0.154972073452577,6.45378110704091,0.00134066692627954,1,"supplied",4001,"ok","bimodal",20,0
0.175752786888082,0.155215036128003,0.155210708170248,0.155186603472365,0.155186603472365,0.183733189824531,5.44385518868628,0.00134167859524351,1,"supplied",4001,"ok","bimodal",20,0
0.191715448229048,0.178775303651897,0.17876758037348,0.178731130835062,0.178731130835062,0.217693530707115,4.59499621206353,0.00134287209296147,1,"supplied",4001,"ok","bimodal",20,0
0.209127910518255,0.204923609011211,0.204910062895474,0.204855816839678,0.204855816839678,0.257740779796466,3.88148208543479,0.00134425991698663,1,"supplied",4001,"ok","bimodal",20,0
0.228121851221297,0.23365507397459,0.233631763979861,0.233552434612597,0.233552434612597,0.304895440733749,3.2816937518067,0.00134588133559138,1,"supplied",4001,"ok","bimodal",20,0
0.248840907345503,0.264881227544639,0.264841943465505,0.264728124563283,0.264728124563283,0.360324395825062,2.77746037240918,0.00134775475580849,1,"supplied",4001,"ok","bimodal",20,0
0.271441761659491,0.298419822261935,0.298355091683318,0.298195106011435,0.298195106011435,0.425353839420119,2.35350909468532,0.00134992361487673,1,"supplied",4001,"ok","bimodal",20,0
0.296095327568091,0.333990851395519,0.333886725388515,0.33366669624846,0.33366669624846,0.501480876194187,1.99700273129855,0.00135241991448082,1,"supplied",4001,"ok","bimodal",20,0
0.322988041602956,0.37122062519021,0.371057320444454,0.37076154686922,0.37076154686922,0.590382954756597,1.69715133201969,0.00135527337454754,1,"supplied",4001,"ok","bimodal",20,0
0.352323273302997,0.4096548202343,0.409405371422923,0.409017049628004,0.409017049628004,0.693924223107718,1.44488585722646,0.00135852224140664,1,"supplied",4001,"ok","bimodal",20,0
0.384322863146529,0.448780054995725,0.448409203035128,0.447911472672998,0.447911472672998,0.814157867586311,1.23258402834004,0.00136220587583708,1,"supplied",4001,"ok","bimodal",20,0
0.419228800165354,0.488052045093343,0.487515628035858,0.486892845682436,0.486892845682436,0.953323556458644,1.05383999552999,0.00136634379072858,1,"supplied",4001,"ok","bimodal",20,0
0.457305051927326,0.526927136989753,0.5261722359619,0.525411313909468,0.525411313909468,1.11383927971861,0.903270777629859,0.00137099358486618,1,"supplied",4001,"ok","bimodal",20,0
0.498839560726195,0.564893366247385,0.563859379219258,0.562950999569205,0.562950999569205,1.29828718393791,0.776353538345691,0.00137618562997565,1,"supplied",4001,"ok","bimodal",20,0
0.544146421074412,0.601497328590109,0.60011801322489,0.599057548741758,0.599057548741758,1.50939346645288,0.66928870540129,0.00138197048892738,1,"supplied",4001,"ok","bimodal",20,0
0.593568254965675,0.636364036337942,0.634570414048427,0.633358452342395,0.633358452342395,1.75000302480901,0.578884747336407,0.0013884325257455,1,"supplied",4001,"ok","bimodal",20,0
0.647478802869525,0.669208286667433,0.666932174520852,0.665574627204877,0.665574627204877,2.02305033558877,0.502461120249675,0.00139563723522415,1,"supplied",4001,"ok","bimodal",20,0
0.706285750051772,0.699837512843675,0.69701537771284,0.695523230504528,0.695523230504528,2.3315288978106,0.437766498862456,0.00140370760172244,1,"supplied",4001,"ok","bimodal",20,0
0.770433809594098,0.728147282622461,0.724724098788886,0.72311289832718,0.72311289832718,2.67846240290193,0.382909919479185,0.00141277621568631,1,"supplied",4001,"ok","bimodal",20,0
0.840408085427414,0.754111345922645,0.75004416629678,0.748333337653955,0.748333337653955,3.06688142546588,0.336302887607583,0.00142297536773079,1,"supplied",4001,"ok","bimodal",20,0
0.916737740811086,0.777768379826127,0.773029375218025,0.771241431420854,0.771241431420854,3.49980969952704,0.29661083969219,0.00143441909260754,1,"supplied",4001,"ok","bimodal",20,0
1,0.799207424912974,0.793786184568999,0.791945847666604,0.791945847666604,3.98026383478866,0.262712599537467,0.00144719243877634,1,"supplied",4001,"ok","bimodal",20,0
1.09082451336109,0.818553605667211,0.812458520909066,0.81059174588565,0.81059174588565,4.51126961589499,0.23366664547935,0.00146126902158636,1,"supplied",4001,"ok","bimodal",20,0
1.18989811894946,0.835955231010737,0.829213813462389,0.827346706050632,0.827346706050632,5.09589690766338,0.208683122428243,0.00147650116142364,1,"supplied",4001,"ok","bimodal",20,0
1.29797003655233,0.851572893207271,0.844230927979684,0.842388576185675,0.842388576185675,5.73731383443625,0.187100618728695,0.00149258634423049,1,"supplied",4001,"ok","bimodal",20,0
1.41585753347947,0.865570790791495,0.857690306331815,0.855895590259355,0.855895590259355,6.4388595000136,0.168366809434055,0.00150907684079111,1,"supplied",4001,"ok","bimodal",20,0
1.54445210494638,0.878110218973752,0.869766368039458,0.868038851002497,0.868038851002497,7.20413320608606,0.152022169105796,0.0015253777435884,1,"supplied",4001,"ok","bimodal",20,0
1.68472621578765,0.889344996314468,0.880622069226158,0.878977082696817,0.878977082696817,8.03709698335808,0.137686089530195,0.00154082956228811,1,"supplied",4001,"ok","bimodal",20,0
1.83774065448323,0.899418511296112,0.890405415915021,0.888853420667624,0.888853420667624,8.94218730390838,0.125044891258778,0.00155473592479946,1,"supplied",4001,"ok","bimodal",20,0
2.00465255511057,0.908462052915208,0.899247671384064,0.897793915560373,0.897793915560373,9.92443114409907,0.113841364558406,0.00156646187465902,1,"supplied",4001,"ok","bimodal",20,0
2.18672414788655,0.916594111961813,0.907262972301418,0.905907397485278,0.905907397485278,10.9895612111,0.103865585793774,0.0015754043131929,1,"supplied",4001,"ok","bimodal",20,0
2.3853323044733,0.923920384202687,0.91454906979582,0.91328635973428,0.91328635973428,12.1441252629895,0.0949468251019851,0.00158106922045817,1,"supplied",4001,"ok","bimodal",20,0
2.60197895023158,0.930534258281168,0.921188924062741,0.920008546226601,0.920008546226601,13.3955851511323,0.0869464246842955,0.00158301580772171,1,"supplied",4001,"ok","bimodal",20,0
2.83830242216217,0.936517620174982,0.927252877986684,0.926138906190862,0.926138906190862,14.7524025210836,0.0797516369471215,0.00158090271648729,1,"supplied",4001,"ok","bimodal",20,0
3.09608985842665,0.941941847585492,0.932801097862132,0.931731478277893,0.931731478277893,16.2241099382644,0.0732705970697555,0.00157441279545463,1,"supplied",4001,"ok","bimodal",20,0
3.37729071314047,0.946868900249753,0.937885912243431,0.936830589137671,0.936830589137671,17.8213683643043,0.0674288516992971,0.00156330651864621,1,"supplied",4001,"ok","bimodal",20,0
3.68403149864039,0.95135243663261,0.942553655670877,0.941470510250905,0.941470510250905,19.5560141306138,0.062168160459425,0.0015473535020938,1,"supplied",4001,"ok","bimodal",20,0
4.01863186671133,0.955438905560698,0.946845696769509,0.945672336889195,0.945672336889195,21.4411005291203,0.0574487176917081,0.00152618824151737,1,"supplied",4001,"ok","bimodal",20,0
4.38362215038276,0.95916857510372,0.950798537559252,0.949436006594433,0.949436006594433,23.4909405571862,0.0532568736116683,0.00149906953073354,1,"supplied",4001,"ok","bimodal",20,0
4.78176249895018,0.962576472112926,0.95444318902446,0.95272309950672,0.95272309950672,25.7211579575691,0.0496229182621456,0.00146425863667156,1,"supplied",4001,"ok","bimodal",20,0
5.21606375092565,0.965693215486849,0.957804345918425,0.955419706034905,0.955419706034905,28.1487533498416,0.0466604296347502,0.00141774376374807,1,"supplied",4001,"ok","bimodal",20,0
5.6898102027639,0.968545735029157,0.96090001685946,0.957250733129495,0.957250733129495,30.7921910089766,0.0446583798695529,0.00135061981979196,1,"supplied",4001,"ok","bimodal",20,0
6.20658444554691,0.971157875706222,0.963742067284682,0.957565349296682,0.957565349296682,33.671509969733,0.0443151485530316,0.00124451596460723,1,"supplied",4001,"ok","bimodal",20,0
6.77029445744823,0.973550893832499,0.966337661115658,0.954758329386403,0.954758329386403,36.8084610370967,0.0473854683652491,0.00106840075892603,1,"supplied",4001,"ok","bimodal",20,0
7.38520315685726,0.975743856727752,0.968691128951578,0.944615166314272,0.944615166314272,40.2266694163258,0.0586321664745549,0.00174503125399071,1,"supplied",4001,"ok","bimodal",20,0
8.05596063965163,0.977753960375668,0.970805631141344,0.915492806016764,0.915492806016764,43.951821397739,0.092307873341922,0.00272110830599179,1,"supplied",4001,"ok","bimodal",20,0
8.7876393444041,0.97959678056328,0.972684150252525,0.836007893955959,0.836007893955959,48.011873008642,0.196160954016876,0.00352862167765081,1,"supplied",4001,"ok","bimodal",20,0
9.58577241145239,0.981286472223263,0.974329627621961,0.644227830156627,0.644227830156627,52.4372787392399,0.552245887540865,0.00389327270929914,1,"supplied",4001,"ok","bimodal",20,0
10.4563955259127,0.982835929784054,0.975744240556316,0.337005688304385,0.337005688304385,57.2612391710533,1.96730896452049,0.00386487573318564,1,"supplied",4001,"ok","bimodal",20,0
11.4060925610648,0.984256918855798,0.97692785236432,0.102921413464264,0.102921413464264,62.519967332969,8.71615105487465,0.00358492612804644,1,"supplied",4001,"ok","bimodal",20,0
12.4420453672751,0.985560187052514,0.977875643917513,0.0200112343278151,0.0200112343278151,68.2529746497929,48.9719299478707,0.00318537927240323,1,"supplied",4001,"ok","bimodal",20,0
13.5720880829745,0.986755559513771,0.978574957303636,0.00272066797473279,0.00272066797473279,74.5033782695292,366.556794613358,0.00282258034716898,1,"supplied",4001,"ok","bimodal",20,0
14.8047663784046,0.98785202290792,0.979001493511089,0.000253707855319819,0.000253707855319819,81.3182322801694,3940.54133989829,0.00258596222709097,1,"supplied",4001,"ok","bimodal",20,0
16.1494020801478,0.988857800399647,0.97911522491675,1.49176669785636e-05,1.49176669785636e-05,88.7488858455119,67033.6108032163,0.00244766136329069,1,"supplied",4001,"ok","bimodal",20,0
17.6161636651498,0.989780419188173,0.978856863730642,4.96418546616468e-07,4.96418546616468e-07,96.8513716377436,2014428.16832154,0.00236652544353236,1,"supplied",4001,"ok","bimodal",20,0
19.2161431573264,0.990626771672906,0.978146880694242,8.3157816837766e-09,8.3157816837766e-09,105.686828177371,120253276.205547,0.0023322399697206,1,"supplied",4001,"ok","bimodal",20,0
20.9614400082677,0.991403170981993,0.976891097705448,6.13706639863708e-11,6.13706639863708e-11,115.321959865128,16294430188.3504,0.00235134343938384,1,"supplied",4001,"ok","bimodal",20,0
22.8652525963663,0.992115401422904,0.974998033520826,1.69314896553533e-13,1.69314896553533e-13,125.829538653365,5906154865018.95,0.00242274506295471,1,"supplied",4001,"ok","bimodal",20,0
24.9419780363097,0.992768764321207,0.972408116588334,1.45313875197682e-16,1.45313875197682e-16,137.288951490373,6881655304007421,0.00257883399162087,1,"supplied",4001,"ok","bimodal",20,0
27.2073210537206,0.993368119663552,0.969121074735338,3.37830554429849e-20,3.37830554429849e-20,149.786797901655,29600638156832321536,0.00311332589251892,1,"supplied",4001,"ok","bimodal",20,0
29.6784127482837,0.993917923929179,0.965201533063438,2.07184062183213e-24,2.07184062183213e-24,163.417542358205,4.82662609016565e+23,0.0054579860404419,1,"supplied",4001,"ok","bimodal",20,0
32.3739401434763,0.994422264468403,0.96076213560564,3.50505295731826e-29,3.50505295731826e-29,178.284226427567,2.85302394051446e+28,0.0106598546500825,1,"supplied",4001,"ok","bimodal",20,0
35.3142875025886,0.994884890760945,0.955937269135797,1.67873052868613e-34,1.67873052868613e-34,194.49924610893,5.95688219706506e+33,0.0172609504137268,1,"supplied",4001,"ok","bimodal",20,0
38.5216904797049,0.995309242860296,0.950845126236036,2.22224338494981e-40,2.22224338494981e-40,212.185200217596,4.49995714588475e+39,0.0249420234541399,1,"supplied",4001,"ok","bimodal",20,0
42.0204042713707,0.995698477302621,0.945541015902546,7.62292621426897e-47,7.62292621426897e-47,231.475816205594,1.31183219132851e+46,0.0335412921851929,1,"supplied",4001,"ok","bimodal",20,0
45.8368870405543,0.996055490731328,0.93998550535999,6.17957824033439e-54,6.17957824033439e-54,252.51696038396,1.61823341514305e+53,0.0429959907200199,1,"supplied",4001,"ok","bimodal",20,0
50,0.996382941461958,0.934032855712154,1.05805928601404e-61,1.05805928601404e-61,275.467740149216,9.45126623071598e+60,0.0532960464672094,1,"supplied",4001,"ok","bimodal",20,0
0.02,0.00229776528631698,0.0022977652858973,0.00229776510334194,0.00229776510334194,0.00230305717113723,434.205495350925,0.00151896939283756,1,"supplied",4001,"wbar_undefined","heavy_tail",20,0
0.0218164902672218,0.00273280002864089,0.00273280002780128,0.00273279972074914,0.00273279972074914,0.00274028868965045,364.925095940023,0.00151893041493155,1,"supplied",4001,"wbar_undefined","heavy_tail",20,0
0.0237979623789893,0.00324990566430476,0.00324990566262565,0.00324990514633393,0.00324990514633393,0.00326050198818463,306.70128818315,0.00151888403862939,1,"supplied",4001,"wbar_undefined","heavy_tail",20,0
0.0259594007310465,0.00386444349728446,0.00386444349392802,0.00386444262613055,0.00386444262613055,0.00387943535601916,257.769529462854,0.00151882886041719,1,"supplied",4001,"wbar_undefined","heavy_tail",20,0
0.0283171506695894,0.00459459975199562,0.00459459974528998,0.00459459828730913,0.00459459828730913,0.00461580754017497,216.646883898888,0.00151876321084945,1,"supplied",4001,"wbar_undefined","heavy_tail",20,0
0.0308890420989276,0.00546188431023584,0.00546188429684747,0.00546188184857376,0.00546188184857376,0.00549188032521784,182.087080190342,0.00151868510429547,1,"supplied",4001,"wbar_undefined","heavy_tail",20,0
0.033694524315753,0.00649170889151472,0.00649170886480401,0.00649170475613852,0.00649170475613852,0.00653412653886536,153.042741862899,0.00151859217924471,1,"supplied",4001,"wbar_undefined","heavy_tail",20,0
0.0367548130896647,0.00771405369383223,0.00771405364059047,0.00771404675050601,0.00771404675050601,0.00777402292408571,128.633645263351,0.00151848162742076,1,"supplied",4001,"wbar_undefined","heavy_tail",20,0
0.0400930511022114,0.00916423088605962,0.00916423078004738,0.00916421923561688,0.00916421923561688,0.00924899077296611,108.120043321692,0.00151835010963826,1,"supplied",4001,"wbar_undefined","heavy_tail",20,0
0.0437344829577311,0.0108837517475795,0.0108837515367598,0.0108837322137225,0.0108837322137225,0.0110035112321823,90.8802466252498,0.00151819365596982,1,"supplied",4001,"wbar_undefined","heavy_tail",20,0
0.047706646089466,0.0129213012258021,0.0129213008071846,0.0129212685035376,0.0129212685035376,0.0130904468325053,76.3917823723129,0.00151800754736247,1,"supplied",4001,"wbar_undefined","heavy_tail",20,0
0.0520395790046316,0.0153338186139167,0.0153338177841491,0.0153337638572995,0.0153337638572995,0.0155726061316859,64.2155602046758,0.00151778617534899,1,"supplied",4001,"wbar_undefined","heavy_tail",20,0
0.0567660484432434,0.0181876751438408,0.0181876735025342,0.0181875836307614,0.0181875836307614,0.0185245944498663,53.9825650455656,0.00151752287593138,1,"supplied",4001,"wbar_undefined","heavy_tail",20,0
0.0619217971685331,0.0215599275460928,0.021559924307509,0.0215597748304164,0.0215597748304164,0.0220350005616807,45.3826736534005,0.00151720973306549,1,"supplied",4001,"wbar_undefined","heavy_tail",20,0
0.0675458142628094,0.0255396098579046,0.0255396034860823,0.0255393554553724,0.0255393554553724,0.0262089769027764,38.1552559635816,0.00151683734644398,1,"supplied",4001,"wbar_undefined","heavy_tail",20,0
0.0736806299728077,0.0302290026326561,0.030228990138823,0.030228579710552,0.030228579710552,0.031171279317199,32.0812763806738,0.00151639455745828,1,"supplied",4001,"wbar_undefined","heavy_tail",20,0
0.0803726373342267,0.0357447878892293,0.0357447634888184,0.0357440865279571,0.0357440865279571,0.037069841511132,26.9766556411465,0.00151586812632491,1,"supplied",4001,"wbar_undefined","heavy_tail",20,0
0.0876724430076553,0.0422189585935732,0.042218911161136,0.0422177987980147,0.0422177987980147,0.0440799689786906,22.6866920699576,0.00151524235240205,1,"supplied",4001,"wbar_undefined","heavy_tail",20,0
0.0956352499790037,0.0497993029098052,0.0497992112042208,0.0497973914436994,0.0497973914436994,0.052409246869957,19.0813731604916,0.00151449862872573,1,"supplied",4001,"wbar_undefined","heavy_tail",20,0
0.104321275018513,0.0586492271491175,0.0586490509606607,0.0586460891500561,0.0586460891500561,0.0623032655207773,16.0514353896869,0.00151361492081184,1,"supplied",4001,"wbar_undefined","heavy_tail",20,0
0.113796204055278,0.0689466211557468,0.0689462851158048,0.0689414930024941,0.0689414930024941,0.0740522753285451,13.5050528563955,0.0015125651588728,1,"supplied",4001,"wbar_undefined","heavy_tail",20,0
0.124131688910938,0.0808814136827359,0.0808807781238654,0.0808730773515471,0.0808730773515471,0.0879988881595928,11.3650543882867,0.00151131853190574,1,"supplied",4001,"wbar_undefined","heavy_tail",20,0
0.135405889148965,0.0946514265186122,0.0946502359884708,0.0946379573872616,0.0946379573872616,0.104546943896585,9.56658477853624,0.00150983867178525,1,"supplied",4001,"wbar_undefined","heavy_tail",20,0
0.147704063137145,0.110456134774869,0.110453928990577,0.110434524505521,0.110434524505521,0.124171655938422,8.05513927349783,0.00150808271577879,1,"supplied",4001,"wbar_undefined","heavy_tail",20,0
0.161119212793033,0.128488003438966,0.128483967023893,0.12845360780228,0.12845360780228,0.147431135711243,6.78491174447377,0.00150600023711614,1,"supplied",4001,"wbar_undefined","heavy_tail",20,0
0.175752786888082,0.148921227559577,0.148913943536705,0.148866977525917,0.148866977525917,0.174979370161651,5.71740648342177,0.00150353203581496,1,"supplied",4001,"wbar_undefined","heavy_tail",20,0
0.191715448229048,0.171897982958735,0.171885041225593,0.171813289302722,0.171813289302722,0.207580683806219,4.82027155209207,0.00150060878643172,1,"supplied",4001,"wbar_undefined","heavy_tail",20,0
0.209127910518255,0.197512709125122,0.197490107173062,0.197381991239219,0.197381991239219,0.246125653790469,4.06631832884917,0.00149714954642295,1,"supplied",4001,"wbar_undefined","heavy_tail",20,0
0.228121851221297,0.225795477730282,0.225756741350637,0.225596262948776,0.225596262948776,0.291648358069935,3.4326975408589,0.00149306013908145,1,"supplied",4001,"wbar_undefined","heavy_tail",20,0
0.248840907345503,0.25669608269553,0.25663103692481,0.256396659989885,0.256396659989885,0.345344719326136,2.9002068125203,0.00148823143923709,1,"supplied",4001,"wbar_undefined","heavy_tail",20,0
0.271441761659491,0.290070997386964,0.289964142230292,0.289627672944477,0.289627672944477,0.408591558197087,2.45270874786783,0.00148253760850706,1,"supplied",4001,"wbar_undefined","heavy_tail",20,0
0.296095327568091,0.32567561093179,0.325504111537726,0.32502970031808,0.32502970031808,0.482965789479768,2.07664191617376,0.00147583434962116,1,"supplied",4001,"wbar_undefined","heavy_tail",20,0
0.322988041602956,0.363164000841229,0.362895391084993,0.362238790009583,0.362238790009583,0.570262989719411,1.76060992798022,0.00146795727470025,1,"supplied",4001,"wbar_undefined","heavy_tail",20,0
0.352323273302997,0.40209780446625,0.401687617871996,0.400795794626154,0.400795794626154,0.672514346777562,1.49503615908136,0.00145872050646255,1,"supplied",4001,"wbar_undefined","heavy_tail",20,0
0.384322863146529,0.441964532889228,0.441354191589723,0.440165318616225,0.440165318616225,0.792000793744346,1.27187367497231,0.00144791564649961,1,"supplied",4001,"wbar_undefined","heavy_tail",20,0
0.419228800165354,0.482204123149259,0.481319497442404,0.479763206695075,0.479763206695075,0.931262964243839,1.08436158931123,0.00143531123759661,1,"supplied",4001,"wbar_undefined","heavy_tail",20,0
0.457305051927326,0.522241001993267,0.520992061438218,0.518989701001125,0.518989701001125,1.09310552846125,0.926820509291442,0.00142065279621173,1,"supplied",4001,"wbar_undefined","heavy_tail",20,0
0.498839560726195,0.561517847378837,0.559799735263259,0.55726421319112,0.55726421319112,1.2805945328041,0.7944809236423,0.001403663365331,1,"supplied",4001,"wbar_undefined","heavy_tail",20,0
0.544146421074412,0.599526901526845,0.59722258262578,0.594057259607857,0.594057259607857,1.49704662763267,0.683339415227599,0.00138404523651171,1,"supplied",4001,"wbar_undefined","heavy_tail",20,0
0.593568254965675,0.635835210202149,0.632819603641458,0.628915602236932,0.628915602236932,1.74600957592606,0.59003846691542,0.00136148002646845,1,"supplied",4001,"wbar_undefined","heavy_tail",20,0
0.647478802869525,0.670101375134162,0.666246647062626,0.661477851958001,0.661477851958001,2.03123421750144,0.511766413705251,0.00133562308733062,1,"supplied",4001,"wbar_undefined","heavy_tail",20,0
0.706285750051772,0.702082955977066,0.697264467474444,0.691479333973829,0.691479333973829,2.35663910495507,0.446174818057321,0.00130610325461964,1,"supplied",4001,"wbar_undefined","heavy_tail",20,0
0.770433809594098,0.731635139057254,0.72573745975985,0.718746427030879,0.718746427030879,2.72627025940383,0.391311264156082,0.00127250880411905,1,"supplied",4001,"wbar_undefined","heavy_tail",20,0
0.840408085427414,0.758702385327588,0.751624799319284,0.743181478573317,0.743181478573317,3.14425978208532,0.345566364112972,0.00123436891733027,1,"supplied",4001,"wbar_undefined","heavy_tail",20,0
0.916737740811086,0.783305331673853,0.774966359912159,0.76473952053964,0.76473952053964,3.61478820740943,0.307634786932873,0.00119109281740079,1,"supplied",4001,"wbar_undefined","heavy_tail",20,0
1,0.805525270639072,0.795865880756411,0.78339723034822,0.78339723034822,4.14205626245705,0.276491620420332,0.00114192723715937,1,"supplied",4001,"wbar_undefined","heavy_tail",20,0
1.09082451336109,0.825488210534608,0.814473547740275,0.799112752505217,0.799112752505217,4.73027188056147,0.251387863433542,0.00108585414764882,1,"supplied",4001,"wbar_undefined","heavy_tail",20,0
1.18989811894946,0.843349997554303,0.830969626034003,0.811771765052566,0.811771765052566,5.38365773627517,0.231873345502779,0.00102148465253321,1,"supplied",4001,"wbar_undefined","heavy_tail",20,0
1.29797003655233,0.859283421168805,0.845550200975155,0.821109722908013,0.821109722908013,6.10648317565773,0.217864034612129,0.000946991755298166,1,"supplied",4001,"wbar_undefined","heavy_tail",20,0
1.41585753347947,0.873467730823562,0.858415564780851,0.826590959900761,0.826590959900761,6.90312231424216,0.209788212685096,0.000860160490833681,1,"supplied",4001,"wbar_undefined","heavy_tail",20,0
1.54445210494638,0.886080618297537,0.86976138211617,0.827209908055597,0.827209908055597,7.77813753073049,0.208883005705959,0.000758840431003055,1,"supplied",4001,"wbar_undefined","heavy_tail",20,0
1.68472621578765,0.897292475466811,0.879772484728963,0.821156682231536,0.821156682231536,8.73638498780937,0.217794388864313,0.000642138194306128,1,"supplied",4001,"wbar_undefined","heavy_tail",20,0
1.83774065448323,0.907262604871427,0.888618965717752,0.805268254639907,0.805268254639907,9.78313660431776,0.241822205504887,0.000642619040769626,1,"supplied",4001,"wbar_undefined","heavy_tail",20,0
2.00465255511057,0.916137012385999,0.896454143459131,0.774228551627646,0.774228551627646,10.9242114841261,0.291608269803173,0.00095916039662779,1,"supplied",4001,"wbar_undefined","heavy_tail",20,0
2.18672414788655,0.924047418527737,0.903413926466266,0.719822467424626,0.719822467424626,12.1661094411279,0.389231435881393,0.00137467736750954,1,"supplied",4001,"wbar_undefined","heavy_tail",20,0
2.3853323044733,0.9311111632291,0.909617124938228,0.631781660552408,0.631781660552408,13.5161400144648,0.582825305700761,0.00187713891811199,1,"supplied",4001,"wbar_undefined","heavy_tail",20,0
2.60197895023158,0.937431730577084,0.915166316348769,0.504057378143706,0.504057378143706,14.9825420971887,0.983901125865283,0.0024451323163948,1,"supplied",4001,"wbar_undefined","heavy_tail",20,0
2.83830242216217,0.943099673758888,0.920148969219608,0.348496327307289,0.348496327307289,16.5745916774283,1.86947069923708,0.00306412156481432,1,"supplied",4001,"wbar_undefined","heavy_tail",20,0
3.09608985842665,0.948193770039326,0.924638641309012,0.200658089072835,0.200658089072835,18.302697778995,3.98360173078803,0.00373532729804308,1,"supplied",4001,"wbar_undefined","heavy_tail",20,0
3.37729071314047,0.952782278377048,0.928696173746222,0.0951858586777851,0.0951858586777851,20.1784890424256,9.50576224127066,0.00447287628481246,1,"supplied",4001,"wbar_undefined","heavy_tail",20,0
3.68403149864039,0.956924207766882,0.932370884948117,0.0377915156909344,0.0377915156909344,22.2148951454728,25.4609656881236,0.00529646354377274,1,"supplied",4001,"wbar_undefined","heavy_tail",20,0
4.01863186671133,0.960670533138669,0.935701819143832,0.0128183202719524,0.0128183202719524,24.4262282152419,77.0133417471313,0.00622589826464407,1,"supplied",4001,"wbar_undefined","heavy_tail",20,0
4.38362215038276,0.964065318551087,0.938719119089651,0.00375342369779502,0.00375342369779502,26.828269506762,265.42342578789,0.00727878517859289,1,"supplied",4001,"wbar_undefined","heavy_tail",20,0
4.78176249895018,0.967146725347711,0.941445567183801,0.000947974215581282,0.000947974215581282,29.4383660558572,1053.88101212417,0.00847016084865918,1,"supplied",4001,"wbar_undefined","heavy_tail",20,0
5.21606375092565,0.969947896574947,0.943898277085221,0.000204781313978512,0.000204781313978512,32.2755410114272,4882.25805012136,0.00981283180060413,1,"supplied",4001,"wbar_undefined","heavy_tail",20,0
5.6898102027639,0.972497718841303,0.946090438698171,3.73648707863395e-05,3.73648707863395e-05,35.360620205636,26762.1060660753,0.0113177429757021,1,"supplied",4001,"wbar_undefined","heavy_tail",20,0
6.20658444554691,0.974821469418333,0.948032956673137,5.67346366169698e-06,5.67346366169698e-06,38.716376488155,176258.170698714,0.0129941901017246,1,"supplied",4001,"wbar_undefined","heavy_tail",20,0
6.77029445744823,0.97694136026392,0.949735806740309,7.05108507504172e-07,7.05108507504172e-07,42.3676926065716,1418220.43593138,0.0148499403605849,1,"supplied",4001,"wbar_undefined","heavy_tail",20,0
7.38520315685726,0.9788769923543,0.95120897316762,7.04447857681273e-08,7.04447857681273e-08,46.3417430307837,14195513.8148445,0.0168913971626573,1,"supplied",4001,"wbar_undefined","heavy_tail",20,0
8.05596063965163,0.980645733830122,0.952462906977688,5.54781867096786e-09,5.54781867096786e-09,50.6681950750658,180251023.647412,0.0191239238385533,1,"supplied",4001,"wbar_undefined","heavy_tail",20,0
8.7876393444041,0.982263034550228,0.953508529618217,3.3717324225668e-10,3.3717324225668e-10,55.3794298879276,2965834397.08884,0.0215523870215285,1,"supplied",4001,"wbar_undefined","heavy_tail",20,0
9.58577241145239,0.983742688178504,0.954356875259979,1.54537307763515e-11,1.54537307763515e-11,60.5107842538746,64709293468.1395,0.0241819176883958,1,"supplied",4001,"wbar_undefined","heavy_tail",20,0
10.4563955259127,0.985097051262959,0.955018497832553,5.20945026095927e-13,5.20945026095927e-13,66.1008145867457,1919588344078.63,0.0270188257062664,1,"supplied",4001,"wbar_undefined","heavy_tail",20,0
11.4060925610648,0.986337227140503,0.955502753485901,1.25691341645691e-14,1.25691341645691e-14,72.1915849208398,79559975007576.3,0.0300715538531898,1,"supplied",4001,"wbar_undefined","heavy_tail",20,0
12.4420453672751,0.987473221048092,0.955817007676986,2.10715908255206e-16,2.10715908255206e-16,78.8289810843736,4745726168851306,0.0333515339682533,1,"supplied",4001,"wbar_undefined","heavy_tail",20,0
13.5720880829745,0.988514071593802,0.95596573440435,2.37643757027406e-18,2.37643757027406e-18,86.063053558682,420797925646612352,0.0368738198557575,1,"supplied",4001,"wbar_undefined","heavy_tail",20,0
14.8047663784046,0.989467962741669,0.955949408931005,1.74045833924465e-20,1.74045833924465e-20,93.9483917946596,57456129655708680192,0.0406574156980089,1,"supplied",4001,"wbar_undefined","heavy_tail",20,0
16.1494020801478,0.990342319665943,0.955763060329083,7.96452192896935e-23,7.96452192896935e-23,102.544532994483,1.25556814196556e+22,0.0447252810672661,1,"supplied",4001,"wbar_undefined","heavy_tail",20,0
17.6161636651498,0.991143891198341,0.955394336387629,2.18324734977569e-25,2.18324734977569e-25,111.916408593888,4.58033305343411e+24,0.0491040558438909,1,"supplied",4001,"wbar_undefined","heavy_tail",20,0
19.2161431573264,0.991878821090483,0.954820949189877,3.42348043004784e-28,3.42348043004784e-28,122.134831918082,2.92100399121027e+27,0.0538235948554396,1,"supplied",4001,"wbar_undefined","heavy_tail",20,0
20.9614400082677,0.99255270991301,0.954007516730785,2.91980934024283e-31,2.91980934024283e-31,133.277030747987,3.42488115993503e+30,0.0589164240820633,1,"supplied",4001,"wbar_undefined","heavy_tail",20,0
22.8652525963663,0.993170669089544,0.952902364409508,1.28179240316915e-34,1.28179240316915e-34,145.427228832773,7.80157533721967e+33,0.0644172263457771,1,"supplied",4001,"wbar_undefined","heavy_tail",20,0
24.9419780363097,0.993737368300255,0.951436254368286,2.72699923211672e-38,2.72699923211672e-38,158.677280725394,3.66703440258687e+37,0.0703624387201412,1,"supplied",4001,"wbar_undefined","heavy_tail",20,0
27.2073210537206,0.994257077273821,0.949527550951755,2.63246005549469e-42,2.63246005549469e-42,173.12736470257,3.79872810572269e+41,0.0767900043714029,1,"supplied",4001,"wbar_undefined","heavy_tail",20,0
29.6784127482837,0.994733702808986,0.947100507890232,1.0730524659945e-46,1.0730524659945e-46,188.886738960786,9.31920881495022e+45,0.0837392780470333,1,"supplied",4001,"wbar_undefined","heavy_tail",20,0
32.3739401434763,0.995170821720576,0.944118996402144,1.70755676305072e-51,1.70755676305072e-51,206.074566756167,5.85632068952954e+50,0.0912510470231572,1,"supplied",4001,"wbar_undefined","heavy_tail",20,0
35.3142875025886,0.995571710284717,0.940619319719615,9.7370665551486e-57,9.7370665551486e-57,224.820816679809,1.02700335294641e+56,0.0993676060840931,1,"supplied",4001,"wbar_undefined","heavy_tail",20,0
38.5216904797049,0.995939370659394,0.936705410412837,1.81218549411347e-62,1.81218549411347e-62,245.267244833219,5.5181988998825e+61,0.108132819862374,1,"supplied",4001,"wbar_undefined","heavy_tail",20,0
42.0204042713707,0.996276554675984,0.932489389359167,9.94126303368367e-69,9.94126303368367e-69,267.568466293883,1.00590840078542e+68,0.117592116866537,1,"supplied",4001,"wbar_undefined","heavy_tail",20,0
45.8368870405543,0.996585785331728,0.928016831827843,1.43839975767433e-75,1.43839975767433e-75,291.893123942373,6.95217024797644e+74,0.127792380115706,1,"supplied",4001,"wbar_undefined","heavy_tail",20,0
50,0.996869376259671,0.923227440382039,4.8627581117735e-83,4.8627581117735e-83,318.425163464402,2.05644610941853e+82,0.138781720719268,1,"supplied",4001,"wbar_undefined","heavy_tail",20,0
0.02,0.00553882887352262,0.00553882887011902,0.00553882825844789,0.00553882825844789,0.00556967836888845,179.543601162355,0.00159539908329046,1,"supplied",4001,"ok","normal",40,0
0.0218164902672218,0.00658324577486354,0.00658324576806741,0.00658324474137279,0.00658324474137279,0.00662687210263376,150.900778307001,0.00159532887326106,1,"supplied",4001,"ok","normal",40,0
0.0237979623789893,0.00782294553502824,0.00782294552146812,0.0078229437993533,0.0078229437993533,0.00788462653900693,126.829117228564,0.00159524535521177,1,"supplied",4001,"ok","normal",40,0
0.0259594007310465,0.00929376118426271,0.00929376115723049,0.00929375827104647,0.00929375827104647,0.00938094545096659,106.599097247383,0.00159514601223802,1,"supplied",4001,"ok","normal",40,0
0.0283171506695894,0.0110378220406706,0.011037821986838,0.0110378171544668,0.0110378171544668,0.0111610153418066,89.5976232443134,0.00159502785373302,1,"supplied",4001,"ok","normal",40,0
0.0308890420989276,0.0131045458905449,0.0131045457834744,0.0131045377019715,0.0131045377019715,0.0132785553282034,75.309445074858,0.0015948873271911,1,"supplied",4001,"ok","normal",40,0
0.033694524315753,0.0155517402206487,0.0155517400080032,0.0155517265113343,0.0155517265113343,0.0157974175546152,63.3015422931459,0.00159472021398706,1,"supplied",4001,"ok","normal",40,0
0.0367548130896647,0.0184468036400931,0.018446803218506,0.0184467807147894,0.0184467807147894,0.0187934833369227,53.2100009460332,0.00159452150638512,1,"supplied",4001,"ok","normal",40,0
0.0400930511022114,0.0218680068393118,0.0218680060051968,0.0218679685556571,0.0218679685556571,0.0223569078531504,44.7289847227856,0.00159428526262968,1,"supplied",4001,"ok","normal",40,0
0.0437344829577311,0.0259058155500257,0.0259058139037192,0.0259057517234626,0.0259057517234626,0.0265947748827322,37.6014662178018,0.00159400443653999,1,"supplied",4001,"ok","normal",40,0
0.047706646089466,0.0306641946227065,0.0306641913826479,0.0306640884161294,0.0306640884161294,0.0316342328970002,31.6114374061743,0.00159367067758618,1,"supplied",4001,"ok","normal",40,0
0.0520395790046316,0.0362618011411898,0.0362617947859408,0.036261624816217,0.036261624816217,0.0376261947322711,26.5773632612507,0.00159327409698513,1,"supplied",4001,"ok","normal",40,0
0.0567660484432434,0.0428329343227483,0.0428329219063882,0.042832642368552,0.042832642368552,0.044749695072763,22.346680118297,0.00159280299495883,1,"supplied",4001,"ok","normal",40,0
0.0619217971685331,0.0505280604253069,0.0505280362794504,0.0505275785303936,0.0505275785303936,0.0532170128671106,18.7911720506946,0.00159224354399765,1,"supplied",4001,"ok","normal",40,0
0.0675458142628094,0.0595136731308345,0.0595136264286005,0.0595128806407914,0.0595128806407914,0.063279679279286,15.8030851343899,0.0015915794228453,1,"supplied",4001,"ok","normal",40,0
0.0736806299728077,0.0699711876388511,0.0699710978772063,0.0699698899461777,0.0699698899461777,0.0752355052970981,13.2918618389885,0.00159079139608314,1,"supplied",4001,"ok","normal",40,0
0.0803726373342267,0.0820945077720396,0.0820943365100791,0.0820923933986964,0.0820923933986964,0.0894367758632515,11.1813965776746,0.00158985683479419,1,"supplied",4001,"ok","normal",40,0
0.0876724430076553,0.0960858631717705,0.0960855391669931,0.096082438031098,0.096082438031098,0.106299768149361,9.4077292426358,0.00158874917504018,1,"supplied",4001,"ok","normal",40,0
0.0956352499790037,0.112149508435213,0.112148901407056,0.112143996864961,0.112143996864961,0.126315758678644,7.91710682653979,0.001587437313062,1,"supplied",4001,"ok","normal",40,0
0.104321275018513,0.130482935073199,0.130481810407756,0.130474133842827,0.130474133842827,0.150063685160892,6.66435438616997,0.00158588493955818,1,"supplied",4001,"ok","normal",40,0
0.113796204055278,0.151265402213771,0.151263344750853,0.151251470251813,0.151251470251813,0.178224621228261,5.61150597964527,0.00158405039128952,1,"supplied",4001,"ok","normal",40,0
0.124131688910938,0.17464387269385,0.17464016225423,0.174622036646617,0.174622036646617,0.211598202177118,4.72665408790129,0.00158188605018136,1,"supplied",4001,"ok","normal",40,0
0.135405889148965,0.200716863080812,0.20071027804823,0.200683018509515,0.200683018509515,0.251121103160601,3.98298265307679,0.00157933410223549,1,"supplied",4001,"ok","normal",40,0
0.147704063137145,0.229517263596543,0.229505783038775,0.229465455786885,0.229465455786885,0.297887613508264,3.3579544318372,0.00157633004021621,1,"supplied",4001,"ok","normal",40,0
0.161119212793033,0.260995791895506,0.260976164093527,0.260917571387625,0.260917571387625,0.353172267536806,2.83262803912266,0.00157280049041196,1,"supplied",4001,"ok","normal",40,0
0.175752786888082,0.295007288023901,0.29497443799531,0.294890956174474,0.294890956174474,0.418454379758046,2.39108398905372,0.00156866269124427,1,"supplied",4001,"ok","normal",40,0
0.191715448229048,0.331302359992149,0.331248625485954,0.331132149606666,0.331132149606666,0.49544418907813,2.01994234382812,0.00156382421500448,1,"supplied",4001,"ok","normal",40,0
0.209127910518255,0.369526760914181,0.369440979117345,0.369282033522598,0.369282033522598,0.586110143945191,1.70795735839341,0.00155818847834235,1,"supplied",4001,"ok","normal",40,0
0.228121851221297,0.409230186866991,0.409096702327035,0.408884764595808,0.408884764595808,0.692706664710464,1.44567684244367,0.00155164092927556,1,"supplied",4001,"ok","normal",40,0
0.248840907345503,0.449884933650612,0.449682654325316,0.449406708972091,0.449406708972091,0.817801513119952,1.22515592232091,0.00154406182923727,1,"supplied",4001,"ok","normal",40,0
0.271441761659491,0.490913234276082,0.490614911928002,0.490264202849646,0.490264202849646,0.964301701259131,1.03971653281543,0.00153533455663776,1,"supplied",4001,"ok","normal",40,0
0.296095327568091,0.531720484028367,0.531292417340744,0.530857315078571,0.530857315078571,1.13547670972774,0.883745352274165,0.00152532638716628,1,"supplied",4001,"ok","normal",40,0
0.322988041602956,0.571730383229092,0.571132719481911,0.570605577043801,0.570605577043801,1.33497768891442,0.752524055549562,0.00151391829013663,1,"supplied",4001,"ok","normal",40,0
0.352323273302997,0.610417638288307,0.609605376019554,0.608981230826926,0.608981230826926,1.56685132151861,0.64208673334992,0.00150098559916912,1,"supplied",4001,"ok","normal",40,0
0.384322863146529,0.647334378952848,0.64625906062066,0.645536058009921,0.645536058009921,1.83554715946156,0.549100143348818,0.00148642241447289,1,"supplied",4001,"ok","normal",40,0
0.419228800165354,0.682127713554701,0.680739670270264,0.679919132064372,0.679919132064372,2.14591753557001,0.470763143498841,0.00147013768855572,1,"supplied",4001,"ok","normal",40,0
0.457305051927326,0.714547482119083,0.71279838520084,0.711884510898824,0.711884510898824,2.50320959655074,0.40472223329793,0.00145205688225016,1,"supplied",4001,"ok","normal",40,0
0.498839560726195,0.744444843999714,0.742290258107066,0.741289507431832,0.741289507431832,2.91304959622447,0.349000613086323,0.001432136707277,1,"supplied",4001,"ok","normal",40,0
0.544146421074412,0.771763507490694,0.769165140126192,0.768085388049563,0.768085388049563,3.3814202935108,0.301938580734297,0.00141035435881695,1,"supplied",4001,"ok","normal",40,0
0.593568254965675,0.796526009887009,0.793453406991616,0.792302977877394,0.792302977877394,3.91463306658846,0.262143432401369,0.00138672445514058,1,"supplied",4001,"ok","normal",40,0
0.647478802869525,0.81881750909783,0.815249037542164,0.814035714729994,0.814035714729994,4.5192971187263,0.228447329650258,0.00136128779053303,1,"supplied",4001,"ok","normal",40,0
0.706285750051772,0.838769198726457,0.834692259529986,0.833422338248318,0.833422338248318,5.20228884370184,0.19987184660996,0.00133412118812875,1,"supplied",4001,"ok","normal",40,0
0.770433809594098,0.856542898529325,0.851953408314473,0.850630823726602,0.850630823726602,5.97072497456261,0.175598123306904,0.0013053373570717,1,"supplied",4001,"ok","normal",40,0
0.840408085427414,0.872317771511117,0.867219021092808,0.865844549098889,0.865844549098889,6.83194350408029,0.154941728328406,0.00127510446755594,1,"supplied",4001,"ok","normal",40,0
0.916737740811086,0.886279593071911,0.880680638158109,0.879251140768607,0.879251140768607,7.79349649735555,0.137331478610127,0.00124367022282672,1,"supplied",4001,"ok","normal",40,0
1,0.898612602574121,0.892526367081352,0.891034039802237,0.891034039802237,8.86315878885306,0.12229157959212,0.0012114149101961,1,"supplied",4001,"ok","normal",40,0
1.09082451336109,0.909493712688849,0.902934998369184,0.901366575033598,0.901366575033598,10.0489561522075,0.109426539321946,0.00117884803869904,1,"supplied",4001,"ok","normal",40,0
1.18989811894946,0.919088717906593,0.912072321522573,0.910408203584266,0.910408203584266,11.3592158488549,0.0984083799585864,0.00114645836645316,1,"supplied",4001,"ok","normal",40,0
1.29797003655233,0.927550099822858,0.920089242339102,0.918302549031794,0.918302549031794,12.802641515792,0.0889657238285395,0.00111443104435672,1,"supplied",4001,"ok","normal",40,0
1.41585753347947,0.935016041743785,0.927121307711559,0.925176899642955,0.925176899642955,14.3884131843318,0.0808743715779337,0.00108254111919592,1,"supplied",4001,"ok","normal",40,0
1.54445210494638,0.94161031251474,0.933289272244834,0.9311428959539,0.9311428959539,16.126311906575,0.0739490193667429,0.00105029740841997,1,"supplied",4001,"ok","normal",40,0
1.68472621578765,0.947442740116356,0.938700372716944,0.936298213444305,0.936298213444305,18.0268671200495,0.068035787787482,0.00101711848709931,1,"supplied",4001,"ok","normal",40,0
1.83774065448323,0.952610057148309,0.943450004992607,0.940729098717552,0.940729098717552,20.1015236530152,0.0630052810774628,0.000982492131076299,1,"supplied",4001,"ok","normal",40,0
2.00465255511057,0.95719695590045,0.947623526088517,0.94451359277468,0.94451359277468,22.3628243279664,0.0587460123917521,0.000946078154869631,1,"supplied",4001,"ok","normal",40,0
2.18672414788655,0.961277237199046,0.951297938961519,0.947725106154853,0.947725106154853,24.8246036095175,0.0551582874671732,0.000915546769384747,1,"supplied",4001,"ok","normal",40,0
2.3853323044733,0.964914973962303,0.954543266383004,0.950435671549432,0.950435671549432,27.5021877688089,0.052149061671651,0.000884373758550551,1,"supplied",4001,"ok","normal",40,0
2.60197895023158,0.968165638136648,0.957423486380292,0.9527177943397,0.9527177943397,30.4125976293314,0.0496287630410738,0.000849056833140926,1,"supplied",4001,"ok","normal",40,0
2.83830242216217,0.971077159796656,0.959996982565927,0.954643622997749,0.954643622997749,33.5747510607335,0.0475113182653686,0.000810087754558752,1,"supplied",4001,"ok","normal",40,0
3.09608985842665,0.973690901247279,0.962316548576951,0.956280462044052,0.956280462044052,37.0096638580814,0.0457183218639619,0.000768329312474822,1,"supplied",4001,"ok","normal",40,0
3.37729071314047,0.976042538458581,0.964429061130456,0.957682438550353,0.957682438550353,40.7406492867009,0.0441874673129682,0.00072483500750485,1,"supplied",4001,"ok","normal",40,0
3.68403149864039,0.978162848368371,0.966374983834654,0.958878864668305,0.958878864668305,44.7935181688985,0.042884598719276,0.00068061020273413,1,"supplied",4001,"ok","normal",40,0
4.01863186671133,0.980078404523424,0.968187873454625,0.95985957769087,0.95985957769087,49.1967827414131,0.0418190569142371,0.000722406610180075,1,"supplied",4001,"ok","normal",40,0
4.38362215038276,0.981812185951325,0.969894035028758,0.960555275042121,0.960555275042121,53.9818684820363,0.0410645029835988,0.000748307567233878,1,"supplied",4001,"ok","normal",40,0
4.78176249895018,0.983384105589176,0.971512428595765,0.960805258514787,0.960805258514787,59.1833386319909,0.0407936375637667,0.000751446371462453,1,"supplied",4001,"ok","normal",40,0
5.21606375092565,0.984811465385149,0.973054888116633,0.960292518312114,0.960292518312114,64.8391362536202,0.0413493606694746,0.000725756679555502,1,"supplied",4001,"ok","normal",40,0
5.6898102027639,0.986109345542577,0.974526681965337,0.958395178953399,0.958395178953399,70.9908484560724,0.0434109248045618,0.000665398557579398,1,"supplied",4001,"ok","normal",40,0
6.20658444554691,0.987290935415727,0.97592741781012,0.953816247047439,0.953816247047439,77.6839970297611,0.0484199688310241,0.000567519782505692,1,"supplied",4001,"ok","normal",40,0
6.77029445744823,0.988367813364949,0.977252259242985,0.94358335784532,0.94358335784532,84.9683592925437,0.0597897808239307,0.000670689395496964,1,"supplied",4001,"ok","normal",40,0
7.38520315685726,0.989350182489791,0.978493371891208,0.920126573276354,0.920126573276354,92.8983225807734,0.0868069992145056,0.000807721476810775,1,"supplied",4001,"ok","normal",40,0
8.05596063965163,0.990247068629515,0.979641464036632,0.862499056799686,0.862499056799686,101.533275587918,0.159421557758582,0.00095747061583975,1,"supplied",4001,"ok","normal",40,0
8.7876393444041,0.991066486399266,0.980687251446697,0.715987927251246,0.715987927251246,110.938039688869,0.396671594504543,0.00109603098876374,1,"supplied",4001,"ok","normal",40,0
9.58577241145239,0.991815578363498,0.981622673986749,0.414837358325867,0.414837358325867,121.183343480262,1.41058328024177,0.00121928896043353,1,"supplied",4001,"ok","normal",40,0
10.4563955259127,0.992500731777866,0.98244172599528,0.117608214019173,0.117608214019173,132.346343987064,7.50280746408563,0.00135282007811735,1,"supplied",4001,"ok","normal",40,0
11.4060925610648,0.993127676689566,0.98314082614187,0.0157925670975642,0.0157925670975642,144.511198299083,62.3209277391158,0.00156204380051877,1,"supplied",4001,"ok","normal",40,0
12.4420453672751,0.993701568596675,0.983718731171246,0.001197840911978,0.001197840911978,157.76968977896,833.83540259841,0.00201664402604736,1,"supplied",4001,"ok","normal",40,0
13.5720880829745,0.994227058341911,0.98417606988498,5.50378797768239e-05,5.50378797768239e-05,172.221913406799,18168.3045599677,0.0032372471621325,1,"supplied",4001,"ok","normal",40,0
14.8047663784046,0.994708351459757,0.984514613335398,1.55402494339789e-06,1.55402494339789e-06,187.977025287117,643489.31477802,0.00533996529054608,1,"supplied",4001,"ok","normal",40,0
16.1494020801478,0.995149258806379,0.984736389311317,2.70242607632295e-08,2.70242607632295e-08,205.15406184008,37003786.4027862,0.00797500358375806,1,"supplied",4001,"ok","normal",40,0
17.6161636651498,0.995553239974141,0.984842701214263,2.87259469115954e-10,2.87259469115954e-10,223.882834734655,3481173319.68293,0.0110828664730917,1,"supplied",4001,"ok","normal",40,0
19.2161431573264,0.995923440719829,0.984833042796474,1.83286661845754e-12,1.83286661845754e-12,244.30490820145,545593438130.114,0.0146213847541768,1,"supplied",4001,"ok","normal",40,0
20.9614400082677,0.996262725410545,0.98470382505403,6.82798951200458e-15,6.82798951200458e-15,266.574665993681,146455995317780,0.0185691001930784,1,"supplied",4001,"ok","normal",40,0
22.8652525963663,0.996573705306482,0.984446768875201,1.43291764874926e-17,1.43291764874926e-17,290.86047595142,69787681160383720,0.0229215289994605,1,"supplied",4001,"ok","normal",40,0
24.9419780363097,0.996858763348969,0.984046806604988,1.62303890140294e-20,1.62303890140294e-20,317.345960872337,6.1612817729483e+19,0.0276869080938085,1,"supplied",4001,"ok","normal",40,0
27.2073210537206,0.997120075999456,0.983479428752595,9.44570035850467e-24,9.44570035850467e-24,346.231385207089,1.05868274669503e+23,0.032882941487825,1,"supplied",4001,"ok","normal",40,0
29.6784127482837,0.997359632575657,0.982707702817685,2.67210583079505e-27,2.67210583079505e-27,377.735167984742,3.74236674489222e+26,0.0385344715637912,1,"supplied",4001,"ok","normal",40,0
32.3739401434763,0.997579252450599,0.981679930351696,3.45449311542843e-31,3.45449311542843e-31,412.095533339497,2.89478070034011e+30,0.0446717836262518,1,"supplied",4001,"ok","normal",40,0
35.3142875025886,0.997780600415403,0.980330464326437,1.90637192926472e-35,1.90637192926472e-35,449.572311061188,5.24556611776012e+34,0.0513293479794297,1,"supplied",4001,"ok","normal",40,0
38.5216904797049,0.997965200454204,0.97858825101165,4.16617160634464e-40,4.16617160634464e-40,490.44890073632,2.40028518863003e+39,0.0585448975412292,1,"supplied",4001,"ok","normal",40,0
42.0204042713707,0.998134448137401,0.976396998069784,3.32063709166348e-45,3.32063709166348e-45,535.034414292158,3.01147030643764e+44,0.0663587797093817,1,"supplied",4001,"ok","normal",40,0
45.8368870405543,0.998289621805318,0.973740866201021,8.82080063344088e-51,8.82080063344088e-51,583.666013113004,1.13368393817774e+50,0.0748135245336722,1,"supplied",4001,"ok","normal",40,0
50,0.998431892686835,0.970651926632829,7.07574199562032e-57,7.07574199562032e-57,636.711457375551,1.41327934316849e+56,0.0839535612343193,1,"supplied",4001,"ok","normal",40,0
0.02,0.00521870445161963,0.0052187044471413,0.00521870359151874,0.00521870359151874,0.00524608220417211,190.618470461738,0.00179199431956668,1,"supplied",4001,"ok","skew_pos",40,0
0.0218164902672218,0.00620320116881932,0.00620320115987789,0.00620319972346848,0.00620319972346848,0.0062419210608396,160.207126092799,0.00179192867372813,1,"supplied",4001,"ok","skew_pos",40,0
0.0237979623789893,0.00737195967507832,0.0073719596572395,0.00737195724741375,0.00737195724741375,0.007426709074897,134.649186021911,0.0017918505756285,1,"supplied",4001,"ok","skew_pos",40,0
0.0259594007310465,0.00875886582455194,0.00875886578899402,0.00875886174927958,0.00875886174927958,0.00883626145300951,113.170086093921,0.00179175766632269,1,"supplied",4001,"ok","skew_pos",40,0
0.0283171506695894,0.0104037905501256,0.010403790479324,0.0104037837136698,0.0104037837136698,0.0105131673411614,95.1188763167073,0.00179164714127892,1,"supplied",4001,"ok","skew_pos",40,0
0.0308890420989276,0.0123535459411904,0.0123535458003907,0.012353534481913,0.012353534481913,0.0125080648955125,79.9484930376904,0.00179151566674635,1,"supplied",4001,"ok","skew_pos",40,0
0.033694524315753,0.0146629521902397,0.0146629519106567,0.0146629330004206,0.0146629330004206,0.0148811538374945,67.1991795209947,0.00179135928064797,1,"supplied",4001,"ok","skew_pos",40,0
0.0367548130896647,0.0173960099247405,0.0173960093705594,0.0173959778254102,0.0173959778254102,0.0177039886876585,56.4845524658755,0.00179117327522824,1,"supplied",4001,"ok","skew_pos",40,0
0.0400930511022114,0.0206271621965813,0.020627161100393,0.0206271085745753,0.0206271085745753,0.021061603304054,47.4798921954861,0.0017909520582271,1,"supplied",4001,"ok","skew_pos",40,0
0.0437344829577311,0.024442615521455,0.024442613358497,0.0244425260865542,0.0244425260865542,0.0250550258860682,39.9123016360448,0.00179068898883651,1,"supplied",4001,"ok","skew_pos",40,0
0.047706646089466,0.0289416685139801,0.0289416642584869,0.0289415196242682,0.0289415196242682,0.0298042533342877,33.5524358424315,0.0017903761841199,1,"supplied",4001,"ok","skew_pos",40,0
0.0520395790046316,0.0342379684391694,0.0342379600952743,0.0342377211118883,0.0342377211118883,0.0354517648450469,28.2075514235313,0.00179000429094618,1,"supplied",4001,"ok","skew_pos",40,0
0.0567660484432434,0.0404605791207911,0.0404605628260402,0.040460169330899,0.040460169330899,0.0421666668824484,23.7156652218039,0.00178956221781669,1,"supplied",4001,"ok","skew_pos",40,0
0.0619217971685331,0.0477546973696049,0.0477546656965528,0.0477540204491735,0.0477540204491735,0.0501495751543134,19.9406452188532,0.00178903682026928,1,"supplied",4001,"ok","skew_pos",40,0
0.0675458142628094,0.0562817998636577,0.0562817386349709,0.0562806856301391,0.0562806856301391,0.0596383537538287,16.7680848910001,0.00178841253286407,1,"supplied",4001,"ok","skew_pos",40,0
0.0736806299728077,0.0662189408365059,0.0662188232237016,0.0662171143411341,0.0662171143411341,0.0709148468869422,14.1018359822847,0.00178767094014837,1,"supplied",4001,"ok","skew_pos",40,0
0.0803726373342267,0.0777568590986637,0.077756634839846,0.0777538794186515,0.0777538794186515,0.0843127540343315,11.8610946164587,0.00178679027855299,1,"supplied",4001,"ok","skew_pos",40,0
0.0876724430076553,0.0910965019700834,0.0910960779887582,0.0910916680994338,0.0910916680994338,0.100226814142028,9.97795243916733,0.00178574486101862,1,"supplied",4001,"ok","skew_pos",40,0
0.0956352499790037,0.106443551288868,0.106442757511756,0.106435759822119,0.106435759822119,0.119123477249146,8.39533857484785,0.00178450441647516,1,"supplied",4001,"ok","skew_pos",40,0
0.104321275018513,0.124000567617223,0.123999098001599,0.123988101686266,0.123988101686266,0.141553251101925,7.06529002702496,0.00178303333736097,1,"supplied",4001,"ok","skew_pos",40,0
0.113796204055278,0.143956483792946,0.143953797144278,0.143936707134147,0.143936707134147,0.168164913427282,5.94749810462187,0.00178128983052513,1,"supplied",4001,"ok","skew_pos",40,0
0.124131688910938,0.166473409783033,0.166468567779341,0.166442335069269,0.166442335069269,0.199721774610333,5.00808682228487,0.00177922497057733,1,"supplied",4001,"ok","skew_pos",40,0
0.135405889148965,0.191671080174752,0.191662491648739,0.191622778948628,0.191622778948628,0.237120156750286,4.21858625308888,0.00177678166063693,1,"supplied",4001,"ok","skew_pos",40,0
0.147704063137145,0.219609782072517,0.219594814725475,0.219535607878714,0.219535607878714,0.281410218923226,3.5550697204094,0.00177389600448922,1,"supplied",4001,"ok","skew_pos",40,0
0.161119212793033,0.25027320032847,0.250247617034605,0.250160810792785,0.250160810792785,0.333819199791336,2.99742868129864,0.00177049016829482,1,"supplied",4001,"ok","skew_pos",40,0
0.175752786888082,0.28355320683271,0.283510388752507,0.283385398045927,0.283385398045927,0.39577706193529,2.52876332688791,0.00176647487422121,1,"supplied",4001,"ok","skew_pos",40,0
0.191715448229048,0.319239040898708,0.319168980025866,0.318992450081274,0.318992450081274,0.468944402041139,2.13487043265512,0.00176174899110689,1,"supplied",4001,"ok","skew_pos",40,0
0.209127910518255,0.357013386980208,0.356901471592161,0.356657174246942,0.356657174246942,0.55524233281233,1.80381293916612,0.00175619767256301,1,"supplied",4001,"ok","skew_pos",40,0
0.228121851221297,0.39645738966811,0.396283067737178,0.395952067739836,0.395952067739836,0.656883843628035,1.52555822149932,0.00174969167179286,1,"supplied",4001,"ok","skew_pos",40,0
0.248840907345503,0.437065596724127,0.436801076414486,0.43636222322379,0.43636222322379,0.776405908362892,1.29167408812826,0.00174209089262634,1,"supplied",4001,"ok","skew_pos",40,0
0.271441761659491,0.478270306926052,0.477879521509934,0.477310268640742,0.477310268640742,0.916701336487405,1.09507330074365,0.00173324044818139,1,"supplied",4001,"ok","skew_pos",40,0
0.296095327568091,0.519473128285023,0.518911229985788,0.518188714461148,0.518188714461148,1.08104907105621,0.929798878464338,0.00172296409226424,1,"supplied",4001,"ok","skew_pos",40,0
0.322988041602956,0.56008015031485,0.559293780313311,0.558396026870461,0.558396026870461,1.27314134771527,0.79084368777571,0.00171108752157223,1,"supplied",4001,"ok","skew_pos",40,0
0.352323273302997,0.599536403749824,0.598464903247319,0.597371971613854,0.597371971613854,1.49710587769702,0.67399886087459,0.00169742644589665,1,"supplied",4001,"ok","skew_pos",40,0
0.384322863146529,0.637355443337879,0.635933033049606,0.634627915765092,0.634627915765092,1.75752105368483,0.575726461377647,0.00168179436887604,1,"supplied",4001,"ok","skew_pos",40,0
0.419228800165354,0.67314089165411,0.671299684124112,0.66976878835947,0.66976878835947,2.05942216222953,0.493052553925957,0.00166401120280145,1,"supplied",4001,"ok","skew_pos",40,0
0.457305051927326,0.706598321300038,0.704271881632935,0.702504979213874,0.702504979213874,2.40829679104398,0.423477455090828,0.00164392215933709,1,"supplied",4001,"ok","skew_pos",40,0
0.498839560726195,0.737537500683579,0.7346645718698,0.732654157040273,0.732654157040273,2.81006811489063,0.364900465507127,0.00162138301470157,1,"supplied",4001,"ok","skew_pos",40,0
0.544146421074412,0.765866390928495,0.762394368971379,0.760134402928852,0.760134402928852,3.27106558501218,0.315556822776246,0.00159628777817939,1,"supplied",4001,"ok","skew_pos",40,0
0.593568254965675,0.79157911911519,0.787466899810888,0.784950930291358,0.784950930291358,3.79798375169847,0.273964984828822,0.00156856807462702,1,"supplied",4001,"ok","skew_pos",40,0
0.647478802869525,0.814740418467145,0.809960325597661,0.807178941842341,0.807178941842341,4.39783147368632,0.238882666732553,0.00153818034656075,1,"supplied",4001,"ok","skew_pos",40,0
0.706285750051772,0.835468824257301,0.830007445133718,0.826944960385011,0.826944960385011,5.07787548764523,0.209270323788439,0.00150511815414772,1,"supplied",4001,"ok","skew_pos",40,0
0.770433809594098,0.853920425597719,0.847778303112007,0.844408441989589,0.844408441989589,5.84558401879069,0.184261016675541,0.0014693732560826,1,"supplied",4001,"ok","skew_pos",40,0
0.840408085427414,0.870274380087432,0.863464626013714,0.859744813387972,0.859744813387972,6.7085775398412,0.16313583336354,0.00143090037935442,1,"supplied",4001,"ok","skew_pos",40,0
0.916737740811086,0.884720838132905,0.877266832647648,0.873130388895744,0.873130388895744,7.67459464315758,0.145304312755291,0.00138957349545803,1,"supplied",4001,"ok","skew_pos",40,0
1,0.897451474685314,0.88938389865367,0.884728952085531,0.884728952085531,8.75148103720989,0.130289675321177,0.00134509867166947,1,"supplied",4001,"ok","skew_pos",40,0
1.09082451336109,0.908652514023768,0.900006021259723,0.894679074464249,0.894679074464249,9.94720877441766,0.117719223061989,0.0012969174254826,1,"supplied",4001,"ok","skew_pos",40,0
1.18989811894946,0.918499948967331,0.909309821857542,0.903080305881012,0.903080305881012,11.2699309672721,0.107321235429264,0.00124408232804589,1,"supplied",4001,"ok","skew_pos",40,0
1.29797003655233,0.927156573062701,0.917455711538366,0.909974821574788,0.909974821574788,12.7280746121508,0.0989315047963809,0.00118506129897913,1,"supplied",4001,"ok","skew_pos",40,0
1.41585753347947,0.93477043208895,0.92458699799832,0.915318131885784,0.915318131885784,14.3304710122201,0.0925163231932819,0.00111754857251102,1,"supplied",4001,"ok","skew_pos",40,0
1.54445210494638,0.941474332059579,0.930830306388284,0.918926258947956,0.918926258947956,16.0865200721502,0.0882266017132456,0.00103820726447897,1,"supplied",4001,"ok","skew_pos",40,0
1.68472621578765,0.947386093458243,0.936296905204758,0.920373282667402,0.920373282667402,18.0063818813066,0.0865156766630881,0.000942576555750375,1,"supplied",4001,"ok","skew_pos",40,0
1.83774065448323,0.952609300967417,0.941084561451207,0.918782993667313,0.918782993667313,20.1011869504703,0.0883962882339713,0.000825588485533222,1,"supplied",4001,"ok","skew_pos",40,0
2.00465255511057,0.957234355286128,0.94527959134323,0.912390874658795,0.912390874658795,22.3832555709285,0.0960214835269673,0.000683812571271249,1,"supplied",4001,"ok","skew_pos",40,0
2.18672414788655,0.961339683877097,0.948958820407915,0.897609720428356,0.897609720428356,24.8663172029153,0.11406993177701,0.000532126062420398,1,"supplied",4001,"ok","skew_pos",40,0
2.3853323044733,0.964993008694691,0.952191219316157,0.867098499816716,0.867098499816716,27.5657225232134,0.153271514379711,0.000804220055439552,1,"supplied",4001,"ok","skew_pos",40,0
2.60197895023158,0.968252601086335,0.955039043099939,0.806407510044541,0.806407510044541,30.4986434863352,0.240067816264219,0.00126085965358122,1,"supplied",4001,"ok","skew_pos",40,0
2.83830242216217,0.97116847816876,0.957558380372088,0.691879670940326,0.691879670940326,33.6842600211429,0.445338029141557,0.00182880898507192,1,"supplied",4001,"ok","skew_pos",40,0
3.09608985842665,0.973783512553042,0.959799124975026,0.50560966049181,0.50560966049181,37.1439352629996,0.977810311273114,0.00247078319415408,1,"supplied",4001,"ok","skew_pos",40,0
3.37729071314047,0.976134439866064,0.961804513741082,0.284181238761129,0.284181238761129,40.9013840189753,2.51888113500892,0.00316214491821163,1,"supplied",4001,"ok","skew_pos",40,0
3.68403149864039,0.97825275742736,0.963610505878667,0.116870202053011,0.116870202053011,44.9828411192745,7.55650099369567,0.00389535708934243,1,"supplied",4001,"ok","skew_pos",40,0
4.01863186671133,0.980165513726772,0.965245360832885,0.0365708365303424,0.0365708365303424,49.4172372414689,26.3441926648386,0.00467076389837308,1,"supplied",4001,"ok","skew_pos",40,0
4.38362215038276,0.981895992747936,0.966729745476137,0.00925588591855701,0.00925588591855701,54.2363897162057,107.039360985977,0.00548893146533233,1,"supplied",4001,"ok","skew_pos",40,0
4.78176249895018,0.983464300186969,0.96807754668677,0.00195672069180527,0.00195672069180527,59.475214917237,510.059143079537,0.00634883193839041,1,"supplied",4001,"ok","skew_pos",40,0
5.21606375092565,0.98488786053924,0.96929732842329,0.000347708882732149,0.000347708882732149,65.1719674170968,2874.96909271464,0.00724925598055497,1,"supplied",4001,"ok","skew_pos",40,0
5.6898102027639,0.986181835075174,0.970394155468301,5.16286284513499e-05,5.16286284513499e-05,71.3685095264282,19368.0986957422,0.0081909989529134,1,"supplied",4001,"ok","skew_pos",40,0
6.20658444554691,0.987359471049652,0.9713714059863,6.33483860192495e-06,6.33483860192495e-06,78.1106134820756,157856.218287477,0.0091788465442532,1,"supplied",4001,"ok","skew_pos",40,0
6.77029445744823,0.988432392226384,0.972232241580471,6.33436908334389e-07,6.33436908334389e-07,85.4482976576041,1578688.19041911,0.010223044950929,1,"supplied",4001,"ok","skew_pos",40,0
7.38520315685726,0.989410840092564,0.972980548865331,5.0778970624039e-08,5.0778970624039e-08,93.4361978420706,19693190.6443102,0.0113399925269812,1,"supplied",4001,"ok","skew_pos",40,0
8.05596063965163,0.990303874143207,0.973621329549712,3.20211506629108e-09,3.20211506629108e-09,102.1339748235,312293585.987888,0.0125518946748144,1,"supplied",4001,"ok","skew_pos",40,0
8.7876393444041,0.9911195384778,0.974160635645921,1.55415576258047e-10,1.55415576258047e-10,111.606760076625,6434361496.58652,0.0138853151010522,1,"supplied",4001,"ok","skew_pos",40,0
9.58577241145239,0.991865000801752,0.974605204369066,5.66359891556279e-12,5.66359891556279e-12,121.9256421089,176566175483.662,0.015368870117754,1,"supplied",4001,"ok","skew_pos",40,0
10.4563955259127,0.992546668854427,0.974961956545802,1.5071037137896e-13,1.5071037137896e-13,133.168196806068,6635243419879.58,0.0170305888141615,1,"supplied",4001,"ok","skew_pos",40,0
11.4060925610648,0.993170288348052,0.975237503177706,2.83950247983024e-15,2.83950247983024e-15,145.419065834917,352174371074958,0.0188955890904896,1,"supplied",4001,"ok","skew_pos",40,0
12.4420453672751,0.993741025716994,0.975437767759462,3.66176976844652e-17,3.66176976844652e-17,158.770587764687,27309199191522168,0.0209846604925346,1,"supplied",4001,"ok","skew_pos",40,0
13.5720880829745,0.994263538340044,0.975567776786645,3.11537023595797e-19,3.11537023595797e-19,173.323487068788,3209891358843586048,0.0233141032617863,1,"supplied",4001,"ok","skew_pos",40,0
14.8047663784046,0.994742034390724,0.97563159990695,1.68042726541943e-21,1.68042726541943e-21,189.187626605208,5.9508675000605e+20,0.0258967950181343,1,"supplied",4001,"ok","skew_pos",40,0
16.1494020801478,0.995180324068515,0.97563235276777,5.50528946528325e-24,5.50528946528325e-24,206.482829595964,1.81643491465085e+23,0.0287440674196191,1,"supplied",4001,"ok","skew_pos",40,0
17.6161636651498,0.995581863644486,0.975572138361725,1.0458574289852e-26,1.0458574289852e-26,225.339777574329,9.56153269351736e+25,0.0318677553186256,1,"supplied",4001,"ok","skew_pos",40,0
19.2161431573264,0.99594979349874,0.97545181059028,1.09582446810407e-29,1.09582446810407e-29,245.900991267705,9.12554911034377e+28,0.0352818428915727,1,"supplied",4001,"ok","skew_pos",40,0
20.9614400082677,0.996286971119762,0.975270480431432,5.99791196145158e-33,5.99791196145158e-33,268.321901944343,1.66724687929228e+32,0.0390034161172244,1,"supplied",4001,"ok","skew_pos",40,0
22.8652525963663,0.996595999866442,0.975024716581996,1.61666794649008e-36,1.61666794649008e-36,292.772021376099,6.18556211355016e+35,0.0430529527159468,1,"supplied",4001,"ok","skew_pos",40,0
24.9419780363097,0.996879254154513,0.974707397787298,2.01235651289124e-40,2.01235651289124e-40,319.43621926028,4.9692984001292e+39,0.0474541760776798,1,"supplied",4001,"ok","skew_pos",40,0
27.2073210537206,0.997138901614723,0.974306174182213,1.07857213828404e-44,1.07857213828404e-44,348.516117707049,9.27151707804129e+43,0.0522337289804511,1,"supplied",4001,"ok","skew_pos",40,0
29.6784127482837,0.997376922675721,0.97380157785891,2.30621308199173e-49,2.30621308199173e-49,380.231613244457,4.33611277209633e+48,0.0574208475614262,1,"supplied",4001,"ok","skew_pos",40,0
32.3739401434763,0.99759512794699,0.973165171993205,1.81004841471505e-54,1.81004841471505e-54,414.822537730518,5.52471410085141e+53,0.0630471179416264,1,"supplied",4001,"ok","skew_pos",40,0
35.3142875025886,0.997795173713132,0.972359006177836,4.76174895078771e-60,4.76174895078771e-60,452.550470599781,2.100068714951e+59,0.0691463256797199,1,"supplied",4001,"ok","skew_pos",40,0
38.5216904797049,0.997978575798212,0.971339013500643,3.80262339365562e-66,3.80262339365562e-66,493.700716017815,2.62976344612096e+65,0.0757543722887235,1,"supplied",4001,"ok","skew_pos",40,0
42.0204042713707,0.998146722015653,0.970065135696193,8.27331070009658e-73,8.27331070009658e-73,538.584459776652,1.20870596578505e+72,0.0829092238956312,1,"supplied",4001,"ok","skew_pos",40,0
45.8368870405543,0.998300883383715,0.968515576274606,4.35834581074458e-80,4.35834581074458e-80,587.541122143018,2.29444849817725e+79,0.090650861440624,1,"supplied",4001,"ok","skew_pos",40,0
50,0.998442224257671,0.966691885754981,4.88785859385297e-88,4.88785859385297e-88,640.940924375387,2.04588569983921e+87,0.0990212097503971,1,"supplied",4001,"ok","skew_pos",40,0
0.02,0.00417427549970841,0.00417427549913631,0.00417427536260767,0.00417427536260767,0.00419177311552489,238.562537957558,0.00133507592545337,1,"supplied",4001,"ok","bimodal",40,0
0.0218164902672218,0.0049627679382877,0.00496276793714403,0.0049627677077538,0.0049627677077538,0.00498751984185041,200.500464838926,0.00133507828657367,1,"supplied",4001,"ok","bimodal",40,0
0.0237979623789893,0.0058992602595736,0.00589926025728857,0.00589925987207314,0.00589925987207314,0.00593426805125805,168.5127900254,0.00133508109615912,1,"supplied",4001,"ok","bimodal",40,0
0.0259594007310465,0.00701114402528849,0.00701114402072606,0.00701114337422638,0.00701114337422638,0.00706064723999988,141.630088506832,0.00133508443940933,1,"supplied",4001,"ok","bimodal",40,0
0.0283171506695894,0.00833072082737552,0.00833072081827261,0.00833071973404758,0.00833071973404758,0.00840070475342955,119.037647637215,0.00133508841771732,1,"supplied",4001,"ok","bimodal",40,0
0.0308890420989276,0.00989601685573616,0.00989601683759049,0.0098960150208263,0.0098960150208263,0.00999492682001892,100.050776286767,0.00133509315174975,1,"supplied",4001,"ok","bimodal",40,0
0.033694524315753,0.011751705431003,0.0117517053948696,0.0117517023537285,0.0117517023537285,0.0118914502515061,84.0940544526915,0.00133509878511365,1,"supplied",4001,"ok","bimodal",40,0
0.0367548130896647,0.0139501400854579,0.0139501400135958,0.0139501349290546,0.0139501349290546,0.014147499687964,70.6838944630748,0.00133510548872128,1,"supplied",4001,"ok","bimodal",40,0
0.0400930511022114,0.0165524947947356,0.0165524946520279,0.0165524861631965,0.0165524861631965,0.0168310913466406,59.4138852702043,0.00133511346598595,1,"supplied",4001,"ok","bimodal",40,0
0.0437344829577311,0.0196299987767143,0.0196299984938146,0.0196299843452759,0.0196299843452759,0.020023051248223,49.9424756744983,0.00133512295900641,1,"supplied",4001,"ok","bimodal",40,0
0.047706646089466,0.0232652397897336,0.0232652392300837,0.023265215695334,0.023265215695334,0.0238194039339044,41.9826232043297,0.00133513425592646,1,"supplied",4001,"ok","bimodal",40,0
0.0520395790046316,0.0275534907936414,0.0275534896892155,0.0275534506333995,0.0275534506333995,0.0283341968250043,35.293094948617,0.00133514769969062,1,"supplied",4001,"ok","bimodal",40,0
0.0567660484432434,0.032603988780261,0.0326039866070463,0.0326039219735869,0.0326039219735869,0.0337028356558472,29.6711567034825,0.00133516369845541,1,"supplied",4001,"ok","bimodal",40,0
0.0619217971685331,0.038541060192577,0.0385410559307807,0.0385409493173538,0.0385409493173538,0.0400860178181885,24.9464288688326,0.00133518273795972,1,"supplied",4001,"ok","bimodal",40,0
0.0675458142628094,0.0455049436954085,0.0455049353710811,0.0455047601839103,0.0455047601839103,0.0476743628946437,20.9757228904941,0.00133520539620563,1,"supplied",4001,"ok","bimodal",40,0
0.0736806299728077,0.0536521081754403,0.0536520919918784,0.0536518054135698,0.0536518054135698,0.0566938529043468,17.6387017602035,0.00133523236085035,1,"supplied",4001,"ok","bimodal",40,0
0.0803726373342267,0.0631548036401779,0.063154772348774,0.0631543060039585,0.0631543060039585,0.0674122084262911,14.8342330598537,0.00133526444975591,1,"supplied",4001,"ok","bimodal",40,0
0.0876724430076553,0.0741995201544972,0.074199460035674,0.0741987057783239,0.0741987057783239,0.0801463401346255,12.4773240248637,0.00133530551652557,1,"supplied",4001,"ok","bimodal",40,0
0.0956352499790037,0.0869839747182029,0.0869838600649905,0.0869826487519081,0.0869826487519081,0.0952710273528395,10.4965457404292,0.00133535694587465,1,"supplied",4001,"ok","bimodal",40,0
0.104321275018513,0.101712213836616,0.101711997039888,0.101710067554995,0.101710067554995,0.113228984522914,8.83186840829982,0.00133541810146748,1,"supplied",4001,"ok","bimodal",40,0
0.113796204055278,0.118587433417025,0.11858702748473,0.118583982781284,0.118583982781284,0.134542480914199,7.43284207989876,0.00133549080306508,1,"supplied",4001,"ok","bimodal",40,0
0.124131688910938,0.137802207023801,0.137801455441481,0.137796702244033,0.137796702244033,0.159826675672788,6.25706772161378,0.00133557719781637,1,"supplied",4001,"ok","bimodal",40,0
0.135405889148965,0.159526010738308,0.159524636832808,0.159517306315703,0.159517306315703,0.189804815825939,5.26891227727282,0.00133567981053571,1,"supplied",4001,"ok","bimodal",40,0
0.147704063137145,0.183890264538329,0.18388778891599,0.183876637721533,0.183876637721533,0.225325414644518,4.4384287878617,0.00133580491705143,1,"supplied",4001,"ok","bimodal",40,0
0.161119212793033,0.210971583175565,0.210967193680445,0.210950488655572,0.210950488655572,0.267381476607207,3.74044884358028,0.0013359656053147,1,"supplied",4001,"ok","bimodal",40,0
0.175752786888082,0.240774512986117,0.240766867878036,0.240742264248682,0.240742264248682,0.317131757434947,3.1538198667394,0.00133615569505964,1,"supplied",4001,"ok","bimodal",40,0
0.191715448229048,0.273215638943739,0.273202582403782,0.273167013452851,0.273167013452851,0.37592393780552,2.66076411408511,0.00133638487629156,1,"supplied",4001,"ok","bimodal",40,0
0.209127910518255,0.308111431922091,0.308089604223443,0.308039209418814,0.308039209418814,0.445319443242191,2.24633997693582,0.00133667536690401,1,"supplied",4001,"ok","bimodal",40,0
0.228121851221297,0.3451723805366,0.345136716361684,0.345066841416525,0.345066841416525,0.52711945904092,1.8979892588199,0.00133702114829811,1,"supplied",4001,"ok","bimodal",40,0
0.248840907345503,0.384005634255155,0.383948763989877,0.383854066618473,0.383854066618473,0.623391471756118,1.60515671700292,0.00133745397069416,1,"supplied",4001,"ok","bimodal",40,0
0.271441761659491,0.424127479229984,0.424039079257098,0.423913764757053,0.423913764757053,0.736495428993331,1.3589703452378,0.00133798099743295,1,"supplied",4001,"ok","bimodal",40,0
0.296095327568091,0.464985542257181,0.46485171647757,0.464689906325664,0.464689906325664,0.869108368059653,1.15197271640151,0.00133862085514887,1,"supplied",4001,"ok","bimodal",40,0
0.322988041602956,0.505988934004451,0.505791740263882,0.505587947376994,0.505587947376994,1.02424615324105,0.977895250842176,0.00133939738970954,1,"supplied",4001,"ok","bimodal",40,0
0.352323273302997,0.546543011783,0.546260260843848,0.546009914275047,0.546009914275047,1.20528082262447,0.831468575671797,0.00134033216136015,1,"supplied",4001,"ok","bimodal",40,0
0.384322863146529,0.58608449601717,0.585689936049765,0.585389875518032,0.585389875518032,1.41595202493667,0.708263230748679,0.00134144101515794,1,"supplied",4001,"ok","bimodal",40,0
0.419228800165354,0.624112600412085,0.623576552583035,0.623225408014084,0.623225408014084,1.66037116725993,0.604555891240881,0.00134272925439811,1,"supplied",4001,"ok","bimodal",40,0
0.457305051927326,0.660212657698618,0.659503094775458,0.659101481487036,0.659101481487036,1.94301722138027,0.517217041818573,0.00134421099161293,1,"supplied",4001,"ok","bimodal",40,0
0.498839560726195,0.694070191129606,0.69315416752469,0.69270466043595,0.69270466043595,2.26872364511445,0.443616676940871,0.00134584177544187,1,"supplied",4001,"ok","bimodal",40,0
0.544146421074412,0.725475077204858,0.724320346991481,0.723827238310934,0.723827238310934,2.64265652028333,0.381545135457351,0.00134758015357642,1,"supplied",4001,"ok","bimodal",40,0
0.593568254965675,0.754316940452304,0.752893559038498,0.752362442397671,0.752362442397671,3.07028470681293,0.329146623551733,0.00134932997530774,1,"supplied",4001,"ok","bimodal",40,0
0.647478802869525,0.780573922143213,0.77885562887044,0.77829287993207,0.77829287993207,3.55734345601652,0.284863353866582,0.00135094602200887,1,"supplied",4001,"ok","bimodal",40,0
0.706285750051772,0.804297372139491,0.802262595538653,0.801674830241335,0.801674830241335,4.10979341939533,0.247388544927825,0.00135224072015832,1,"supplied",4001,"ok","bimodal",40,0
0.770433809594098,0.825594900256024,0.823227305185066,0.822620892193047,0.822620892193047,4.73377728901269,0.21562679660867,0.00135300185095582,1,"supplied",4001,"ok","bimodal",40,0
0.840408085427414,0.844613764318832,0.84190235364339,0.841283040832177,0.841283040832177,5.43557645641062,0.188660595143846,0.00135298048692286,1,"supplied",4001,"ok","bimodal",40,0
0.916737740811086,0.861525960506252,0.858464833203908,0.857837524247382,0.857837524247382,6.2215702210749,0.165721913222836,0.0013519659928422,1,"supplied",4001,"ok","bimodal",40,0
1,0.876515775403097,0.873103708859166,0.872472400271493,0.872472400271493,7.0982004240976,0.146168061807828,0.00134982063325307,1,"supplied",4001,"ok","bimodal",40,0
1.09082451336109,0.889770056369462,0.886010108652885,0.885377974030072,0.885377974030072,8.07194512728537,0.129461122065404,0.00134654445702351,1,"supplied",4001,"ok","bimodal",40,0
1.18989811894946,0.901471097539777,0.897370408213092,0.896739997511824,0.896739997511824,9.1493061937202,0.115150436887716,0.00134230078721367,1,"supplied",4001,"ok","bimodal",40,0
1.29797003655233,0.911791821384977,0.907361728034646,0.906735236685786,0.906735236685786,10.3368172396395,0.102857768773944,0.00133746581349719,1,"supplied",4001,"ok","bimodal",40,0
1.41585753347947,0.920892835401195,0.916149327310626,0.915528882935671,0.915528882935671,11.6410800471934,0.0922648303497212,0.00133261704145503,1,"supplied",4001,"ok","bimodal",40,0
1.54445210494638,0.928920927129318,0.92388534479039,0.923273258106875,0.923273258106875,13.0688385429472,0.0831029613599435,0.00132850075089274,1,"supplied",4001,"ok","bimodal",40,0
1.68472621578765,0.936008596878172,0.930708379827089,0.930107311283184,0.930107311283184,14.6270991291779,0.0751447578886262,0.00132586749245511,1,"supplied",4001,"ok","bimodal",40,0
1.83774065448323,0.942274290890061,0.936743503581114,0.936156509375522,0.936156509375522,16.3233038696068,0.0681974541490569,0.00132537381305046,1,"supplied",4001,"ok","bimodal",40,0
2.00465255511057,0.947823070222445,0.94210242207207,0.941532863463535,0.941532863463535,18.1655584999595,0.062097818148786,0.00132740883614275,1,"supplied",4001,"ok","bimodal",40,0
2.18672414788655,0.952747520824703,0.94688365907659,0.946334986242765,0.946334986242765,20.1629107605171,0.0567082634980044,0.00133197768792484,1,"supplied",4001,"ok","bimodal",40,0
2.3853323044733,0.957128771687688,0.951172762709368,0.950648213837682,0.950648213837682,22.3256671051063,0.0519138262124212,0.00133870228519467,1,"supplied",4001,"ok","bimodal",40,0
2.60197895023158,0.96103753755365,0.955042636352631,0.954544915041681,0.954544915041681,24.6657289404375,0.0476196397278322,0.0013468773048173,1,"supplied",4001,"ok","bimodal",40,0
2.83830242216217,0.964535139781246,0.958554128718864,0.95808512839799,0.95808512839799,27.1969248950036,0.0437485880530221,0.00135553521249373,1,"supplied",4001,"ok","bimodal",40,0
3.09608985842665,0.967674484259789,0.961756982515512,0.961317610650917,0.961317610650917,29.9353146299858,0.0402389271979428,0.00136366073849485,1,"supplied",4001,"ok","bimodal",40,0
3.37729071314047,0.970500990310228,0.964691153728116,0.964281274920545,0.964281274920545,32.8994430835665,0.0370418113557145,0.00137020973387221,1,"supplied",4001,"ok","bimodal",40,0
3.68403149864039,0.973053471359883,0.967388410027583,0.96700688653186,0.96700688653186,36.1105315031645,0.0341187988706772,0.00137429628472101,1,"supplied",4001,"ok","bimodal",40,0
4.01863186671133,0.975364969169333,0.969874036449425,0.969518808663832,0.969518808663832,39.5926019282735,0.0314395049005563,0.00137521791407433,1,"supplied",4001,"ok","bimodal",40,0
4.38362215038276,0.977463540926381,0.972168445875171,0.971836569801223,0.971836569801223,43.372543030533,0.028979594999741,0.00137249062348026,1,"supplied",4001,"ok","bimodal",40,0
4.78176249895018,0.979372994849737,0.974288518095812,0.973976058857409,0.973976058857409,47.4801352748598,0.0267192821691328,0.00136593635721382,1,"supplied",4001,"ok","bimodal",40,0
5.21606375092565,0.981113566907622,0.976248564359154,0.975950222185051,0.975950222185051,51.9480603938693,0.0246424226033821,0.00135568643248729,1,"supplied",4001,"ok","bimodal",40,0
5.6898102027639,0.982702530068722,0.978060912582503,0.977769204037437,0.977769204037437,56.8119230137659,0.0227362406903045,0.00134249539098573,1,"supplied",4001,"ok","bimodal",40,0
6.20658444554691,0.984154728619088,0.979736202535044,0.979439881152573,0.979439881152573,62.1103107015653,0.020991710918727,0.00132799966738559,1,"supplied",4001,"ok","bimodal",40,0
6.77029445744823,0.985483033217038,0.981283538155124,0.980964596086741,0.980964596086741,67.8849134223864,0.0194047817721398,0.0013139914552104,1,"supplied",4001,"ok","bimodal",40,0
7.38520315685726,0.986698716697933,0.982710641656158,0.982338406011651,0.982338406011651,74.1807158219551,0.017979134156076,0.00130054752671689,1,"supplied",4001,"ok","bimodal",40,0
8.05596063965163,0.987811755137321,0.984024091117116,0.983542891823417,0.983542891823417,81.0462676346502,0.0167324763499357,0.00128516000670484,1,"supplied",4001,"ok","bimodal",40,0
8.7876393444041,0.988831062395662,0.985229632022116,0.984531263188246,0.984531263188246,88.5340304893132,0.0157117781731591,0.00126191601799787,1,"supplied",4001,"ok","bimodal",40,0
9.58577241145239,0.989764668706794,0.98633248370319,0.98519022917211,0.98519022917211,96.7007945667307,0.0150323971851961,0.00126234120168901,1,"supplied",4001,"ok","bimodal",40,0
10.4563955259127,0.990619854671923,0.987337549731386,0.985235869158124,0.985235869158124,105.608156379712,0.0149853769072496,0.00122366821424032,1,"supplied",4001,"ok","bimodal",40,0
11.4060925610648,0.991403251486499,0.988249485356169,0.983907740687765,0.983907740687765,115.323049165562,0.0163554555440193,0.00122762427570255,1,"supplied",4001,"ok","bimodal",40,0
12.4420453672751,0.992120916781114,0.989072639749806,0.978997654479805,0.978997654479805,125.918319329715,0.0214529068829636,0.00228538116910458,1,"supplied",4001,"ok","bimodal",40,0
13.5720880829745,0.992778393572656,0.989810930827225,0.963551637262482,0.963551637262482,137.473345239854,0.037827098546654,0.0035145758791511,1,"supplied",4001,"ok","bimodal",40,0
14.8047663784046,0.993380757896208,0.990467696712804,0.914649259327471,0.914649259327471,150.074697725148,0.0933152679042081,0.00430840865696127,1,"supplied",4001,"ok","bimodal",40,0
16.1494020801478,0.993932658985134,0.991045505386099,0.765675869213415,0.765675869213415,163.816844405117,0.30603567411274,0.00446871503301185,1,"supplied",4001,"ok","bimodal",40,0
17.6161636651498,0.994438354511577,0.991545833261504,0.440980455311934,0.440980455311934,178.802902231276,1.26767419724449,0.00419117503948876,1,"supplied",4001,"ok","bimodal",40,0
19.2161431573264,0.994901742411783,0.991968498076251,0.131546127852234,0.131546127852234,195.145444339872,6.60189612820305,0.00367977946139051,1,"supplied",4001,"ok","bimodal",40,0
20.9614400082677,0.99532639015604,0.992310777271071,0.0218374531486808,0.0218374531486808,212.967368562499,44.7928858824093,0.00314323072600582,1,"supplied",4001,"ok","bimodal",40,0
22.8652525963663,0.995715561910784,0.992566232906634,0.00235835060089481,0.00235835060089481,232.40283583909,423.02516386689,0.00279234521989604,1,"supplied",4001,"ok","bimodal",40,0
24.9419780363097,0.996072243807852,0.992723356946509,0.00016384877188324,0.00016384877188324,253.598287439321,6102.18886437923,0.00262755828359151,1,"supplied",4001,"ok","bimodal",40,0
27.2073210537206,0.996399167420967,0.992764301175897,6.6296581092271e-06,6.6296581092271e-06,276.713550422422,150836.340858982,0.00257621249677699,1,"supplied",4001,"ok","bimodal",40,0
29.6784127482837,0.996698831505415,0.992664371974738,1.37123368938488e-07,1.37123368938488e-07,301.923041232304,7292701.97062633,0.00258621685166274,1,"supplied",4001,"ok","bimodal",40,0
32.3739401434763,0.996973522050802,0.992393742444916,1.24644062036106e-09,1.24644062036106e-09,329.417077799927,802284507.114257,0.00262053986479835,1,"supplied",4001,"ok","bimodal",40,0
35.3142875025886,0.997225330707809,0.99192310237449,4.19671324715409e-12,4.19671324715409e-12,359.403311059193,238281707875.546,0.00266002204458761,1,"supplied",4001,"ok","bimodal",40,0
38.5216904797049,0.997456171665631,0.991232409410643,4.41265576234222e-15,4.41265576234222e-15,392.108287414375,226620895410432,0.00277145550732583,1,"supplied",4001,"ok","bimodal",40,0
42.0204042713707,0.997667797070782,0.990316438609469,1.29133668870612e-18,1.29133668870612e-18,427.779154451831,774391379681137280,0.00333318974266372,1,"supplied",4001,"ok","bimodal",40,0
45.8368870405543,0.99786181108748,0.989181089421603,1.04045721193497e-22,1.04045721193497e-22,466.685523082081,9.611159291599e+21,0.00596986397221996,1,"supplied",4001,"ok","bimodal",40,0
50,0.998039682704341,0.987835016498927,2.41925355781826e-27,2.41925355781826e-27,509.121500337886,4.13350637335354e+26,0.0113349820580248,1,"supplied",4001,"ok","bimodal",40,0
0.02,0.00553843783516954,0.00553843782990232,0.00553843688164627,0.00553843688164627,0.00556928296264461,179.556359378922,0.00151887356921576,1,"supplied",4001,"wbar_undefined","heavy_tail",40,0
0.0218164902672218,0.00658273820481033,0.0065827381943003,0.0065827366032454,0.0065827366032454,0.00662635778334952,150.912503913188,0.0015188164621397,1,"supplied",4001,"wbar_undefined","heavy_tail",40,0
0.0237979623789893,0.00782228214521673,0.00782228212426382,0.00782227945671661,0.00782227945671661,0.007883952647243,126.839973697353,0.00151874854195599,1,"supplied",4001,"wbar_undefined","heavy_tail",40,0
0.0259594007310465,0.00929288837317366,0.00929288833144495,0.00929288386312017,0.00929288386312017,0.0093800561882653,106.609221715189,0.001518667768266,1,"supplied",4001,"wbar_undefined","heavy_tail",40,0
0.0283171506695894,0.011036666513821,0.0110366664308182,0.0110366589541149,0.0110366589541149,0.0111598338786897,89.6071306685765,0.001518571718554,1,"supplied",4001,"wbar_undefined","heavy_tail",40,0
0.0308890420989276,0.0131030072763815,0.01310300711152,0.0131029946169169,0.0131029946169169,0.0132769755840678,75.3184317200994,0.00151845751781429,1,"supplied",4001,"wbar_undefined","heavy_tail",40,0
0.033694524315753,0.0155496809719863,0.0155496806450979,0.0155496597963198,0.0155496597963198,0.0157952927348727,63.3100886513718,0.00151832175570229,1,"supplied",4001,"wbar_undefined","heavy_tail",40,0
0.0367548130896647,0.0184440352892174,0.0184440346423751,0.0184439999154858,0.0184439999154858,0.0187906099624711,53.2181741803408,0.0015181603891938,1,"supplied",4001,"wbar_undefined","heavy_tail",40,0
0.0400930511022114,0.0218642714038658,0.0218642701269643,0.0218642124052429,0.0218642124052429,0.0223530035399549,44.7368407087101,0.00151796862849088,1,"supplied",4001,"wbar_undefined","heavy_tail",40,0
0.0437344829577311,0.0259007605707357,0.0259007580571641,0.0259006623513316,0.0259006623513316,0.0265894474837197,37.6090512449227,0.0015177408036702,1,"supplied",4001,"wbar_undefined","heavy_tail",40,0
0.047706646089466,0.0306573399704199,0.0306573350388569,0.0306571768141567,0.0306571768141567,0.0316269377533476,31.6187895924658,0.00151747020934792,1,"supplied",4001,"wbar_undefined","heavy_tail",40,0
0.0520395790046316,0.0362524954008249,0.0362524857628105,0.0362522250707485,0.0362522250707485,0.0376161756350305,26.5845137242869,0.00151714892445973,1,"supplied",4001,"wbar_undefined","heavy_tail",40,0
0.0567660484432434,0.0428202983249373,0.0428202795744749,0.0428198517691438,0.0428198517691438,0.0447359030388984,22.3536539404978,0.00151676760415949,1,"supplied",4001,"wbar_undefined","heavy_tail",40,0
0.0619217971685331,0.0505109154889689,0.0505108792039789,0.0505101804257009,0.0505101804257009,0.053197994914266,18.7979890701633,0.00151631524087112,1,"supplied",4001,"wbar_undefined","heavy_tail",40,0
0.0675458142628094,0.0594904520161416,0.05949038223222,0.0594892470206444,0.0594892470206444,0.0632534269786729,15.8097605883795,0.00151577889174464,1,"supplied",4001,"wbar_undefined","heavy_tail",40,0
0.0736806299728077,0.0699398274011159,0.0699396941502771,0.0699378614794313,0.0699378614794313,0.0751992499643133,13.2984068835748,0.00151514337023614,1,"supplied",4001,"wbar_undefined","heavy_tail",40,0
0.0803726373342267,0.0820523260638032,0.0820520737207828,0.0820491364555497,0.0820491364555497,0.0893867138547881,11.1878187047313,0.00151439090033178,1,"supplied",4001,"wbar_undefined","heavy_tail",40,0
0.0876724430076553,0.0960294235403096,0.0960289501858165,0.0960242815725825,0.0960242815725825,0.106230696043669,9.41403261365848,0.00151350073313944,1,"supplied",4001,"wbar_undefined","heavy_tail",40,0
0.0956352499790037,0.112074486249638,0.112073607894867,0.112066257524024,0.112066257524024,0.126220594536432,7.92329254223222,0.00151244872723533,1,"supplied",4001,"wbar_undefined","heavy_tail",40,0
0.104321275018513,0.130384004095664,0.13038239416718,0.130370945439068,0.130370945439068,0.149932849337798,6.67042071093494,0.00151120689628175,1,"supplied",4001,"wbar_undefined","heavy_tail",40,0
0.113796204055278,0.151136172141562,0.151133261973812,0.151115644312004,0.151115644312004,0.178045249640166,5.6174485411671,0.00150974292994173,1,"supplied",4001,"wbar_undefined","heavy_tail",40,0
0.124131688910938,0.174476918878666,0.174471739323467,0.174444992283677,0.174444992283677,0.211353168516703,4.73246607373992,0.00150801969677038,1,"supplied",4001,"wbar_undefined","heavy_tail",40,0
0.135405889148965,0.200503898289638,0.200494836828034,0.200454830871949,0.200454830871949,0.250787837314903,3.98865502841787,0.00150599474010129,1,"supplied",4001,"wbar_undefined","heavy_tail",40,0
0.147704063137145,0.229249503752267,0.229233947625279,0.229175078087382,0.229175078087382,0.297436725462168,3.36347620494193,0.00150361977920448,1,"supplied",4001,"wbar_undefined","heavy_tail",40,0
0.161119212793033,0.260664557794832,0.260638394814068,0.260553280510342,0.260553280510342,0.35256602472264,2.83798660312898,0.00150084022704921,1,"supplied",4001,"wbar_undefined","heavy_tail",40,0
0.175752786888082,0.294604858110367,0.294561816974871,0.294441049851065,0.294441049851065,0.417645147542654,2.396265569987,0.00149759473137038,1,"supplied",4001,"wbar_undefined","heavy_tail",40,0
0.191715448229048,0.330823043472349,0.330753878178696,0.330585879902501,0.330585879902501,0.494373035779631,2.02493258421965,0.00149381473569548,1,"supplied",4001,"wbar_undefined","heavy_tail",40,0
0.209127910518255,0.368968100052694,0.368859659224404,0.368630697942343,0.368630697942343,0.58470593972112,1.71274206294238,0.00148942403992178,1,"supplied",4001,"wbar_undefined","heavy_tail",40,0
0.228121851221297,0.408594134394801,0.408428401701584,0.408122801863922,0.408122801863922,0.69088617167616,1.45024290589239,0.00148433878107145,1,"supplied",4001,"wbar_undefined","heavy_tail",40,0
0.248840907345503,0.449178804938585,0.448932040263342,0.44853257977324,0.44853257977324,0.81547117098227,1.22949244959097,0.00147846583461847,1,"supplied",4001,"wbar_undefined","heavy_tail",40,0
0.271441761659491,0.490150224806738,0.489792361624639,0.489280800154957,0.489280800154957,0.96136204948005,1.04381614746235,0.00147170167257611,1,"supplied",4001,"wbar_undefined","heavy_tail",40,0
0.296095327568091,0.530919584268637,0.530414031668977,0.529771665057994,0.529771665057994,1.1318306338602,0.887605672324001,0.00146393258752058,1,"supplied",4001,"wbar_undefined","heavy_tail",40,0
0.322988041602956,0.57091561381615,0.570219564858145,0.569427668374564,0.569427668374564,1.33054390278263,0.756149297863427,0.00145503223453996,1,"supplied",4001,"wbar_undefined","heavy_tail",40,0
0.352323273302997,0.60961664939077,0.608681918149002,0.607721936509129,0.607721936509129,1.56158465374972,0.645489392310226,0.00144486188693711,1,"supplied",4001,"wbar_undefined","heavy_tail",40,0
0.384322863146529,0.64657657724531,0.6453508956638,0.644204259756933,0.644204259756933,1.82946724980958,0.552302681726,0.00143326100877475,1,"supplied",4001,"wbar_undefined","heavy_tail",40,0
0.419228800165354,0.681442165943558,0.679870795229543,0.678518282792019,0.678518282792019,2.1391474108994,0.473799638655458,0.00142004797508238,1,"supplied",4001,"wbar_undefined","heavy_tail",40,0
0.457305051927326,0.713960875813517,0.711988347152182,0.710408938367368,0.710408938367368,2.49602524774915,0.407639946504838,0.00140501434180021,1,"supplied",4001,"wbar_undefined","heavy_tail",40,0
0.498839560726195,0.743979754386537,0.741551557822534,0.739720748434222,0.739720748434222,2.90594110088383,0.351861499243755,0.00138793188284109,1,"supplied",4001,"wbar_undefined","heavy_tail",40,0
0.544146421074412,0.771437152182093,0.768501232346072,0.766388743379294,0.766388743379294,3.37516424715134,0.304820834907656,0.00136852022109301,1,"supplied",4001,"wbar_undefined","heavy_tail",40,0
0.593568254965675,0.796349572636144,0.792857547113909,0.790424304950925,0.790424304950925,3.91037516073232,0.265143282837294,0.00134647068407587,1,"supplied",4001,"wbar_undefined","heavy_tail",40,0
0.647478802869525,0.818796025006171,0.814704096077996,0.811898244447403,0.811898244447403,4.51864273415666,0.231681441410954,0.00132142391292333,1,"supplied",4001,"wbar_undefined","heavy_tail",40,0
0.706285750051772,0.838901919989801,0.834171490560894,0.830923025779743,0.830923025779743,5.20739862285567,0.203480910956336,0.00129295881266574,1,"supplied",4001,"wbar_undefined","heavy_tail",40,0
0.770433809594098,0.856824016427361,0.851422043440008,0.847635408571353,0.847635408571353,5.98441159646483,0.179752509024429,0.00126057626101625,1,"supplied",4001,"wbar_undefined","heavy_tail",40,0
0.840408085427414,0.872737355598119,0.866636484063638,0.862180059750264,0.862180059750264,6.85776536940499,0.159850530862029,0.00122368386074424,1,"supplied",4001,"wbar_undefined","heavy_tail",40,0
0.916737740811086,0.886824617104605,0.880003142905299,0.874693925613304,0.874693925613304,7.83584375344483,0.143257053373082,0.00118153433453715,1,"supplied",4001,"wbar_undefined","heavy_tail",40,0
1,0.899267950614813,0.891709666036802,0.885290332622529,0.885290332622529,8.92732706326788,0.129572935736983,0.00113319731648971,1,"supplied",4001,"wbar_undefined","heavy_tail",40,0
1.09082451336109,0.910243089952422,0.901937073364681,0.894040734039844,0.894040734039844,10.1412034958637,0.118517268761754,0.00107747908372227,1,"supplied",4001,"wbar_undefined","heavy_tail",40,0
1.18989811894946,0.919915422568911,0.910855839118495,0.900950403820338,0.900950403820338,11.4867987330079,0.10993901080421,0.00101287763197232,1,"supplied",4001,"wbar_undefined","heavy_tail",40,0
1.29797003655233,0.92843763948648,0.91862361740454,0.905921554410475,0.905921554410475,12.9738263638059,0.103848335577739,0.000937580330414662,1,"supplied",4001,"wbar_undefined","heavy_tail",40,0
1.41585753347947,0.935948598959012,0.925384231231841,0.908692092749654,0.908692092749654,14.6124609883253,0.100482779567337,0.000849630170403823,1,"supplied",4001,"wbar_undefined","heavy_tail",40,0
1.54445210494638,0.942573076887061,0.931267568912101,0.908728205459354,0.908728205459354,16.413435124033,0.100439046562343,0.000747447179292645,1,"supplied",4001,"wbar_undefined","heavy_tail",40,0
1.68472621578765,0.948422130679934,0.936390073260532,0.905030055645592,0.905030055645592,18.3881603327682,0.104935680049501,0.000630964722736602,1,"supplied",4001,"wbar_undefined","heavy_tail",40,0
1.83774065448323,0.953593859316028,0.94085555852765,0.895776312291452,0.895776312291452,20.5488723100256,0.116350127010992,0.000779389994294725,1,"supplied",4001,"wbar_undefined","heavy_tail",40,0
2.00465255511057,0.958174394281548,0.944756143357895,0.87768489973702,0.87768489973702,22.9087989957985,0.139361062608721,0.00115992966714348,1,"supplied",4001,"wbar_undefined","heavy_tail",40,0
2.18672414788655,0.962239000762778,0.9481731438382,0.84495218399309,0.84495218399309,25.4823500489961,0.183498923304964,0.00166125664226484,1,"supplied",4001,"wbar_undefined","heavy_tail",40,0
2.3853323044733,0.965853204969113,0.951177829067387,0.78791892602716,0.78791892602716,28.28532528735,0.269166112105207,0.00227151172004632,1,"supplied",4001,"wbar_undefined","heavy_tail",40,0
2.60197895023158,0.96907389203024,0.953832002963879,0.693118083370976,0.693118083370976,31.335139002225,0.442755605417919,0.00296344758916102,1,"supplied",4001,"wbar_undefined","heavy_tail",40,0
2.83830242216217,0.97195034040712,0.956188438245584,0.550264997784163,0.550264997784163,34.6510565373786,0.817306214327377,0.00371045342288609,1,"supplied",4001,"wbar_undefined","heavy_tail",40,0
3.09608985842665,0.974525174293106,0.958291244879034,0.371697875655527,0.371697875655527,38.2544393239712,1.69035704935466,0.00449822377952258,1,"supplied",4001,"wbar_undefined","heavy_tail",40,0
3.37729071314047,0.976835226208277,0.96017629351389,0.203463024602497,0.203463024602497,42.1689948277113,3.91489793761636,0.00532433266013445,1,"supplied",4001,"wbar_undefined","heavy_tail",40,0
3.68403149864039,0.978912308987168,0.961871819611059,0.089470232687007,0.089470232687007,46.4210286650862,10.1769017467328,0.0061910842323355,1,"supplied",4001,"wbar_undefined","heavy_tail",40,0
4.01863186671133,0.980783900586045,0.963399295621384,0.0324154447380677,0.0324154447380677,51.0396974671031,29.8494919036428,0.00709942119661714,1,"supplied",4001,"wbar_undefined","heavy_tail",40,0
4.38362215038276,0.982473747404295,0.96477457912815,0.00994779943669179,0.00994779943669179,56.0572627856032,99.5247448306574,0.0080468982831672,1,"supplied",4001,"wbar_undefined","heavy_tail",40,0
4.78176249895018,0.984002392789142,0.966009245019633,0.00262036315247386,0.00262036315247386,61.509348230606,380.62649289886,0.00902886260894703,1,"supplied",4001,"wbar_undefined","heavy_tail",40,0
5.21606375092565,0.985387637589223,0.967111925605067,0.000592582099221154,0.000592582099221154,67.4352038286743,1686.5298820439,0.0100408287063061,1,"supplied",4001,"wbar_undefined","heavy_tail",40,0
5.6898102027639,0.986644939415698,0.968089453565535,0.000114234292116328,0.000114234292116328,73.8779830452774,8752.9387820749,0.0110804703500487,1,"supplied",4001,"wbar_undefined","heavy_tail",40,0
6.20658444554691,0.987787756906397,0.968947653250781,1.85721853913203e-05,1.85721853913203e-05,80.8850388364604,53842.9596057096,0.0121486224143398,1,"supplied",4001,"wbar_undefined","heavy_tail",40,0
6.77029445744823,0.988827844906589,0.969691746284753,2.51442991411907e-06,2.51442991411907e-06,88.5082454225679,397703.463498776,0.0132495158499558,1,"supplied",4001,"wbar_undefined","heavy_tail",40,0
7.38520315685726,0.989775506132677,0.970326472941034,2.7946626523292e-07,2.7946626523292e-07,96.8043522717504,3578248.41470683,0.0143908028467252,1,"supplied",4001,"wbar_undefined","heavy_tail",40,0
8.05596063965163,0.990639804571175,0.970856100219486,2.50972489142709e-08,2.50972489142709e-08,105.835376205977,39845003.662299,0.0155837800285089,1,"supplied",4001,"wbar_undefined","heavy_tail",40,0
8.7876393444041,0.991428745557882,0.971284442446035,1.78905945417305e-09,1.78905945417305e-09,115.669036808203,558952915.666611,0.0168438415978037,1,"supplied",4001,"wbar_undefined","heavy_tail",40,0
9.58577241145239,0.992149427151631,0.971614898490281,9.92452080173517e-11,9.92452080173517e-11,126.379239619156,10076053241.0383,0.0181908702491906,1,"supplied",4001,"wbar_undefined","heavy_tail",40,0
10.4563955259127,0.992808167045823,0.971850409900964,4.19018008524882e-12,4.19018008524882e-12,138.046611117289,238653227224.345,0.0196491624597914,1,"supplied",4001,"wbar_undefined","heavy_tail",40,0
11.4060925610648,0.993410608847834,0.971993231309973,1.31339651621818e-13,1.31339651621818e-13,150.759089255364,7613846904964.29,0.0212466072925802,1,"supplied",4001,"wbar_undefined","heavy_tail",40,0
12.4420453672751,0.993961811114267,0.972044456212643,2.97265880563831e-15,2.97265880563831e-15,164.612573393106,336399185168265,0.0230131124577397,1,"supplied",4001,"wbar_undefined","heavy_tail",40,0
13.5720880829745,0.994466322079262,0.972003288753174,4.71071843290758e-17,4.71071843290758e-17,179.711637779358,21228184495475624,0.024978569833151,1,"supplied",4001,"wbar_undefined","heavy_tail",40,0
14.8047663784046,0.994928242575762,0.971866049469558,5.05160022993772e-19,5.05160022993772e-19,196.170313237192,1979570738938556160,0.0271708559095886,1,"supplied",4001,"wbar_undefined","heavy_tail",40,0
16.1494020801478,0.99535127924346,0.971624859262498,3.53128153684286e-21,3.53128153684286e-21,214.112942327854,2.83183311658025e+20,0.0296143986014378,1,"supplied",4001,"wbar_undefined","heavy_tail",40,0
17.6161636651498,0.995738789754433,0.971265925372437,1.54479614114399e-23,1.54479614114399e-23,233.67511396331,6.47334605108125e+22,0.0323296969949514,1,"supplied",4001,"wbar_undefined","heavy_tail",40,0
19.2161431573264,0.996093821473466,0.970767483309447,4.04552591535592e-26,4.04552591535592e-26,255.004684170791,2.47186650369541e+25,0.0353338987523353,1,"supplied",4001,"wbar_undefined","heavy_tail",40,0
20.9614400082677,0.996419144705164,0.970097957653044,6.04427957590605e-29,6.04427957590605e-29,278.262890472562,1.65445689174644e+28,0.0386422182397853,1,"supplied",4001,"wbar_undefined","heavy_tail",40,0
22.8652525963663,0.996717281460858,0.969216111678225,4.89025101242755e-32,4.89025101242755e-32,303.62556813092,2.0448848074643e+31,0.0422697433209865,1,"supplied",4001,"wbar_undefined","heavy_tail",40,0
24.9419780363097,0.996990530499551,0.968076830686207,2.0247803266792e-35,2.0247803266792e-35,331.284477330964,4.93880736998309e+34,0.046233127027161,1,"supplied",4001,"wbar_undefined","heavy_tail",40,0
27.2073210537206,0.997240989252785,0.966646760391832,4.03484545635703e-39,4.03484545635703e-39,361.448751245193,2.47840967099364e+38,0.0505517986360607,1,"supplied",4001,"wbar_undefined","heavy_tail",40,0
29.6784127482837,0.997470573127455,0.964927883303747,3.61991967211146e-43,3.61991967211146e-43,394.346475857519,2.76249223899687e+42,0.0552485677486058,1,"supplied",4001,"wbar_undefined","heavy_tail",40,0
32.3739401434763,0.997681032587871,0.962972200379806,1.35972814901059e-47,1.35972814901059e-47,430.2264134329,7.35441125292327e+46,0.0603497110839086,1,"supplied",4001,"wbar_undefined","heavy_tail",40,0
35.3142875025886,0.997873968344316,0.960865311721678,1.97570869047776e-52,1.97570869047776e-52,469.359882613362,5.06147492704598e+51,0.0658847434171463,1,"supplied",4001,"wbar_undefined","heavy_tail",40,0
38.5216904797049,0.998050844916158,0.958683655862262,1.01871088797307e-57,1.01871088797307e-57,512.042809312428,9.81632779040675e+56,0.0718860740258556,1,"supplied",4001,"wbar_undefined","heavy_tail",40,0
42.0204042713707,0.998213002790305,0.956459605412546,1.69662183140938e-63,1.69662183140938e-63,558.597963877559,5.89406538031697e+62,0.078388682980554,1,"supplied",4001,"wbar_undefined","heavy_tail",40,0
45.8368870405543,0.998361669357845,0.954174507601107,8.23698482815031e-70,8.23698482815031e-70,609.37740140453,1.21403647191682e+69,0.0854298718366405,1,"supplied",4001,"wbar_undefined","heavy_tail",40,0
50,0.998497968781319,0.951771069082303,1.04231174372461e-76,1.04231174372461e-76,664.765123629261,9.59405864915792e+75,0.0930490851152823,1,"supplied",4001,"wbar_undefined","heavy_tail",40,0
0.02,0.00796701609976495,0.0079670160953678,0.00796701554743692,0.00796701554743692,0.00803099919968605,124.517515818293,0.00159547252798849,1,"supplied",4001,"ok","normal",60,0
0.0218164902672218,0.00946501516396445,0.00946501515519506,0.00946501423664083,0.00946501423664083,0.0095554577161464,104.652244676909,0.00159541624807702,1,"supplied",4001,"ok","normal",60,0
0.0237979623789893,0.0112413487331816,0.0112413487157094,0.0112413471772714,0.0112413471772714,0.011369153350799,87.957309495954,0.00159534929843067,1,"supplied",4001,"ok","normal",60,0
0.0259594007310465,0.0133463708667489,0.0133463708319769,0.0133463682581666,0.0133463682581666,0.013526905970511,73.9267501582762,0.00159526966023616,1,"supplied",4001,"ok","normal",60,0
0.0283171506695894,0.0158389906416371,0.0158389905725307,0.0158389862721576,0.0158389862721576,0.016093901801661,62.1353536657736,0.00159517493435573,1,"supplied",4001,"ok","normal",60,0
0.0308890420989276,0.018787899831629,0.0187878996945065,0.018787892520449,0.018787892520449,0.0191476438462235,52.2257675474556,0.00159506227036224,1,"supplied",4001,"ok","normal",60,0
0.033694524315753,0.0222728830162331,0.0222728827446695,0.0222728707984526,0.0222728707984526,0.0227802651980684,43.897669862543,0.00159492828261573,1,"supplied",4001,"ok","normal",60,0
0.0367548130896647,0.026386172296054,0.0263861717594448,0.0263861519094969,0.0263861519094969,0.0271012711048692,36.8986675825239,0.00159476895113213,1,"supplied",4001,"ok","normal",60,0
0.0400930511022114,0.0312337850693544,0.0312337840118235,0.0312337511127238,0.0312337511127238,0.0322407868771419,31.0166475166867,0.00159457950465348,1,"supplied",4001,"ok","normal",60,0
0.0437344829577311,0.036936751571444,0.0369367494937965,0.0369366951301382,0.0369366951301382,0.0383534016397306,26.0733479667503,0.00159435428295558,1,"supplied",4001,"ok","normal",60,0
0.047706646089466,0.0436320979066903,0.0436320938398529,0.0436320043227417,0.0436320043227417,0.0456227125682363,21.9189562918792,0.0015940865750329,1,"supplied",4001,"ok","normal",60,0
0.0520395790046316,0.0514733996588139,0.0514733917324722,0.0514732449367995,0.0514732449367995,0.0542666907183192,18.4275686568397,0.00159376842939273,1,"supplied",4001,"ok","normal",60,0
0.0567660484432434,0.0606306619027798,0.0606306465317542,0.0606304069643341,0.0606304069643341,0.0645440078186849,15.4933743655762,0.00159339043229352,1,"supplied",4001,"ok","normal",60,0
0.0619217971685331,0.0712892172449065,0.0712891876113258,0.0712887988315585,0.0712887988315585,0.0767614833042225,13.0274491419445,0.00159294144940988,1,"supplied",4001,"ok","normal",60,0
0.0675458142628094,0.0836472721626952,0.0836472154207676,0.083646588592916,0.083646588592916,0.0912828320597814,10.9550601742614,0.00159240832614875,1,"supplied",4001,"ok","normal",60,0
0.0736806299728077,0.0979116869060074,0.0979115791112808,0.0979105760678746,0.0979105760678746,0.108538915186905,9.21340125000152,0.00159177554174891,1,"supplied",4001,"ok","normal",60,0
0.0803726373342267,0.114291566143527,0.114291363214152,0.114289772010888,0.114289772010888,0.129039717557942,7.74968934144637,0.0015910248124701,1,"supplied",4001,"ok","normal",60,0
0.0876724430076553,0.132989294259446,0.132988916189034,0.132986416856,0.132986416856,0.153388295414246,6.51956495739577,0.00159013463975129,1,"supplied",4001,"ok","normal",60,0
0.0956352499790037,0.154188803537037,0.154188107462331,0.154184225718398,0.154184225718398,0.182296952537194,5.48574778217846,0.00158907980036517,1,"supplied",4001,"ok","normal",60,0
0.104321275018513,0.178041146613749,0.178039882098882,0.178033929509126,0.178033929509126,0.216605911451975,4.61690686015409,0.00158783077753551,1,"supplied",4001,"ok","normal",60,0
0.113796204055278,0.204647874028769,0.204645611101041,0.20463661189825,0.20463661189825,0.257304742574073,3.88671108617272,0.0015863531349745,1,"supplied",4001,"ok","normal",60,0
0.124131688910938,0.234043279719191,0.234039297108652,0.234025904995887,0.234025904995887,0.305556793905258,3.27303122710957,0.0015846068401273,1,"supplied",4001,"ok","normal",60,0
0.135405889148965,0.266177208071076,0.266170326569223,0.266150739332165,0.266150739332165,0.362726820424047,2.75726929224107,0.00158254554886661,1,"supplied",4001,"ok","normal",60,0
0.147704063137145,0.300900689381586,0.300889034640717,0.300860919835708,0.300860919835708,0.430411938348808,2.32379493004965,0.00158011587169268,1,"supplied",4001,"ok","normal",60,0
0.161119212793033,0.337957005061761,0.33793768740788,0.337898137472794,0.337898137472794,0.510475917192189,1.95947177299998,0.00157725665125108,1,"supplied",4001,"ok","normal",60,0
0.175752786888082,0.376980681473005,0.376949389322602,0.376894927130035,0.376894927130035,0.605086664670849,1.65325937819,0.0015738998220964,1,"supplied",4001,"ok","normal",60,0
0.191715448229048,0.417506227322848,0.417456746574749,0.417383400378938,0.417383400378938,0.716756550724967,1.39587870311112,0.00156996633644318,1,"supplied",4001,"ok","normal",60,0
0.209127910518255,0.458987156928714,0.45891085014693,0.458814308461772,0.458814308461772,0.848384955749074,1.17953098139553,0.00156536758449688,1,"supplied",4001,"ok","normal",60,0
0.228121851221297,0.500824169177193,0.500709471491467,0.500585313979321,0.500585313979321,1.00330211971936,0.997661481617715,0.00156000612166654,1,"supplied",4001,"ok","normal",60,0
0.248840907345503,0.542399652843892,0.542231659704829,0.542075642550082,0.542075642550082,1.18531302743714,0.844760991834476,0.00155377517769063,1,"supplied",4001,"ok","normal",60,0
0.271441761659491,0.583114419108948,0.582874647076718,0.582683005566917,0.582683005566917,1.39873971621325,0.716199014637568,0.00154655926907026,1,"supplied",4001,"ok","normal",60,0
0.296095327568091,0.622422097361931,0.622088487941839,0.621858210428457,0.621858210428457,1.64846007410174,0.608083616538576,0.0015382380601868,1,"supplied",4001,"ok","normal",60,0
0.322988041602956,0.659857114820635,0.659404322810425,0.659133352255058,0.659133352255058,1.93994095884933,0.517143680529521,0.00152868400215567,1,"supplied",4001,"ok","normal",60,0
0.352323273302997,0.695053465370622,0.6944534327732,0.694140764525919,0.694140764525919,2.27926336731574,0.440629986171429,0.0015177610455912,1,"supplied",4001,"ok","normal",60,0
0.384322863146529,0.727753179569818,0.726975953450938,0.726621617052099,0.726621617052099,2.67313748024635,0.376232108338582,0.00150534142328831,1,"supplied",4001,"ok","normal",60,0
0.419228800165354,0.757805079307926,0.756819797381965,0.756424730420923,0.756424730420923,3.12890574724891,0.322008601495004,0.00149129288690841,1,"supplied",4001,"ok","normal",60,0
0.457305051927326,0.785155665507668,0.783931614358222,0.78349745251198,0.78349745251198,3.65453279167429,0.276328336223543,0.00147549627995464,1,"supplied",4001,"ok","normal",60,0
0.498839560726195,0.809834659441567,0.808342310011913,0.807871126160721,0.807871126160721,4.25858180604014,0.237821191546157,0.00145783729688834,1,"supplied",4001,"ok","normal",60,0
0.544146421074412,0.831937807682757,0.83014974900852,0.829643775253674,0.829643775253674,4.95017824182816,0.205336591230661,0.00143822304782547,1,"supplied",4001,"ok","normal",60,0
0.593568254965675,0.851609214295736,0.849500933909632,0.848962294955601,0.848962294955601,5.73896290294569,0.17790861377689,0.00141658092828747,1,"supplied",4001,"ok","normal",60,0
0.647478802869525,0.869024881163637,0.866575372194019,0.866005849447955,0.866005849447955,6.63503792845856,0.15472661141661,0.0013928659985186,1,"supplied",4001,"ok","normal",60,0
0.706285750051772,0.884378500279104,0.881570704300113,0.880971539669898,0.880971539669898,7.64891047438362,0.135110449055712,0.00136707181950406,1,"supplied",4001,"ok","normal",60,0
0.770433809594098,0.897869976692119,0.894691092631892,0.894062831123166,0.894062831123166,8.79144004486715,0.118489624206557,0.00133923508499243,1,"supplied",4001,"ok","normal",60,0
0.840408085427414,0.909696731176374,0.906138430782574,0.905480792418494,0.905480792418494,10.0737962537451,0.104385657181143,0.00130943398406136,1,"supplied",4001,"ok","normal",60,0
0.916737740811086,0.92004755066234,0.916106138927707,0.915417903259221,0.915417903259221,11.5074342097606,0.0923972498676678,0.00127780583538614,1,"supplied",4001,"ok","normal",60,0
1,0.929098603907839,0.924775149222308,0.924054029330612,0.924054029330612,13.1040946316509,0.0821878031573579,0.00124452051735139,1,"supplied",4001,"ok","normal",60,0
1.09082451336109,0.937011187792178,0.932311624193594,0.931554101122034,0.931554101122034,14.875835167373,0.0734749584543987,0.00120977742219181,1,"supplied",4001,"ok","normal",60,0
1.18989811894946,0.94393078254309,0.938865960217734,0.938067042945187,0.938067042945187,16.8350982117507,0.0660218877963838,0.00117376677739175,1,"supplied",4001,"ok","normal",60,0
1.29797003655233,0.949987043731507,0.944572680816923,0.94372555113947,0.94372555113947,18.9948188351738,0.0596300998659868,0.0011366460569436,1,"supplied",4001,"ok","normal",60,0
1.41585753347947,0.955294424038325,0.949550900858648,0.948646396450754,0.948646396450754,21.3685743554066,0.0541335567619073,0.00109853804363662,1,"supplied",4001,"ok","normal",60,0
1.54445210494638,0.959953184900343,0.953905128132343,0.952931008364022,0.952931008364022,23.9707747672691,0.0493939133293445,0.00105956092004162,1,"supplied",4001,"ok","normal",60,0
1.68472621578765,0.964050619340751,0.957726251457979,0.956666172581172,0.956666172581172,26.8168909077637,0.0452967071072544,0.00101992524869493,1,"supplied",4001,"ok","normal",60,0
1.83774065448323,0.967662358944698,0.961092633983511,0.959924718092902,0.959924718092902,29.9237151309167,0.0417483591699944,0.000980075857529713,1,"supplied",4001,"ok","normal",60,0
2.00465255511057,0.970853679116844,0.964071277713197,0.962766064918554,0.962766064918554,33.3096476570358,0.038673917203964,0.000940736148839075,1,"supplied",4001,"ok","normal",60,0
2.18672414788655,0.973680748069483,0.966719045280169,0.965236421253215,0.965236421253215,36.9950008700864,0.0360156102498184,0.000902503325879606,1,"supplied",4001,"ok","normal",60,0
2.3853323044733,0.976191787802987,0.969083918777949,0.967368225372383,0.967368225372383,41.002313811932,0.033732526841116,0.000865341632727291,1,"supplied",4001,"ok","normal",60,0
2.60197895023158,0.978428131269937,0.971206252447085,0.969178061601465,0.969178061601465,45.356669999868,0.0318021420621146,0.000830178077205129,1,"supplied",4001,"ok","normal",60,0
2.83830242216217,0.980425170536165,0.973119951809212,0.970661590455007,0.970661590455007,50.0860133850739,0.0302251678993919,0.000820514005737278,1,"supplied",4001,"ok","normal",60,0
3.09608985842665,0.98221319745737,0.974853502703482,0.971782619518271,0.971782619518271,55.2214595683088,0.0290367206770143,0.000806567163722554,1,"supplied",4001,"ok","normal",60,0
3.37729071314047,0.983818142329853,0.976430789255828,0.972450233991018,0.972450233991018,60.7976020049189,0.0283302579875125,0.000783080037637074,1,"supplied",4001,"ok","normal",60,0
3.68403149864039,0.985262218051534,0.977871678520869,0.972470019511299,0.972470019511299,66.8528155387795,0.0283093359551955,0.000743400678213141,1,"supplied",4001,"ok","normal",60,0
4.01863186671133,0.986564478219938,0.979192399601478,0.971434732794922,0.971434732794922,73.4295619008977,0.029405235617727,0.000679033048280253,1,"supplied",4001,"ok","normal",60,0
4.38362215038276,0.987741297775934,0.980405790354745,0.968462046303734,0.968462046303734,80.5747035633874,0.0325649867401975,0.000581206966257045,1,"supplied",4001,"ok","normal",60,0
4.78176249895018,0.988806784593354,0.981521511351893,0.961515123961313,0.961515123961313,88.3398334321595,0.0400252425361077,0.000714159902664283,1,"supplied",4001,"ok","normal",60,0
5.21606375092565,0.989773130009331,0.982546326156883,0.945504086108915,0.945504086108915,96.7816282902232,0.0576368888212372,0.000893416894274304,1,"supplied",4001,"ok","normal",60,0
5.6898102027639,0.990650905794104,0.983484517192001,0.906733358852111,0.906733358852111,105.962233771199,0.102860052778868,0.00101805295742023,1,"supplied",4001,"ok","normal",60,0
6.20658444554691,0.991449314521077,0.98433845295952,0.808232652613806,0.808232652613806,115.949688123239,0.237267508020151,0.00101947067629435,1,"supplied",4001,"ok","normal",60,0
6.77029445744823,0.992176399736432,0.985109259662297,0.578259759790901,0.578259759790901,126.818391317451,0.729326627122733,0.00104553944793845,1,"supplied",4001,"ok","normal",60,0
7.38520315685726,0.992839221748626,0.985797499252324,0.243358873312946,0.243358873312946,138.649625347378,3.10915774874604,0.00129790677735575,1,"supplied",4001,"ok","normal",60,0
8.05596063965163,0.993444004266796,0.986403735485114,0.0488540694321772,0.0488540694321772,151.53213099809,19.469123895365,0.00160907112338177,1,"supplied",4001,"ok","normal",60,0
8.7876393444041,0.993996256522521,0.986928887311329,0.00526400719753507,0.00526400719753507,165.562746018563,188.969345115687,0.00194816611644713,1,"supplied",4001,"ok","normal",60,0
9.58577241145239,0.994500874924338,0.987374318887748,0.000342899280031059,0.000342899280031059,180.84710953855,2915.3082521183,0.00229926080467733,1,"supplied",4001,"ok","normal",60,0
10.4563955259127,0.994962227733646,0.98774168142479,1.39828070292694e-05,1.39828070292694e-05,197.500437719023,71515.3985247565,0.00269525630226845,1,"supplied",4001,"ok","normal",60,0
11.4060925610648,0.995384225727581,0.98803258028084,3.59618956602554e-07,3.59618956602554e-07,215.648375977873,2780720.04275967,0.00321550791582439,1,"supplied",4001,"ok","normal",60,0
12.4420453672751,0.995770381339558,0.988248162615596,5.80365502007217e-09,5.80365502007217e-09,235.427933646271,172305209.516728,0.00400276097073146,1,"supplied",4001,"ok","normal",60,0
13.5720880829745,0.996123858347366,0.988388686077044,5.78714044724704e-11,5.78714044724704e-11,256.988507545992,17279691223.2851,0.00536915115533987,1,"supplied",4001,"ok","normal",60,0
14.8047663784046,0.996447513814029,0.988453046240598,3.48109098003753e-13,3.48109098003753e-13,280.493001703751,2872662638621.61,0.00726501270628175,1,"supplied",4001,"ok","normal",60,0
16.1494020801478,0.996743933676402,0.988438150941258,1.22434842451754e-15,1.22434842451754e-15,306.119051216042,816760964424040,0.00947200869653473,1,"supplied",4001,"ok","normal",60,0
17.6161636651498,0.997015463116639,0.988337977927323,2.42473128442437e-18,2.42473128442437e-18,334.060359138135,412416834155459392,0.0119958454762862,1,"supplied",4001,"ok","normal",60,0
19.2161431573264,0.997264232636914,0.988142162890588,2.58795921590691e-21,2.58795921590691e-21,364.528156192334,3.86404852848335e+20,0.014848265075734,1,"supplied",4001,"ok","normal",60,0
20.9614400082677,0.997492180581921,0.987834071125186,1.41623571624866e-24,1.41623571624866e-24,397.752794077199,7.06097147901913e+23,0.0180479353314473,1,"supplied",4001,"ok","normal",60,0
22.8652525963663,0.997701072710972,0.987388631738525,3.75748744280206e-28,3.75748744280206e-28,433.985484218144,2.66135287269057e+27,0.0216203886285931,1,"supplied",4001,"ok","normal",60,0
24.9419780363097,0.997892519306283,0.986771045031296,4.54151505872507e-32,4.54151505872507e-32,473.500194939508,2.20190836553282e+31,0.0255970817260364,1,"supplied",4001,"ok","normal",60,0
27.2073210537206,0.998067990211455,0.985939089740643,2.33411890760816e-36,2.33411890760816e-36,516.595721268698,4.28427187981065e+35,0.0300136888932469,1,"supplied",4001,"ok","normal",60,0
29.6784127482837,0.998228828119994,0.984853364724863,4.728165530562e-41,4.728165530562e-41,563.597942914909,2.1149851745591e+40,0.0349079266042187,1,"supplied",4001,"ok","normal",60,0
32.3739401434763,0.998376260374366,0.983497427089858,3.47291412960642e-46,3.47291412960642e-46,614.862287409445,2.87942621867627e+45,0.0403174086481142,1,"supplied",4001,"ok","normal",60,0
35.3142875025886,0.998511409488711,0.981898300855224,8.44205056970529e-52,8.44205056970529e-52,670.77641696361,1.18454632762868e+51,0.0462780994458242,1,"supplied",4001,"ok","normal",60,0
38.5216904797049,0.998635302570415,0.980125604252136,6.1456070634355e-58,6.1456070634355e-58,731.763159306122,1.62717855157011e+57,0.052823777527512,1,"supplied",4001,"ok","normal",60,0
42.0204042713707,0.998748879785461,0.978260045462079,1.20133049012647e-64,1.20133049012647e-64,798.283704618572,8.32410405145652e+63,0.0599865714660368,1,"supplied",4001,"ok","normal",60,0
45.8368870405543,0.998853001988134,0.976354661914082,5.59812786985057e-72,5.59812786985057e-72,870.841092708933,1.78631146563412e+71,0.0677982510255377,1,"supplied",4001,"ok","normal",60,0
50,0.998948457616143,0.974417360793988,5.46161777147992e-80,5.46161777147992e-80,949.984016765634,1.83095932714646e+79,0.0762917438278339,1,"supplied",4001,"ok","normal",60,0
0.02,0.00719693569419194,0.00719693568901092,0.0071969349728383,0.0071969349728383,0.00724910705148176,137.948038821257,0.00179210611981083,1,"supplied",4001,"ok","skew_pos",60,0
0.0218164902672218,0.0085513655634518,0.00855136555312095,0.00855136435244537,0.00855136435244537,0.008625122135865,115.940403751366,0.00179206172832185,1,"supplied",4001,"ok","skew_pos",60,0
0.0237979623789893,0.0101579574162906,0.0101579573957118,0.0101579553846041,0.0101579553846041,0.0102622004110636,97.4450080885031,0.00179200893052944,1,"supplied",4001,"ok","skew_pos",60,0
0.0259594007310465,0.0120625365532996,0.0120625365123555,0.0120625331474491,0.0120625331474491,0.0122098179283696,81.9013265933675,0.00179194613984369,1,"supplied",4001,"ok","skew_pos",60,0
0.0283171506695894,0.0143187985942103,0.0143187985128616,0.0143187928900747,0.0143187928900747,0.0145268049890662,68.8382892801785,0.00179187147240896,1,"supplied",4001,"ok","skew_pos",60,0
0.0308890420989276,0.0169894746090505,0.0169894744476939,0.0169894650662684,0.0169894650662684,0.0172831054909546,57.8600050736996,0.00179178269230655,1,"supplied",4001,"ok","skew_pos",60,0
0.033694524315753,0.0201475913513056,0.0201475910318809,0.0201475754074509,0.0201475754074509,0.020561863371945,48.6337638537977,0.00179167714702507,1,"supplied",4001,"ok","skew_pos",60,0
0.0367548130896647,0.0238777991784157,0.0238777985475437,0.0238777725808591,0.0238777725808591,0.0244618954044055,40.8799532751065,0.0017915516916208,1,"supplied",4001,"ok","skew_pos",60,0
0.0400930511022114,0.0282777204992688,0.0282777192566884,0.028277676209907,0.028277676209907,0.0291006196891953,34.3635847789237,0.00179140259979761,1,"supplied",4001,"ok","skew_pos",60,0
0.0437344829577311,0.033459244655104,0.0334592422155659,0.0334591710640321,0.0334591710640321,0.034617520751274,28.8871719830196,0.00179122545994607,1,"supplied",4001,"ok","skew_pos",60,0
0.047706646089466,0.0395496596643098,0.0395496548929071,0.0395495376939471,0.0395495376939471,0.041178245249501,24.2847456205043,0.00179101505401,1,"supplied",4001,"ok","skew_pos",60,0
0.0520395790046316,0.0466924663218688,0.0466924570309866,0.0466922647657371,0.0466922647657371,0.0489794370361431,20.4168236434272,0.00179076521691799,1,"supplied",4001,"ok","skew_pos",60,0
0.0567660484432434,0.0550476658543088,0.055047647856702,0.0550473339372062,0.0550473339372062,0.0582544366156585,17.1661840542672,0.00179046867425733,1,"supplied",4001,"ok","skew_pos",60,0
0.0619217971685331,0.0647912507564257,0.064791216102925,0.064790706376986,0.064790706376986,0.0692799878196508,14.4343123561808,0.00179011685592273,1,"supplied",4001,"ok","skew_pos",60,0
0.0675458142628094,0.076113564864444,0.0761134986075338,0.0761126762304123,0.0761126762304123,0.0823841134254518,12.1384159581086,0.00178969968369865,1,"supplied",4001,"ok","skew_pos",60,0
0.0736806299728077,0.0892161432182975,0.0892160175601452,0.0892147005532298,0.0892147005532298,0.097955340945048,10.2089150532243,0.00178920533120583,1,"supplied",4001,"ok","skew_pos",60,0
0.0803726373342267,0.104306611245647,0.104306375146589,0.104304283897582,0.104304283897582,0.116453479008823,8.58733392946659,0.0017886199554504,1,"supplied",4001,"ok","skew_pos",60,0
0.0876724430076553,0.121591239970943,0.121590801080813,0.121587512610948,0.121587512610948,0.138422162327845,7.2245288066692,0.00178792982073217,1,"supplied",4001,"ok","skew_pos",60,0
0.0956352499790037,0.141264849564705,0.141264043560668,0.141258929363708,0.141258929363708,0.164503397226837,6.07919849388944,0.0017871153318037,1,"supplied",4001,"ok","skew_pos",60,0
0.104321275018513,0.163497960393035,0.163496500388428,0.163488645438446,0.163488645438446,0.195454347570815,5.11663273200524,0.0017861538460188,1,"supplied",4001,"ok","skew_pos",60,0
0.113796204055278,0.188421435264779,0.188418830993912,0.1884069336218,0.1884069336218,0.232166599084899,4.30766029029141,0.00178502039238536,1,"supplied",4001,"ok","skew_pos",60,0
0.124131688910938,0.216109344390216,0.216104777824962,0.216087034025159,0.216087034025159,0.275688124158216,3.62776493976761,0.00178368633104201,1,"supplied",4001,"ok","skew_pos",60,0
0.135405889148965,0.246561381758946,0.246553523670965,0.24652750514165,0.24652750514165,0.327248133808906,3.05634251409561,0.0017821190150546,1,"supplied",4001,"ok","skew_pos",60,0
0.147704063137145,0.279686777864628,0.279673530257561,0.279636072511627,0.279636072511627,0.388284942258167,2.57607654483998,0.00178028452703722,1,"supplied",4001,"ok","skew_pos",60,0
0.161119212793033,0.315292137324173,0.315270291738844,0.315217415307916,0.315217415307916,0.460476875629873,2.17241355152653,0.00177814634248231,1,"supplied",4001,"ok","skew_pos",60,0
0.175752786888082,0.353075788122501,0.353040601488433,0.352967492856906,0.352967492856906,0.545776122828681,1.83312208698324,0.00177565217635314,1,"supplied",4001,"ok","skew_pos",60,0
0.191715448229048,0.392630880837208,0.392575589352655,0.39247666560193,0.39247666560193,0.646445247954683,1.54792217638297,0.0017727562541986,1,"supplied",4001,"ok","skew_pos",60,0
0.209127910518255,0.433458530775553,0.433373846050468,0.433242915911351,0.433242915911351,0.765095856740945,1.30817392108177,0.00176941170180958,1,"supplied",4001,"ok","skew_pos",60,0
0.228121851221297,0.474990830271676,0.4748644849836,0.47469499924573,0.47469499924573,0.904728636487375,1.10661583035203,0.00176555542278807,1,"supplied",4001,"ok","skew_pos",60,0
0.248840907345503,0.516621847104506,0.516438271368031,0.516223631137348,0.516223631137348,1.06877367959201,0.937144949751317,0.0017611360691298,1,"supplied",4001,"ok","skew_pos",60,0
0.271441761659491,0.557743188813323,0.557483395187138,0.557217264170517,0.557217264170517,1.26112967557644,0.794632119822447,0.00175609584878413,1,"supplied",4001,"ok","skew_pos",60,0
0.296095327568091,0.597779784526788,0.597421515029751,0.597098069395963,0.597098069395963,1.48620024934227,0.674766761533196,0.00175037300695252,1,"supplied",4001,"ok","skew_pos",60,0
0.322988041602956,0.636221495888787,0.635739641685727,0.635353692915643,0.635353692915643,1.74892548267306,0.573926477724545,0.00174391196502786,1,"supplied",4001,"ok","skew_pos",60,0
0.352323273302997,0.672647028237247,0.672014282156631,0.671561224171587,0.671561224171587,2.05480654296532,0.48906751016419,0.00173665670188979,1,"supplied",4001,"ok","skew_pos",60,0
0.384322863146529,0.706738110632004,0.705925768535514,0.705401324334912,0.705401324334912,2.40992142605056,0.417632722681446,0.00172855557035431,1,"supplied",4001,"ok","skew_pos",60,0
0.419228800165354,0.738283622736291,0.737262424415464,0.73666219042253,0.73666219042253,2.82093016285483,0.357474311836781,0.00171955645437104,1,"supplied",4001,"ok","skew_pos",60,0
0.457305051927326,0.767174841770808,0.76591574155422,0.76523454125016,0.76523454125016,3.29506848660918,0.306788894247122,0.00170960120737595,1,"supplied",4001,"ok","skew_pos",60,0
0.498839560726195,0.793393975417188,0.791868755068518,0.791099811836248,0.791099811836248,3.84012991401989,0.264062998168167,0.0016986210027999,1,"supplied",4001,"ok","skew_pos",60,0
0.544146421074412,0.816998544446238,0.815180218019265,0.814314138824423,0.814314138824423,4.46443741102498,0.228027308286259,0.00168652529278358,1,"supplied",4001,"ok","skew_pos",60,0
0.593568254965675,0.838104060722274,0.835967062208409,0.834990589756143,0.834990589756143,5.17680717911361,0.197618287281594,0.00167319374806927,1,"supplied",4001,"ok","skew_pos",60,0
0.647478802869525,0.856866987520827,0.854387168211772,0.853281610517088,0.853281610517088,5.98650844189775,0.171946034784461,0.00165842557469836,1,"supplied",4001,"ok","skew_pos",60,0
0.706285750051772,0.873469362520438,0.870623850646224,0.869363031848623,0.869363031848623,6.90322423027014,0.150267452566494,0.00164194025262342,1,"supplied",4001,"ok","skew_pos",60,0
0.770433809594098,0.888105864437837,0.884872853671846,0.883420341429954,0.883420341429954,7.93701886140807,0.131963973550059,0.00162331569463243,1,"supplied",4001,"ok","skew_pos",60,0
0.840408085427414,0.900973607109402,0.897332144886729,0.895637382581295,0.895637382581295,9.09831794140753,0.116523293297477,0.00160194062798799,1,"supplied",4001,"ok","skew_pos",60,0
0.916737740811086,0.912264588085182,0.908194432542261,0.90618721070069,0.90618721070069,10.397906252163,0.103524733290785,0.00157698097373158,1,"supplied",4001,"ok","skew_pos",60,0
1,0.922160500015292,0.917642108436583,0.915224499551087,0.915224499551087,11.8469478888798,0.0926280934246131,0.00154727182459278,1,"supplied",4001,"ok","skew_pos",60,0
1.09082451336109,0.930829507593917,0.925844210655214,0.922878576257201,0.922878576257201,13.4570316794803,0.0835661653947694,0.00151127552656636,1,"supplied",4001,"ok","skew_pos",60,0
1.18989811894946,0.938424568505236,0.932954972398333,0.929245768890955,0.929245768890955,15.240243482257,0.0761415693003251,0.00146698341173466,1,"supplied",4001,"ok","skew_pos",60,0
1.29797003655233,0.945082903454027,0.939113543216015,0.934379099278072,0.934379099278072,17.2092656548741,0.0702294184155329,0.00141181984587485,1,"supplied",4001,"ok","skew_pos",60,0
1.41585753347947,0.950926273887796,0.944444511403478,0.938272137976223,0.938272137976223,19.3775029781427,0.0657888682029067,0.00134257730888281,1,"supplied",4001,"ok","skew_pos",60,0
1.54445210494638,0.956061789477587,0.949058903839297,0.940831468091792,0.940831468091792,21.7592336626886,0.0628896182949895,0.00125546766807617,1,"supplied",4001,"ok","skew_pos",60,0
1.68472621578765,0.960583030164188,0.953055384337684,0.941827488253631,0.941827488253631,24.369783729328,0.061765570098442,0.00114651240531773,1,"supplied",4001,"ok","skew_pos",60,0
1.83774065448323,0.96457132374072,0.956521415946279,0.940803755339584,0.940803755339584,27.2257229336378,0.0629209272650592,0.00101263305717904,1,"supplied",4001,"ok","skew_pos",60,0
2.00465255511057,0.968097066978105,0.95953420799679,0.936905649184802,0.936905649184802,30.3450803822242,0.0673433348065472,0.000853813681031729,1,"supplied",4001,"ok","skew_pos",60,0
2.18672414788655,0.971221015724313,0.96216134989709,0.928550108319353,0.928550108319353,33.747577969415,0.0769478039370097,0.000676149675131433,1,"supplied",4001,"ok","skew_pos",60,0
2.3853323044733,0.97399549790775,0.964461146596622,0.912785518149591,0.912785518149591,37.4548797147721,0.0955476178316364,0.000647050491816544,1,"supplied",4001,"ok","skew_pos",60,0
2.60197895023158,0.976465524192459,0.966482797806495,0.88409141176174,0.88409141176174,41.4908550408246,0.131104755341179,0.000804050796513171,1,"supplied",4001,"ok","skew_pos",60,0
2.83830242216217,0.978669785582519,0.968266657996337,0.832431461555601,0.832431461555601,45.8818540886514,0.20130010239072,0.00109819541403714,1,"supplied",4001,"ok","skew_pos",60,0
3.09608985842665,0.980641536923952,0.969844819674474,0.741640889778693,0.741640889778693,50.6569934333919,0.348361469522537,0.00153047839972016,1,"supplied",4001,"ok","skew_pos",60,0
3.37729071314047,0.982409371222107,0.971242151326282,0.594591697961194,0.594591697961194,55.848451105781,0.681826375021578,0.00205455964514344,1,"supplied",4001,"ok","skew_pos",60,0
3.68403149864039,0.983997893009944,0.972477732115103,0.397899178981581,0.397899178981581,61.4917706537912,1.51319945559951,0.00267394614970294,1,"supplied",4001,"ok","skew_pos",60,0
4.01863186671133,0.985428300503737,0.973566453067015,0.207342908505311,0.207342908505311,67.6261750221016,3.82292839050431,0.0033934220201548,1,"supplied",4001,"ok","skew_pos",60,0
4.38362215038276,0.986718886618501,0.974520491149991,0.0829146679991848,0.0829146679991848,74.294892173198,11.0605922224742,0.00421782278245236,1,"supplied",4001,"ok","skew_pos",60,0
4.78176249895018,0.987885468566609,0.975350434385132,0.0263584869796859,0.0263584869796859,81.5454955066346,36.93844467517,0.00515140603770547,1,"supplied",4001,"ok","skew_pos",60,0
5.21606375092565,0.988941755060821,0.976065989262635,0.00690850525988962,0.00690850525988962,89.4302631656373,143.749111766034,0.00619829856665357,1,"supplied",4001,"ok","skew_pos",60,0
5.6898102027639,0.989899659296704,0.976676345638797,0.00151525541777937,0.00151525541777937,98.0065612018078,658.954743118832,0.00736333372652493,1,"supplied",4001,"ok","skew_pos",60,0
6.20658444554691,0.99076956501928,0.977190340738301,0.00027756320911006,0.00027756320911006,107.337256271097,3601.782959623,0.00865259429260153,1,"supplied",4001,"ok","skew_pos",60,0
6.77029445744823,0.991560552146434,0.977616542564312,4.20214483850949e-05,4.20214483850949e-05,117.491164037165,23796.3710671691,0.0100735101769396,1,"supplied",4001,"ok","skew_pos",60,0
7.38520315685726,0.992280587654534,0.977963305932582,5.18275330999963e-06,5.18275330999963e-06,128.543539747221,192946.636166783,0.0116347110224201,1,"supplied",4001,"ok","skew_pos",60,0
8.05596063965163,0.992936686738899,0.978238797605961,5.12117012205895e-07,5.12117012205895e-07,140.576617521291,1952677.7358471,0.0133458512994008,1,"supplied",4001,"ok","skew_pos",60,0
8.7876393444041,0.993535048641829,0.97845097011424,3.97917861119696e-08,3.97917861119696e-08,153.680204783915,25130813.6155116,0.0152175081717349,1,"supplied",4001,"ok","skew_pos",60,0
9.58577241145239,0.994081170987462,0.978607477838646,2.38166609360851e-09,2.38166609360851e-09,167.952338018488,419874137.815522,0.0172611646299985,1,"supplied",4001,"ok","skew_pos",60,0
10.4563955259127,0.994579945967167,0.978715546832576,1.07343403974428e-10,1.07343403974428e-10,183.500005708844,9315896113.47599,0.0194892610090936,1,"supplied",4001,"ok","skew_pos",60,0
11.4060925610648,0.995035741273734,0.978781814395241,3.5534118691539e-12,3.5534118691539e-12,200.439944036147,281419671239.674,0.0219152971073268,1,"supplied",4001,"ok","skew_pos",60,0
12.4420453672751,0.995452468280992,0.978812148859708,8.40628226663391e-14,8.40628226663391e-14,218.899510721418,11895865119460.7,0.024553970995747,1,"supplied",4001,"ok","skew_pos",60,0
13.5720880829745,0.995833639603362,0.978811458393161,1.37917085129829e-15,1.37917085129829e-15,239.017642450463,725073328702275,0.0274213421484709,1,"supplied",4001,"ok","skew_pos",60,0
14.8047663784046,0.996182417844313,0.978783506924095,1.51849558196032e-17,1.51849558196032e-17,260.945901677656,65854653242325408,0.0305350060539926,1,"supplied",4001,"ok","skew_pos",60,0
16.1494020801478,0.996501657051765,0.978730765285004,1.0823550022586e-19,1.0823550022586e-19,284.849619318931,9239112841103427584,0.033914266639635,1,"supplied",4001,"ok","skew_pos",60,0
17.6161636651498,0.996793938141192,0.978654315415068,4.80182790227411e-22,4.80182790227411e-22,310.909140883423,2.08254027497822e+21,0.037580293055761,1,"supplied",4001,"ok","skew_pos",60,0
19.2161431573264,0.997061599322983,0.978553786541162,1.27016957708912e-24,1.27016957708912e-24,339.321184861448,7.87296450834324e+23,0.0415562494159229,1,"supplied",4001,"ok","skew_pos",60,0
20.9614400082677,0.997306762379223,0.978427254101957,1.91141987968304e-27,1.91141987968304e-27,370.300323553197,5.23171287810307e+26,0.0458673899412786,1,"supplied",4001,"ok","skew_pos",60,0
22.8652525963663,0.99753135547527,0.97827100491622,1.55470145188308e-30,1.55470145188308e-30,404.080597867541,6.43210308184112e+29,0.0505411168034765,1,"supplied",4001,"ok","skew_pos",60,0
24.9419780363097,0.997737133061306,0.978079078122644,6.46347270848098e-34,6.46347270848098e-34,440.917278873357,1.54715590999226e+33,0.055607002603733,1,"supplied",4001,"ok","skew_pos",60,0
27.2073210537206,0.997925693314892,0.97784253248521,1.29223126185343e-37,1.29223126185343e-37,481.088790042094,7.73855291633878e+36,0.0610967827976426,1,"supplied",4001,"ok","skew_pos",60,0
29.6784127482837,0.998098493493322,0.97754850054178,1.16251059628634e-41,1.16251059628634e-41,524.898805230446,8.60207212901558e+40,0.0670443248884127,1,"supplied",4001,"ok","skew_pos",60,0
32.3739401434763,0.998256863499812,0.977179375989391,4.37669757156347e-46,4.37669757156347e-46,572.678538595317,2.28482773517927e+45,0.0734855808194081,1,"supplied",4001,"ok","skew_pos",60,0
35.3142875025886,0.998402017916149,0.97671310679136,6.37156846679716e-51,6.37156846679716e-51,624.78924388836,1.56947226606933e+50,0.080458527011476,1,"supplied",4001,"ok","skew_pos",60,0
38.5216904797049,0.99853506671311,0.97612648342869,3.29033920706564e-56,3.29033920706564e-56,681.624942002099,3.03920032880686e+55,0.0880030933397248,1,"supplied",4001,"ok","skew_pos",60,0
42.0204042713707,0.998657024816204,0.975403385167745,5.48626645514254e-62,5.48626645514254e-62,743.615397265569,1.82273319784286e+61,0.0961610784377897,1,"supplied",4001,"ok","skew_pos",60,0
45.8368870405543,0.998768820676391,0.974546335529929,2.66560273049139e-68,2.66560273049139e-68,811.229364824716,3.75149675741687e+67,0.104976044466777,1,"supplied",4001,"ok","skew_pos",60,0
50,0.998871303972188,0.973582162555024,3.37435935679645e-75,3.37435935679645e-75,884.978133491157,2.96352549999115e+74,0.114493180388393,1,"supplied",4001,"ok","skew_pos",60,0
0.02,0.00721683361221167,0.00721683361040714,0.00721683336209172,0.00721683336209172,0.00726929490401202,137.564928664247,0.00133509814315209,1,"supplied",4001,"ok","bimodal",60,0
0.0218164902672218,0.00857498696652047,0.00857498696291994,0.00857498654648084,0.00857498654648084,0.00864915334371426,115.618258766878,0.00133510471579497,1,"supplied",4001,"ok","bimodal",60,0
0.0237979623789893,0.0101859867260859,0.0101859867189082,0.0101859860211152,0.0101859860211152,0.0102908087675933,97.174098995133,0.00133511253351487,1,"supplied",4001,"ok","bimodal",60,0
0.0259594007310465,0.012095778907107,0.012095778892813,0.0120957777247673,0.0120957777247673,0.0122438781501771,81.6734768738682,0.00133512183147887,1,"supplied",4001,"ok","bimodal",60,0
0.0283171506695894,0.0143581990339365,0.014358199005506,0.014358197052654,0.014358197052654,0.0145673600895005,68.6466273817544,0.00133513288898343,1,"supplied",4001,"ok","bimodal",60,0
0.0308890420989276,0.0170361394374752,0.0170361393810107,0.017036136120703,0.017036136120703,0.017331399577321,57.6987561566124,0.00133514603761462,1,"supplied",4001,"ok","bimodal",60,0
0.033694524315753,0.02020281150363,0.0202028113916829,0.0202028059577535,0.0202028059577535,0.0206193809707027,48.4980747768958,0.00133516167086674,1,"supplied",4001,"ok","bimodal",60,0
0.0367548130896647,0.0239430752269692,0.0239430750054764,0.0239430659668591,0.0239430659668591,0.0245304086465417,40.7657455141356,0.00133518025545795,1,"supplied",4001,"ok","bimodal",60,0
0.0400930511022114,0.0283547885725877,0.028354788135415,0.0283547731362847,0.0283547731362847,0.0291822449584583,34.2674308199748,0.00133520234461154,1,"supplied",4001,"ok","bimodal",60,0
0.0437344829577311,0.0335501020760096,0.0335501012155985,0.0335500763943755,0.0335500763943755,0.0347147867138046,28.806191444847,0.00133522859359996,1,"supplied",4001,"ok","bimodal",60,0
0.047706646089466,0.0396565884570505,0.0396565867693383,0.039656545828194,0.039656545828194,0.0412941745425584,24.2165179572711,0.00133525977787331,1,"supplied",4001,"ok","bimodal",60,0
0.0520395790046316,0.0468180518668951,0.0468180485694669,0.0468179812983185,0.0468179812983185,0.0491176442845907,20.3593147818169,0.00133529681411049,1,"supplied",4001,"ok","bimodal",60,0
0.0567660484432434,0.0551948068483627,0.0551948004356485,0.0551946903974209,0.0551946903974209,0.0584192458386542,17.117684741044,0.00133534078453212,1,"supplied",4001,"ok","bimodal",60,0
0.0619217971685331,0.0649631552530961,0.0649631428491815,0.064962963798787,0.064962963798787,0.069476572627125,14.3933863469861,0.00133539296478873,1,"supplied",4001,"ok","bimodal",60,0
0.0675458142628094,0.0763137255560532,0.0763137017142962,0.0763134121478561,0.0763134121478561,0.0826186635738347,12.1038564762707,0.00133545485567105,1,"supplied",4001,"ok","bimodal",60,0
0.0736806299728077,0.0894482833791628,0.0894482378866164,0.0894477729042157,0.0894477729042157,0.0982352586310152,10.1797081976635,0.0013355282187569,1,"supplied",4001,"ok","bimodal",60,0
0.0803726373342267,0.104574591113988,0.10457450504047,0.104573764478304,0.104573764478304,0.116787607405611,8.56262792095877,0.00133561511587888,1,"supplied",4001,"ok","bimodal",60,0
0.0876724430076553,0.121898912197926,0.121898750920153,0.121897582521941,0.121897582521941,0.138821046792055,7.203608138168,0.00133572181514434,1,"supplied",4001,"ok","bimodal",60,0
0.0956352499790037,0.141615852318002,0.141615553471845,0.141613729829918,0.141613729829918,0.164979575520384,6.06146219862316,0.00133584951566072,1,"supplied",4001,"ok","bimodal",60,0
0.104321275018513,0.163895438615466,0.163894891814635,0.163892080084363,0.163892080084363,0.19602265815183,5.10157610718744,0.00133600028669407,1,"supplied",4001,"ok","bimodal",60,0
0.113796204055278,0.188867685476028,0.188866699165942,0.188862423364597,0.188862423364597,0.232844484302007,4.29485951829343,0.00133617802042291,1,"supplied",4001,"ok","bimodal",60,0
0.124131688910938,0.216605387283696,0.2166036363888,0.216597233663308,0.216597233663308,0.2764958856848,3.61686413573712,0.0013363871463084,1,"supplied",4001,"ok","bimodal",60,0
0.135405889148965,0.247106480300204,0.247103426727457,0.247094001451647,0.247094001451647,0.328209067862257,3.04704280203129,0.00133663265049525,1,"supplied",4001,"ok","bimodal",60,0
0.147704063137145,0.280277936313125,0.280272713600822,0.280259096416989,0.280259096416989,0.389425238511327,2.56812682544345,0.00133692509008081,1,"supplied",4001,"ok","bimodal",60,0
0.161119212793033,0.31592363667742,0.315914891214586,0.315895613592598,0.315895613592598,0.461825102599611,2.1656026768693,0.00133727671920914,1,"supplied",4001,"ok","bimodal",60,0
0.175752786888082,0.353738832012852,0.353724517600527,0.353697815029907,0.353697815029907,0.547362041130541,1.82727220103252,0.00133768536891969,1,"supplied",4001,"ok","bimodal",60,0
0.191715448229048,0.393313437133455,0.393290568260534,0.393254425292856,0.393254425292856,0.648297590892867,1.54288301843088,0.0013381637719327,1,"supplied",4001,"ok","bimodal",60,0
0.209127910518255,0.434145451546967,0.434109833653499,0.434062080243693,0.434062080243693,0.767238599979198,1.3038179226312,0.0013387323798852,1,"supplied",4001,"ok","bimodal",60,0
0.228121851221297,0.47566431124449,0.475610281716933,0.475548742111087,0.475548742111087,0.907175157909735,1.10283386632616,0.00133938551845065,1,"supplied",4001,"ok","bimodal",60,0
0.248840907345503,0.517262246164346,0.517182474040556,0.517105157852742,0.517105157852742,1.07151811113668,0.933842633000334,0.0013401522379156,1,"supplied",4001,"ok","bimodal",60,0
0.271441761659491,0.558330166324225,0.558215566417704,0.558120879309994,0.558120879309994,1.26413470822209,0.791726554355576,0.00134102917740657,1,"supplied",4001,"ok","bimodal",60,0
0.296095327568091,0.598293667081168,0.598133480415403,0.598020422748996,0.598020422748996,1.48938071932776,0.672183694669111,0.00134202259899236,1,"supplied",4001,"ok","bimodal",60,0
0.322988041602956,0.63664471390598,0.636426788308855,0.636295107644141,0.636295107644141,1.75212729323345,0.57159781363472,0.00134313636809403,1,"supplied",4001,"ok","bimodal",60,0
0.352323273302997,0.672965450064095,0.672676723863088,0.672526992711011,0.672526992711011,2.05778089867259,0.486929165428616,0.00134436551288008,1,"supplied",4001,"ok","bimodal",60,0
0.384322863146529,0.706942099613558,0.706569253215544,0.706402855835972,0.706402855835972,2.41229497202207,0.415622815987314,0.0013456806822704,1,"supplied",4001,"ok","bimodal",60,0
0.419228800165354,0.738368679300233,0.737898882569598,0.73771791060918,0.73771791060918,2.82217235048682,0.355531681715899,0.00134704390917691,1,"supplied",4001,"ok","bimodal",60,0
0.457305051927326,0.767141752335124,0.766563409200535,0.766370481511816,0.766370481511816,3.29445815223679,0.304851927526364,0.00134838099970548,1,"supplied",4001,"ok","bimodal",60,0
0.498839560726195,0.793248461249512,0.792551844130349,0.792349877801209,0.792349877801209,3.83672337358911,0.262068724961534,0.00134958700757243,1,"supplied",4001,"ok","bimodal",60,0
0.544146421074412,0.816750472559618,0.815928151647586,0.815720117178429,0.815720117178429,4.45703999332461,0.225910675660414,0.00135052565060968,1,"supplied",4001,"ok","bimodal",60,0
0.593568254965675,0.837766333688363,0.836813338967071,0.836602032353925,0.836602032353925,5.16394872121725,0.195311463906352,0.00135103356048275,1,"supplied",4001,"ok","bimodal",60,0
0.647478802869525,0.856454262124895,0.855367963794822,0.855155822912915,0.855155822912915,5.96642070188157,0.169377525365732,0.00135088637603081,1,"supplied",4001,"ok","bimodal",60,0
0.706285750051772,0.872996755707189,0.871776502123871,0.87156548584621,0.87156548584621,6.87381460661322,0.147360716136082,0.00134988590702594,1,"supplied",4001,"ok","bimodal",60,0
0.770433809594098,0.887587790587008,0.886234390490412,0.886025928272419,0.886025928272419,7.89583084632817,0.128635142709434,0.0013477885153807,1,"supplied",4001,"ok","bimodal",60,0
0.840408085427414,0.900422858201777,0.898938024854939,0.898733033909499,0.898733033909499,9.04246538855612,0.11267747180716,0.00134441549904263,1,"supplied",4001,"ok","bimodal",60,0
0.916737740811086,0.911691724656288,0.910077605721023,0.909876564008793,0.909876564008793,10.3239670473442,0.0990501784045689,0.00133963649862593,1,"supplied",4001,"ok","bimodal",60,0
1,0.921573573582685,0.91983247000632,0.919635527238111,0.919635527238111,11.7508041062447,0.0873873076687712,0.00133340599485449,1,"supplied",4001,"ok","bimodal",60,0
1.09082451336109,0.930234091697656,0.928368426048024,0.928175532279589,0.928175532279589,13.3336484012552,0.0773824187586702,0.00132579880442382,1,"supplied",4001,"ok","bimodal",60,0
1.18989811894946,0.937824041380723,0.935836580978974,0.935647613037798,0.935647613037798,15.0833869265018,0.0687784440055022,0.00131703604604462,1,"supplied",4001,"ok","bimodal",60,0
1.29797003655233,0.944478904212652,0.942373189831336,0.942188059076699,0.942188059076699,17.0111718945553,0.0613592375390045,0.00130744222109693,1,"supplied",4001,"ok","bimodal",60,0
1.41585753347947,0.950319246910252,0.94810013564841,0.947918865495297,0.947918865495297,19.1285193522229,0.054942607854407,0.0012974815614488,1,"supplied",4001,"ok","bimodal",60,0
1.54445210494638,0.955451537129215,0.953125746424237,0.952948513738321,0.952948513738321,21.4474636285554,0.0493746362823957,0.00128769208369853,1,"supplied",4001,"ok","bimodal",60,0
1.68472621578765,0.959969208751326,0.95754575003325,0.957372890153675,0.957372890153675,23.9807702722618,0.0445250855593813,0.0012786529862034,1,"supplied",4001,"ok","bimodal",60,0
1.83774065448323,0.963953837797519,0.961444250458422,0.961276230563455,0.961276230563455,26.7422044095214,0.0402837063950356,0.00127091076984971,1,"supplied",4001,"ok","bimodal",60,0
2.00465255511057,0.967476338501534,0.964894671173394,0.964732040332,0.964732040332,29.7468456479653,0.0365572596260651,0.0012648965070699,1,"supplied",4001,"ok","bimodal",60,0
2.18672414788655,0.970598124599593,0.967960652908769,0.967803978868269,0.967803978868269,33.0114358822893,0.0332670890332366,0.00126086076299897,1,"supplied",4001,"ok","bimodal",60,0
2.3853323044733,0.973372205334505,0.970696915328884,0.970546717506482,0.970546717506482,36.5547435513252,0.0303471043302166,0.00125883215549503,1,"supplied",4001,"ok","bimodal",60,0
2.60197895023158,0.975844201431364,0.973150099640081,0.973006784959348,0.973006784959348,40.3979275890468,0.0277420624993682,0.00125858281657703,1,"supplied",4001,"ok","bimodal",60,0
2.83830242216217,0.978053275755652,0.97535960668193,0.97522341030139,0.97522341030139,44.5648865346064,0.0254060653557859,0.00125969123594118,1,"supplied",4001,"ok","bimodal",60,0
3.09608985842665,0.980032978556453,0.977358436770343,0.977229364064323,0.977229364064323,49.0825825638201,0.0233012195222757,0.0012616121902369,1,"supplied",4001,"ok","bimodal",60,0
3.37729071314047,0.981812009726264,0.979174026651074,0.979051786436752,0.979051786436752,53.9813357578059,0.0213964305601122,0.00126377589633158,1,"supplied",4001,"ok","bimodal",60,0
3.68403149864039,0.983414901543129,0.980829068184013,0.980712979608821,0.980712979608821,59.2950897518305,0.0196663252064552,0.00126568237850937,1,"supplied",4001,"ok","bimodal",60,0
4.01863186671133,0.984862625700241,0.982342285714327,0.982231129837052,0.982231129837052,65.0616550927148,0.0180903146145404,0.00126694621571907,1,"supplied",4001,"ok","bimodal",60,0
4.38362215038276,0.986173128570648,0.983729146959074,0.983620912233054,0.983620912233054,71.3229405226973,0.0166518295445367,0.00126727310278867,1,"supplied",4001,"ok","bimodal",60,0
4.78176249895018,0.98736179885624,0.985002486336722,0.98489390983416,0.98489390983416,78.1251847177403,0.0153377841156352,0.00126641100223033,1,"supplied",4001,"ok","bimodal",60,0
5.21606375092565,0.988441872104185,0.986173028125433,0.986058725999521,0.986058725999521,85.5192018131348,0.0141383810445446,0.00126398154619147,1,"supplied",4001,"ok","bimodal",60,0
5.6898102027639,0.989424776995105,0.987249806293309,0.987120526243019,0.987120526243019,93.5606536653786,0.0130475189346942,0.00125932733010235,1,"supplied",4001,"ok","bimodal",60,0
6.20658444554691,0.990320428716434,0.988240486110294,0.988079339624676,0.988079339624676,102.310360624936,0.0120644769071397,0.00125120751099231,1,"supplied",4001,"ok","bimodal",60,0
6.77029445744823,0.991137475033519,0.989151600524795,0.988925208838628,0.988925208838628,111.834660977782,0.0111988157065775,0.00123712827046009,1,"supplied",4001,"ok","bimodal",60,0
7.38520315685726,0.991883500796024,0.989988723575876,0.989624030598459,0.989624030598459,122.205827397868,0.0104847589394793,0.00121150180542098,1,"supplied",4001,"ok","bimodal",60,0
8.05596063965163,0.992565196547909,0.990756611642686,0.990071079948519,0.990071079948519,133.502546899043,0.0100284921482586,0.0011602041845352,1,"supplied",4001,"ok","bimodal",60,0
8.7876393444041,0.993188496660576,0.99145934319478,0.989908939960685,0.989908939960685,145.810469021144,0.0101939275745057,0.00105296223058383,1,"supplied",4001,"ok","bimodal",60,0
9.58577241145239,0.993758692015584,0.992100471863012,0.98762952188983,0.98762952188983,159.222825487367,0.0125254235884919,0.000818073619532719,1,"supplied",4001,"ok","bimodal",60,0
10.4563955259127,0.994280521767536,0.992683179816224,0.974765668514488,0.974765668514488,173.841123500378,0.0258875874485488,0.00173661471436867,1,"supplied",4001,"ok","bimodal",60,0
11.4060925610648,0.994758248160297,0.993210393719474,0.889632742927244,0.889632742927244,189.775914347092,0.124059346904886,0.00280141452071701,1,"supplied",4001,"ok","bimodal",60,0
12.4420453672751,0.995195717788499,0.993684818077181,0.447084258113421,0.447084258113421,207.147639122034,1.23671485151309,0.00364667297040775,1,"supplied",4001,"ok","bimodal",60,0
13.5720880829745,0.995596412124433,0.994108850578412,0.0445235361508624,0.0445235361508624,226.087554116612,21.4600309510823,0.00450445500630013,1,"supplied",4001,"ok","bimodal",60,0
14.8047663784046,0.99596348959583,0.994484357852157,0.00163615343177259,0.00163615343177259,246.738739621966,610.18962352853,0.00538032061176656,1,"supplied",4001,"ok","bimodal",60,0
16.1494020801478,0.996299821023349,0.994812295230047,3.56853134628398e-05,3.56853134628398e-05,269.257197370805,28021.7326864126,0.00617704342647049,1,"supplied",4001,"ok","bimodal",60,0
17.6161636651498,0.996608019820225,0.995092152637194,4.79734031265911e-07,4.79734031265911e-07,293.81304341418,2084487.35151683,0.00680414648196247,1,"supplied",4001,"ok","bimodal",60,0
19.2161431573264,0.996890468024295,0.995321218050997,3.92043379363131e-09,3.92043379363131e-09,320.591804751659,255073812.929593,0.0071904273813521,1,"supplied",4001,"ok","bimodal",60,0
20.9614400082677,0.997149338971268,0.995493696043134,1.89536565596249e-11,1.89536565596249e-11,349.795829430794,52760268016.6343,0.00727629041872895,1,"supplied",4001,"ok","bimodal",60,0
22.8652525963663,0.997386617219143,0.995599848834314,5.2092678831208e-14,5.2092678831208e-14,381.645821088733,19196555493722.5,0.00700887236620962,1,"supplied",4001,"ok","bimodal",60,0
24.9419780363097,0.997604116186212,0.995625653567021,7.70095214281306e-17,7.70095214281306e-17,416.382510055488,12985407277634542,0.00634488050248077,1,"supplied",4001,"ok","bimodal",60,0
27.2073210537206,0.997803493857787,0.995554123001991,5.6661483543041e-20,5.6661483543041e-20,454.268474229083,17648673092725917696,0.00528381761500268,1,"supplied",4001,"ok","bimodal",60,0
29.6784127482837,0.997986266839362,0.995370055157367,1.85232310527959e-23,1.85232310527959e-23,495.590124027661,5.39862617461148e+22,0.00399172217195025,1,"supplied",4001,"ok","bimodal",60,0
32.3739401434763,0.998153822977939,0.995068661873076,2.26784303239354e-27,2.26784303239354e-27,540.659866876521,4.4094762543798e+26,0.00311871011325593,1,"supplied",4001,"ok","bimodal",60,0
35.3142875025886,0.998307432732283,0.994663055713316,8.20293797108262e-32,8.20293797108262e-32,589.818467941274,1.2190754136204e+31,0.00288568725535254,1,"supplied",4001,"ok","bimodal",60,0
38.5216904797049,0.998448259442199,0.994181073090565,6.91918287502084e-37,6.91918287502084e-37,643.437625202728,1.44525736356836e+36,0.00335063724547553,1,"supplied",4001,"ok","bimodal",60,0
42.0204042713707,0.998577368623441,0.993650422811724,1.21159831265282e-42,1.21159831265282e-42,701.922778505603,8.25356052048701e+41,0.00593674832749049,1,"supplied",4001,"ok","bimodal",60,0
45.8368870405543,0.998695736396311,0.993085009343758,4.35621668769001e-49,4.35621668769001e-49,765.716173917218,2.29556992154647e+48,0.0112776972515188,1,"supplied",4001,"ok","bimodal",60,0
50,0.998804257141049,0.992481352275144,3.1708361539833e-56,3.1708361539833e-56,835.300206615922,3.1537422668269e+55,0.0179632180134535,1,"supplied",4001,"ok","bimodal",60,0
0.02,0.00718320906445544,0.00718320905609908,0.00718320789834754,0.00718320789834754,0.0072351808813453,138.213567830891,0.00151889721883778,1,"supplied",4001,"wbar_undefined","heavy_tail",60,0
0.0218164902672218,0.00853490611885816,0.00853490610220752,0.00853490416241623,0.00853490416241623,0.00860837781534781,116.16593191562,0.00151884465532395,1,"supplied",4001,"wbar_undefined","heavy_tail",60,0
0.0237979623789893,0.0101381952766904,0.0101381952435503,0.0101381919968161,0.0101381919968161,0.0102420309868651,97.6369167514337,0.00151878216321004,1,"supplied",4001,"wbar_undefined","heavy_tail",60,0
0.0259594007310465,0.0120387734718935,0.0120387734060227,0.0120387679784215,0.0120387679784215,0.0121854716041845,82.064978226378,0.00151870787897879,1,"supplied",4001,"wbar_undefined","heavy_tail",60,0
0.0283171506695894,0.0142901758841594,0.014290175753439,0.0142901666931677,0.0142901666931677,0.0144973455012254,68.9781900009684,0.00151861959422077,1,"supplied",4001,"wbar_undefined","heavy_tail",60,0
0.0308890420989276,0.0169549322227477,0.0169549319638196,0.0169549168653806,0.0169549168653806,0.0172473600433033,57.9799412135041,0.00151851469379422,1,"supplied",4001,"wbar_undefined","heavy_tail",60,0
0.033694524315753,0.0201058155681633,0.0201058150564196,0.0201057899464538,0.0201057899464538,0.0205183538055399,48.7369167122118,0.00151839008370559,1,"supplied",4001,"wbar_undefined","heavy_tail",60,0
0.0367548130896647,0.0238271556873206,0.0238271546785532,0.0238271130178899,0.0238271130178899,0.0244087466949537,40.9689955408857,0.00151824210733155,1,"supplied",4001,"wbar_undefined","heavy_tail",60,0
0.0400930511022114,0.0282161688867171,0.0282161669043055,0.0282160979774036,0.0282160979774036,0.0290354377005763,34.4407615397718,0.00151806644855481,1,"supplied",4001,"wbar_undefined","heavy_tail",60,0
0.0437344829577311,0.0333842294696127,0.0333842255878679,0.0333841119244897,0.0333841119244897,0.0345372282218141,28.9543687806302,0.00151785802040411,1,"supplied",4001,"wbar_undefined","heavy_tail",60,0
0.047706646089466,0.0394579724155899,0.0394579648469118,0.0394577781338704,0.0394577781338704,0.0410788609789616,24.3435456149418,0.00151761083790482,1,"supplied",4001,"wbar_undefined","heavy_tail",60,0
0.0520395790046316,0.0465800721688029,0.0465800574842279,0.0465797521562589,0.0465797521562589,0.0488557778257913,20.46855562145,0.00151731787410658,1,"supplied",4001,"wbar_undefined","heavy_tail",60,0
0.0567660484432434,0.054909488646589,0.0549094603200108,0.0549089636469458,0.0549089636469458,0.0580997142463701,17.2119627394501,0.00151697089871316,1,"supplied",4001,"wbar_undefined","heavy_tail",60,0
0.0619217971685331,0.0646209110054592,0.0646208567289044,0.06462005372772,0.06462005372772,0.0690852636816177,14.475072246358,0.00151656029946232,1,"supplied",4001,"wbar_undefined","heavy_tail",60,0
0.0675458142628094,0.0759030678351253,0.0759029646403869,0.0759016755444161,0.0759016755444161,0.0821375606748393,12.1749397207288,0.00151607488746333,1,"supplied",4001,"wbar_undefined","heavy_tail",60,0
0.0736806299728077,0.0889555195932272,0.0889553251390918,0.0889532725098923,0.0889532725098923,0.0976412474981567,10.2418573458193,0.0015155016891672,1,"supplied",4001,"wbar_undefined","heavy_tail",60,0
0.0803726373342267,0.103983521826631,0.103983159146842,0.103979921158048,0.103979921158048,0.116050903481835,8.61724137566921,0.00151482572957375,1,"supplied",4001,"wbar_undefined","heavy_tail",60,0
0.0876724430076553,0.121190569724356,0.121189901142204,0.121184847365828,0.121184847365828,0.137903128424947,7.25185674394786,0.00151402981368231,1,"supplied",4001,"wbar_undefined","heavy_tail",60,0
0.0956352499790037,0.140768335605304,0.14076711930456,0.140759325909762,0.140759325909762,0.163830479530187,6.10432501389698,0.00151309431599759,1,"supplied",4001,"wbar_undefined","heavy_tail",60,0
0.104321275018513,0.162883922699293,0.162881742632191,0.162869885821174,0.162869885821174,0.194577463169163,5.13987045522931,0.00151199898093987,1,"supplied",4001,"wbar_undefined","heavy_tail",60,0
0.113796204055278,0.187664705410348,0.187660862155359,0.187643092483092,0.187643092483092,0.231018775941707,4.32926625098181,0.00151071772111123,1,"supplied",4001,"wbar_undefined","heavy_tail",60,0
0.124131688910938,0.215181510733463,0.215174858429122,0.215148664698006,0.215148664698006,0.27417997113519,3.64794890269783,0.00150922218342661,1,"supplied",4001,"wbar_undefined","heavy_tail",60,0
0.135405889148965,0.24543148030638,0.245420194391337,0.24538227370636,0.24538227370636,0.325260693894351,3.0752739996071,0.00150748162728057,1,"supplied",4001,"wbar_undefined","heavy_tail",60,0
0.147704063137145,0.278322544814666,0.278303809114202,0.27824996789474,0.27824996789474,0.385660578441084,2.59389080101634,0.00150546246396398,1,"supplied",4001,"wbar_undefined","heavy_tail",60,0
0.161119212793033,0.313661890861102,0.313631502777786,0.313556619120932,0.313556619120932,0.457007831394694,2.18921668055849,0.00150312839556476,1,"supplied",4001,"wbar_undefined","heavy_tail",60,0
0.175752786888082,0.351150917553131,0.351102827897362,0.351000904767442,0.351000904767442,0.541190435576958,1.84899550518981,0.00150044062572954,1,"supplied",4001,"wbar_undefined","heavy_tail",60,0
0.191715448229048,0.39038879630014,0.390314624182338,0.390178951937475,0.390178951937475,0.640389799155245,1.5629265623745,0.00149736343850739,1,"supplied",4001,"wbar_undefined","heavy_tail",60,0
0.209127910518255,0.430885787789102,0.430774375679122,0.430597800412993,0.430597800412993,0.757116548039091,1.32235278266839,0.00149385010808347,1,"supplied",4001,"wbar_undefined","heavy_tail",60,0
0.228121851221297,0.472086025883633,0.471923116477402,0.471698380953643,0.471698380953643,0.894248019620657,1.11999879664263,0.00148985427246639,1,"supplied",4001,"wbar_undefined","heavy_tail",60,0
0.248840907345503,0.513397829132865,0.513165944080203,0.512886038781719,0.512886038781719,1.05506686954968,0.949750869365337,0.00148532842929456,1,"supplied",4001,"wbar_undefined","heavy_tail",60,0
0.271441761659491,0.554228157495117,0.553906732025454,0.553565175469114,0.553565175469114,1.24330005767254,0.806472018678845,0.00148022932357235,1,"supplied",4001,"wbar_undefined","heavy_tail",60,0
0.296095327568091,0.594017002923238,0.59358278197714,0.593173750139693,0.593173750139693,1.46315734205717,0.685846684490841,0.00147449203612032,1,"supplied",4001,"wbar_undefined","heavy_tail",60,0
0.322988041602956,0.632267536366516,0.631695178973795,0.631213424846255,0.631213424846255,1.71936828780146,0.584250208625665,0.00146805107757837,1,"supplied",4001,"wbar_undefined","heavy_tail",60,0
0.352323273302997,0.668568717144715,0.667831505045953,0.667272043954382,0.667272043954382,2.01721669537344,0.498639136856099,0.00146083302451008,1,"supplied",4001,"wbar_undefined","heavy_tail",60,0
0.384322863146529,0.70260853439757,0.701679056022448,0.70103662749112,0.70103662749112,2.36257127612686,0.426458990564893,0.00145273580914193,1,"supplied",4001,"wbar_undefined","heavy_tail",60,0
0.419228800165354,0.734177681161822,0.733028372201907,0.73229671139452,0.73229671139452,2.76191135631752,0.365566695084142,0.0014436327097866,1,"supplied",4001,"wbar_undefined","heavy_tail",60,0
0.457305051927326,0.763164859409599,0.761768322948622,0.760939275503632,0.760939275503632,3.22234638621246,0.314165311467389,0.00143336427700889,1,"supplied",4001,"wbar_undefined","heavy_tail",60,0
0.498839560726195,0.789545818494571,0.787874906815717,0.786937398682463,0.786937398682463,3.75162808762821,0.2707491112689,0.00142172718995254,1,"supplied",4001,"wbar_undefined","heavy_tail",60,0
0.544146421074412,0.813368567201806,0.81139626527845,0.810335098098405,0.810335098098405,4.35815422411352,0.234057370027137,0.00140846518092861,1,"supplied",4001,"wbar_undefined","heavy_tail",60,0
0.593568254965675,0.834737056660717,0.832436248025413,0.831230636570691,0.831230636570691,5.05096326976951,0.203035542729248,0.00139326846818848,1,"supplied",4001,"wbar_undefined","heavy_tail",60,0
0.647478802869525,0.853795179108784,0.85113839022187,0.849760094742712,0.849760094742712,5.83971974319542,0.176802730778712,0.001375748899097,1,"supplied",4001,"wbar_undefined","heavy_tail",60,0
0.706285750051772,0.870712348301615,0.867671558805496,0.866082389396566,0.866082389396566,6.73469072153079,0.15462456256239,0.00135545474976804,1,"supplied",4001,"wbar_undefined","heavy_tail",60,0
0.770433809594098,0.885671364771865,0.88221794621327,0.880366318092772,0.880366318092772,7.7467150990176,0.135890798464896,0.00133183029448013,1,"supplied",4001,"wbar_undefined","heavy_tail",60,0
0.840408085427414,0.898858808827,0.894963624555916,0.892779701910558,0.892779701910558,8.88716850575267,0.120097150349621,0.00130421881707737,1,"supplied",4001,"wbar_undefined","heavy_tail",60,0
0.916737740811086,0.910457878522259,0.906091552245878,0.90348029893441,0.90348029893441,10.1679283838343,0.106830996956356,0.00127182170183537,1,"supplied",4001,"wbar_undefined","heavy_tail",60,0
1,0.920643393910501,0.915776739343906,0.912607838133279,0.912607838133279,11.6013453608663,0.0957609152749332,0.00123366942465281,1,"supplied",4001,"wbar_undefined","heavy_tail",60,0
1.09082451336109,0.929578597940663,0.924183197641998,0.920276203425733,0.920276203425733,13.2002284924319,0.0866302923812385,0.00118859294516326,1,"supplied",4001,"wbar_undefined","heavy_tail",60,0
1.18989811894946,0.937413367658104,0.931462291811323,0.926564365928409,0.926564365928409,14.9778528190691,0.0792558366930167,0.00113517260108593,1,"supplied",4001,"wbar_undefined","heavy_tail",60,0
1.29797003655233,0.944283478329463,0.937752138065323,0.931503937180677,0.931503937180677,16.9479976498389,0.0735327679093181,0.00107175056308424,1,"supplied",4001,"wbar_undefined","heavy_tail",60,0
1.41585753347947,0.950310615288838,0.943177743919636,0.935059888254213,0.935059888254213,19.1250227953689,0.0694502165706546,0.000996506766621584,1,"supplied",4001,"wbar_undefined","heavy_tail",60,0
1.54445210494638,0.955602887986151,0.947851632079189,0.937098485317426,0.937098485317426,21.5239875892841,0.0671236968879184,0.000907704848993989,1,"supplied",4001,"wbar_undefined","heavy_tail",60,0
1.68472621578765,0.960255658179365,0.951874735471491,0.937331772217597,0.937331772217597,24.1608141987348,0.0668581068516849,0.000804249990104912,1,"supplied",4001,"wbar_undefined","heavy_tail",60,0
1.83774065448323,0.964352544285675,0.955337387048347,0.935219016836427,0.935219016836427,27.0524929468706,0.0692682483967312,0.000686658062287011,1,"supplied",4001,"wbar_undefined","heavy_tail",60,0
2.00465255511057,0.967966504594475,0.95832026033999,0.929789036364169,0.929789036364169,30.2173238461986,0.0755127893423896,0.000593397601359423,1,"supplied",4001,"wbar_undefined","heavy_tail",60,0
2.18672414788655,0.971160933337612,0.960895151718328,0.919318722689105,0.919318722689105,33.6751859797258,0.0877620299898749,0.000857091578336318,1,"supplied",4001,"wbar_undefined","heavy_tail",60,0
2.3853323044733,0.973990726599074,0.963125540650014,0.900762995941284,0.900762995941284,37.4478253038934,0.110169938714029,0.00120240207670674,1,"supplied",4001,"wbar_undefined","heavy_tail",60,0
2.60197895023158,0.976503291288304,0.965066924179519,0.868818923282871,0.868818923282871,41.5591521038108,0.150987821744783,0.00162741018312506,1,"supplied",4001,"wbar_undefined","heavy_tail",60,0
2.83830242216217,0.978739481526702,0.966766992289298,0.81472903824837,0.81472903824837,46.0355415488077,0.227401937397437,0.00212080810641792,1,"supplied",4001,"wbar_undefined","heavy_tail",60,0
3.09608985842665,0.98073445426516,0.96826577510554,0.726082935668805,0.726082935668805,50.9061340780793,0.377253135798992,0.00266878568887082,1,"supplied",4001,"wbar_undefined","heavy_tail",60,0
3.37729071314047,0.982518440942334,0.969595923329645,0.591973515705865,0.591973515705865,56.2031359846867,0.68926476179869,0.00326268230150246,1,"supplied",4001,"wbar_undefined","heavy_tail",60,0
3.68403149864039,0.984117435383147,0.970783252302573,0.419012404863855,0.419012404863855,61.962123820914,1.38656418853499,0.00390198421780582,1,"supplied",4001,"wbar_undefined","heavy_tail",60,0
4.01863186671133,0.985553800516309,0.97184758369593,0.245364692320789,0.245364692320789,68.2223585261245,3.07556600968734,0.00459224130447799,1,"supplied",4001,"wbar_undefined","heavy_tail",60,0
4.38362215038276,0.986846798216853,0.97280379564183,0.116936152618977,0.116936152618977,75.0271161719158,7.55167523134084,0.00534098438262791,1,"supplied",4001,"wbar_undefined","heavy_tail",60,0
4.78176249895018,0.988013047840308,0.973662911989255,0.0461773650784353,0.0461773650784353,82.4240419647859,20.6556314614624,0.00615438460368345,1,"supplied",4001,"wbar_undefined","heavy_tail",60,0
5.21606375092565,0.989066919884222,0.974433076135428,0.015513441778146,0.015513441778146,90.4655329888983,63.4602283813455,0.00703567277880795,1,"supplied",4001,"wbar_undefined","heavy_tail",60,0
5.6898102027639,0.990020871710645,0.97512034998495,0.00450172888236933,0.00450172888236933,99.2091536458844,221.136878103971,0.00798515979236977,1,"supplied",4001,"wbar_undefined","heavy_tail",60,0
6.20658444554691,0.990885732401176,0.975729376775361,0.00113051216872954,0.00113051216872954,108.718086413114,883.554830686866,0.00900125559824449,1,"supplied",4001,"wbar_undefined","heavy_tail",60,0
6.77029445744823,0.991670943624498,0.976263967676483,0.000244084516915117,0.000244084516915117,119.061619818211,4095.94155384613,0.0100818538908217,1,"supplied",4001,"wbar_undefined","heavy_tail",60,0
7.38520315685726,0.992384762935303,0.976727599970061,4.48132583135717e-05,4.48132583135717e-05,130.315675599358,22313.8246218274,0.0112256219972877,1,"supplied",4001,"wbar_undefined","heavy_tail",60,0
8.05596063965163,0.993034435277379,0.977123719037612,6.90385289527048e-06,6.90385289527048e-06,142.563377819521,144845.65521843,0.0124329801659008,1,"supplied",4001,"wbar_undefined","heavy_tail",60,0
8.7876393444041,0.993626337725485,0.977455732046161,8.79258545342786e-07,8.79258545342786e-07,155.895667973891,1137320.90070458,0.0137067593905929,1,"supplied",4001,"wbar_undefined","heavy_tail",60,0
9.58577241145239,0.994166101754885,0.97772672807224,9.10669135253056e-08,9.10669135253056e-08,170.411971547032,10980935.5585024,0.0150526286388256,1,"supplied",4001,"wbar_undefined","heavy_tail",60,0
10.4563955259127,0.994658716636465,0.977939158288045,7.53384736215012e-09,7.53384736215012e-09,186.220922751822,132734304.850684,0.016479384467356,1,"supplied",4001,"wbar_undefined","heavy_tail",60,0
11.4060925610648,0.99510861695482,0.978094745355355,4.88110807681392e-10,4.88110807681392e-10,203.441155142272,2048715135.52846,0.0179991425587276,1,"supplied",4001,"wbar_undefined","heavy_tail",60,0
12.4420453672751,0.995519756747215,0.978194683847933,2.42355240186073e-11,2.42355240186073e-11,222.202166395411,41261744503.9767,0.0196274088300584,1,"supplied",4001,"wbar_undefined","heavy_tail",60,0
13.5720880829745,0.995895672356197,0.978239944400034,9.00462695356516e-13,9.00462695356516e-13,242.645265871975,1110540175796.15,0.0213829686492671,1,"supplied",4001,"wbar_undefined","heavy_tail",60,0
14.8047663784046,0.996239535761614,0.978231437262735,2.43874124221189e-14,2.43874124221189e-14,264.924613719835,41004760271040.3,0.023287530500461,1,"supplied",4001,"wbar_undefined","heavy_tail",60,0
16.1494020801478,0.996554199890857,0.978169911818659,4.67753755575614e-16,4.67753755575614e-16,289.208360417247,2137877009174212,0.0253650970545101,1,"supplied",4001,"wbar_undefined","heavy_tail",60,0
17.6161636651498,0.996842237183318,0.978055596533283,6.15515837346705e-18,6.15515837346705e-18,315.679895879835,162465356587847424,0.0276411040490144,1,"supplied",4001,"wbar_undefined","heavy_tail",60,0
19.2161431573264,0.997105972494807,0.977887620672915,5.36663642893812e-20,5.36663642893812e-20,344.539217649285,18633645361324883968,0.0301414473296676,1,"supplied",4001,"wbar_undefined","heavy_tail",60,0
20.9614400082677,0.997347511262471,0.977663223469523,2.98419999719866e-22,2.98419999719866e-22,376.00442827573,3.35098184082408e+21,0.0328915828945644,1,"supplied",4001,"wbar_undefined","heavy_tail",60,0
22.8652525963663,0.997568763706395,0.977376704542488,1.01505192300581e-24,1.01505192300581e-24,410.313372801512,9.85171277779333e+23,0.0359159028790882,1,"supplied",4001,"wbar_undefined","heavy_tail",60,0
24.9419780363097,0.997771465718062,0.977018052552534,2.01789372696077e-27,2.01789372696077e-27,447.725428235417,4.95566236536222e+26,0.0392375420448126,1,"supplied",4001,"wbar_undefined","heavy_tail",60,0
27.2073210537206,0.997957196976871,0.976571277145177,2.23099375590592e-30,2.23099375590592e-30,488.523458051534,4.48230748003119e+29,0.0428786607631644,1,"supplied",4001,"wbar_undefined","heavy_tail",60,0
29.6784127482837,0.998127396742694,0.976012806584249,1.29962531041567e-33,1.29962531041567e-33,533.015946035959,7.69452542964222e+32,0.0468611193888515,1,"supplied",4001,"wbar_undefined","heavy_tail",60,0
32.3739401434763,0.998283377693661,0.975311135887495,3.76113078648823e-37,3.76113078648823e-37,581.53932522463,2.65877486524126e+36,0.0512073591338712,1,"supplied",4001,"wbar_undefined","heavy_tail",60,0
35.3142875025886,0.998426338112671,0.974430252614215,5.07232928229094e-41,5.07232928229094e-41,634.460519220933,1.97148084114197e+40,0.0559412759258674,1,"supplied",4001,"wbar_undefined","heavy_tail",60,0
38.5216904797049,0.998557372671805,0.973339881006788,2.97325291221011e-45,2.97325291221011e-45,692.179714854609,3.36331966881576e+44,0.0610889187502328,1,"supplied",4001,"wbar_undefined","heavy_tail",60,0
42.0204042713707,0.998677482019367,0.972031152814858,7.02170992780599e-50,7.02170992780599e-50,755.133386951234,1.42415452971077e+49,0.0666789301718923,1,"supplied",4001,"wbar_undefined","heavy_tail",60,0
45.8368870405543,0.998787581338134,0.970524935010969,6.15090089396679e-55,6.15090089396679e-55,823.797597936274,1.62577810509167e+54,0.0727427312509158,1,"supplied",4001,"wbar_undefined","heavy_tail",60,0
50,0.998888508014071,0.968856008261462,1.82634994566147e-60,1.82634994566147e-60,898.691597114309,5.47540192051101e+59,0.0793145073584634,1,"supplied",4001,"wbar_undefined","heavy_tail",60,0
0.02,0.000733578711116055,0.000733578702846134,0.000733567426220759,0.000733567426220759,0.000734117243897641,1362.20120585488,0.00159549319550534,1,"supplied",4001,"ok","normal",10,0.2
0.0218164902672218,0.00087263241757038,0.000872632403577977,0.000872616363408692,0.000872616363408692,0.000873394569985479,1144.97896845953,0.00159544080593063,1,"supplied",4001,"ok","normal",10,0.2
0.0237979623789893,0.00103799509737442,0.00103799507369141,0.00103797224835334,0.00103797224835334,0.00103907365072968,962.416894417375,0.00159537825455433,1,"supplied",4001,"ok","normal",10,0.2
0.0259594007310465,0.00123462472679693,0.00123462468669688,0.00123459219154036,0.00123459219154036,0.00123615090927557,808.984063443922,0.00159530359635387,1,"supplied",4001,"ok","normal",10,0.2
0.0283171506695894,0.00146840570736115,0.00146840563943659,0.00146835935567231,0.00146835935567231,0.00147056509353755,680.032198376353,0.00159521451766424,1,"supplied",4001,"ok","normal",10,0.2
0.0308890420989276,0.00174631876955741,0.00174631865445275,0.00174625269704938,0.00174625269704938,0.00174937373374362,571.654806311644,0.00159510911197142,1,"supplied",4001,"ok","normal",10,0.2
0.033694524315753,0.00207664073114359,0.0020766405360008,0.00207654649005858,0.00207654649005858,0.0020809621418874,480.568799344236,0.00159498611781527,1,"supplied",4001,"ok","normal",10,0.2
0.0367548130896647,0.00246917881863536,0.00246917848764581,0.00246904431147975,0.00246904431147975,0.00247529075413544,404.015007365614,0.00159483915789254,1,"supplied",4001,"ok","normal",10,0.2
0.0400930511022114,0.00293554477615678,0.00293554421448144,0.0029353526624655,0.0029353526624655,0.00294418757059968,339.674567927407,0.00159466365559502,1,"supplied",4001,"ok","normal",10,0.2
0.0437344829577311,0.0034894744536851,0.00348947350007506,0.00348919985290697,0.00348919985290697,0.00350169352378097,285.598659336428,0.00159445417689009,1,"supplied",4001,"ok","normal",10,0.2
0.047706646089466,0.00414719892437839,0.00414719730453655,0.00414680609994181,0.00414680609994181,0.00416446980909126,240.149447526382,0.0015942042748371,1,"supplied",4001,"ok","normal",10,0.2
0.0520395790046316,0.00492787333589502,0.00492787058300669,0.00492731090299844,0.00492731090299844,0.00495227753229838,201.950457092421,0.00159391013786848,1,"supplied",4001,"ok","normal",10,0.2
0.0567660484432434,0.00585406952105911,0.00585406484035727,0.00585326351336603,0.00585326351336603,0.00588854145209733,169.844862479962,0.0015935615947204,1,"supplied",4001,"ok","normal",10,0.2
0.0619217971685331,0.00695233769367164,0.00695232973162677,0.00695118152261431,0.00695118152261431,0.00700101108694522,142.860435344221,0.00159314590303472,1,"supplied",4001,"ok","normal",10,0.2
0.0675458142628094,0.00825384108272507,0.00825382753380214,0.00825218098558289,0.00825218098558289,0.00832253395539851,120.180085815746,0.00159265061189624,1,"supplied",4001,"ok","normal",10,0.2
0.0736806299728077,0.00979506477603634,0.00979504171311165,0.00979267871580221,0.00979267871580221,0.00989195713695459,101.117104933334,0.00159206947139934,1,"supplied",4001,"ok","normal",10,0.2
0.0803726373342267,0.011618595917217,0.0116185566526526,0.0116151629851495,0.0116151629851495,0.0117551745401352,85.0943579765985,0.00159137731934994,1,"supplied",4001,"ok","normal",10,0.2
0.0876724430076553,0.0137739661855075,0.013773899336987,0.0137690222518237,0.0137690222518237,0.0139663380535931,71.6267981640854,0.00159055776048015,1,"supplied",4001,"ok","normal",10,0.2
0.0956352499790037,0.0163185385414603,0.0163184247548699,0.0163114120483459,0.0163114120483459,0.0165892508711756,60.3067708078289,0.00158959102532731,1,"supplied",4001,"ok","normal",10,0.2
0.104321275018513,0.019318407826823,0.0193182142413407,0.019308127025837,0.019308127025837,0.0196989603771533,50.7916625813502,0.00158844639053874,1,"supplied",4001,"ok","normal",10,0.2
0.113796204055278,0.022849268253769,0.0228489391934656,0.0228344276234551,0.0228344276234551,0.023383565617288,42.7935216284037,0.00158709924651331,1,"supplied",4001,"ok","normal",10,0.2
0.124131688910938,0.0269971795490081,0.0269966209558959,0.0269757483395934,0.0269757483395934,0.0277462500432371,36.0703339685394,0.00158551246911848,1,"supplied",4001,"ok","normal",10,0.2
0.135405889148965,0.0318591373754305,0.0318581909638303,0.0318281870124606,0.0318281870124606,0.0329075433187092,30.4186918534978,0.00158364572992054,1,"supplied",4001,"ok","normal",10,0.2
0.147704063137145,0.0375433232604672,0.0375417239995422,0.0374986426647033,0.0374986426647033,0.0390078059281077,25.6676319178155,0.00158146096635087,1,"supplied",4001,"ok","normal",10,0.2
0.161119212793033,0.0441688765408285,0.0441661835174579,0.0441044356508974,0.0441044356508974,0.0462099166440411,21.6734564277245,0.00157890771599038,1,"supplied",4001,"ok","normal",10,0.2
0.175752786888082,0.0518649996516442,0.0518604852597472,0.0517722126945135,0.0517722126945135,0.0547021253646246,18.3153807410278,0.00157593297092156,1,"supplied",4001,"ok","normal",10,0.2
0.191715448229048,0.0607691848904356,0.0607616603696745,0.0606359186401764,0.0606359186401764,0.0647010126933991,15.4918751529793,0.00157248146854503,1,"supplied",4001,"ok","normal",10,0.2
0.209127910518255,0.0710243450104368,0.0710118917299518,0.0708336177043303,0.0708336177043303,0.076454473945536,13.1175903816482,0.00156849563999179,1,"supplied",4001,"ok","normal",10,0.2
0.228121851221297,0.0827746538459412,0.0827542203681422,0.0825029842334527,0.0825029842334527,0.0902446211206621,11.1207736822025,0.00156392429055668,1,"supplied",4001,"ok","normal",10,0.2
0.248840907345503,0.0961599702062529,0.0961267875902087,0.0957753721698467,0.0957753721698467,0.106390475124449,9.44109751123299,0.00155870645440823,1,"supplied",4001,"ok","normal",10,0.2
0.271441761659491,0.111308840290285,0.111255607122645,0.110768525745009,0.110768525745009,0.125250306671941,8.02783523816156,0.00155280389685521,1,"supplied",4001,"ok","normal",10,0.2
0.296095327568091,0.128330255844361,0.128246057603225,0.127578212324307,0.127578212324307,0.147223483096423,6.83832898879298,0.00154618023418098,1,"supplied",4001,"ok","normal",10,0.2
0.322988041602956,0.147304578985587,0.147173542831441,0.14626932197437,0.14626932197437,0.17275169463247,5.83670359923611,0.00153882440974365,1,"supplied",4001,"ok","normal",10,0.2
0.352323273302997,0.168274302828359,0.168074056641584,0.166867238850345,0.166867238850345,0.202319470710826,4.9927880804503,0.00153074675169026,1,"supplied",4001,"ok","normal",10,0.2
0.384322863146529,0.191235551628353,0.190935655260868,0.189350470914367,0.189350470914367,0.236453953945902,4.28121210985658,0.00152198216848281,1,"supplied",4001,"ok","normal",10,0.2
0.419228800165354,0.216131371545698,0.215692003021995,0.2136455403437,0.2136455403437,0.275723971722002,3.68065000744346,0.00151259240795568,1,"supplied",4001,"ok","normal",10,0.2
0.457305051927326,0.242847859396387,0.242219131163589,0.239624926219328,0.239624926219328,0.320738523175521,3.17318855670591,0.00150266035192228,1,"supplied",4001,"ok","normal",10,0.2
0.498839560726195,0.271213979837618,0.270336273008043,0.267108421944667,0.267108421944667,0.372144871518238,2.74379809037678,0.0014922622227209,1,"supplied",4001,"ok","normal",10,0.2
0.544146421074412,0.30100553292968,0.299811114087859,0.295867725085636,0.295867725085636,0.430626488634851,2.37988876519249,0.0014814687041492,1,"supplied",4001,"ok","normal",10,0.2
0.593568254965675,0.331953209803383,0.330369114597629,0.325633590094309,0.325633590094309,0.496901137277651,2.07093626216627,0.00147029409929055,1,"supplied",4001,"ok","normal",10,0.2
0.647478802869525,0.363754115404933,0.361705897567788,0.356104607037229,0.356104607037229,0.571719400018502,1.80816361327068,0.00145869250131112,1,"supplied",4001,"ok","normal",10,0.2
0.706285750051772,0.396085662336281,0.39350124989962,0.386956673150447,0.386956673150447,0.655863982081571,1.58426865172888,0.0014465248763117,1,"supplied",4001,"ok","normal",10,0.2
0.770433809594098,0.428620447641528,0.425433193889942,0.417852390511598,0.417852390511598,0.750150133781161,1.39318961123005,0.00143357582321723,1,"supplied",4001,"ok","normal",10,0.2
0.840408085427414,0.461040665478966,0.457190854758735,0.448449740652894,0.448449740652894,0.855427554453041,1.2299042888153,0.0014195563483128,1,"supplied",4001,"ok","normal",10,0.2
0.916737740811086,0.493050774917511,0.488485326025661,0.478409278649664,0.478409278649664,0.972584137666418,1.090260462386,0.00140412142303285,1,"supplied",4001,"ok","normal",10,0.2
1,0.524387477515744,0.51905819782828,0.507398737490326,0.507398737490326,1.10255187305987,0.970836594797529,0.00138686741543427,1,"supplied",4001,"ok","normal",10,0.2
1.09082451336109,0.554826482526808,0.548687695084127,0.535093487303602,0.535093487303602,1.24631511253411,0.868832313843169,0.00136730512786499,1,"supplied",4001,"ok","normal",10,0.2
1.18989811894946,0.584185965828588,0.577192447279629,0.561170930356096,0.561170930356096,1.40492123358147,0.781988242629462,0.0013447906092464,1,"supplied",4001,"ok","normal",10,0.2
1.29797003655233,0.612326995303454,0.604432885783617,0.585296631821307,0.585296631821307,1.5794935109881,0.708535374427549,0.00131839874395431,1,"supplied",4001,"ok","normal",10,0.2
1.41585753347947,0.639151458230986,0.630310278672598,0.607099484329732,0.607099484329732,1.77124578388935,0.647176493823,0.00128677939851628,1,"supplied",4001,"ok","normal",10,0.2
1.54445210494638,0.66459816902154,0.654763542907746,0.626131936261564,0.626131936261564,1.98149833315675,0.59710748180437,0.00124796945169897,1,"supplied",4001,"ok","normal",10,0.2
1.68472621578765,0.688637864450311,0.677764200398651,0.641808734424038,0.641808734424038,2.21169431290856,0.558096589161262,0.00119923546405565,1,"supplied",4001,"ok","normal",10,0.2
1.83774065448323,0.711267730824226,0.699310091721473,0.653313515212171,0.653313515212171,2.46341613583628,0.530658675682286,0.00113699160249345,1,"supplied",4001,"ok","normal",10,0.2
2.00465255511057,0.732505984380162,0.719418644001606,0.659457541539013,0.659457541539013,2.73840139071073,0.516397852796169,0.00105702405423199,1,"supplied",4001,"ok","normal",10,0.2
2.18672414788655,0.752386875293314,0.73812053867321,0.658472127211925,0.658472127211925,3.03855813856623,0.51866716702825,0.000955297968505644,1,"supplied",4001,"ok","normal",10,0.2
2.3853323044733,0.77095633518126,0.755454502580437,0.647727492130817,0.647727492130817,3.36597973924046,0.543859126174063,0.00110819767758113,1,"supplied",4001,"ok","normal",10,0.2
2.60197895023158,0.78826835813917,0.771463667122704,0.623431890975871,0.623431890975871,3.72295964463023,0.604024456359906,0.00140472218339495,1,"supplied",4001,"ok","normal",10,0.2
2.83830242216217,0.804382107230974,0.786193574706187,0.580564524876693,0.580564524876693,4.11200681003521,0.722461427026378,0.00170315496550705,1,"supplied",4001,"ok","normal",10,0.2
3.09608985842665,0.819359674852896,0.799691543002928,0.513766835662969,0.513766835662969,4.53586248909622,0.946408235380923,0.00195098913291009,1,"supplied",4001,"ok","normal",10,0.2
3.37729071314047,0.8332643932186,0.812006783230417,0.420510319392102,0.420510319392102,4.99751918203686,1.37806292469973,0.00209541334021285,1,"supplied",4001,"ok","normal",10,0.2
3.68403149864039,0.846159583530875,0.82319046516044,0.30700807883389,0.30700807883389,5.50024241321977,2.25724327450373,0.00210739480979036,1,"supplied",4001,"ok","normal",10,0.2
4.01863186671133,0.858107641071874,0.833294925818384,0.192111916608677,0.192111916608677,6.04759585050339,4.20529916963429,0.00200007254908103,1,"supplied",4001,"ok","normal",10,0.2
4.38362215038276,0.869169370819208,0.842371520404752,0.0996284890808151,0.0996284890808151,6.64347008236215,9.03728962695434,0.00184179423094916,1,"supplied",4001,"ok","normal",10,0.2
4.78176249895018,0.879403508194758,0.850467174117668,0.0418668847943449,0.0418668847943449,7.29211517707295,22.8852258751068,0.001720722212202,1,"supplied",4001,"ok","normal",10,0.2
5.21606375092565,0.888866378078318,0.857620304463942,0.0139918422018927,0.0139918422018927,7.99817699367992,70.4702171144219,0.00165151266688515,1,"supplied",4001,"ok","normal",10,0.2
5.6898102027639,0.897611660083937,0.863857167226754,0.00361829860992046,0.00361829860992046,8.76673711889259,275.372988469844,0.00161719807946574,1,"supplied",4001,"ok","normal",10,0.2
6.20658444554691,0.905690238651316,0.869189615341401,0.000693905442883838,0.000693905442883838,9.60335627722332,1440.118541806,0.00160408067727436,1,"supplied",4001,"ok","normal",10,0.2
6.77029445744823,0.913150123122758,0.873614681354543,9.32828266634082e-05,9.32828266634082e-05,10.5141211013281,10719.0868130668,0.0016053817056713,1,"supplied",4001,"ok","normal",10,0.2
7.38520315685726,0.920036426567713,0.877115503003996,8.24202684058788e-06,8.24202684058788e-06,11.5056942439772,121328.379209917,0.00162693723392772,1,"supplied",4001,"ok","normal",10,0.2
8.05596063965163,0.926391393735179,0.879662432964327,4.48985805161479e-07,4.48985805161479e-07,12.5853679446438,2227240.90498706,0.00170177604993738,1,"supplied",4001,"ok","normal",10,0.2
8.7876393444041,0.932254469100116,0.881213312364626,1.4310460293992e-08,1.4310460293992e-08,13.7611213126047,69878953.2374004,0.00192588094263533,1,"supplied",4001,"ok","normal",10,0.2
9.58577241145239,0.937662396222836,0.881713057291951,2.5831584506565e-10,2.5831584506565e-10,15.0416817363508,3871229809.72204,0.00256985311049987,1,"supplied",4001,"ok","normal",10,0.2
10.4563955259127,0.942649339989142,0.881094514006218,2.60047320876403e-12,2.60047320876403e-12,16.4365909618244,384545396056.084,0.00424545865766671,1,"supplied",4001,"ok","normal",10,0.2
11.4060925610648,0.94724702393538,0.879284182812796,1.44572727216201e-14,1.44572727216201e-14,17.9562764909235,69169339145448.6,0.00658106172046893,1,"supplied",4001,"ok","normal",10,0.2
12.4420453672751,0.951484875805733,0.876216776289224,4.37188505624018e-17,4.37188505624018e-17,19.6121290341492,22873428444159488,0.00940092088347345,1,"supplied",4001,"ok","normal",10,0.2
13.5720880829745,0.95539017565461,0.871859915273312,7.01104396713771e-20,7.01104396713771e-20,21.4165868096127,14263211080792217600,0.0126568560426655,1,"supplied",4001,"ok","normal",10,0.2
14.8047663784046,0.958988202068694,0.86624295306517,5.75124256263171e-23,5.75124256263171e-23,23.383227520895,1.73875469363339e+22,0.0163222154360693,1,"supplied",4001,"ok","normal",10,0.2
16.1494020801478,0.962302373315811,0.859474380644968,2.30535360170044e-26,2.30535360170044e-26,25.5268688763218,4.3377293585782e+25,0.0203894541585114,1,"supplied",4001,"ok","normal",10,0.2
17.6161636651498,0.965354381333937,0.851729336052668,4.27661152306636e-30,4.27661152306636e-30,27.8636785400965,2.33829983061682e+29,0.0248648441001866,1,"supplied",4001,"ok","normal",10,0.2
19.2161431573264,0.968164317393515,0.843199385311228,3.44969193100348e-34,3.44969193100348e-34,30.4112944384076,2.89880957488604e+33,0.0297641667975884,1,"supplied",4001,"ok","normal",10,0.2
20.9614400082677,0.970750788976946,0.834018312813005,1.12813862749048e-38,1.12813862749048e-38,33.1889563862701,8.86415885097805e+37,0.0351098823394278,1,"supplied",4001,"ok","normal",10,0.2
22.8652525963663,0.973131027926961,0.824197876109152,1.38374351720318e-43,1.38374351720318e-43,36.2176500567888,7.2267727911109e+42,0.040929399957717,1,"supplied",4001,"ok","normal",10,0.2
24.9419780363097,0.975320990246019,0.813604497701596,5.84213557832472e-49,5.84213557832472e-49,39.5202643853529,1.71170282954433e+48,0.0472540392092075,1,"supplied",4001,"ok","normal",10,0.2
27.2073210537206,0.977335448116916,0.801984092583842,7.72554757420346e-55,7.72554757420346e-55,43.1217635874093,1.29440662994442e+54,0.054118394888686,1,"supplied",4001,"ok","normal",10,0.2
29.6784127482837,0.979188074797002,0.789033064604793,2.88536699481273e-61,2.88536699481273e-61,47.0493750696327,3.46576363352664e+60,0.0615599278615043,1,"supplied",4001,"ok","normal",10,0.2
32.3739401434763,0.980891523048389,0.774514631914981,2.71776532691712e-68,2.71776532691712e-68,51.3327946299608,3.67949355338323e+67,0.0696186744753126,1,"supplied",4001,"ok","normal",10,0.2
35.3142875025886,0.982457497731728,0.75837741375962,5.70418644360348e-76,5.70418644360348e-76,56.0044104716245,1.75309837763345e+75,0.0783370085264255,1,"supplied",4001,"ok","normal",10,0.2
38.5216904797049,0.983896823132512,0.74076548832775,2.33021823001565e-84,2.33021823001565e-84,61.0995476997446,4.29144355287823e+83,0.0877594130617602,1,"supplied",4001,"ok","normal",10,0.2
42.0204042713707,0.985219505521047,0.721869637509282,1.59829913688133e-93,1.59829913688133e-93,66.6567351264172,6.2566510669038e+92,0.0979322321857446,1,"supplied",4001,"ok","normal",10,0.2
45.8368870405543,0.986434791379588,0.701764388125714,1.56648743883984e-103,1.56648743883984e-103,72.7179963819554,6.38370902444397e+102,0.108903380029196,1,"supplied",4001,"ok","normal",10,0.2
50,0.987551221668155,0.680390592648008,1.8396718804144e-114,1.8396718804144e-114,79.3291675169367,5.43575194384525e+113,0.120721987701506,1,"supplied",4001,"ok","normal",10,0.2
0.02,0.000604066909470896,0.000604066905402672,0.000604060190809581,0.000604060190809581,0.000604432026857345,1654.46416601261,0.00179526159068949,1,"supplied",4001,"ok","skew_pos",10,0.2
0.0218164902672218,0.000718611547631855,0.000718611540798297,0.000718602062109625,0.000718602062109625,0.000719128321547948,1390.59077426561,0.00179551660338561,1,"supplied",4001,"ok","skew_pos",10,0.2
0.0237979623789893,0.000854844736927483,0.000854844725451779,0.00085483134792591,0.00085483134792591,0.000855576121672136,1168.8213950931,0.0017957924853054,1,"supplied",4001,"ok","skew_pos",10,0.2
0.0259594007310465,0.00101686060356993,0.00101686058430381,0.00101684170888971,0.00101684170888971,0.00101789566156672,982.437236354021,0.00179609069614454,1,"supplied",4001,"ok","skew_pos",10,0.2
0.0283171506695894,0.00120952111967257,0.00120952108733684,0.00120949446141462,0.00120949446141462,0.00121098583261274,825.791714970242,0.00179641274529957,1,"supplied",4001,"ok","skew_pos",10,0.2
0.0308890420989276,0.00143859809627314,0.00143859804201852,0.00143856049331295,0.00143856049331295,0.00144067064231654,694.139345650344,0.00179676018061029,1,"supplied",4001,"ok","skew_pos",10,0.2
0.033694524315753,0.00171094061530081,0.00171094052429951,0.00171088758690003,0.00171088758690003,0.00171387295014067,583.491937200798,0.0017971345730772,1,"supplied",4001,"ok","skew_pos",10,0.2
0.0367548130896647,0.00203467212172967,0.00203467196914646,0.00203459735803455,0.00203459735803455,0.00203882045286633,490.497738385944,0.00179753749661725,1,"supplied",4001,"ok","skew_pos",10,0.2
0.0400930511022114,0.00241942195654222,0.00241942170079782,0.00241931657368709,0.00241931657368709,0.00242528975582845,412.339870803257,0.00179797050172814,1,"supplied",4001,"ok","skew_pos",10,0.2
0.0437344829577311,0.00287659668191947,0.00287659625343202,0.00287644817400333,0.00287644817400333,0.00288489536234648,346.650970748497,0.00179843790347205,1,"supplied",4001,"ok","skew_pos",10,0.2
0.047706646089466,0.00341969709844619,0.00341969638082343,0.00341948786266522,0.00341948786266522,0.00343143155497826,291.441453270894,0.00179894167397114,1,"supplied",4001,"ok","skew_pos",10,0.2
0.0520395790046316,0.00406468732693996,0.00406468612557406,0.00406439258716178,0.00406439258716178,0.00408127643956158,245.039224448619,0.00179948035482668,1,"supplied",4001,"ok","skew_pos",10,0.2
0.0567660484432434,0.00483042264462842,0.00483042063427678,0.00483000752622816,0.00483000752622816,0.00485386888279392,206.039014860691,0.00180005505329975,1,"supplied",4001,"ok","skew_pos",10,0.2
0.0619217971685331,0.0057391428095672,0.00573913944688752,0.00573855821504802,0.00573855821504802,0.00577227069542371,173.259798807606,0.0018006665844933,1,"supplied",4001,"ok","skew_pos",10,0.2
0.0675458142628094,0.0068170372112876,0.00681703158893935,0.0068162139984457,0.0068162139984457,0.0068638281834259,145.709008876193,0.00180131854273058,1,"supplied",4001,"ok","skew_pos",10,0.2
0.0736806299728077,0.0080948871171115,0.00809487772043507,0.00809372786934437,0.00809372786934437,0.00816094907867185,122.552461380321,0.00180201525793542,1,"supplied",4001,"ok","skew_pos",10,0.2
0.0803726373342267,0.00960878822632329,0.00960877252759519,0.00960715559889247,0.00960715559889247,0.00970201281281066,103.089081279716,0.00180274966560562,1,"supplied",4001,"ok","skew_pos",10,0.2
0.0876724430076553,0.0114009532799573,0.0114009270618276,0.0113986534637296,0.0113986534637296,0.01153243402144,86.7296606289493,0.0018035209337374,1,"supplied",4001,"ok","skew_pos",10,0.2
0.0956352499790037,0.0135205890646174,0.0135205452919523,0.0135173482672241,0.0135173482672241,0.0137059009186995,72.9790068459455,0.00180434056522258,1,"supplied",4001,"ok","skew_pos",10,0.2
0.104321275018513,0.0160248341289875,0.016024761067621,0.0160202650410078,0.0160202650410078,0.0162858115578581,61.420939818427,0.00180519202077795,1,"supplied",4001,"ok","skew_pos",10,0.2
0.113796204055278,0.0189797321183808,0.0189796101981622,0.0189732859772469,0.0189732859772469,0.019346931699347,51.7056832010659,0.00180608329310483,1,"supplied",4001,"ok","skew_pos",10,0.2
0.124131688910938,0.0224611999706149,0.0224609965557822,0.0224520978705428,0.0224520978705428,0.022977297647868,43.5392678121184,0.00180700256006033,1,"supplied",4001,"ok","skew_pos",10,0.2
0.135405889148965,0.0265559294840069,0.0265555901602047,0.026543063748117,0.026543063748117,0.0272803854770315,36.6746260149017,0.00180795477493072,1,"supplied",4001,"ok","skew_pos",10,0.2
0.147704063137145,0.031362134376333,0.0313615684523796,0.0313439267636849,0.0313439267636849,0.0323775638856945,30.904107214754,0.00180892357754554,1,"supplied",4001,"ok","skew_pos",10,0.2
0.161119212793033,0.0369900228784042,0.0369890793156823,0.0369642207132756,0.0369642207132756,0.0384108407567761,26.0531876691466,0.0018099039630049,1,"supplied",4001,"ok","skew_pos",10,0.2
0.175752786888082,0.0435618391931313,0.0435602667881735,0.0435252226869666,0.0435252226869666,0.0455459024725464,21.9751840028941,0.00181089133410909,1,"supplied",4001,"ok","skew_pos",10,0.2
0.191715448229048,0.0512112786081825,0.0512086604913552,0.0511592422379126,0.0511592422379126,0.0539754293590869,18.5468102390877,0.00181186892633808,1,"supplied",4001,"ok","skew_pos",10,0.2
0.209127910518255,0.0600820460871928,0.060077692828437,0.0600080036687427,0.0600080036687427,0.0639226496707248,15.6644437218778,0.0018128255300773,1,"supplied",4001,"ok","skew_pos",10,0.2
0.228121851221297,0.0703253056262415,0.0703180827071372,0.070219853047391,0.070219853047391,0.0756450681639921,13.240986795075,0.00181374513082876,1,"supplied",4001,"ok","skew_pos",10,0.2
0.248840907345503,0.0820957703209287,0.0820838237527365,0.0819455233233071,0.0819455233233071,0.0894382743498545,11.2032291630454,0.00181460134185885,1,"supplied",4001,"ok","skew_pos",10,0.2
0.271441761659491,0.0955462272188539,0.095526555459312,0.0953322376702471,0.0953322376702471,0.105639702209494,9.48963104651951,0.00181538580136618,1,"supplied",4001,"ok","skew_pos",10,0.2
0.296095327568091,0.110820394278444,0.110788196417651,0.110516043394224,0.110516043394224,0.124632181805964,8.04846001799832,0.00181606539470601,1,"supplied",4001,"ok","skew_pos",10,0.2
0.322988041602956,0.128044183492035,0.127991896558435,0.127612464034328,0.127612464034328,0.146847100584557,6.83622514906535,0.00181661626893485,1,"supplied",4001,"ok","skew_pos",10,0.2
0.352323273302997,0.147315698056036,0.147231627864546,0.146705841649065,0.146705841649065,0.172766987406925,5.81636115344406,0.0018170035409955,1,"supplied",4001,"ok","skew_pos",10,0.2
0.384322863146529,0.168694605732412,0.168561068625968,0.167838097106453,0.167838097106453,0.202927356054316,4.95812284123871,0.00181720205504845,1,"supplied",4001,"ok","skew_pos",10,0.2
0.419228800165354,0.192191859885371,0.191982803891102,0.19099801007,0.19099801007,0.237917706372826,4.23565664183362,0.00181715076381805,1,"supplied",4001,"ok","skew_pos",10,0.2
0.457305051927326,0.217761007909085,0.21743918770717,0.216112417126346,0.216112417126346,0.278381684000452,3.62722139383305,0.00181678495667738,1,"supplied",4001,"ok","skew_pos",10,0.2
0.498839560726195,0.245292437439452,0.244806384288661,0.243040818520277,0.243040818520277,0.325016535685997,3.11453518832092,0.00181600971179721,1,"supplied",4001,"ok","skew_pos",10,0.2
0.544146421074412,0.274611774215465,0.27389301143805,0.271574643573376,0.271574643573376,0.378572141722402,2.68222889604866,0.00181467376569248,1,"supplied",4001,"ok","skew_pos",10,0.2
0.593568254965675,0.305483218598172,0.304444370855295,0.301441779050419,0.301441779050419,0.439850017708108,2.31739018775078,0.0018125642709161,1,"supplied",4001,"ok","skew_pos",10,0.2
0.647478802869525,0.337617931497095,0.336152472098635,0.332315954953609,0.332315954953609,0.509702704151047,2.00918443756213,0.00180935328388656,1,"supplied",4001,"ok","skew_pos",10,0.2
0.706285750051772,0.370686792224039,0.368671067894583,0.363829393456824,0.363829393456824,0.589033866830911,1.74854098647385,0.00180456103251972,1,"supplied",4001,"ok","skew_pos",10,0.2
0.770433809594098,0.404336153047888,0.401633962476656,0.395586043671842,0.395586043671842,0.678799217237696,1.52789504583622,0.00179751344998109,1,"supplied",4001,"ok","skew_pos",10,0.2
0.840408085427414,0.438204802049465,0.43467422342516,0.427171995891942,0.427171995891942,0.780008094850337,1.34097742739897,0.00178731070934794,1,"supplied",4001,"ok","skew_pos",10,0.2
0.916737740811086,0.471940319232783,0.467441841544734,0.458159311340072,0.458159311340072,0.893725342838335,1.18264689868486,0.00177270518743192,1,"supplied",4001,"ok","skew_pos",10,0.2
1,0.50521333498411,0.499617877620682,0.488099139393625,0.488099139393625,1.02107306179702,1.04876411222999,0.00175206843840064,1,"supplied",4001,"ok","skew_pos",10,0.2
1.09082451336109,0.537728726515383,0.53092402497339,0.5164987908581,0.5164987908581,1.16323197516031,0.936112954569791,0.00172320712135016,1,"supplied",4001,"ok","skew_pos",10,0.2
1.18989811894946,0.569233338110144,0.56112748628358,0.542774107369637,0.542774107369637,1.32144241528072,0.842387074884885,0.00168313115185883,1,"supplied",4001,"ok","skew_pos",10,0.2
1.29797003655233,0.599520259614392,0.590041829058153,0.5661611587395,0.5661611587395,1.49700521438896,0.766281534088983,0.00162771523102332,1,"supplied",4001,"ok","skew_pos",10,0.2
1.41585753347947,0.628430005184742,0.617524922766464,0.585557304347966,0.585557304347966,1.69128297212802,0.707774785788944,0.00155119846861197,1,"supplied",4001,"ok","skew_pos",10,0.2
1.54445210494638,0.655849119758795,0.643475202591571,0.599237997590125,0.599237997590125,1.90570228761039,0.668786031629445,0.00144576054169762,1,"supplied",4001,"ok","skew_pos",10,0.2
1.68472621578765,0.681706833649552,0.667827422748273,0.604366019350534,0.604366019350534,2.14175768039889,0.654626448182219,0.00130173834442428,1,"supplied",4001,"ok","skew_pos",10,0.2
1.83774065448323,0.705970401123587,0.690548782666552,0.596218339523164,0.596218339523164,2.40101814178348,0.677237907173013,0.00111042792554544,1,"supplied",4001,"ok","skew_pos",10,0.2
2.00465255511057,0.728639704237024,0.711635843066424,0.567308620013546,0.567308620013546,2.68513749289787,0.762708981887358,0.000872247040212863,1,"supplied",4001,"ok","skew_pos",10,0.2
2.18672414788655,0.749741595947171,0.731112094779187,0.507694216949284,0.507694216949284,2.99586980419208,0.969689562368788,0.000609280314223304,1,"supplied",4001,"ok","skew_pos",10,0.2
2.3853323044733,0.769324328331899,0.749025613981113,0.410255839391868,0.410255839391868,3.33509087789202,1.43750339174288,0.000804232511488572,1,"supplied",4001,"ok","skew_pos",10,0.2
2.60197895023158,0.787452296179923,0.765446137119772,0.283985860368327,0.283985860368327,3.70482617326463,2.52130207716331,0.00105916748434773,1,"supplied",4001,"ok","skew_pos",10,0.2
2.83830242216217,0.80420124256056,0.7804611430026,0.161199989664569,0.161199989664569,4.10728470945123,5.20347434314876,0.00143423782847462,1,"supplied",4001,"ok","skew_pos",10,0.2
3.09608985842665,0.819654020799544,0.794170950669405,0.0742838897480232,0.0742838897480232,4.54489767076257,12.4618690996403,0.00185929249433097,1,"supplied",4001,"ok","skew_pos",10,0.2
3.37729071314047,0.833896973678918,0.806683179210755,0.0283398579035125,0.0283398579035125,5.02035990642923,34.2859920259536,0.00233564671861569,1,"supplied",4001,"ok","skew_pos",10,0.2
3.68403149864039,0.847016962097176,0.818107047885478,0.00916140921349723,0.00916140921349723,5.53667239001493,108.153513034515,0.00287815173218894,1,"supplied",4001,"ok","skew_pos",10,0.2
4.01863186671133,0.859099045084075,0.82854797681779,0.00253718096189512,0.00253718096189512,6.09718398002837,393.138224674782,0.00350151056571915,1,"supplied",4001,"ok","skew_pos",10,0.2
4.38362215038276,0.870224781352247,0.838102892851996,0.000600990011651337,0.000600990011651337,6.70563140189564,1662.92116443384,0.00421818014075351,1,"supplied",4001,"ok","skew_pos",10,0.2
4.78176249895018,0.880471093539318,0.846856583224254,0.000120605345029337,0.000120605345029337,7.36617709983769,8290.50648138147,0.00503820404346577,1,"supplied",4001,"ok","skew_pos",10,0.2
5.21606375092565,0.889909614173316,0.854879307845515,2.02226580089302e-05,2.02226580089302e-05,8.08344532077764,49448.483819506,0.00596951522955949,1,"supplied",4001,"ok","skew_pos",10,0.2
5.6898102027639,0.898606419781539,0.862225636725168,2.78746183845091e-06,2.78746183845091e-06,8.86255735171217,358748.305983588,0.00701834113849897,1,"supplied",4001,"ok","skew_pos",10,0.2
6.20658444554691,0.906622057028101,0.868934219338062,3.10219012996405e-07,3.10219012996405e-07,9.70916715632663,3223528.04917401,0.00818979348163952,1,"supplied",4001,"ok","skew_pos",10,0.2
6.77029445744823,0.914011771075803,0.875028100192153,2.73378747393607e-08,2.73378747393607e-08,10.6294987408283,36579287.2414599,0.00948867528680888,1,"supplied",4001,"ok","skew_pos",10,0.2
7.38520315685726,0.92082585901671,0.880515304573774,1.86806893601976e-09,1.86806893601976e-09,11.6303864820087,535312149.808882,0.0109203480445115,1,"supplied",4001,"ok","skew_pos",10,0.2
8.05596063965163,0.92711008714662,0.885389536560629,9.67673249862829e-11,9.67673249862829e-11,12.719319462098,10334066794.1889,0.0124914322184986,1,"supplied",4001,"ok","skew_pos",10,0.2
8.7876393444041,0.932906127226111,0.889630828809067,3.70794967301495e-12,3.70794967301495e-12,13.904490658485,269690823280.023,0.0142102101871392,1,"supplied",4001,"ok","skew_pos",10,0.2
9.58577241145239,0.938251981592483,0.893205975789798,1.02340237373752e-13,1.02340237373752e-13,15.1948516857712,9771327736399.9,0.016086750470728,1,"supplied",4001,"ok","skew_pos",10,0.2
10.4563955259127,0.943182378942117,0.896068599201919,1.97636591332036e-15,1.97636591332036e-15,16.6001737028244,505979177873982,0.0181328614521863,1,"supplied",4001,"ok","skew_pos",10,0.2
11.4060925610648,0.947729131513,0.898158532235297,2.58728498860616e-17,2.58728498860616e-17,18.1311150731829,38650554709039824,0.0203619861841847,1,"supplied",4001,"ok","skew_pos",10,0.2
12.4420453672751,0.951921450540239,0.89939993715645,2.2179594466172e-19,2.2179594466172e-19,19.7992963855315,4508648710981551104,0.0227891082888925,1,"supplied",4001,"ok","skew_pos",10,0.2
13.5720880829745,0.955786220771166,0.899697818414901,1.19888777830512e-21,1.19888777830512e-21,21.6173834818413,8.34106426052413e+20,0.0254306968777167,1,"supplied",4001,"ok","skew_pos",10,0.2
14.8047663784046,0.959348237094082,0.898933949725526,3.92085206044205e-24,3.92085206044205e-24,23.5991791872431,2.55046603285321e+23,0.0283046934928127,1,"supplied",4001,"ok","skew_pos",10,0.2
16.1494020801478,0.962630407466824,0.896965330647365,7.415862537161e-27,7.415862537161e-27,25.7597244768516,1.34846080949989e+26,0.0314305339531316,1,"supplied",4001,"ok","skew_pos",10,0.2
17.6161636651498,0.965653926726115,0.893629252793296,7.72177579595134e-30,7.72177579595134e-30,28.1154098468759,1.29503889574768e+29,0.0348291955592608,1,"supplied",4001,"ok","skew_pos",10,0.2
19.2161431573264,0.968438425800906,0.888756029385226,4.19443731978349e-33,4.19443731978349e-33,30.6840976844778,2.38411000990144e+32,0.0385232606629358,1,"supplied",4001,"ok","skew_pos",10,0.2
20.9614400082677,0.971002100533446,0.882183076684271,1.12076368209309e-36,1.12076368209309e-36,33.4852564632624,8.92248755002876e+35,0.042536989079568,1,"supplied",4001,"ok","skew_pos",10,0.2
22.8652525963663,0.973361823851357,0.873759371760261,1.38160964371018e-40,1.38160964371018e-40,36.5401076417522,7.23793442346418e+39,0.0468963933854769,1,"supplied",4001,"ok","skew_pos",10,0.2
24.9419780363097,0.975533244507539,0.863335714977702,7.32638162134656e-45,7.32638162134656e-45,39.8717862206181,1.36493026391956e+44,0.0516293123966063,1,"supplied",4001,"ok","skew_pos",10,0.2
27.2073210537206,0.977530875061401,0.85074776545332,1.54829699424619e-49,1.54829699424619e-49,43.5055160239963,6.45870917347395e+48,0.0567654788935812,1,"supplied",4001,"ok","skew_pos",10,0.2
29.6784127482837,0.979368171250535,0.83580808860902,1.19972821419031e-54,1.19972821419031e-54,47.4688009067515,8.33522116236043e+53,0.062336577925584,1,"supplied",4001,"ok","skew_pos",10,0.2
32.3739401434763,0.981057604424399,0.81833897001052,3.11229778923146e-60,3.11229778923146e-60,51.7916332445342,3.21306014951396e+59,0.0683762918798353,1,"supplied",4001,"ok","skew_pos",10,0.2
35.3142875025886,0.982610728300288,0.798267577292583,2.44770558730229e-66,2.44770558730229e-66,56.506721228387,4.08545866458613e+65,0.0749203280605733,1,"supplied",4001,"ok","skew_pos",10,0.2
38.5216904797049,0.984038240966541,0.775711927407409,5.23728106594941e-73,5.23728106594941e-73,61.6497366552008,1.90938769068855e+72,0.0820064238789483,1,"supplied",4001,"ok","skew_pos",10,0.2
42.0204042713707,0.985350042798379,0.750941177745651,2.70915445245877e-80,2.70915445245877e-80,67.2595850784688,3.69118858872155e+79,0.0896743239756109,1,"supplied",4001,"ok","skew_pos",10,0.2
45.8368870405543,0.986555290760366,0.724275277797156,2.97845717313206e-88,2.97845717313206e-88,73.3787003628202,3.35744293730579e+87,0.0979657227162985,1,"supplied",4001,"ok","skew_pos",10,0.2
50,0.987662449434267,0.696066931128573,6.0470046270872e-97,6.0470046270872e-97,80.0533658745381,1.65371131935398e+96,0.106924164536431,1,"supplied",4001,"ok","skew_pos",10,0.2
0.02,0.000634316228842216,0.000634316223621372,0.000634307994916999,0.000634307994916999,0.000634718841304007,1575.52119792508,0.00133909669153482,1,"supplied",4001,"ok","bimodal",10,0.2
0.0218164902672218,0.000754585626133595,0.000754585617303743,0.000754573919032274,0.000754573919032274,0.000755155455585876,1324.25121101784,0.00133946691889472,1,"supplied",4001,"ok","bimodal",10,0.2
0.0237979623789893,0.000897623567663299,0.000897623552725026,0.000897606916313972,0.000897606916313972,0.000898430019622809,1113.07341211953,0.00133987149526,1,"supplied",4001,"ok","bimodal",10,0.2
0.0259594007310465,0.00106772660761668,0.0010677265823359,0.00106770291463926,0.00106770291463926,0.00106886786627753,935.590119113674,0.00134031367139455,1,"supplied",4001,"ok","bimodal",10,0.2
0.0283171506695894,0.00126999657516879,0.00126999653236997,0.00126996284851161,0.00126996284851161,0.00127161151744088,786.424609445853,0.00134079701616142,1,"supplied",4001,"ok","bimodal",10,0.2
0.0308890420989276,0.00151048928547966,0.0015104892129972,0.00151044125417208,0.00151044125417208,0.00151277431487363,661.058188120748,0.00134132544908577,1,"supplied",4001,"ok","bimodal",10,0.2
0.033694524315753,0.00179638981413657,0.0017963896913356,0.00179632137766094,0.00179632137766094,0.00179962263791261,555.693257919214,0.00134190564591407,1,"supplied",4001,"ok","bimodal",10,0.2
0.0367548130896647,0.00213621871117047,0.00213621850303518,0.00213612114972993,0.00213612114972993,0.00214079191090727,467.138242124717,0.00134254090596718,1,"supplied",4001,"ok","bimodal",10,0.2
0.0400930511022114,0.00254007409705287,0.0025400737441372,0.0025399349378993,0.0025399349378993,0.00254654250370357,392.710872305677,0.00134323588096109,1,"supplied",4001,"ok","bimodal",10,0.2
0.0437344829577311,0.00301991515365586,0.00301991455499289,0.00301971654221093,0.00301971654221093,0.00302906266590199,330.156910266761,0.00134399634327239,1,"supplied",4001,"ok","bimodal",10,0.2
0.047706646089466,0.00358989305985896,0.00358989204388412,0.00358960941717663,0.00358960941717663,0.00360282682286624,277.581841025629,0.00134482864434177,1,"supplied",4001,"ok","bimodal",10,0.2
0.0520395790046316,0.00426673586506578,0.00426673414013041,0.00426633051592209,0.00426633051592209,0.00428501890892698,233.393466766807,0.0013457397737713,1,"supplied",4001,"ok","bimodal",10,0.2
0.0567660484432434,0.00507019405574714,0.00507019112587511,0.00506961437080212,0.00506961437080212,0.00509603192652893,196.253662085106,0.00134673742366467,1,"supplied",4001,"ok","bimodal",10,0.2
0.0619217971685331,0.00602355352156072,0.0060235485430154,0.00602272391311092,0.00602272391311092,0.00606005659681533,165.037828468792,0.00134783005818009,1,"supplied",4001,"ok","bimodal",10,0.2
0.0675458142628094,0.00715422208630295,0.00715421362338027,0.00715303390204621,0.00715303390204621,0.00720577379231684,138.800819301854,0.00134902698799372,1,"supplied",4001,"ok","bimodal",10,0.2
0.0736806299728077,0.00849439448271795,0.00849438009204969,0.00849269141541993,0.00849269141541993,0.00856716738206065,116.748302756454,0.00135033844896136,1,"supplied",4001,"ok","bimodal",10,0.2
0.0803726373342267,0.0100817982783866,0.010081773801659,0.0100793552940406,0.0100793552940406,0.0101844761121201,98.2126947436064,0.00135177916737442,1,"supplied",4001,"ok","bimodal",10,0.2
0.0876724430076553,0.01196051935454,0.0119604777160565,0.0119570122566337,0.0119570122566337,0.0121053050903659,82.6329325869178,0.00135336515659162,1,"supplied",4001,"ok","bimodal",10,0.2
0.0956352499790037,0.0141818995296335,0.0141818286945519,0.0141768610097029,0.0141768610097029,0.0143859191902308,69.5374764777322,0.00135510419293767,1,"supplied",4001,"ok","bimodal",10,0.2
0.104321275018513,0.0168054901053693,0.0168053696187539,0.0167982463255872,0.0167982463255872,0.0170927420121277,58.5300235880454,0.0013570112339488,1,"supplied",4001,"ok","bimodal",10,0.2
0.113796204055278,0.0199000326832081,0.0198998278174162,0.0198896118885665,0.0198896118885665,0.020304084630967,49.2775019242506,0.00135910256775616,1,"supplied",4001,"ok","bimodal",10,0.2
0.124131688910938,0.0235444216882633,0.0235440735773822,0.0235294227866095,0.0235294227866095,0.0241121277928187,41.4999800916959,0.0013614116006559,1,"supplied",4001,"ok","bimodal",10,0.2
0.135405889148965,0.0278285808488944,0.0278279899277842,0.0278069849983197,0.0278069849983197,0.0286251789557794,34.9621872008212,0.00136394616994282,1,"supplied",4001,"ok","bimodal",10,0.2
0.147704063137145,0.03285415791641,0.0328531562690842,0.0328230595505868,0.0328230595505868,0.0339702209189361,29.4663859400067,0.00136672630222157,1,"supplied",4001,"ok","bimodal",10,0.2
0.161119212793033,0.0387349083427349,0.0387332138462453,0.0386901333899691,0.0386901333899691,0.0402957609497232,24.8463828470352,0.0013697976499714,1,"supplied",4001,"ok","bimodal",10,0.2
0.175752786888082,0.0455966008610777,0.0455937417884419,0.0455321689585536,0.0455321689585536,0.0477749774384874,20.9624942732306,0.00137316184626334,1,"supplied",4001,"ok","bimodal",10,0.2
0.191715448229048,0.0535762392974256,0.0535714316649857,0.0534836137399343,0.0534836137399343,0.0566091443621971,17.6973154967151,0.0013768771209982,1,"supplied",4001,"ok","bimodal",10,0.2
0.209127910518255,0.0628203616746362,0.0628123123327348,0.0626874166390771,0.0626874166390771,0.0670312916602512,14.9521647822481,0.00138095385259593,1,"supplied",4001,"ok","bimodal",10,0.2
0.228121851221297,0.073482159586333,0.0734687551866352,0.0732917812514455,0.0732917812514455,0.0793100320157085,12.6440946436989,0.00138543120640983,1,"supplied",4001,"ok","bimodal",10,0.2
0.248840907345503,0.0857171717168713,0.0856949970805109,0.0854454029709126,0.0854454029709126,0.0937534525042255,10.7033797633375,0.00139035192436128,1,"supplied",4001,"ok","bimodal",10,0.2
0.271441761659491,0.099677362266303,0.0996409724612646,0.0992910077526103,0.0992910077526103,0.110712935661834,9.07140548408534,0.00139574712174649,1,"supplied",4001,"ok","bimodal",10,0.2
0.296095327568091,0.115503515375801,0.115444367680371,0.114957156578711,0.114957156578711,0.130586743286917,7.6988929594418,0.00140165263238999,1,"supplied",4001,"ok","bimodal",10,0.2
0.322988041602956,0.133316072927252,0.133221015645513,0.132548517171765,0.132548517171765,0.153823174473226,6.54440729581404,0.00140809820082315,1,"supplied",4001,"ok","bimodal",10,0.2
0.352323273302997,0.153204814522308,0.153054042656364,0.152135132815165,0.152135132815165,0.180923105314873,5.57310367102999,0.00141509331945463,1,"supplied",4001,"ok","bimodal",10,0.2
0.384322863146529,0.175218101246202,0.174982542890272,0.173741606481882,0.173741606481882,0.212441739459786,4.755673728643,0.00142266125768782,1,"supplied",4001,"ok","bimodal",10,0.2
0.419228800165354,0.199352724824334,0.198990936630324,0.197337492917999,0.197337492917999,0.248989450167797,4.06746075068226,0.00143077244321608,1,"supplied",4001,"ok","bimodal",10,0.2
0.457305051927326,0.22554563743261,0.225000473581728,0.222830431881788,0.222830431881788,0.29123167010759,3.4877173712543,0.00143938228465583,1,"supplied",4001,"ok","bimodal",10,0.2
0.498839560726195,0.253668887483499,0.252864449961593,0.25006351499734,0.25006351499734,0.33988786375014,2.9989840181629,0.00144839136056209,1,"supplied",4001,"ok","bimodal",10,0.2
0.544146421074412,0.28352887479715,0.282368495634759,0.278817931728257,0.278817931728257,0.395729660029043,2.58656989455982,0.00145763820195498,1,"supplied",4001,"ok","bimodal",10,0.2
0.593568254965675,0.314870547164526,0.313236686972506,0.30882106288471,0.30882106288471,0.459578180242294,2.23812110048116,0.00146688240542,1,"supplied",4001,"ok","bimodal",10,0.2
0.647478802869525,0.347386465060962,0.345143298258821,0.339759040148868,0.339759040148868,0.532300429676825,1.94326237665918,0.00147578549165344,1,"supplied",4001,"ok","bimodal",10,0.2
0.706285750051772,0.380729928757704,0.377728918835329,0.371291732598111,0.371291732598111,0.614804342140959,1.6932999369593,0.001483905887308,1,"supplied",4001,"ok","bimodal",10,0.2
0.770433809594098,0.414530798294357,0.410618766715135,0.403067637933807,0.403067637933807,0.708031775346521,1.48097318139003,0.00149073178918528,1,"supplied",4001,"ok","bimodal",10,0.2
0.840408085427414,0.448412398975177,0.443440680039782,0.434736614021931,0.434736614021931,0.81294865610113,1.30024333756612,0.00149573053029732,1,"supplied",4001,"ok","bimodal",10,0.2
0.916737740811086,0.482008021296009,0.475840675244223,0.465959751051695,0.465959751051695,0.930531825033248,1.1461081085715,0.00149841167805357,1,"supplied",4001,"ok","bimodal",10,0.2
1,0.514975874944128,0.507495023548495,0.496417378911127,0.496417378911127,1.06175311358957,1.01443390679324,0.00149846480424923,1,"supplied",4001,"ok","bimodal",10,0.2
1.09082451336109,0.547011742673969,0.5381190684096,0.525817307428632,0.525817307428632,1.20756274324406,0.90180122615254,0.00149587518670229,1,"supplied",4001,"ok","bimodal",10,0.2
1.18989811894946,0.577858842716182,0.567473870390995,0.553905170558936,0.553905170558936,1.36887586710165,0.805363179749554,0.00149095366819408,1,"supplied",4001,"ok","bimodal",10,0.2
1.29797003655233,0.607314521205924,0.595371778254336,0.58047716785177,0.58047716785177,1.54656730131953,0.72272064326113,0.00148431646163236,1,"supplied",4001,"ok","bimodal",10,0.2
1.41585753347947,0.635233460983249,0.621681212739456,0.605393376703285,0.605393376703285,1.74147953015525,0.651818534001106,0.0014767795240131,1,"supplied",4001,"ok","bimodal",10,0.2
1.54445210494638,0.66152724672973,0.646329835481918,0.628588319176179,0.628588319176179,1.95444755992369,0.590866342076781,0.00146905284324932,1,"supplied",4001,"ok","bimodal",10,0.2
1.68472621578765,0.68616043002452,0.669304568390568,0.650075398459608,0.650075398459608,2.18634135293433,0.538283101267268,0.00146152084541256,1,"supplied",4001,"ok","bimodal",10,0.2
1.83774065448323,0.70914363376133,0.69064708354108,0.66994310967711,0.66994310967711,2.43812312906166,0.49266405692562,0.00145403814845526,1,"supplied",4001,"ok","bimodal",10,0.2
2.00465255511057,0.730524591424358,0.710444353567195,0.688342806269599,0.688342806269599,2.71091375382143,0.452764510490629,0.00144600929304343,1,"supplied",4001,"ok","bimodal",10,0.2
2.18672414788655,0.750378212549252,0.728815183503638,0.705469407638596,0.705469407638596,3.00606056952183,0.417495910059771,0.00143691765267199,1,"supplied",4001,"ok","bimodal",10,0.2
2.3853323044733,0.768796753887715,0.745894778036044,0.721537393841031,0.721537393841031,3.32519878857732,0.385929556161465,0.00142765095266175,1,"supplied",4001,"ok","bimodal",10,0.2
2.60197895023158,0.785880988064164,0.76181992610472,0.736754902677601,0.736754902677601,3.67029989985039,0.357303489078502,0.00142357560461297,1,"supplied",4001,"ok","bimodal",10,0.2
2.83830242216217,0.801732973941382,0.776717138831736,0.751298931891789,0.751298931891789,4.04370302959177,0.331028113512653,0.00143774679600399,1,"supplied",4001,"ok","bimodal",10,0.2
3.09608985842665,0.816450723958626,0.79069511431293,0.765294412096324,0.765294412096324,4.44812827142173,0.306686660968504,0.00147825689418059,1,"supplied",4001,"ok","bimodal",10,0.2
3.37729071314047,0.830124788918172,0.803841514882256,0.778798909003288,0.778798909003288,4.88667406875688,0.284028506511144,0.0015368360861595,1,"supplied",4001,"ok","bimodal",10,0.2
3.68403149864039,0.842836568396429,0.816222756032432,0.791792842282124,0.791792842282124,5.36280329206861,0.262956605060708,0.00160113229297342,1,"supplied",4001,"ok","bimodal",10,0.2
4.01863186671133,0.85465801412984,0.827884931857917,0.804172602463164,0.804172602463164,5.88032431931503,0.243514137309604,0.00166107662014218,1,"supplied",4001,"ok","bimodal",10,0.2
4.38362215038276,0.865652323335759,0.83885447140864,0.815740762940981,0.815740762940981,6.44337397437234,0.225879648817243,0.00170904195204807,1,"supplied",4001,"ok","bimodal",10,0.2
4.78176249895018,0.87587521275784,0.849138347952282,0.82618239591381,0.82618239591381,7.05640857252035,0.210386477545236,0.00173884944685077,1,"supplied",4001,"ok","bimodal",10,0.2
5.21606375092565,0.885376411349437,0.858724817741778,0.835005198399675,0.835005198399675,7.72420774617831,0.197597334623239,0.00174427231104832,1,"supplied",4001,"ok","bimodal",10,0.2
5.6898102027639,0.894201093716374,0.8675859498434,0.841392870364063,0.841392870364063,8.4518935509522,0.188505435715553,0.00171668597091582,1,"supplied",4001,"ok","bimodal",10,0.2
6.20658444554691,0.902391077588164,0.87568248348996,0.843845006735055,0.843845006735055,9.2449650635498,0.185051747677134,0.00164141259127631,1,"supplied",4001,"ok","bimodal",10,0.2
6.77029445744823,0.90998570640956,0.882970362813074,0.83925699492866,0.83925699492866,10.1093467505276,0.191530134443507,0.00149350810890567,1,"supplied",4001,"ok","bimodal",10,0.2
7.38520315685726,0.917022416827467,0.889407304670291,0.820436615649679,0.820436615649679,11.0514476532864,0.218863201526092,0.00123959709202552,1,"supplied",4001,"ok","bimodal",10,0.2
8.05596063965163,0.923537042102825,0.894957187446918,0.769323341356103,0.769323341356103,12.0782280401024,0.299843571933328,0.00107457150629768,1,"supplied",4001,"ok","bimodal",10,0.2
8.7876393444041,0.929563925916331,0.899589818819066,0.642875970065552,0.642875970065552,13.1972705465119,0.555509999694083,0.00160210129571748,1,"supplied",4001,"ok","bimodal",10,0.2
9.58577241145239,0.935135922165975,0.903273935902764,0.389915709548242,0.389915709548242,14.4168537253981,1.56465686175765,0.00211496218387485,1,"supplied",4001,"ok","bimodal",10,0.2
10.4563955259127,0.940284343445603,0.905963036145597,0.122952659114919,0.122952659114919,15.7460270505283,7.1332116539695,0.00244959048098494,1,"supplied",4001,"ok","bimodal",10,0.2
11.4060925610648,0.945038902087125,0.907577878813937,0.0181639917653357,0.0181639917653357,17.1946874784999,54.0539778325823,0.00260045771925853,1,"supplied",4001,"ok","bimodal",10,0.2
12.4420453672751,0.94942766909493,0.907995260447541,0.00140850476609541,0.00140850476609541,18.7736584828788,708.972748457326,0.00264812109403972,1,"supplied",4001,"ok","bimodal",10,0.2
13.5720880829745,0.953477061516987,0.907055529429916,5.7577362491212e-05,5.7577362491212e-05,20.4947729573259,17366.9369240407,0.00265822358162146,1,"supplied",4001,"ok","bimodal",10,0.2
14.8047663784046,0.957211858955074,0.904596015886073,1.12473351702436e-06,1.12473351702436e-06,22.3709615697031,889098.493225416,0.00265986549294839,1,"supplied",4001,"ok","bimodal",10,0.2
16.1494020801478,0.960655244604873,0.900502101024243,9.10611934229212e-09,9.10611934229212e-09,24.4163481246059,109816262.373097,0.00266424202426785,1,"supplied",4001,"ok","bimodal",10,0.2
17.6161636651498,0.963828864264294,0.894746733155488,2.59302708653687e-11,2.59302708653687e-11,26.6463533605019,38564965447.7626,0.00270474647026745,1,"supplied",4001,"ok","bimodal",10,0.2
19.2161431573264,0.966752896857721,0.887382453151351,2.24216292791793e-14,2.24216292791793e-14,29.0778084550877,44599791903997.7,0.00296727911322632,1,"supplied",4001,"ok","bimodal",10,0.2
20.9614400082677,0.969446131129668,0.878481792455265,5.5462153663986e-18,5.5462153663986e-18,31.7290793923326,180303131764128288,0.00426376494203585,1,"supplied",4001,"ok","bimodal",10,0.2
22.8652525963663,0.971926044550175,0.868070688008511,4.0618190936736e-22,4.0618190936736e-22,34.6202032801273,2.4619511035278e+21,0.00866337490563374,1,"supplied",4001,"ok","bimodal",10,0.2
24.9419780363097,0.974208881756245,0.856103129848938,9.21559956610893e-27,9.21559956610893e-27,37.7730377003767,1.08511659260628e+26,0.0147956568531132,1,"supplied",4001,"ok","bimodal",10,0.2
27.2073210537206,0.976309730870228,0.842479101631906,6.48645659210704e-32,6.48645659210704e-32,41.211424214818,1.54167377180453e+31,0.0220820435361113,1,"supplied",4001,"ok","bimodal",10,0.2
29.6784127482837,0.97824259676527,0.827071118217307,1.35702659863444e-37,1.35702659863444e-37,44.9613672280416,7.36905231633842e+36,0.0303157934307759,1,"supplied",4001,"ok","bimodal",10,0.2
32.3739401434763,0.980020470831355,0.809731868912598,7.8401520261038e-44,7.8401520261038e-44,49.0512295139239,1.27548547103487e+43,0.0394132877981943,1,"supplied",4001,"ok","bimodal",10,0.2
35.3142875025886,0.981655397093871,0.790294833088904,1.13759065675417e-50,1.13759065675417e-50,53.5119458359013,8.79050820312863e+49,0.0493558716682927,1,"supplied",4001,"ok","bimodal",10,0.2
38.5216904797049,0.983158534707198,0.768597294664152,3.70750846275448e-58,3.70750846275448e-58,58.3772562312246,2.69722917707665e+57,0.0601574888095355,1,"supplied",4001,"ok","bimodal",10,0.2
42.0204042713707,0.984540216934093,0.744500170581525,2.39165937144444e-66,2.39165937144444e-66,63.6839606828177,4.18119742275862e+65,0.071848978351708,1,"supplied",4001,"ok","bimodal",10,0.2
45.8368870405543,0.985810006760329,0.717855170611357,2.65288421110786e-75,2.65288421110786e-75,69.47219706943,3.76948227070337e+74,0.0844703587810659,1,"supplied",4001,"ok","bimodal",10,0.2
50,0.986976749304786,0.68851185625791,4.3320898848312e-85,4.3320898848312e-85,75.7857444660503,2.30835468927249e+84,0.0980667302647975,1,"supplied",4001,"ok","bimodal",10,0.2
0.02,0.000982659245048877,0.000982659223689258,0.000982637434699867,0.000982637434699867,0.000983625814048721,1016.66935055292,0.00151876697441574,1,"supplied",4001,"wbar_undefined","heavy_tail",10,0.2
0.0218164902672218,0.00116889277057128,0.00116889273445385,0.00116886174693577,0.00116886174693577,0.0011702606798196,854.533173723537,0.00151869006485287,1,"supplied",4001,"wbar_undefined","heavy_tail",10,0.2
0.0237979623789893,0.00139034551633958,0.00139034545524175,0.00139030136083737,0.00139030136083737,0.00139228126835853,718.268518443878,0.00151859833361109,1,"supplied",4001,"wbar_undefined","heavy_tail",10,0.2
0.0259594007310465,0.00165364737697606,0.00165364727357069,0.00165358448787252,0.00165358448787252,0.00165638645609444,603.746843801486,0.00151848894343487,1,"supplied",4001,"wbar_undefined","heavy_tail",10,0.2
0.0283171506695894,0.00196666392580763,0.00196666375070485,0.00196657428502977,0.00196657428502977,0.00197053931439163,507.498462332361,0.00151835851558963,1,"supplied",4001,"wbar_undefined","heavy_tail",10,0.2
0.0308890420989276,0.00233872168054155,0.00233872138385172,0.0023385937948544,0.0023385937948544,0.00234420412154422,426.607394751623,0.00151820302670736,1,"supplied",4001,"wbar_undefined","heavy_tail",10,0.2
0.033694524315753,0.0027808723724323,0.00278087186939429,0.00278068974058041,0.00278068974058041,0.00278862718873848,358.62300482731,0.00151801768603182,1,"supplied",4001,"wbar_undefined","heavy_tail",10,0.2
0.0367548130896647,0.00330620211896265,0.00330620126543366,0.00330594100657475,0.00330594100657475,0.00331716935130088,301.485736439711,0.00151779678936413,1,"supplied",4001,"wbar_undefined","heavy_tail",10,0.2
0.0400930511022114,0.00393019192844499,0.00393019047904888,0.00392981812866979,0.00392981812866979,0.00394569928392273,253.464702247809,0.00151753533803888,1,"supplied",4001,"wbar_undefined","heavy_tail",10,0.2
0.0437344829577311,0.00467113636804861,0.00467113390462138,0.00467060047087379,0.00467060047087379,0.00469305828327298,213.105232557585,0.00151722591676386,1,"supplied",4001,"wbar_undefined","heavy_tail",10,0.2
0.047706646089466,0.00555062739964193,0.00555062320873731,0.00554985786061592,0.00554985786061592,0.00558160883055087,179.184794838875,0.00151685684537038,1,"supplied",4001,"wbar_undefined","heavy_tail",10,0.2
0.0520395790046316,0.00659411017975938,0.0065941030426876,0.00659300312986981,0.00659300312986981,0.0066378810990869,150.675948016689,0.0015164167081763,1,"supplied",4001,"wbar_undefined","heavy_tail",10,0.2
0.0567660484432434,0.00783151681967407,0.00783150465220506,0.00782992103251393,0.00782992103251393,0.00789333359448256,126.71520885683,0.00151589191560181,1,"supplied",4001,"wbar_undefined","heavy_tail",10,0.2
0.0619217971685331,0.00929798241986747,0.00929796165336135,0.00929567705929904,0.00929567705929904,0.0093852462747361,106.576886935808,0.00151526629312096,1,"supplied",4001,"wbar_undefined","heavy_tail",10,0.2
0.0675458142628094,0.0110346447443855,0.0110346092620672,0.0110313063192534,0.0110313063192534,0.0111577667364631,89.6510952610078,0.00151452590420898,1,"supplied",4001,"wbar_undefined","heavy_tail",10,0.2
0.0736806299728077,0.0130895241843867,0.0130894634925447,0.0130846773325818,0.0130846773325818,0.0132631322750618,75.4252701524346,0.00151364465323584,1,"supplied",4001,"wbar_undefined","heavy_tail",10,0.2
0.0803726373342267,0.0155184735497874,0.015518369634683,0.0155114175608278,0.0155114175608278,0.0157630926867089,63.4686403469259,0.00151259392203606,1,"supplied",4001,"wbar_undefined","heavy_tail",10,0.2
0.0876724430076553,0.0183861769721061,0.0183859989040332,0.0183758758967214,0.0183758758967214,0.018730560369853,53.4191746624943,0.00151134236709915,1,"supplied",4001,"wbar_undefined","heavy_tail",10,0.2
0.0956352499790037,0.0217671629551015,0.0217668576441327,0.0217520811164907,0.0217520811164907,0.0222515153149602,44.9726126729953,0.00150985956767062,1,"supplied",4001,"wbar_undefined","heavy_tail",10,0.2
0.104321275018513,0.0257467775119496,0.0257462539228879,0.0257246333592642,0.0257246333592642,0.0264271925590325,37.873245967561,0.00150809199403868,1,"supplied",4001,"wbar_undefined","heavy_tail",10,0.2
0.113796204055278,0.0304220386581506,0.0304211409845416,0.0303894370331969,0.0303894370331969,0.0313765781310128,31.9061706180215,0.00150599056103388,1,"supplied",4001,"wbar_undefined","heavy_tail",10,0.2
0.124131688910938,0.0359022629756667,0.0359007253443496,0.0358541475475701,0.0358541475475701,0.0372392358128319,26.8907760580065,0.00150349459822515,1,"supplied",4001,"wbar_undefined","heavy_tail",10,0.2
0.135405889148965,0.0423093190380753,0.0423066896725519,0.0422381612370605,0.0422381612370605,0.0441784804625842,22.6752730401195,0.0015005254232207,1,"supplied",4001,"wbar_undefined","heavy_tail",10,0.2
0.147704063137145,0.0497773231160632,0.0497728387200406,0.0496719297753531,0.0496719297753531,0.0523849033779091,19.1320948173871,0.00149700144953088,1,"supplied",4001,"wbar_undefined","heavy_tail",10,0.2
0.161119212793033,0.0584515538636511,0.0584439342910053,0.0582953320524673,0.0582953320524673,0.0620802403779726,16.1540321461755,0.00149281625058077,1,"supplied",4001,"wbar_undefined","heavy_tail",10,0.2
0.175752786888082,0.0684863317108971,0.0684734496995741,0.0682547968329818,0.0682547968329818,0.0735215531906095,13.6509849329269,0.00148784736998546,1,"supplied",4001,"wbar_undefined","heavy_tail",10,0.2
0.191715448229048,0.0800415962265936,0.0800199563151918,0.079698852949596,0.079698852949596,0.0870056688414236,11.5472320239343,0.0014819615286354,1,"supplied",4001,"wbar_undefined","heavy_tail",10,0.2
0.209127910518255,0.093277935324408,0.0932418702455095,0.0927718110625148,0.0927718110625148,0.102873790060222,9.77913634052207,0.00147498960302844,1,"supplied",4001,"wbar_undefined","heavy_tail",10,0.2
0.228121851221297,0.108349891145813,0.108290355324473,0.107605378323027,0.107605378323027,0.121516153107465,8.29321578144583,0.00146674318793557,1,"supplied",4001,"wbar_undefined","heavy_tail",10,0.2
0.248840907345503,0.125397505736177,0.125300320031785,0.124308202026703,0.124308202026703,0.143376569994495,7.0445214691882,0.0014570073087374,1,"supplied",4001,"wbar_undefined","heavy_tail",10,0.2
0.271441761659491,0.144536286321391,0.144379677216198,0.142953649618608,0.142953649618608,0.168956653578988,5.99527436108094,0.00144553877778116,1,"supplied",4001,"wbar_undefined","heavy_tail",10,0.2
0.296095327568091,0.165846062224139,0.165597359925328,0.163566555180549,0.163566555180549,0.198819492078813,5.11371926795287,0.00143207132607871,1,"supplied",4001,"wbar_undefined","heavy_tail",10,0.2
0.322988041602956,0.18935954738119,0.188970983256992,0.186110147609484,0.186110147609484,0.233592521529681,4.37316214534581,0.00141631276072444,1,"supplied",4001,"wbar_undefined","heavy_tail",10,0.2
0.352323273302997,0.215051758722326,0.21445545481426,0.210474812767853,0.210474812767853,0.27396934907744,3.75116232127483,0.00139795151774992,1,"supplied",4001,"wbar_undefined","heavy_tail",10,0.2
0.384322863146529,0.242831687870976,0.241934169610095,0.236470557554242,0.236470557554242,0.320710314973663,3.22885627006913,0.00137667023523839,1,"supplied",4001,"wbar_undefined","heavy_tail",10,0.2
0.419228800165354,0.2725376842472,0.27121455428325,0.263824827103871,0.263824827103871,0.374641652695328,2.79039384191954,0.00135215344028141,1,"supplied",4001,"wbar_undefined","heavy_tail",10,0.2
0.457305051927326,0.30393779866184,0.302029525985611,0.29218648540432,0.29218648540432,0.436653215872846,2.4224717772837,0.00132408966916994,1,"supplied",4001,"wbar_undefined","heavy_tail",10,0.2
0.498839560726195,0.336735826121022,0.33404582811565,0.321135204004196,0.321135204004196,0.507694881440203,2.11395321201513,0.00129217069130112,1,"supplied",4001,"wbar_undefined","heavy_tail",10,0.2
0.544146421074412,0.370583025244235,0.366879225520871,0.3501932441121,0.3501932441121,0.588771895432329,1.85556622468676,0.00125607770226092,1,"supplied",4001,"wbar_undefined","heavy_tail",10,0.2
0.593568254965675,0.40509461898767,0.400115348433623,0.378833758008811,0.378833758008811,0.680939577817122,1.63968027890677,0.00121543676580913,1,"supplied",4001,"wbar_undefined","heavy_tail",10,0.2
0.647478802869525,0.439869396783894,0.433333849689846,0.40647617490069,0.40647617490069,0.785297918482391,1.46016879155173,0.00116971452815817,1,"supplied",4001,"wbar_undefined","heavy_tail",10,0.2
0.706285750051772,0.474510240278384,0.466132810372386,0.432454182126934,0.432454182126934,0.902986654829889,1.31238369595991,0.00111805145788498,1,"supplied",4001,"wbar_undefined","heavy_tail",10,0.2
0.770433809594098,0.508643311236305,0.498150247653137,0.455933067284996,0.455933067284996,1.0351814127454,1.19330439433759,0.00105899267674309,1,"supplied",4001,"wbar_undefined","heavy_tail",10,0.2
0.840408085427414,0.541933980845931,0.529080211008974,0.475736465552158,0.475736465552158,1.18309142827653,1.10200409766647,0.00099007713105105,1,"supplied",4001,"wbar_undefined","heavy_tail",10,0.2
0.916737740811086,0.574098235549869,0.558682126733847,0.490012527185018,0.490012527185018,1.34795927950914,1.04076415299975,0.000907341753801818,1,"supplied",4001,"wbar_undefined","heavy_tail",10,0.2
1,0.604909082114123,0.58678340179491,0.495631611757742,0.495631611757742,1.53106299013649,1.01762756102972,0.000805062685336916,1,"supplied",4001,"wbar_undefined","heavy_tail",10,0.2
1.09082451336109,0.634198203171184,0.613276407577575,0.487239214628389,0.487239214628389,1.73372085284745,1.05237996035005,0.000773234600420863,1,"supplied",4001,"wbar_undefined","heavy_tail",10,0.2
1.18989811894946,0.661853645555607,0.638111530408642,0.456359822089278,0.456359822089278,1.95729936714266,1.19125337419465,0.00135235437252596,1,"supplied",4001,"wbar_undefined","heavy_tail",10,0.2
1.29797003655233,0.687814600634512,0.661287943095699,0.392864801210831,0.392864801210831,2.20322475693124,1.54540492535331,0.00224192467131961,1,"supplied",4001,"wbar_undefined","heavy_tail",10,0.2
1.41585753347947,0.712064378185134,0.682843323983557,0.294192749175663,0.294192749175663,2.47299856022319,2.39913204116019,0.00339341364485226,1,"supplied",4001,"wbar_undefined","heavy_tail",10,0.2
1.54445210494638,0.734622550747567,0.702843273253767,0.180519227916721,0.180519227916721,2.76821769452151,4.53957609690935,0.00463413060780097,1,"supplied",4001,"wbar_undefined","heavy_tail",10,0.2
1.68472621578765,0.755537034738337,0.721370944892973,0.0880779713112479,0.0880779713112479,3.09059915856638,10.3535766674987,0.00581593095678505,1,"supplied",4001,"wbar_undefined","heavy_tail",10,0.2
1.83774065448323,0.774876645892428,0.738517504932335,0.0346675703751619,0.0346675703751619,3.44200915522146,27.8454018893826,0.00691338373645134,1,"supplied",4001,"wbar_undefined","heavy_tail",10,0.2
2.00465255511057,0.792724462526716,0.754374262011102,0.0113651171053621,0.0113651171053621,3.82449599306378,86.9885346300741,0.00797516521971313,1,"supplied",4001,"wbar_undefined","heavy_tail",10,0.2
2.18672414788655,0.809172168695886,0.76902736974211,0.00317042936173124,0.00317042936173124,4.24032575943467,314.414691798698,0.00905649523462967,1,"supplied",4001,"wbar_undefined","heavy_tail",10,0.2
2.3853323044733,0.824315431505729,0.782555618673515,0.000756679533102947,0.000756679533102947,4.69201955852265,1320.56343108589,0.0101962317915636,1,"supplied",4001,"wbar_undefined","heavy_tail",10,0.2
2.60197895023158,0.83825028553307,0.79503103855738,0.00015369835028738,0.00015369835028738,5.18239112999764,6505.25070555561,0.0114191155984352,1,"supplied",4001,"wbar_undefined","heavy_tail",10,0.2
2.83830242216217,0.851070443827192,0.806521154770348,2.62813497483368e-05,2.62813497483368e-05,5.71458389924744,38048.796132076,0.0127422944109881,1,"supplied",4001,"wbar_undefined","heavy_tail",10,0.2
3.09608985842665,0.862865422306466,0.817091261383456,3.73057676113099e-06,3.73057676113099e-06,6.2921068983403,268054.066020631,0.0141797286977117,1,"supplied",4001,"wbar_undefined","heavy_tail",10,0.2
3.37729071314047,0.873719347635398,0.826805300810183,4.3259712167537e-07,4.3259712167537e-07,6.91886944892208,2311618.63382276,0.0157444023395725,1,"supplied",4001,"wbar_undefined","heavy_tail",10,0.2
3.68403149864039,0.883710314436377,0.835724800111957,4.02548998630416e-08,4.02548998630416e-08,7.59921492738835,24841695.3749079,0.0174493532921438,1,"supplied",4001,"wbar_undefined","heavy_tail",10,0.2
4.01863186671133,0.892910163128901,0.843906349897652,2.94746745085703e-09,2.94746745085703e-09,8.33795427481761,339274313.873004,0.0193081961804598,1,"supplied",4001,"wbar_undefined","heavy_tail",10,0.2
4.38362215038276,0.901384562104939,0.851398754440217,1.66195842612462e-10,1.66195842612462e-10,9.1404001375943,6016997682.46081,0.0213354283613159,1,"supplied",4001,"wbar_undefined","heavy_tail",10,0.2
4.78176249895018,0.909193294712576,0.858240941529909,7.04849413389649e-12,7.04849413389649e-12,10.0124026285809,141874275695.841,0.0235466280630372,1,"supplied",4001,"wbar_undefined","heavy_tail",10,0.2
5.21606375092565,0.916390670213512,0.864461201233269,2.19123901125577e-13,2.19123901125577e-13,10.9603877049809,4563628133960.14,0.0259585919052788,1,"supplied",4001,"wbar_undefined","heavy_tail",10,0.2
5.6898102027639,0.923025996491022,0.870077786199008,4.85491364675199e-15,4.85491364675199e-15,11.9913991011702,205976887079961,0.0285894393362932,1,"supplied",4001,"wbar_undefined","heavy_tail",10,0.2
6.20658444554691,0.929144069336098,0.875100563420896,7.43420529510976e-17,7.43420529510976e-17,13.113144667359,13451336898885508,0.0314587001364032,1,"supplied",4001,"wbar_undefined","heavy_tail",10,0.2
6.77029445744823,0.934785647723222,0.87953307704957,7.6084808943962e-19,7.6084808943962e-19,14.3340478757785,1314322811451783936,0.0345873917226737,1,"supplied",4001,"wbar_undefined","heavy_tail",10,0.2
7.38520315685726,0.939987896215023,0.883373966330352,5.01766796070483e-21,5.01766796070483e-21,15.6633051822845,1.99295770033283e+20,0.037998086248539,1,"supplied",4001,"wbar_undefined","heavy_tail",10,0.2
8.05596063965163,0.944784784527865,0.88661652823073,2.04900097367455e-23,2.04900097367455e-23,17.1109498794704,4.88042715863948e+22,0.0417149638503261,1,"supplied",4001,"wbar_undefined","heavy_tail",10,0.2
8.7876393444041,0.949207440641932,0.889245714476705,4.96080877623966e-26,4.96080877623966e-26,18.6879230469641,2.01580033640807e+25,0.0457638473319609,1,"supplied",4001,"wbar_undefined","heavy_tail",10,0.2
9.58577241145239,0.95328445808327,0.891232876080854,6.79147479046953e-29,6.79147479046953e-29,20.4061521919724,1.47243423682188e+28,0.0501722143923536,1,"supplied",4001,"wbar_undefined","heavy_tail",10,0.2
10.4563955259127,0.957042160608092,0.892529546139137,4.99287211344511e-32,4.99287211344511e-32,22.2786381753729,2.00285522496588e+31,0.0549691856387577,1,"supplied",4001,"wbar_undefined","heavy_tail",10,0.2
11.4060925610648,0.960504828911865,0.893062055532928,1.86318665541945e-35,1.86318665541945e-35,24.3195510349469,5.36714878829398e+34,0.0601854896559553,1,"supplied",4001,"wbar_undefined","heavy_tail",10,0.2
12.4420453672751,0.963694894527867,0.89272890004797,3.31902355518064e-39,3.31902355518064e-39,26.5443353488554,3.01293432654043e+38,0.0658534098630322,1,"supplied",4001,"wbar_undefined","heavy_tail",10,0.2
13.5720880829745,0.966633106056688,0.891402915014477,2.63948242643142e-43,2.63948242643142e-43,28.9698258309251,3.7886215493846e+42,0.0720067212398489,1,"supplied",4001,"wbar_undefined","heavy_tail",10,0.2
14.8047663784046,0.969338672495035,0.888940236090593,8.71046302536896e-48,8.71046302536896e-48,31.6143739157435,1.14804459543371e+47,0.0786806275691074,1,"supplied",4001,"wbar_undefined","heavy_tail",10,0.2
16.1494020801478,0.971829387868451,0.885195949633211,1.10140031736831e-52,1.10140031736831e-52,34.4979861754606,9.07935093381307e+51,0.0859117108182672,1,"supplied",4001,"wbar_undefined","heavy_tail",10,0.2
17.6161636651498,0.974121740731983,0.880040493368937,4.89146475568447e-58,4.89146475568447e-58,37.642475509777,2.04437740011901e+57,0.0937379028255969,1,"supplied",4001,"wbar_undefined","heavy_tail",10,0.2
19.2161431573264,0.976231011463181,0.873364922518712,6.93874563107769e-64,6.93874563107769e-64,41.0716261632653,1.44118267647849e+63,0.102198484823951,1,"supplied",4001,"wbar_undefined","heavy_tail",10,0.2
20.9614400082677,0.978171359682143,0.865066495929863,2.83441976333641e-70,2.83441976333641e-70,44.8113737474506,3.52805894502688e+69,0.111334112219185,1,"supplied",4001,"wbar_undefined","heavy_tail",10,0.2
22.8652525963663,0.979955903620195,0.855020211941552,2.97764136948149e-77,2.97764136948149e-77,48.8900015770988,3.35836279764656e+76,0.12118685089562,1,"supplied",4001,"wbar_undefined","heavy_tail",10,0.2
24.9419780363097,0.981596792832018,0.843056540373698,7.11061984363947e-85,7.11061984363947e-85,53.3383547700206,1.40634715677356e+84,0.131800198626195,1,"supplied",4001,"wbar_undefined","heavy_tail",10,0.2
27.2073210537206,0.983105275304401,0.828966990128991,3.37352395252315e-93,3.37352395252315e-93,58.1900737074745,2.96425937409478e+92,0.143219053344003,1,"supplied",4001,"wbar_undefined","heavy_tail",10,0.2
29.6784127482837,0.984491759749834,0.812529662585248,2.74528654684623e-102,2.74528654684623e-102,63.4818486087935,3.6426070027145e+101,0.155489581937509,1,"supplied",4001,"wbar_undefined","heavy_tail",10,0.2
32.3739401434763,0.985765873673549,0.793525401965715,3.26435750998918e-112,3.26435750998918e-112,69.2536971406311,3.06338995327541e+111,0.168658941301394,1,"supplied",4001,"wbar_undefined","heavy_tail",10,0.2
35.3142875025886,0.986936517655873,0.771753550493933,4.7617057206816e-123,4.7617057206816e-123,75.5492671599618,2.10008778084854e+122,0.182774808767439,1,"supplied",4001,"wbar_undefined","heavy_tail",10,0.2
38.5216904797049,0.988011916186386,0.747036031417358,7.04095307806843e-135,7.04095307806843e-135,82.416166882681,1.42026226976978e+134,0.197884691140496,1,"supplied",4001,"wbar_undefined","heavy_tail",10,0.2
42.0204042713707,0.988999665312192,0.719205983851183,8.57102637128713e-148,8.57102637128713e-148,89.9063249783055,1.16672141314369e+147,0.214034998062636,1,"supplied",4001,"wbar_undefined","heavy_tail",10,0.2
45.8368870405543,0.989906777311494,0.688250436203599,6.84534836132356e-162,6.84534836132356e-162,98.0763833179637,1.46084603327134e+161,0.231269882936148,1,"supplied",4001,"wbar_undefined","heavy_tail",10,0.2
50,0.990739722568919,0.654595197731495,2.80031786215989e-177,2.80031786215989e-177,106.988125349641,3.57102318102095e+176,0.249629869606874,1,"supplied",4001,"wbar_undefined","heavy_tail",10,0.2
0.02,0.00157109210307458,0.00157109206328954,0.00157106675119126,0.00157106675119126,0.00157356431754756,635.510192352905,0.00159546255477677,1,"supplied",4001,"ok","normal",20,0.2
0.0218164902672218,0.001868730882582,0.0018687308154996,0.00186869493689607,0.00186869493689607,0.0018722295758096,534.132824655164,0.00159540425004878,1,"supplied",4001,"ok","normal",20,0.2
0.0237979623789893,0.00222260121654186,0.00222260110342923,0.00222255024297424,0.00222255024297424,0.00222755217671974,448.933585601101,0.00159533464983754,1,"supplied",4001,"ok","normal",20,0.2
0.0259594007310465,0.0026432628502086,0.002643262659476,0.00264319055470308,0.00264319055470308,0.00265026820569981,377.330649759882,0.00159525159132629,1,"supplied",4001,"ok","normal",20,0.2
0.0283171506695894,0.00314323228300032,0.00314323196137785,0.00314312972903312,0.00314312972903312,0.00315314334495511,317.154224040767,0.0015951525005529,1,"supplied",4001,"ok","normal",20,0.2
0.0308890420989276,0.0037373345441544,0.00373733400181585,0.00373718903979378,0.00373718903979378,0.0037513546113307,266.580791164683,0.00159503572781154,1,"supplied",4001,"ok","normal",20,0.2
0.033694524315753,0.0044431137375054,0.00444311282299105,0.00444290725179905,0.00444290725179905,0.00446294310130853,224.077847302591,0.00159489845039791,1,"supplied",4001,"ok","normal",20,0.2
0.0367548130896647,0.00528131029953391,0.00528130875748655,0.005281017208164,0.005281017208164,0.00530935062768776,188.357459099752,0.0015947344393184,1,"supplied",4001,"ok","normal",20,0.2
0.0400930511022114,0.00627641316491737,0.00627641056487437,0.0062759970395467,0.0062759970395467,0.00631605533778982,158.337232586112,0.00159453857402657,1,"supplied",4001,"ok","normal",20,0.2
0.0437344829577311,0.00745729485886993,0.00745729047533807,0.00745670389234799,0.00745670389234799,0.00751332393079205,133.107511098328,0.00159430476508662,1,"supplied",4001,"ok","normal",20,0.2
0.047706646089466,0.00885793669099252,0.00885792930158562,0.00885709717580526,0.00885709717580526,0.00893710096554634,111.903808115787,0.00159402577378664,1,"supplied",4001,"ok","normal",20,0.2
0.0520395790046316,0.0105182493725165,0.0105182369184118,0.0105170564000262,0.0105170564000262,0.0106300589837521,94.0836395626352,0.00159369660900679,1,"supplied",4001,"ok","normal",20,0.2
0.0567660484432434,0.0124849910597635,0.0124849700750922,0.0124832952509162,0.0124832952509162,0.0126428367637287,79.1070534582287,0.00159330606991885,1,"supplied",4001,"ok","normal",20,0.2
0.0619217971685331,0.0148127794381285,0.0148127440921803,0.0148103680072185,0.0148103680072185,0.015035496938014,66.5202668503987,0.00159283999399216,1,"supplied",4001,"ok","normal",20,0.2
0.0675458142628094,0.0175651862326575,0.0175651267245808,0.0175617559610757,0.0175617559610757,0.0178792383845807,55.941914135262,0.00159228406027933,1,"supplied",4001,"ok","normal",20,0.2
0.0736806299728077,0.020815890518077,0.0208157903914672,0.0208110091868939,0.0208110091868939,0.0212584031097997,47.0514900079795,0.0015916282169124,1,"supplied",4001,"ok","normal",20,0.2
0.0803726373342267,0.0246498503047496,0.0246496819662122,0.0246429016835727,0.0246429016835727,0.0252728215733104,39.5796367992902,0.0015908474675378,1,"supplied",4001,"ok","normal",20,0.2
0.0876724430076553,0.0291644289241691,0.0291641461874207,0.0291545343789708,0.0291545343789708,0.030040544241545,33.2999818484943,0.00158991725821187,1,"supplied",4001,"ok","normal",20,0.2
0.0956352499790037,0.0344703826514649,0.0344699083801584,0.0344562896093165,0.0344562896093165,0.0357010101317501,28.0222775388332,0.00158881955547561,1,"supplied",4001,"ok","normal",20,0.2
0.104321275018513,0.040692578118704,0.0406917838440796,0.0406725017587272,0.0406725017587272,0.0424187045680329,23.5866360995467,0.0015875120175576,1,"supplied",4001,"ok","normal",20,0.2
0.113796204055278,0.0479702626605725,0.0479689351628313,0.0479416620005568,0.0479416620005568,0.0503873574313253,19.8586844567129,0.00158596660184669,1,"supplied",4001,"ok","normal",20,0.2
0.124131688910938,0.0564566597754036,0.0564544466973624,0.056415922514212,0.056415922514212,0.0598347286961561,16.7254922978187,0.00158413059294183,1,"supplied",4001,"ok","normal",20,0.2
0.135405889148965,0.0663176101312507,0.0663139322805636,0.0662596120137452,0.0662596120137452,0.0710280185755384,14.0921499478831,0.00158196402993486,1,"supplied",4001,"ok","normal",20,0.2
0.147704063137145,0.0777289347750503,0.0777228463094432,0.0776464289763274,0.0776464289763274,0.0842799234475513,11.8788923480934,0.0015793987825844,1,"supplied",4001,"ok","normal",20,0.2
0.161119212793033,0.0908721754031366,0.0908621440134882,0.0907549561716786,0.0907549561716786,0.099955334051548,10.0186819781867,0.00157636798527446,1,"supplied",4001,"ok","normal",20,0.2
0.175752786888082,0.105928386495804,0.105911953650234,0.105762160769554,0.105762160769554,0.1184786373886,8.45517747296132,0.00157279651525537,1,"supplied",4001,"ok","normal",20,0.2
0.191715448229048,0.12306974038241,0.123043006973777,0.122834634624195,0.122834634624195,0.140341536892658,7.14102637305379,0.00156859241041326,1,"supplied",4001,"ok","normal",20,0.2
0.209127910518255,0.14244888449916,0.14240575154167,0.142117517106843,0.142117517106843,0.166111246226955,6.03643027515186,0.00156365210296272,1,"supplied",4001,"ok","normal",20,0.2
0.228121851221297,0.164186279135249,0.16411736056456,0.163721349457356,0.163721349457356,0.196438841618176,5.10793890542947,0.0015578603046978,1,"supplied",4001,"ok","normal",20,0.2
0.248840907345503,0.188356143980748,0.188247266600767,0.187707537078614,0.187707537078614,0.23206747957725,4.32743658333331,0.00155109414453044,1,"supplied",4001,"ok","normal",20,0.2
0.271441761659491,0.214972119614404,0.21480234502063,0.214073610957776,0.214073610957776,0.273840108084839,3.6712903824341,0.00154320839398908,1,"supplied",4001,"ok","normal",20,0.2
0.296095327568091,0.243974227291335,0.243713385716724,0.242739998079581,0.242739998079581,0.32270623052602,3.11963420907729,0.00153405370635026,1,"supplied",4001,"ok","normal",20,0.2
0.322988041602956,0.275219062727719,0.274824890559925,0.273540397086714,0.273540397086714,0.379727236982127,2.65576715779569,0.00152347273251101,1,"supplied",4001,"ok","normal",20,0.2
0.352323273302997,0.308475236964362,0.307890359302406,0.306217939946065,0.306217939946065,0.446079812977665,2.26564798971652,0.00151130650738532,1,"supplied",4001,"ok","normal",20,0.2
0.384322863146529,0.343425749039198,0.342574927102167,0.340428948556847,0.340428948556847,0.523056986375333,1.93747051841278,0.0014973917010367,1,"supplied",4001,"ok","normal",20,0.2
0.419228800165354,0.379678191210426,0.378466415915603,0.375755198902009,0.375755198902009,0.61206648844297,1.6613071566863,0.00148158206801133,1,"supplied",4001,"ok","normal",20,0.2
0.457305051927326,0.416782532378995,0.415094621564984,0.411724270783893,0.411724270783893,0.714626285250145,1.4288099365531,0.00146373547493567,1,"supplied",4001,"ok","normal",20,0.2
0.498839560726195,0.454254930209018,0.45195720748104,0.447836055138766,0.447836055138766,0.832357368584193,1.23296000517453,0.00144374374765161,1,"supplied",4001,"ok","normal",20,0.2
0.544146421074412,0.491604912351333,0.488549273198244,0.483592210401271,0.483592210401271,0.966974159063988,1.067857956542,0.00142151478134061,1,"supplied",4001,"ok","normal",20,0.2
0.593568254965675,0.528362652628519,0.524392889112561,0.518524702815403,0.518524702815403,1.12027314116064,0.928548427047659,0.00139698872442535,1,"supplied",4001,"ok","normal",20,0.2
0.647478802869525,0.56410312478147,0.55906289444789,0.552219769229493,0.552219769229493,1.29412059790212,0.810873235116681,0.00137012518905889,1,"supplied",4001,"ok","normal",20,0.2
0.706285750051772,0.598464613986139,0.592206063547371,0.584334658380753,0.584334658380753,1.49044053110049,0.711348087363319,0.00134089797298788,1,"supplied",4001,"ok","normal",20,0.2
0.770433809594098,0.631160183879484,0.623552120020091,0.614606003021109,0.614606003021109,1.71120404114196,0.627058627941281,0.0013092855651883,1,"supplied",4001,"ok","normal",20,0.2
0.840408085427414,0.661981916298897,0.652916609839929,0.642850153786783,0.642850153786783,1.95842159996464,0.555572467563995,0.00127526627405373,1,"supplied",4001,"ok","normal",20,0.2
0.916737740811086,0.690798768239803,0.680196907079838,0.668956810081136,0.668956810081136,2.23413976816094,0.494864817773083,0.00123881786653494,1,"supplied",4001,"ok","normal",20,0.2
1,0.717549545649022,0.705363333009313,0.692877564518255,0.692877564518255,2.54044394192187,0.443256429720424,0.00119991772189723,1,"supplied",4001,"ok","normal",20,0.2
1.09082451336109,0.742232738057964,0.728447463007043,0.714610523473426,0.714610523473426,2.8794686046084,0.399363663355269,0.00115854947352262,1,"supplied",4001,"ok","normal",20,0.2
1.18989811894946,0.764894864748617,0.749529333823434,0.734181047413717,0.734181047413717,3.25341623835977,0.362061855890557,0.00111468465289714,1,"supplied",4001,"ok","normal",20,0.2
1.29797003655233,0.785618679141084,0.768724717277629,0.751616687888136,0.751616687888136,3.6645854965046,0.330465403595232,0.00106822100420171,1,"supplied",4001,"ok","normal",20,0.2
1.41585753347947,0.804512190466818,0.786173145204165,0.766910566300605,0.766910566300605,4.11540848704565,0.303933005935442,0.00101884105730039,1,"supplied",4001,"ok","normal",20,0.2
1.54445210494638,0.821699085253692,0.802027083299933,0.779958651962092,0.779958651962092,4.60849618423345,0.282119247583656,0.000965732600595982,1,"supplied",4001,"ok","normal",20,0.2
1.68472621578765,0.837310818966298,0.816442544739327,0.790433973894102,0.790433973894102,5.14669023254131,0.265127807036764,0.000914806093814477,1,"supplied",4001,"ok","normal",20,0.2
1.83774065448323,0.851480418712318,0.829571402492532,0.797498962173712,0.797498962173712,5.73311890142622,0.253920127086234,0.000866351667988996,1,"supplied",4001,"ok","normal",20,0.2
2.00465255511057,0.864337887347087,0.841555588300494,0.799073666391494,0.799073666391494,6.37125480684845,0.251449074170922,0.000797917779429586,1,"supplied",4001,"ok","normal",20,0.2
2.18672414788655,0.876007013186868,0.85252320419512,0.789806624773142,0.789806624773142,7.06497226739995,0.266132707214544,0.000689224622890644,1,"supplied",4001,"ok","normal",20,0.2
2.3853323044733,0.886603351038631,0.862586355527196,0.755238969167187,0.755238969167187,7.81860274672376,0.324084218141862,0.000720314308859399,1,"supplied",4001,"ok","normal",20,0.2
2.60197895023158,0.896233134279091,0.871840340194273,0.657749948849885,0.657749948849885,8.63698761692963,0.520334591813439,0.00108774885576235,1,"supplied",4001,"ok","normal",20,0.2
2.83830242216217,0.90499289236183,0.880363789984301,0.437865682081593,0.437865682081593,9.52552829845584,1.28380537896016,0.00142754790713522,1,"supplied",4001,"ok","normal",20,0.2
3.09608985842665,0.912969574631797,0.888219477985802,0.162717142290293,0.162717142290293,10.490234544635,5.14563398745025,0.0016138078000476,1,"supplied",4001,"ok","normal",20,0.2
3.37729071314047,0.920241013454673,0.89545570745067,0.0296463656094946,0.0296463656094946,11.5377721472388,32.7309474345731,0.00171704803229667,1,"supplied",4001,"ok","normal",20,0.2
3.68403149864039,0.926876593091146,0.902108353782507,0.00303133370832208,0.00303133370832208,12.6755116080199,328.88779732652,0.00186221239363933,1,"supplied",4001,"ok","normal",20,0.2
4.01863186671133,0.932938022526233,0.908203637051769,0.000187777447271259,0.000187777447271259,13.9115793728448,5324.45316027979,0.00217520060551081,1,"supplied",4001,"ok","normal",20,0.2
4.38362215038276,0.938480138732415,0.913761539452428,7.08390398006963e-06,7.08390398006963e-06,15.2549131190402,141164.098060825,0.00285470622969755,1,"supplied",4001,"ok","normal",20,0.2
4.78176249895018,0.943551690586088,0.918799526192814,1.62087258912973e-07,1.62087258912973e-07,16.7153223964142,6169515.38707712,0.00431574300199516,1,"supplied",4001,"ok","normal",20,0.2
5.21606375092565,0.948196072538292,0.923335999315728,2.23878870972857e-09,2.23878870972857e-09,18.303555714751,446670109.338924,0.00660478686589769,1,"supplied",4001,"ok","normal",20,0.2
5.6898102027639,0.952451991353867,0.927392812838498,1.84628435222701e-11,1.84628435222701e-11,20.0313749928482,54162837851.8903,0.00937633777283242,1,"supplied",4001,"ok","normal",20,0.2
6.20658444554691,0.956354059322615,0.930996256970285,8.90977275172112e-14,8.90977275172112e-14,21.9116381610753,11223630813779.6,0.0125957126173002,1,"supplied",4001,"ok","normal",20,0.2
6.77029445744823,0.959933314043707,0.934176197535736,2.44342689864374e-16,2.44342689864374e-16,23.9583906463055,4092612717634667,0.0162436364250995,1,"supplied",4001,"ok","normal",20,0.2
7.38520315685726,0.963217668968188,0.936963532438323,3.66779240962573e-19,3.66779240962573e-19,26.186966457757,2726435654797707776,0.020315829000729,1,"supplied",4001,"ok","normal",20,0.2
8.05596063965163,0.966232301074348,0.939386716805132,2.88135751554879e-22,2.88135751554879e-22,28.6140996222974,3.47058632815837e+21,0.0248198396838013,1,"supplied",4001,"ok","normal",20,0.2
8.7876393444041,0.968999982951399,0.941468537826709,1.12495209474492e-25,1.12495209474492e-25,31.2580467756588,8.88926741566493e+24,0.0297720886047061,1,"supplied",4001,"ok","normal",20,0.2
9.58577241145239,0.971541366646372,0.943224200369773,2.05926705603948e-29,2.05926705603948e-29,34.1387217922222,4.85609672173004e+28,0.0351957631091912,1,"supplied",4001,"ok","normal",20,0.2
10.4563955259127,0.973875226226673,0.944661000393605,1.65637196780364e-33,1.65637196780364e-33,37.2778434246578,6.03729125726517e+32,0.0411194670328274,1,"supplied",4001,"ok","normal",20,0.2
11.4060925610648,0.976018665357456,0.945778838609725,5.44915243505241e-38,5.44915243505241e-38,40.6990970229798,1.8351477810886e+37,0.0475763846864037,1,"supplied",4001,"ok","normal",20,0.2
12.4420453672751,0.977987295438354,0.946570204945999,6.77588061081342e-43,6.77588061081342e-43,44.4283115098156,1.47582293348577e+42,0.0546037555847919,1,"supplied",4001,"ok","normal",20,0.2
13.5720880829745,0.979795389079237,0.947018421297071,2.92069084912013e-48,2.92069084912013e-48,48.493652905356,3.4238474787609e+47,0.0622425135408954,1,"supplied",4001,"ok","normal",20,0.2
14.8047663784046,0.981456012971376,0.947093907566258,3.9695241759687e-54,3.9695241759687e-54,52.9258358224931,2.51919362540717e+53,0.0705369895204257,1,"supplied",4001,"ok","normal",20,0.2
16.1494020801478,0.982981143555469,0.94674979865154,1.5336403672375e-60,1.5336403672375e-60,57.7583544910468,6.52043348207682e+59,0.0795346087578685,1,"supplied",4001,"ok","normal",20,0.2
17.6161636651498,0.984381768312194,0.945919810749878,1.50407265434202e-67,1.50407265434202e-67,63.0277350207786,6.64861499285393e+66,0.0892855330477857,1,"supplied",4001,"ok","normal",20,0.2
19.2161431573264,0.985667975005762,0.9445222744408,3.30882203585294e-75,3.30882203585294e-75,68.7738107770569,3.02222358641365e+74,0.0998422128888616,1,"supplied",4001,"ok","normal",20,0.2
20.9614400082677,0.986849030792233,0.94247425010873,1.42663057644056e-83,1.42663057644056e-83,75.0400229216077,7.00952311350987e+82,0.111258824108764,1,"supplied",4001,"ok","normal",20,0.2
22.8652525963663,0.987933452755187,0.939716408306569,1.0403901215242e-92,1.0403901215242e-92,81.8737483649164,9.61177907509327e+91,0.123590571460187,1,"supplied",4001,"ok","normal",20,0.2
24.9419780363097,0.988929071143503,0.936239269741487,1.09269831182311e-102,1.09269831182311e-102,89.3266575878286,9.15165685880444e+101,0.136892848412669,1,"supplied",4001,"ok","normal",20,0.2
27.2073210537206,0.989843086350828,0.932089336216033,1.3868553957343e-113,1.3868553957343e-113,97.4551050191872,7.2105570853011e+112,0.151220248549861,1,"supplied",4001,"ok","normal",20,0.2
29.6784127482837,0.990682120485872,0.927338644987172,1.75653409437274e-125,1.75653409437274e-125,106.320554905631,5.69302926258941e+124,0.166625430155915,1,"supplied",4001,"ok","normal",20,0.2
32.3739401434763,0.991452264229223,0.922028721079597,1.80167344326427e-138,1.80167344326427e-138,115.990045880778,5.55039540455346e+137,0.183157842406026,1,"supplied",4001,"ok","normal",20,0.2
35.3142875025886,0.992159119549498,0.916120919622009,1.19161197889015e-152,1.19161197889015e-152,126.536697736022,8.39199351563575e+151,0.200862329706841,1,"supplied",4001,"ok","normal",20,0.2
38.5216904797049,0.992807838753496,0.909482075116391,3.96345746409639e-168,3.96345746409639e-168,138.040264216278,2.52304965818016e+167,0.219777640265032,1,"supplied",4001,"ok","normal",20,0.2
42.0204042713707,0.993403160266808,0.90192472261999,5.05490726568824e-185,5.05490726568824e-185,150.587736013738,1.97827565856215e+184,0.239934874796346,1,"supplied",4001,"ok","normal",20,0.2
45.8368870405543,0.993949441479041,0.893303401061654,1.83889003201726e-203,1.83889003201726e-203,164.273998513697,5.43806308473487e+202,0.261355918780798,1,"supplied",4001,"ok","normal",20,0.2
50,0.994450688938102,0.883600660921374,1.38170820382619e-223,1.38170820382619e-223,179.202549261675,7.23741812656846e+222,0.284051903087677,1,"supplied",4001,"ok","normal",20,0.2
0.02,0.00148643489713607,0.00148643486660311,0.00148641440602372,0.00148641440602372,0.00148864767498972,671.759895186351,0.00179557652054372,1,"supplied",4001,"ok","skew_pos",20,0.2
0.0218164902672218,0.00176811256485814,0.00176811251396773,0.00176808385500137,0.00176808385500137,0.0017712443242032,564.58403447399,0.00179584302556442,1,"supplied",4001,"ok","skew_pos",20,0.2
0.0237979623789893,0.00210302880313569,0.00210302871840101,0.00210298861573454,0.00210298861573454,0.00210746085401316,474.513748632785,0.00179612821544834,1,"supplied",4001,"ok","skew_pos",20,0.2
0.0259594007310465,0.00250118780267087,0.00250118766174086,0.00250113160623231,0.00250113160623231,0.00250745942961191,398.819024919842,0.00179643274690876,1,"supplied",4001,"ok","skew_pos",20,0.2
0.0283171506695894,0.00297444941460983,0.00297444918050046,0.00297437091771157,0.00297437091771157,0.00298332315843202,335.205546539361,0.00179675714199156,1,"supplied",4001,"ok","skew_pos",20,0.2
0.0308890420989276,0.00353686327078997,0.0035368628824072,0.0035367537530517,0.0035367537530517,0.00354941707367055,281.745158363696,0.0017971017402632,1,"supplied",4001,"ok","skew_pos",20,0.2
0.033694524315753,0.00420505886712357,0.00420505822372979,0.00420490626268202,0.00420490626268202,0.00422281605722925,236.81742981404,0.00179746664043295,1,"supplied",4001,"ok","skew_pos",20,0.2
0.0367548130896647,0.00499869921626128,0.00499869815207645,0.0049984868611079,0.0049984868611079,0.00502381174006901,199.060543877943,0.00179785162948237,1,"supplied",4001,"ok","skew_pos",20,0.2
0.0400930511022114,0.00594100593064073,0.00594100417341986,0.0059407108544095,0.0059407108544095,0.00597651242641058,167.330023882201,0.00179825920573398,1,"supplied",4001,"ok","skew_pos",20,0.2
0.0437344829577311,0.00705936345187476,0.00705936055553374,0.00705895405328956,0.00705895405328956,0.00710955236600654,140.664047173389,0.00179868798189939,1,"supplied",4001,"ok","skew_pos",20,0.2
0.047706646089466,0.00838600936527658,0.00838600460060741,0.00838544225454399,0.00838544225454399,0.00845692925319536,118.254294483766,0.00179913401089218,1,"supplied",4001,"ok","skew_pos",20,0.2
0.0520395790046316,0.00995881600802283,0.00995880818591451,0.00995803172324655,0.00995803172324655,0.0100589916551426,99.4214515269667,0.00179959486114622,1,"supplied",4001,"ok","skew_pos",20,0.2
0.0567660484432434,0.0118221654618968,0.0118221526481387,0.0118210826615138,0.0118210826615138,0.0119636011340234,83.5946203604282,0.00180006716939384,1,"supplied",4001,"ok","skew_pos",20,0.2
0.0619217971685331,0.0140279149453952,0.0140278940017114,0.0140264225315565,0.0140264225315565,0.0142274970640962,70.2940165427219,0.00180054744992019,1,"supplied",4001,"ok","skew_pos",20,0.2
0.0675458142628094,0.0166364418568884,0.0166364077039183,0.0166343882752581,0.0166343882752581,0.016917895440729,59.1164276949935,0.00180103765291342,1,"supplied",4001,"ok","skew_pos",20,0.2
0.0736806299728077,0.0197177463791493,0.019717690814916,0.0197149250369286,0.0197149250369286,0.0201143561523411,49.7229927644598,0.00180152253302251,1,"supplied",4001,"ok","skew_pos",20,0.2
0.0803726373342267,0.0233525736048857,0.0233524834126959,0.023348702901498,0.023348702901498,0.0239109559639982,41.8289316206873,0.00180199278117593,1,"supplied",4001,"ok","skew_pos",20,0.2
0.0876724430076553,0.027633495489736,0.0276333494092065,0.0276281912876473,0.0276281912876473,0.0284188064495843,35.1949137237624,0.00180244521634971,1,"supplied",4001,"ok","skew_pos",20,0.2
0.0956352499790037,0.0326658645954376,0.0326656284715089,0.0326586019588672,0.0326586019588672,0.0337689567646405,29.6198042788077,0.0018028637669645,1,"supplied",4001,"ok","skew_pos",20,0.2
0.104321275018513,0.0385685159733077,0.038568134978833,0.0385585755078357,0.0385585755078357,0.0401157197513171,24.9345680391327,0.00180322724102385,1,"supplied",4001,"ok","skew_pos",20,0.2
0.113796204055278,0.0454740509845926,0.0454734371332122,0.0454604429016974,0.0454604429016974,0.0476404554863061,20.9971460058666,0.00180353161419815,1,"supplied",4001,"ok","skew_pos",20,0.2
0.124131688910938,0.0535284893282369,0.0535275014010802,0.0535098451650502,0.0535098451650502,0.0565558378933612,17.6881497585261,0.00180373799064823,1,"supplied",4001,"ok","skew_pos",20,0.2
0.135405889148965,0.062890027638939,0.0628884389106393,0.0628644450994542,0.0628644450994542,0.0671106161430411,14.9072429322801,0.00180383849881589,1,"supplied",4001,"ok","skew_pos",20,0.2
0.147704063137145,0.073726603083526,0.0737240495305156,0.0736914235262078,0.0736914235262078,0.079594861872271,12.5701001846485,0.00180379117381806,1,"supplied",4001,"ok","skew_pos",20,0.2
0.161119212793033,0.0862119415809142,0.0862078391948434,0.0861634323133605,0.0861634323133605,0.0943456644969367,10.6058514981528,0.00180356518184691,1,"supplied",4001,"ok","skew_pos",20,0.2
0.175752786888082,0.100519790974555,0.100513205004282,0.100452696340588,0.100452696340588,0.111753199198751,8.95493437637028,0.00180313348524893,1,"supplied",4001,"ok","skew_pos",20,0.2
0.191715448229048,0.116816122211759,0.116805563463051,0.116723040038971,0.116723040038971,0.132267045571871,7.56728885459223,0.00180244861401184,1,"supplied",4001,"ok","skew_pos",20,0.2
0.209127910518255,0.135249249328022,0.135232363539088,0.135119785575609,0.135119785575609,0.156402581001431,6.40084063736493,0.00180146844102254,1,"supplied",4001,"ok","skew_pos",20,0.2
0.228121851221297,0.155938088027678,0.155911195540229,0.15575774690762,0.15575774690762,0.184747215596184,5.42022640834104,0.00180014809113942,1,"supplied",4001,"ok","skew_pos",20,0.2
0.248840907345503,0.178959141384675,0.178916579521803,0.178707926397086,0.178707926397086,0.217966182202536,4.59572269770518,0.00179844735898705,1,"supplied",4001,"ok","skew_pos",20,0.2
0.271441761659491,0.204333237503999,0.204266463263086,0.203983975884548,0.203983975884548,0.256807557051908,3.90234586154937,0.00179631899041057,1,"supplied",4001,"ok","skew_pos",20,0.2
0.296095327568091,0.232013475012559,0.231909908622932,0.231529935907703,0.231529935907703,0.302106179553545,3.31909591336232,0.00179371616075204,1,"supplied",4001,"ok","skew_pos",20,0.2
0.322988041602956,0.261876144753628,0.261717782385419,0.261211094766026,0.261211094766026,0.354786182416795,2.82832130808121,0.00179060502100898,1,"supplied",4001,"ok","skew_pos",20,0.2
0.352323273302997,0.293716455253841,0.293478353525811,0.292809868050434,0.292809868050434,0.415861954364807,2.41518544664539,0.00178694992112913,1,"supplied",4001,"ok","skew_pos",20,0.2
0.384322863146529,0.327250579555287,0.326899406441524,0.326028262093956,0.326028262093956,0.48643754956929,2.0672187545257,0.00178271184404916,1,"supplied",4001,"ok","skew_pos",20,0.2
0.419228800165354,0.362124819290927,0.361617751799343,0.360497702539472,0.360497702539472,0.567704827280445,1.77394278231359,0.00177785456140484,1,"supplied",4001,"ok","skew_pos",20,0.2
0.457305051927326,0.397931626094846,0.397215918130314,0.395795863832617,0.395795863832617,0.660940921898571,1.52655495263817,0.001772332269311,1,"supplied",4001,"ok","skew_pos",20,0.2
0.498839560726195,0.43423103945027,0.433244544911584,0.431468854561686,0.431468854561686,0.767505942758593,1.31766439089993,0.00176605428995288,1,"supplied",4001,"ok","skew_pos",20,0.2
0.544146421074412,0.470575089038521,0.469247882703145,0.467056023611815,0.467056023611815,0.88884198551201,1.14107076976943,0.00175891250265561,1,"supplied",4001,"ok","skew_pos",20,0.2
0.593568254965675,0.506532155027182,0.504789158879936,0.502114074376549,0.502114074376549,1.02647449106858,0.991579306438786,0.00175069035497357,1,"supplied",4001,"ok","skew_pos",20,0.2
0.647478802869525,0.541708350793086,0.539472600923831,0.536237301850036,0.536237301850036,1.18201663008813,0.864846023486184,0.00174107799762849,1,"supplied",4001,"ok","skew_pos",20,0.2
0.706285750051772,0.575763670629015,0.572959637526648,0.569071578073571,0.569071578073571,1.35717672148139,0.757248189033115,0.00172962604212201,1,"supplied",4001,"ok","skew_pos",20,0.2
0.770433809594098,0.608421727284004,0.604978021537718,0.600320959478832,0.600320959478832,1.55376784075372,0.665775589225051,0.00171569530106801,1,"supplied",4001,"ok","skew_pos",20,0.2
0.840408085427414,0.63947308199567,0.635323992396103,0.629747084658071,0.629747084658071,1.77371799458256,0.587939070083925,0.00169844520068522,1,"supplied",4001,"ok","skew_pos",20,0.2
0.916737740811086,0.668773142619238,0.663858749299292,0.657162471607684,0.657162471607684,2.01907885099562,0.521693710770789,0.00167683040812104,1,"supplied",4001,"ok","skew_pos",20,0.2
1,0.69623617943681,0.690501172224029,0.682419129337745,0.682419129337745,2.29203128320536,0.465375100153555,0.00164961648734059,1,"supplied",4001,"ok","skew_pos",20,0.2
1.09082451336109,0.721827138538217,0.715218821770616,0.705393480221291,0.705393480221291,2.59488698769914,0.417648487034906,0.00161542399523474,1,"supplied",4001,"ok","skew_pos",20,0.2
1.18989811894946,0.74555270577028,0.738018877315907,0.725967514987049,0.725967514987049,2.93008698727674,0.377472103580061,0.00157286369236095,1,"supplied",4001,"ok","skew_pos",20,0.2
1.29797003655233,0.76745264955912,0.758940066189382,0.744004466021418,0.744004466021418,3.30019949960353,0.34407795338585,0.00152067793229258,1,"supplied",4001,"ok","skew_pos",20,0.2
1.41585753347947,0.787592013839608,0.778046034802175,0.759315015177922,0.759315015177922,3.70792091237515,0.316976459059856,0.00145796643003836,1,"supplied",4001,"ok","skew_pos",20,0.2
1.54445210494638,0.806054363420281,0.795420163265253,0.771606717956557,0.771606717956557,4.15608403280042,0.295997010819575,0.00138428657863443,1,"supplied",4001,"ok","skew_pos",20,0.2
1.68472621578765,0.822936056403844,0.811161549566061,0.780403981531719,0.780403981531719,4.64767721586944,0.28138761931644,0.00129912788495749,1,"supplied",4001,"ok","skew_pos",20,0.2
1.83774065448323,0.838341423553545,0.82538173726709,0.784917086264076,0.784917086264076,5.18587656765135,0.274019915606171,0.00120046659197394,1,"supplied",4001,"ok","skew_pos",20,0.2
2.00465255511057,0.852378728989209,0.838201691725256,0.783824904901568,0.783824904901568,5.7740915191477,0.275795134534006,0.00108376711574657,1,"supplied",4001,"ok","skew_pos",20,0.2
2.18672414788655,0.865156820450284,0.849748542709913,0.774919092242949,0.774919092242949,6.41602210315212,0.290457300652602,0.000943507158031925,1,"supplied",4001,"ok","skew_pos",20,0.2
2.3853323044733,0.876782414059251,0.86015171197304,0.754557633087114,0.754557633087114,7.11572465379145,0.325279814490393,0.000777723754814303,1,"supplied",4001,"ok","skew_pos",20,0.2
2.60197895023158,0.887357980183629,0.869538231368291,0.716981234206113,0.716981234206113,7.87768171797875,0.394736643431488,0.000642311161575087,1,"supplied",4001,"ok","skew_pos",20,0.2
2.83830242216217,0.896980200291284,0.878027358041241,0.654036265495667,0.654036265495667,8.70687191032656,0.528967203740823,0.000732186602678191,1,"supplied",4001,"ok","skew_pos",20,0.2
3.09608985842665,0.905738954227759,0.885725060643245,0.557222871116782,0.557222871116782,9.60883625688026,0.794614061687395,0.000829592746586851,1,"supplied",4001,"ok","skew_pos",20,0.2
3.37729071314047,0.913716780442533,0.892719523825341,0.425531040128728,0.425531040128728,10.5897390608376,1.35000483089903,0.00100589527519259,1,"supplied",4001,"ok","skew_pos",20,0.2
3.68403149864039,0.920988735216197,0.899079161318796,0.277499893296956,0.277499893296956,11.656423140881,2.60360498924549,0.00136749796167716,1,"supplied",4001,"ok","skew_pos",20,0.2
4.01863186671133,0.927622565727753,0.904854251312223,0.148996474668158,0.148996474668158,12.8164610289791,5.71156819130909,0.00180934296275506,1,"supplied",4001,"ok","skew_pos",20,0.2
4.38362215038276,0.93367910829525,0.910082077886515,0.0653514116832014,0.0653514116832014,14.0782049863237,14.3018882720945,0.00233694669127589,1,"supplied",4001,"ok","skew_pos",20,0.2
4.78176249895018,0.939212827701542,0.914793985927992,0.0237342019845188,0.0237342019845188,15.4508392509215,41.1332893624262,0.00295821739506936,1,"supplied",4001,"ok","skew_pos",20,0.2
5.21606375092565,0.944272424976049,0.919021987006281,0.00724297344950483,0.00724297344950483,16.9444377324909,137.064844082559,0.00367845327624981,1,"supplied",4001,"ok","skew_pos",20,0.2
5.6898102027639,0.948901456997486,0.922802899327315,0.00186681984143174,0.00186681984143174,18.5700296180811,534.670329726654,0.00449999703533099,1,"supplied",4001,"ok","skew_pos",20,0.2
6.20658444554691,0.953138928854936,0.926179029019004,0.000404743671623617,0.000404743671623617,20.339674394219,2469.69953185069,0.00542346840373609,1,"supplied",4001,"ok","skew_pos",20,0.2
6.77029445744823,0.957019836204166,0.929195449620696,7.31119160705412e-05,7.31119160705412e-05,22.2665469761872,13676.6609579643,0.00644956778678396,1,"supplied",4001,"ok","skew_pos",20,0.2
7.38520315685726,0.960575647852331,0.931894822860924,1.08654002324155e-05,1.08654002324155e-05,24.3650331717402,92034.2659459915,0.00758051354466074,1,"supplied",4001,"ok","skew_pos",20,0.2
8.05596063965163,0.963834727677358,0.934311550996737,1.30916718892636e-06,1.30916718892636e-06,26.6508356159653,763843.380197226,0.0088207400023484,1,"supplied",4001,"ok","skew_pos",20,0.2
8.7876393444041,0.966822700035612,0.936467565694908,1.25801580543079e-07,1.25801580543079e-07,29.1410904767233,7949024.72513837,0.0101769727118151,1,"supplied",4001,"ok","skew_pos",20,0.2
9.58577241145239,0.969562764997291,0.938371464211144,9.46524741391394e-09,9.46524741391394e-09,31.8544954859077,105649640.923781,0.0116579761226283,1,"supplied",4001,"ok","skew_pos",20,0.2
10.4563955259127,0.972075970181688,0.940020888470439,5.46308987909731e-10,5.46308987909731e-10,34.8114500846226,1830465947.99741,0.0132742205913363,1,"supplied",4001,"ok","skew_pos",20,0.2
11.4060925610648,0.97438144553621,0.941406253575842,2.36445926551967e-11,2.36445926551967e-11,38.034208640204,42292967976.1926,0.0150375991188513,1,"supplied",4001,"ok","skew_pos",20,0.2
12.4420453672751,0.97649660666712,0.942513516941732,7.4832479109794e-13,7.4832479109794e-13,41.5470478171788,1336318149412.18,0.0169612322228583,1,"supplied",4001,"ok","skew_pos",20,0.2
13.5720880829745,0.978437331552587,0.943324647346103,1.68449652394847e-14,1.68449652394847e-14,45.3764492988803,59364919178104.1,0.0190593540839364,1,"supplied",4001,"ok","skew_pos",20,0.2
14.8047663784046,0.980218114745028,0.943815929354942,2.61596003736122e-16,2.61596003736122e-16,49.5512991866468,3822688365716492,0.021347262106004,1,"supplied",4001,"ok","skew_pos",20,0.2
16.1494020801478,0.981852202522311,0.943955652443347,2.71051006358385e-18,2.71051006358385e-18,54.1031055547874,368934250949724800,0.0238413160578179,1,"supplied",4001,"ok","skew_pos",20,0.2
17.6161636651498,0.983351711879365,0.943703951678476,1.80648216702582e-20,1.80648216702582e-20,59.0662358047822,55356206568393285632,0.026558978723146,1,"supplied",4001,"ok","skew_pos",20,0.2
19.2161431573264,0.984727735763338,0.943017988509059,7.44055085054666e-23,7.44055085054666e-23,64.478175632887,1.34398651401802e+22,0.0295188923152107,1,"supplied",4001,"ok","skew_pos",20,0.2
20.9614400082677,0.985990436544848,0.941863374953945,1.81299638796584e-25,1.81299638796584e-25,70.3798115980709,5.51573079040707e+24,0.0327409839369662,1,"supplied",4001,"ok","skew_pos",20,0.2
22.8652525963663,0.987149129379093,0.940226581421599,2.49181177949008e-28,2.49181177949008e-28,76.8157394545011,4.01314420387176e+27,0.0362465911002049,1,"supplied",4001,"ok","skew_pos",20,0.2
24.9419780363097,0.988212356834068,0.938118343351093,1.83397140127177e-31,1.83397140127177e-31,83.8346006002442,5.45264773107447e+30,0.0400585965665905,1,"supplied",4001,"ok","skew_pos",20,0.2
27.2073210537206,0.98918795593791,0.935562629425864,6.83003064956325e-35,6.83003064956325e-35,91.4894491973367,1.46412227310275e+34,0.0442015614793145,1,"supplied",4001,"ok","skew_pos",20,0.2
29.6784127482837,0.9900831186133,0.9325738599458,1.2099749693027e-38,1.2099749693027e-38,99.838152742366,8.26463377648462e+37,0.0487018470454448,1,"supplied",4001,"ok","skew_pos",20,0.2
32.3739401434763,0.990904446315373,0.92912742937214,9.53231560378596e-43,9.53231560378596e-43,108.943829114021,1.0490630415162e+42,0.0535877175065625,1,"supplied",4001,"ok","skew_pos",20,0.2
35.3142875025886,0.991657999564343,0.92512995919307,3.10301465662706e-47,3.10301465662706e-47,118.875323396725,3.22267249967484e+46,0.0588894201069397,1,"supplied",4001,"ok","skew_pos",20,0.2
38.5216904797049,0.99234934296007,0.92039740164718,3.85242345443897e-52,3.85242345443897e-52,129.70772807888,2.59576864232759e+51,0.0646392404344237,1,"supplied",4001,"ok","skew_pos",20,0.2
42.0204042713707,0.992983586179451,0.91465012008936,1.67143927196396e-57,1.67143927196396e-57,141.522950552218,5.98286768040928e+56,0.0708715331549734,1,"supplied",4001,"ok","skew_pos",20,0.2
45.8368870405543,0.99356542138568,0.90753851486893,2.30380592167555e-63,2.30380592167555e-63,154.410332197127,4.34064341354199e+62,0.0776227283691436,1,"supplied",4001,"ok","skew_pos",20,0.2
50,0.994099157418726,0.898708648636928,9.09134070446631e-70,9.09134070446631e-70,168.467323729925,1.09994777723898e+69,0.0849313126099576,1,"supplied",4001,"ok","skew_pos",20,0.2
0.02,0.00169717262996045,0.00169717257956388,0.00169714291810688,0.00169714291810688,0.00170005792173457,588.225568059685,0.00133972973459017,1,"supplied",4001,"ok","bimodal",20,0.2
0.0218164902672218,0.00201870928689847,0.00201870920214949,0.00201866727583777,0.00201866727583777,0.00202279271734244,494.376336640215,0.00134014230498832,1,"supplied",4001,"ok","bimodal",20,0.2
0.0237979623789893,0.00240098880494658,0.00240098866246388,0.00240092941237124,0.00240092941237124,0.00240676742659394,415.505372814091,0.00134059019199596,1,"supplied",4001,"ok","bimodal",20,0.2
0.0259594007310465,0.00285541401688134,0.00285541377740201,0.00285533006564257,0.00285533006564257,0.0028635907540591,349.22220794462,0.00134107618828654,1,"supplied",4001,"ok","bimodal",20,0.2
0.0283171506695894,0.00339549826473082,0.00339549786235324,0.00339537962253093,0.00339537962253093,0.0034070669546632,293.517877578177,0.00134160459030059,1,"supplied",4001,"ok","bimodal",20,0.2
0.0308890420989276,0.00403724355551899,0.00403724287968833,0.00403707592319119,0.00403707592319119,0.00405360896217814,246.70403604635,0.00134217896824843,1,"supplied",4001,"ok","bimodal",20,0.2
0.033694524315753,0.00479958128995977,0.00479958015532665,0.00479934449594671,0.00479934449594671,0.0048227283667956,207.361787915944,0.00134280121356097,1,"supplied",4001,"ok","bimodal",20,0.2
0.0367548130896647,0.00570488373277812,0.00570488182882009,0.0057045493344355,0.0057045493344355,0.00573761616590794,174.298685553213,0.00134347484260329,1,"supplied",4001,"ok","bimodal",20,0.2
0.0400930511022114,0.00677955448957737,0.00677955129649789,0.00677908240257537,0.00677908240257537,0.00682583057993064,146.512589553433,0.00134420352963463,1,"supplied",4001,"ok","bimodal",20,0.2
0.0437344829577311,0.0080547058249679,0.00805470047349852,0.00805403959184216,0.00805403959184216,0.00812011092977333,123.161296774961,0.00134499108968487,1,"supplied",4001,"ok","bimodal",20,0.2
0.047706646089466,0.00956692941312423,0.00956692045120023,0.00956598956937558,0.00956598956937558,0.00965933963357604,103.537015511849,0.00134584145377771,1,"supplied",4001,"ok","bimodal",20,0.2
0.0520395790046316,0.0113591646610843,0.0113591496662831,0.0113578394465481,0.0113578394465481,0.0114896778031532,87.0449142379736,0.00134675863465699,1,"supplied",4001,"ok","bimodal",20,0.2
0.0567660484432434,0.0134816645590292,0.0134816394962684,0.0134797969326734,0.0134797969326734,0.0136659036884529,73.1850938107326,0.00134774668080729,1,"supplied",4001,"ok","bimodal",20,0.2
0.0619217971685331,0.0159930524024738,0.01599301056234,0.0159904219227799,0.0159904219227799,0.0162529872797354,61.537436774911,0.00134880961613701,1,"supplied",4001,"ok","bimodal",20,0.2
0.0675458142628094,0.018961452832142,0.0189613830814529,0.0189577504268906,0.0189577504268906,0.0193279386287945,51.7488746017857,0.00134995136220685,1,"supplied",4001,"ok","bimodal",20,0.2
0.0736806299728077,0.0224656664044851,0.0224655503139505,0.0224604593273289,0.0224604593273289,0.0229819717143367,43.5226869774316,0.0013511820722049,1,"supplied",4001,"ok","bimodal",20,0.2
0.0803726373342267,0.0265963371603774,0.026596144308553,0.0265890204602097,0.0265890204602097,0.0273230296697161,36.6095088383002,0.00135250285031118,1,"supplied",4001,"ok","bimodal",20,0.2
0.0876724430076553,0.0314570362016689,0.0314567165353163,0.0314467657467216,0.0314467657467216,0.0324787204878388,30.7997726079113,0.00135391383454898,1,"supplied",4001,"ok","bimodal",20,0.2
0.0956352499790037,0.0371651501265291,0.0371646216044082,0.0371507505525168,0.0371507505525168,0.0385997143034583,25.9173565843949,0.00135541746473622,1,"supplied",4001,"ok","bimodal",20,0.2
0.104321275018513,0.0438524209461636,0.0438515496903521,0.0438322597607272,0.0438322597607272,0.0458636531711539,21.8142469829032,0.00135701549407496,1,"supplied",4001,"ok","bimodal",20,0.2
0.113796204055278,0.0516649347076093,0.0516635033737544,0.0516367511232288,0.0516367511232288,0.0544796207569105,18.3660518573979,0.00135872525842117,1,"supplied",4001,"ok","bimodal",20,0.2
0.124131688910938,0.060762302586831,0.0607599604335183,0.0607229764627707,0.0607229764627707,0.0646932110520919,15.4682309440661,0.00136053091519523,1,"supplied",4001,"ok","bimodal",20,0.2
0.135405889148965,0.0713157272229323,0.0713119121606146,0.071260969872031,0.071260969872031,0.0767922202555182,13.032927166102,0.00136243158568289,1,"supplied",4001,"ok","bimodal",20,0.2
0.147704063137145,0.0835046098372471,0.0834984283124393,0.0834285546918783,0.0834285546918783,0.0911129621965891,10.986303774448,0.00136444420617475,1,"supplied",4001,"ok","bimodal",20,0.2
0.161119212793033,0.0975113473776765,0.0975013921208441,0.0974060152402071,0.0974060152402071,0.108047172775349,9.26630642403306,0.00136654084840537,1,"supplied",4001,"ok","bimodal",20,0.2
0.175752786888082,0.113514016648073,0.113498095153404,0.113368628615841,0.113368628615841,0.128049420723902,7.82078236465736,0.00136874175174694,1,"supplied",4001,"ok","bimodal",20,0.2
0.191715448229048,0.131676771096962,0.131651509810698,0.131476884103955,0.131476884103955,0.151644879134825,6.6058997504788,0.00137101780140037,1,"supplied",4001,"ok","bimodal",20,0.2
0.209127910518255,0.152138010883905,0.152098293004751,0.151864458859406,0.151864458859406,0.179437234876529,5.58481917040108,0.00137336899112188,1,"supplied",4001,"ok","bimodal",20,0.2
0.228121851221297,0.174996741296395,0.174934932831781,0.174624382744447,0.174624382744447,0.212116424329501,4.72657714967242,0.00137578750993182,1,"supplied",4001,"ok","bimodal",20,0.2
0.248840907345503,0.200297995428556,0.200202919540667,0.199794299662092,0.199794299662092,0.250465791361739,4.00514780297175,0.00137824969277343,1,"supplied",4001,"ok","bimodal",20,0.2
0.271441761659491,0.228018709303097,0.227874349604102,0.227342261626187,0.227342261626187,0.295368180616468,3.39865422665793,0.00138073703920707,1,"supplied",4001,"ok","bimodal",20,0.2
0.296095327568091,0.258055895412136,0.257839851883773,0.257154966170627,0.257154966170627,0.347810426441061,2.88870576715397,0.0013832245453293,1,"supplied",4001,"ok","bimodal",20,0.2
0.322988041602956,0.290219214623198,0.289901006080203,0.289030612075576,0.289030612075576,0.408885701898974,2.45984113177091,0.00138569827824972,1,"supplied",4001,"ok","bimodal",20,0.2
0.352323273302997,0.324229937006612,0.323769339279125,0.322678434102653,0.322678434102653,0.479793282896264,2.09906053306888,0.00138810004024671,1,"supplied",4001,"ok","bimodal",20,0.2
0.384322863146529,0.359727698632489,0.359073413129906,0.357726363359471,0.357726363359471,0.561835484471485,1.79543277327627,0.00139040612115999,1,"supplied",4001,"ok","bimodal",20,0.2
0.419228800165354,0.39628540985558,0.395374442153813,0.39373714488435,0.39373714488435,0.656411848123103,1.53976545772364,0.00139254339864075,1,"supplied",4001,"ok","bimodal",20,0.2
0.457305051927326,0.433431318126734,0.43218946693398,0.430231797412945,0.430231797412945,0.765011078080887,1.32432843414449,0.0013944344071803,1,"supplied",4001,"ok","bimodal",20,0.2
0.498839560726195,0.470675887574314,0.469019656811753,0.466717852855848,0.466717852855848,0.889201675354236,1.14262213001066,0.00139596587117926,1,"supplied",4001,"ok","bimodal",20,0.2
0.544146421074412,0.507540197957859,0.505380226134543,0.502718770362476,0.502718770362476,1.0306225926526,0.989183732445418,0.00139700604608788,1,"supplied",4001,"ok","bimodal",20,0.2
0.593568254965675,0.543582278261227,0.540828052096497,0.537800620394057,0.537800620394057,1.19097539900596,0.859425151401424,0.00139733363452831,1,"supplied",4001,"ok","bimodal",20,0.2
0.647478802869525,0.578418268159782,0.574983530643322,0.571592711329458,0.571592711329458,1.37201928943877,0.749497465903853,0.00139670566169938,1,"supplied",4001,"ok","bimodal",20,0.2
0.706285750051772,0.611736396982965,0.607544397094904,0.603800145231597,0.603800145231597,1.57556977329169,0.656177143873383,0.00139482685195815,1,"supplied",4001,"ok","bimodal",20,0.2
0.770433809594098,0.643303157627636,0.638290845017185,0.63420796520242,0.63420796520242,1.8035011281543,0.57676985289964,0.00139137344801182,1,"supplied",4001,"ok","bimodal",20,0.2
0.840408085427414,0.672962354594759,0.667082863427118,0.662678111688723,0.662678111688723,2.05775195623389,0.509028263287088,0.0013860343673591,1,"supplied",4001,"ok","bimodal",20,0.2
0.916737740811086,0.700628626472052,0.693851872007357,0.689141418829071,0.689141418829071,2.34033273861652,0.451080972174206,0.00137858973830475,1,"supplied",4001,"ok","bimodal",20,0.2
1,0.72627745221468,0.718589214996651,0.713587143889607,0.713587143889607,2.6533344004393,0.401370538360906,0.00136892435302795,1,"supplied",4001,"ok","bimodal",20,0.2
1.09082451336109,0.749933583487009,0.741333853005553,0.736052100898902,0.736052100898902,2.99893761803097,0.358599477915697,0.00135707217439655,1,"supplied",4001,"ok","bimodal",20,0.2
1.18989811894946,0.771659452324928,0.762160872033589,0.756610663852274,0.756610663852274,3.3794236730263,0.321683724240036,0.00134320764508611,1,"supplied",4001,"ok","bimodal",20,0.2
1.29797003655233,0.791544573353629,0.78117155829171,0.775366094031847,0.775366094031847,3.79718861767233,0.289713346633553,0.00132753414188501,1,"supplied",4001,"ok","bimodal",20,0.2
1.41585753347947,0.809696455273285,0.798485107750976,0.792443096819519,0.792443096819519,4.25476286548445,0.261920261547503,0.00131026386242216,1,"supplied",4001,"ok","bimodal",20,0.2
1.54445210494638,0.82623315655424,0.814231731327763,0.807981268424799,0.807981268424799,4.75483780547662,0.237652454430721,0.00129151205832122,1,"supplied",4001,"ok","bimodal",20,0.2
1.68472621578765,0.841277394880182,0.828546929098493,0.822129023252605,0.822129023252605,5.30029981706206,0.216354090071751,0.00127132947449764,1,"supplied",4001,"ok","bimodal",20,0.2
1.83774065448323,0.854952025315271,0.841566824957737,0.83503758021302,0.83503758021302,5.89427068646469,0.197550893152494,0.00124971628676845,1,"supplied",4001,"ok","bimodal",20,0.2
2.00465255511057,0.867376689065154,0.853424469540933,0.846854665346741,0.846854665346741,6.54015257914403,0.180840161741984,0.00122668566746658,1,"supplied",4001,"ok","bimodal",20,0.2
2.18672414788655,0.878665453942707,0.864246890979928,0.857717879391054,0.857717879391054,7.24167586639182,0.165884522204388,0.00120242520015871,1,"supplied",4001,"ok","bimodal",20,0.2
2.3853323044733,0.888925286944328,0.874152542852488,0.867748163770075,0.867748163770075,8.00294920859973,0.152408085377369,0.00117867369116533,1,"supplied",4001,"ok","bimodal",20,0.2
2.60197895023158,0.898255207358697,0.88324886097059,0.877044196860613,0.877044196860613,8.82851283136879,0.140193394562679,0.00117161019966649,1,"supplied",4001,"ok","bimodal",20,0.2
2.83830242216217,0.906745969619232,0.891629955993763,0.885678477479144,0.885678477479144,9.72339711127633,0.129077905162879,0.00118717520867224,1,"supplied",4001,"ok","bimodal",20,0.2
3.09608985842665,0.914480128534953,0.899374877394661,0.89369506393895,0.89369506393895,10.6931887626692,0.118949897286567,0.00121337966084632,1,"supplied",4001,"ok","bimodal",20,0.2
3.37729071314047,0.921532353096035,0.906547096483249,0.901107317246279,0.901107317246279,11.7441058761948,0.109745732679133,0.00124335281427406,1,"supplied",4001,"ok","bimodal",20,0.2
3.68403149864039,0.927969880034696,0.913195664501584,0.907890970848877,0.907890970848877,12.8830811399687,0.101453844248501,0.00127258723550308,1,"supplied",4001,"ok","bimodal",20,0.2
4.01863186671133,0.933853030271221,0.91935795686856,0.913960705040243,0.913960705040243,14.1178505092565,0.0941389432666783,0.00129679757601223,1,"supplied",4001,"ok","bimodal",20,0.2
4.38362215038276,0.939235743139931,0.925063316393478,0.919096597541134,0.919096597541134,15.457043197333,0.0880249178109328,0.00130920061457688,1,"supplied",4001,"ok","bimodal",20,0.2
4.78176249895018,0.944166108479246,0.930336597760043,0.922707720730566,0.922707720730566,16.9102687053131,0.0837668066852598,0.0012953849167141,1,"supplied",4001,"ok","bimodal",20,0.2
5.21606375092565,0.94868689192047,0.935200731708112,0.922989795961696,0.922989795961696,18.48819780026,0.083435596336213,0.00122001933214834,1,"supplied",4001,"ok","bimodal",20,0.2
5.6898102027639,0.952836054206903,0.939677840275066,0.913453653878391,0.913453653878391,20.2026365306009,0.0947462914556706,0.00102483822852135,1,"supplied",4001,"ok","bimodal",20,0.2
6.20658444554691,0.956647263931953,0.9437889043418,0.866734980576613,0.866734980576613,22.0665948841243,0.153755210542824,0.00158308734693152,1,"supplied",4001,"ok","bimodal",20,0.2
6.77029445744823,0.960150398548595,0.94755237089816,0.672947032253617,0.672947032253617,24.0943538599613,0.486001055166441,0.00234010324198849,1,"supplied",4001,"ok","bimodal",20,0.2
7.38520315685726,0.963372024264535,0.950982384086223,0.24220706131494,0.24220706131494,26.3015360505376,3.12869878595203,0.00261260626767506,1,"supplied",4001,"ok","bimodal",20,0.2
8.05596063965163,0.966335843543462,0.954087491094789,0.0261440993401176,0.0261440993401176,28.7051851363351,37.2495486645248,0.00265584150880443,1,"supplied",4001,"ok","bimodal",20,0.2
8.7876393444041,0.969063099908071,0.956870506470961,0.00118123893174048,0.00118123893174048,31.3238591141491,845.568778872338,0.00265954455364664,1,"supplied",4001,"ok","bimodal",20,0.2
9.58577241145239,0.971572932957057,0.959329529327281,2.43096925980129e-05,2.43096925980129e-05,34.1777409357553,41134.8554193211,0.0026607899771411,1,"supplied",4001,"ok","bimodal",20,0.2
10.4563955259127,0.973882680787047,0.961459093783683,2.00343284139348e-07,2.00343284139348e-07,37.2887689140793,4991431.60177593,0.00267306071445886,1,"supplied",4001,"ok","bimodal",20,0.2
11.4060925610648,0.976008131180181,0.963249723066993,5.63736653510189e-10,5.63736653510189e-10,40.6807880832492,1773877914.82001,0.00277079128776127,1,"supplied",4001,"ok","bimodal",20,0.2
12.4420453672751,0.977963726162097,0.964684400940037,4.84203566574527e-13,4.84203566574527e-13,44.3797228767393,2065247075881.66,0.00331641744751737,1,"supplied",4001,"ok","bimodal",20,0.2
13.5720880829745,0.979762726499759,0.965731869812826,1.26074132614445e-16,1.26074132614445e-16,48.4137710788,7931841205349885,0.00589780839102146,1,"supplied",4001,"ok","bimodal",20,0.2
14.8047663784046,0.981417343431534,0.96633868414992,1.05126979882904e-20,1.05126979882904e-20,52.8136189686111,95123059857122197504,0.011238720438178,1,"supplied",4001,"ok","bimodal",20,0.2
16.1494020801478,0.982938844679115,0.96642350607892,2.90231336574186e-25,2.90231336574186e-25,57.6126778164837,3.44552732245847e+24,0.0179230897147653,1,"supplied",4001,"ok","bimodal",20,0.2
17.6161636651498,0.984337640940872,0.965877734990554,2.61470771322301e-30,2.61470771322301e-30,62.8473422952955,3.82451925675224e+29,0.0256493820463971,1,"supplied",4001,"ok","bimodal",20,0.2
19.2161431573264,0.985623357939212,0.96457694900078,7.29632097461242e-36,7.29632097461242e-36,68.5572718421851,1.37055374000062e+35,0.0342744751377312,1,"supplied",4001,"ok","bimodal",20,0.2
20.9614400082677,0.986804897936405,0.962406863048408,5.83625136193446e-42,5.83625136193446e-42,74.7856964789237,1.71342859994389e+41,0.0437493440114954,1,"supplied",4001,"ok","bimodal",20,0.2
22.8652525963663,0.987890493593816,0.959299902099989,1.21599256227729e-48,1.21599256227729e-48,81.5797490382684,8.22373451139548e+47,0.0540726660093045,1,"supplied",4001,"ok","bimodal",20,0.2
24.9419780363097,0.988887756197667,0.955262194256552,5.90756064538986e-56,5.90756064538986e-56,88.9908261363098,1.69274605886675e+55,0.0652672708305942,1,"supplied",4001,"ok","bimodal",20,0.2
27.2073210537206,0.989803719622753,0.950363547368443,5.90895925587909e-64,5.90895925587909e-64,97.0749805813039,1.6923453973812e+63,0.0773687794464159,1,"supplied",4001,"ok","bimodal",20,0.2
29.6784127482837,0.990644880934502,0.944683824064423,1.05995522375273e-72,1.05995522375273e-72,105.893348229855,9.43436078799192e+71,0.0904198636518972,1,"supplied",4001,"ok","bimodal",20,0.2
32.3739401434763,0.991417238205962,0.938239839019027,2.92889045335649e-82,2.92889045335649e-82,115.512612606198,3.41426221268879e+81,0.104467042170028,1,"supplied",4001,"ok","bimodal",20,0.2
35.3142875025886,0.992126325913858,0.930930112009484,1.05510789852841e-92,1.05510789852841e-92,126.005510903741,9.47770366798245e+91,0.11955862111099,1,"supplied",4001,"ok","bimodal",20,0.2
38.5216904797049,0.992777248145125,0.922527170374418,4.12788986582713e-104,4.12788986582713e-104,137.451385302002,2.42254525315351e+103,0.135743133180247,1,"supplied",4001,"ok","bimodal",20,0.2
42.0204042713707,0.993374709766662,0.912721150641773,1.43626961595892e-116,1.43626961595892e-116,149.936783866165,6.9624810612759e+115,0.153067960182504,1,"supplied",4001,"ok","bimodal",20,0.2
45.8368870405543,0.993923045667434,0.901184100163095,3.5729097631515e-130,3.5729097631515e-130,163.556115658314,2.79883922710084e+129,0.171577974734711,1,"supplied",4001,"ok","bimodal",20,0.2
50,0.994426248160059,0.887617942657755,5.00678875870108e-145,5.00678875870108e-145,178.41236508489,1.99728817849993e+144,0.191314110444062,1,"supplied",4001,"ok","bimodal",20,0.2
0.02,0.00153082186512462,0.00153082182983735,0.00153079875949109,0.00153079875949109,0.0015331688735592,652.253730315569,0.00151888976999034,1,"supplied",4001,"wbar_undefined","heavy_tail",20,0.2
0.0218164902672218,0.00182095007972405,0.00182095002033179,0.00182091737199963,0.00182091737199963,0.00182427198794593,548.173738126214,0.00151883660917396,1,"supplied",4001,"wbar_undefined","heavy_tail",20,0.2
0.0237979623789893,0.00216593032881343,0.00216593022885388,0.00216588402370846,0.00216588402370846,0.00217063176598807,460.705238624821,0.0015187731930993,1,"supplied",4001,"wbar_undefined","heavy_tail",20,0.2
0.0259594007310465,0.00257607673281923,0.00257607656458931,0.00257601116848397,0.00257601116848397,0.00258273004359168,387.197074699997,0.00151869756154818,1,"supplied",4001,"wbar_undefined","heavy_tail",20,0.2
0.0283171506695894,0.00306361935572521,0.00306361907260572,0.00306352650531,0.00306352650531,0.00307303396205216,325.421200621801,0.00151860738148435,1,"supplied",4001,"wbar_undefined","heavy_tail",20,0.2
0.0308890420989276,0.00364305034267593,0.00364304986621476,0.00364291882076898,0.00364291882076898,0.00365637068515343,273.505156222205,0.00151849987639873,1,"supplied",4001,"wbar_undefined","heavy_tail",20,0.2
0.033694524315753,0.00433152852417654,0.00433152772234875,0.00433134217171522,0.00433134217171522,0.00435037228582337,229.875317708737,0.00151837174231716,1,"supplied",4001,"wbar_undefined","heavy_tail",20,0.2
0.0367548130896647,0.00514935065001764,0.00514934930063157,0.00514908651598689,0.00514908651598689,0.00517600370807632,193.209205243532,0.00151821904796817,1,"supplied",4001,"wbar_undefined","heavy_tail",20,0.2
0.0400930511022114,0.00612049780360038,0.00612049553269275,0.00612012326165094,0.00612012326165094,0.00615818898576189,162.39540189755,0.00151803711614435,1,"supplied",4001,"wbar_undefined","heavy_tail",20,0.2
0.0437344829577311,0.00727326556635169,0.00727326174446059,0.00727273418776344,0.00727273418776344,0.00732655353590442,136.499869262722,0.00151782038274215,1,"supplied",4001,"wbar_undefined","heavy_tail",20,0.2
0.047706646089466,0.00864098592611712,0.00864097949360294,0.00864023156003889,0.00864023156003889,0.00871630338095976,114.737638864334,0.00151756222931766,1,"supplied",4001,"wbar_undefined","heavy_tail",20,0.2
0.0520395790046316,0.0102628474363075,0.0102628366091422,0.0102617756982386,0.0102617756982386,0.0103692656274688,96.4490214370645,0.00151725857579092,1,"supplied",4001,"wbar_undefined","heavy_tail",20,0.2
0.0567660484432434,0.0121848173016721,0.012184799075837,0.0121832933034411,0.0121832933034411,0.0123351184665819,81.0796130482679,0.00151689668703183,1,"supplied",4001,"wbar_undefined","heavy_tail",20,0.2
0.0619217971685331,0.0144606643154617,0.0144606336320627,0.0144584949274963,0.0144584949274963,0.0146728433781058,68.163492121041,0.00151646537496216,1,"supplied",4001,"wbar_undefined","heavy_tail",20,0.2
0.0675458142628094,0.0171530741550975,0.0171530224940577,0.0171499822898608,0.0171499822898608,0.0174524371029109,57.3090981144167,0.00151595143509493,1,"supplied",4001,"wbar_undefined","heavy_tail",20,0.2
0.0736806299728077,0.0203348375268511,0.020334750538854,0.020330424745739,0.020330424745739,0.0207569262496955,48.1873638896593,0.00151533916823503,1,"supplied",4001,"wbar_undefined","heavy_tail",20,0.2
0.0803726373342267,0.0240900759238452,0.0240899294454903,0.0240837679151434,0.0240837679151434,0.0246847330163694,40.5217420929895,0.00151460991304019,1,"supplied",4001,"wbar_undefined","heavy_tail",20,0.2
0.0876724430076553,0.0285154480919695,0.0285152014482094,0.0285064149793791,0.0285064149793791,0.0293524462493656,34.0798232862104,0.0015137475531225,1,"supplied",4001,"wbar_undefined","heavy_tail",20,0.2
0.0956352499790037,0.0337212514648006,0.0337208362331739,0.0337082911081879,0.0337082911081879,0.0348980576421858,28.6662917971862,0.00151272046914458,1,"supplied",4001,"wbar_undefined","heavy_tail",20,0.2
0.104321275018513,0.0398322958922509,0.0398315971072574,0.0398136628148879,0.0398136628148879,0.0414847278468564,24.117005803999,0.00151149712634806,1,"supplied",4001,"wbar_undefined","heavy_tail",20,0.2
0.113796204055278,0.0469883817498258,0.0469872065887678,0.0469615363785746,0.0469615363785746,0.0493051510076039,20.2940222385108,0.00151004039701451,1,"supplied",4001,"wbar_undefined","heavy_tail",20,0.2
0.124131688910938,0.0553441622311485,0.0553421881375478,0.0553054038993584,0.0553054038993584,0.0585865878539044,17.0814157296409,0.00150831437996248,1,"supplied",4001,"wbar_undefined","heavy_tail",20,0.2
0.135405889148965,0.0650681140118441,0.065064803404598,0.0650120456488862,0.0650120456488862,0.0695966358480456,14.3817648717093,0.00150625976262719,1,"supplied",4001,"wbar_undefined","heavy_tail",20,0.2
0.147704063137145,0.0763402889720896,0.0763347504068205,0.0762590406033962,0.0762590406033962,0.0826497984708384,12.1131993280737,0.0015038140249614,1,"supplied",4001,"wbar_undefined","heavy_tail",20,0.2
0.161119212793033,0.0893484847898577,0.0893392498162634,0.0892305962441215,0.0892305962441215,0.0981149026795827,10.206918277943,0.0015009135210691,1,"supplied",4001,"wbar_undefined","heavy_tail",20,0.2
0.175752786888082,0.104282472509101,0.104267142725451,0.104111303313542,0.104111303313542,0.116423391648055,8.6051049998711,0.00149746298177048,1,"supplied",4001,"wbar_undefined","heavy_tail",20,0.2
0.191715448229048,0.121325978992305,0.121300678695124,0.121077477303929,0.121077477303929,0.138078486550864,7.25917439202833,0.00149336404992616,1,"supplied",4001,"wbar_undefined","heavy_tail",20,0.2
0.209127910518255,0.140646269031286,0.140604816487463,0.140285896353738,0.140285896353738,0.163665163672171,6.12830032092784,0.00148849632384691,1,"supplied",4001,"wbar_undefined","heavy_tail",20,0.2
0.228121851221297,0.162381430244067,0.162314118552748,0.161860013099961,0.161860013099961,0.193860828910923,5.17817817290318,0.00148271436733333,1,"supplied",4001,"wbar_undefined","heavy_tail",20,0.2
0.248840907345503,0.186625844162196,0.186517708284629,0.185874120254748,0.185874120254748,0.22944648883018,4.37998511373965,0.00147585116886175,1,"supplied",4001,"wbar_undefined","heavy_tail",20,0.2
0.271441761659491,0.213414810873809,0.21324326265667,0.212336470431085,0.212336470431085,0.271318115093026,3.7095065580105,0.00146770667718046,1,"supplied",4001,"wbar_undefined","heavy_tail",20,0.2
0.296095327568091,0.242709820633143,0.24244157437618,0.241172926610166,0.241172926610166,0.320497779115615,3.14640239290378,0.00145804095197755,1,"supplied",4001,"wbar_undefined","heavy_tail",20,0.2
0.322988041602956,0.274386421856274,0.273973725301544,0.272213229418045,0.272213229418045,0.378144001326729,2.67359074405701,0.00144658524403208,1,"supplied",4001,"wbar_undefined","heavy_tail",20,0.2
0.352323273302997,0.308226868642119,0.307603207383911,0.305182241084217,0.305182241084217,0.445560624820886,2.27673063952645,0.00143300679257093,1,"supplied",4001,"wbar_undefined","heavy_tail",20,0.2
0.384322863146529,0.343919585747148,0.342995235456352,0.33969838360526,0.33969838360526,0.524203402930121,1.94378792559116,0.00141692455669054,1,"supplied",4001,"wbar_undefined","heavy_tail",20,0.2
0.419228800165354,0.381066862976894,0.379724890738832,0.375280808880962,0.375280808880962,0.615683407758257,1.66467129769271,0.00139789515347222,1,"supplied",4001,"wbar_undefined","heavy_tail",20,0.2
0.457305051927326,0.419201101940841,0.417294606344547,0.411365637515368,0.411365637515368,0.721766352074143,1.4309274008397,0.00137540566418186,1,"supplied",4001,"wbar_undefined","heavy_tail",20,0.2
0.498839560726195,0.457808561225147,0.455160017119337,0.447330082286597,0.447330082286597,0.844367004871234,1.23548569523504,0.00134886967709852,1,"supplied",4001,"wbar_undefined","heavy_tail",20,0.2
0.544146421074412,0.496358192926968,0.492761667999157,0.482521789676731,0.482521789676731,0.985538106559513,1.07244526857524,0.00131762894727547,1,"supplied",4001,"wbar_undefined","heavy_tail",20,0.2
0.593568254965675,0.534332193037161,0.529558906450191,0.516289670040952,0.516289670040952,1.14745358181869,0.936897168445534,0.00128096539336149,1,"supplied",4001,"wbar_undefined","heavy_tail",20,0.2
0.647478802869525,0.571254577770926,0.565061811478963,0.548012042458383,0.548012042458383,1.33238641896382,0.824777418237011,0.00123812939063108,1,"supplied",4001,"wbar_undefined","heavy_tail",20,0.2
0.706285750051772,0.606714534259402,0.598857375122911,0.577117915205714,0.577117915205714,1.54268231885176,0.732748150165377,0.00118838932677024,1,"supplied",4001,"wbar_undefined","heavy_tail",20,0.2
0.770433809594098,0.640382338887698,0.630627240749586,0.603097048674439,0.603097048674439,1.78073106005692,0.65810793171335,0.00113110464232965,1,"supplied",4001,"wbar_undefined","heavy_tail",20,0.2
0.840408085427414,0.672016985999076,0.660155801050431,0.625493252290662,0.625493252290662,2.04893838190408,0.598738269897925,0.00106579456976095,1,"supplied",4001,"wbar_undefined","heavy_tail",20,0.2
0.916737740811086,0.701465973409932,0.687328977687002,0.643872402369965,0.643872402369965,2.34970191311944,0.553102751910474,0.000992191180117867,1,"supplied",4001,"wbar_undefined","heavy_tail",20,0.2
1,0.728658672639969,0.712125219513542,0.657751443685277,0.657751443685277,2.68539510633831,0.52033113663295,0.000910237564067252,1,"supplied",4001,"wbar_undefined","heavy_tail",20,0.2
1.09082451336109,0.753595237595775,0.734600992787857,0.666466528858426,0.666466528858426,3.05836311864584,0.500450445295242,0.000819987755086857,1,"supplied",4001,"wbar_undefined","heavy_tail",20,0.2
1.18989811894946,0.776333088147756,0.754873275659016,0.668946379274044,0.668946379274044,3.47093399608704,0.494888127035268,0.000721513959033686,1,"supplied",4001,"wbar_undefined","heavy_tail",20,0.2
1.29797003655233,0.796972756605923,0.773101393341616,0.663342486567113,0.663342486567113,3.92544736008161,0.50751688645052,0.000687565516787892,1,"supplied",4001,"wbar_undefined","heavy_tail",20,0.2
1.41585753347947,0.815644454548965,0.789470061000156,0.646471747978741,0.646471747978741,4.42430116519385,0.54685800752562,0.00104232013652217,1,"supplied",4001,"wbar_undefined","heavy_tail",20,0.2
1.54445210494638,0.832496239846975,0.804174863718575,0.613146580007977,0.613146580007977,4.97001523480093,0.630931383466235,0.00156963945439997,1,"supplied",4001,"wbar_undefined","heavy_tail",20,0.2
1.68472621578765,0.84768423301542,0.817410726375219,0.556005820869119,0.556005820869119,5.56530850218045,0.798542321799532,0.0023071694247577,1,"supplied",4001,"wbar_undefined","heavy_tail",20,0.2
1.83774065448323,0.861364996406621,0.829363349144547,0.467891085374363,0.467891085374363,6.21318551650226,1.1372495250682,0.00324816741019922,1,"supplied",4001,"wbar_undefined","heavy_tail",20,0.2
2.00465255511057,0.873689960663811,0.840203228478854,0.349944504434313,0.349944504434313,6.91702706495389,1.85759595401135,0.00432564990307791,1,"supplied",4001,"wbar_undefined","heavy_tail",20,0.2
2.18672414788655,0.884801649071128,0.850081797351546,0.221952526583828,0.221952526583828,7.68067981821583,3.50546797277532,0.00544717637013491,1,"supplied",4001,"wbar_undefined","heavy_tail",20,0.2
2.3853323044733,0.894831390551088,0.859129335571842,0.115988660403682,0.115988660403682,8.50854066855158,7.6215324542903,0.00655314512150212,1,"supplied",4001,"wbar_undefined","heavy_tail",20,0.2
2.60197895023158,0.903898203239187,0.867454464339884,0.0500464219376135,0.0500464219376135,9.4056327114142,18.9814484489335,0.00763772924859852,1,"supplied",4001,"wbar_undefined","heavy_tail",20,0.2
2.83830242216217,0.912108553056973,0.875145096295406,0.0181838416541524,0.0181838416541524,10.3776713751023,53.9938796773256,0.00872796528456068,1,"supplied",4001,"wbar_undefined","heavy_tail",20,0.2
3.09608985842665,0.919556730474752,0.882270613484779,0.00565691546266756,0.00565691546266756,11.4311207873785,175.774782405612,0.00985759963680088,1,"supplied",4001,"wbar_undefined","heavy_tail",20,0.2
3.37729071314047,0.92632563332496,0.888884868348214,0.00151495887643523,0.00151495887643523,12.5732418903683,659.083924095054,0.0110546956496743,1,"supplied",4001,"wbar_undefined","heavy_tail",20,0.2
3.68403149864039,0.932487787622934,0.895029480867272,0.000347839982837566,0.000347839982837566,13.8121349425618,2873.88514644672,0.0123401042553835,1,"supplied",4001,"wbar_undefined","heavy_tail",20,0.2
4.01863186671133,0.938106478367748,0.900736925445595,6.78038297279474e-05,6.78038297279474e-05,15.1567797990495,14747.4294620576,0.0137297899483501,1,"supplied",4001,"wbar_undefined","heavy_tail",20,0.2
4.38362215038276,0.943236896782021,0.906033054362998,1.10752536952293e-05,1.10752536952293e-05,16.6170777020392,90290.3854181739,0.0152372626895962,1,"supplied",4001,"wbar_undefined","heavy_tail",20,0.2
4.78176249895018,0.947927239200933,0.910938916119186,1.4931122947776e-06,1.4931122947776e-06,18.2038982503482,669740.990269359,0.0168751603589286,1,"supplied",4001,"wbar_undefined","heavy_tail",20,0.2
5.21606375092565,0.952219716228008,0.915471921201841,1.63355924046036e-07,1.63355924046036e-07,19.9291348032174,6121601.29780332,0.0186561280453519,1,"supplied",4001,"wbar_undefined","heavy_tail",20,0.2
5.6898102027639,0.956151449389522,0.919646542623439,1.4236863141176e-08,1.4236863141176e-08,21.8057709109558,70240190.9639017,0.0205933034825304,1,"supplied",4001,"wbar_undefined","heavy_tail",20,0.2
6.20658444554691,0.959755246843194,0.923474796721237,9.68495368003223e-10,9.68495368003223e-10,23.8479595862769,1032529459.6847,0.0227006088706103,1,"supplied",4001,"wbar_undefined","heavy_tail",20,0.2
6.77029445744823,0.963060260154954,0.926966722990592,5.02952956728665e-11,5.02952956728665e-11,26.071116477668,19882575230.3746,0.0249929452786462,1,"supplied",4001,"wbar_undefined","heavy_tail",20,0.2
7.38520315685726,0.96609253116379,0.930130977296773,1.94604756986541e-12,1.94604756986541e-12,28.4920274005262,513862053262.764,0.0274863341094634,1,"supplied",4001,"wbar_undefined","heavy_tail",20,0.2
8.05596063965163,0.968875441986119,0.932975509113219,5.46329496146887e-14,5.46329496146887e-14,31.128970299081,18303972365626.8,0.0301980294526355,1,"supplied",4001,"wbar_undefined","heavy_tail",20,0.2
8.7876393444041,0.971430082837008,0.935508171012269,1.08106790792456e-15,1.08106790792456e-15,34.0018515732815,925011271419387,0.0331466156247925,1,"supplied",4001,"wbar_undefined","heavy_tail",20,0.2
9.58577241145239,0.973775552197518,0.937737052688635,1.46089586298578e-17,1.46089586298578e-17,37.1323567814215,68451148732545264,0.0363520980544665,1,"supplied",4001,"wbar_undefined","heavy_tail",20,0.2
10.4563955259127,0.975929202562859,0.939670345796598,1.30247633126588e-19,1.30247633126588e-19,40.5441159609036,7677682703286443008,0.0398359913322745,1,"supplied",4001,"wbar_undefined","heavy_tail",20,0.2
11.4060925610648,0.9779068431163,0.941315606770246,7.37825496266944e-22,7.37825496266944e-22,44.2628841257983,1.35533402553793e+21,0.0436214054819894,1,"supplied",4001,"wbar_undefined","heavy_tail",20,0.2
12.4420453672751,0.979722908614524,0.942678378299863,2.54875985016018e-24,2.54875985016018e-24,48.316737839249,3.92347674472805e+23,0.0477331299373404,1,"supplied",4001,"wbar_undefined","heavy_tail",20,0.2
13.5720880829745,0.981390601823705,0.943760254172998,5.13367534696729e-27,5.13367534696729e-27,52.7362890796658,1.94792216572625e+26,0.0521977138305581,1,"supplied",4001,"wbar_undefined","heavy_tail",20,0.2
14.8047663784046,0.982922015164212,0.944556595063068,5.74132929055214e-30,5.74132929055214e-30,57.5549179025186,1.74175691619986e+29,0.0570435406143219,1,"supplied",4001,"wbar_undefined","heavy_tail",20,0.2
16.1494020801478,0.984328235858044,0.945054149722152,3.3799364524272e-33,3.3799364524272e-33,62.8090256426741,2.95863550713174e+32,0.0623008945257429,1,"supplied",4001,"wbar_undefined","heavy_tail",20,0.2
17.6161636651498,0.985619437815512,0.945228782479244,9.88180052054672e-37,9.88180052054672e-37,68.5383106147753,1.01196133024619e+36,0.0680020158618561,1,"supplied",4001,"wbar_undefined","heavy_tail",20,0.2
19.2161431573264,0.986804962702764,0.945043512880386,1.3465282550926e-40,1.3465282550926e-40,74.7860684645053,7.42650587700615e+39,0.0741811414347504,1,"supplied",4001,"wbar_undefined","heavy_tail",20,0.2
20.9614400082677,0.987893392045451,0.944447482690329,7.97920315640527e-45,7.97920315640527e-45,81.5995195148147,1.25325797626453e+44,0.0808745258979866,1,"supplied",4001,"wbar_undefined","heavy_tail",20,0.2
22.8652525963663,0.988892611795261,0.943377586116182,1.9065406225618e-49,1.9065406225618e-49,89.0301656489676,5.24510198296385e+48,0.0881204388790098,1,"supplied",4001,"wbar_undefined","heavy_tail",20,0.2
24.9419780363097,0.989809870472707,0.941766005760243,1.6914913377914e-54,1.6914913377914e-54,97.1341794843335,5.91194277888358e+53,0.0959591320136286,1,"supplied",4001,"wbar_undefined","heavy_tail",20,0.2
27.2073210537206,0.990651831768816,0.939556690924055,5.09297454264061e-60,5.09297454264061e-60,105.972828822671,1.96348909979338e+59,0.104432769060854,1,"supplied",4001,"wbar_undefined","heavy_tail",20,0.2
29.6784127482837,0.991424622316556,0.936727628629636,4.71783683325377e-66,4.71783683325377e-66,115.612939617877,2.11961548341706e+65,0.11358531128741,1,"supplied",4001,"wbar_undefined","heavy_tail",20,0.2
32.3739401434763,0.99213387521288,0.933302648773722,1.20810409616944e-72,1.20810409616944e-72,126.127400983697,8.27743240976269e+71,0.123462349265629,1,"supplied",4001,"wbar_undefined","heavy_tail",20,0.2
35.3142875025886,0.99278476977264,0.929330530771295,7.60945242999235e-80,7.60945242999235e-80,137.595716074042,1.3141550055015e+79,0.134110871150473,1,"supplied",4001,"wbar_undefined","heavy_tail",20,0.2
38.5216904797049,0.993382067917965,0.924830178270663,1.03796214036614e-87,1.03796214036614e-87,150.104603009548,9.63426276460577e+86,0.145578956426542,1,"supplied",4001,"wbar_undefined","heavy_tail",20,0.2
42.0204042713707,0.993930147545471,0.919732092567083,2.66842986201854e-96,2.66842986201854e-96,163.748650398231,3.74752214488991e+95,0.157915383095142,1,"supplied",4001,"wbar_undefined","heavy_tail",20,0.2
45.8368870405543,0.994433033164734,0.913846123660418,1.11112479612301e-105,1.11112479612301e-105,178.631032408013,8.99988915276883e+104,0.17116913537417,1,"supplied",4001,"wbar_undefined","heavy_tail",20,0.2
50,0.994894424061986,0.906857727724269,6.35200898582502e-116,6.35200898582502e-116,194.864288797343,1.57430507770309e+115,0.185388798301905,1,"supplied",4001,"wbar_undefined","heavy_tail",20,0.2
0.02,0.00358522525190528,0.00358522500276507,0.0035851556659624,0.0035851556659624,0.00359812534174001,277.927916434435,0.001595397930856,1,"supplied",4001,"ok","normal",40,0.2
0.0218164902672218,0.00426271162178566,0.00426271120195048,0.00426261297137608,0.00426261297137608,0.00428096012024262,233.597887895315,0.00159532716580977,1,"supplied",4001,"ok","normal",40,0.2
0.0237979623789893,0.00506748052480266,0.00506747981741596,0.00506734066156235,0.00506734066156235,0.00509329067611102,196.342169549675,0.00159524273728945,1,"supplied",4001,"ok","normal",40,0.2
0.0259594007310465,0.00602314118304492,0.00602313999136396,0.00602294287826028,0.00602294287826028,0.00605963924574034,165.031792134288,0.00159514203885592,1,"supplied",4001,"ok","normal",40,0.2
0.0283171506695894,0.00715755727446992,0.00715755526738392,0.00715727609472731,0.00715727609472731,0.00720915723024606,138.717957888573,0.00159502363047073,1,"supplied",4001,"ok","normal",40,0.2
0.0308890420989276,0.00850356240567688,0.0085035590262134,0.00850316370151839,0.00850316370151839,0.00857649315040319,116.603286859153,0.00159488419244603,1,"supplied",4001,"ok","normal",40,0.2
0.033694524315753,0.0100997747385109,0.0100997690503459,0.0100992093773379,0.0100992093773379,0.0102028209316176,98.0176520395695,0.0015947176712082,1,"supplied",4001,"ok","normal",40,0.2
0.0367548130896647,0.0119915154442946,0.0119915058745801,0.011990713766984,0.011990713766984,0.0121370571525881,82.3978710052661,0.00159451890451217,1,"supplied",4001,"ok","normal",40,0.2
0.0400930511022114,0.0142318313753527,0.0142318152844953,0.0142306946431395,0.0142306946431395,0.0144373006030506,69.2706385792694,0.00159428176317929,1,"supplied",4001,"ok","normal",40,0.2
0.0437344829577311,0.0168826155471224,0.016882588510432,0.0168810038477425,0.0168810038477425,0.017172532816636,58.2381832869333,0.00159399897501461,1,"supplied",4001,"ok","normal",40,0.2
0.047706646089466,0.020015808808302,0.0200157634193226,0.020013523976525,0.020013523976525,0.0204246241808881,48.9662129054813,0.00159366607579521,1,"supplied",4001,"ok","normal",40,0.2
0.0520395790046316,0.0237146513420302,0.0237145752246903,0.0237114128776746,0.0237114128776746,0.0242906967462219,41.173783787534,0.00159327085412205,1,"supplied",4001,"ok","normal",40,0.2
0.0567660484432434,0.0280749321348669,0.028074804652689,0.0280703433170988,0.0280703433170988,0.0288859018695078,34.6247869398469,0.00159279966723031,1,"supplied",4001,"ok","normal",40,0.2
0.0619217971685331,0.0332061569753007,0.0332059438063436,0.0331996573080317,0.0331996573080317,0.0343466781619257,29.1207928359574,0.0015922382972242,1,"supplied",4001,"ok","normal",40,0.2
0.0675458142628094,0.0392325197875834,0.0392321640260445,0.0392233184872523,0.0392233184872523,0.0408345625716948,24.4950381193525,0.0015915778578793,1,"supplied",4001,"ok","normal",40,0.2
0.0736806299728077,0.0462935176511288,0.0462929253008601,0.0462805010183885,0.0462805010183885,0.0485406343648971,20.6073719600113,0.00159079190038987,1,"supplied",4001,"ok","normal",40,0.2
0.0803726373342267,0.0545439974316879,0.0545430139313093,0.0545256005531319,0.0545256005531319,0.0576906776026809,17.3400089105953,0.00158985856193002,1,"supplied",4001,"ok","normal",40,0.2
0.0876724430076553,0.0641533645001586,0.0641517370720608,0.0641273947619602,0.0641273947619602,0.0685511515098773,14.5939595505475,0.00158875823951636,1,"supplied",4001,"ok","normal",40,0.2
0.0956352499790037,0.0753036279578641,0.075300945864176,0.0752670243649037,0.0752670243649037,0.0814360586184205,12.2860307477,0.00158745098456678,1,"supplied",4001,"ok","normal",40,0.2
0.104321275018513,0.0881859134633956,0.0881815144177988,0.0881344219627381,0.0881344219627381,0.0967147961031806,10.3463046302475,0.00158591272741167,1,"supplied",4001,"ok","normal",40,0.2
0.113796204055278,0.102995061674813,0.102987887484032,0.102922803096982,0.102922803096982,0.114821064270969,8.71601987032672,0.00158409195427782,1,"supplied",4001,"ok","normal",40,0.2
0.124131688910938,0.119921971483095,0.119910349454618,0.119820876315429,0.119820876315429,0.136262885332095,7.34579107373154,0.00158195034281564,1,"supplied",4001,"ok","normal",40,0.2
0.135405889148965,0.139143471343561,0.139124790526175,0.139002555949802,0.139002555949802,0.161633752793541,6.1941123180579,0.00157943044097528,1,"supplied",4001,"ok","normal",40,0.2
0.147704063137145,0.160809737236735,0.160779981416769,0.16061420169781,0.16061420169781,0.191624884572927,5.2260994944984,0.00157647112711352,1,"supplied",4001,"ok","normal",40,0.2
0.161119212793033,0.185029639503066,0.184982734598891,0.184759781000881,0.184759781000881,0.227038489338732,4.4124333476842,0.0015730061247569,1,"supplied",4001,"ok","normal",40,0.2
0.175752786888082,0.211854884772674,0.211781821008261,0.211484845567727,0.211484845567727,0.268801875034864,3.728471192891,0.00156896156282247,1,"supplied",4001,"ok","normal",40,0.2
0.191715448229048,0.241264372853463,0.241152077492759,0.240760780663973,0.240760780663973,0.317982132670918,3.15350040501692,0.00156425622524076,1,"supplied",4001,"ok","normal",40,0.2
0.209127910518255,0.273150707163918,0.272980677672525,0.272471317585202,0.272471317585202,0.375801022104754,2.67011107393827,0.00155880228250177,1,"supplied",4001,"ok","normal",40,0.2
0.228121851221297,0.30731112673895,0.307057890861376,0.306403636585305,0.306403636585305,0.443649578622775,2.26366883612882,0.00155250663067338,1,"supplied",4001,"ok","normal",40,0.2
0.248840907345503,0.343445094264191,0.343074640459941,0.34224634871741,0.34224634871741,0.523101862865967,1.92187193157083,0.00154527950107583,1,"supplied",4001,"ok","normal",40,0.2
0.271441761659491,0.381160243757268,0.380628650428083,0.379596089385489,0.379596089385489,0.615927208800338,1.63437908862248,0.00153702759016344,1,"supplied",4001,"ok","normal",40,0.2
0.296095327568091,0.419987341638633,0.419239902551442,0.417973358902093,0.417973358902093,0.72410030295747,1.39249698264679,0.0015276725046009,1,"supplied",4001,"ok","normal",40,0.2
0.322988041602956,0.459403491197933,0.458374655434623,0.456846756013296,0.456846756013296,0.849808468456348,1.18891780851541,0.0015171405119133,1,"supplied",4001,"ok","normal",40,0.2
0.352323273302997,0.4988613220886,0.497475710461446,0.495663194068901,0.495663194068901,0.995455637484833,1.01749900328688,0.0015053753979624,1,"supplied",4001,"ok","normal",40,0.2
0.384322863146529,0.537820746025815,0.535995361005343,0.533880483618156,0.533880483618156,1.16366267287249,0.873078396166328,0.00149234210710586,1,"supplied",4001,"ok","normal",40,0.2
0.419228800165354,0.575779365128257,0.573426897918767,0.570998173589234,0.570998173589234,1.35726392777272,0.751319086914246,0.00147802792678442,1,"supplied",4001,"ok","normal",40,0.2
0.457305051927326,0.612297938621414,0.60933084834044,0.606582929052013,0.606582929052013,1.57930018851128,0.648579200148003,0.00146244259905964,1,"supplied",4001,"ok","normal",40,0.2
0.498839560726195,0.64701834351531,0.643353211927656,0.640285875089946,0.640285875089946,1.83300840604269,0.561802374383977,0.00144560453487713,1,"supplied",4001,"ok","normal",40,0.2
0.544146421074412,0.679672894719777,0.675234509679267,0.67185090641864,0.67185090641864,2.1218088744791,0.488425468279245,0.00142752942473436,1,"supplied",4001,"ok","normal",40,0.2
0.593568254965675,0.710085328491127,0.704810045597616,0.701114503359016,0.701114503359016,2.44929076819554,0.426300547498352,0.00140821354879293,1,"supplied",4001,"ok","normal",40,0.2
0.647478802869525,0.738164870551537,0.732003014323149,0.727998722614046,0.727998722614046,2.81919722577497,0.373628783865542,0.0013875974832491,1,"supplied",4001,"ok","normal",40,0.2
0.706285750051772,0.763895432229191,0.756812743248881,0.752499548307411,0.752499548307411,3.23541149348164,0.328904452167831,0.00136554236109429,1,"supplied",4001,"ok","normal",40,0.2
0.770433809594098,0.78732210080144,0.779300413098802,0.774672722079394,0.774672722079394,3.70194601210716,0.290867706449994,0.00134182641030254,1,"supplied",4001,"ok","normal",40,0.2
0.840408085427414,0.808536833348716,0.799574205592354,0.794618724256745,0.794618724256745,4.22293670103829,0.258465185218685,0.0013161470602914,1,"supplied",4001,"ok","normal",40,0.2
0.916737740811086,0.82766479660075,0.817775221845426,0.812468020989194,0.812468020989194,4.80264496327714,0.230817674254406,0.0012881777943068,1,"supplied",4001,"ok","normal",40,0.2
1,0.844852275558792,0.834064938163384,0.828367229900432,0.828367229900432,5.4454699777369,0.207194060682722,0.0012576652538153,1,"supplied",4001,"ok","normal",40,0.2
1.09082451336109,0.860256610389832,0.848614567584598,0.84246652828085,0.84246652828085,6.15597355116139,0.186990778186303,0.00122461178073096,1,"supplied",4001,"ok","normal",40,0.2
1.18989811894946,0.874038268509939,0.86159649642521,0.854908281999863,0.854908281999863,6.93891913179124,0.169716121664804,0.00118958816683699,1,"supplied",4001,"ok","normal",40,0.2
1.29797003655233,0.886354927065415,0.873177872772547,0.865816239259424,0.865816239259424,7.79932560363274,0.154979491786098,0.00115415405399522,1,"supplied",4001,"ok","normal",40,0.2
1.41585753347947,0.897357313631473,0.883516310023654,0.875283435995333,0.875283435995333,8.74253534645039,0.142487060620363,0.00112021204488597,1,"supplied",4001,"ok","normal",40,0.2
1.54445210494638,0.907186502528688,0.892757467328819,0.883354949686875,0.883354949686875,9.77429498127782,0.13204776896815,0.00108740966549552,1,"supplied",4001,"ok","normal",40,0.2
1.68472621578765,0.915972363340247,0.901034032141882,0.889998341419747,0.889998341419747,10.9008464328139,0.123597599524484,0.0010522947456042,1,"supplied",4001,"ok","normal",40,0.2
1.83774065448323,0.923832884997116,0.908465493090532,0.895048573457525,0.895048573457525,12.129025563882,0.117257799916995,0.00100956078698472,1,"supplied",4001,"ok","normal",40,0.2
2.00465255511057,0.930874137941811,0.915158166002893,0.898101294545807,0.898101294545807,13.4663657020033,0.113460147617008,0.000952467247245486,1,"supplied",4001,"ok","normal",40,0.2
2.18672414788655,0.937190679064123,0.921205212577477,0.898298821534952,0.898298821534952,14.9212038133785,0.113215308789193,0.00087265897940218,1,"supplied",4001,"ok","normal",40,0.2
2.3853323044733,0.942866244276657,0.926686726301552,0.89388562179298,0.89388562179298,16.5027877537453,0.11871136040221,0.000797680959353057,1,"supplied",4001,"ok","normal",40,0.2
2.60197895023158,0.947974609391671,0.93167016383051,0.881265937910486,0.881265937910486,18.2213837956252,0.134731250785701,0.00113188245055064,1,"supplied",4001,"ok","normal",40,0.2
2.83830242216217,0.952580530497449,0.936211363959156,0.853055130302257,0.853055130302257,20.0883843807279,0.172257178320559,0.00152360545006576,1,"supplied",4001,"ok","normal",40,0.2
3.09608985842665,0.956740700215322,0.94035616988462,0.79464426537705,0.79464426537705,22.1164167006281,0.258424736162301,0.00187512450400949,1,"supplied",4001,"ok","normal",40,0.2
3.37729071314047,0.960504676354166,0.944142421235697,0.681743126435878,0.681743126435878,24.3194532336861,0.46682813690833,0.00207598701515052,1,"supplied",4001,"ok","normal",40,0.2
3.68403149864039,0.963915755093555,0.94760196879933,0.494752704822408,0.494752704822408,26.7129257545134,1.02121178975454,0.00209236452913225,1,"supplied",4001,"ok","normal",40,0.2
4.01863186671133,0.967011772560835,0.950762427792149,0.269968921570422,0.269968921570422,29.313844593322,2.704130068687,0.00198115432845024,1,"supplied",4001,"ok","normal",40,0.2
4.38362215038276,0.969825827198995,0.953648544421543,0.102341761948425,0.102341761948425,32.1409250750595,8.77118217393944,0.00183142817835645,1,"supplied",4001,"ok","normal",40,0.2
4.78176249895018,0.972386921302537,0.956283186414654,0.0269986989988429,0.0269986989988429,35.2147231374054,36.0388217611099,0.00171102557208539,1,"supplied",4001,"ok","normal",40,0.2
5.21606375092565,0.974720524107287,0.958688005448272,0.00501862009706895,0.00501862009706895,38.5577821408979,198.257959490505,0.00164582123976095,1,"supplied",4001,"ok","normal",40,0.2
5.6898102027639,0.976849061344498,0.960883752370905,0.000637617502336183,0.000637617502336183,42.1947928712752,1567.33837894361,0.00163618609426417,1,"supplied",4001,"ok","normal",40,0.2
6.20658444554691,0.978792337603327,0.96289011298831,5.2210438779632e-05,5.2210438779632e-05,46.1527687161248,19152.2579187998,0.00169604726470457,1,"supplied",4001,"ok","normal",40,0.2
6.77029445744823,0.980567898498782,0.964724894831082,2.60692941064794e-06,2.60692941064794e-06,50.4612379899981,383592.048555716,0.00190243909373358,1,"supplied",4001,"ok","normal",40,0.2
7.38520315685726,0.982191339754867,0.966402587450987,7.67317099566835e-08,7.67317099566835e-08,55.1524553916559,13032420.6750092,0.00250085832866706,1,"supplied",4001,"ok","normal",40,0.2
8.05596063965163,0.983676570068302,0.967932759986159,1.31325649191806e-09,1.31325649191806e-09,60.2616346064708,761465871.169012,0.00410559946188011,1,"supplied",4001,"ok","normal",40,0.2
8.7876393444041,0.98503603415386,0.969319123257275,1.2987979487503e-11,1.2987979487503e-11,65.8272041170124,76994270044.0208,0.00640607787755835,1,"supplied",4001,"ok","normal",40,0.2
9.58577241145239,0.986280901787325,0.970559873902572,7.34466892567534e-14,7.34466892567534e-14,71.8910883571139,13615317587756,0.00919473050908393,1,"supplied",4001,"ok","normal",40,0.2
10.4563955259127,0.987421228025852,0.971649140462698,2.32736257631543e-16,2.32736257631543e-16,78.4990164425597,4296709116905855,0.01242207472802,1,"supplied",4001,"ok","normal",40,0.2
11.4060925610648,0.988466089144694,0.97257862884316,4.00817651610952e-19,4.00817651610952e-19,85.7008608394038,2494900102280518144,0.0160599930015692,1,"supplied",4001,"ok","normal",40,0.2
12.4420453672751,0.989423698213919,0.973338488741305,3.60498799952351e-22,3.60498799952351e-22,93.5510084929776,2.77393433801215e+21,0.0200998083472266,1,"supplied",4001,"ok","normal",40,0.2
13.5720880829745,0.990301503667059,0.97391686965481,1.61382638370669e-25,1.61382638370669e-25,102.108767139862,6.19645341094974e+24,0.0245470063599605,1,"supplied",4001,"ok","normal",40,0.2
14.8047663784046,0.991106273695784,0.974298158281761,3.4015948698858e-29,3.4015948698858e-29,111.438809762563,2.939797472218e+28,0.0294168262503142,1,"supplied",4001,"ok","normal",40,0.2
16.1494020801478,0.991844168845296,0.974460297567767,3.17068687004752e-33,3.17068687004752e-33,121.611660422024,3.15389075296802e+32,0.0347313383388115,1,"supplied",4001,"ok","normal",40,0.2
17.6161636651498,0.992520804784688,0.974372049495618,1.21882516264948e-37,1.21882516264948e-37,132.704225015099,8.20462221034394e+36,0.0405176538885486,1,"supplied",4001,"ok","normal",40,0.2
19.2161431573264,0.993141306883101,0.973991916102769,1.7886525159518e-42,1.7886525159518e-42,144.800370851418,5.59080084634476e+41,0.0468068498346946,1,"supplied",4001,"ok","normal",40,0.2
20.9614400082677,0.993710357931954,0.973271767305037,9.20509676042292e-48,9.20509676042292e-48,157.991559325845,1.08635468591647e+47,0.0536333128687395,1,"supplied",4001,"ok","normal",40,0.2
22.8652525963663,0.994232240110889,0.972168798361455,1.51353206779712e-53,1.51353206779712e-53,172.377536379065,6.60706186064136e+52,0.0610343189066624,1,"supplied",4001,"ok","normal",40,0.2
24.9419780363097,0.994710872094486,0.970665681646643,7.17982801560318e-60,7.17982801560318e-60,188.067085890933,1.39279102205067e+59,0.069049736870532,1,"supplied",4001,"ok","normal",40,0.2
27.2073210537206,0.995149842032586,0.968788860973234,8.78903003523081e-67,8.78903003523081e-67,205.178851641237,1.13778198048192e+66,0.0777217886258777,1,"supplied",4001,"ok","normal",40,0.2
29.6784127482837,0.995552437003518,0.966608352570544,2.45763347495072e-74,2.45763347495072e-74,223.842234003447,4.06895499346197e+73,0.0870948211660581,1,"supplied",4001,"ok","normal",40,0.2
32.3739401434763,0.995921669431584,0.964212282851012,1.37404051784952e-82,1.37404051784952e-82,244.198368112785,7.27780576343614e+81,0.0972150605610783,1,"supplied",4001,"ok","normal",40,0.2
35.3142875025886,0.996260300873273,0.961668417970299,1.32809639042647e-91,1.32809639042647e-91,266.401190874704,7.5295739617129e+90,0.108130324479264,1,"supplied",4001,"ok","normal",40,0.2
38.5216904797049,0.996570863506859,0.95899451043375,1.89348722298451e-101,1.89348722298451e-101,290.618604858782,5.28126088130557e+100,0.119889673924876,1,"supplied",4001,"ok","normal",40,0.2
42.0204042713707,0.996855679604051,0.956149822281176,3.34850145163264e-112,3.34850145163264e-112,317.033747861189,2.98641053153023e+111,0.132542986741934,1,"supplied",4001,"ok","normal",40,0.2
45.8368870405543,0.997116879217345,0.953042395327725,6.07965430313139e-124,6.07965430313139e-124,345.846377722402,1.64483036393194e+123,0.146140436313518,1,"supplied",4001,"ok","normal",40,0.2
50,0.997356416280599,0.949544687218355,9.22033777673344e-137,9.22033777673344e-137,377.274382861762,1.08455896542467e+136,0.160731859300436,1,"supplied",4001,"ok","normal",40,0.2
0.02,0.00253630000836066,0.00253629993926418,0.00253627282754827,0.00253627282754827,0.0025427491831351,393.279349263331,0.00179520585536209,1,"supplied",4001,"ok","skew_pos",40,0.2
0.0218164902672218,0.00301645657294602,0.00301645645780939,0.00301641849441216,0.00301641849441216,0.00302558311301426,330.518985794735,0.00179544406601979,1,"supplied",4001,"ok","skew_pos",40,0.2
0.0237979623789893,0.0035871645932644,0.00358716440162497,0.00358711130174652,0.00358711130174652,0.0036000786679952,277.775849389762,0.00179569940777758,1,"supplied",4001,"ok","skew_pos",40,0.2
0.0259594007310465,0.00426535495077152,0.0042653546321922,0.00426528045125645,0.00426528045125645,0.00428362613672104,233.451171834533,0.00179597258652326,1,"supplied",4001,"ok","skew_pos",40,0.2
0.0283171506695894,0.00507106338631901,0.00507106285744335,0.0050709593656131,0.0050709593656131,0.00509691014071696,196.20134355269,0.00179626421268248,1,"supplied",4001,"ok","skew_pos",40,0.2
0.0308890420989276,0.00602797463174208,0.00602797375508768,0.00602782958547087,0.00602782958547087,0.00606453147361845,164.897191654247,0.00179657476290318,1,"supplied",4001,"ok","skew_pos",40,0.2
0.033694524315753,0.0071640513823767,0.0071640499316985,0.00716384942535085,0.00716384942535085,0.00721574535284664,138.589756934488,0.00179690453286971,1,"supplied",4001,"ok","skew_pos",40,0.2
0.0367548130896647,0.00851225686578091,0.00851225446968998,0.00851197611696591,0.00851197611696591,0.00858533746355006,116.481532638093,0.00179725357950682,1,"supplied",4001,"ok","skew_pos",40,0.2
0.0400930511022114,0.0101113786017954,0.0101113746523217,0.0101109890006253,0.0101109890006253,0.0102146629259292,97.9022933303714,0.00179762165053057,1,"supplied",4001,"ok","skew_pos",40,0.2
0.0437344829577311,0.0120069585540422,0.0120069520589494,0.0120064189205644,0.0120064189205644,0.012152877652326,82.2887813273962,0.00179800809895929,1,"supplied",4001,"ok","skew_pos",40,0.2
0.047706646089466,0.014252330689825,0.0142523200351429,0.014251584784722,0.014251584784722,0.0144583965385369,69.1676350458946,0.00179841723558662,1,"supplied",4001,"ok","skew_pos",40,0.2
0.0520395790046316,0.016909760267333,0.0169097428373823,0.0169087315360999,0.0169087315360999,0.0172006186043829,58.1410418850766,0.00179884250351409,1,"supplied",4001,"ok","skew_pos",40,0.2
0.0567660484432434,0.0200516690311826,0.0200516406037572,0.0200502536253768,0.0200502536253768,0.0204619655929805,48.8746808237049,0.00179928132625937,1,"supplied",4001,"ok","skew_pos",40,0.2
0.0619217971685331,0.0237619157904441,0.0237618695794775,0.0237599733416328,0.0237599733416328,0.0243402876560421,41.0875893091923,0.00179973028572055,1,"supplied",4001,"ok","skew_pos",40,0.2
0.0675458142628094,0.0281370812761259,0.0281370064252484,0.0281344227449571,0.0281344227449571,0.0289516975429744,34.5436473342694,0.00180018481139127,1,"supplied",4001,"ok","skew_pos",40,0.2
0.0736806299728077,0.0332876783578165,0.0332875575840726,0.0332840500749015,0.0332840500749015,0.034433903047051,29.0444206083583,0.00180064330769835,1,"supplied",4001,"ok","skew_pos",40,0.2
0.0803726373342267,0.0393391724253728,0.0393389783557542,0.0393342351543789,0.0393342351543789,0.0409501161036118,24.4231459204736,0.00180109941796383,1,"supplied",4001,"ok","skew_pos",40,0.2
0.0876724430076553,0.0464326513520893,0.0464323408604759,0.0464259527915397,0.0464259527915397,0.0486936254874157,20.5396764066462,0.00180153882433228,1,"supplied",4001,"ok","skew_pos",40,0.2
0.0956352499790037,0.0547249305076279,0.0547244360067282,0.0547158690299436,0.0547158690299436,0.0578931279093355,17.2762335265614,0.00180194950210156,1,"supplied",4001,"ok","skew_pos",40,0.2
0.104321275018513,0.0643878185336238,0.0643870346447157,0.0643755950191093,0.0643755950191093,0.0688189185744775,14.5338370030313,0.00180232930518249,1,"supplied",4001,"ok","skew_pos",40,0.2
0.113796204055278,0.075606210288791,0.0756049735076526,0.0755897634760364,0.0755897634760364,0.0817900456821667,12.2293045250369,0.00180264957865401,1,"supplied",4001,"ok","skew_pos",40,0.2
0.124131688910938,0.0885746258037342,0.0885726835617034,0.0885525444184996,0.0885525444184996,0.0971825322307305,10.2927302830961,0.00180289310491102,1,"supplied",4001,"ok","skew_pos",40,0.2
0.135405889148965,0.103491795972741,0.103488759650793,0.103462197756924,0.103462197756924,0.115438760635808,8.66536591798893,0.00180303999882042,1,"supplied",4001,"ok","skew_pos",40,0.2
0.147704063137145,0.120552931709348,0.12054820542622,0.120513295140033,0.120513295140033,0.137078098337018,7.29783966024686,0.00180305377005563,1,"supplied",4001,"ok","skew_pos",40,0.2
0.161119212793033,0.139939433465032,0.139932106522283,0.139886362431082,0.139886362431082,0.162708812507034,6.14865968791397,0.00180290611622457,1,"supplied",4001,"ok","skew_pos",40,0.2
0.175752786888082,0.161806032655977,0.161794718170468,0.161734928125917,0.161734928125917,0.193041275599597,5.18295634460269,0.00180255441173112,1,"supplied",4001,"ok","skew_pos",40,0.2
0.191715448229048,0.186265726003199,0.186248321640755,0.186170333087765,0.186170333087765,0.22890239720188,4.37142509987657,0.00180194731919373,1,"supplied",4001,"ok","skew_pos",40,0.2
0.209127910518255,0.213373363031098,0.213346702839905,0.213245159294968,0.213245159294968,0.271251128557363,3.68943821893168,0.00180103250146008,1,"supplied",4001,"ok","skew_pos",40,0.2
0.228121851221297,0.243109327617222,0.243068689090535,0.242936722721762,0.242936722721762,0.32119477288825,3.1162982228311,0.00179975176093944,1,"supplied",4001,"ok","skew_pos",40,0.2
0.248840907345503,0.275365311353961,0.2753037431463,0.275132643438189,0.275132643438189,0.380005698966018,2.63461051914277,0.00179802832990069,1,"supplied",4001,"ok","skew_pos",40,0.2
0.271441761659491,0.309934549737374,0.309841998485779,0.309620893753939,0.309620893753939,0.449137903686408,2.22975619595853,0.001795786174195,1,"supplied",4001,"ok","skew_pos",40,0.2
0.296095327568091,0.346508896681995,0.34637114150186,0.346086744142352,0.346086744142352,0.530242714740334,1.88944900931739,0.0017929354507768,1,"supplied",4001,"ok","skew_pos",40,0.2
0.322988041602956,0.384684598319859,0.384482050667736,0.384118520384842,0.384118520384842,0.625182787996958,1.60336314686966,0.0017893725612269,1,"supplied",4001,"ok","skew_pos",40,0.2
0.352323273302997,0.423977555936154,0.423684045208814,0.423223008934882,0.423223008934882,0.736043465502815,1.3628204962596,0.00178500119187771,1,"supplied",4001,"ok","skew_pos",40,0.2
0.384322863146529,0.46384737739275,0.463429103704267,0.462849832666653,0.462849832666653,0.865140554823944,1.16052794972102,0.00177969833721995,1,"supplied",4001,"ok","skew_pos",40,0.2
0.419228800165354,0.503727922552642,0.503142794785315,0.502422482573686,0.502422482573686,1.01502370462516,0.990356790718134,0.00177334587861999,1,"supplied",4001,"ok","skew_pos",40,0.2
0.457305051927326,0.543060767437269,0.542258334162691,0.541372357981192,0.541372357981192,1.1884748096405,0.847157479057588,0.00176581263512097,1,"supplied",4001,"ok","skew_pos",40,0.2
0.498839560726195,0.581327416985559,0.580249528716745,0.579171527116699,0.579171527116699,1.3885012789708,0.726604215124868,0.00175695198272901,1,"supplied",4001,"ok","skew_pos",40,0.2
0.544146421074412,0.618076369346844,0.616658591574672,0.615360170213993,0.615360170213993,1.61832450191632,0.625064553092942,0.00174661697238057,1,"supplied",4001,"ok","skew_pos",40,0.2
0.593568254965675,0.652942190973776,0.651115848509322,0.6495657339321,0.6495657339321,1.88136435484856,0.539490074309447,0.00173463084139457,1,"supplied",4001,"ok","skew_pos",40,0.2
0.647478802869525,0.685655286591753,0.683349902902649,0.681512391279244,0.681512391279244,2.1812209887598,0.467324751238835,0.00172080532729509,1,"supplied",4001,"ok","skew_pos",40,0.2
0.706285750051772,0.716042624526369,0.713188463503111,0.711021032446497,0.711021032446497,2.52165531299208,0.406428156645631,0.00170491819341017,1,"supplied",4001,"ok","skew_pos",40,0.2
0.770433809594098,0.744020938745535,0.740551380338115,0.738001315827382,0.738001315827382,2.90656952603602,0.355011134199522,0.0016867309714796,1,"supplied",4001,"ok","skew_pos",40,0.2
0.840408085427414,0.769584662531623,0.765438240012437,0.762438042563021,0.762438042563021,3.33998886960918,0.311581983289276,0.00166594233449966,1,"supplied",4001,"ok","skew_pos",40,0.2
0.916737740811086,0.792791024754761,0.787913085154819,0.784374221194282,0.784374221194282,3.82604577729544,0.27490166425588,0.00164220741143409,1,"supplied",4001,"ok","skew_pos",40,0.2
1,0.813744468755834,0.808088538108186,0.803892743035359,0.803892743035359,4.36896806940505,0.243947042268567,0.00161510689991778,1,"supplied",4001,"ok","skew_pos",40,0.2
1.09082451336109,0.832582015861229,0.826111008039424,0.821097743362307,0.821097743362307,4.97307395107033,0.217881802847377,0.00158405972484364,1,"supplied",4001,"ok","skew_pos",40,0.2
1.18989811894946,0.849460573482592,0.842147948996588,0.836095613057265,0.836095613057265,5.64277806242583,0.196035458604313,0.00154825183034637,1,"supplied",4001,"ok","skew_pos",40,0.2
1.29797003655233,0.864546623653844,0.85637749273975,0.848974283659538,0.848974283659538,6.38261405492371,0.177891980060291,0.00150644784765743,1,"supplied",4001,"ok","skew_pos",40,0.2
1.41585753347947,0.878008304239378,0.86898032263908,0.85977766492322,0.85977766492322,7.19727928007696,0.163091390713554,0.0014567617802139,1,"supplied",4001,"ok","skew_pos",40,0.2
1.54445210494638,0.890009636260049,0.880133426563776,0.868469434981479,0.868469434981479,8.09170554580844,0.151451000715213,0.00139638524099457,1,"supplied",4001,"ok","skew_pos",40,0.2
1.68472621578765,0.900706537445732,0.890005341703801,0.874875589400504,0.874875589400504,9.07115649183306,0.143019661441503,0.00132128522767307,1,"supplied",4001,"ok","skew_pos",40,0.2
1.83774065448323,0.910244251497378,0.898752611849882,0.878585877461105,0.878585877461105,10.1413476761412,0.138192663521695,0.00122613811078097,1,"supplied",4001,"ok","skew_pos",40,0.2
2.00465255511057,0.918755867867909,0.906517330926535,0.878776015989534,0.878776015989534,11.3085812323547,0.137946395673945,0.00110482608526331,1,"supplied",4001,"ok","skew_pos",40,0.2
2.18672414788655,0.926361670445966,0.913425765992595,0.873878043476108,0.873878043476108,12.5798843626161,0.144324436877032,0.000952400706165997,1,"supplied",4001,"ok","skew_pos",40,0.2
2.3853323044733,0.933169111910638,0.919588083265396,0.860969266215174,0.860969266215174,13.963140975515,0.161481645443636,0.000769506798930795,1,"supplied",4001,"ok","skew_pos",40,0.2
2.60197895023158,0.939273253721257,0.925099125723337,0.834699202038307,0.834699202038307,15.4672086235261,0.198036367541785,0.000609032197336218,1,"supplied",4001,"ok","skew_pos",40,0.2
2.83830242216217,0.944757539427399,0.930040041768855,0.785748946213534,0.785748946213534,17.1020177167121,0.272671130924103,0.000801921424265262,1,"supplied",4001,"ok","skew_pos",40,0.2
3.09608985842665,0.949694786337989,0.934480410354998,0.700123022610209,0.700123022610209,18.878655256665,0.428320406136317,0.00111735144606121,1,"supplied",4001,"ok","skew_pos",40,0.2
3.37729071314047,0.954148294202341,0.938480423878357,0.564758428338264,0.564758428338264,20.8094394222308,0.770668572299814,0.00153313399606773,1,"supplied",4001,"ok","skew_pos",40,0.2
3.68403149864039,0.9581729845935,0.942092719467481,0.387465868725943,0.387465868725943,22.9079932020345,1.58087248636423,0.00200560674902101,1,"supplied",4001,"ok","skew_pos",40,0.2
4.01863186671133,0.961816503207882,0.945363585889231,0.213921448389328,0.213921448389328,25.1893248133951,3.67461307657212,0.00253735356657201,1,"supplied",4001,"ok","skew_pos",40,0.2
4.38362215038276,0.965120238263962,0.948333472784108,0.0938310639783818,0.0938310639783818,27.669920613787,9.65745135566612,0.00314008484140102,1,"supplied",4001,"ok","skew_pos",40,0.2
4.78176249895018,0.968120228766103,0.951036935946696,0.0335679351377714,0.0335679351377714,30.3678536982954,28.7903340165472,0.00382843117954329,1,"supplied",4001,"ok","skew_pos",40,0.2
5.21606375092565,0.970847953714952,0.953502319281105,0.0100885897937013,0.0100885897937013,33.3029093128499,98.1218812984483,0.00461536629369575,1,"supplied",4001,"ok","skew_pos",40,0.2
5.6898102027639,0.97333100570031,0.955751560148338,0.00258017736891706,0.00258017736891706,36.4967270517442,386.570254683583,0.0055103475489974,1,"supplied",4001,"ok","skew_pos",40,0.2
6.20658444554691,0.975593659537015,0.957800471565813,0.000560277058017085,0.000560277058017085,39.9729595273256,1783.83124677489,0.00651950444781421,1,"supplied",4001,"ok","skew_pos",40,0.2
6.77029445744823,0.977657349652359,0.959659684366631,0.000102207652928132,0.000102207652928132,43.7574475024448,9783.00316758235,0.00764699622874362,1,"supplied",4001,"ok","skew_pos",40,0.2
7.38520315685726,0.979541070204963,0.961336166430598,1.5437941260981e-05,1.5437941260981e-05,47.8784120195081,64774.4764119664,0.0088966951145374,1,"supplied",4001,"ok","skew_pos",40,0.2
8.05596063965163,0.981261710704327,0.962834985530954,1.89904841263144e-06,1.89904841263144e-06,52.3666645989355,526578.519167885,0.010273514303733,1,"supplied",4001,"ok","skew_pos",40,0.2
8.7876393444041,0.982834338128569,0.964160870826834,1.86840439945628e-07,1.86840439945628e-07,57.2558370012127,5352159.37968552,0.0117840781185554,1,"supplied",4001,"ok","skew_pos",40,0.2
9.58577241145239,0.984272434731444,0.965319202006612,1.44165399196908e-08,1.44165399196908e-08,62.5826323352972,69364770.683818,0.0134368369690185,1,"supplied",4001,"ok","skew_pos",40,0.2
10.4563955259127,0.985588099122103,0.966316248350322,8.53922647274953e-10,8.53922647274953e-10,68.3870994862054,1171066257.97698,0.0152419181464327,1,"supplied",4001,"ok","skew_pos",40,0.2
11.4060925610648,0.9867922168552,0.967158672382802,3.79328503642493e-11,3.79328503642493e-11,74.7129329757111,26362374310.3825,0.0172109520046436,1,"supplied",4001,"ok","skew_pos",40,0.2
12.4420453672751,0.987894605668728,0.967852427260109,1.23196295084789e-12,1.23196295084789e-12,81.607800508957,811712721807.525,0.0193569726371128,1,"supplied",4001,"ok","skew_pos",40,0.2
13.5720880829745,0.988904139610368,0.968401224501424,2.84507760192706e-14,2.84507760192706e-14,89.1237006311309,35148426156201.8,0.0216943927356226,1,"supplied",4001,"ok","skew_pos",40,0.2
14.8047663784046,0.989828855557405,0.968804785485269,4.532319362392e-16,4.532319362392e-16,97.3173531399405,2206375853161930,0.0242390215183617,1,"supplied",4001,"ok","skew_pos",40,0.2
16.1494020801478,0.99067604502633,0.969057150549156,4.81808650524536e-18,4.81808650524536e-18,106.25062517182,207551275576168864,0.027008101600172,1,"supplied",4001,"ok","skew_pos",40,0.2
17.6161636651498,0.991452333661922,0.969145443643112,3.2962775058355e-20,3.2962775058355e-20,115.990996191002,30337251588486397952,0.030020354503045,1,"supplied",4001,"ok","skew_pos",40,0.2
19.2161431573264,0.992163750374968,0.969049843946842,1.39503025159261e-22,1.39503025159261e-22,126.612065445901,7.16830333147521e+21,0.0332960328088634,1,"supplied",4001,"ok","skew_pos",40,0.2
20.9614400082677,0.992815787750425,0.968746292534077,3.49773451861527e-25,3.49773451861527e-25,138.194105805985,2.85899342753976e+24,0.0368569793173159,1,"supplied",4001,"ok","skew_pos",40,0.2
22.8652525963663,0.993413455062891,0.968214116868059,4.95611088600262e-28,4.95611088600262e-28,150.824668251483,2.01771111058929e+27,0.0407266927874218,1,"supplied",4001,"ok","skew_pos",40,0.2
24.9419780363097,0.993961325003879,0.96744883791867,3.76941605247962e-31,3.76941605247962e-31,164.599241661843,2.65293081495256e+30,0.0449303982191578,1,"supplied",4001,"ok","skew_pos",40,0.2
27.2073210537206,0.994463575036322,0.966473297350394,1.4546744332285e-34,1.4546744332285e-34,179.621972944738,6.87439042824589e+33,0.0494951183589145,1,"supplied",4001,"ok","skew_pos",40,0.2
29.6784127482837,0.994924024137801,0.965333920830889,2.67894573571399e-38,2.67894573571399e-38,196.006452975304,3.73281170524897e+37,0.0544497424928713,1,"supplied",4001,"ok","skew_pos",40,0.2
32.3739401434763,0.995346165568165,0.964078681714802,2.20182708994022e-42,2.20182708994022e-42,213.876574284503,4.54168269874066e+41,0.0598250884280729,1,"supplied",4001,"ok","skew_pos",40,0.2
35.3142875025886,0.995733196194017,0.96273315855297,7.50734273234783e-47,7.50734273234783e-47,233.367466954482,1.33202923544595e+46,0.0656539535114194,1,"supplied",4001,"ok","skew_pos",40,0.2
38.5216904797049,0.996088042817464,0.961290388215612,9.80491472221413e-52,9.80491472221413e-52,254.626519754445,1.01989668276705e+51,0.0719711503512427,1,"supplied",4001,"ok","skew_pos",40,0.2
42.0204042713707,0.996413385886154,0.95971190814028,4.49648904611392e-57,4.49648904611392e-57,277.814494188115,2.2239573804016e+56,0.0788135224900753,1,"supplied",4001,"ok","skew_pos",40,0.2
45.8368870405543,0.99671168090333,0.957931813506614,6.58497911661221e-63,6.58497911661221e-63,303.106739827276,1.5186077013931e+62,0.0862199346446454,1,"supplied",4001,"ok","skew_pos",40,0.2
50,0.996985177808291,0.955865438871101,2.77661309374552e-69,2.77661309374552e-69,330.694520078167,3.60151006365474e+68,0.0942312313319654,1,"supplied",4001,"ok","skew_pos",40,0.2
0.02,0.00302029474415294,0.00302029459506852,0.00302024535757713,0.00302024535757713,0.0030294445596341,330.098927936839,0.0013395835044724,1,"supplied",4001,"ok","bimodal",40,0.2
0.0218164902672218,0.00359139578809693,0.00359139553648854,0.00359132568608233,0.00359132568608233,0.00360434040103206,277.448708752692,0.00133999517157784,1,"supplied",4001,"ok","bimodal",40,0.2
0.0237979623789893,0.00426995262006924,0.00426995219543841,0.00426985310067332,0.00426985310067332,0.0042882633011877,233.200094575223,0.00134044440713773,1,"supplied",4001,"ok","bimodal",40,0.2
0.0259594007310465,0.0050759656105458,0.00507596489394674,0.00507582431224458,0.00507582431224458,0.00510186248909016,196.012335038403,0.00134093464536394,1,"supplied",4001,"ok","bimodal",40,0.2
0.0283171506695894,0.00603306844681999,0.00603306723761483,0.00603286780918612,0.00603286780918612,0.0060696872856652,164.758646074976,0.00134146996615585,1,"supplied",4001,"ok","bimodal",40,0.2
0.0308890420989276,0.007169151575712,0.00716914953557962,0.00716886665383943,0.00716886665383943,0.0072209194417056,138.492063151214,0.00134205684283908,1,"supplied",4001,"ok","bimodal",40,0.2
0.033694524315753,0.0085170775230413,0.00851707408175496,0.00851667288604877,0.00851667288604877,0.00859024127391284,116.41674400083,0.00134269735780165,1,"supplied",4001,"ok","bimodal",40,0.2
0.0367548130896647,0.0101154952189776,0.0101154894160199,0.0101149205519846,0.0101149205519846,0.0102188640898216,97.8638511652758,0.00134339640926442,1,"supplied",4001,"ok","bimodal",40,0.2
0.0400930511022114,0.012009757968537,0.0120097481872212,0.0120089418422811,0.0120089418422811,0.0121557455302828,82.2712834430757,0.00134415933304241,1,"supplied",4001,"ok","bimodal",40,0.2
0.0437344829577311,0.0142529454274976,0.0142529289494086,0.0142517864836589,0.0142517864836589,0.0144590291813541,69.166641995837,0.00134499193673891,1,"supplied",4001,"ok","bimodal",40,0.2
0.047706646089466,0.0169069831628397,0.0169069554227586,0.0169053376641822,0.0169053376641822,0.0171977451505387,58.1529148878656,0.0013459005345612,1,"supplied",4001,"ok","bimodal",40,0.2
0.0520395790046316,0.0200438431925122,0.0200437965357788,0.0200415074767299,0.0200415074767299,0.0204538162786907,48.8964462209788,0.00134689198184847,1,"supplied",4001,"ok","bimodal",40,0.2
0.0567660484432434,0.0237467942215043,0.0237467158382949,0.023743480040553,0.023743480040553,0.024324421247424,41.1168252628526,0.00134797370796784,1,"supplied",4001,"ok","bimodal",40,0.2
0.0619217971685331,0.0281116498781033,0.0281115183831676,0.0281069498582617,0.0281069498582617,0.0289247729686003,34.5783891543842,0.00134915374563716,1,"supplied",4001,"ok","bimodal",40,0.2
0.0675458142628094,0.0332479358225602,0.0332477156198683,0.0332412752973082,0.0332412752973082,0.034391378156352,29.0830816825183,0.00135044075392113,1,"supplied",4001,"ok","bimodal",40,0.2
0.0736806299728077,0.0392798610524087,0.039279493105361,0.0392704312549041,0.0392704312549041,0.0408858516231765,24.4644517018162,0.00135184996503323,1,"supplied",4001,"ok","bimodal",40,0.2
0.0803726373342267,0.0463469345566152,0.0463463213802546,0.0463336005802234,0.0463336005802234,0.0485993662014466,20.5826093262182,0.00135339028301508,1,"supplied",4001,"ok","bimodal",40,0.2
0.0876724430076553,0.0546040164053301,0.0546029978765855,0.0545851914570546,0.0545851914570546,0.0577578256655056,17.319987038733,0.00135506878663774,1,"supplied",4001,"ok","bimodal",40,0.2
0.0956352499790037,0.0642205353204331,0.0642188500996996,0.0641940106892699,0.0641940106892699,0.0686278527627487,14.57777726088,0.00135689678132449,1,"supplied",4001,"ok","bimodal",40,0.2
0.104321275018513,0.0753785491041636,0.075375773890242,0.0753412671695842,0.0753412671695842,0.0815236862946795,12.2729384249553,0.00135888715252669,1,"supplied",4001,"ok","bimodal",40,0.2
0.113796204055278,0.0882692812081275,0.0882647365481641,0.0882170371713907,0.0882170371713907,0.0968150786068638,10.3356788219624,0.00136106767902943,1,"supplied",4001,"ok","bimodal",40,0.2
0.124131688910938,0.103087753473262,0.103080360385062,0.103014811078694,0.103014811078694,0.114936275953937,8.70734197858294,0.00136343619260818,1,"supplied",4001,"ok","bimodal",40,0.2
0.135405889148965,0.120025175312346,0.120013241819234,0.119923783828726,0.119923783828726,0.136396146736298,7.3386294867763,0.00136600943924901,1,"supplied",4001,"ok","bimodal",40,0.2
0.147704063137145,0.139258871623946,0.139239783305162,0.139118677422637,0.139118677422637,0.161789493998832,6.18810743838545,0.00136881600436931,1,"supplied",4001,"ok","bimodal",40,0.2
0.161119212793033,0.160939763209624,0.160909548813515,0.160747121383873,0.160747121383873,0.191809546148034,5.22095121449762,0.00137185024464356,1,"supplied",4001,"ok","bimodal",40,0.2
0.175752786888082,0.185177771585799,0.185130516650019,0.184914983106343,0.184914983106343,0.227261561023182,4.40789060573262,0.00137514890545437,1,"supplied",4001,"ok","bimodal",40,0.2
0.191715448229048,0.212025996933883,0.211953089443357,0.211670525823024,0.211670525823024,0.269077401169151,3.72432331384717,0.00137870595116287,1,"supplied",4001,"ok","bimodal",40,0.2
0.209127910518255,0.241465064179765,0.241354281313937,0.240988825896274,0.240988825896274,0.318330841174321,3.14956999056221,0.00138253280220295,1,"supplied",4001,"ok","bimodal",40,0.2
0.228121851221297,0.273389545750065,0.273224033115305,0.272758397434296,0.272758397434296,0.376253251176078,2.66624826002245,0.00138664612482445,1,"supplied",4001,"ok","bimodal",40,0.2
0.248840907345503,0.307598699698638,0.307355953034693,0.306772295206409,0.306772295206409,0.444249165281404,2.25974677513548,0.00139103439298017,1,"supplied",4001,"ok","bimodal",40,0.2
0.271441761659491,0.343793738903524,0.343444763957285,0.342725922063438,0.342725922063438,0.523911092114646,1.91778338206615,0.00139568563522166,1,"supplied",4001,"ok","bimodal",40,0.2
0.296095327568091,0.381583339431985,0.38109221923605,0.380223221420151,0.380223221420151,0.617032760859807,1.6300340001985,0.00140057741289703,1,"supplied",4001,"ok","bimodal",40,0.2
0.322988041602956,0.420498081669379,0.419822194802313,0.418791871171254,0.418791871171254,0.725619826903618,1.38782094123091,0.00140567991933138,1,"supplied",4001,"ok","bimodal",40,0.2
0.352323273302997,0.460013136041778,0.459104218715759,0.457906665450949,0.457906665450949,0.851896901101966,1.18385115450371,0.00141092012857908,1,"supplied",4001,"ok","bimodal",40,0.2
0.384322863146529,0.499577054423333,0.49838317310829,0.497018793311426,0.497018793311426,0.998309647547518,1.01199635397572,0.00141623052299443,1,"supplied",4001,"ok","bimodal",40,0.2
0.419228800165354,0.538643386568019,0.53711170496468,0.535587596726491,0.535587596726491,1.16752067898433,0.867108211825656,0.00142149815173161,1,"supplied",4001,"ok","bimodal",40,0.2
0.457305051927326,0.576701331567522,0.574781366396674,0.573110946215653,0.573110946215653,1.36239817078355,0.744862851779688,0.00142660315828172,1,"supplied",4001,"ok","bimodal",40,0.2
0.498839560726195,0.613301896939459,0.610948827632148,0.609150736396708,0.609150736396708,1.58599665238968,0.641629797437777,0.00143139832664122,1,"supplied",4001,"ok","bimodal",40,0.2
0.544146421074412,0.648076971791645,0.645254550948936,0.643351037303285,0.643351037303285,1.8415304479818,0.554361370413996,0.00143570973220122,1,"supplied",4001,"ok","bimodal",40,0.2
0.593568254965675,0.680750033341797,0.677432742502488,0.675447800669972,0.675447800669972,2.13234175235052,0.480499305805877,0.00143933574841896,1,"supplied",4001,"ok","bimodal",40,0.2
0.647478802869525,0.711138540065703,0.707312798177344,0.705270326477534,0.705270326477534,2.46186715329713,0.417896035686757,0.00144204702780494,1,"supplied",4001,"ok","bimodal",40,0.2
0.706285750051772,0.739149130258401,0.734813510562205,0.732735668374439,0.732735668374439,2.8336080726532,0.364748630592097,0.00144358998820174,1,"supplied",4001,"ok","bimodal",40,0.2
0.770433809594098,0.764767397197864,0.759931884047072,0.757837711794017,0.757837711794017,3.25111140244936,0.319543728739384,0.00144362526507898,1,"supplied",4001,"ok","bimodal",40,0.2
0.840408085427414,0.788044250348685,0.782728576444077,0.780632867768234,0.780632867768234,3.71796590394498,0.281011908784879,0.00144175656907695,1,"supplied",4001,"ok","bimodal",40,0.2
0.916737740811086,0.809080784579963,0.803311899996979,0.801224315630128,0.801224315630128,4.23781746012271,0.248089929988637,0.0014375370130724,1,"supplied",4001,"ok","bimodal",40,0.2
1,0.828013281790218,0.821822102223724,0.819746586048447,0.819746586048447,4.81440247484833,0.21988919139079,0.00143046292109746,1,"supplied",4001,"ok","bimodal",40,0.2
1.09082451336109,0.8449995644015,0.83841735826973,0.836352016923611,0.836352016923611,5.45159477222576,0.195668785110774,0.00142006186617475,1,"supplied",4001,"ok","bimodal",40,0.2
1.18989811894946,0.860207484951419,0.853262526645014,0.851200211346393,0.851200211346393,6.15345882182948,0.174811738378497,0.0014059670436092,1,"supplied",4001,"ok","bimodal",40,0.2
1.29797003655233,0.873805924474773,0.866521227718231,0.864451062659983,0.864451062659983,6.92430227677442,0.156803482805518,0.00138799847183593,1,"supplied",4001,"ok","bimodal",40,0.2
1.41585753347947,0.885958321593428,0.878351225980752,0.876261218052724,0.876261218052724,7.76872397856937,0.141212208640542,0.00136623532043519,1,"supplied",4001,"ok","bimodal",40,0.2
1.54445210494638,0.896818488420685,0.888902526695317,0.886783123067404,0.886783123067404,8.69165875449796,0.127671438469618,0.0013410976062113,1,"supplied",4001,"ok","bimodal",40,0.2
1.68472621578765,0.906528301236294,0.898317170304014,0.896165194839494,0.896165194839494,9.69842544028198,0.115865697260317,0.00131335382040519,1,"supplied",4001,"ok","bimodal",40,0.2
1.83774065448323,0.915216784095636,0.906729549010996,0.904551464347647,0.904551464347647,10.7947873212076,0.105520293111447,0.00128412539014434,1,"supplied",4001,"ok","bimodal",40,0.2
2.00465255511057,0.923000119843441,0.914266244684365,0.912079460967176,0.912079460967176,11.9870332001396,0.0963957010276194,0.00125484612963272,1,"supplied",4001,"ok","bimodal",40,0.2
2.18672414788655,0.929982201176675,0.921044867459828,0.918876198149587,0.918876198149587,13.2820827961656,0.0882858887995781,0.00122725038837774,1,"supplied",4001,"ok","bimodal",40,0.2
2.3853323044733,0.936255443042194,0.927172018678757,0.9250533953937,0.9250533953937,14.6876139348167,0.0810186795481172,0.00120362866282829,1,"supplied",4001,"ok","bimodal",40,0.2
2.60197895023158,0.941901686170022,0.932741065504903,0.930703764177234,0.930703764177234,16.2122034888387,0.0744557382165801,0.00118819550167905,1,"supplied",4001,"ok","bimodal",40,0.2
2.83830242216217,0.946993107943632,0.937830634921519,0.935899808016635,0.935899808016635,17.8654712850659,0.0684904424964108,0.00118741092756415,1,"supplied",4001,"ok","bimodal",40,0.2
3.09608985842665,0.951593111702459,0.9425044905473,0.9406953962422,0.9406953962422,19.6582169432855,0.0630433655726432,0.00120098759757631,1,"supplied",4001,"ok","bimodal",40,0.2
3.37729071314047,0.955757191068207,0.946812885684692,0.945129132657479,0.945129132657479,21.6025431961529,0.0580564765665796,0.00122215237995104,1,"supplied",4001,"ok","bimodal",40,0.2
3.68403149864039,0.959533770965647,0.95079492373715,0.949227849506505,0.949227849506505,23.7119641207752,0.0534878433243304,0.00124507427888222,1,"supplied",4001,"ok","bimodal",40,0.2
4.01863186671133,0.962965022190296,0.954481202401692,0.953008366568141,0.953008366568141,26.0015012601944,0.0493087312560328,0.00126575151890173,1,"supplied",4001,"ok","bimodal",40,0.2
4.38362215038276,0.96608763992295,0.957896141971487,0.956475123678728,0.956475123678728,28.4877737122385,0.0455054974706185,0.00128124559899919,1,"supplied",4001,"ok","bimodal",40,0.2
4.78176249895018,0.968933573023632,0.961059738289264,0.959608068715707,0.959608068715707,31.1890895519045,0.0420921130210499,0.00128857422935699,1,"supplied",4001,"ok","bimodal",40,0.2
5.21606375092565,0.971530691405031,0.963988795321693,0.962320777305562,0.962320777305562,34.1255456964877,0.0391545351436115,0.00128283056985194,1,"supplied",4001,"ok","bimodal",40,0.2
5.6898102027639,0.97390338235377,0.966697827508767,0.964302579743482,0.964302579743482,37.3191421032478,0.0370188994682707,0.00125077793122019,1,"supplied",4001,"ok","bimodal",40,0.2
6.20658444554691,0.976073071657436,0.969199780854568,0.964300020926123,0.964300020926123,40.7939146087999,0.0370216512487375,0.00114804246229916,1,"supplied",4001,"ok","bimodal",40,0.2
6.77029445744823,0.97805867030009,0.971506609592225,0.955991113984123,0.955991113984123,44.5760892196121,0.0460348274917203,0.000928238270502201,1,"supplied",4001,"ok","bimodal",40,0.2
7.38520315685726,0.979876951374798,0.97362966404193,0.89856369696432,0.89856369696432,48.6942594845009,0.112887159116676,0.00201069546377092,1,"supplied",4001,"ok","bimodal",40,0.2
8.05596063965163,0.981542864379074,0.975579830471426,0.5666209991244,0.5666209991244,53.1795878048514,0.764848111074776,0.00257723875835952,1,"supplied",4001,"ok","bimodal",40,0.2
8.7876393444041,0.983069795270805,0.97736739583916,0.078854215010381,0.078854215010381,58.0660311552868,11.6816302700921,0.00266310777994304,1,"supplied",4001,"ok","bimodal",40,0.2
9.58577241145239,0.984469780840554,0.97900165611881,0.00262971750374048,0.00262971750374048,63.3905916415731,379.268982724422,0.0026719250882275,1,"supplied",4001,"ok","bimodal",40,0.2
10.4563955259127,0.985753685431659,0.980490325064583,3.38589677646745e-05,3.38589677646745e-05,69.1935925395226,29533.2730750142,0.00268686527802726,1,"supplied",4001,"ok","bimodal",40,0.2
11.4060925610648,0.986931347113915,0.981838821635,1.55127238934358e-07,1.55127238934358e-07,75.5189808556929,6446320.14172515,0.00277910986438821,1,"supplied",4001,"ok","bimodal",40,0.2
12.4420453672751,0.988011699326635,0.98304950970025,2.26285482618695e-10,2.26285482618695e-10,82.4146579441181,4419196442.48137,0.00327318477482298,1,"supplied",4001,"ok","bimodal",40,0.2
13.5720880829745,0.989002872917191,0.984120922121564,1.04045863032797e-13,1.04045863032797e-13,89.9328402290845,9611146189298.08,0.00557978294597412,1,"supplied",4001,"ok","bimodal",40,0.2
14.8047663784046,0.989912282511648,0.985046939439045,1.59770675320338e-17,1.59770675320338e-17,98.1304525681532,62589708530368088,0.0108367935256497,1,"supplied",4001,"ok","bimodal",40,0.2
16.1494020801478,0.990746700312536,0.985815896738838,8.53531660174231e-22,8.53531660174231e-22,107.06955721479,1.17160270281699e+21,0.017484579945173,1,"supplied",4001,"ok","bimodal",40,0.2
17.6161636651498,0.991512319736222,0.986409816215191,1.57608643698259e-26,1.57608643698259e-26,116.81782170419,6.34482967770789e+25,0.0252032182441645,1,"supplied",4001,"ok","bimodal",40,0.2
19.2161431573264,0.992214810766559,0.986804552736854,9.6185290565604e-32,9.6185290565604e-32,127.44902930613,1.03966000842711e+31,0.0338349673060428,1,"supplied",4001,"ok","bimodal",40,0.2
20.9614400082677,0.992859368489517,0.986972449425105,1.80787112221724e-37,1.80787112221724e-37,139.043635991007,5.53136773805847e+36,0.0433219880145971,1,"supplied",4001,"ok","bimodal",40,0.2
22.8652525963663,0.993450755959517,0.986889004224575,9.57644280046974e-44,9.57644280046974e-44,151.689378166192,1.04422907423511e+43,0.0536577677599667,1,"supplied",4001,"ok","bimodal",40,0.2
24.9419780363097,0.993993342308818,0.986541833889624,1.28912688365399e-50,1.28912688365399e-50,165.481935780685,7.75718831621548e+49,0.0648620122434255,1,"supplied",4001,"ok","bimodal",40,0.2
27.2073210537206,0.994491136827469,0.985934831505902,3.92427546203412e-58,3.92427546203412e-58,180.525655780717,2.54824109488394e+57,0.0769684958270578,1,"supplied",4001,"ok","bimodal",40,0.2
29.6784127482837,0.994947819598881,0.985082265459346,2.37290998851696e-66,2.37290998851696e-66,196.934341334792,4.21423486284445e+65,0.0900189312207946,1,"supplied",4001,"ok","bimodal",40,0.2
32.3739401434763,0.995366769164597,0.983999611919508,2.47044637285508e-75,2.47044637285508e-75,214.832112736292,4.04785147731948e+74,0.104059540918888,1,"supplied",4001,"ok","bimodal",40,0.2
35.3142875025886,0.995751087604103,0.982699426761362,3.7851645975286e-85,3.7851645975286e-85,234.354346435951,2.64189303855615e+84,0.119138829868904,1,"supplied",4001,"ok","bimodal",40,0.2
38.5216904797049,0.996103623346227,0.981186246286027,7.1873492928874e-96,7.1873492928874e-96,255.648699255376,1.39133352123237e+95,0.13530587388181,1,"supplied",4001,"ok","bimodal",40,0.2
42.0204042713707,0.996426991973835,0.979444134601194,1.40153736173215e-107,1.40153736173215e-107,278.876225487626,7.13502206437157e+106,0.152608802014072,1,"supplied",4001,"ok","bimodal",40,0.2
45.8368870405543,0.996723595240219,0.977426974238888,2.28566517874109e-120,2.28566517874109e-120,304.212595304229,4.37509399583532e+119,0.171093316514223,1,"supplied",4001,"ok","bimodal",40,0.2
50,0.99699563848123,0.975064531277921,2.49119772102465e-134,2.49119772102465e-134,331.84942366375,4.01413340884357e+133,0.190801169867318,1,"supplied",4001,"ok","bimodal",40,0.2
0.02,0.00332305892556963,0.0033230587303941,0.00332300002890773,0.00332300002890773,0.00333413846415202,299.93288934719,0.00151884021472338,1,"supplied",4001,"wbar_undefined","heavy_tail",40,0.2
0.0218164902672218,0.00395134238697417,0.00395134205847977,0.00395125897783657,0.00395125897783657,0.00396701743109954,252.083891896028,0.00151877755965598,1,"supplied",4001,"wbar_undefined","heavy_tail",40,0.2
0.0237979623789893,0.00469778529301187,0.00469778474021229,0.00469766715916486,0.00469766715916486,0.00471995864531947,211.871616084818,0.00151870285802799,1,"supplied",4001,"wbar_undefined","heavy_tail",40,0.2
0.0259594007310465,0.00558434903003345,0.00558434809992517,0.00558418169741829,0.00558418169741829,0.00561570910975345,178.077267572136,0.0015186138184038,1,"supplied",4001,"wbar_undefined","heavy_tail",40,0.2
0.0283171506695894,0.00663696920189761,0.00663696763726592,0.00663673215118289,0.00663673215118289,0.00668131286964167,149.676564492928,0.00151850771768609,1,"supplied",4001,"wbar_undefined","heavy_tail",40,0.2
0.0308890420989276,0.00788623046760255,0.00788622783620003,0.00788589460134623,0.00788589460134623,0.0079489174626812,125.808694580991,0.00151838132098631,1,"supplied",4001,"wbar_undefined","heavy_tail",40,0.2
0.033694524315753,0.00936813757890867,0.00936813315466371,0.00936766162268885,0.00936766162268885,0.0094567295221184,105.750226500278,0.00151823078705774,1,"supplied",4001,"wbar_undefined","heavy_tail",40,0.2
0.0367548130896647,0.0111249884645715,0.0111249810285027,0.0111243138508356,0.0111243138508356,0.011250146211398,88.8931847311095,0.00151805155686512,1,"supplied",4001,"wbar_undefined","heavy_tail",40,0.2
0.0400930511022114,0.0132063517275005,0.0132063392344097,0.0132053953188492,0.0132053953188492,0.0133830935683664,74.7266235394418,0.00151783822252948,1,"supplied",4001,"wbar_undefined","heavy_tail",40,0.2
0.0437344829577311,0.0156701452416735,0.0156701242628408,0.0156687889765559,0.0156687889765559,0.0159196078082188,62.8211416017045,0.0015175843735367,1,"supplied",4001,"wbar_undefined","heavy_tail",40,0.2
0.047706646089466,0.0185838038296721,0.0185837686224985,0.0185818799838719,0.0185818799838719,0.018935701185888,52.8158679782642,0.0015172862697121,1,"supplied",4001,"wbar_undefined","heavy_tail",40,0.2
0.0520395790046316,0.0220255112491945,0.0220254522071638,0.022022781453584,0.022022781453584,0.0225215601250789,44.4075250261932,0.00151693148579489,1,"supplied",4001,"wbar_undefined","heavy_tail",40,0.2
0.0567660484432434,0.0260854537250265,0.0260853548016629,0.0260815790989145,0.0260815790989145,0.0267841299062613,37.3412367866032,0.00151650935855147,1,"supplied",4001,"wbar_undefined","heavy_tail",40,0.2
0.0619217971685331,0.0308670277444313,0.0308668621854921,0.0308615264077014,0.0308615264077014,0.0318501471192246,31.4028042809462,0.00151600737656996,1,"supplied",4001,"wbar_undefined","heavy_tail",40,0.2
0.0675458142628094,0.0364879025842482,0.0364876258848603,0.0364800892884508,0.0364800892884508,0.0378696880735725,26.4122136076183,0.00151541078655364,1,"supplied",4001,"wbar_undefined","heavy_tail",40,0.2
0.0736806299728077,0.043080797266543,0.043080335606135,0.0430696977983155,0.0430696977983155,0.0450203080296454,22.2181800922483,0.00151470244306738,1,"supplied",4001,"wbar_undefined","heavy_tail",40,0.2
0.0803726373342267,0.0507937825207478,0.0507930138894202,0.0507780127273113,0.0507780127273113,0.0535118518878202,18.6935631445487,0.00151386797831282,1,"supplied",4001,"wbar_undefined","heavy_tail",40,0.2
0.0876724430076553,0.0597898628365049,0.0597885864721002,0.0597674584584831,0.0597674584584831,0.0635920210527446,15.7315128632187,0.00151287777582377,1,"supplied",4001,"wbar_undefined","heavy_tail",40,0.2
0.0956352499790037,0.070245536735615,0.0702434241077691,0.0702137156262633,0.0702137156262633,0.0755527824937582,13.2422316078933,0.00151170393962157,1,"supplied",4001,"wbar_undefined","heavy_tail",40,0.2
0.104321275018513,0.0823479842038996,0.0823445013402325,0.0823028170469129,0.0823028170469129,0.0897377031667711,11.1502523957351,0.0015103146449834,1,"supplied",4001,"wbar_undefined","heavy_tail",40,0.2
0.113796204055278,0.0962905036989719,0.0962847899041111,0.0962264634089188,0.0962264634089188,0.106550284237466,9.39215164492177,0.00150867975515479,1,"supplied",4001,"wbar_undefined","heavy_tail",40,0.2
0.124131688910938,0.112265838582745,0.112256520468691,0.11217519311708,0.11217519311708,0.126463352951873,7.91462695282613,0.00150674816883482,1,"supplied",4001,"wbar_undefined","heavy_tail",40,0.2
0.135405889148965,0.130457121053163,0.130442033604362,0.13032913109113,0.13032913109113,0.150029543351753,6.67288166220316,0.001504470715239,1,"supplied",4001,"wbar_undefined","heavy_tail",40,0.2
0.147704063137145,0.151026349237045,0.15100212848595,0.15084623372862,0.15084623372862,0.177892858160346,5.62926726960283,0.00150179965908412,1,"supplied",4001,"wbar_undefined","heavy_tail",40,0.2
0.161119212793033,0.174100622244285,0.174062129381162,0.173848264642311,0.173848264642311,0.210801251258214,4.75214254831636,0.00149866059493256,1,"supplied",4001,"wbar_undefined","heavy_tail",40,0.2
0.175752786888082,0.19975679153775,0.199696329845662,0.199405181119407,0.199405181119407,0.249620102270663,4.01491483012763,0.00149498856887604,1,"supplied",4001,"wbar_undefined","heavy_tail",40,0.2
0.191715448229048,0.228005712384743,0.227912011618607,0.227519150442887,0.227519150442887,0.295346372431159,3.39523441456866,0.00149069883509912,1,"supplied",4001,"wbar_undefined","heavy_tail",40,0.2
0.209127910518255,0.258777814484768,0.258634787784679,0.258109962282712,0.258109962282712,0.349123136816107,2.87431771775118,0.00148570380100091,1,"supplied",4001,"wbar_undefined","heavy_tail",40,0.2
0.228121851221297,0.291912122200776,0.291697451560994,0.291004017512527,0.291004017512527,0.412254087879679,2.43637867458978,0.0014799022431791,1,"supplied",4001,"wbar_undefined","heavy_tail",40,0.2
0.248840907345503,0.327150975706493,0.326834650459599,0.325929180023089,0.325929180023089,0.486217507783417,2.06815118526411,0.00147318827015385,1,"supplied",4001,"wbar_undefined","heavy_tail",40,0.2
0.271441761659491,0.364142383102019,0.36368538913338,0.362517417687474,0.362517417687474,0.572679124107187,1.75848814762909,0.00146543515564262,1,"supplied",4001,"wbar_undefined","heavy_tail",40,0.2
0.296095327568091,0.402451100939592,0.401804513369005,0.400316261682126,0.400316261682126,0.673503208812551,1.49802492608721,0.001456520806088,1,"supplied",4001,"wbar_undefined","heavy_tail",40,0.2
0.322988041602956,0.441578272778577,0.440683013370598,0.438808765428053,0.438808765428053,0.790761267430921,1.27889704761141,0.00144628641199433,1,"supplied",4001,"wbar_undefined","heavy_tail",40,0.2
0.352323273302997,0.480987994849198,0.479775455507532,0.477440106669054,0.477440106669054,0.926737705632538,1.09450355349633,0.0014345658023437,1,"supplied",4001,"wbar_undefined","heavy_tail",40,0.2
0.384322863146529,0.520137884121802,0.518531487954077,0.515647627943946,0.515647627943946,1.08393196068395,0.939308833800562,0.00142116152572783,1,"supplied",4001,"wbar_undefined","heavy_tail",40,0.2
0.419228800165354,0.558509957572546,0.556427556592749,0.55289031923691,0.55289031923691,1.26505674850939,0.80867699289831,0.00140582306998965,1,"supplied",4001,"wbar_undefined","heavy_tail",40,0.2
0.457305051927326,0.59563811658717,0.592994961561463,0.588673715958448,0.588673715958448,1.47303230353949,0.698733904522733,0.00138824832336246,1,"supplied",4001,"wbar_undefined","heavy_tail",40,0.2
0.498839560726195,0.631129264074997,0.627841182875779,0.622566859117943,0.622566859117943,1.71097678023261,0.606253184464087,0.00136802792684116,1,"supplied",4001,"wbar_undefined","heavy_tail",40,0.2
0.544146421074412,0.664676336124594,0.660662755960119,0.654209034779569,0.654209034779569,1.98219334848841,0.528563420615161,0.00134461849644972,1,"supplied",4001,"wbar_undefined","heavy_tail",40,0.2
0.593568254965675,0.696062947574514,0.691249488396756,0.683305027275679,0.683305027275679,2.29015495813944,0.463475256412172,0.00131726875403806,1,"supplied",4001,"wbar_undefined","heavy_tail",40,0.2
0.647478802869525,0.725160581388832,0.71948109164523,0.709608143951317,0.709608143951317,2.63848826726984,0.409228471409152,0.00128492556667088,1,"supplied",4001,"wbar_undefined","heavy_tail",40,0.2
0.706285750051772,0.751920063649658,0.745318110421254,0.732889982526295,0.732889982526295,3.03095878978213,0.364461275010157,0.00124610023798777,1,"supplied",4001,"wbar_undefined","heavy_tail",40,0.2
0.770433809594098,0.776359390970337,0.768789311946239,0.752894672114307,0.752894672114307,3.47145983164159,0.328207034845607,0.00119871178686083,1,"supplied",4001,"wbar_undefined","heavy_tail",40,0.2
0.840408085427414,0.798549886025047,0.789977544833965,0.769273141689268,0.769273141689268,3.96400811232272,0.299928394489469,0.0011399163070478,1,"supplied",4001,"wbar_undefined","heavy_tail",40,0.2
0.916737740811086,0.818602296410107,0.809005662451276,0.781489992945422,0.781489992945422,4.51274895001326,0.27960691630998,0.0010661215088585,1,"supplied",4001,"wbar_undefined","heavy_tail",40,0.2
1,0.836653978713417,0.826023594253614,0.788692069894636,0.788692069894636,5.12197341645407,0.267921966216286,0.000973410071430146,1,"supplied",4001,"wbar_undefined","heavy_tail",40,0.2
1.09082451336109,0.852857845293705,0.841197163664193,0.789524862464014,0.789524862464014,5.79614894858689,0.266584559324855,0.00085888095110848,1,"supplied",4001,"wbar_undefined","heavy_tail",40,0.2
1.18989811894946,0.867373366750647,0.854698865677531,0.781885137390275,0.781885137390275,6.53996369733586,0.278960236202641,0.000723117263409116,1,"supplied",4001,"wbar_undefined","heavy_tail",40,0.2
1.29797003655233,0.880359643734382,0.866700562377626,0.762623150339898,0.762623150339898,7.3583836693019,0.311263629427331,0.000932937824523247,1,"supplied",4001,"wbar_undefined","heavy_tail",40,0.2
1.41585753347947,0.891970382855461,0.877367925057339,0.727305573971044,0.727305573971044,8.25672076262235,0.374937902015602,0.00125144236689916,1,"supplied",4001,"wbar_undefined","heavy_tail",40,0.2
1.54445210494638,0.902350514047415,0.886856413498518,0.670421980597516,0.670421980597516,9.2407093109078,0.49159787259473,0.00160695592690056,1,"supplied",4001,"wbar_undefined","heavy_tail",40,0.2
1.68472621578765,0.911634148741114,0.895308587875259,0.586928479455997,0.586928479455997,10.3165887699117,0.7037851033006,0.00198568489672741,1,"supplied",4001,"wbar_undefined","heavy_tail",40,0.2
1.83774065448323,0.919943580080414,0.902852557776626,0.476277756206577,0.476277756206577,11.491190600385,1.09961516566452,0.00238242321946791,1,"supplied",4001,"wbar_undefined","heavy_tail",40,0.2
2.00465255511057,0.927389052761224,0.909601375039802,0.348109976327931,0.348109976327931,12.7720280209479,1.87265539054235,0.00280212298792671,1,"supplied",4001,"wbar_undefined","heavy_tail",40,0.2
2.18672414788655,0.934069069458505,0.915653185488542,0.223355539689201,0.223355539689201,14.1673879283506,3.4771667691408,0.00325619328555159,1,"supplied",4001,"wbar_undefined","heavy_tail",40,0.2
2.3853323044733,0.940071044965206,0.921091980322769,0.124059954557363,0.124059954557363,15.6864247744585,7.06061878361897,0.00375767251857651,1,"supplied",4001,"wbar_undefined","heavy_tail",40,0.2
2.60197895023158,0.945472162425493,0.925988817636028,0.0596369286528083,0.0596369286528083,17.3392565060662,15.7681338155718,0.00431792618996733,1,"supplied",4001,"wbar_undefined","heavy_tail",40,0.2
2.83830242216217,0.95034032483902,0.930403390790624,0.0249780157922159,0.0249780157922159,19.137062853479,39.0352056912238,0.00494528564773039,1,"supplied",4001,"wbar_undefined","heavy_tail",40,0.2
3.09608985842665,0.954735127495788,0.934385795491478,0.00916283995415661,0.00916283995415661,21.0921863837562,108.136469151833,0.00564511694833297,1,"supplied",4001,"wbar_undefined","heavy_tail",40,0.2
3.37729071314047,0.958708802634877,0.937978319516839,0.00294317623574556,0.00294317623574556,23.2182369079143,338.768984220097,0.00642072817126331,1,"supplied",4001,"wbar_undefined","heavy_tail",40,0.2
3.68403149864039,0.962307106772963,0.94121708549955,0.000823106072838187,0.000823106072838187,25.530200108988,1213.91024425547,0.00727460862485247,1,"supplied",4001,"wbar_undefined","heavy_tail",40,0.2
4.01863186671133,0.965570134727366,0.944133426519959,0.00019853011833111,0.00019853011833111,28.0445516437973,5036.01911028026,0.00820958027300248,1,"supplied",4001,"wbar_undefined","heavy_tail",40,0.2
4.38362215038276,0.968533053508676,0.946754942134024,4.08079562242267e-05,4.08079562242267e-05,30.77937841143,24504.0253069602,0.00922958646404885,1,"supplied",4001,"wbar_undefined","heavy_tail",40,0.2
4.78176249895018,0.971226755136323,0.949106238072588,7.05171052367581e-06,7.05171052367581e-06,33.7545090843191,141808.564735045,0.010340042265385,1,"supplied",4001,"wbar_undefined","heavy_tail",40,0.2
5.21606375092565,0.973678431050834,0.951209381682652,1.00910421109586e-06,1.00910421109586e-06,36.9916562698549,990976.927754386,0.0115478408111684,1,"supplied",4001,"wbar_undefined","heavy_tail",40,0.2
5.6898102027639,0.975912072948729,0.953084113339544,1.17625936911893e-07,1.17625936911893e-07,40.5145727513833,8501525.3321477,0.0128611841244462,1,"supplied",4001,"wbar_undefined","heavy_tail",40,0.2
6.20658444554691,0.977948906096483,0.954747863408045,1.09686283903453e-08,1.09686283903453e-08,44.349224141687,91169100.9526386,0.0142893873972916,1,"supplied",4001,"wbar_undefined","heavy_tail",40,0.2
6.77029445744823,0.979807761823581,0.956215656574226,8.02231977635539e-10,8.02231977635539e-10,48.5239800196011,1246522236.80377,0.0158427408885337,1,"supplied",4001,"wbar_undefined","heavy_tail",40,0.2
7.38520315685726,0.981505396133974,0.957500031303005,4.50354529417233e-11,4.50354529417233e-11,53.0698252984473,22204728378.0844,0.0175324513757623,1,"supplied",4001,"wbar_undefined","heavy_tail",40,0.2
8.05596063965163,0.983056761305557,0.958611105792107,1.89515899031352e-12,1.89515899031352e-12,58.0205932899916,527660214847.026,0.0193706489062198,1,"supplied",4001,"wbar_undefined","heavy_tail",40,0.2
8.7876393444041,0.984475237028971,0.959556823876766,5.8256933357885e-14,5.8256933357885e-14,63.4132217584345,17165338825109.9,0.0213704343823945,1,"supplied",4001,"wbar_undefined","heavy_tail",40,0.2
9.58577241145239,0.985772827126242,0.960343234018344,1.27173346616043e-15,1.27173346616043e-15,69.2880332497059,786328288598997,0.0235459480915866,1,"supplied",4001,"wbar_undefined","heavy_tail",40,0.2
10.4563955259127,0.986960327249248,0.960974502499798,1.91159911341522e-17,1.91159911341522e-17,75.6890411373516,52312223466845064,0.0259124476322721,1,"supplied",4001,"wbar_undefined","heavy_tail",40,0.2
11.4060925610648,0.988047468254124,0.961452343209795,1.91304645567445e-19,1.91304645567445e-19,82.6642831210253,5227264591687336960,0.0284863900250294,1,"supplied",4001,"wbar_undefined","heavy_tail",40,0.2
12.4420453672751,0.989043039241232,0.961774681215397,1.22862206585725e-21,1.22862206585725e-21,90.2661843020473,8.13919941525928e+20,0.0312855160391148,1,"supplied",4001,"wbar_undefined","heavy_tail",40,0.2
13.5720880829745,0.98995499358925,0.961933642162158,4.86465168988529e-24,4.86465168988529e-24,98.5519523939596,2.05564563251101e+23,0.0343289359131005,1,"supplied",4001,"wbar_undefined","heavy_tail",40,0.2
14.8047663784046,0.990790540726633,0.961913412738051,1.13661041603732e-26,1.13661041603732e-26,107.58400806352,8.79808935313472e+25,0.0376372158255238,1,"supplied",4001,"wbar_undefined","heavy_tail",40,0.2
16.1494020801478,0.991556225887805,0.961689219765489,1.49399681751854e-29,1.49399681751854e-29,117.430453812799,6.69345468661007e+28,0.0412324643075463,1,"supplied",4001,"wbar_undefined","heavy_tail",40,0.2
17.6161636651498,0.992257999694855,0.96122957557348,1.04864131265554e-32,1.04864131265554e-32,128.16558519578,9.53614918591787e+31,0.0451384175158694,1,"supplied",4001,"wbar_undefined","heavy_tail",40,0.2
19.2161431573264,0.99290127907927,0.960504419089343,3.71315477160796e-36,3.71315477160796e-36,139.870448516954,2.69312770813201e+35,0.0493805219573719,1,"supplied",4001,"wbar_undefined","heavy_tail",40,0.2
20.9614400082677,0.993491000799194,0.959499863864726,6.23374991984256e-40,6.23374991984256e-40,152.633449498063,1.60417086482233e+39,0.0539860128827175,1,"supplied",4001,"wbar_undefined","heavy_tail",40,0.2
22.8652525963663,0.994031668601683,0.958233565347315,4.63709135789366e-44,4.63709135789366e-44,166.551017740386,2.15652425803023e+43,0.0589839861391094,1,"supplied",4001,"wbar_undefined","heavy_tail",40,0.2
24.9419780363097,0.994527394914008,0.956757073855348,1.41957287965026e-48,1.41957287965026e-48,181.728332172118,7.0443723907037e+47,0.064405460785317,1,"supplied",4001,"wbar_undefined","heavy_tail",40,0.2
27.2073210537206,0.994981937813071,0.955136550833466,1.65004190663478e-53,1.65004190663478e-53,198.280113069314,6.06045213748222e+52,0.0702834292179015,1,"supplied",4001,"wbar_undefined","heavy_tail",40,0.2
29.6784127482837,0.995398733909915,0.953423329021685,6.66939014461562e-59,6.66939014461562e-59,216.331486686849,1.49938746769422e+58,0.0766528909297025,1,"supplied",4001,"wbar_undefined","heavy_tail",40,0.2
32.3739401434763,0.995780927691957,0.951635336663297,8.51707260942023e-65,8.51707260942023e-65,236.018929041238,1.1741123339655e+64,0.0835508653152739,1,"supplied",4001,"wbar_undefined","heavy_tail",40,0.2
35.3142875025886,0.996131397785349,0.949756124545288,3.09515651757709e-71,3.09515651757709e-71,257.491295955136,3.23085438271408e+70,0.0910163781499288,1,"supplied",4001,"wbar_undefined","heavy_tail",40,0.2
38.5216904797049,0.996452780531369,0.947744688428826,2.85568425342698e-78,2.85568425342698e-78,280.910947107528,3.50178770219412e+77,0.0990904155001216,1,"supplied",4001,"wbar_undefined","heavy_tail",40,0.2
42.0204042713707,0.996747491212286,0.945551388010245,5.90633343854355e-86,5.90633343854355e-86,306.454972536095,1.69309777445716e+85,0.107815837876619,1,"supplied",4001,"wbar_undefined","heavy_tail",40,0.2
45.8368870405543,0.997017743212426,0.943136751126753,2.39078072272731e-94,2.39078072272731e-94,334.316530812038,4.18273407717308e+93,0.11723724642957,1,"supplied",4001,"wbar_undefined","heavy_tail",40,0.2
50,0.997265565358016,0.940478128044613,1.63324896568719e-103,1.63324896568719e-103,364.706308955498,6.12276524283148e+102,0.127400791923189,1,"supplied",4001,"wbar_undefined","heavy_tail",40,0.2
0.02,0.00438922527211128,0.00438922496335345,0.00438915484376332,0.00438915484376332,0.0044085755031236,226.834295119693,0.00159544602456126,1,"supplied",4001,"ok","normal",60,0.2
0.0218164902672218,0.00521809419931944,0.00521809368095642,0.00521799471904653,0.00521799471904653,0.00524546553258777,190.644502120678,0.00159538460299681,1,"supplied",4001,"ok","normal",60,0.2
0.0237979623789893,0.00620243782258974,0.006202436952768,0.00620229734781976,0.00620229734781976,0.0062411481559687,160.230580206143,0.0015953113114467,1,"supplied",4001,"ok","normal",60,0.2
0.0259594007310465,0.00737098524390894,0.00737098378519008,0.00737078694801331,0.00737078694801331,0.00742572011731909,134.670723771162,0.00159522388524322,1,"supplied",4001,"ok","normal",60,0.2
0.0283171506695894,0.00875759553485287,0.00875759309019973,0.00875731572526727,0.00875731572526727,0.00883496861655982,113.190241778622,0.00159511963202296,1,"supplied",4001,"ok","normal",60,0.2
0.0308890420989276,0.0104021002815038,0.0104020961877706,0.0104017056232204,0.0104017056232204,0.0105114413485142,95.1380792941915,0.001594996360916,1,"supplied",4001,"ok","normal",60,0.2
0.033694524315753,0.0123512540323043,0.012351247183372,0.0123506976640879,0.0123506976640879,0.0125057152988157,79.9670860058129,0.00159485176724882,1,"supplied",4001,"ok","normal",60,0.2
0.0367548130896647,0.0146597932533286,0.0146597818070976,0.0146590093647084,0.0146590093647084,0.0148779001942196,67.2174337378831,0.00159467913975003,1,"supplied",4001,"ok","normal",60,0.2
0.0400930511022114,0.0173915974026339,0.0173915782969301,0.0173904936772258,0.0173904936772258,0.0176994185645696,56.5026804046154,0.00159447314729733,1,"supplied",4001,"ok","normal",60,0.2
0.0437344829577311,0.0206209351940981,0.0206209033494259,0.0206193823049439,0.0206193823049439,0.0210551112792929,47.4980580509547,0.00159422746397471,1,"supplied",4001,"ok","normal",60,0.2
0.047706646089466,0.0244337638782592,0.0244337108897223,0.0244315809257346,0.0244315809257346,0.0250457252143053,39.9306300333053,0.0015939345891795,1,"supplied",4001,"ok","normal",60,0.2
0.0520395790046316,0.0289290281004095,0.0289289401008543,0.0289259624909505,0.0289259624909505,0.0297908483906372,33.5710190391366,0.00159358745130151,1,"supplied",4001,"ok","normal",60,0.2
0.0567660484432434,0.0342198762223156,0.0342197304094046,0.0342155759709395,0.0342155759709395,0.0354323674507436,28.2264552509458,0.00159317770286578,1,"supplied",4001,"ok","normal",60,0.2
0.0619217971685331,0.0404346747041754,0.0404344337296761,0.0404286504770482,0.0404286504770482,0.0421385325607819,23.7349339688623,0.00159268942317988,1,"supplied",4001,"ok","normal",60,0.2
0.0675458142628094,0.0477176546213145,0.0477172575898609,0.047709227988216,0.047709227988216,0.0501087254771473,19.9603056299087,0.00159210797844707,1,"supplied",4001,"ok","normal",60,0.2
0.0736806299728077,0.0562289692927609,0.0562283174387801,0.0562172026112234,0.0562172026112234,0.059579037142753,16.7881494195934,0.00159141887961364,1,"supplied",4001,"ok","normal",60,0.2
0.0803726373342267,0.0661438812623307,0.0661428153754001,0.0661274833605118,0.0661274833605118,0.0708287710870708,14.1223054194915,0.00159060433465464,1,"supplied",4001,"ok","normal",60,0.2
0.0876724430076553,0.0776507370516678,0.0776490022914562,0.0776279374455865,0.0776279374455865,0.0841879970754826,11.881960192501,0.00158963592205758,1,"supplied",4001,"ok","normal",60,0.2
0.0956352499790037,0.0909473409211932,0.0909445326881524,0.0909157237863606,0.0909157237863606,0.100046284462063,9.99919748040352,0.00158848942819093,1,"supplied",4001,"ok","normal",60,0.2
0.104321275018513,0.106235322606537,0.106230804527754,0.106191610319109,0.106191610319109,0.11886274462799,8.4169397845552,0.00158713530203911,1,"supplied",4001,"ok","normal",60,0.2
0.113796204055278,0.123712133944708,0.123704915804885,0.123651909062291,0.123651909062291,0.14117750426194,7.08721844719953,0.00158553004934584,1,"supplied",4001,"ok","normal",60,0.2
0.124131688910938,0.143560436111459,0.14354899591959,0.143477790740026,0.143477790740026,0.167624713014942,5.96971980710204,0.00158364151692227,1,"supplied",4001,"ok","normal",60,0.2
0.135405889148965,0.16593488344573,0.165916914351237,0.165821986857797,0.165821986857797,0.19894715670552,5.03056337069199,0.00158140924006356,1,"supplied",4001,"ok","normal",60,0.2
0.147704063137145,0.190946691518459,0.190918752093073,0.190793271729391,0.190793271729391,0.236012496972337,4.24127497230792,0.00157878847909535,1,"supplied",4001,"ok","normal",60,0.2
0.161119212793033,0.218646889769805,0.218603937063733,0.218439633777558,0.218439633777558,0.279831086492238,3.5779238076288,0.00157570574261992,1,"supplied",4001,"ok","normal",60,0.2
0.175752786888082,0.249009751578344,0.248944542830807,0.248731643222413,0.248731643222413,0.331575212996019,3.02039719210881,0.00157209671619356,1,"supplied",4001,"ok","normal",60,0.2
0.191715448229048,0.281918457845973,0.281820821577065,0.281548092154407,0.281548092154407,0.392599504786466,2.55179107181297,0.0015678792949402,1,"supplied",4001,"ok","normal",60,0.2
0.209127910518255,0.317155419691596,0.317011422295867,0.316666357088018,0.316666357088018,0.464462088208057,2.15789782405603,0.00156296422962192,1,"supplied",4001,"ok","normal",60,0.2
0.228121851221297,0.354399672870513,0.354190742769307,0.353759922258872,0.353759922258872,0.54894593137254,1.82677583603783,0.00155725787176918,1,"supplied",4001,"ok","normal",60,0.2
0.248840907345503,0.393233210184491,0.392935324030896,0.392404950301926,0.392404950301926,0.648079652322529,1.54838783055763,0.00155066363179839,1,"supplied",4001,"ok","normal",60,0.2
0.271441761659491,0.433157005039219,0.432740079975559,0.432096659467724,0.432096659467724,0.764156933912871,1.31429699371397,0.00154307224429688,1,"supplied",4001,"ok","normal",60,0.2
0.296095327568091,0.473615945991656,0.473043604133839,0.472274708789796,0.472274708789796,0.899753596988994,1.1174117126926,0.00153437680174406,1,"supplied",4001,"ok","normal",60,0.2
0.322988041602956,0.514030277305659,0.513260137356016,0.512355135661727,0.512355135661727,1.05774136391819,0.951771203988149,0.00152447097004119,1,"supplied",4001,"ok","normal",60,0.2
0.352323273302997,0.553829852136477,0.55281444655212,0.551765068709274,0.551765068709274,1.24129741711426,0.812365545972794,0.0015132518117476,1,"supplied",4001,"ok","normal",60,0.2
0.384322863146529,0.592486931072615,0.591175245250008,0.589975841230997,0.589975841230997,1.45390903077562,0.694984658886167,0.00150062223608037,1,"supplied",4001,"ok","normal",60,0.2
0.419228800165354,0.629543576753962,0.62788307532942,0.626530446223136,0.626530446223136,1.69937282025706,0.596091628153461,0.00148649217575577,1,"supplied",4001,"ok","normal",60,0.2
0.457305051927326,0.664630806514024,0.662569683132216,0.661062414003978,0.661062414003978,1.98178848690769,0.51271646794002,0.00147077749479015,1,"supplied",4001,"ok","normal",60,0.2
0.498839560726195,0.697478236310515,0.694967537689925,0.693304826964117,0.693304826964117,2.30554730279313,0.442366995162658,0.00145339568465287,1,"supplied",4001,"ok","normal",60,0.2
0.544146421074412,0.727914548590823,0.724909817794136,0.723089872533215,0.723089872533215,2.67531595247313,0.382953956327281,0.00143425784625381,1,"supplied",4001,"ok","normal",60,0.2
0.593568254965675,0.755860371847612,0.752322546954642,0.750340682949183,0.750340682949183,3.096016724396,0.332727949748828,0.00141325741020801,1,"supplied",4001,"ok","normal",60,0.2
0.647478802869525,0.78131586588737,0.777211346786897,0.775057987810214,0.775057987810214,3.5728054486338,0.29022604208663,0.00139025945270404,1,"supplied",4001,"ok","normal",60,0.2
0.706285750051772,0.804345450470731,0.799645465095497,0.797304275290341,0.797304275290341,4.11104905255681,0.254226311072829,0.00136510147813766,1,"supplied",4001,"ok","normal",60,0.2
0.770433809594098,0.825061824131374,0.819741422857967,0.817187837678732,0.817187837678732,4.71630517486917,0.223708863363112,0.00133758401107527,1,"supplied",4001,"ok","normal",60,0.2
0.840408085427414,0.843610884661335,0.837648005911128,0.83484846145924,0.83484846145924,5.39430690450849,0.197822175119171,0.00130749232056516,1,"supplied",4001,"ok","normal",60,0.2
0.916737740811086,0.86015856318285,0.853533607627028,0.850445803080364,0.850445803080364,6.15095627419472,0.17585388319625,0.0012746359789748,1,"supplied",4001,"ok","normal",60,0.2
1,0.874880048311318,0.867576275363301,0.864150799786993,0.864150799786993,6.99233045172647,0.157205432485271,0.00123889307619021,1,"supplied",4001,"ok","normal",60,0.2
1.09082451336109,0.887951471484661,0.879956326985684,0.876139855912398,0.876139855912398,7.92470444056839,0.141370288375497,0.00120029081563009,1,"supplied",4001,"ok","normal",60,0.2
1.18989811894946,0.899543862867467,0.890851115641698,0.886591033832516,0.886591033832516,8.95459340309581,0.127915760299588,0.00115908143470865,1,"supplied",4001,"ok","normal",60,0.2
1.29797003655233,0.909819050338806,0.90043141021035,0.895681103274595,0.895681103274595,10.0888164712942,0.116468792680806,0.00111582372659889,1,"supplied",4001,"ok","normal",60,0.2
1.41585753347947,0.918927128845453,0.908858879694044,0.903582158441501,0.903582158441501,11.3345822808437,0.106706225502284,0.00107144680805954,1,"supplied",4001,"ok","normal",60,0.2
1.54445210494638,0.927005139993613,0.91628427458767,0.91045669455532,0.91045669455532,12.6995947373898,0.0983498786709607,0.00102720395961501,1,"supplied",4001,"ok","normal",60,0.2
1.68472621578765,0.934176644660538,0.922846045391513,0.916450485248478,0.916450485248478,14.1921760117338,0.09116642535125,0.000984235787557533,1,"supplied",4001,"ok","normal",60,0.2
1.83774065448323,0.940551925639183,0.92866928890147,0.921682950743568,0.921682950743568,15.8214027241751,0.0849717890444315,0.000942857537880763,1,"supplied",4001,"ok","normal",60,0.2
2.00465255511057,0.946228611578017,0.933865028807715,0.926234192179502,0.926234192179502,17.5972508679204,0.0796405579100049,0.000902366049296797,1,"supplied",4001,"ok","normal",60,0.2
2.18672414788655,0.951292562091771,0.938529891990868,0.930125136216124,0.930125136216124,19.5307452607982,0.0751241537973438,0.000861201004998125,1,"supplied",4001,"ok","normal",60,0.2
2.3853323044733,0.955818894805828,0.942746235726003,0.933279195602522,0.933279195602522,21.6341101157406,0.0714907229389204,0.000886499650224269,1,"supplied",4001,"ok","normal",60,0.2
2.60197895023158,0.959873068111873,0.946582741439135,0.9354310278117,0.9354310278117,23.9209185189634,0.0690259038545576,0.000902355284844223,1,"supplied",4001,"ok","normal",60,0.2
2.83830242216217,0.963511959317209,0.950095451255903,0.935877004470804,0.935877004470804,26.4062399977432,0.06851647729656,0.000884311617327521,1,"supplied",4001,"ok","normal",60,0.2
3.09608985842665,0.966784897752678,0.953329195095772,0.932716425532162,0.932716425532162,29.1067867427875,0.0721372248049018,0.000809262526944363,1,"supplied",4001,"ok","normal",60,0.2
3.37729071314047,0.969734627385811,0.956319320472052,0.92031174295488,0.92031174295488,32.041060248873,0.0865883301556731,0.000692516209843588,1,"supplied",4001,"ok","normal",60,0.2
3.68403149864039,0.972398184586196,0.959093575332452,0.880319172208826,0.880319172208826,35.2295010312942,0.135951631600708,0.00115605367588116,1,"supplied",4001,"ok","normal",60,0.2
4.01863186671133,0.974807684770546,0.961673921566888,0.755252568584342,0.755252568584342,38.694644612529,0.324060376086396,0.00168913700233392,1,"supplied",4001,"ok","normal",60,0.2
4.38362215038276,0.976991017406032,0.964078026453884,0.454566474631852,0.454566474631852,42.4612871697395,1.19989826748637,0.00211408765458346,1,"supplied",4001,"ok","normal",60,0.2
4.78176249895018,0.97897245280655,0.966320243118556,0.135276599919145,0.135276599919145,46.5566641605978,6.39226148940544,0.00242676286190992,1,"supplied",4001,"ok","normal",60,0.2
5.21606375092565,0.980773166725652,0.968412050793143,0.0210778248065144,0.0210778248065144,51.010645004874,46.4432257208503,0.00266846242208354,1,"supplied",4001,"ok","normal",60,0.2
5.6898102027639,0.982411690248416,0.97036211877924,0.00219308121903945,0.00219308121903945,55.8559465988439,454.979464562645,0.00283437936445351,1,"supplied",4001,"ok","normal",60,0.2
6.20658444554691,0.983904293167523,0.972176289978145,0.000164780895675978,0.000164780895675978,61.1283681672331,6067.66467072969,0.00289892926650448,1,"supplied",4001,"ok","normal",60,0.2
6.77029445744823,0.985265309109763,0.973857779284826,8.89048491214451e-06,8.89048491214451e-06,66.8670497704573,112478.803956923,0.0028426247450707,1,"supplied",4001,"ok","normal",60,0.2
7.38520315685726,0.986507410340131,0.975407744510248,3.34556688642724e-07,3.34556688642724e-07,73.114756707847,2989029.06260893,0.00267161818630997,1,"supplied",4001,"ok","normal",60,0.2
8.05596063965163,0.98764183956428,0.976826181787926,8.42900498956489e-09,8.42900498956489e-09,79.9181920886542,118637964.126133,0.00245754881591069,1,"supplied",4001,"ok","normal",60,0.2
8.7876393444041,0.988678605299265,0.978112927289091,1.35275613048592e-10,1.35275613048592e-10,87.3283399646054,7392315416.86319,0.00245603486945149,1,"supplied",4001,"ok","normal",60,0.2
9.58577241145239,0.989626646579859,0.979268487242685,1.31037736739183e-12,1.31037736739183e-12,95.400841608113,763138943699.163,0.00320330175379957,1,"supplied",4001,"ok","normal",60,0.2
10.4563955259127,0.990493971977706,0.980294472999195,7.27879552579386e-15,7.27879552579386e-15,104.196407758818,137385367737876,0.0050753520055422,1,"supplied",4001,"ok","normal",60,0.2
11.4060925610648,0.991287777173237,0.981193535689976,2.21788652630956e-17,2.21788652630956e-17,113.781269933558,45087969476235776,0.00751434292620567,1,"supplied",4001,"ok","normal",60,0.2
12.4420453672751,0.99201454465684,0.981968821014459,3.5640279944106e-20,3.5640279944106e-20,124.2276741935,28058141001369284608,0.0104544039525923,1,"supplied",4001,"ok","normal",60,0.2
13.5720880829745,0.99268012855406,0.9826230719703,2.9019499721448e-23,2.9019499721448e-23,135.614421084483,3.44595878495076e+22,0.0138388807909613,1,"supplied",4001,"ok","normal",60,0.2
14.8047663784046,0.993289827068852,0.983157572984919,1.14401622659797e-26,1.14401622659797e-26,148.027455813864,8.74113475622423e+25,0.0176358538577411,1,"supplied",4001,"ok","normal",60,0.2
16.1494020801478,0.993848444613541,0.983571104481918,2.07050093825894e-30,2.07050093825894e-30,161.560513102303,4.82974907918123e+29,0.0218375839176234,1,"supplied",4001,"ok","normal",60,0.2
17.6161636651498,0.994360345336229,0.983858944619606,1.61802063960021e-34,1.61802063960021e-34,176.31582155624,6.1803908771342e+33,0.026452284023866,1,"supplied",4001,"ok","normal",60,0.2
19.2161431573264,0.994829499457474,0.98401182810576,5.09339274761563e-39,5.09339274761563e-39,192.404872850369,1.96332788290895e+38,0.0314978481389071,1,"supplied",4001,"ok","normal",60,0.2
20.9614400082677,0.99525952357966,0.98401487426747,5.97697467685771e-44,5.97697467685771e-44,209.949261493922,1.67308722901555e+43,0.0369984763672256,1,"supplied",4001,"ok","normal",60,0.2
22.8652525963663,0.99565371592709,0.98384702461707,2.39963732387016e-49,2.39963732387016e-49,229.081601484083,4.1672964078888e+48,0.0429829659252903,1,"supplied",4001,"ok","normal",60,0.2
24.9419780363097,0.996015087305511,0.98348247864033,2.99897102867104e-55,2.99897102867104e-55,249.94652672893,3.33447702708599e+54,0.0494837855379015,1,"supplied",4001,"ok","normal",60,0.2
27.2073210537206,0.996346388430746,0.982896237510936,1.05179761780678e-61,1.05179761780678e-61,272.701782755283,9.5075324669893e+60,0.056536524647679,1,"supplied",4001,"ok","normal",60,0.2
29.6784127482837,0.996650134162102,0.98207385908034,9.24067426640095e-69,9.24067426640095e-69,297.519417908283,1.08217211338787e+68,0.0641795325359411,1,"supplied",4001,"ok","normal",60,0.2
32.3739401434763,0.99692862508312,0.981019460948654,1.79611149170321e-76,1.79611149170321e-76,324.587083004482,5.56758310728097e+75,0.0724536511291312,1,"supplied",4001,"ok","normal",60,0.2
35.3142875025886,0.997183966796193,0.979753414453694,6.74296885109013e-85,6.74296885109013e-85,354.109449223892,1.48302627831112e+84,0.0814019841976596,1,"supplied",4001,"ok","normal",60,0.2
38.5216904797049,0.997418087235643,0.978302305700157,4.21542310732009e-94,4.21542310732009e-94,386.309754924734,2.37224111208077e+93,0.0910696653636743,1,"supplied",4001,"ok","normal",60,0.2
42.0204042713707,0.997632752253403,0.976692770492445,3.73220591418927e-104,3.73220591418927e-104,421.43149304402,2.67938056739623e+103,0.101503597915194,1,"supplied",4001,"ok","normal",60,0.2
45.8368870405543,0.997829579690376,0.97494792766834,3.92140319017188e-115,3.92140319017188e-115,459.740251814631,2.55010758012917e+114,0.112752145086699,1,"supplied",4001,"ok","normal",60,0.2
50,0.998010052113073,0.973076229838554,4.031496478562e-127,4.031496478562e-127,501.525722693273,2.4804684943113e+126,0.124864752386717,1,"supplied",4001,"ok","normal",60,0.2
0.02,0.0054636496333574,0.00546364901616561,0.00546353695417841,0.00546353695417841,0.00549366509463751,182.031616402854,0.00179626676647761,1,"supplied",4001,"ok","skew_pos",60,0.2
0.0218164902672218,0.00649351931453907,0.00649351828486651,0.00649336114970818,0.00649336114970818,0.00653596070159394,153.003447050676,0.00179659166370499,1,"supplied",4001,"ok","skew_pos",60,0.2
0.0237979623789893,0.00771583512010224,0.00771583340406126,0.00771561328403005,0.00771561328403005,0.00777583215896239,128.607325197314,0.00179693974763194,1,"supplied",4001,"ok","skew_pos",60,0.2
0.0259594007310465,0.0091658723319999,0.00916586947535493,0.00916556146021471,0.00916556146021471,0.00925066272552849,108.104063547087,0.00179731193727144,1,"supplied",4001,"ok","skew_pos",60,0.2
0.0283171506695894,0.0108850924107473,0.0108850876614376,0.0108846571728567,0.0108846571728567,0.0110048815635357,90.8724388025488,0.00179770901513711,1,"supplied",4001,"ok","skew_pos",60,0.2
0.0308890420989276,0.0129221137472719,0.0129221058624768,0.0129215050009279,0.0129215050009279,0.0130912807664332,76.3903658999619,0.00179813319974293,1,"supplied",4001,"ok","skew_pos",60,0.2
0.033694524315753,0.0153337876053313,0.0153337745354875,0.0153329370994249,0.0153329370994249,0.0155725741498128,64.2190766528029,0.00179858764025168,1,"supplied",4001,"ok","skew_pos",60,0.2
0.0367548130896647,0.0181863698993369,0.0181863482722089,0.0181851829941243,0.0181851829941243,0.0185232404010039,53.9898233261169,0.00179906859564129,1,"supplied",4001,"ok","skew_pos",60,0.2
0.0400930511022114,0.021556767725297,0.0215567320064062,0.0215551134077557,0.0215551134077557,0.0220316999640147,45.3927041849935,0.00179957574348337,1,"supplied",4001,"ok","skew_pos",60,0.2
0.0437344829577311,0.025533822837599,0.0255337639690184,0.0255315200553986,0.0255315200553986,0.026202882599735,38.1672723688284,0.00180010824218898,1,"supplied",4001,"ok","skew_pos",60,0.2
0.047706646089466,0.030219571226849,0.0302194744291807,0.0302163702217078,0.0302163702217078,0.0311612508669402,32.0946434883693,0.00180066546096182,1,"supplied",4001,"ok","skew_pos",60,0.2
0.0520395790046316,0.0357303872967017,0.0357302285355117,0.0357259441582031,0.0357259441582031,0.037054353705633,26.9908627626959,0.00180125381983554,1,"supplied",4001,"ok","skew_pos",60,0.2
0.0567660484432434,0.0421978818409265,0.042197622173818,0.0421917238867443,0.0421917238867443,0.0440569936533782,22.7013306847644,0.00180186172879164,1,"supplied",4001,"ok","skew_pos",60,0.2
0.0619217971685331,0.0497693748380369,0.0497689514199141,0.0497608536075099,0.0497608536075099,0.0523761006224715,19.0961182838126,0.0018024849061614,1,"supplied",4001,"ok","skew_pos",60,0.2
0.0675458142628094,0.0586077082913829,0.0586070201483782,0.0585959358585979,0.0585959358585979,0.0622564140449998,16.0660300129547,0.00180312951270439,1,"supplied",4001,"ok","skew_pos",60,0.2
0.0736806299728077,0.0688901048378589,0.0688889905203429,0.0688738677460633,0.0688738677460633,0.0739870827233155,13.5192949477875,0.00180378108318863,1,"supplied",4001,"ok","skew_pos",60,0.2
0.0803726373342267,0.0808057225004992,0.0808039252539495,0.0807833658412476,0.0807833658412476,0.0879092967379174,11.3787860234143,0.00180443565275997,1,"supplied",4001,"ok","skew_pos",60,0.2
0.0876724430076553,0.0945515181029318,0.0945486320827559,0.0945207901042117,0.0945207901042117,0.104425066686103,9.57968304007482,0.0018050871474653,1,"supplied",4001,"ok","skew_pos",60,0.2
0.0956352499790037,0.110326031408652,0.11032141953329,0.110283876452975,0.110283876452975,0.124007260303834,8.06750861651479,0.00180572486546054,1,"supplied",4001,"ok","skew_pos",60,0.2
0.104321275018513,0.12832076536697,0.128313435526879,0.128263050928547,0.128263050928547,0.147210992608986,6.79647757293005,0.00180633340582254,1,"supplied",4001,"ok","skew_pos",60,0.2
0.113796204055278,0.148708995116521,0.148697416686281,0.148630156310721,0.148630156310721,0.174686440081527,5.72810972431083,0.00180691185519189,1,"supplied",4001,"ok","skew_pos",60,0.2
0.124131688910938,0.171632116883813,0.171613954265096,0.171524702257109,0.171524702257109,0.20719310874072,4.83006404815697,0.00180743891130583,1,"supplied",4001,"ok","skew_pos",60,0.2
0.135405889148965,0.197184060147525,0.197155795547134,0.197038165651547,0.197038165651547,0.245615526995839,4.07515889976592,0.00180790129809196,1,"supplied",4001,"ok","skew_pos",60,0.2
0.147704063137145,0.225394813925757,0.22535122992247,0.225197400822474,0.225197400822474,0.290980254170612,3.44054858691869,0.00180828558587498,1,"supplied",4001,"ok","skew_pos",60,0.2
0.161119212793033,0.256214694517629,0.256148191566765,0.255948803380032,0.255948803380032,0.34447399354235,2.90703135468543,0.00180858003337427,1,"supplied",4001,"ok","skew_pos",60,0.2
0.175752786888082,0.289501484579681,0.28940122367356,0.289145382817697,0.289145382817697,0.407462476411252,2.45846781385574,0.00180878321208438,1,"supplied",4001,"ok","skew_pos",60,0.2
0.191715448229048,0.325012832912108,0.324863723016177,0.324539166384982,0.324539166384982,0.48150964753051,2.08129219390968,0.00180887971537435,1,"supplied",4001,"ok","skew_pos",60,0.2
0.209127910518255,0.362406144553073,0.362187739398306,0.361781200288962,0.361781200288962,0.568396545005977,1.76410161501283,0.00180888131635597,1,"supplied",4001,"ok","skew_pos",60,0.2
0.228121851221297,0.401247494941356,0.400932920074263,0.400430713100637,0.400430713100637,0.670139150235465,1.49731093865589,0.00180880940220729,1,"supplied",4001,"ok","skew_pos",60,0.2
0.248840907345503,0.441029886852051,0.440584973957886,0.439973774107344,0.439973774107344,0.789004414508507,1.27286274512358,0.00180869367906605,1,"supplied",4001,"ok","skew_pos",60,0.2
0.271441761659491,0.48119963009481,0.480582473395607,0.479850211872838,0.479850211872838,0.927523683498429,1.08398365835254,0.00180857773578801,1,"supplied",4001,"ok","skew_pos",60,0.2
0.296095327568091,0.521188114058814,0.520349263130921,0.519486012413161,0.519486012413161,1.08850287422237,0.924979645466708,0.00180854124677733,1,"supplied",4001,"ok","skew_pos",60,0.2
0.322988041602956,0.560445170525577,0.559328621291417,0.558327309045395,0.558327309045395,1.27502903607203,0.79106410128811,0.00180867623775334,1,"supplied",4001,"ok","skew_pos",60,0.2
0.352323273302997,0.598469905130591,0.597014945741068,0.595871733285409,0.595871733285409,1.49047334876663,0.678213521702703,0.00180907423123178,1,"supplied",4001,"ok","skew_pos",60,0.2
0.384322863146529,0.63483540757897,0.632979234847466,0.631693422890404,0.631693422890404,1.73849113729793,0.583046401566691,0.00180984455924758,1,"supplied",4001,"ok","skew_pos",60,0.2
0.419228800165354,0.669204970757821,0.666885845544045,0.665459219586796,0.665459219586796,2.02302003234725,0.502721685366282,0.00181104531484706,1,"supplied",4001,"ok","skew_pos",60,0.2
0.457305051927326,0.701339003293908,0.698499594417479,0.696935178614525,0.696935178614525,2.34827785023461,0.434853671740253,0.00181267352360048,1,"supplied",4001,"ok","skew_pos",60,0.2
0.498839560726195,0.731093302808081,0.727683808262985,0.72598404168305,0.72598404168305,2.71876197373507,0.377440746055103,0.00181461200949159,1,"supplied",4001,"ok","skew_pos",60,0.2
0.544146421074412,0.758410449899898,0.754391097948083,0.752555465143985,0.752555465143985,3.13925188231715,0.328805711096221,0.00181655057831652,1,"supplied",4001,"ok","skew_pos",60,0.2
0.593568254965675,0.783306636118787,0.778649256552154,0.776671382378154,0.776671382378154,3.61481598738842,0.287545830436055,0.00181797254387579,1,"supplied",4001,"ok","skew_pos",60,0.2
0.647478802869525,0.805856274220894,0.800544773129872,0.798408919144652,0.798408919144652,4.15082316457544,0.252491018100493,0.0018181194024357,1,"supplied",4001,"ok","skew_pos",60,0.2
0.706285750051772,0.826176393425726,0.820206130764788,0.817882896932252,0.817882896932252,4.75295852909774,0.222668922104669,0.00181598877559175,1,"supplied",4001,"ok","skew_pos",60,0.2
0.770433809594098,0.844412276294755,0.837788497378055,0.835229325803682,0.835229325803682,5.42724230540492,0.197275968534475,0.00181035628578843,1,"supplied",4001,"ok","skew_pos",60,0.2
0.840408085427414,0.86072520979194,0.853460790893948,0.850590568844291,0.850590568844291,6.18005030563045,0.175653759432947,0.00179982691676393,1,"supplied",4001,"ok","skew_pos",60,0.2
0.916737740811086,0.875282713606003,0.86739553840533,0.86410216943097,0.86410216943097,7.01813468616437,0.157270558247205,0.00178276494993899,1,"supplied",4001,"ok","skew_pos",60,0.2
1,0.888251229980847,0.879761528001188,0.875880712176244,0.875880712176244,7.94864435490975,0.141707981575899,0.00175730964649293,1,"supplied",4001,"ok","skew_pos",60,0.2
1.09082451336109,0.899791020611453,0.890718989952983,0.88601150065946,0.88601150065946,8.97914564245418,0.128653521151473,0.00172119292795972,1,"supplied",4001,"ok","skew_pos",60,0.2
1.18989811894946,0.910052897453406,0.900416912137089,0.894534167117051,0.894534167117051,10.1176455014989,0.117900284594886,0.00167162981840549,1,"supplied",4001,"ok","skew_pos",60,0.2
1.29797003655233,0.919176382941592,0.908992041380256,0.901423401066769,0.901423401066769,11.3726212262604,0.109356600701261,0.00160522260692547,1,"supplied",4001,"ok","skew_pos",60,0.2
1.41585753347947,0.927288919045561,0.916569102622773,0.906560531908566,0.906560531908566,12.7530619387518,0.103070302315851,0.00151800863449864,1,"supplied",4001,"ok","skew_pos",60,0.2
1.54445210494638,0.934505798735715,0.923261762344153,0.909689300051908,0.909689300051908,14.2685273000697,0.0992764232171787,0.00140592028179991,1,"supplied",4001,"ok","skew_pos",60,0.2
1.68472621578765,0.940930560326384,0.929173880511496,0.910345050736946,0.910345050736946,15.9292277957168,0.0984845792158436,0.00126586497182974,1,"supplied",4001,"ok","skew_pos",60,0.2
1.83774065448323,0.946655652839972,0.934400657967817,0.907739514775412,0.907739514775412,17.7461287510015,0.101637621501378,0.00109774828938369,1,"supplied",4001,"ok","skew_pos",60,0.2
2.00465255511057,0.951763240806921,0.939029404998019,0.900571685764968,0.900571685764968,19.7310776413743,0.110405774250581,0.000907114468111872,1,"supplied",4001,"ok","skew_pos",60,0.2
2.18672414788655,0.956326064881287,0.943139816761144,0.886719188012708,0.886719188012708,21.896952090116,0.127752746888419,0.000706790522473394,1,"supplied",4001,"ok","skew_pos",60,0.2
2.3853323044733,0.960408308732441,0.946803803576604,0.862755248473285,0.862755248473285,24.2578247603025,0.159077272227066,0.000724023199320204,1,"supplied",4001,"ok","skew_pos",60,0.2
2.60197895023158,0.964066444188327,0.950085046916403,0.82328997345162,0.82328997345162,26.8291412417123,0.214638866312835,0.000831715950674233,1,"supplied",4001,"ok","skew_pos",60,0.2
2.83830242216217,0.967350038697734,0.95303851373887,0.760445007951603,0.760445007951603,29.627907664031,0.315019481413497,0.000925228354115571,1,"supplied",4001,"ok","skew_pos",60,0.2
3.09608985842665,0.970302515472181,0.955710166641012,0.664789798489212,0.664789798489212,32.6728856298668,0.504234875854865,0.00107202778821979,1,"supplied",4001,"ok","skew_pos",60,0.2
3.37729071314047,0.972961860158784,0.958137068251569,0.530915921025159,0.530915921025159,35.9847928101786,0.883537412231063,0.00140808116416359,1,"supplied",4001,"ok","skew_pos",60,0.2
3.68403149864039,0.975361270400324,0.960347998094766,0.369584029100469,0.369584029100469,39.586508162059,1.70574462439273,0.0018304660509169,1,"supplied",4001,"ok","skew_pos",60,0.2
4.01863186671133,0.977529746845001,0.962364577597286,0.214475431132033,0.214475431132033,43.5032814317675,3.66253871001378,0.00235239302613056,1,"supplied",4001,"ok","skew_pos",60,0.2
4.38362215038276,0.9794926260762,0.96420275743971,0.101543294560159,0.101543294560159,47.7629475970805,8.84801610319577,0.00298458133737042,1,"supplied",4001,"ok","skew_pos",60,0.2
4.78176249895018,0.981272057360041,0.965874418361818,0.0394459524002332,0.0394459524002332,52.396148163458,24.3511435052609,0.00373157872822413,1,"supplied",4001,"ok","skew_pos",60,0.2
5.21606375092565,0.982887426002208,0.967388825676727,0.0127714725558816,0.0127714725558816,57.4365625024624,77.2995066249797,0.0045924958993313,1,"supplied",4001,"ok","skew_pos",60,0.2
5.6898102027639,0.984355726591861,0.968753761182215,0.00347931749644588,0.00347931749644588,62.9211533774237,286.412689707536,0.00556403594403315,1,"supplied",4001,"ok","skew_pos",60,0.2
6.20658444554691,0.985691889686023,0.969976280615518,0.000797245210225084,0.000797245210225084,68.8904312348755,1253.31923224433,0.00664392619751784,1,"supplied",4001,"ok","skew_pos",60,0.2
6.77029445744823,0.986909065697264,0.971063144685378,0.000152497465113378,0.000152497465113378,75.3887417715483,6556.48604907319,0.00783299096622973,1,"supplied",4001,"ok","skew_pos",60,0.2
7.38520315685726,0.988018869933018,0.972021011461139,2.40671640893395e-05,2.40671640893395e-05,82.4645809209496,41549.3877518725,0.00913549939887751,1,"supplied",4001,"ok","skew_pos",60,0.2
8.05596063965163,0.989031592862557,0.972856462051508,3.08933025944221e-06,3.08933025944221e-06,90.1709410007476,323693.754532509,0.0105585221311207,1,"supplied",4001,"ok","skew_pos",60,0.2
8.7876393444041,0.989956379704473,0.973575888920774,3.17298485119725e-07,3.17298485119725e-07,98.5656915111989,3151605.60039923,0.012111134544021,1,"supplied",4001,"ok","skew_pos",60,0.2
9.58577241145239,0.990801383305871,0.974185237734549,2.56015881871597e-08,2.56015881871597e-08,107.711998037514,39060075.7690477,0.0138038726288015,1,"supplied",4001,"ok","skew_pos",60,0.2
10.4563955259127,0.991573894035203,0.974689577125908,1.59005996964856e-09,1.59005996964856e-09,117.678782842018,628907096.271949,0.0156484743374195,1,"supplied",4001,"ok","skew_pos",60,0.2
11.4060925610648,0.992280450072439,0.975092478011548,7.43252913941786e-11,7.43252913941786e-11,128.541230950496,13454370392.2027,0.0176578033709623,1,"supplied",4001,"ok","skew_pos",60,0.2
12.4420453672751,0.99292693109884,0.97539520663647,2.55084128829946e-12,2.55084128829946e-12,140.38134577424,392027526206.503,0.0198458615108439,1,"supplied",4001,"ok","skew_pos",60,0.2
13.5720880829745,0.993518638002452,0.97559576654077,6.25532748948804e-14,6.25532748948804e-14,153.288558543465,15986373242334.9,0.0222278383178227,1,"supplied",4001,"ok","skew_pos",60,0.2
14.8047663784046,0.994060360849118,0.975687884324982,1.06390053334945e-15,1.06390053334945e-15,167.360396077514,939937492889234,0.0248201767877104,1,"supplied",4001,"ok","skew_pos",60,0.2
16.1494020801478,0.994556437034292,0.97566021376534,1.21472537492254e-17,1.21472537492254e-17,182.703211719884,82323134153986752,0.0276406470028729,1,"supplied",4001,"ok","skew_pos",60,0.2
17.6161636651498,0.995010801232505,0.975496505434202,8.98458417720688e-20,8.98458417720688e-20,199.432984653791,11130175646157492224,0.030708424526696,1,"supplied",4001,"ok","skew_pos",60,0.2
19.2161431573264,0.995427028498618,0.975178302297667,4.14036726205079e-22,4.14036726205079e-22,217.676193301818,2.41524467929612e+21,0.0340441716809393,1,"supplied",4001,"ok","skew_pos",60,0.2
20.9614400082677,0.995808371646756,0.974692077315528,1.13924006339571e-24,1.13924006339571e-24,237.570769096493,8.77778119055367e+23,0.037670120177567,1,"supplied",4001,"ok","skew_pos",60,0.2
22.8652525963663,0.996157793837015,0.974040182155648,1.78665303691968e-27,1.78665303691968e-27,259.26713757158,5.59705762302944e+26,0.0416101535535666,1,"supplied",4001,"ok","skew_pos",60,0.2
24.9419780363097,0.99647799713439,0.973248133670735,1.51800928531835e-30,1.51800928531835e-30,282.929354448995,6.58757498831956e+29,0.0458898876748324,1,"supplied",4001,"ok","skew_pos",60,0.2
27.2073210537206,0.996771447666426,0.972357570186318,6.61090101059212e-34,6.61090101059212e-34,308.736345172656,1.51265311399729e+33,0.0505367472895656,1,"supplied",4001,"ok","skew_pos",60,0.2
29.6784127482837,0.997040397892498,0.971406417312701,1.38912998034307e-37,1.38912998034307e-37,336.8832571666,7.19875039881463e+36,0.0555800362402877,1,"supplied",4001,"ok","skew_pos",60,0.2
32.3739401434763,0.997286906405299,0.970412331354174,1.31846473831658e-41,1.31846473831658e-41,367.58293497621,7.58457902542623e+40,0.0610509984913305,1,"supplied",4001,"ok","skew_pos",60,0.2
35.3142875025886,0.99751285561036,0.969369044329778,5.25983732665985e-46,5.25983732665985e-46,401.067529398574,1.9011994818384e+45,0.066982866595432,1,"supplied",4001,"ok","skew_pos",60,0.2
38.5216904797049,0.997719967569343,0.9682513741625,8.15343151231357e-51,8.15343151231357e-51,437.590252732477,1.22647746349469e+50,0.0734108936069068,1,"supplied",4001,"ok","skew_pos",60,0.2
42.0204042713707,0.997909818244457,0.967025203770857,4.50767767893321e-56,4.50767767893321e-56,477.427293391078,2.2184372335971e+55,0.0803723637476937,1,"supplied",4001,"ok","skew_pos",60,0.2
45.8368870405543,0.998083850342387,0.965665361779253,8.09472812185703e-62,8.09472812185703e-62,520.879904331513,1.23537194201723e+61,0.0879065763456684,1,"supplied",4001,"ok","skew_pos",60,0.2
50,0.998243384924689,0.964176756459374,4.26370553444716e-68,4.26370553444716e-68,568.276681075201,2.34537772817762e+67,0.0960547966934938,1,"supplied",4001,"ok","skew_pos",60,0.2
0.02,0.00462179604936202,0.00462179568449923,0.00462171706139976,0.00462171706139976,0.00464325623267437,215.369800815356,0.001339684103674,1,"supplied",4001,"ok","bimodal",60,0.2
0.0218164902672218,0.00549405801444379,0.00549405739969364,0.00549394604664642,0.00549394604664642,0.00552440944040491,181.018533037909,0.00134010253475504,1,"supplied",4001,"ok","bimodal",60,0.2
0.0237979623789893,0.00652975392075577,0.00652975288522683,0.00652959520964796,0.00652959520964796,0.00657267185054168,152.148850409965,0.00134055870938822,1,"supplied",4001,"ok","bimodal",60,0.2
0.0259594007310465,0.00775902037419846,0.00775901863042376,0.00775879542232748,0.00775879542232748,0.00781969353566165,127.885986234706,0.00134105599843331,1,"supplied",4001,"ok","bimodal",60,0.2
0.0283171506695894,0.00921735249854222,0.00921734956328275,0.00921703369539968,0.00921703369539968,0.00930310247336933,107.49477533093,0.00134159918455778,1,"supplied",4001,"ok","bimodal",60,0.2
0.0308890420989276,0.0109464755121143,0.0109464705737126,0.0109460237762081,0.0109460237762081,0.0110676270202689,90.3573751021415,0.00134219314481179,1,"supplied",4001,"ok","bimodal",60,0.2
0.033694524315753,0.0129953245113368,0.0129953162079225,0.0129946845571551,0.0129946845571551,0.0131664264963111,75.9545421130968,0.00134284054339712,1,"supplied",4001,"ok","bimodal",60,0.2
0.0367548130896647,0.0154211313366492,0.0154211173860416,0.0154202250147039,0.0154202250147039,0.0156626673875143,63.8498967457644,0.00134354611524565,1,"supplied",4001,"ok","bimodal",60,0.2
0.0400930511022114,0.0182906095346112,0.0182905861182929,0.0182893264796626,0.0182893264796626,0.0186313889958213,53.676699063357,0.00134431499619103,1,"supplied",4001,"ok","bimodal",60,0.2
0.0437344829577311,0.0216812167401145,0.0216811774809449,0.0216794012733061,0.0216794012733061,0.0221617095686029,45.126735115665,0.00134515275186299,1,"supplied",4001,"ok","bimodal",60,0.2
0.047706646089466,0.0256824570883734,0.0256823913602891,0.0256798899302679,0.0256798899302679,0.0263594320714216,37.9409768778385,0.00134606540718741,1,"supplied",4001,"ok","bimodal",60,0.2
0.0520395790046316,0.0303971631850198,0.0303970533304371,0.0303935360213842,0.0303935360213842,0.0313501178326484,31.9017327663495,0.00134705947598888,1,"supplied",4001,"ok","bimodal",60,0.2
0.0567660484432434,0.0359426663615883,0.0359424831347208,0.0359375466328963,0.0359375466328963,0.0372827062327698,26.8260508491313,0.00134814198999097,1,"supplied",4001,"ok","bimodal",60,0.2
0.0619217971685331,0.0424517243339351,0.0424514194858986,0.0424445067652648,0.0424445067652648,0.0443337692863642,22.5601748308774,0.0013493205262444,1,"supplied",4001,"ok","bimodal",60,0.2
0.0675458142628094,0.0500730266144678,0.050072520918069,0.0500628669465603,0.0500628669465603,0.0527125010841706,18.974884799695,0.0013506032316709,1,"supplied",4001,"ok","bimodal",60,0.2
0.0736806299728077,0.0589710412519929,0.058970205334846,0.0589567663813399,0.0589567663813399,0.0626665531424781,15.9615815347109,0.00135200730426824,1,"supplied",4001,"ok","bimodal",60,0.2
0.0803726373342267,0.0693249054110435,0.0693235294049199,0.0693048927457647,0.0693048927457647,0.0744888369895207,13.4289957084034,0.00135353633580041,1,"supplied",4001,"ok","bimodal",60,0.2
0.0876724430076553,0.0813260046586894,0.0813237507466979,0.0812980220713964,0.0812980220713964,0.0885254236770626,11.3004222553138,0.00135519905616135,1,"supplied",4001,"ok","bimodal",60,0.2
0.0956352499790037,0.0951738448213693,0.0951701741551823,0.0951348413690205,0.0951348413690205,0.105184674731888,9.51139609431922,0.00135700622734396,1,"supplied",4001,"ok","bimodal",60,0.2
0.104321275018513,0.111069815873749,0.111063878004001,0.111015652856935,0.111015652856935,0.12494773814315,8.00773876715106,0.00135897464009322,1,"supplied",4001,"ok","bimodal",60,0.2
0.113796204055278,0.129208506298139,0.129198975368091,0.129133618846003,0.129133618846003,0.148380533379873,6.74391679669832,0.0013611239301824,1,"supplied",4001,"ok","bimodal",60,0.2
0.124131688910938,0.149766379855574,0.149751217865224,0.14966336185203,0.14966336185203,0.176147327401772,5.68166201550842,0.00136345592015768,1,"supplied",4001,"ok","bimodal",60,0.2
0.135405889148965,0.172887903760296,0.172864028288928,0.172747014525883,0.172747014525883,0.209025964613861,4.78881205411611,0.00136599524007818,1,"supplied",4001,"ok","bimodal",60,0.2
0.147704063137145,0.198669632950656,0.198632466634709,0.198478233601288,0.198478233601288,0.247924752536456,4.03833585101753,0.00136875968695033,1,"supplied",4001,"ok","bimodal",60,0.2
0.161119212793033,0.227143294026554,0.227086178367385,0.226885235469225,0.226885235469225,0.293900916264235,3.40751465352906,0.00137176298786193,1,"supplied",4001,"ok","bimodal",60,0.2
0.175752786888082,0.258259510635887,0.258172980284859,0.257914513618026,0.257914513618026,0.348180413957569,2.87725369143441,0.00137502932234142,1,"supplied",4001,"ok","bimodal",60,0.2
0.191715448229048,0.291874346792634,0.291745284755908,0.291417435993156,0.291417435993156,0.41217875029753,2.43150366618244,0.00137858448102353,1,"supplied",4001,"ok","bimodal",60,0.2
0.209127910518255,0.327741142302211,0.327551872031568,0.327142218357329,0.327142218357329,0.487522237229555,2.05677452766957,0.00138244426604216,1,"supplied",4001,"ok","bimodal",60,0.2
0.228121851221297,0.36550998887563,0.365237402953554,0.364733640323058,0.364733640323058,0.576068941145213,1.7417268094993,0.00138663782131786,1,"supplied",4001,"ok","bimodal",60,0.2
0.248840907345503,0.404736515201798,0.404351384769206,0.403742181752601,0.403742181752601,0.679928343562022,1.47682814725751,0.0013911941981271,1,"supplied",4001,"ok","bimodal",60,0.2
0.271441761659491,0.444900416445594,0.444367059196512,0.443643011314247,0.443643011314247,0.801478562813565,1.2540645845803,0.00139614108661478,1,"supplied",4001,"ok","bimodal",60,0.2
0.296095327568091,0.485432566677703,0.484709061358559,0.483863645996016,0.483863645996016,0.943379886176462,1.06669793913022,0.00140150296197254,1,"supplied",4001,"ok","bimodal",60,0.2
0.322988041602956,0.525747951057512,0.524787062842879,0.523817481730062,0.523817481730062,1.1085834046049,0.909061905870732,0.0014073150736885,1,"supplied",4001,"ok","bimodal",60,0.2
0.352323273302997,0.565280479352746,0.564031399434267,0.562939203604403,0.562939203604403,1.30033378420895,0.776390760489181,0.00141359224294459,1,"supplied",4001,"ok","bimodal",60,0.2
0.384322863146529,0.603515341912282,0.601926250011098,0.600717668141996,0.600717668141996,1.52216568687195,0.664675525680764,0.00142036324767308,1,"supplied",4001,"ok","bimodal",60,0.2
0.419228800165354,0.64001506897622,0.638036409315997,0.636722335357508,0.636722335357508,1.77789405560963,0.570543303524163,0.00142761642144063,1,"supplied",4001,"ok","bimodal",60,0.2
0.457305051927326,0.674436703913392,0.672024936968909,0.670620566517351,0.670620566517351,2.07159932345069,0.491156176723261,0.00143532519212512,1,"supplied",4001,"ok","bimodal",60,0.2
0.498839560726195,0.706539137484416,0.703660607297565,0.70218473818915,0.70218473818915,2.40760942167168,0.424126651597242,0.00144343431378912,1,"supplied",4001,"ok","bimodal",60,0.2
0.544146421074412,0.73618124174666,0.732815701371391,0.731289733961101,0.731289733961101,2.7904810356196,0.367447064494403,0.00145180481992462,1,"supplied",4001,"ok","bimodal",60,0.2
0.593568254965675,0.763312639554612,0.759455930857703,0.757902624864477,0.757902624864477,3.22498268652049,0.319430712063853,0.00146023529461896,1,"supplied",4001,"ok","bimodal",60,0.2
0.647478802869525,0.787959574026503,0.783624991850262,0.782067066311456,0.782067066311456,3.71608182924981,0.278662717145735,0.00146843149285184,1,"supplied",4001,"ok","bimodal",60,0.2
0.706285750051772,0.810208410208192,0.805426416678655,0.803885116053892,0.803885116053892,4.26893737018038,0.243958844404032,0.00147599011331819,1,"supplied",4001,"ok","bimodal",60,0.2
0.770433809594098,0.830188945803991,0.82500513586578,0.823498915992367,0.823498915992367,4.88889813289612,0.214330681656015,0.00148242554792737,1,"supplied",4001,"ok","bimodal",60,0.2
0.840408085427414,0.848059119314336,0.842530634139834,0.84107412816761,0.84107412816761,5.58150719863736,0.188955844092637,0.00148717836177481,1,"supplied",4001,"ok","bimodal",60,0.2
0.916737740811086,0.863992060746772,0.858182930432442,0.856786324825381,0.856786324825381,6.35251195989479,0.167152148703829,0.00148970617010593,1,"supplied",4001,"ok","bimodal",60,0.2
1,0.878165862083008,0.872141955457223,0.870810843405642,0.870810843405642,7.2078801319325,0.148355015986151,0.00148950547543041,1,"supplied",4001,"ok","bimodal",60,0.2
1.09082451336109,0.890756021792231,0.884580337665843,0.88331604098672,0.88331604098672,8.15382263082839,0.132097633914739,0.00148621053562887,1,"supplied",4001,"ok","bimodal",60,0.2
1.18989811894946,0.901930256391955,0.895659200338638,0.894459484594479,0.894459484594479,9.19682486370819,0.117993623214103,0.00147965267639835,1,"supplied",4001,"ok","bimodal",60,0.2
1.29797003655233,0.911845251515481,0.9055263375782,0.90438640337877,0.90438640337877,10.3436884250837,0.10572206333932,0.00146989924265606,1,"supplied",4001,"ok","bimodal",60,0.2
1.41585753347947,0.920644905795883,0.914316053985907,0.91322967065591,0.91322967065591,11.6015854436238,0.0950147943416784,0.001457276101315,1,"supplied",4001,"ok","bimodal",60,0.2
1.54445210494638,0.928459661692507,0.922149980585661,0.92111062719286,0.92111062719286,12.9781279157757,0.0856459262092763,0.00144234909160184,1,"supplied",4001,"ok","bimodal",60,0.2
1.68472621578765,0.935406585023206,0.929138279509006,0.928140163383037,0.928140163383037,14.4814542683532,0.0774234748715502,0.00142588465636638,1,"supplied",4001,"ok","bimodal",60,0.2
1.83774065448323,0.94158992800614,0.935380797508807,0.934419631498988,0.934419631498988,16.120335001558,0.0701829951879422,0.00140876893563776,1,"supplied",4001,"ok","bimodal",60,0.2
2.00465255511057,0.947101977814662,0.940967908481686,0.940041355167585,0.940041355167585,17.9042984725653,0.063782986251414,0.00139194318830401,1,"supplied",4001,"ok","bimodal",60,0.2
2.18672414788655,0.952024049445916,0.945980978254484,0.945088721747429,0.945088721747429,19.8437766933391,0.0581017178482906,0.0013763170972053,1,"supplied",4001,"ok","bimodal",60,0.2
2.3853323044733,0.956427527095792,0.95049255516651,0.949636031628145,0.949636031628145,21.9502695933382,0.0530350225712329,0.00136261037853407,1,"supplied",4001,"ok","bimodal",60,0.2
2.60197895023158,0.96037489284046,0.95456649007594,0.953748367620569,0.953748367620569,24.2365248117508,0.0484945861504542,0.00135124159711506,1,"supplied",4001,"ok","bimodal",60,0.2
2.83830242216217,0.963920706554662,0.958258186557474,0.957481703847691,0.957481703847691,26.7167290294932,0.044406379757908,0.00134217500646924,1,"supplied",4001,"ok","bimodal",60,0.2
3.09608985842665,0.967112518247212,0.961615089047452,0.960883337220158,0.960883337220158,29.4067063424591,0.040709065569819,0.00133493523811136,1,"supplied",4001,"ok","bimodal",60,0.2
3.37729071314047,0.969991705067452,0.964677394686612,0.963992584791514,0.963992584791514,32.324119289276,0.0373523777843927,0.00132869718390597,1,"supplied",4001,"ok","bimodal",60,0.2
3.68403149864039,0.972594231795887,0.967478894637834,0.966841611472822,0.966841611472822,35.4886688288456,0.0342955745115958,0.00132248447011291,1,"supplied",4001,"ok","bimodal",60,0.2
4.01863186671133,0.974951337153201,0.970047844289567,0.96945622421513,0.96945622421513,38.9222907073379,0.0315060907568038,0.00131539125806444,1,"supplied",4001,"ok","bimodal",60,0.2
4.38362215038276,0.977090149907794,0.972407805870024,0.971856409988824,0.971856409988824,42.6493471574567,0.0289585886576592,0.00130680529302471,1,"supplied",4001,"ok","bimodal",60,0.2
4.78176249895018,0.979034239340396,0.974578452866714,0.974056148070133,0.974056148070133,46.6968146415396,0.0266348628682948,0.00129685146300806,1,"supplied",4001,"ok","bimodal",60,0.2
5.21606375092565,0.980804104637775,0.976576340435099,0.976061157669271,0.976061157669271,51.0944702567965,0.0245259655531135,0.00128649073023073,1,"supplied",4001,"ok","bimodal",60,0.2
5.6898102027639,0.982417607539144,0.978415630269753,0.977860017330854,0.977860017330854,55.8750812624784,0.0226412597680172,0.00127570907984463,1,"supplied",4001,"ok","bimodal",60,0.2
6.20658444554691,0.98389035224791,0.980108733104787,0.979390208211557,0.979390208211557,61.0746037026316,0.0210434938144604,0.00125987272090709,1,"supplied",4001,"ok","bimodal",60,0.2
6.77029445744823,0.98523601638694,0.981666816005069,0.980388403011128,0.980388403011128,66.7323970419083,0.0200039055221767,0.00121960970197366,1,"supplied",4001,"ok","bimodal",60,0.2
7.38520315685726,0.986466636696217,0.983100122988852,0.979562093297024,0.979562093297024,72.8914619782971,0.0208643299315369,0.00107818952184714,1,"supplied",4001,"ok","bimodal",60,0.2
8.05596063965163,0.987592853253838,0.984418079961867,0.968490812096685,0.968490812096685,79.5987081848108,0.0325343178373585,0.00134863512897676,1,"supplied",4001,"ok","bimodal",60,0.2
8.7876393444041,0.988624116185162,0.985629202306711,0.874296283764294,0.874296283764294,86.9052578486818,0.143777022240661,0.00239252525407353,1,"supplied",4001,"ok","bimodal",60,0.2
9.58577241145239,0.989568859014948,0.986740889856081,0.35162955065728,0.35162955065728,94.8667897819641,1.84390205012849,0.00265892201318853,1,"supplied",4001,"ok","bimodal",60,0.2
10.4563955259127,0.990434642921597,0.987759249155013,0.018448857198962,0.018448857198962,103.54392782239,53.2038994185647,0.00271445415168822,1,"supplied",4001,"ok","bimodal",60,0.2
11.4060925610648,0.991228276111734,0.988689079119108,0.000277434340150532,0.000277434340150532,113.002676410926,3603.45646150874,0.00283271014039608,1,"supplied",4001,"ok","bimodal",60,0.2
12.4420453672751,0.991955912332401,0.989534067831568,1.57097246132025e-06,1.57097246132025e-06,123.314905719875,636547.395736736,0.00315999864443166,1,"supplied",4001,"ok","bimodal",60,0.2
13.5720880829745,0.992623132198837,0.990297112344339,3.20813020908728e-09,3.20813020908728e-09,134.558888535635,311708045.377738,0.00378858764467571,1,"supplied",4001,"ok","bimodal",60,0.2
14.8047663784046,0.993235010582335,0.990980574282497,2.35197677763817e-12,2.35197677763817e-12,146.819891246052,425174265964.411,0.0046030930320614,1,"supplied",4001,"ok","bimodal",60,0.2
16.1494020801478,0.993796172824739,0.991586280466448,6.29829103202871e-16,6.29829103202871e-16,160.190821689509,1587732283114097,0.00552129569348145,1,"supplied",4001,"ok","bimodal",60,0.2
17.6161636651498,0.994310842068278,0.992115154042333,6.18654221205833e-20,6.18654221205833e-20,174.772937225757,16164118270313871360,0.00677387231379617,1,"supplied",4001,"ok","bimodal",60,0.2
19.2161431573264,0.994782879544641,0.992566462588877,2.18117033339224e-24,2.18117033339224e-24,190.676617121772,4.58469466914471e+23,0.00957698248589916,1,"supplied",4001,"ok","bimodal",60,0.2
20.9614400082677,0.995215819275951,0.992936767428866,2.6354131754312e-29,2.6354131754312e-29,208.022204151539,3.79447142984091e+28,0.0142430468323216,1,"supplied",4001,"ok","bimodal",60,0.2
22.8652525963663,0.995612898311596,0.993218772221172,1.02119993835269e-34,1.02119993835269e-34,226.940921142381,9.79240168789194e+33,0.0199255984699338,1,"supplied",4001,"ok","bimodal",60,0.2
24.9419780363097,0.995977083359362,0.993400446600143,1.16826737975992e-40,1.16826737975992e-40,247.575869034487,8.55968434388283e+39,0.0266327025018781,1,"supplied",4001,"ok","bimodal",60,0.2
27.2073210537206,0.996311094461694,0.993465101146296,3.5816152154141e-47,3.5816152154141e-47,270.083113843903,2.7920363854172e+46,0.0343666191926458,1,"supplied",4001,"ok","bimodal",60,0.2
29.6784127482837,0.996617426210045,0.993393436363766,2.63652748653525e-54,2.63652748653525e-54,294.632870735793,3.79286772130009e+53,0.0431223828028761,1,"supplied",4001,"ok","bimodal",60,0.2
32.3739401434763,0.99689836687272,0.993168257577784,4.12337112697353e-62,4.12337112697353e-62,321.410794237572,2.42520008315133e+61,0.0528903005013822,1,"supplied",4001,"ok","bimodal",60,0.2
35.3142875025886,0.997156015725608,0.992780051379305,1.19686103946989e-70,1.19686103946989e-70,350.619384468616,8.35518883999194e+69,0.0636616664605235,1,"supplied",4001,"ok","bimodal",60,0.2
38.5216904797049,0.997392298812731,0.992227493320897,5.55777558533739e-80,5.55777558533739e-80,382.479520154443,1.79928099766787e+79,0.0754348367585387,1,"supplied",4001,"ok","bimodal",60,0.2
42.0204042713707,0.997608983318309,0.991507468977162,3.50845304275016e-90,3.50845304275016e-90,417.232130146724,2.85025903956843e+89,0.0882190477702463,1,"supplied",4001,"ok","bimodal",60,0.2
45.8368870405543,0.997807690699174,0.990598674826914,2.51935046811721e-101,2.51935046811721e-101,455.14001620258,3.96927705237982e+100,0.102035068029818,1,"supplied",4001,"ok","bimodal",60,0.2
50,0.997989908702079,0.989451701276056,1.69344581663353e-113,1.69344581663353e-113,496.48984090136,5.90511955078635e+112,0.116913383310147,1,"supplied",4001,"ok","bimodal",60,0.2
0.02,0.00474942954437641,0.00474942918068263,0.00474935276920574,0.00474935276920574,0.00477209426989037,209.555005828138,0.00151886105882761,1,"supplied",4001,"wbar_undefined","heavy_tail",60,0.2
0.0218164902672218,0.00564600356931903,0.00564600295841403,0.00564589503396007,0.00564589503396007,0.00567806192722697,176.119835559287,0.00151880239380877,1,"supplied",4001,"wbar_undefined","heavy_tail",60,0.2
0.0237979623789893,0.00671061827674942,0.0067106172509946,0.00671046486032509,0.00671046486032509,0.00675595491125377,148.020972587517,0.00151873243043635,1,"supplied",4001,"wbar_undefined","heavy_tail",60,0.2
0.0259594007310465,0.0079742687346381,0.00797426701308218,0.00797405190424916,0.00797405190424916,0.00803836884802036,124.406758321591,0.0015186490136691,1,"supplied",4001,"wbar_undefined","heavy_tail",60,0.2
0.0283171506695894,0.0094734612471686,0.0094734583592969,0.00947315482956412,0.00947315482956412,0.00956406605631849,104.561454234778,0.00151854958027508,1,"supplied",4001,"wbar_undefined","heavy_tail",60,0.2
0.0308890420989276,0.0112511087147141,0.0112511038732044,0.0112506757523111,0.0112506757523111,0.0113791366178815,87.8835499320634,0.00151843108217041,1,"supplied",4001,"wbar_undefined","heavy_tail",60,0.2
0.033694524315753,0.0133575363579999,0.0133575282466832,0.0133569246738929,0.0133569246738929,0.0135383757036902,73.8675330897519,0.00151828989557856,1,"supplied",4001,"wbar_undefined","heavy_tail",60,0.2
0.0367548130896647,0.0158515961203792,0.0158515825414807,0.0158507320636537,0.0158507320636537,0.0161069164547648,62.0885687792955,0.00151812171347068,1,"supplied",4001,"wbar_undefined","heavy_tail",60,0.2
0.0400930511022114,0.0188018797388829,0.0188018570272851,0.0188006593660691,0.0188006593660691,0.0191621644504164,52.189623859936,0.00151792141832532,1,"supplied",4001,"wbar_undefined","heavy_tail",60,0.2
0.0437344829577311,0.0222880081326566,0.0222879701855232,0.0222862847788426,0.0222862847788426,0.0227960875166197,43.8706462258504,0.00151768293176631,1,"supplied",4001,"wbar_undefined","heavy_tail",60,0.2
0.047706646089466,0.0264019571522442,0.0264018938257267,0.0263995239222745,0.0263995239222745,0.0271179234040148,36.8794709686508,0.00151740039649936,1,"supplied",4001,"wbar_undefined","heavy_tail",60,0.2
0.0520395790046316,0.0312493554781269,0.0312492499467457,0.0312459205983954,0.0312459205983954,0.0322573777419782,31.0041778526235,0.00151706651019301,1,"supplied",4001,"wbar_undefined","heavy_tail",60,0.2
0.0567660484432434,0.0369506581737711,0.0369504825977428,0.0369458103269932,0.0369458103269932,0.038368395645961,26.0666684841768,0.00151666883153235,1,"supplied",4001,"wbar_undefined","heavy_tail",60,0.2
0.0619217971685331,0.0436420580157232,0.0436417664640801,0.0436352176552408,0.0436352176552408,0.0456336023363527,21.9172685215172,0.00151619534604226,1,"supplied",4001,"wbar_undefined","heavy_tail",60,0.2
0.0675458142628094,0.0514759459919217,0.0514754629458694,0.0514662970997539,0.0514662970997539,0.0542695209197966,18.4301913359293,0.00151563181964074,1,"supplied",4001,"wbar_undefined","heavy_tail",60,0.2
0.0736806299728077,0.0606206736604399,0.0606198754583684,0.060607068359768,0.060607068359768,0.0645326887240087,15.4997256436152,0.00151496140316416,1,"supplied",4001,"wbar_undefined","heavy_tail",60,0.2
0.0803726373342267,0.0712593075563597,0.0712579926826295,0.071240133296604,0.071240133296604,0.0767268066707264,13.0370315680988,0.00151416603687744,1,"supplied",4001,"wbar_undefined","heavy_tail",60,0.2
0.0876724430076553,0.0835870079323079,0.0835848498947641,0.0835600035420621,0.0835600035420621,0.0912110682146829,10.9674480326778,0.00151322490676832,1,"supplied",4001,"wbar_undefined","heavy_tail",60,0.2
0.0956352499790037,0.097806625047658,0.0978030985011162,0.0977686277897013,0.0977686277897013,0.108409824061083,9.22822987912834,0.0015121061790407,1,"supplied",4001,"wbar_undefined","heavy_tail",60,0.2
0.104321275018513,0.114122107212836,0.11411637375162,0.11406870824794,0.11406870824794,0.128823744380598,7.76664613249057,0.00151077718591386,1,"supplied",4001,"wbar_undefined","heavy_tail",60,0.2
0.113796204055278,0.132729383924019,0.132720118493668,0.132654464789001,0.132654464789001,0.153042639129826,6.53838177697671,0.00150920161243159,1,"supplied",4001,"wbar_undefined","heavy_tail",60,0.2
0.124131688910938,0.153804556714282,0.153789689106006,0.153699675535719,0.153699675535719,0.181760086200736,5.50619460655664,0.00150733893926415,1,"supplied",4001,"wbar_undefined","heavy_tail",60,0.2
0.135405889148965,0.177489528505896,0.177465867734614,0.177343123359765,0.177343123359765,0.215789992537704,4.6387864443515,0.0015051303543317,1,"supplied",4001,"wbar_undefined","heavy_tail",60,0.2
0.147704063137145,0.203875641905386,0.203838346242715,0.203672022366576,0.203672022366576,0.25608517040394,3.90985452189485,0.00150251609549728,1,"supplied",4001,"wbar_undefined","heavy_tail",60,0.2
0.161119212793033,0.232986457116582,0.232928312224448,0.232704566475278,0.232704566475278,0.303757944404372,3.29729426949701,0.00149943156343976,1,"supplied",4001,"wbar_undefined","heavy_tail",60,0.2
0.175752786888082,0.264761408680072,0.264671884947148,0.264373361153155,0.264373361153155,0.360102709250834,2.78252935786782,0.00149578511429096,1,"supplied",4001,"wbar_undefined","heavy_tail",60,0.2
0.191715448229048,0.299042604407447,0.29890668693995,0.298512035007442,0.298512035007442,0.426620228686869,2.34994868791494,0.00149148920093358,1,"supplied",4001,"wbar_undefined","heavy_tail",60,0.2
0.209127910518255,0.335567288656071,0.335364112763948,0.334847595957243,0.334847595957243,0.505043299233912,1.98643326717416,0.00148642854056739,1,"supplied",4001,"wbar_undefined","heavy_tail",60,0.2
0.228121851221297,0.37396829918415,0.373669679928801,0.373000905935538,0.373000905935538,0.597363198535778,1.68095863599007,0.00148048082166768,1,"supplied",4001,"wbar_undefined","heavy_tail",60,0.2
0.248840907345503,0.413784082673612,0.41335309169395,0.412496873763066,0.412496873763066,0.705856102578718,1.42426079712398,0.00147349822535619,1,"supplied",4001,"wbar_undefined","heavy_tail",60,0.2
0.271441761659491,0.454478524758183,0.453868326149075,0.452784630943134,0.452784630943134,0.833108402481725,1.20855552874451,0.00146532323283224,1,"supplied",4001,"wbar_undefined","heavy_tail",60,0.2
0.296095327568091,0.495469213654156,0.494622403125427,0.493266278507877,0.493266278507877,0.982039604050097,1.02730258193401,0.00145576383728968,1,"supplied",4001,"wbar_undefined","heavy_tail",60,0.2
0.322988041602956,0.536161173761073,0.535009853191941,0.533331162867701,0.533331162867701,1.15592128866955,0.875007630574291,0.00144461712245553,1,"supplied",4001,"wbar_undefined","heavy_tail",60,0.2
0.352323273302997,0.575982010161461,0.574448764412031,0.572391498137443,0.572391498137443,1.35839050220673,0.74705599795593,0.00143165090523857,1,"supplied",4001,"wbar_undefined","heavy_tail",60,0.2
0.384322863146529,0.614414122365082,0.612413954068664,0.609914835109758,0.609914835109758,1.59345597959587,0.639573170605111,0.00141660246456289,1,"supplied",4001,"wbar_undefined","heavy_tail",60,0.2
0.419228800165354,0.651020261324695,0.648463405028716,0.645449467376742,0.645449467376742,1.86549587032161,0.54930796374228,0.00139918284190031,1,"supplied",4001,"wbar_undefined","heavy_tail",60,0.2
0.457305051927326,0.685460027269736,0.682255437270424,0.678640157506207,0.678640157506207,2.17924615850831,0.47353496391179,0.00137906736197528,1,"supplied",4001,"wbar_undefined","heavy_tail",60,0.2
0.498839560726195,0.717496551481482,0.713555765299419,0.709233143330004,0.709233143330004,2.53977979824359,0.409973588240367,0.00135588604780839,1,"supplied",4001,"wbar_undefined","heavy_tail",60,0.2
0.544146421074412,0.746994144290384,0.742235180947603,0.737070768382734,0.737070768382734,2.95247768947979,0.356721827666807,0.00132920652617487,1,"supplied",4001,"wbar_undefined","heavy_tail",60,0.2
0.593568254965675,0.773908800386712,0.768259759548277,0.762076871541751,0.762076871541751,3.4229939144488,0.31220358121735,0.00129850856861429,1,"supplied",4001,"wbar_undefined","heavy_tail",60,0.2
0.647478802869525,0.79827399087552,0.791676064905156,0.784233996317823,0.784233996317823,3.95721897409335,0.275129622912616,0.00126310436547256,1,"supplied",4001,"wbar_undefined","heavy_tail",60,0.2
0.706285750051772,0.820184177728509,0.812593860193323,0.80355231271327,0.80355231271327,4.56124587573931,0.244474048769029,0.00122205708693825,1,"supplied",4001,"wbar_undefined","heavy_tail",60,0.2
0.770433809594098,0.839778113493441,0.831168474362558,0.820027469466854,0.820027469466854,5.24134456161869,0.219471343624814,0.00117398917942068,1,"supplied",4001,"wbar_undefined","heavy_tail",60,0.2
0.840408085427414,0.857223425912401,0.847584419935235,0.833579370152383,0.833579370152383,6.0039500974891,0.199645811552647,0.00111679906826057,1,"supplied",4001,"wbar_undefined","heavy_tail",60,0.2
0.916737740811086,0.872703396414036,0.862041271757124,0.843953595835393,0.843953595835393,6.85566913672365,0.184899270451171,0.00104727801929419,1,"supplied",4001,"wbar_undefined","heavy_tail",60,0.2
1,0.886406330788097,0.874742299416896,0.850546331271306,0.850546331271306,7.80330749889373,0.175714906094893,0.000960691732196071,1,"supplied",4001,"wbar_undefined","heavy_tail",60,0.2
1.09082451336109,0.898517539505417,0.885885941110464,0.852070966318232,0.852070966318232,8.85391953571501,0.173611165653213,0.000850897834459956,1,"supplied",4001,"wbar_undefined","heavy_tail",60,0.2
1.18989811894946,0.9092136997884,0.89565991767809,0.845902387000522,0.845902387000522,10.0148777697655,0.182169497766629,0.000916313546267622,1,"supplied",4001,"wbar_undefined","heavy_tail",60,0.2
1.29797003655233,0.918659241519365,0.904237601921274,0.826814510945086,0.826814510945086,11.2939596172818,0.209461114630118,0.00151357333392147,1,"supplied",4001,"wbar_undefined","heavy_tail",60,0.2
1.41585753347947,0.927004354238279,0.91177616878981,0.784866689925162,0.784866689925162,12.6994472692836,0.274101720504092,0.00236160886506695,1,"supplied",4001,"wbar_undefined","heavy_tail",60,0.2
1.54445210494638,0.934384223147724,0.91841604459312,0.703555344464983,0.703555344464983,14.2402371498451,0.421352290004204,0.00339079357818613,1,"supplied",4001,"wbar_undefined","heavy_tail",60,0.2
1.68472621578765,0.940919144219408,0.924281229049845,0.565265000768156,0.565265000768156,15.9259565858981,0.769081755709392,0.00445893186262029,1,"supplied",4001,"wbar_undefined","heavy_tail",60,0.2
1.83774065448323,0.94671522519046,0.929480154187542,0.377413619626836,0.377413619626836,17.7670869131827,1.6496129127209,0.00546281121433547,1,"supplied",4001,"wbar_undefined","heavy_tail",60,0.2
2.00465255511057,0.951865439546174,0.934106836591701,0.196599278277483,0.196599278277483,19.7750936244501,4.08648866242829,0.00639202752416447,1,"supplied",4001,"wbar_undefined","heavy_tail",60,0.2
2.18672414788655,0.956450857989272,0.938242150266561,0.0796559260025682,0.0796559260025682,21.9625649054961,11.5539937853181,0.0072894019381239,1,"supplied",4001,"wbar_undefined","heavy_tail",60,0.2
2.3853323044733,0.960541932686496,0.941955092004109,0.026197777135858,0.026197777135858,24.3433598775826,37.1711774557872,0.00820285451158469,1,"supplied",4001,"wbar_undefined","heavy_tail",60,0.2
2.60197895023158,0.964199751831424,0.945303947311016,0.00726679378904324,0.00726679378904324,26.9327672615897,136.612271523073,0.00916737698819791,1,"supplied",4001,"wbar_undefined","heavy_tail",60,0.2
2.83830242216217,0.967477215093381,0.948337318629747,0.00172589448340567,0.00172589448340567,29.7476743726359,578.409697183065,0.0102053887731164,1,"supplied",4001,"wbar_undefined","heavy_tail",60,0.2
3.09608985842665,0.970420104660915,0.951095056319956,0.000350398768253114,0.000350398768253114,32.8067457148392,2852.89131070701,0.0113314133472626,1,"supplied",4001,"wbar_undefined","heavy_tail",60,0.2
3.37729071314047,0.973068042930708,0.953609206241801,6.02136625240577e-05,6.02136625240577e-05,36.1306102050869,16606.5265659262,0.0125558470841751,1,"supplied",4001,"wbar_undefined","heavy_tail",60,0.2
3.68403149864039,0.975455338002973,0.955905101399126,8.63990417821134e-06,8.63990417821134e-06,39.7420562614034,115741.024375903,0.0138871999391648,1,"supplied",4001,"wbar_undefined","heavy_tail",60,0.2
4.01863186671133,0.977611723711962,0.958002647764443,1.01915191975934e-06,1.01915191975934e-06,43.666234556624,981206.983434046,0.0153333512147774,1,"supplied",4001,"wbar_undefined","heavy_tail",60,0.2
4.38362215038276,0.979563003474252,0.959917718719919,9.71549169583076e-08,9.71549169583076e-08,47.9308690119969,10292838.8408197,0.0169023180434401,1,"supplied",4001,"wbar_undefined","heavy_tail",60,0.2
4.78176249895018,0.981331607980804,0.961663462660882,7.34722857359314e-09,7.34722857359314e-09,52.5664774433573,136105741.455615,0.0186027994405587,1,"supplied",4001,"wbar_undefined","heavy_tail",60,0.2
5.21606375092565,0.982937076530534,0.963251317184942,4.31971180299846e-10,4.31971180299846e-10,57.6066040669707,2314969250.66597,0.0204446089718519,1,"supplied",4001,"wbar_undefined","heavy_tail",60,0.2
5.6898102027639,0.984396471127592,0.964691616915411,1.93160194532801e-11,1.93160194532801e-11,63.0880667557418,51770500770.068,0.0224390455428609,1,"supplied",4001,"wbar_undefined","heavy_tail",60,0.2
6.20658444554691,0.985724731636343,0.965993821699351,6.4134352845959e-13,6.4134352845959e-13,69.0512224726987,1559226772586.62,0.0245992241635032,1,"supplied",4001,"wbar_undefined","heavy_tail",60,0.2
6.77029445744823,0.986934979454265,0.967166503417482,1.54013172472497e-14,1.54013172472497e-14,75.5402546822958,64929511154544.8,0.0269403652609416,1,"supplied",4001,"wbar_undefined","heavy_tail",60,0.2
7.38520315685726,0.988038776385597,0.968217266466585,2.59885832616503e-16,2.59885832616503e-16,82.6034867532981,3847843454689725,0.0294800155186085,1,"supplied",4001,"wbar_undefined","heavy_tail",60,0.2
8.05596063965163,0.989046344694685,0.969152731587889,2.98520594050132e-18,2.98520594050132e-18,90.2937254392895,334985263975477888,0.0322381536648356,1,"supplied",4001,"wbar_undefined","heavy_tail",60,0.2
8.7876393444041,0.989966753683574,0.969978614162189,2.25398168364191e-20,2.25398168364191e-20,98.6686384906969,44365932840422793216,0.0352371347454266,1,"supplied",4001,"wbar_undefined","heavy_tail",60,0.2
9.58577241145239,0.990808077561415,0.970699836946395,1.07646368633242e-22,1.07646368633242e-22,107.791170365219,9.2896770480671e+21,0.0385014551666182,1,"supplied",4001,"wbar_undefined","heavy_tail",60,0.2
10.4563955259127,0.991577528841055,0.971320592410307,3.11708297563422e-25,3.11708297563422e-25,117.729999916707,3.20812762386132e+24,0.0420573731038816,1,"supplied",4001,"wbar_undefined","heavy_tail",60,0.2
11.4060925610648,0.992281571000988,0.971844311545247,5.22439190644089e-28,5.22439190644089e-28,128.560043906345,1.91409836380603e+27,0.0459324730291052,1,"supplied",4001,"wbar_undefined","heavy_tail",60,0.2
12.4420453672751,0.992926013683791,0.97227353738792,4.81711136267952e-31,4.81711136267952e-31,140.363010232113,2.07593290814799e+30,0.0501552906804001,1,"supplied",4001,"wbar_undefined","heavy_tail",60,0.2
13.5720880829745,0.993516093264433,0.972609684327442,2.31145060434804e-34,2.31145060434804e-34,153.228004933295,4.32628756210024e+33,0.0547550986923156,1,"supplied",4001,"wbar_undefined","heavy_tail",60,0.2
14.8047663784046,0.994056541215829,0.97285260929449,5.43288843438759e-38,5.43288843438759e-38,167.2521973002,1.84064151523981e+37,0.0597618998588738,1,"supplied",4001,"wbar_undefined","heavy_tail",60,0.2
16.1494020801478,0.994551642328365,0.972999897496336,5.85576419900673e-42,5.85576419900673e-42,182.541547796351,1.70771903720034e+41,0.0652066103578326,1,"supplied",4001,"wbar_undefined","heavy_tail",60,0.2
17.6161636651498,0.995005284508052,0.973045814847766,2.69383708437256e-46,2.69383708437256e-46,199.211603966655,3.71217697536789e+45,0.071121366772427,1,"supplied",4001,"wbar_undefined","heavy_tail",60,0.2
19.2161431573264,0.995421001586319,0.972980016340602,4.89186925234428e-51,4.89186925234428e-51,217.388370044489,2.04420835557038e+50,0.0775398721700718,1,"supplied",4001,"wbar_undefined","heavy_tail",60,0.2
20.9614400082677,0.995802010323213,0.972786395244388,3.22090792545809e-56,3.22090792545809e-56,237.209256570945,3.10471464302344e+55,0.0844977047938153,1,"supplied",4001,"wbar_undefined","heavy_tail",60,0.2
22.8652525963663,0.996151242572959,0.97244306524297,7.009527953934e-62,7.009527953934e-62,258.824116992673,1.42662959128191e+61,0.0920325359564327,1,"supplied",4001,"wbar_undefined","heavy_tail",60,0.2
24.9419780363097,0.996471373403387,0.971925346296649,4.55853203240567e-68,4.55853203240567e-68,282.39637890839,2.19368865435453e+67,0.100184229574734,1,"supplied",4001,"wbar_undefined","heavy_tail",60,0.2
27.2073210537206,0.996764845814458,0.971213728266766,7.93736810025029e-75,7.93736810025029e-75,308.104278389254,1.25986345520307e+74,0.1089948172092,1,"supplied",4001,"wbar_undefined","heavy_tail",60,0.2
29.6784127482837,0.997033892581839,0.97030569398188,3.28270914034795e-82,3.28270914034795e-82,336.142206609678,3.04626440310824e+81,0.118508356598112,1,"supplied",4001,"wbar_undefined","heavy_tail",60,0.2
32.3739401434763,0.997280555654832,0.969223940437568,2.82995158871127e-90,2.82995158871127e-90,366.722178899039,3.53362935249147e+89,0.128770688024736,1,"supplied",4001,"wbar_undefined","heavy_tail",60,0.2
35.3142875025886,0.997506703460054,0.968011846253146,4.41025846122084e-99,4.41025846122084e-99,400.075437268899,2.26744080600478e+98,0.139829102187436,1,"supplied",4001,"wbar_undefined","heavy_tail",60,0.2
38.5216904797049,0.997714046399727,0.96671632615263,1.06371187978127e-108,1.06371187978127e-108,436.45419849314,9.40104194573468e+107,0.151731927316092,1,"supplied",4001,"wbar_undefined","heavy_tail",60,0.2
42.0204042713707,0.997904150783162,0.965368616294448,3.35174527284639e-119,3.35174527284639e-119,476.133560928908,2.98352028151225e+118,0.16452803472316,1,"supplied",4001,"wbar_undefined","heavy_tail",60,0.2
45.8368870405543,0.998078451389751,0.963973353762819,1.14692380160434e-130,1.14692380160434e-130,519.413584473734,8.71897504089792e+129,0.178266253652874,1,"supplied",4001,"wbar_undefined","heavy_tail",60,0.2
50,0.998238262829354,0.962507421077464,3.48380496160826e-143,3.48380496160826e-143,566.621559368747,2.8704247540263e+142,0.192994680352317,1,"supplied",4001,"wbar_undefined","heavy_tail",60,0.2
