"panel","key","item","beta","theta","icc","iif"
"5 items, lambda = 1","i05_l1",1,-1.5,-4,0.0758581800212435,0.0701037165451081
"5 items, lambda = 1","i05_l1",1,-1.5,-3.98,0.0772722021366599,0.0713012089136111
"5 items, lambda = 1","i05_l1",1,-1.5,-3.96,0.0787103371705352,0.0725150199930359
"5 items, lambda = 1","i05_l1",1,-1.5,-3.94,0.0801729121728123,0.0737452163265429
"5 items, lambda = 1","i05_l1",1,-1.5,-3.92,0.0816602554615947,0.0749918581395418
"5 items, lambda = 1","i05_l1",1,-1.5,-3.9,0.0831726964939224,0.0762549990518522
"5 items, lambda = 1","i05_l1",1,-1.5,-3.88,0.0847105657307358,0.0775346857843145
"5 items, lambda = 1","i05_l1",1,-1.5,-3.86,0.0862741944959167,0.0788309578599974
"5 items, lambda = 1","i05_l1",1,-1.5,-3.84,0.0878639148293013,0.0801438473001705
"5 items, lambda = 1","i05_l1",1,-1.5,-3.82,0.0894800593335614,0.0814733783152238
"5 items, lambda = 1","i05_l1",1,-1.5,-3.8,0.0911229610148562,0.0828195669907412
"5 items, lambda = 1","i05_l1",1,-1.5,-3.78,0.092792953117157,0.0841824209689541
"5 items, lambda = 1","i05_l1",1,-1.5,-3.76,0.0944903689501593,0.0855619391258221
"5 items, lambda = 1","i05_l1",1,-1.5,-3.74,0.0962155417106928,0.0869581112440108
"5 items, lambda = 1","i05_l1",1,-1.5,-3.72,0.097968804297554,0.0883709176820615
"5 items, lambda = 1","i05_l1",1,-1.5,-3.7,0.0997504891196851,0.0898003290400687
"5 items, lambda = 1","i05_l1",1,-1.5,-3.68,0.101560927897637,0.0912463058222077
"5 items, lambda = 1","i05_l1",1,-1.5,-3.66,0.10340045145825,0.0927087980964797
"5 items, lambda = 1","i05_l1",1,-1.5,-3.64,0.10526938952251,0.0941877451520679
"5 items, lambda = 1","i05_l1",1,-1.5,-3.62,0.107168070486528,0.0956830751547227
"5 items, lambda = 1","i05_l1",1,-1.5,-3.6,0.109096821195613,0.0971947048006254
"5 items, lambda = 1","i05_l1",1,-1.5,-3.58,0.111055966711408,0.0987225389692023
"5 items, lambda = 1","i05_l1",1,-1.5,-3.56,0.113045830072079,0.100266470375394
"5 items, lambda = 1","i05_l1",1,-1.5,-3.54,0.11506673204555,0.101826379221907
"5 items, lambda = 1","i05_l1",1,-1.5,-3.52,0.117118990875781,0.103402132852019
"5 items, lambda = 1","i05_l1",1,-1.5,-3.5,0.119202922022118,0.104993585403507
"5 items, lambda = 1","i05_l1",1,-1.5,-3.48,0.121318837891737,0.106600577464335
"5 items, lambda = 1","i05_l1",1,-1.5,-3.46,0.123467047565224,0.108222935730751
"5 items, lambda = 1","i05_l1",1,-1.5,-3.44,0.125647856515346,0.109860472668445
"5 items, lambda = 1","i05_l1",1,-1.5,-3.42,0.127861566319081,0.111512986177512
"5 items, lambda = 1","i05_l1",1,-1.5,-3.4,0.130108474362998,0.113180259261931
"5 items, lambda = 1","i05_l1",1,-1.5,-3.38,0.132388873542065,0.114862059704328
"5 items, lambda = 1","i05_l1",1,-1.5,-3.36,0.134703051952028,0.116558139746837
"5 items, lambda = 1","i05_l1",1,-1.5,-3.34,0.13705129257546,0.118268235778855
"5 items, lambda = 1","i05_l1",1,-1.5,-3.32,0.13943387296165,0.119992068032565
"5 items, lambda = 1","i05_l1",1,-1.5,-3.3,0.141851064900488,0.121729340287085
"5 items, lambda = 1","i05_l1",1,-1.5,-3.28,0.144303134090519,0.123479739582172
"5 items, lambda = 1","i05_l1",1,-1.5,-3.26,0.146790339801382,0.125242935942377
"5 items, lambda = 1","i05_l1",1,-1.5,-3.24,0.149312934530844,0.127018582112632
"5 items, lambda = 1","i05_l1",1,-1.5,-3.22,0.151871163656659,0.128806313306232
"5 items, lambda = 1","i05_l1",1,-1.5,-3.2,0.154465265083535,0.130605746966208
"5 items, lambda = 1","i05_l1",1,-1.5,-3.18,0.157095468885453,0.132416482541112
"5 items, lambda = 1","i05_l1",1,-1.5,-3.16,0.159761996943669,0.13423810127624
"5 items, lambda = 1","i05_l1",1,-1.5,-3.14,0.162465062580696,0.136070166021347
"5 items, lambda = 1","i05_l1",1,-1.5,-3.12,0.165204870190615,0.137912221055917
"5 items, lambda = 1","i05_l1",1,-1.5,-3.1,0.167981614866076,0.139763791933061
"5 items, lambda = 1","i05_l1",1,-1.5,-3.08,0.170795482022374,0.141624385343119
"5 items, lambda = 1","i05_l1",1,-1.5,-3.06,0.173646647019005,0.143493488998062
"5 items, lambda = 1","i05_l1",1,-1.5,-3.04,0.176535274779117,0.145370571537778
"5 items, lambda = 1","i05_l1",1,-1.5,-3.02,0.179461519407327,0.14725508245934
"5 items, lambda = 1","i05_l1",1,-1.5,-3,0.182425523806356,0.149146452070333
"5 items, lambda = 1","i05_l1",1,-1.5,-2.98,0.185427419292982,0.151044091467327
"5 items, lambda = 1","i05_l1",1,-1.5,-2.96,0.188467325213819,0.152947392540568
"5 items, lambda = 1","i05_l1",1,-1.5,-2.94,0.191545348561468,0.154855728005933
"5 items, lambda = 1","i05_l1",1,-1.5,-2.92,0.194661583591578,0.156768451465197
"5 items, lambda = 1","i05_l1",1,-1.5,-2.9,0.197816111441418,0.158684897495615
"5 items, lambda = 1","i05_l1",1,-1.5,-2.88,0.201008999750529,0.160604381769821
"5 items, lambda = 1","i05_l1",1,-1.5,-2.86,0.204240302284092,0.162526201206995
"5 items, lambda = 1","i05_l1",1,-1.5,-2.84,0.207510058559636,0.164449634156212
"5 items, lambda = 1","i05_l1",1,-1.5,-2.82,0.210818293477747,0.166373940612878
"5 items, lambda = 1","i05_l1",1,-1.5,-2.8,0.214165016957441,0.16829836246906
"5 items, lambda = 1","i05_l1",1,-1.5,-2.78,0.217550223576887,0.170222123798534
"5 items, lambda = 1","i05_l1",1,-1.5,-2.76,0.220973892220188,0.172144431177249
"5 items, lambda = 1","i05_l1",1,-1.5,-2.74,0.224435985730927,0.174064474039914
"5 items, lambda = 1","i05_l1",1,-1.5,-2.72,0.227936450573216,0.1759814250733
"5 items, lambda = 1","i05_l1",1,-1.5,-2.7,0.231475216500982,0.177894440646806
"5 items, lambda = 1","i05_l1",1,-1.5,-2.68,0.235052196236235,0.179802661280758
"5 items, lambda = 1","i05_l1",1,-1.5,-2.66,0.23866728515709,0.181705212152834
"5 items, lambda = 1","i05_l1",1,-1.5,-2.64,0.242320360996295,0.18360120364292
"5 items, lambda = 1","i05_l1",1,-1.5,-2.62,0.246011283551052,0.185489731916616
"5 items, lambda = 1","i05_l1",1,-1.5,-2.6,0.249739894404882,0.187369879547521
"5 items, lambda = 1","i05_l1",1,-1.5,-2.58,0.253506016662338,0.189240716178332
"5 items, lambda = 1","i05_l1",1,-1.5,-2.56,0.257309454697314,0.191101299220685
"5 items, lambda = 1","i05_l1",1,-1.5,-2.54,0.261149993915751,0.192950674593554
"5 items, lambda = 1","i05_l1",1,-1.5,-2.52,0.265027400533481,0.194787877499947
"5 items, lambda = 1","i05_l1",1,-1.5,-2.5,0.268941421369995,0.196611933241482
"5 items, lambda = 1","i05_l1",1,-1.5,-2.48,0.27289178365887,0.198421858070351
"5 items, lambda = 1","i05_l1",1,-1.5,-2.46,0.27687819487561,0.200216660078034
"5 items, lambda = 1","i05_l1",1,-1.5,-2.44,0.280900342583616,0.201995340120023
"5 items, lambda = 1","i05_l1",1,-1.5,-2.42,0.28495789429901,0.203756892775684
"5 items, lambda = 1","i05_l1",1,-1.5,-2.4,0.289050497374996,0.205500307342263
"5 items, lambda = 1","i05_l1",1,-1.5,-2.38,0.293177778906432,0.207224568861923
"5 items, lambda = 1","i05_l1",1,-1.5,-2.36,0.297339345655269,0.208928659180565
"5 items, lambda = 1","i05_l1",1,-1.5,-2.34,0.301534783997461,0.210611558037066
"5 items, lambda = 1","i05_l1",1,-1.5,-2.32,0.305763659891969,0.212272244181437
"5 items, lambda = 1","i05_l1",1,-1.5,-2.3,0.310025518872388,0.213909696520294
"5 items, lambda = 1","i05_l1",1,-1.5,-2.28,0.314319886061746,0.215522895287877
"5 items, lambda = 1","i05_l1",1,-1.5,-2.26,0.318646266210975,0.217110823240779
"5 items, lambda = 1","i05_l1",1,-1.5,-2.24,0.323004143761477,0.218672466874392
"5 items, lambda = 1","i05_l1",1,-1.5,-2.22,0.32739298293224,0.22020681765897
"5 items, lambda = 1","i05_l1",1,-1.5,-2.2,0.331812227831834,0.221712873293109
"5 items, lambda = 1","i05_l1",1,-1.5,-2.18,0.336261302595647,0.223189638972326
"5 items, lambda = 1","i05_l1",1,-1.5,-2.16,0.340739611548615,0.224636128670314
"5 items, lambda = 1","i05_l1",1,-1.5,-2.14,0.345246539393681,0.226051366430368
"5 items, lambda = 1","i05_l1",1,-1.5,-2.12,0.349781451426173,0.227434387664373
"5 items, lambda = 1","i05_l1",1,-1.5,-2.1,0.354343693774205,0.228784240456657
"5 items, lambda = 1","i05_l1",1,-1.5,-2.08,0.358932593665183,0.230099986869968
"5 items, lambda = 1","i05_l1",1,-1.5,-2.06,0.363547459718434,0.231380704250708
"5 items, lambda = 1","i05_l1",1,-1.5,-2.04,0.368187582263898,0.232625486530563
"5 items, lambda = 1","i05_l1",1,-1.5,-2.02,0.372852233686804,0.233833445521565
"5 items, lambda = 1","i05_l1",1,-1.5,-2,0.377540668798145,0.235003712201594
"5 items, lambda = 1","i05_l1",1,-1.5,-1.98,0.382252125230751,0.236135437987325
"5 items, lambda = 1","i05_l1",1,-1.5,-1.96,0.386985823860665,0.237227795991547
"5 items, lambda = 1","i05_l1",1,-1.5,-1.94,0.391740969253486,0.238279982261825
"5 items, lambda = 1","i05_l1",1,-1.5,-1.92,0.396516750135274,0.239291216997435
"5 items, lambda = 1","i05_l1",1,-1.5,-1.9,0.401312339887548,0.240260745741529
"5 items, lambda = 1","i05_l1",1,-1.5,-1.88,0.406126897065857,0.241187840545516
"5 items, lambda = 1","i05_l1",1,-1.5,-1.86,0.410959565941335,0.242071801102645
"5 items, lambda = 1","i05_l1",1,-1.5,-1.84,0.415809477064593,0.242911955847863
"5 items, lambda = 1","i05_l1",1,-1.5,-1.82,0.420675747851251,0.243707663021042
"5 items, lambda = 1","i05_l1",1,-1.5,-1.8,0.425557483188341,0.244458311690746
"5 items, lambda = 1","i05_l1",1,-1.5,-1.78,0.430453776060771,0.245163322735795
"5 items, lambda = 1","i05_l1",1,-1.5,-1.76,0.435363708196971,0.245822149781954
"5 items, lambda = 1","i05_l1",1,-1.5,-1.74,0.440286350732807,0.246434280091195
"5 items, lambda = 1","i05_l1",1,-1.5,-1.72,0.445220764892785,0.246999235401069
"5 items, lambda = 1","i05_l1",1,-1.5,-1.7,0.450166002687522,0.24751657271186
"5 items, lambda = 1","i05_l1",1,-1.5,-1.68,0.45512110762642,0.247985885019321
"5 items, lambda = 1","i05_l1",1,-1.5,-1.66,0.460085115444434,0.248406801990916
"5 items, lambda = 1","i05_l1",1,-1.5,-1.64,0.465057054841785,0.24877899058367
"5 items, lambda = 1","i05_l1",1,-1.5,-1.62,0.470035948235428,0.24910215560185
"5 items, lambda = 1","i05_l1",1,-1.5,-1.6,0.47502081252106,0.249376040192892
"5 items, lambda = 1","i05_l1",1,-1.5,-1.58,0.480010659844418,0.249600426280144
"5 items, lambda = 1","i05_l1",1,-1.5,-1.56,0.48500449838059,0.249775134931182
"5 items, lambda = 1","i05_l1",1,-1.5,-1.54,0.490001333120035,0.249900026660623
"5 items, lambda = 1","i05_l1",1,-1.5,-1.52,0.49500016666,0.249975001666572
"5 items, lambda = 1","i05_l1",1,-1.5,-1.5,0.5,0.25
"5 items, lambda = 1","i05_l1",1,-1.5,-1.48,0.50499983334,0.249975001666572
"5 items, lambda = 1","i05_l1",1,-1.5,-1.46,0.509998666879966,0.249900026660623
"5 items, lambda = 1","i05_l1",1,-1.5,-1.44,0.51499550161941,0.249775134931182
"5 items, lambda = 1","i05_l1",1,-1.5,-1.42,0.519989340155582,0.249600426280144
"5 items, lambda = 1","i05_l1",1,-1.5,-1.4,0.52497918747894,0.249376040192892
"5 items, lambda = 1","i05_l1",1,-1.5,-1.38,0.529964051764572,0.24910215560185
"5 items, lambda = 1","i05_l1",1,-1.5,-1.36,0.534942945158215,0.24877899058367
"5 items, lambda = 1","i05_l1",1,-1.5,-1.34,0.539914884555566,0.248406801990916
"5 items, lambda = 1","i05_l1",1,-1.5,-1.32,0.54487889237358,0.247985885019321
"5 items, lambda = 1","i05_l1",1,-1.5,-1.3,0.549833997312478,0.24751657271186
"5 items, lambda = 1","i05_l1",1,-1.5,-1.28,0.554779235107215,0.246999235401068
"5 items, lambda = 1","i05_l1",1,-1.5,-1.26,0.559713649267193,0.246434280091195
"5 items, lambda = 1","i05_l1",1,-1.5,-1.24,0.564636291803029,0.245822149781954
"5 items, lambda = 1","i05_l1",1,-1.5,-1.22,0.569546223939229,0.245163322735795
"5 items, lambda = 1","i05_l1",1,-1.5,-1.2,0.574442516811659,0.244458311690746
"5 items, lambda = 1","i05_l1",1,-1.5,-1.18,0.579324252148749,0.243707663021042
"5 items, lambda = 1","i05_l1",1,-1.5,-1.16,0.584190522935407,0.242911955847863
"5 items, lambda = 1","i05_l1",1,-1.5,-1.14,0.589040434058665,0.242071801102645
"5 items, lambda = 1","i05_l1",1,-1.5,-1.12,0.593873102934143,0.241187840545516
"5 items, lambda = 1","i05_l1",1,-1.5,-1.1,0.598687660112452,0.240260745741529
"5 items, lambda = 1","i05_l1",1,-1.5,-1.08,0.603483249864726,0.239291216997435
"5 items, lambda = 1","i05_l1",1,-1.5,-1.06,0.608259030746514,0.238279982261825
"5 items, lambda = 1","i05_l1",1,-1.5,-1.04,0.613014176139336,0.237227795991547
"5 items, lambda = 1","i05_l1",1,-1.5,-1.02,0.617747874769249,0.236135437987325
"5 items, lambda = 1","i05_l1",1,-1.5,-1,0.622459331201855,0.235003712201594
"5 items, lambda = 1","i05_l1",1,-1.5,-0.98,0.627147766313196,0.233833445521565
"5 items, lambda = 1","i05_l1",1,-1.5,-0.96,0.631812417736102,0.232625486530563
"5 items, lambda = 1","i05_l1",1,-1.5,-0.94,0.636452540281566,0.231380704250708
"5 items, lambda = 1","i05_l1",1,-1.5,-0.92,0.641067406334817,0.230099986869968
"5 items, lambda = 1","i05_l1",1,-1.5,-0.9,0.645656306225795,0.228784240456657
"5 items, lambda = 1","i05_l1",1,-1.5,-0.88,0.650218548573827,0.227434387664373
"5 items, lambda = 1","i05_l1",1,-1.5,-0.86,0.654753460606319,0.226051366430368
"5 items, lambda = 1","i05_l1",1,-1.5,-0.84,0.659260388451385,0.224636128670314
"5 items, lambda = 1","i05_l1",1,-1.5,-0.82,0.663738697404353,0.223189638972326
"5 items, lambda = 1","i05_l1",1,-1.5,-0.8,0.668187772168166,0.221712873293109
"5 items, lambda = 1","i05_l1",1,-1.5,-0.78,0.67260701706776,0.22020681765897
"5 items, lambda = 1","i05_l1",1,-1.5,-0.76,0.676995856238523,0.218672466874392
"5 items, lambda = 1","i05_l1",1,-1.5,-0.74,0.681353733789026,0.217110823240779
"5 items, lambda = 1","i05_l1",1,-1.5,-0.72,0.685680113938254,0.215522895287877
"5 items, lambda = 1","i05_l1",1,-1.5,-0.7,0.689974481127613,0.213909696520294
"5 items, lambda = 1","i05_l1",1,-1.5,-0.68,0.694236340108031,0.212272244181437
"5 items, lambda = 1","i05_l1",1,-1.5,-0.66,0.698465216002539,0.210611558037066
"5 items, lambda = 1","i05_l1",1,-1.5,-0.64,0.702660654344731,0.208928659180565
"5 items, lambda = 1","i05_l1",1,-1.5,-0.62,0.706822221093568,0.207224568861923
"5 items, lambda = 1","i05_l1",1,-1.5,-0.6,0.710949502625004,0.205500307342263
"5 items, lambda = 1","i05_l1",1,-1.5,-0.58,0.71504210570099,0.203756892775684
"5 items, lambda = 1","i05_l1",1,-1.5,-0.56,0.719099657416384,0.201995340120023
"5 items, lambda = 1","i05_l1",1,-1.5,-0.54,0.72312180512439,0.200216660078034
"5 items, lambda = 1","i05_l1",1,-1.5,-0.52,0.72710821634113,0.198421858070351
"5 items, lambda = 1","i05_l1",1,-1.5,-0.5,0.731058578630005,0.196611933241482
"5 items, lambda = 1","i05_l1",1,-1.5,-0.48,0.734972599466519,0.194787877499947
"5 items, lambda = 1","i05_l1",1,-1.5,-0.46,0.738850006084249,0.192950674593554
"5 items, lambda = 1","i05_l1",1,-1.5,-0.44,0.742690545302686,0.191101299220685
"5 items, lambda = 1","i05_l1",1,-1.5,-0.42,0.746493983337662,0.189240716178332
"5 items, lambda = 1","i05_l1",1,-1.5,-0.4,0.750260105595118,0.187369879547521
"5 items, lambda = 1","i05_l1",1,-1.5,-0.38,0.753988716448948,0.185489731916616
"5 items, lambda = 1","i05_l1",1,-1.5,-0.36,0.757679639003705,0.18360120364292
"5 items, lambda = 1","i05_l1",1,-1.5,-0.34,0.76133271484291,0.181705212152834
"5 items, lambda = 1","i05_l1",1,-1.5,-0.32,0.764947803763765,0.179802661280758
"5 items, lambda = 1","i05_l1",1,-1.5,-0.3,0.768524783499018,0.177894440646806
"5 items, lambda = 1","i05_l1",1,-1.5,-0.28,0.772063549426784,0.1759814250733
"5 items, lambda = 1","i05_l1",1,-1.5,-0.26,0.775564014269074,0.174064474039914
"5 items, lambda = 1","i05_l1",1,-1.5,-0.24,0.779026107779812,0.172144431177249
"5 items, lambda = 1","i05_l1",1,-1.5,-0.22,0.782449776423112,0.170222123798534
"5 items, lambda = 1","i05_l1",1,-1.5,-0.2,0.785834983042559,0.16829836246906
"5 items, lambda = 1","i05_l1",1,-1.5,-0.18,0.789181706522253,0.166373940612878
"5 items, lambda = 1","i05_l1",1,-1.5,-0.16,0.792489941440364,0.164449634156212
"5 items, lambda = 1","i05_l1",1,-1.5,-0.14,0.795759697715908,0.162526201206995
"5 items, lambda = 1","i05_l1",1,-1.5,-0.12,0.798991000249471,0.160604381769821
"5 items, lambda = 1","i05_l1",1,-1.5,-0.1,0.802183888558582,0.158684897495615
"5 items, lambda = 1","i05_l1",1,-1.5,-0.0800000000000001,0.805338416408422,0.156768451465197
"5 items, lambda = 1","i05_l1",1,-1.5,-0.06,0.808454651438533,0.154855728005933
"5 items, lambda = 1","i05_l1",1,-1.5,-0.04,0.81153267478618,0.152947392540568
"5 items, lambda = 1","i05_l1",1,-1.5,-0.02,0.814572580707018,0.151044091467327
"5 items, lambda = 1","i05_l1",1,-1.5,0,0.817574476193644,0.149146452070333
"5 items, lambda = 1","i05_l1",1,-1.5,0.0200000000000005,0.820538480592673,0.14725508245934
"5 items, lambda = 1","i05_l1",1,-1.5,0.04,0.823464725220883,0.145370571537778
"5 items, lambda = 1","i05_l1",1,-1.5,0.0600000000000005,0.826353352980995,0.143493488998062
"5 items, lambda = 1","i05_l1",1,-1.5,0.0800000000000001,0.829204517977626,0.141624385343119
"5 items, lambda = 1","i05_l1",1,-1.5,0.0999999999999996,0.832018385133924,0.139763791933061
"5 items, lambda = 1","i05_l1",1,-1.5,0.12,0.834795129809385,0.137912221055917
"5 items, lambda = 1","i05_l1",1,-1.5,0.14,0.837534937419304,0.136070166021347
"5 items, lambda = 1","i05_l1",1,-1.5,0.16,0.840238003056331,0.13423810127624
"5 items, lambda = 1","i05_l1",1,-1.5,0.18,0.842904531114547,0.132416482541113
"5 items, lambda = 1","i05_l1",1,-1.5,0.2,0.845534734916465,0.130605746966208
"5 items, lambda = 1","i05_l1",1,-1.5,0.22,0.848128836343341,0.128806313306232
"5 items, lambda = 1","i05_l1",1,-1.5,0.24,0.850687065469156,0.127018582112632
"5 items, lambda = 1","i05_l1",1,-1.5,0.26,0.853209660198618,0.125242935942377
"5 items, lambda = 1","i05_l1",1,-1.5,0.28,0.855696865909481,0.123479739582172
"5 items, lambda = 1","i05_l1",1,-1.5,0.3,0.858148935099512,0.121729340287085
"5 items, lambda = 1","i05_l1",1,-1.5,0.32,0.86056612703835,0.119992068032564
"5 items, lambda = 1","i05_l1",1,-1.5,0.34,0.86294870742454,0.118268235778855
"5 items, lambda = 1","i05_l1",1,-1.5,0.36,0.865296948047972,0.116558139746837
"5 items, lambda = 1","i05_l1",1,-1.5,0.38,0.867611126457935,0.114862059704328
"5 items, lambda = 1","i05_l1",1,-1.5,0.4,0.869891525637002,0.113180259261931
"5 items, lambda = 1","i05_l1",1,-1.5,0.42,0.872138433680919,0.111512986177512
"5 items, lambda = 1","i05_l1",1,-1.5,0.44,0.874352143484654,0.109860472668445
"5 items, lambda = 1","i05_l1",1,-1.5,0.46,0.876532952434776,0.108222935730751
"5 items, lambda = 1","i05_l1",1,-1.5,0.48,0.878681162108263,0.106600577464335
"5 items, lambda = 1","i05_l1",1,-1.5,0.5,0.880797077977882,0.104993585403507
"5 items, lambda = 1","i05_l1",1,-1.5,0.52,0.88288100912422,0.103402132852019
"5 items, lambda = 1","i05_l1",1,-1.5,0.54,0.88493326795445,0.101826379221907
"5 items, lambda = 1","i05_l1",1,-1.5,0.56,0.886954169927921,0.100266470375394
"5 items, lambda = 1","i05_l1",1,-1.5,0.58,0.888944033288592,0.0987225389692023
"5 items, lambda = 1","i05_l1",1,-1.5,0.6,0.890903178804387,0.0971947048006254
"5 items, lambda = 1","i05_l1",1,-1.5,0.62,0.892831929513472,0.0956830751547226
"5 items, lambda = 1","i05_l1",1,-1.5,0.64,0.89473061047749,0.0941877451520679
"5 items, lambda = 1","i05_l1",1,-1.5,0.66,0.89659954854175,0.0927087980964798
"5 items, lambda = 1","i05_l1",1,-1.5,0.68,0.898439072102363,0.0912463058222077
"5 items, lambda = 1","i05_l1",1,-1.5,0.7,0.900249510880315,0.0898003290400688
"5 items, lambda = 1","i05_l1",1,-1.5,0.72,0.902031195702446,0.0883709176820616
"5 items, lambda = 1","i05_l1",1,-1.5,0.74,0.903784458289307,0.0869581112440107
"5 items, lambda = 1","i05_l1",1,-1.5,0.76,0.905509631049841,0.085561939125822
"5 items, lambda = 1","i05_l1",1,-1.5,0.78,0.907207046882843,0.0841824209689541
"5 items, lambda = 1","i05_l1",1,-1.5,0.8,0.908877038985144,0.0828195669907412
"5 items, lambda = 1","i05_l1",1,-1.5,0.82,0.910519940666439,0.0814733783152237
"5 items, lambda = 1","i05_l1",1,-1.5,0.84,0.912136085170699,0.0801438473001705
"5 items, lambda = 1","i05_l1",1,-1.5,0.86,0.913725805504083,0.0788309578599974
"5 items, lambda = 1","i05_l1",1,-1.5,0.88,0.915289434269264,0.0775346857843145
"5 items, lambda = 1","i05_l1",1,-1.5,0.9,0.916827303506078,0.0762549990518522
"5 items, lambda = 1","i05_l1",1,-1.5,0.92,0.918339744538405,0.0749918581395417
"5 items, lambda = 1","i05_l1",1,-1.5,0.94,0.919827087827188,0.0737452163265428
"5 items, lambda = 1","i05_l1",1,-1.5,0.96,0.921289662829465,0.0725150199930358
"5 items, lambda = 1","i05_l1",1,-1.5,0.98,0.92272779786334,0.071301208913611
"5 items, lambda = 1","i05_l1",1,-1.5,1,0.924141819978757,0.0701037165451081
"5 items, lambda = 1","i05_l1",1,-1.5,1.02,0.925532054833972,0.0689224703087775
"5 items, lambda = 1","i05_l1",1,-1.5,1.04,0.926898826577622,0.0677573918666496
"5 items, lambda = 1","i05_l1",1,-1.5,1.06,0.928242457736249,0.0666083973920173
"5 items, lambda = 1","i05_l1",1,-1.5,1.08,0.929563269107183,0.0654753978339499
"5 items, lambda = 1","i05_l1",1,-1.5,1.1,0.930861579656653,0.0643582991757734
"5 items, lambda = 1","i05_l1",1,-1.5,1.12,0.932137706423006,0.0632570026874643
"5 items, lambda = 1","i05_l1",1,-1.5,1.14,0.933391964424909,0.0621714051719181
"5 items, lambda = 1","i05_l1",1,-1.5,1.16,0.934624666574427,0.0611013992050679
"5 items, lambda = 1","i05_l1",1,-1.5,1.18,0.935836123594826,0.0600468733698355
"5 items, lambda = 1","i05_l1",1,-1.5,1.2,0.937026643943004,0.0590077124839152
"5 items, lambda = 1","i05_l1",1,-1.5,1.22,0.938196533736411,0.057983797821394
"5 items, lambda = 1","i05_l1",1,-1.5,1.24,0.939346096684348,0.0569750073282276
"5 items, lambda = 1","i05_l1",1,-1.5,1.26,0.940475634023498,0.0559812158315971
"5 items, lambda = 1","i05_l1",1,-1.5,1.28,0.941585444457604,0.0550022952431806
"5 items, lambda = 1","i05_l1",1,-1.5,1.3,0.942675824101131,0.0540381147563843
"5 items, lambda = 1","i05_l1",1,-1.5,1.32,0.943747066426833,0.0530885410375801
"5 items, lambda = 1","i05_l1",1,-1.5,1.34,0.944799462217066,0.0521534384114092
"5 items, lambda = 1","i05_l1",1,-1.5,1.36,0.945833299518764,0.0512326690402121
"5 items, lambda = 1","i05_l1",1,-1.5,1.38,0.946848863601936,0.0503260930976582
"5 items, lambda = 1","i05_l1",1,-1.5,1.4,0.947846436921582,0.0494335689366432
"5 items, lambda = 1","i05_l1",1,-1.5,1.42,0.948826299082908,0.0485549532515397
"5 items, lambda = 1","i05_l1",1,-1.5,1.44,0.949788726809734,0.0476901012348789
"5 items, lambda = 1","i05_l1",1,-1.5,1.46,0.950733993915973,0.0468388667285554
"5 items, lambda = 1","i05_l1",1,-1.5,1.48,0.951662371280095,0.0460011023696417
"5 items, lambda = 1","i05_l1",1,-1.5,1.5,0.952574126822433,0.045176659730912
"5 items, lambda = 1","i05_l1",1,-1.5,1.52,0.953469525485269,0.0443653894561654
"5 items, lambda = 1","i05_l1",1,-1.5,1.54,0.954348829215556,0.0435671413904534
"5 items, lambda = 1","i05_l1",1,-1.5,1.56,0.955212296950213,0.0427817647053108
"5 items, lambda = 1","i05_l1",1,-1.5,1.58,0.956060184603859,0.0420091080190943
"5 items, lambda = 1","i05_l1",1,-1.5,1.6,0.956892745058914,0.0412490195125303
"5 items, lambda = 1","i05_l1",1,-1.5,1.62,0.957710228157966,0.0405013470395825
"5 items, lambda = 1","i05_l1",1,-1.5,1.64,0.958512880698304,0.0397659382337427
"5 items, lambda = 1","i05_l1",1,-1.5,1.66,0.959300946428534,0.0390426406098533
"5 items, lambda = 1","i05_l1",1,-1.5,1.68,0.960074666047186,0.0383313016615702
"5 items, lambda = 1","i05_l1",1,-1.5,1.7,0.960834277203236,0.0376317689545713
"5 items, lambda = 1","i05_l1",1,-1.5,1.72,0.961580014498435,0.0369438902156248
"5 items, lambda = 1","i05_l1",1,-1.5,1.74,0.962312109491394,0.0362675134176172
"5 items, lambda = 1","i05_l1",1,-1.5,1.76,0.963030790703323,0.0356024868606556
"5 items, lambda = 1","i05_l1",1,-1.5,1.78,0.963736283625352,0.0349486592493474
"5 items, lambda = 1","i05_l1",1,-1.5,1.8,0.964428810727364,0.0343058797663664
"5 items, lambda = 1","i05_l1",1,-1.5,1.82,0.965108591468263,0.0336739981424083
"5 items, lambda = 1","i05_l1",1,-1.5,1.84,0.965775842307604,0.033052864722642
"5 items, lambda = 1","i05_l1",1,-1.5,1.86,0.966430776718518,0.0324423305297605
"5 items, lambda = 1","i05_l1",1,-1.5,1.88,0.967073605201864,0.0318422473237335
"5 items, lambda = 1","i05_l1",1,-1.5,1.9,0.96770453530155,0.0312524676583616
"5 items, lambda = 1","i05_l1",1,-1.5,1.92,0.968323771620944,0.0306728449347342
"5 items, lambda = 1","i05_l1",1,-1.5,1.94,0.968931515840333,0.0301032334516879
"5 items, lambda = 1","i05_l1",1,-1.5,1.96,0.969527966735356,0.0295434884533625
"5 items, lambda = 1","i05_l1",1,-1.5,1.98,0.970113320196364,0.0289934661739511
"5 items, lambda = 1","i05_l1",1,-1.5,2,0.970687769248644,0.0284530238797356
"5 items, lambda = 1","i05_l1",1,-1.5,2.02,0.97125150407346,0.0279220199085018
"5 items, lambda = 1","i05_l1",1,-1.5,2.04,0.971804712029857,0.0274003137064233
"5 items, lambda = 1","i05_l1",1,-1.5,2.06,0.972347577677177,0.0268877658625033
"5 items, lambda = 1","i05_l1",1,-1.5,2.08,0.972880282798237,0.0263842381406595
"5 items, lambda = 1","i05_l1",1,-1.5,2.1,0.973403006423134,0.0258895935095381
"5 items, lambda = 1","i05_l1",1,-1.5,2.12,0.973915924853617,0.0254036961701408
"5 items, lambda = 1","i05_l1",1,-1.5,2.14,0.974419211687992,0.0249264115813439
"5 items, lambda = 1","i05_l1",1,-1.5,2.16,0.97491303784652,0.0244576064833896
"5 items, lambda = 1","i05_l1",1,-1.5,2.18,0.97539757159726,0.0239971489194276
"5 items, lambda = 1","i05_l1",1,-1.5,2.2,0.975872978582331,0.0235449082551805
"5 items, lambda = 1","i05_l1",1,-1.5,2.22,0.976339421844539,0.0231007551968105
"5 items, lambda = 1","i05_l1",1,-1.5,2.24,0.976797061854356,0.0226645618070536
"5 items, lambda = 1","i05_l1",1,-1.5,2.26,0.977246056537196,0.0222362015196956
"5 items, lambda = 1","i05_l1",1,-1.5,2.28,0.977686561300968,0.0218155491524569
"5 items, lambda = 1","i05_l1",1,-1.5,2.3,0.978118729063869,0.0214024809183502
"5 items, lambda = 1","i05_l1",1,-1.5,2.32,0.978542710282396,0.0209968744355783
"5 items, lambda = 1","i05_l1",1,-1.5,2.34,0.978958652979532,0.0205986087360326
"5 items, lambda = 1","i05_l1",1,-1.5,2.36,0.979366702773094,0.0202075642724524
"5 items, lambda = 1","i05_l1",1,-1.5,2.38,0.979767002904215,0.0198236229243073
"5 items, lambda = 1","i05_l1",1,-1.5,2.4,0.980159694265923,0.0194466680024558
"5 items, lambda = 1","i05_l1",1,-1.5,2.42,0.980544915431807,0.0190765842526376
"5 items, lambda = 1","i05_l1",1,-1.5,2.44,0.980922802684742,0.0187132578578529
"5 items, lambda = 1","i05_l1",1,-1.5,2.46,0.981293490045645,0.0183565764396822
"5 items, lambda = 1","i05_l1",1,-1.5,2.48,0.981657109302257,0.018006429058594
"5 items, lambda = 1","i05_l1",1,-1.5,2.5,0.982013790037908,0.0176627062132911
"5 items, lambda = 1","i05_l1",1,-1.5,2.52,0.982363659660277,0.0173252998391442
"5 items, lambda = 1","i05_l1",1,-1.5,2.54,0.982706843430095,0.0169941033057541
"5 items, lambda = 1","i05_l1",1,-1.5,2.56,0.983043464489799,0.016669011413692
"5 items, lambda = 1","i05_l1",1,-1.5,2.58,0.983373643892118,0.0163499203904556
"5 items, lambda = 1","i05_l1",1,-1.5,2.6,0.983697500628559,0.0160367278856851
"5 items, lambda = 1","i05_l1",1,-1.5,2.62,0.984015151657797,0.0157293329656794
"5 items, lambda = 1","i05_l1",1,-1.5,2.64,0.984326711933951,0.0154276361072473
"5 items, lambda = 1","i05_l1",1,-1.5,2.66,0.984632294434724,0.0151315391909346
"5 items, lambda = 1","i05_l1",1,-1.5,2.68,0.984932010189407,0.0148409454936607
"5 items, lambda = 1","i05_l1",1,-1.5,2.7,0.985225968306727,0.0145557596807992
"5 items, lambda = 1","i05_l1",1,-1.5,2.72,0.985514276002533,0.014275887797736
"5 items, lambda = 1","i05_l1",1,-1.5,2.74,0.985797038627309,0.014001237260937
"5 items, lambda = 1","i05_l1",1,-1.5,2.76,0.9860743596935,0.0137317168485544
"5 items, lambda = 1","i05_l1",1,-1.5,2.78,0.986346340902649,0.0134672366906043
"5 items, lambda = 1","i05_l1",1,-1.5,2.8,0.986613082172335,0.0132077082587402
"5 items, lambda = 1","i05_l1",1,-1.5,2.82,0.986874681662897,0.0129530443556526
"5 items, lambda = 1","i05_l1",1,-1.5,2.84,0.987131235803948,0.0127031591041188
"5 items, lambda = 1","i05_l1",1,-1.5,2.86,0.987382839320661,0.0124579679357305
"5 items, lambda = 1","i05_l1",1,-1.5,2.88,0.987629585259838,0.0122173875793187
"5 items, lambda = 1","i05_l1",1,-1.5,2.9,0.987871565015726,0.0119813360491065
"5 items, lambda = 1","i05_l1",1,-1.5,2.92,0.988108868355613,0.0117497326326029
"5 items, lambda = 1","i05_l1",1,-1.5,2.94,0.988341583445167,0.011522497878267
"5 items, lambda = 1","i05_l1",1,-1.5,2.96,0.988569796873529,0.0112995535829584
"5 items, lambda = 1","i05_l1",1,-1.5,2.98,0.988793593678157,0.0110808227791926
"5 items, lambda = 1","i05_l1",1,-1.5,3,0.989013057369407,0.0108662297222252
"5 items, lambda = 1","i05_l1",1,-1.5,3.02,0.989228269954858,0.0106556998769761
"5 items, lambda = 1","i05_l1",1,-1.5,3.04,0.989439311963377,0.0104491599048164
"5 items, lambda = 1","i05_l1",1,-1.5,3.06,0.989646262468908,0.010246537650229
"5 items, lambda = 1","i05_l1",1,-1.5,3.08,0.989849199114007,0.0100477621273656
"5 items, lambda = 1","i05_l1",1,-1.5,3.1,0.990048198133096,0.00985276350650613
"5 items, lambda = 1","i05_l1",1,-1.5,3.12,0.990243334375449,0.00966147310044194
"5 items, lambda = 1","i05_l1",1,-1.5,3.14,0.990434681327908,0.00947382335079298
"5 items, lambda = 1","i05_l1",1,-1.5,3.16,0.990622311137323,0.00928974781427159
"5 items, lambda = 1","i05_l1",1,-1.5,3.18,0.990806294632712,0.00910918114890753
"5 items, lambda = 1","i05_l1",1,-1.5,3.2,0.990986701347152,0.00893205910024251
"5 items, lambda = 1","i05_l1",1,-1.5,3.22,0.991163599539392,0.00875831848750751
"5 items, lambda = 1","i05_l1",1,-1.5,3.24,0.991337056215187,0.0085878971897943
"5 items, lambda = 1","i05_l1",1,-1.5,3.26,0.991507137148356,0.00842073413222746
"5 items, lambda = 1","i05_l1",1,-1.5,3.28,0.991673906901566,0.00825676927215012
"5 items, lambda = 1","i05_l1",1,-1.5,3.3,0.99183742884684,0.00809594358532948
"5 items, lambda = 1","i05_l1",1,-1.5,3.32,0.991997765185784,0.00793819905219439
"5 items, lambda = 1","i05_l1",1,-1.5,3.34,0.992154976969544,0.00778347864410737
"5 items, lambda = 1","i05_l1",1,-1.5,3.36,0.992309124118492,0.00763172630968353
"5 items, lambda = 1","i05_l1",1,-1.5,3.38,0.992460265441627,0.00748288696116269
"5 items, lambda = 1","i05_l1",1,-1.5,3.4,0.992608458655718,0.00733690646083765
"5 items, lambda = 1","i05_l1",1,-1.5,3.42,0.992753760404169,0.00719373160755129
"5 items, lambda = 1","i05_l1",1,-1.5,3.44,0.992896226275611,0.00705331012326133
"5 items, lambda = 1","i05_l1",1,-1.5,3.46,0.993035910822238,0.00691559063968632
"5 items, lambda = 1","i05_l1",1,-1.5,3.48,0.993172867577862,0.00678052268502887
"5 items, lambda = 1","i05_l1",1,-1.5,3.5,0.993307149075715,0.00664805667079003
"5 items, lambda = 1","i05_l1",1,-1.5,3.52,0.993438806865984,0.0065181438786744
"5 items, lambda = 1","i05_l1",1,-1.5,3.54,0.993567891533081,0.00639073644758857
"5 items, lambda = 1","i05_l1",1,-1.5,3.56,0.993694452712664,0.00626578736074307
"5 items, lambda = 1","i05_l1",1,-1.5,3.58,0.993818539108389,0.00614325043285657
"5 items, lambda = 1","i05_l1",1,-1.5,3.6,0.993940198508416,0.00602308029746684
"5 items, lambda = 1","i05_l1",1,-1.5,3.62,0.99405947780166,0.00590523239435132
"5 items, lambda = 1","i05_l1",1,-1.5,3.64,0.994176422993789,0.00578966295706422
"5 items, lambda = 1","i05_l1",1,-1.5,3.66,0.994291079222977,0.00567632900058512
"5 items, lambda = 1","i05_l1",1,-1.5,3.68,0.99440349077541,0.00556518830908895
"5 items, lambda = 1","i05_l1",1,-1.5,3.7,0.99451370110055,0.0054561994238364
"5 items, lambda = 1","i05_l1",1,-1.5,3.72,0.994621752826151,0.00534932163118559
"5 items, lambda = 1","i05_l1",1,-1.5,3.74,0.994727687773051,0.00524451495073025
"5 items, lambda = 1","i05_l1",1,-1.5,3.76,0.994831546969711,0.00514174012356227
"5 items, lambda = 1","i05_l1",1,-1.5,3.78,0.994933370666534,0.0050409586006635
"5 items, lambda = 1","i05_l1",1,-1.5,3.8,0.995033198349943,0.00494213253142602
"5 items, lambda = 1","i05_l1",1,-1.5,3.82,0.995131068756241,0.0048452247523022
"5 items, lambda = 1","i05_l1",1,-1.5,3.84,0.995227019885237,0.00475019877558731
"5 items, lambda = 1","i05_l1",1,-1.5,3.86,0.995321089013649,0.00465701877833257
"5 items, lambda = 1","i05_l1",1,-1.5,3.88,0.995413312708296,0.0045656495913922
"5 items, lambda = 1","i05_l1",1,-1.5,3.9,0.995503726839059,0.00447605668860334
"5 items, lambda = 1","i05_l1",1,-1.5,3.92,0.995592366591637,0.0043882061761004
"5 items, lambda = 1","i05_l1",1,-1.5,3.94,0.995679266480088,0.00430206478176182
"5 items, lambda = 1","i05_l1",1,-1.5,3.96,0.995764460359157,0.00421759984479429
"5 items, lambda = 1","i05_l1",1,-1.5,3.98,0.995847981436399,0.00413477930544822
"5 items, lambda = 1","i05_l1",1,-1.5,4,0.995929862284104,0.00405357169486968
"5 items, lambda = 1","i05_l1",2,-0.75,-4,0.0373268873441295,0.0359335908253281
"5 items, lambda = 1","i05_l1",2,-0.75,-3.98,0.0380522470709921,0.0366042735638403
"5 items, lambda = 1","i05_l1",2,-0.75,-3.96,0.038791134460236,0.0372863823475239
"5 items, lambda = 1","i05_l1",2,-0.75,-3.94,0.039543779550953,0.0379800690497786
"5 items, lambda = 1","i05_l1",2,-0.75,-3.92,0.0403104154227092,0.0386854858311578
"5 items, lambda = 1","i05_l1",2,-0.75,-3.9,0.041091278200465,0.039402785056317
"5 items, lambda = 1","i05_l1",2,-0.75,-3.88,0.0418866070577927,0.0401321192069788
"5 items, lambda = 1","i05_l1",2,-0.75,-3.86,0.0426966442183139,0.0408736407908086
"5 items, lambda = 1","i05_l1",2,-0.75,-3.84,0.0435216349552722,0.0416275022460922
"5 items, lambda = 1","i05_l1",2,-0.75,-3.82,0.0443618275891564,0.0423938558421063
"5 items, lambda = 1","i05_l1",2,-0.75,-3.8,0.0452174734832875,0.0431728535750757
"5 items, lambda = 1","i05_l1",2,-0.75,-3.78,0.0460888270372797,0.0439646470596074
"5 items, lambda = 1","i05_l1",2,-0.75,-3.76,0.0469761456782835,0.0447693874154962
"5 items, lambda = 1","i05_l1",2,-0.75,-3.74,0.0478796898499189,0.0455872251497944
"5 items, lambda = 1","i05_l1",2,-0.75,-3.72,0.0487997229988,0.0464183100340404
"5 items, lambda = 1","i05_l1",2,-0.75,-3.7,0.0497365115585567,0.0472627909765423
"5 items, lambda = 1","i05_l1",2,-0.75,-3.68,0.0506903249312507,0.0481208158896149
"5 items, lambda = 1","i05_l1",2,-0.75,-3.66,0.0516614354660848,0.0489925315516684
"5 items, lambda = 1","i05_l1",2,-0.75,-3.64,0.0526501184353029,0.0498780834640515
"5 items, lambda = 1","i05_l1",2,-0.75,-3.62,0.0536566520071719,0.0507776157025531
"5 items, lambda = 1","i05_l1",2,-0.75,-3.6,0.0546813172159408,0.0516912707634704
"5 items, lambda = 1","i05_l1",2,-0.75,-3.58,0.0557243979286654,0.0526191894041532
"5 items, lambda = 1","i05_l1",2,-0.75,-3.56,0.0567861808087885,0.0535615104779401
"5 items, lambda = 1","i05_l1",2,-0.75,-3.54,0.057866955276361,0.0545183707634046
"5 items, lambda = 1","i05_l1",2,-0.75,-3.52,0.0589670134647918,0.0554899047878348
"5 items, lambda = 1","i05_l1",2,-0.75,-3.5,0.0600866501740076,0.0564762446448741
"5 items, lambda = 1","i05_l1",2,-0.75,-3.48,0.061226162819908,0.0574775198062581
"5 items, lambda = 1","i05_l1",2,-0.75,-3.46,0.0623858513799944,0.0584938569275876
"5 items, lambda = 1","i05_l1",2,-0.75,-3.44,0.0635660183350553,0.0595253796480827
"5 items, lambda = 1","i05_l1",2,-0.75,-3.42,0.0647669686067855,0.0605722083842732
"5 items, lambda = 1","i05_l1",2,-0.75,-3.4,0.0659890094912188,0.0616344601175866
"5 items, lambda = 1","i05_l1",2,-0.75,-3.38,0.06723245058785,0.0627122481758023
"5 items, lambda = 1","i05_l1",2,-0.75,-3.36,0.0684976037243261,0.0638056820083513
"5 items, lambda = 1","i05_l1",2,-0.75,-3.34,0.0697847828765801,0.0649148669554487
"5 items, lambda = 1","i05_l1",2,-0.75,-3.32,0.0710943040842872,0.0660399040110581
"5 items, lambda = 1","i05_l1",2,-0.75,-3.3,0.0724264853615177,0.0671808895796956
"5 items, lambda = 1","i05_l1",2,-0.75,-3.28,0.0737816466024653,0.0683379152270942
"5 items, lambda = 1","i05_l1",2,-0.75,-3.26,0.0751601094821266,0.0695110674247614
"5 items, lambda = 1","i05_l1",2,-0.75,-3.24,0.0765621973518121,0.0707004272884743
"5 items, lambda = 1","i05_l1",2,-0.75,-3.22,0.0779882351293664,0.0719060703107731
"5 items, lambda = 1","i05_l1",2,-0.75,-3.2,0.0794385491839784,0.073128066087523
"5 items, lambda = 1","i05_l1",2,-0.75,-3.18,0.0809134672154654,0.0743664780386372
"5 items, lambda = 1","i05_l1",2,-0.75,-3.16,0.0824133181279128,0.0756213631230602
"5 items, lambda = 1","i05_l1",2,-0.75,-3.14,0.0839384318975581,0.0768927715481371
"5 items, lambda = 1","i05_l1",2,-0.75,-3.12,0.0854891394348065,0.0781807464735027
"5 items, lambda = 1","i05_l1",2,-0.75,-3.1,0.0870657724402712,0.0794853237096502
"5 items, lambda = 1","i05_l1",2,-0.75,-3.08,0.0886686632547333,0.080806531411352
"5 items, lambda = 1","i05_l1",2,-0.75,-3.06,0.0902981447029198,0.0821443897661304
"5 items, lambda = 1","i05_l1",2,-0.75,-3.04,0.0919545499310043,0.0834989106779908
"5 items, lambda = 1","i05_l1",2,-0.75,-3.02,0.0936382122377357,0.0848700974466565
"5 items, lambda = 1","i05_l1",2,-0.75,-3,0.0953494648991095,0.086257944442563
"5 items, lambda = 1","i05_l1",2,-0.75,-2.98,0.0970886409864989,0.0876624367778936
"5 items, lambda = 1","i05_l1",2,-0.75,-2.96,0.0988560731781694,0.0890835499739618
"5 items, lambda = 1","i05_l1",2,-0.75,-2.94,0.100652093564107,0.0905212496252691
"5 items, lambda = 1","i05_l1",2,-0.75,-2.92,0.102477033444097,0.0919754910605947
"5 items, lambda = 1","i05_l1",2,-0.75,-2.9,0.104331223119001,0.0934462190014945
"5 items, lambda = 1","i05_l1",2,-0.75,-2.88,0.106214991675176,0.094933367218618
"5 items, lambda = 1","i05_l1",2,-0.75,-2.86,0.108128666762004,0.0964368581862751
"5 items, lambda = 1","i05_l1",2,-0.75,-2.84,0.110072574362503,0.0979566027357143
"5 items, lambda = 1","i05_l1",2,-0.75,-2.82,0.11204703855699,0.0994924997075986
"5 items, lambda = 1","i05_l1",2,-0.75,-2.8,0.114052381279791,0.1010444356042
"5 items, lambda = 1","i05_l1",2,-0.75,-2.78,0.116088922068995,0.102612284241854
"5 items, lambda = 1","i05_l1",2,-0.75,-2.76,0.11815697780927,0.104195906404249
"5 items, lambda = 1","i05_l1",2,-0.75,-2.74,0.120256862467751,0.105795149497163
"5 items, lambda = 1","i05_l1",2,-0.75,-2.72,0.122388886823049,0.107409847205264
"5 items, lambda = 1","i05_l1",2,-0.75,-2.7,0.124553358187416,0.109039819151654
"5 items, lambda = 1","i05_l1",2,-0.75,-2.68,0.126750580122141,0.110684870560842
"5 items, lambda = 1","i05_l1",2,-0.75,-2.66,0.128980852146236,0.112344791925867
"5 items, lambda = 1","i05_l1",2,-0.75,-2.64,0.131244469438523,0.114019358680324
"5 items, lambda = 1","i05_l1",2,-0.75,-2.62,0.133541722533212,0.115708330876075
"5 items, lambda = 1","i05_l1",2,-0.75,-2.6,0.135872897009094,0.11741145286745
"5 items, lambda = 1","i05_l1",2,-0.75,-2.58,0.138238273172494,0.119128453002781
"5 items, lambda = 1","i05_l1",2,-0.75,-2.56,0.140638125734134,0.120859043324124
"5 items, lambda = 1","i05_l1",2,-0.75,-2.54,0.143072723480081,0.122602919276073
"5 items, lambda = 1","i05_l1",2,-0.75,-2.52,0.145542328936965,0.124359759424569
"5 items, lambda = 1","i05_l1",2,-0.75,-2.5,0.148047198031689,0.126129225186655
"5 items, lambda = 1","i05_l1",2,-0.75,-2.48,0.150587579745844,0.127910960572133
"5 items, lambda = 1","i05_l1",2,-0.75,-2.46,0.153163715765086,0.129704591938118
"5 items, lambda = 1","i05_l1",2,-0.75,-2.44,0.155775840123747,0.131509727757488
"5 items, lambda = 1","i05_l1",2,-0.75,-2.42,0.158424178844956,0.133325958402257
"5 items, lambda = 1","i05_l1",2,-0.75,-2.4,0.161108949576585,0.135152855942915
"5 items, lambda = 1","i05_l1",2,-0.75,-2.38,0.163830361223359,0.136989973964783
"5 items, lambda = 1","i05_l1",2,-0.75,-2.36,0.16658861357546,0.138836847402466
"5 items, lambda = 1","i05_l1",2,-0.75,-2.34,0.169383896934019,0.140692992393464
"5 items, lambda = 1","i05_l1",2,-0.75,-2.32,0.172216391733878,0.142557906152041
"5 items, lambda = 1","i05_l1",2,-0.75,-2.3,0.17508626816404,0.14443106686443
"5 items, lambda = 1","i05_l1",2,-0.75,-2.28,0.177993685786246,0.146311933606473
"5 items, lambda = 1","i05_l1",2,-0.75,-2.26,0.180938793152142,0.148199946284788
"5 items, lambda = 1","i05_l1",2,-0.75,-2.24,0.183921727419504,0.15009452560253
"5 items, lambda = 1","i05_l1",2,-0.75,-2.22,0.186942613968046,0.15199507305084
"5 items, lambda = 1","i05_l1",2,-0.75,-2.2,0.190001566015313,0.153900970927042
"5 items, lambda = 1","i05_l1",2,-0.75,-2.18,0.193098684233216,0.155811582380617
"5 items, lambda = 1","i05_l1",2,-0.75,-2.16,0.196234056365779,0.157726251488011
"5 items, lambda = 1","i05_l1",2,-0.75,-2.14,0.199407756848669,0.159644303357251
"5 items, lambda = 1","i05_l1",2,-0.75,-2.12,0.20261984643113,0.161565044263356
"5 items, lambda = 1","i05_l1",2,-0.75,-2.1,0.205870371800947,0.163487761815487
"5 items, lambda = 1","i05_l1",2,-0.75,-2.08,0.209159365213063,0.165411725156732
"5 items, lambda = 1","i05_l1",2,-0.75,-2.06,0.212486844122539,0.167336185197383
"5 items, lambda = 1","i05_l1",2,-0.75,-2.04,0.215852810822515,0.169260374882534
"5 items, lambda = 1","i05_l1",2,-0.75,-2.02,0.219257252087872,0.171183509494747
"5 items, lambda = 1","i05_l1",2,-0.75,-2,0.222700138825309,0.173104786992497
"5 items, lambda = 1","i05_l1",2,-0.75,-1.98,0.226181425730546,0.175023388385044
"5 items, lambda = 1","i05_l1",2,-0.75,-1.96,0.229701050953398,0.176938478144303
"5 items, lambda = 1","i05_l1",2,-0.75,-1.94,0.233258935771457,0.178849204654224
"5 items, lambda = 1","i05_l1",2,-0.75,-1.92,0.236854984273145,0.180754700698113
"5 items, lambda = 1","i05_l1",2,-0.75,-1.9,0.240489083050889,0.182654083984232
"5 items, lambda = 1","i05_l1",2,-0.75,-1.88,0.244161100905203,0.184546457709962
"5 items, lambda = 1","i05_l1",2,-0.75,-1.86,0.24787088856043,0.186430911164693
"5 items, lambda = 1","i05_l1",2,-0.75,-1.84,0.251618278392936,0.188306520371511
"5 items, lambda = 1","i05_l1",2,-0.75,-1.82,0.255403084172524,0.190172348767687
"5 items, lambda = 1","i05_l1",2,-0.75,-1.8,0.259225100817846,0.192027447923824
"5 items, lambda = 1","i05_l1",2,-0.75,-1.78,0.26308410416658,0.193870858301448
"5 items, lambda = 1","i05_l1",2,-0.75,-1.76,0.266979850761143,0.195701610048701
"5 items, lambda = 1","i05_l1",2,-0.75,-1.74,0.270912077650694,0.197518723833678
"5 items, lambda = 1","i05_l1",2,-0.75,-1.72,0.274880502210177,0.199321211714858
"5 items, lambda = 1","i05_l1",2,-0.75,-1.7,0.278884821977137,0.201108078047918
"5 items, lambda = 1","i05_l1",2,-0.75,-1.68,0.282924714507027,0.202878320428144
"5 items, lambda = 1","i05_l1",2,-0.75,-1.66,0.286999837247718,0.204630930667502
"5 items, lambda = 1","i05_l1",2,-0.75,-1.64,0.29110982743388,0.206364895805297
"5 items, lambda = 1","i05_l1",2,-0.75,-1.62,0.295254302001909,0.208079199151274
"5 items, lambda = 1","i05_l1",2,-0.75,-1.6,0.299432857526027,0.209772821359825
"5 items, lambda = 1","i05_l1",2,-0.75,-1.58,0.303645070176166,0.211444741533877
"5 items, lambda = 1","i05_l1",2,-0.75,-1.56,0.307890495698212,0.213093938356921
"5 items, lambda = 1","i05_l1",2,-0.75,-1.54,0.31216866941716,0.21471939125148
"5 items, lambda = 1","i05_l1",2,-0.75,-1.52,0.316479106263684,0.216320081562224
"5 items, lambda = 1","i05_l1",2,-0.75,-1.5,0.320821300824607,0.217894993761814
"5 items, lambda = 1","i05_l1",2,-0.75,-1.48,0.325194727417687,0.219443116677423
"5 items, lambda = 1","i05_l1",2,-0.75,-1.46,0.329598840191131,0.220963444735792
"5 items, lambda = 1","i05_l1",2,-0.75,-1.44,0.33403307324818,0.222454979224556
"5 items, lambda = 1","i05_l1",2,-0.75,-1.42,0.338496840797048,0.223916729567466
"5 items, lambda = 1","i05_l1",2,-0.75,-1.4,0.342989537326501,0.225347714611054
"5 items, lambda = 1","i05_l1",2,-0.75,-1.38,0.347510537807256,0.226746963920168
"5 items, lambda = 1","i05_l1",2,-0.75,-1.36,0.35205919791935,0.228113519079734
"5 items, lambda = 1","i05_l1",2,-0.75,-1.34,0.356634854305598,0.229446435000023
"5 items, lambda = 1","i05_l1",2,-0.75,-1.32,0.361236824851158,0.230744781222612
"5 items, lambda = 1","i05_l1",2,-0.75,-1.3,0.365864408989199,0.232007643224183
"5 items, lambda = 1","i05_l1",2,-0.75,-1.28,0.370516888032605,0.233234123715239
"5 items, lambda = 1","i05_l1",2,-0.75,-1.26,0.375193525531571,0.234423343930761
"5 items, lambda = 1","i05_l1",2,-0.75,-1.24,0.37989356765691,0.235574444909815
"5 items, lambda = 1","i05_l1",2,-0.75,-1.22,0.384616243608818,0.23668658876106
"5 items, lambda = 1","i05_l1",2,-0.75,-1.2,0.389360766050778,0.237758959911129
"5 items, lambda = 1","i05_l1",2,-0.75,-1.18,0.394126331568239,0.238790766332802
"5 items, lambda = 1","i05_l1",2,-0.75,-1.16,0.39891212115163,0.239781240749937
"5 items, lambda = 1","i05_l1",2,-0.75,-1.14,0.403717300703212,0.240729641816124
"5 items, lambda = 1","i05_l1",2,-0.75,-1.12,0.40854102156722,0.241635255264032
"5 items, lambda = 1","i05_l1",2,-0.75,-1.1,0.41338242108267,0.2424973950225
"5 items, lambda = 1","i05_l1",2,-0.75,-1.08,0.418240623158164,0.243315404298435
"5 items, lambda = 1","i05_l1",2,-0.75,-1.06,0.423114738867954,0.244088656620657
"5 items, lambda = 1","i05_l1",2,-0.75,-1.04,0.428003867068481,0.244816556842907
"5 items, lambda = 1","i05_l1",2,-0.75,-1.02,0.432907095034546,0.245498542103297
"5 items, lambda = 1","i05_l1",2,-0.75,-1,0.437823499114202,0.246134082737598
"5 items, lambda = 1","i05_l1",2,-0.75,-0.98,0.442752145401444,0.246722683143863
"5 items, lambda = 1","i05_l1",2,-0.75,-0.96,0.447692090425675,0.247263882595964
"5 items, lambda = 1","i05_l1",2,-0.75,-0.94,0.452642381856911,0.247757256003813
"5 items, lambda = 1","i05_l1",2,-0.75,-0.92,0.457602059225649,0.248202414618095
"5 items, lambda = 1","i05_l1",2,-0.75,-0.9,0.46257015465625,0.248599006677543
"5 items, lambda = 1","i05_l1",2,-0.75,-0.88,0.467545693612681,0.248946717996918
"5 items, lambda = 1","i05_l1",2,-0.75,-0.86,0.472527695655406,0.249245272493998
"5 items, lambda = 1","i05_l1",2,-0.75,-0.84,0.4775151752082,0.249494432654082
"5 items, lambda = 1","i05_l1",2,-0.75,-0.82,0.48250714233361,0.249693999930663
"5 items, lambda = 1","i05_l1",2,-0.75,-0.8,0.48750260351579,0.249843815081116
"5 items, lambda = 1","i05_l1",2,-0.75,-0.78,0.49250056244938,0.249943758436424
"5 items, lambda = 1","i05_l1",2,-0.75,-0.76,0.497500020833125,0.249993750104165
"5 items, lambda = 1","i05_l1",2,-0.75,-0.74,0.502499979166875,0.249993750104165
"5 items, lambda = 1","i05_l1",2,-0.75,-0.72,0.50749943755062,0.249943758436424
"5 items, lambda = 1","i05_l1",2,-0.75,-0.7,0.51249739648421,0.249843815081116
"5 items, lambda = 1","i05_l1",2,-0.75,-0.68,0.51749285766639,0.249693999930663
"5 items, lambda = 1","i05_l1",2,-0.75,-0.66,0.5224848247918,0.249494432654082
"5 items, lambda = 1","i05_l1",2,-0.75,-0.64,0.527472304344594,0.249245272493998
"5 items, lambda = 1","i05_l1",2,-0.75,-0.62,0.532454306387319,0.248946717996918
"5 items, lambda = 1","i05_l1",2,-0.75,-0.6,0.53742984534375,0.248599006677543
"5 items, lambda = 1","i05_l1",2,-0.75,-0.58,0.542397940774351,0.248202414618095
"5 items, lambda = 1","i05_l1",2,-0.75,-0.56,0.547357618143089,0.247757256003813
"5 items, lambda = 1","i05_l1",2,-0.75,-0.54,0.552307909574325,0.247263882595964
"5 items, lambda = 1","i05_l1",2,-0.75,-0.52,0.557247854598556,0.246722683143863
"5 items, lambda = 1","i05_l1",2,-0.75,-0.5,0.562176500885798,0.246134082737598
"5 items, lambda = 1","i05_l1",2,-0.75,-0.48,0.567092904965454,0.245498542103297
"5 items, lambda = 1","i05_l1",2,-0.75,-0.46,0.571996132931519,0.244816556842907
"5 items, lambda = 1","i05_l1",2,-0.75,-0.44,0.576885261132046,0.244088656620657
"5 items, lambda = 1","i05_l1",2,-0.75,-0.42,0.581759376841836,0.243315404298435
"5 items, lambda = 1","i05_l1",2,-0.75,-0.4,0.58661757891733,0.2424973950225
"5 items, lambda = 1","i05_l1",2,-0.75,-0.38,0.59145897843278,0.241635255264032
"5 items, lambda = 1","i05_l1",2,-0.75,-0.36,0.596282699296788,0.240729641816124
"5 items, lambda = 1","i05_l1",2,-0.75,-0.34,0.60108787884837,0.239781240749937
"5 items, lambda = 1","i05_l1",2,-0.75,-0.32,0.605873668431761,0.238790766332802
"5 items, lambda = 1","i05_l1",2,-0.75,-0.3,0.610639233949222,0.237758959911129
"5 items, lambda = 1","i05_l1",2,-0.75,-0.28,0.615383756391182,0.23668658876106
"5 items, lambda = 1","i05_l1",2,-0.75,-0.26,0.62010643234309,0.235574444909815
"5 items, lambda = 1","i05_l1",2,-0.75,-0.24,0.624806474468429,0.234423343930761
"5 items, lambda = 1","i05_l1",2,-0.75,-0.22,0.629483111967395,0.233234123715239
"5 items, lambda = 1","i05_l1",2,-0.75,-0.2,0.634135591010801,0.232007643224183
"5 items, lambda = 1","i05_l1",2,-0.75,-0.18,0.638763175148842,0.230744781222612
"5 items, lambda = 1","i05_l1",2,-0.75,-0.16,0.643365145694402,0.229446435000023
"5 items, lambda = 1","i05_l1",2,-0.75,-0.14,0.64794080208065,0.228113519079734
"5 items, lambda = 1","i05_l1",2,-0.75,-0.12,0.652489462192744,0.226746963920168
"5 items, lambda = 1","i05_l1",2,-0.75,-0.1,0.657010462673499,0.225347714611054
"5 items, lambda = 1","i05_l1",2,-0.75,-0.0800000000000001,0.661503159202952,0.223916729567466
"5 items, lambda = 1","i05_l1",2,-0.75,-0.06,0.66596692675182,0.222454979224556
"5 items, lambda = 1","i05_l1",2,-0.75,-0.04,0.670401159808869,0.220963444735792
"5 items, lambda = 1","i05_l1",2,-0.75,-0.02,0.674805272582313,0.219443116677423
"5 items, lambda = 1","i05_l1",2,-0.75,0,0.679178699175393,0.217894993761814
"5 items, lambda = 1","i05_l1",2,-0.75,0.0200000000000005,0.683520893736316,0.216320081562224
"5 items, lambda = 1","i05_l1",2,-0.75,0.04,0.68783133058284,0.21471939125148
"5 items, lambda = 1","i05_l1",2,-0.75,0.0600000000000005,0.692109504301788,0.213093938356921
"5 items, lambda = 1","i05_l1",2,-0.75,0.0800000000000001,0.696354929823834,0.211444741533877
"5 items, lambda = 1","i05_l1",2,-0.75,0.0999999999999996,0.700567142473973,0.209772821359825
"5 items, lambda = 1","i05_l1",2,-0.75,0.12,0.704745697998091,0.208079199151274
"5 items, lambda = 1","i05_l1",2,-0.75,0.14,0.70889017256612,0.206364895805297
"5 items, lambda = 1","i05_l1",2,-0.75,0.16,0.713000162752282,0.204630930667502
"5 items, lambda = 1","i05_l1",2,-0.75,0.18,0.717075285492973,0.202878320428144
"5 items, lambda = 1","i05_l1",2,-0.75,0.2,0.721115178022863,0.201108078047918
"5 items, lambda = 1","i05_l1",2,-0.75,0.22,0.725119497789823,0.199321211714858
"5 items, lambda = 1","i05_l1",2,-0.75,0.24,0.729087922349307,0.197518723833678
"5 items, lambda = 1","i05_l1",2,-0.75,0.26,0.733020149238857,0.195701610048701
"5 items, lambda = 1","i05_l1",2,-0.75,0.28,0.73691589583342,0.193870858301448
"5 items, lambda = 1","i05_l1",2,-0.75,0.3,0.740774899182154,0.192027447923824
"5 items, lambda = 1","i05_l1",2,-0.75,0.32,0.744596915827476,0.190172348767687
"5 items, lambda = 1","i05_l1",2,-0.75,0.34,0.748381721607064,0.188306520371511
"5 items, lambda = 1","i05_l1",2,-0.75,0.36,0.75212911143957,0.186430911164693
"5 items, lambda = 1","i05_l1",2,-0.75,0.38,0.755838899094797,0.184546457709962
"5 items, lambda = 1","i05_l1",2,-0.75,0.4,0.759510916949111,0.182654083984231
"5 items, lambda = 1","i05_l1",2,-0.75,0.42,0.763145015726855,0.180754700698113
"5 items, lambda = 1","i05_l1",2,-0.75,0.44,0.766741064228543,0.178849204654224
"5 items, lambda = 1","i05_l1",2,-0.75,0.46,0.770298949046602,0.176938478144302
"5 items, lambda = 1","i05_l1",2,-0.75,0.48,0.773818574269454,0.175023388385044
"5 items, lambda = 1","i05_l1",2,-0.75,0.5,0.777299861174691,0.173104786992497
"5 items, lambda = 1","i05_l1",2,-0.75,0.52,0.780742747912128,0.171183509494747
"5 items, lambda = 1","i05_l1",2,-0.75,0.54,0.784147189177485,0.169260374882534
"5 items, lambda = 1","i05_l1",2,-0.75,0.56,0.787513155877461,0.167336185197383
"5 items, lambda = 1","i05_l1",2,-0.75,0.58,0.790840634786937,0.165411725156732
"5 items, lambda = 1","i05_l1",2,-0.75,0.6,0.794129628199053,0.163487761815487
"5 items, lambda = 1","i05_l1",2,-0.75,0.62,0.79738015356887,0.161565044263356
"5 items, lambda = 1","i05_l1",2,-0.75,0.64,0.800592243151331,0.159644303357251
"5 items, lambda = 1","i05_l1",2,-0.75,0.66,0.803765943634221,0.157726251488011
"5 items, lambda = 1","i05_l1",2,-0.75,0.68,0.806901315766784,0.155811582380617
"5 items, lambda = 1","i05_l1",2,-0.75,0.7,0.809998433984687,0.153900970927042
"5 items, lambda = 1","i05_l1",2,-0.75,0.72,0.813057386031954,0.15199507305084
"5 items, lambda = 1","i05_l1",2,-0.75,0.74,0.816078272580496,0.15009452560253
"5 items, lambda = 1","i05_l1",2,-0.75,0.76,0.819061206847858,0.148199946284788
"5 items, lambda = 1","i05_l1",2,-0.75,0.78,0.822006314213753,0.146311933606473
"5 items, lambda = 1","i05_l1",2,-0.75,0.8,0.82491373183596,0.14443106686443
"5 items, lambda = 1","i05_l1",2,-0.75,0.82,0.827783608266122,0.142557906152041
"5 items, lambda = 1","i05_l1",2,-0.75,0.84,0.830616103065981,0.140692992393464
"5 items, lambda = 1","i05_l1",2,-0.75,0.86,0.83341138642454,0.138836847402466
"5 items, lambda = 1","i05_l1",2,-0.75,0.88,0.836169638776641,0.136989973964783
"5 items, lambda = 1","i05_l1",2,-0.75,0.9,0.838891050423415,0.135152855942915
"5 items, lambda = 1","i05_l1",2,-0.75,0.92,0.841575821155044,0.133325958402257
"5 items, lambda = 1","i05_l1",2,-0.75,0.94,0.844224159876253,0.131509727757488
"5 items, lambda = 1","i05_l1",2,-0.75,0.96,0.846836284234914,0.129704591938118
"5 items, lambda = 1","i05_l1",2,-0.75,0.98,0.849412420254156,0.127910960572133
"5 items, lambda = 1","i05_l1",2,-0.75,1,0.851952801968311,0.126129225186655
"5 items, lambda = 1","i05_l1",2,-0.75,1.02,0.854457671063035,0.124359759424569
"5 items, lambda = 1","i05_l1",2,-0.75,1.04,0.856927276519919,0.122602919276073
"5 items, lambda = 1","i05_l1",2,-0.75,1.06,0.859361874265866,0.120859043324124
"5 items, lambda = 1","i05_l1",2,-0.75,1.08,0.861761726827506,0.119128453002781
"5 items, lambda = 1","i05_l1",2,-0.75,1.1,0.864127102990906,0.11741145286745
"5 items, lambda = 1","i05_l1",2,-0.75,1.12,0.866458277466788,0.115708330876075
"5 items, lambda = 1","i05_l1",2,-0.75,1.14,0.868755530561477,0.114019358680324
"5 items, lambda = 1","i05_l1",2,-0.75,1.16,0.871019147853764,0.112344791925867
"5 items, lambda = 1","i05_l1",2,-0.75,1.18,0.873249419877859,0.110684870560842
"5 items, lambda = 1","i05_l1",2,-0.75,1.2,0.875446641812584,0.109039819151654
"5 items, lambda = 1","i05_l1",2,-0.75,1.22,0.877611113176951,0.107409847205264
"5 items, lambda = 1","i05_l1",2,-0.75,1.24,0.879743137532249,0.105795149497163
"5 items, lambda = 1","i05_l1",2,-0.75,1.26,0.88184302219073,0.104195906404249
"5 items, lambda = 1","i05_l1",2,-0.75,1.28,0.883911077931005,0.102612284241854
"5 items, lambda = 1","i05_l1",2,-0.75,1.3,0.885947618720209,0.1010444356042
"5 items, lambda = 1","i05_l1",2,-0.75,1.32,0.88795296144301,0.0994924997075986
"5 items, lambda = 1","i05_l1",2,-0.75,1.34,0.889927425637497,0.0979566027357143
"5 items, lambda = 1","i05_l1",2,-0.75,1.36,0.891871333237996,0.0964368581862751
"5 items, lambda = 1","i05_l1",2,-0.75,1.38,0.893785008324824,0.094933367218618
"5 items, lambda = 1","i05_l1",2,-0.75,1.4,0.895668776880999,0.0934462190014945
"5 items, lambda = 1","i05_l1",2,-0.75,1.42,0.897522966555903,0.0919754910605947
"5 items, lambda = 1","i05_l1",2,-0.75,1.44,0.899347906435893,0.0905212496252691
"5 items, lambda = 1","i05_l1",2,-0.75,1.46,0.901143926821831,0.0890835499739618
"5 items, lambda = 1","i05_l1",2,-0.75,1.48,0.902911359013501,0.0876624367778936
"5 items, lambda = 1","i05_l1",2,-0.75,1.5,0.90465053510089,0.086257944442563
"5 items, lambda = 1","i05_l1",2,-0.75,1.52,0.906361787762264,0.0848700974466564
"5 items, lambda = 1","i05_l1",2,-0.75,1.54,0.908045450068996,0.0834989106779908
"5 items, lambda = 1","i05_l1",2,-0.75,1.56,0.90970185529708,0.0821443897661303
"5 items, lambda = 1","i05_l1",2,-0.75,1.58,0.911331336745267,0.080806531411352
"5 items, lambda = 1","i05_l1",2,-0.75,1.6,0.912934227559729,0.0794853237096501
"5 items, lambda = 1","i05_l1",2,-0.75,1.62,0.914510860565194,0.0781807464735026
"5 items, lambda = 1","i05_l1",2,-0.75,1.64,0.916061568102442,0.0768927715481371
"5 items, lambda = 1","i05_l1",2,-0.75,1.66,0.917586681872087,0.0756213631230603
"5 items, lambda = 1","i05_l1",2,-0.75,1.68,0.919086532784535,0.0743664780386371
"5 items, lambda = 1","i05_l1",2,-0.75,1.7,0.920561450816022,0.073128066087523
"5 items, lambda = 1","i05_l1",2,-0.75,1.72,0.922011764870634,0.071906070310773
"5 items, lambda = 1","i05_l1",2,-0.75,1.74,0.923437802648188,0.0707004272884743
"5 items, lambda = 1","i05_l1",2,-0.75,1.76,0.924839890517873,0.0695110674247613
"5 items, lambda = 1","i05_l1",2,-0.75,1.78,0.926218353397535,0.0683379152270941
"5 items, lambda = 1","i05_l1",2,-0.75,1.8,0.927573514638482,0.0671808895796956
"5 items, lambda = 1","i05_l1",2,-0.75,1.82,0.928905695915713,0.066039904011058
"5 items, lambda = 1","i05_l1",2,-0.75,1.84,0.93021521712342,0.0649148669554487
"5 items, lambda = 1","i05_l1",2,-0.75,1.86,0.931502396275674,0.0638056820083512
"5 items, lambda = 1","i05_l1",2,-0.75,1.88,0.93276754941215,0.0627122481758023
"5 items, lambda = 1","i05_l1",2,-0.75,1.9,0.934010990508781,0.0616344601175866
"5 items, lambda = 1","i05_l1",2,-0.75,1.92,0.935233031393214,0.0605722083842732
"5 items, lambda = 1","i05_l1",2,-0.75,1.94,0.936433981664945,0.0595253796480827
"5 items, lambda = 1","i05_l1",2,-0.75,1.96,0.937614148620005,0.0584938569275878
"5 items, lambda = 1","i05_l1",2,-0.75,1.98,0.938773837180092,0.057477519806258
"5 items, lambda = 1","i05_l1",2,-0.75,2,0.939913349825992,0.056476244644874
"5 items, lambda = 1","i05_l1",2,-0.75,2.02,0.941032986535208,0.0554899047878348
"5 items, lambda = 1","i05_l1",2,-0.75,2.04,0.942133044723639,0.0545183707634046
"5 items, lambda = 1","i05_l1",2,-0.75,2.06,0.943213819191211,0.0535615104779401
"5 items, lambda = 1","i05_l1",2,-0.75,2.08,0.944275602071335,0.0526191894041532
"5 items, lambda = 1","i05_l1",2,-0.75,2.1,0.945318682784059,0.0516912707634705
"5 items, lambda = 1","i05_l1",2,-0.75,2.12,0.946343347992828,0.0507776157025532
"5 items, lambda = 1","i05_l1",2,-0.75,2.14,0.947349881564697,0.0498780834640514
"5 items, lambda = 1","i05_l1",2,-0.75,2.16,0.948338564533915,0.0489925315516684
"5 items, lambda = 1","i05_l1",2,-0.75,2.18,0.949309675068749,0.0481208158896149
"5 items, lambda = 1","i05_l1",2,-0.75,2.2,0.950263488441443,0.0472627909765422
"5 items, lambda = 1","i05_l1",2,-0.75,2.22,0.9512002770012,0.0464183100340404
"5 items, lambda = 1","i05_l1",2,-0.75,2.24,0.952120310150081,0.0455872251497945
"5 items, lambda = 1","i05_l1",2,-0.75,2.26,0.953023854321716,0.0447693874154963
"5 items, lambda = 1","i05_l1",2,-0.75,2.28,0.95391117296272,0.0439646470596074
"5 items, lambda = 1","i05_l1",2,-0.75,2.3,0.954782526516712,0.0431728535750757
"5 items, lambda = 1","i05_l1",2,-0.75,2.32,0.955638172410844,0.0423938558421063
"5 items, lambda = 1","i05_l1",2,-0.75,2.34,0.956478365044728,0.0416275022460922
"5 items, lambda = 1","i05_l1",2,-0.75,2.36,0.957303355781686,0.0408736407908085
"5 items, lambda = 1","i05_l1",2,-0.75,2.38,0.958113392942207,0.0401321192069788
"5 items, lambda = 1","i05_l1",2,-0.75,2.4,0.958908721799535,0.039402785056317
"5 items, lambda = 1","i05_l1",2,-0.75,2.42,0.959689584577291,0.0386854858311579
"5 items, lambda = 1","i05_l1",2,-0.75,2.44,0.960456220449047,0.0379800690497786
"5 items, lambda = 1","i05_l1",2,-0.75,2.46,0.961208865539764,0.037286382347524
"5 items, lambda = 1","i05_l1",2,-0.75,2.48,0.961947752929008,0.0366042735638403
"5 items, lambda = 1","i05_l1",2,-0.75,2.5,0.962673112655871,0.035933590825328
"5 items, lambda = 1","i05_l1",2,-0.75,2.52,0.96338517172551,0.0352741826249195
"5 items, lambda = 1","i05_l1",2,-0.75,2.54,0.964084154117238,0.0346258978972874
"5 items, lambda = 1","i05_l1",2,-0.75,2.56,0.964770280794079,0.0339885860905933
"5 items, lambda = 1","i05_l1",2,-0.75,2.58,0.965443769713724,0.0333620972346782
"5 items, lambda = 1","i05_l1",2,-0.75,2.6,0.966104835840822,0.0327462820058005
"5 items, lambda = 1","i05_l1",2,-0.75,2.62,0.966753691160526,0.0321409917880244
"5 items, lambda = 1","i05_l1",2,-0.75,2.64,0.967390544693234,0.0315460787313617
"5 items, lambda = 1","i05_l1",2,-0.75,2.66,0.968015602510467,0.0309613958067647
"5 items, lambda = 1","i05_l1",2,-0.75,2.68,0.968629067751806,0.0303867968580732
"5 items, lambda = 1","i05_l1",2,-0.75,2.7,0.969231140642852,0.0298221366510081
"5 items, lambda = 1","i05_l1",2,-0.75,2.72,0.969822018514124,0.029267270919314
"5 items, lambda = 1","i05_l1",2,-0.75,2.74,0.970401895820861,0.0287220564081399
"5 items, lambda = 1","i05_l1",2,-0.75,2.76,0.970970964163659,0.0281863509147532
"5 items, lambda = 1","i05_l1",2,-0.75,2.78,0.971529412309903,0.0276600133266776
"5 items, lambda = 1","i05_l1",2,-0.75,2.8,0.972077426215927,0.0271429036573459
"5 items, lambda = 1","i05_l1",2,-0.75,2.82,0.972615189049874,0.0266348830793516
"5 items, lambda = 1","i05_l1",2,-0.75,2.84,0.97314288121519,0.0261358139553882
"5 items, lambda = 1","i05_l1",2,-0.75,2.86,0.973660680374717,0.0256455598669604
"5 items, lambda = 1","i05_l1",2,-0.75,2.88,0.974168761475336,0.025163985640946
"5 items, lambda = 1","i05_l1",2,-0.75,2.9,0.974667296773128,0.0246909573740909
"5 items, lambda = 1","i05_l1",2,-0.75,2.92,0.975156455858996,0.0242263424555177
"5 items, lambda = 1","i05_l1",2,-0.75,2.94,0.975636405684722,0.0237700095873184
"5 items, lambda = 1","i05_l1",2,-0.75,2.96,0.976107310589417,0.0233218288033123
"5 items, lambda = 1","i05_l1",2,-0.75,2.98,0.97656933232633,0.0228816714860363
"5 items, lambda = 1","i05_l1",2,-0.75,3,0.977022630089974,0.0224494103820435
"5 items, lambda = 1","i05_l1",2,-0.75,3.02,0.977467360543553,0.022024919615573
"5 items, lambda = 1","i05_l1",2,-0.75,3.04,0.97790367784663,0.0216080747006648
"5 items, lambda = 1","i05_l1",2,-0.75,3.06,0.97833173368304,0.0211987525517778
"5 items, lambda = 1","i05_l1",2,-0.75,3.08,0.978751677288986,0.0207968314929821
"5 items, lambda = 1","i05_l1",2,-0.75,3.1,0.97916365548132,0.0204021912657793
"5 items, lambda = 1","i05_l1",2,-0.75,3.12,0.979567812685947,0.0200147130356164
"5 items, lambda = 1","i05_l1",2,-0.75,3.14,0.97996429096637,0.0196342793971494
"5 items, lambda = 1","i05_l1",2,-0.75,3.16,0.980353230052311,0.0192607743783113
"5 items, lambda = 1","i05_l1",2,-0.75,3.18,0.980734767368408,0.0188940834432424
"5 items, lambda = 1","i05_l1",2,-0.75,3.2,0.981109038062961,0.0185340934941324
"5 items, lambda = 1","i05_l1",2,-0.75,3.22,0.981476175036701,0.0181806928720285
"5 items, lambda = 1","i05_l1",2,-0.75,3.24,0.981836308971567,0.0178337713566563
"5 items, lambda = 1","i05_l1",2,-0.75,3.26,0.982189568359475,0.0174932201653035
"5 items, lambda = 1","i05_l1",2,-0.75,3.28,0.98253607953104,0.0171589319508136
"5 items, lambda = 1","i05_l1",2,-0.75,3.3,0.982875966684272,0.0168308007987295
"5 items, lambda = 1","i05_l1",2,-0.75,3.32,0.983209351913186,0.0165087222236386
"5 items, lambda = 1","i05_l1",2,-0.75,3.34,0.983536355236344,0.0161925931647523
"5 items, lambda = 1","i05_l1",2,-0.75,3.36,0.983857094625295,0.0158823119807686
"5 items, lambda = 1","i05_l1",2,-0.75,3.38,0.98417168603291,0.0155777784440491
"5 items, lambda = 1","i05_l1",2,-0.75,3.4,0.984480243421591,0.0152788937341558
"5 items, lambda = 1","i05_l1",2,-0.75,3.42,0.984782878791344,0.0149855604307774
"5 items, lambda = 1","i05_l1",2,-0.75,3.44,0.985079702207706,0.0146976825060835
"5 items, lambda = 1","i05_l1",2,-0.75,3.46,0.985370821829516,0.0144151653165406
"5 items, lambda = 1","i05_l1",2,-0.75,3.48,0.985656343936512,0.0141379155942204
"5 items, lambda = 1","i05_l1",2,-0.75,3.5,0.985936372956754,0.0138658414376341
"5 items, lambda = 1","i05_l1",2,-0.75,3.52,0.986211011493859,0.0135988523021189
"5 items, lambda = 1","i05_l1",2,-0.75,3.54,0.98648036035403,0.0133368589898127
"5 items, lambda = 1","i05_l1",2,-0.75,3.56,0.986744518572901,0.0130797736392346
"5 items, lambda = 1","i05_l1",2,-0.75,3.58,0.987003583442147,0.012827509714508
"5 items, lambda = 1","i05_l1",2,-0.75,3.6,0.987257650535888,0.012579981994246
"5 items, lambda = 1","i05_l1",2,-0.75,3.62,0.98750681373687,0.0123371065601243
"5 items, lambda = 1","i05_l1",2,-0.75,3.64,0.987751165262404,0.0120988007851675
"5 items, lambda = 1","i05_l1",2,-0.75,3.66,0.987990795690073,0.0118649833217699
"5 items, lambda = 1","i05_l1",2,-0.75,3.68,0.988225793983203,0.0116355740894713
"5 items, lambda = 1","i05_l1",2,-0.75,3.7,0.988456247516078,0.0114104942625122
"5 items, lambda = 1","i05_l1",2,-0.75,3.72,0.988682242098908,0.0111896662571846
"5 items, lambda = 1","i05_l1",2,-0.75,3.74,0.988903862002543,0.0109730137189988
"5 items, lambda = 1","i05_l1",2,-0.75,3.76,0.989121189982926,0.0107604615096863
"5 items, lambda = 1","i05_l1",2,-0.75,3.78,0.98933430730529,0.0105519356940521
"5 items, lambda = 1","i05_l1",2,-0.75,3.8,0.989543293768082,0.0103473635266976
"5 items, lambda = 1","i05_l1",2,-0.75,3.82,0.989748227726628,0.010146673438627
"5 items, lambda = 1","i05_l1",2,-0.75,3.84,0.989949186116526,0.00994979502375339
"5 items, lambda = 1","i05_l1",2,-0.75,3.86,0.990146244476769,0.0097566590253197
"5 items, lambda = 1","i05_l1",2,-0.75,3.88,0.990339476972592,0.00956719732224475
"5 items, lambda = 1","i05_l1",2,-0.75,3.9,0.990528956418054,0.00938134291541505
"5 items, lambda = 1","i05_l1",2,-0.75,3.92,0.990714754298335,0.00919902991392515
"5 items, lambda = 1","i05_l1",2,-0.75,3.94,0.990896940791763,0.00902019352128818
"5 items, lambda = 1","i05_l1",2,-0.75,3.96,0.991075584791569,0.00884477002161876
"5 items, lambda = 1","i05_l1",2,-0.75,3.98,0.991250753927353,0.00867269676580742
"5 items, lambda = 1","i05_l1",2,-0.75,4,0.991422514586288,0.00850391215768951
"5 items, lambda = 1","i05_l1",3,0,-4,0.0179862099620916,0.0176627062132911
"5 items, lambda = 1","i05_l1",3,0,-3.98,0.0183428906977433,0.0180064290585939
"5 items, lambda = 1","i05_l1",3,0,-3.96,0.0187065099543546,0.0183565764396822
"5 items, lambda = 1","i05_l1",3,0,-3.94,0.0190771973152582,0.0187132578578529
"5 items, lambda = 1","i05_l1",3,0,-3.92,0.019455084568193,0.0190765842526375
"5 items, lambda = 1","i05_l1",3,0,-3.9,0.0198403057340775,0.0194466680024558
"5 items, lambda = 1","i05_l1",3,0,-3.88,0.0202329970957854,0.0198236229243073
"5 items, lambda = 1","i05_l1",3,0,-3.86,0.0206332972269062,0.0202075642724523
"5 items, lambda = 1","i05_l1",3,0,-3.84,0.0210413470204683,0.0205986087360325
"5 items, lambda = 1","i05_l1",3,0,-3.82,0.0214572897176035,0.0209968744355783
"5 items, lambda = 1","i05_l1",3,0,-3.8,0.0218812709361305,0.0214024809183501
"5 items, lambda = 1","i05_l1",3,0,-3.78,0.0223134386990322,0.0218155491524568
"5 items, lambda = 1","i05_l1",3,0,-3.76,0.022753943462804,0.0222362015196955
"5 items, lambda = 1","i05_l1",3,0,-3.74,0.0232029381456441,0.0226645618070535
"5 items, lambda = 1","i05_l1",3,0,-3.72,0.0236605781554612,0.0231007551968105
"5 items, lambda = 1","i05_l1",3,0,-3.7,0.0241270214176692,0.0235449082551805
"5 items, lambda = 1","i05_l1",3,0,-3.68,0.0246024284027394,0.0239971489194275
"5 items, lambda = 1","i05_l1",3,0,-3.66,0.0250869621534798,0.0244576064833897
"5 items, lambda = 1","i05_l1",3,0,-3.64,0.0255807883120077,0.0249264115813439
"5 items, lambda = 1","i05_l1",3,0,-3.62,0.0260840751463829,0.0254036961701408
"5 items, lambda = 1","i05_l1",3,0,-3.6,0.0265969935768659,0.025889593509538
"5 items, lambda = 1","i05_l1",3,0,-3.58,0.027119717201763,0.0263842381406594
"5 items, lambda = 1","i05_l1",3,0,-3.56,0.0276524223228231,0.0268877658625034
"5 items, lambda = 1","i05_l1",3,0,-3.54,0.0281952879701426,0.0274003137064233
"5 items, lambda = 1","i05_l1",3,0,-3.52,0.02874849592654,0.0279220199085017
"5 items, lambda = 1","i05_l1",3,0,-3.5,0.0293122307513563,0.0284530238797356
"5 items, lambda = 1","i05_l1",3,0,-3.48,0.0298866798036362,0.0289934661739512
"5 items, lambda = 1","i05_l1",3,0,-3.46,0.0304720332646442,0.0295434884533626
"5 items, lambda = 1","i05_l1",3,0,-3.44,0.0310684841596674,0.0301032334516879
"5 items, lambda = 1","i05_l1",3,0,-3.42,0.0316762283790564,0.0306728449347343
"5 items, lambda = 1","i05_l1",3,0,-3.4,0.0322954646984505,0.0312524676583616
"5 items, lambda = 1","i05_l1",3,0,-3.38,0.0329263947981363,0.0318422473237335
"5 items, lambda = 1","i05_l1",3,0,-3.36,0.0335692232814825,0.0324423305297605
"5 items, lambda = 1","i05_l1",3,0,-3.34,0.0342241576923959,0.0330528647226419
"5 items, lambda = 1","i05_l1",3,0,-3.32,0.0348914085317368,0.0336739981424083
"5 items, lambda = 1","i05_l1",3,0,-3.3,0.0355711892726362,0.0343058797663665
"5 items, lambda = 1","i05_l1",3,0,-3.28,0.0362637163746483,0.0349486592493474
"5 items, lambda = 1","i05_l1",3,0,-3.26,0.036969209296677,0.0356024868606555
"5 items, lambda = 1","i05_l1",3,0,-3.24,0.0376878905086059,0.0362675134176172
"5 items, lambda = 1","i05_l1",3,0,-3.22,0.0384199855015654,0.0369438902156249
"5 items, lambda = 1","i05_l1",3,0,-3.2,0.0391657227967644,0.0376317689545714
"5 items, lambda = 1","i05_l1",3,0,-3.18,0.0399253339528138,0.0383313016615701
"5 items, lambda = 1","i05_l1",3,0,-3.16,0.0406990535714665,0.0390426406098534
"5 items, lambda = 1","i05_l1",3,0,-3.14,0.0414871193016958,0.0397659382337427
"5 items, lambda = 1","i05_l1",3,0,-3.12,0.0422897718420338,0.0405013470395825
"5 items, lambda = 1","i05_l1",3,0,-3.1,0.0431072549410861,0.0412490195125303
"5 items, lambda = 1","i05_l1",3,0,-3.08,0.0439398153961413,0.0420091080190943
"5 items, lambda = 1","i05_l1",3,0,-3.06,0.0447877030497867,0.0427817647053109
"5 items, lambda = 1","i05_l1",3,0,-3.04,0.0456511707844437,0.0435671413904533
"5 items, lambda = 1","i05_l1",3,0,-3.02,0.0465304745147315,0.0443653894561654
"5 items, lambda = 1","i05_l1",3,0,-3,0.0474258731775668,0.0451766597309121
"5 items, lambda = 1","i05_l1",3,0,-2.98,0.0483376287199052,0.0460011023696418
"5 items, lambda = 1","i05_l1",3,0,-2.96,0.0492660060840267,0.0468388667285553
"5 items, lambda = 1","i05_l1",3,0,-2.94,0.0502112731902665,0.047690101234879
"5 items, lambda = 1","i05_l1",3,0,-2.92,0.0511737009170917,0.0485549532515397
"5 items, lambda = 1","i05_l1",3,0,-2.9,0.0521535630784177,0.0494335689366432
"5 items, lambda = 1","i05_l1",3,0,-2.88,0.0531511363980637,0.0503260930976581
"5 items, lambda = 1","i05_l1",3,0,-2.86,0.0541667004812361,0.0512326690402121
"5 items, lambda = 1","i05_l1",3,0,-2.84,0.0552005377829343,0.0521534384114091
"5 items, lambda = 1","i05_l1",3,0,-2.82,0.0562529335731674,0.0530885410375802
"5 items, lambda = 1","i05_l1",3,0,-2.8,0.0573241758988688,0.0540381147563843
"5 items, lambda = 1","i05_l1",3,0,-2.78,0.0584145555423962,0.0550022952431805
"5 items, lambda = 1","i05_l1",3,0,-2.76,0.0595243659765015,0.055981215831597
"5 items, lambda = 1","i05_l1",3,0,-2.74,0.0606539033156521,0.0569750073282276
"5 items, lambda = 1","i05_l1",3,0,-2.72,0.0618034662635886,0.0579837978213941
"5 items, lambda = 1","i05_l1",3,0,-2.7,0.0629733560569965,0.0590077124839152
"5 items, lambda = 1","i05_l1",3,0,-2.68,0.064163876405174,0.0600468733698355
"5 items, lambda = 1","i05_l1",3,0,-2.66,0.0653753334255726,0.0611013992050678
"5 items, lambda = 1","i05_l1",3,0,-2.64,0.0666080355750907,0.0621714051719181
"5 items, lambda = 1","i05_l1",3,0,-2.62,0.0678622935769945,0.0632570026874643
"5 items, lambda = 1","i05_l1",3,0,-2.6,0.0691384203433468,0.0643582991757735
"5 items, lambda = 1","i05_l1",3,0,-2.58,0.0704367308928171,0.0654753978339499
"5 items, lambda = 1","i05_l1",3,0,-2.56,0.0717575422637513,0.0666083973920173
"5 items, lambda = 1","i05_l1",3,0,-2.54,0.0731011734223782,0.0677573918666496
"5 items, lambda = 1","i05_l1",3,0,-2.52,0.0744679451660281,0.0689224703087775
"5 items, lambda = 1","i05_l1",3,0,-2.5,0.0758581800212435,0.0701037165451081
"5 items, lambda = 1","i05_l1",3,0,-2.48,0.0772722021366599,0.0713012089136111
"5 items, lambda = 1","i05_l1",3,0,-2.46,0.0787103371705352,0.0725150199930359
"5 items, lambda = 1","i05_l1",3,0,-2.44,0.0801729121728123,0.0737452163265429
"5 items, lambda = 1","i05_l1",3,0,-2.42,0.0816602554615947,0.0749918581395418
"5 items, lambda = 1","i05_l1",3,0,-2.4,0.0831726964939224,0.0762549990518522
"5 items, lambda = 1","i05_l1",3,0,-2.38,0.0847105657307358,0.0775346857843145
"5 items, lambda = 1","i05_l1",3,0,-2.36,0.0862741944959167,0.0788309578599974
"5 items, lambda = 1","i05_l1",3,0,-2.34,0.0878639148293013,0.0801438473001705
"5 items, lambda = 1","i05_l1",3,0,-2.32,0.0894800593335614,0.0814733783152237
"5 items, lambda = 1","i05_l1",3,0,-2.3,0.0911229610148562,0.0828195669907412
"5 items, lambda = 1","i05_l1",3,0,-2.28,0.092792953117157,0.0841824209689541
"5 items, lambda = 1","i05_l1",3,0,-2.26,0.0944903689501593,0.0855619391258221
"5 items, lambda = 1","i05_l1",3,0,-2.24,0.0962155417106928,0.0869581112440108
"5 items, lambda = 1","i05_l1",3,0,-2.22,0.097968804297554,0.0883709176820615
"5 items, lambda = 1","i05_l1",3,0,-2.2,0.0997504891196851,0.0898003290400687
"5 items, lambda = 1","i05_l1",3,0,-2.18,0.101560927897637,0.0912463058222077
"5 items, lambda = 1","i05_l1",3,0,-2.16,0.10340045145825,0.0927087980964797
"5 items, lambda = 1","i05_l1",3,0,-2.14,0.10526938952251,0.0941877451520679
"5 items, lambda = 1","i05_l1",3,0,-2.12,0.107168070486528,0.0956830751547227
"5 items, lambda = 1","i05_l1",3,0,-2.1,0.109096821195613,0.0971947048006254
"5 items, lambda = 1","i05_l1",3,0,-2.08,0.111055966711408,0.0987225389692023
"5 items, lambda = 1","i05_l1",3,0,-2.06,0.113045830072079,0.100266470375394
"5 items, lambda = 1","i05_l1",3,0,-2.04,0.11506673204555,0.101826379221907
"5 items, lambda = 1","i05_l1",3,0,-2.02,0.117118990875781,0.103402132852019
"5 items, lambda = 1","i05_l1",3,0,-2,0.119202922022118,0.104993585403507
"5 items, lambda = 1","i05_l1",3,0,-1.98,0.121318837891737,0.106600577464335
"5 items, lambda = 1","i05_l1",3,0,-1.96,0.123467047565224,0.108222935730751
"5 items, lambda = 1","i05_l1",3,0,-1.94,0.125647856515346,0.109860472668445
"5 items, lambda = 1","i05_l1",3,0,-1.92,0.127861566319081,0.111512986177512
"5 items, lambda = 1","i05_l1",3,0,-1.9,0.130108474362998,0.113180259261931
"5 items, lambda = 1","i05_l1",3,0,-1.88,0.132388873542065,0.114862059704328
"5 items, lambda = 1","i05_l1",3,0,-1.86,0.134703051952028,0.116558139746837
"5 items, lambda = 1","i05_l1",3,0,-1.84,0.13705129257546,0.118268235778855
"5 items, lambda = 1","i05_l1",3,0,-1.82,0.13943387296165,0.119992068032565
"5 items, lambda = 1","i05_l1",3,0,-1.8,0.141851064900488,0.121729340287085
"5 items, lambda = 1","i05_l1",3,0,-1.78,0.144303134090519,0.123479739582173
"5 items, lambda = 1","i05_l1",3,0,-1.76,0.146790339801382,0.125242935942377
"5 items, lambda = 1","i05_l1",3,0,-1.74,0.149312934530844,0.127018582112632
"5 items, lambda = 1","i05_l1",3,0,-1.72,0.151871163656659,0.128806313306232
"5 items, lambda = 1","i05_l1",3,0,-1.7,0.154465265083535,0.130605746966208
"5 items, lambda = 1","i05_l1",3,0,-1.68,0.157095468885453,0.132416482541112
"5 items, lambda = 1","i05_l1",3,0,-1.66,0.159761996943669,0.13423810127624
"5 items, lambda = 1","i05_l1",3,0,-1.64,0.162465062580696,0.136070166021347
"5 items, lambda = 1","i05_l1",3,0,-1.62,0.165204870190615,0.137912221055917
"5 items, lambda = 1","i05_l1",3,0,-1.6,0.167981614866076,0.139763791933061
"5 items, lambda = 1","i05_l1",3,0,-1.58,0.170795482022374,0.141624385343119
"5 items, lambda = 1","i05_l1",3,0,-1.56,0.173646647019005,0.143493488998062
"5 items, lambda = 1","i05_l1",3,0,-1.54,0.176535274779117,0.145370571537778
"5 items, lambda = 1","i05_l1",3,0,-1.52,0.179461519407327,0.14725508245934
"5 items, lambda = 1","i05_l1",3,0,-1.5,0.182425523806356,0.149146452070333
"5 items, lambda = 1","i05_l1",3,0,-1.48,0.185427419292982,0.151044091467327
"5 items, lambda = 1","i05_l1",3,0,-1.46,0.188467325213819,0.152947392540568
"5 items, lambda = 1","i05_l1",3,0,-1.44,0.191545348561468,0.154855728005933
"5 items, lambda = 1","i05_l1",3,0,-1.42,0.194661583591578,0.156768451465197
"5 items, lambda = 1","i05_l1",3,0,-1.4,0.197816111441418,0.158684897495615
"5 items, lambda = 1","i05_l1",3,0,-1.38,0.201008999750529,0.160604381769821
"5 items, lambda = 1","i05_l1",3,0,-1.36,0.204240302284092,0.162526201206995
"5 items, lambda = 1","i05_l1",3,0,-1.34,0.207510058559636,0.164449634156212
"5 items, lambda = 1","i05_l1",3,0,-1.32,0.210818293477747,0.166373940612878
"5 items, lambda = 1","i05_l1",3,0,-1.3,0.214165016957441,0.16829836246906
"5 items, lambda = 1","i05_l1",3,0,-1.28,0.217550223576888,0.170222123798534
"5 items, lambda = 1","i05_l1",3,0,-1.26,0.220973892220188,0.172144431177249
"5 items, lambda = 1","i05_l1",3,0,-1.24,0.224435985730927,0.174064474039914
"5 items, lambda = 1","i05_l1",3,0,-1.22,0.227936450573216,0.1759814250733
"5 items, lambda = 1","i05_l1",3,0,-1.2,0.231475216500982,0.177894440646806
"5 items, lambda = 1","i05_l1",3,0,-1.18,0.235052196236235,0.179802661280758
"5 items, lambda = 1","i05_l1",3,0,-1.16,0.23866728515709,0.181705212152834
"5 items, lambda = 1","i05_l1",3,0,-1.14,0.242320360996295,0.18360120364292
"5 items, lambda = 1","i05_l1",3,0,-1.12,0.246011283551052,0.185489731916616
"5 items, lambda = 1","i05_l1",3,0,-1.1,0.249739894404882,0.187369879547521
"5 items, lambda = 1","i05_l1",3,0,-1.08,0.253506016662338,0.189240716178332
"5 items, lambda = 1","i05_l1",3,0,-1.06,0.257309454697314,0.191101299220685
"5 items, lambda = 1","i05_l1",3,0,-1.04,0.261149993915751,0.192950674593554
"5 items, lambda = 1","i05_l1",3,0,-1.02,0.265027400533481,0.194787877499947
"5 items, lambda = 1","i05_l1",3,0,-1,0.268941421369995,0.196611933241482
"5 items, lambda = 1","i05_l1",3,0,-0.98,0.27289178365887,0.198421858070351
"5 items, lambda = 1","i05_l1",3,0,-0.96,0.27687819487561,0.200216660078034
"5 items, lambda = 1","i05_l1",3,0,-0.94,0.280900342583616,0.201995340120023
"5 items, lambda = 1","i05_l1",3,0,-0.92,0.28495789429901,0.203756892775684
"5 items, lambda = 1","i05_l1",3,0,-0.9,0.289050497374996,0.205500307342263
"5 items, lambda = 1","i05_l1",3,0,-0.88,0.293177778906432,0.207224568861923
"5 items, lambda = 1","i05_l1",3,0,-0.86,0.297339345655269,0.208928659180565
"5 items, lambda = 1","i05_l1",3,0,-0.84,0.301534783997461,0.210611558037066
"5 items, lambda = 1","i05_l1",3,0,-0.82,0.30576365989197,0.212272244181438
"5 items, lambda = 1","i05_l1",3,0,-0.8,0.310025518872388,0.213909696520294
"5 items, lambda = 1","i05_l1",3,0,-0.78,0.314319886061746,0.215522895287877
"5 items, lambda = 1","i05_l1",3,0,-0.76,0.318646266210975,0.217110823240779
"5 items, lambda = 1","i05_l1",3,0,-0.74,0.323004143761477,0.218672466874392
"5 items, lambda = 1","i05_l1",3,0,-0.72,0.32739298293224,0.22020681765897
"5 items, lambda = 1","i05_l1",3,0,-0.7,0.331812227831834,0.221712873293109
"5 items, lambda = 1","i05_l1",3,0,-0.68,0.336261302595647,0.223189638972326
"5 items, lambda = 1","i05_l1",3,0,-0.66,0.340739611548615,0.224636128670314
"5 items, lambda = 1","i05_l1",3,0,-0.64,0.345246539393681,0.226051366430368
"5 items, lambda = 1","i05_l1",3,0,-0.62,0.349781451426173,0.227434387664373
"5 items, lambda = 1","i05_l1",3,0,-0.6,0.354343693774205,0.228784240456657
"5 items, lambda = 1","i05_l1",3,0,-0.58,0.358932593665183,0.230099986869968
"5 items, lambda = 1","i05_l1",3,0,-0.56,0.363547459718434,0.231380704250708
"5 items, lambda = 1","i05_l1",3,0,-0.54,0.368187582263898,0.232625486530563
"5 items, lambda = 1","i05_l1",3,0,-0.52,0.372852233686804,0.233833445521565
"5 items, lambda = 1","i05_l1",3,0,-0.5,0.377540668798145,0.235003712201594
"5 items, lambda = 1","i05_l1",3,0,-0.48,0.382252125230751,0.236135437987325
"5 items, lambda = 1","i05_l1",3,0,-0.46,0.386985823860665,0.237227795991547
"5 items, lambda = 1","i05_l1",3,0,-0.44,0.391740969253486,0.238279982261825
"5 items, lambda = 1","i05_l1",3,0,-0.42,0.396516750135274,0.239291216997435
"5 items, lambda = 1","i05_l1",3,0,-0.4,0.401312339887548,0.240260745741529
"5 items, lambda = 1","i05_l1",3,0,-0.38,0.406126897065857,0.241187840545516
"5 items, lambda = 1","i05_l1",3,0,-0.36,0.410959565941335,0.242071801102645
"5 items, lambda = 1","i05_l1",3,0,-0.34,0.415809477064593,0.242911955847863
"5 items, lambda = 1","i05_l1",3,0,-0.32,0.420675747851251,0.243707663021042
"5 items, lambda = 1","i05_l1",3,0,-0.3,0.425557483188341,0.244458311690746
"5 items, lambda = 1","i05_l1",3,0,-0.28,0.430453776060771,0.245163322735795
"5 items, lambda = 1","i05_l1",3,0,-0.26,0.435363708196971,0.245822149781954
"5 items, lambda = 1","i05_l1",3,0,-0.24,0.440286350732807,0.246434280091195
"5 items, lambda = 1","i05_l1",3,0,-0.22,0.445220764892785,0.246999235401069
"5 items, lambda = 1","i05_l1",3,0,-0.2,0.450166002687522,0.24751657271186
"5 items, lambda = 1","i05_l1",3,0,-0.18,0.45512110762642,0.247985885019321
"5 items, lambda = 1","i05_l1",3,0,-0.16,0.460085115444434,0.248406801990916
"5 items, lambda = 1","i05_l1",3,0,-0.14,0.465057054841785,0.24877899058367
"5 items, lambda = 1","i05_l1",3,0,-0.12,0.470035948235428,0.24910215560185
"5 items, lambda = 1","i05_l1",3,0,-0.1,0.47502081252106,0.249376040192892
"5 items, lambda = 1","i05_l1",3,0,-0.0800000000000001,0.480010659844418,0.249600426280144
"5 items, lambda = 1","i05_l1",3,0,-0.06,0.48500449838059,0.249775134931182
"5 items, lambda = 1","i05_l1",3,0,-0.04,0.490001333120035,0.249900026660623
"5 items, lambda = 1","i05_l1",3,0,-0.02,0.49500016666,0.249975001666572
"5 items, lambda = 1","i05_l1",3,0,0,0.5,0.25
"5 items, lambda = 1","i05_l1",3,0,0.0200000000000005,0.50499983334,0.249975001666572
"5 items, lambda = 1","i05_l1",3,0,0.04,0.509998666879966,0.249900026660623
"5 items, lambda = 1","i05_l1",3,0,0.0600000000000005,0.51499550161941,0.249775134931182
"5 items, lambda = 1","i05_l1",3,0,0.0800000000000001,0.519989340155582,0.249600426280144
"5 items, lambda = 1","i05_l1",3,0,0.0999999999999996,0.52497918747894,0.249376040192892
"5 items, lambda = 1","i05_l1",3,0,0.12,0.529964051764572,0.24910215560185
"5 items, lambda = 1","i05_l1",3,0,0.14,0.534942945158214,0.24877899058367
"5 items, lambda = 1","i05_l1",3,0,0.16,0.539914884555566,0.248406801990916
"5 items, lambda = 1","i05_l1",3,0,0.18,0.54487889237358,0.247985885019321
"5 items, lambda = 1","i05_l1",3,0,0.2,0.549833997312478,0.24751657271186
"5 items, lambda = 1","i05_l1",3,0,0.22,0.554779235107215,0.246999235401068
"5 items, lambda = 1","i05_l1",3,0,0.24,0.559713649267193,0.246434280091195
"5 items, lambda = 1","i05_l1",3,0,0.26,0.564636291803029,0.245822149781954
"5 items, lambda = 1","i05_l1",3,0,0.28,0.569546223939229,0.245163322735795
"5 items, lambda = 1","i05_l1",3,0,0.3,0.574442516811659,0.244458311690746
"5 items, lambda = 1","i05_l1",3,0,0.32,0.57932425214875,0.243707663021042
"5 items, lambda = 1","i05_l1",3,0,0.34,0.584190522935407,0.242911955847863
"5 items, lambda = 1","i05_l1",3,0,0.36,0.589040434058665,0.242071801102644
"5 items, lambda = 1","i05_l1",3,0,0.38,0.593873102934143,0.241187840545516
"5 items, lambda = 1","i05_l1",3,0,0.4,0.598687660112452,0.240260745741529
"5 items, lambda = 1","i05_l1",3,0,0.42,0.603483249864726,0.239291216997435
"5 items, lambda = 1","i05_l1",3,0,0.44,0.608259030746515,0.238279982261825
"5 items, lambda = 1","i05_l1",3,0,0.46,0.613014176139336,0.237227795991547
"5 items, lambda = 1","i05_l1",3,0,0.48,0.617747874769249,0.236135437987325
"5 items, lambda = 1","i05_l1",3,0,0.5,0.622459331201855,0.235003712201594
"5 items, lambda = 1","i05_l1",3,0,0.52,0.627147766313196,0.233833445521565
"5 items, lambda = 1","i05_l1",3,0,0.54,0.631812417736102,0.232625486530563
"5 items, lambda = 1","i05_l1",3,0,0.56,0.636452540281566,0.231380704250708
"5 items, lambda = 1","i05_l1",3,0,0.58,0.641067406334817,0.230099986869968
"5 items, lambda = 1","i05_l1",3,0,0.6,0.645656306225796,0.228784240456657
"5 items, lambda = 1","i05_l1",3,0,0.62,0.650218548573827,0.227434387664373
"5 items, lambda = 1","i05_l1",3,0,0.64,0.654753460606319,0.226051366430368
"5 items, lambda = 1","i05_l1",3,0,0.66,0.659260388451385,0.224636128670314
"5 items, lambda = 1","i05_l1",3,0,0.68,0.663738697404353,0.223189638972326
"5 items, lambda = 1","i05_l1",3,0,0.7,0.668187772168166,0.221712873293109
"5 items, lambda = 1","i05_l1",3,0,0.72,0.67260701706776,0.22020681765897
"5 items, lambda = 1","i05_l1",3,0,0.74,0.676995856238523,0.218672466874392
"5 items, lambda = 1","i05_l1",3,0,0.76,0.681353733789026,0.217110823240779
"5 items, lambda = 1","i05_l1",3,0,0.78,0.685680113938254,0.215522895287877
"5 items, lambda = 1","i05_l1",3,0,0.8,0.689974481127613,0.213909696520294
"5 items, lambda = 1","i05_l1",3,0,0.82,0.694236340108031,0.212272244181437
"5 items, lambda = 1","i05_l1",3,0,0.84,0.698465216002539,0.210611558037066
"5 items, lambda = 1","i05_l1",3,0,0.86,0.702660654344732,0.208928659180565
"5 items, lambda = 1","i05_l1",3,0,0.88,0.706822221093568,0.207224568861923
"5 items, lambda = 1","i05_l1",3,0,0.9,0.710949502625004,0.205500307342263
"5 items, lambda = 1","i05_l1",3,0,0.92,0.71504210570099,0.203756892775684
"5 items, lambda = 1","i05_l1",3,0,0.94,0.719099657416384,0.201995340120023
"5 items, lambda = 1","i05_l1",3,0,0.96,0.72312180512439,0.200216660078034
"5 items, lambda = 1","i05_l1",3,0,0.98,0.72710821634113,0.198421858070351
"5 items, lambda = 1","i05_l1",3,0,1,0.731058578630005,0.196611933241482
"5 items, lambda = 1","i05_l1",3,0,1.02,0.734972599466519,0.194787877499947
"5 items, lambda = 1","i05_l1",3,0,1.04,0.738850006084249,0.192950674593554
"5 items, lambda = 1","i05_l1",3,0,1.06,0.742690545302686,0.191101299220685
"5 items, lambda = 1","i05_l1",3,0,1.08,0.746493983337662,0.189240716178332
"5 items, lambda = 1","i05_l1",3,0,1.1,0.750260105595118,0.187369879547521
"5 items, lambda = 1","i05_l1",3,0,1.12,0.753988716448948,0.185489731916616
"5 items, lambda = 1","i05_l1",3,0,1.14,0.757679639003705,0.18360120364292
"5 items, lambda = 1","i05_l1",3,0,1.16,0.76133271484291,0.181705212152834
"5 items, lambda = 1","i05_l1",3,0,1.18,0.764947803763765,0.179802661280758
"5 items, lambda = 1","i05_l1",3,0,1.2,0.768524783499018,0.177894440646806
"5 items, lambda = 1","i05_l1",3,0,1.22,0.772063549426784,0.1759814250733
"5 items, lambda = 1","i05_l1",3,0,1.24,0.775564014269074,0.174064474039914
"5 items, lambda = 1","i05_l1",3,0,1.26,0.779026107779812,0.172144431177249
"5 items, lambda = 1","i05_l1",3,0,1.28,0.782449776423112,0.170222123798534
"5 items, lambda = 1","i05_l1",3,0,1.3,0.785834983042559,0.16829836246906
"5 items, lambda = 1","i05_l1",3,0,1.32,0.789181706522253,0.166373940612878
"5 items, lambda = 1","i05_l1",3,0,1.34,0.792489941440364,0.164449634156212
"5 items, lambda = 1","i05_l1",3,0,1.36,0.795759697715908,0.162526201206995
"5 items, lambda = 1","i05_l1",3,0,1.38,0.798991000249471,0.160604381769821
"5 items, lambda = 1","i05_l1",3,0,1.4,0.802183888558582,0.158684897495615
"5 items, lambda = 1","i05_l1",3,0,1.42,0.805338416408422,0.156768451465197
"5 items, lambda = 1","i05_l1",3,0,1.44,0.808454651438533,0.154855728005933
"5 items, lambda = 1","i05_l1",3,0,1.46,0.81153267478618,0.152947392540568
"5 items, lambda = 1","i05_l1",3,0,1.48,0.814572580707018,0.151044091467327
"5 items, lambda = 1","i05_l1",3,0,1.5,0.817574476193644,0.149146452070333
"5 items, lambda = 1","i05_l1",3,0,1.52,0.820538480592673,0.14725508245934
"5 items, lambda = 1","i05_l1",3,0,1.54,0.823464725220883,0.145370571537778
"5 items, lambda = 1","i05_l1",3,0,1.56,0.826353352980995,0.143493488998062
"5 items, lambda = 1","i05_l1",3,0,1.58,0.829204517977626,0.141624385343119
"5 items, lambda = 1","i05_l1",3,0,1.6,0.832018385133925,0.139763791933061
"5 items, lambda = 1","i05_l1",3,0,1.62,0.834795129809385,0.137912221055917
"5 items, lambda = 1","i05_l1",3,0,1.64,0.837534937419304,0.136070166021347
"5 items, lambda = 1","i05_l1",3,0,1.66,0.840238003056331,0.13423810127624
"5 items, lambda = 1","i05_l1",3,0,1.68,0.842904531114547,0.132416482541113
"5 items, lambda = 1","i05_l1",3,0,1.7,0.845534734916465,0.130605746966208
"5 items, lambda = 1","i05_l1",3,0,1.72,0.848128836343341,0.128806313306232
"5 items, lambda = 1","i05_l1",3,0,1.74,0.850687065469156,0.127018582112632
"5 items, lambda = 1","i05_l1",3,0,1.76,0.853209660198618,0.125242935942377
"5 items, lambda = 1","i05_l1",3,0,1.78,0.855696865909481,0.123479739582172
"5 items, lambda = 1","i05_l1",3,0,1.8,0.858148935099512,0.121729340287085
"5 items, lambda = 1","i05_l1",3,0,1.82,0.86056612703835,0.119992068032564
"5 items, lambda = 1","i05_l1",3,0,1.84,0.86294870742454,0.118268235778855
"5 items, lambda = 1","i05_l1",3,0,1.86,0.865296948047972,0.116558139746837
"5 items, lambda = 1","i05_l1",3,0,1.88,0.867611126457935,0.114862059704328
"5 items, lambda = 1","i05_l1",3,0,1.9,0.869891525637002,0.113180259261931
"5 items, lambda = 1","i05_l1",3,0,1.92,0.872138433680919,0.111512986177512
"5 items, lambda = 1","i05_l1",3,0,1.94,0.874352143484654,0.109860472668445
"5 items, lambda = 1","i05_l1",3,0,1.96,0.876532952434776,0.108222935730751
"5 items, lambda = 1","i05_l1",3,0,1.98,0.878681162108263,0.106600577464335
"5 items, lambda = 1","i05_l1",3,0,2,0.880797077977882,0.104993585403507
"5 items, lambda = 1","i05_l1",3,0,2.02,0.88288100912422,0.103402132852019
"5 items, lambda = 1","i05_l1",3,0,2.04,0.88493326795445,0.101826379221907
"5 items, lambda = 1","i05_l1",3,0,2.06,0.886954169927921,0.100266470375394
"5 items, lambda = 1","i05_l1",3,0,2.08,0.888944033288592,0.0987225389692023
"5 items, lambda = 1","i05_l1",3,0,2.1,0.890903178804387,0.0971947048006254
"5 items, lambda = 1","i05_l1",3,0,2.12,0.892831929513472,0.0956830751547226
"5 items, lambda = 1","i05_l1",3,0,2.14,0.89473061047749,0.0941877451520679
"5 items, lambda = 1","i05_l1",3,0,2.16,0.89659954854175,0.0927087980964798
"5 items, lambda = 1","i05_l1",3,0,2.18,0.898439072102363,0.0912463058222077
"5 items, lambda = 1","i05_l1",3,0,2.2,0.900249510880315,0.0898003290400688
"5 items, lambda = 1","i05_l1",3,0,2.22,0.902031195702446,0.0883709176820616
"5 items, lambda = 1","i05_l1",3,0,2.24,0.903784458289307,0.0869581112440107
"5 items, lambda = 1","i05_l1",3,0,2.26,0.905509631049841,0.085561939125822
"5 items, lambda = 1","i05_l1",3,0,2.28,0.907207046882843,0.0841824209689541
"5 items, lambda = 1","i05_l1",3,0,2.3,0.908877038985144,0.0828195669907412
"5 items, lambda = 1","i05_l1",3,0,2.32,0.910519940666439,0.0814733783152237
"5 items, lambda = 1","i05_l1",3,0,2.34,0.912136085170699,0.0801438473001705
"5 items, lambda = 1","i05_l1",3,0,2.36,0.913725805504083,0.0788309578599974
"5 items, lambda = 1","i05_l1",3,0,2.38,0.915289434269264,0.0775346857843145
"5 items, lambda = 1","i05_l1",3,0,2.4,0.916827303506078,0.0762549990518522
"5 items, lambda = 1","i05_l1",3,0,2.42,0.918339744538405,0.0749918581395417
"5 items, lambda = 1","i05_l1",3,0,2.44,0.919827087827188,0.0737452163265428
"5 items, lambda = 1","i05_l1",3,0,2.46,0.921289662829465,0.0725150199930358
"5 items, lambda = 1","i05_l1",3,0,2.48,0.92272779786334,0.071301208913611
"5 items, lambda = 1","i05_l1",3,0,2.5,0.924141819978757,0.0701037165451081
"5 items, lambda = 1","i05_l1",3,0,2.52,0.925532054833972,0.0689224703087775
"5 items, lambda = 1","i05_l1",3,0,2.54,0.926898826577622,0.0677573918666496
"5 items, lambda = 1","i05_l1",3,0,2.56,0.928242457736249,0.0666083973920173
"5 items, lambda = 1","i05_l1",3,0,2.58,0.929563269107183,0.0654753978339499
"5 items, lambda = 1","i05_l1",3,0,2.6,0.930861579656653,0.0643582991757734
"5 items, lambda = 1","i05_l1",3,0,2.62,0.932137706423006,0.0632570026874643
"5 items, lambda = 1","i05_l1",3,0,2.64,0.933391964424909,0.0621714051719181
"5 items, lambda = 1","i05_l1",3,0,2.66,0.934624666574427,0.0611013992050679
"5 items, lambda = 1","i05_l1",3,0,2.68,0.935836123594826,0.0600468733698355
"5 items, lambda = 1","i05_l1",3,0,2.7,0.937026643943004,0.0590077124839152
"5 items, lambda = 1","i05_l1",3,0,2.72,0.938196533736411,0.057983797821394
"5 items, lambda = 1","i05_l1",3,0,2.74,0.939346096684348,0.0569750073282276
"5 items, lambda = 1","i05_l1",3,0,2.76,0.940475634023498,0.0559812158315971
"5 items, lambda = 1","i05_l1",3,0,2.78,0.941585444457604,0.0550022952431806
"5 items, lambda = 1","i05_l1",3,0,2.8,0.942675824101131,0.0540381147563843
"5 items, lambda = 1","i05_l1",3,0,2.82,0.943747066426833,0.0530885410375801
"5 items, lambda = 1","i05_l1",3,0,2.84,0.944799462217066,0.0521534384114092
"5 items, lambda = 1","i05_l1",3,0,2.86,0.945833299518764,0.0512326690402121
"5 items, lambda = 1","i05_l1",3,0,2.88,0.946848863601936,0.0503260930976582
"5 items, lambda = 1","i05_l1",3,0,2.9,0.947846436921582,0.0494335689366432
"5 items, lambda = 1","i05_l1",3,0,2.92,0.948826299082908,0.0485549532515397
"5 items, lambda = 1","i05_l1",3,0,2.94,0.949788726809734,0.0476901012348789
"5 items, lambda = 1","i05_l1",3,0,2.96,0.950733993915973,0.0468388667285554
"5 items, lambda = 1","i05_l1",3,0,2.98,0.951662371280095,0.0460011023696417
"5 items, lambda = 1","i05_l1",3,0,3,0.952574126822433,0.045176659730912
"5 items, lambda = 1","i05_l1",3,0,3.02,0.953469525485269,0.0443653894561654
"5 items, lambda = 1","i05_l1",3,0,3.04,0.954348829215556,0.0435671413904534
"5 items, lambda = 1","i05_l1",3,0,3.06,0.955212296950213,0.0427817647053108
"5 items, lambda = 1","i05_l1",3,0,3.08,0.956060184603859,0.0420091080190943
"5 items, lambda = 1","i05_l1",3,0,3.1,0.956892745058914,0.0412490195125303
"5 items, lambda = 1","i05_l1",3,0,3.12,0.957710228157966,0.0405013470395825
"5 items, lambda = 1","i05_l1",3,0,3.14,0.958512880698304,0.0397659382337427
"5 items, lambda = 1","i05_l1",3,0,3.16,0.959300946428534,0.0390426406098533
"5 items, lambda = 1","i05_l1",3,0,3.18,0.960074666047186,0.0383313016615702
"5 items, lambda = 1","i05_l1",3,0,3.2,0.960834277203236,0.0376317689545713
"5 items, lambda = 1","i05_l1",3,0,3.22,0.961580014498435,0.0369438902156248
"5 items, lambda = 1","i05_l1",3,0,3.24,0.962312109491394,0.0362675134176172
"5 items, lambda = 1","i05_l1",3,0,3.26,0.963030790703323,0.0356024868606556
"5 items, lambda = 1","i05_l1",3,0,3.28,0.963736283625352,0.0349486592493474
"5 items, lambda = 1","i05_l1",3,0,3.3,0.964428810727364,0.0343058797663664
"5 items, lambda = 1","i05_l1",3,0,3.32,0.965108591468263,0.0336739981424083
"5 items, lambda = 1","i05_l1",3,0,3.34,0.965775842307604,0.033052864722642
"5 items, lambda = 1","i05_l1",3,0,3.36,0.966430776718518,0.0324423305297605
"5 items, lambda = 1","i05_l1",3,0,3.38,0.967073605201864,0.0318422473237335
"5 items, lambda = 1","i05_l1",3,0,3.4,0.96770453530155,0.0312524676583616
"5 items, lambda = 1","i05_l1",3,0,3.42,0.968323771620944,0.0306728449347342
"5 items, lambda = 1","i05_l1",3,0,3.44,0.968931515840333,0.0301032334516879
"5 items, lambda = 1","i05_l1",3,0,3.46,0.969527966735356,0.0295434884533625
"5 items, lambda = 1","i05_l1",3,0,3.48,0.970113320196364,0.0289934661739511
"5 items, lambda = 1","i05_l1",3,0,3.5,0.970687769248644,0.0284530238797356
"5 items, lambda = 1","i05_l1",3,0,3.52,0.97125150407346,0.0279220199085018
"5 items, lambda = 1","i05_l1",3,0,3.54,0.971804712029857,0.0274003137064233
"5 items, lambda = 1","i05_l1",3,0,3.56,0.972347577677177,0.0268877658625033
"5 items, lambda = 1","i05_l1",3,0,3.58,0.972880282798237,0.0263842381406595
"5 items, lambda = 1","i05_l1",3,0,3.6,0.973403006423134,0.0258895935095381
"5 items, lambda = 1","i05_l1",3,0,3.62,0.973915924853617,0.0254036961701408
"5 items, lambda = 1","i05_l1",3,0,3.64,0.974419211687992,0.0249264115813439
"5 items, lambda = 1","i05_l1",3,0,3.66,0.97491303784652,0.0244576064833896
"5 items, lambda = 1","i05_l1",3,0,3.68,0.97539757159726,0.0239971489194276
"5 items, lambda = 1","i05_l1",3,0,3.7,0.975872978582331,0.0235449082551805
"5 items, lambda = 1","i05_l1",3,0,3.72,0.976339421844539,0.0231007551968105
"5 items, lambda = 1","i05_l1",3,0,3.74,0.976797061854356,0.0226645618070536
"5 items, lambda = 1","i05_l1",3,0,3.76,0.977246056537196,0.0222362015196956
"5 items, lambda = 1","i05_l1",3,0,3.78,0.977686561300968,0.0218155491524569
"5 items, lambda = 1","i05_l1",3,0,3.8,0.978118729063869,0.0214024809183502
"5 items, lambda = 1","i05_l1",3,0,3.82,0.978542710282396,0.0209968744355783
"5 items, lambda = 1","i05_l1",3,0,3.84,0.978958652979532,0.0205986087360326
"5 items, lambda = 1","i05_l1",3,0,3.86,0.979366702773094,0.0202075642724524
"5 items, lambda = 1","i05_l1",3,0,3.88,0.979767002904215,0.0198236229243073
"5 items, lambda = 1","i05_l1",3,0,3.9,0.980159694265923,0.0194466680024558
"5 items, lambda = 1","i05_l1",3,0,3.92,0.980544915431807,0.0190765842526376
"5 items, lambda = 1","i05_l1",3,0,3.94,0.980922802684742,0.0187132578578529
"5 items, lambda = 1","i05_l1",3,0,3.96,0.981293490045645,0.0183565764396822
"5 items, lambda = 1","i05_l1",3,0,3.98,0.981657109302257,0.018006429058594
"5 items, lambda = 1","i05_l1",3,0,4,0.982013790037908,0.0176627062132911
"5 items, lambda = 1","i05_l1",4,0.75,-4,0.00857748541371198,0.00850391215768954
"5 items, lambda = 1","i05_l1",4,0.75,-3.98,0.00874924607264706,0.00867269676580733
"5 items, lambda = 1","i05_l1",4,0.75,-3.96,0.00892441520843132,0.00884477002161884
"5 items, lambda = 1","i05_l1",4,0.75,-3.94,0.00910305920823689,0.00902019352128822
"5 items, lambda = 1","i05_l1",4,0.75,-3.92,0.00928524570166557,0.00919902991392527
"5 items, lambda = 1","i05_l1",4,0.75,-3.9,0.00947104358194611,0.00938134291541499
"5 items, lambda = 1","i05_l1",4,0.75,-3.88,0.0096605230274079,0.00956719732224482
"5 items, lambda = 1","i05_l1",4,0.75,-3.86,0.00985375552323127,0.00975665902531966
"5 items, lambda = 1","i05_l1",4,0.75,-3.84,0.0100508138834738,0.00994979502375353
"5 items, lambda = 1","i05_l1",4,0.75,-3.82,0.010251772273372,0.0101466734386269
"5 items, lambda = 1","i05_l1",4,0.75,-3.8,0.0104567062319181,0.0103473635266974
"5 items, lambda = 1","i05_l1",4,0.75,-3.78,0.01066569269471,0.010551935694052
"5 items, lambda = 1","i05_l1",4,0.75,-3.76,0.0108788100170739,0.0107604615096863
"5 items, lambda = 1","i05_l1",4,0.75,-3.74,0.0110961379974576,0.0109730137189989
"5 items, lambda = 1","i05_l1",4,0.75,-3.72,0.0113177579010923,0.0111896662571846
"5 items, lambda = 1","i05_l1",4,0.75,-3.7,0.0115437524839223,0.0114104942625122
"5 items, lambda = 1","i05_l1",4,0.75,-3.68,0.0117742060167972,0.0116355740894712
"5 items, lambda = 1","i05_l1",4,0.75,-3.66,0.0120092043099274,0.0118649833217698
"5 items, lambda = 1","i05_l1",4,0.75,-3.64,0.0122488347375965,0.0120988007851676
"5 items, lambda = 1","i05_l1",4,0.75,-3.62,0.0124931862631296,0.0123371065601243
"5 items, lambda = 1","i05_l1",4,0.75,-3.6,0.0127423494641116,0.0125799819942461
"5 items, lambda = 1","i05_l1",4,0.75,-3.58,0.0129964165578534,0.0128275097145081
"5 items, lambda = 1","i05_l1",4,0.75,-3.56,0.0132554814270988,0.0130797736392346
"5 items, lambda = 1","i05_l1",4,0.75,-3.54,0.0135196396459696,0.0133368589898128
"5 items, lambda = 1","i05_l1",4,0.75,-3.52,0.0137889885061416,0.0135988523021191
"5 items, lambda = 1","i05_l1",4,0.75,-3.5,0.0140636270432455,0.013865841437634
"5 items, lambda = 1","i05_l1",4,0.75,-3.48,0.0143436560634881,0.0141379155942204
"5 items, lambda = 1","i05_l1",4,0.75,-3.46,0.0146291781704843,0.0144151653165405
"5 items, lambda = 1","i05_l1",4,0.75,-3.44,0.0149202977922942,0.0146976825060835
"5 items, lambda = 1","i05_l1",4,0.75,-3.42,0.0152171212086563,0.0149855604307774
"5 items, lambda = 1","i05_l1",4,0.75,-3.4,0.0155197565784089,0.0152788937341558
"5 items, lambda = 1","i05_l1",4,0.75,-3.38,0.0158283139670898,0.0155777784440491
"5 items, lambda = 1","i05_l1",4,0.75,-3.36,0.0161429053747052,0.0158823119807685
"5 items, lambda = 1","i05_l1",4,0.75,-3.34,0.0164636447636563,0.0161925931647524
"5 items, lambda = 1","i05_l1",4,0.75,-3.32,0.0167906480868138,0.0165087222236386
"5 items, lambda = 1","i05_l1",4,0.75,-3.3,0.0171240333157277,0.0168308007987296
"5 items, lambda = 1","i05_l1",4,0.75,-3.28,0.0174639204689597,0.0171589319508135
"5 items, lambda = 1","i05_l1",4,0.75,-3.26,0.0178104316405254,0.0174932201653036
"5 items, lambda = 1","i05_l1",4,0.75,-3.24,0.0181636910284325,0.0178337713566562
"5 items, lambda = 1","i05_l1",4,0.75,-3.22,0.0185238249632994,0.0181806928720285
"5 items, lambda = 1","i05_l1",4,0.75,-3.2,0.018890961937039,0.0185340934941324
"5 items, lambda = 1","i05_l1",4,0.75,-3.18,0.0192652326315917,0.0188940834432423
"5 items, lambda = 1","i05_l1",4,0.75,-3.16,0.0196467699476887,0.0192607743783113
"5 items, lambda = 1","i05_l1",4,0.75,-3.14,0.0200357090336297,0.0196342793971494
"5 items, lambda = 1","i05_l1",4,0.75,-3.12,0.020432187314053,0.0200147130356165
"5 items, lambda = 1","i05_l1",4,0.75,-3.1,0.0208363445186804,0.0204021912657793
"5 items, lambda = 1","i05_l1",4,0.75,-3.08,0.0212483227110135,0.0207968314929821
"5 items, lambda = 1","i05_l1",4,0.75,-3.06,0.0216682663169605,0.0211987525517778
"5 items, lambda = 1","i05_l1",4,0.75,-3.04,0.0220963221533702,0.0216080747006647
"5 items, lambda = 1","i05_l1",4,0.75,-3.02,0.0225326394564473,0.0220249196155731
"5 items, lambda = 1","i05_l1",4,0.75,-3,0.0229773699100256,0.0224494103820435
"5 items, lambda = 1","i05_l1",4,0.75,-2.98,0.0234306676736703,0.0228816714860363
"5 items, lambda = 1","i05_l1",4,0.75,-2.96,0.0238926894105828,0.0233218288033122
"5 items, lambda = 1","i05_l1",4,0.75,-2.94,0.0243635943152779,0.0237700095873184
"5 items, lambda = 1","i05_l1",4,0.75,-2.92,0.0248435441410037,0.0242263424555177
"5 items, lambda = 1","i05_l1",4,0.75,-2.9,0.0253327032268717,0.024690957374091
"5 items, lambda = 1","i05_l1",4,0.75,-2.88,0.0258312385246641,0.025163985640946
"5 items, lambda = 1","i05_l1",4,0.75,-2.86,0.0263393196252834,0.0256455598669606
"5 items, lambda = 1","i05_l1",4,0.75,-2.84,0.0268571187848097,0.0261358139553883
"5 items, lambda = 1","i05_l1",4,0.75,-2.82,0.0273848109501257,0.0266348830793516
"5 items, lambda = 1","i05_l1",4,0.75,-2.8,0.027922573784073,0.027142903657346
"5 items, lambda = 1","i05_l1",4,0.75,-2.78,0.0284705876900972,0.0276600133266777
"5 items, lambda = 1","i05_l1",4,0.75,-2.76,0.0290290358363408,0.0281863509147532
"5 items, lambda = 1","i05_l1",4,0.75,-2.74,0.0295981041791392,0.02872205640814
"5 items, lambda = 1","i05_l1",4,0.75,-2.72,0.0301779814858759,0.0292672709193141
"5 items, lambda = 1","i05_l1",4,0.75,-2.7,0.030768859357148,0.029822136651008
"5 items, lambda = 1","i05_l1",4,0.75,-2.68,0.0313709322481939,0.0303867968580731
"5 items, lambda = 1","i05_l1",4,0.75,-2.66,0.0319843974895333,0.0309613958067648
"5 items, lambda = 1","i05_l1",4,0.75,-2.64,0.0326094553067656,0.0315460787313617
"5 items, lambda = 1","i05_l1",4,0.75,-2.62,0.0332463088394741,0.0321409917880244
"5 items, lambda = 1","i05_l1",4,0.75,-2.6,0.0338951641591782,0.0327462820058005
"5 items, lambda = 1","i05_l1",4,0.75,-2.58,0.0345562302862765,0.0333620972346783
"5 items, lambda = 1","i05_l1",4,0.75,-2.56,0.0352297192059215,0.0339885860905934
"5 items, lambda = 1","i05_l1",4,0.75,-2.54,0.0359158458827617,0.0346258978972874
"5 items, lambda = 1","i05_l1",4,0.75,-2.52,0.0366148282744899,0.0352741826249195
"5 items, lambda = 1","i05_l1",4,0.75,-2.5,0.0373268873441295,0.0359335908253281
"5 items, lambda = 1","i05_l1",4,0.75,-2.48,0.0380522470709921,0.0366042735638403
"5 items, lambda = 1","i05_l1",4,0.75,-2.46,0.038791134460236,0.0372863823475239
"5 items, lambda = 1","i05_l1",4,0.75,-2.44,0.039543779550953,0.0379800690497786
"5 items, lambda = 1","i05_l1",4,0.75,-2.42,0.0403104154227092,0.0386854858311578
"5 items, lambda = 1","i05_l1",4,0.75,-2.4,0.041091278200465,0.039402785056317
"5 items, lambda = 1","i05_l1",4,0.75,-2.38,0.0418866070577927,0.0401321192069788
"5 items, lambda = 1","i05_l1",4,0.75,-2.36,0.0426966442183139,0.0408736407908086
"5 items, lambda = 1","i05_l1",4,0.75,-2.34,0.0435216349552722,0.0416275022460922
"5 items, lambda = 1","i05_l1",4,0.75,-2.32,0.0443618275891564,0.0423938558421063
"5 items, lambda = 1","i05_l1",4,0.75,-2.3,0.0452174734832875,0.0431728535750757
"5 items, lambda = 1","i05_l1",4,0.75,-2.28,0.0460888270372796,0.0439646470596074
"5 items, lambda = 1","i05_l1",4,0.75,-2.26,0.0469761456782835,0.0447693874154962
"5 items, lambda = 1","i05_l1",4,0.75,-2.24,0.0478796898499189,0.0455872251497944
"5 items, lambda = 1","i05_l1",4,0.75,-2.22,0.0487997229988,0.0464183100340404
"5 items, lambda = 1","i05_l1",4,0.75,-2.2,0.0497365115585567,0.0472627909765423
"5 items, lambda = 1","i05_l1",4,0.75,-2.18,0.0506903249312507,0.0481208158896149
"5 items, lambda = 1","i05_l1",4,0.75,-2.16,0.0516614354660848,0.0489925315516684
"5 items, lambda = 1","i05_l1",4,0.75,-2.14,0.0526501184353029,0.0498780834640515
"5 items, lambda = 1","i05_l1",4,0.75,-2.12,0.0536566520071719,0.0507776157025531
"5 items, lambda = 1","i05_l1",4,0.75,-2.1,0.0546813172159408,0.0516912707634704
"5 items, lambda = 1","i05_l1",4,0.75,-2.08,0.0557243979286654,0.0526191894041532
"5 items, lambda = 1","i05_l1",4,0.75,-2.06,0.0567861808087885,0.0535615104779401
"5 items, lambda = 1","i05_l1",4,0.75,-2.04,0.057866955276361,0.0545183707634046
"5 items, lambda = 1","i05_l1",4,0.75,-2.02,0.0589670134647918,0.0554899047878348
"5 items, lambda = 1","i05_l1",4,0.75,-2,0.0600866501740076,0.0564762446448741
"5 items, lambda = 1","i05_l1",4,0.75,-1.98,0.061226162819908,0.0574775198062581
"5 items, lambda = 1","i05_l1",4,0.75,-1.96,0.0623858513799944,0.0584938569275876
"5 items, lambda = 1","i05_l1",4,0.75,-1.94,0.0635660183350553,0.0595253796480827
"5 items, lambda = 1","i05_l1",4,0.75,-1.92,0.0647669686067855,0.0605722083842732
"5 items, lambda = 1","i05_l1",4,0.75,-1.9,0.0659890094912188,0.0616344601175866
"5 items, lambda = 1","i05_l1",4,0.75,-1.88,0.06723245058785,0.0627122481758023
"5 items, lambda = 1","i05_l1",4,0.75,-1.86,0.0684976037243261,0.0638056820083513
"5 items, lambda = 1","i05_l1",4,0.75,-1.84,0.0697847828765801,0.0649148669554487
"5 items, lambda = 1","i05_l1",4,0.75,-1.82,0.0710943040842872,0.0660399040110581
"5 items, lambda = 1","i05_l1",4,0.75,-1.8,0.0724264853615177,0.0671808895796956
"5 items, lambda = 1","i05_l1",4,0.75,-1.78,0.0737816466024653,0.0683379152270942
"5 items, lambda = 1","i05_l1",4,0.75,-1.76,0.0751601094821266,0.0695110674247614
"5 items, lambda = 1","i05_l1",4,0.75,-1.74,0.0765621973518122,0.0707004272884743
"5 items, lambda = 1","i05_l1",4,0.75,-1.72,0.0779882351293664,0.0719060703107731
"5 items, lambda = 1","i05_l1",4,0.75,-1.7,0.0794385491839784,0.073128066087523
"5 items, lambda = 1","i05_l1",4,0.75,-1.68,0.0809134672154653,0.0743664780386372
"5 items, lambda = 1","i05_l1",4,0.75,-1.66,0.0824133181279128,0.0756213631230602
"5 items, lambda = 1","i05_l1",4,0.75,-1.64,0.0839384318975581,0.0768927715481371
"5 items, lambda = 1","i05_l1",4,0.75,-1.62,0.0854891394348065,0.0781807464735027
"5 items, lambda = 1","i05_l1",4,0.75,-1.6,0.0870657724402712,0.0794853237096502
"5 items, lambda = 1","i05_l1",4,0.75,-1.58,0.0886686632547333,0.080806531411352
"5 items, lambda = 1","i05_l1",4,0.75,-1.56,0.0902981447029198,0.0821443897661304
"5 items, lambda = 1","i05_l1",4,0.75,-1.54,0.0919545499310043,0.0834989106779908
"5 items, lambda = 1","i05_l1",4,0.75,-1.52,0.0936382122377357,0.0848700974466565
"5 items, lambda = 1","i05_l1",4,0.75,-1.5,0.0953494648991095,0.086257944442563
"5 items, lambda = 1","i05_l1",4,0.75,-1.48,0.0970886409864989,0.0876624367778936
"5 items, lambda = 1","i05_l1",4,0.75,-1.46,0.0988560731781694,0.0890835499739618
"5 items, lambda = 1","i05_l1",4,0.75,-1.44,0.100652093564107,0.0905212496252691
"5 items, lambda = 1","i05_l1",4,0.75,-1.42,0.102477033444097,0.0919754910605947
"5 items, lambda = 1","i05_l1",4,0.75,-1.4,0.104331223119001,0.0934462190014945
"5 items, lambda = 1","i05_l1",4,0.75,-1.38,0.106214991675176,0.094933367218618
"5 items, lambda = 1","i05_l1",4,0.75,-1.36,0.108128666762004,0.0964368581862751
"5 items, lambda = 1","i05_l1",4,0.75,-1.34,0.110072574362503,0.0979566027357143
"5 items, lambda = 1","i05_l1",4,0.75,-1.32,0.11204703855699,0.0994924997075986
"5 items, lambda = 1","i05_l1",4,0.75,-1.3,0.114052381279791,0.1010444356042
"5 items, lambda = 1","i05_l1",4,0.75,-1.28,0.116088922068995,0.102612284241854
"5 items, lambda = 1","i05_l1",4,0.75,-1.26,0.11815697780927,0.104195906404249
"5 items, lambda = 1","i05_l1",4,0.75,-1.24,0.120256862467751,0.105795149497163
"5 items, lambda = 1","i05_l1",4,0.75,-1.22,0.122388886823049,0.107409847205264
"5 items, lambda = 1","i05_l1",4,0.75,-1.2,0.124553358187416,0.109039819151654
"5 items, lambda = 1","i05_l1",4,0.75,-1.18,0.126750580122141,0.110684870560842
"5 items, lambda = 1","i05_l1",4,0.75,-1.16,0.128980852146236,0.112344791925867
"5 items, lambda = 1","i05_l1",4,0.75,-1.14,0.131244469438523,0.114019358680324
"5 items, lambda = 1","i05_l1",4,0.75,-1.12,0.133541722533212,0.115708330876075
"5 items, lambda = 1","i05_l1",4,0.75,-1.1,0.135872897009094,0.11741145286745
"5 items, lambda = 1","i05_l1",4,0.75,-1.08,0.138238273172494,0.119128453002781
"5 items, lambda = 1","i05_l1",4,0.75,-1.06,0.140638125734134,0.120859043324124
"5 items, lambda = 1","i05_l1",4,0.75,-1.04,0.143072723480081,0.122602919276073
"5 items, lambda = 1","i05_l1",4,0.75,-1.02,0.145542328936965,0.124359759424569
"5 items, lambda = 1","i05_l1",4,0.75,-1,0.148047198031689,0.126129225186655
"5 items, lambda = 1","i05_l1",4,0.75,-0.98,0.150587579745844,0.127910960572133
"5 items, lambda = 1","i05_l1",4,0.75,-0.96,0.153163715765086,0.129704591938118
"5 items, lambda = 1","i05_l1",4,0.75,-0.94,0.155775840123747,0.131509727757488
"5 items, lambda = 1","i05_l1",4,0.75,-0.92,0.158424178844956,0.133325958402257
"5 items, lambda = 1","i05_l1",4,0.75,-0.9,0.161108949576585,0.135152855942915
"5 items, lambda = 1","i05_l1",4,0.75,-0.88,0.163830361223359,0.136989973964783
"5 items, lambda = 1","i05_l1",4,0.75,-0.86,0.16658861357546,0.138836847402466
"5 items, lambda = 1","i05_l1",4,0.75,-0.84,0.169383896934019,0.140692992393464
"5 items, lambda = 1","i05_l1",4,0.75,-0.82,0.172216391733878,0.142557906152041
"5 items, lambda = 1","i05_l1",4,0.75,-0.8,0.17508626816404,0.14443106686443
"5 items, lambda = 1","i05_l1",4,0.75,-0.78,0.177993685786247,0.146311933606473
"5 items, lambda = 1","i05_l1",4,0.75,-0.76,0.180938793152142,0.148199946284788
"5 items, lambda = 1","i05_l1",4,0.75,-0.74,0.183921727419504,0.15009452560253
"5 items, lambda = 1","i05_l1",4,0.75,-0.72,0.186942613968046,0.15199507305084
"5 items, lambda = 1","i05_l1",4,0.75,-0.7,0.190001566015313,0.153900970927042
"5 items, lambda = 1","i05_l1",4,0.75,-0.68,0.193098684233216,0.155811582380617
"5 items, lambda = 1","i05_l1",4,0.75,-0.66,0.196234056365779,0.157726251488011
"5 items, lambda = 1","i05_l1",4,0.75,-0.64,0.199407756848668,0.159644303357251
"5 items, lambda = 1","i05_l1",4,0.75,-0.62,0.20261984643113,0.161565044263356
"5 items, lambda = 1","i05_l1",4,0.75,-0.6,0.205870371800947,0.163487761815487
"5 items, lambda = 1","i05_l1",4,0.75,-0.58,0.209159365213063,0.165411725156732
"5 items, lambda = 1","i05_l1",4,0.75,-0.56,0.212486844122539,0.167336185197383
"5 items, lambda = 1","i05_l1",4,0.75,-0.54,0.215852810822515,0.169260374882534
"5 items, lambda = 1","i05_l1",4,0.75,-0.52,0.219257252087872,0.171183509494747
"5 items, lambda = 1","i05_l1",4,0.75,-0.5,0.222700138825309,0.173104786992497
"5 items, lambda = 1","i05_l1",4,0.75,-0.48,0.226181425730546,0.175023388385044
"5 items, lambda = 1","i05_l1",4,0.75,-0.46,0.229701050953398,0.176938478144303
"5 items, lambda = 1","i05_l1",4,0.75,-0.44,0.233258935771457,0.178849204654224
"5 items, lambda = 1","i05_l1",4,0.75,-0.42,0.236854984273145,0.180754700698113
"5 items, lambda = 1","i05_l1",4,0.75,-0.4,0.240489083050889,0.182654083984232
"5 items, lambda = 1","i05_l1",4,0.75,-0.38,0.244161100905203,0.184546457709962
"5 items, lambda = 1","i05_l1",4,0.75,-0.36,0.24787088856043,0.186430911164693
"5 items, lambda = 1","i05_l1",4,0.75,-0.34,0.251618278392936,0.188306520371511
"5 items, lambda = 1","i05_l1",4,0.75,-0.32,0.255403084172524,0.190172348767687
"5 items, lambda = 1","i05_l1",4,0.75,-0.3,0.259225100817846,0.192027447923824
"5 items, lambda = 1","i05_l1",4,0.75,-0.28,0.26308410416658,0.193870858301448
"5 items, lambda = 1","i05_l1",4,0.75,-0.26,0.266979850761143,0.195701610048701
"5 items, lambda = 1","i05_l1",4,0.75,-0.24,0.270912077650694,0.197518723833678
"5 items, lambda = 1","i05_l1",4,0.75,-0.22,0.274880502210177,0.199321211714858
"5 items, lambda = 1","i05_l1",4,0.75,-0.2,0.278884821977137,0.201108078047918
"5 items, lambda = 1","i05_l1",4,0.75,-0.18,0.282924714507027,0.202878320428144
"5 items, lambda = 1","i05_l1",4,0.75,-0.16,0.286999837247718,0.204630930667502
"5 items, lambda = 1","i05_l1",4,0.75,-0.14,0.29110982743388,0.206364895805297
"5 items, lambda = 1","i05_l1",4,0.75,-0.12,0.295254302001909,0.208079199151274
"5 items, lambda = 1","i05_l1",4,0.75,-0.1,0.299432857526027,0.209772821359825
"5 items, lambda = 1","i05_l1",4,0.75,-0.0800000000000001,0.303645070176166,0.211444741533877
"5 items, lambda = 1","i05_l1",4,0.75,-0.06,0.307890495698212,0.213093938356921
"5 items, lambda = 1","i05_l1",4,0.75,-0.04,0.31216866941716,0.21471939125148
"5 items, lambda = 1","i05_l1",4,0.75,-0.02,0.316479106263684,0.216320081562224
"5 items, lambda = 1","i05_l1",4,0.75,0,0.320821300824607,0.217894993761814
"5 items, lambda = 1","i05_l1",4,0.75,0.0200000000000005,0.325194727417687,0.219443116677423
"5 items, lambda = 1","i05_l1",4,0.75,0.04,0.329598840191131,0.220963444735792
"5 items, lambda = 1","i05_l1",4,0.75,0.0600000000000005,0.33403307324818,0.222454979224556
"5 items, lambda = 1","i05_l1",4,0.75,0.0800000000000001,0.338496840797048,0.223916729567466
"5 items, lambda = 1","i05_l1",4,0.75,0.0999999999999996,0.342989537326501,0.225347714611054
"5 items, lambda = 1","i05_l1",4,0.75,0.12,0.347510537807256,0.226746963920168
"5 items, lambda = 1","i05_l1",4,0.75,0.14,0.35205919791935,0.228113519079734
"5 items, lambda = 1","i05_l1",4,0.75,0.16,0.356634854305598,0.229446435000023
"5 items, lambda = 1","i05_l1",4,0.75,0.18,0.361236824851158,0.230744781222612
"5 items, lambda = 1","i05_l1",4,0.75,0.2,0.365864408989199,0.232007643224183
"5 items, lambda = 1","i05_l1",4,0.75,0.22,0.370516888032605,0.233234123715239
"5 items, lambda = 1","i05_l1",4,0.75,0.24,0.375193525531571,0.234423343930761
"5 items, lambda = 1","i05_l1",4,0.75,0.26,0.37989356765691,0.235574444909815
"5 items, lambda = 1","i05_l1",4,0.75,0.28,0.384616243608818,0.23668658876106
"5 items, lambda = 1","i05_l1",4,0.75,0.3,0.389360766050778,0.237758959911129
"5 items, lambda = 1","i05_l1",4,0.75,0.32,0.394126331568239,0.238790766332802
"5 items, lambda = 1","i05_l1",4,0.75,0.34,0.39891212115163,0.239781240749937
"5 items, lambda = 1","i05_l1",4,0.75,0.36,0.403717300703212,0.240729641816124
"5 items, lambda = 1","i05_l1",4,0.75,0.38,0.40854102156722,0.241635255264032
"5 items, lambda = 1","i05_l1",4,0.75,0.4,0.41338242108267,0.2424973950225
"5 items, lambda = 1","i05_l1",4,0.75,0.42,0.418240623158164,0.243315404298435
"5 items, lambda = 1","i05_l1",4,0.75,0.44,0.423114738867954,0.244088656620657
"5 items, lambda = 1","i05_l1",4,0.75,0.46,0.428003867068481,0.244816556842907
"5 items, lambda = 1","i05_l1",4,0.75,0.48,0.432907095034546,0.245498542103297
"5 items, lambda = 1","i05_l1",4,0.75,0.5,0.437823499114202,0.246134082737598
"5 items, lambda = 1","i05_l1",4,0.75,0.52,0.442752145401445,0.246722683143863
"5 items, lambda = 1","i05_l1",4,0.75,0.54,0.447692090425675,0.247263882595964
"5 items, lambda = 1","i05_l1",4,0.75,0.56,0.452642381856911,0.247757256003813
"5 items, lambda = 1","i05_l1",4,0.75,0.58,0.457602059225649,0.248202414618095
"5 items, lambda = 1","i05_l1",4,0.75,0.6,0.462570154656251,0.248599006677543
"5 items, lambda = 1","i05_l1",4,0.75,0.62,0.467545693612681,0.248946717996918
"5 items, lambda = 1","i05_l1",4,0.75,0.64,0.472527695655406,0.249245272493998
"5 items, lambda = 1","i05_l1",4,0.75,0.66,0.4775151752082,0.249494432654082
"5 items, lambda = 1","i05_l1",4,0.75,0.68,0.48250714233361,0.249693999930663
"5 items, lambda = 1","i05_l1",4,0.75,0.7,0.48750260351579,0.249843815081116
"5 items, lambda = 1","i05_l1",4,0.75,0.72,0.49250056244938,0.249943758436424
"5 items, lambda = 1","i05_l1",4,0.75,0.74,0.497500020833125,0.249993750104165
"5 items, lambda = 1","i05_l1",4,0.75,0.76,0.502499979166875,0.249993750104165
"5 items, lambda = 1","i05_l1",4,0.75,0.78,0.50749943755062,0.249943758436424
"5 items, lambda = 1","i05_l1",4,0.75,0.8,0.51249739648421,0.249843815081116
"5 items, lambda = 1","i05_l1",4,0.75,0.82,0.51749285766639,0.249693999930663
"5 items, lambda = 1","i05_l1",4,0.75,0.84,0.5224848247918,0.249494432654082
"5 items, lambda = 1","i05_l1",4,0.75,0.86,0.527472304344594,0.249245272493998
"5 items, lambda = 1","i05_l1",4,0.75,0.88,0.532454306387319,0.248946717996918
"5 items, lambda = 1","i05_l1",4,0.75,0.9,0.53742984534375,0.248599006677543
"5 items, lambda = 1","i05_l1",4,0.75,0.92,0.542397940774351,0.248202414618095
"5 items, lambda = 1","i05_l1",4,0.75,0.94,0.547357618143089,0.247757256003813
"5 items, lambda = 1","i05_l1",4,0.75,0.96,0.552307909574325,0.247263882595964
"5 items, lambda = 1","i05_l1",4,0.75,0.98,0.557247854598556,0.246722683143863
"5 items, lambda = 1","i05_l1",4,0.75,1,0.562176500885798,0.246134082737598
"5 items, lambda = 1","i05_l1",4,0.75,1.02,0.567092904965455,0.245498542103296
"5 items, lambda = 1","i05_l1",4,0.75,1.04,0.571996132931519,0.244816556842907
"5 items, lambda = 1","i05_l1",4,0.75,1.06,0.576885261132046,0.244088656620657
"5 items, lambda = 1","i05_l1",4,0.75,1.08,0.581759376841836,0.243315404298435
"5 items, lambda = 1","i05_l1",4,0.75,1.1,0.58661757891733,0.2424973950225
"5 items, lambda = 1","i05_l1",4,0.75,1.12,0.59145897843278,0.241635255264032
"5 items, lambda = 1","i05_l1",4,0.75,1.14,0.596282699296788,0.240729641816124
"5 items, lambda = 1","i05_l1",4,0.75,1.16,0.60108787884837,0.239781240749937
"5 items, lambda = 1","i05_l1",4,0.75,1.18,0.60587366843176,0.238790766332802
"5 items, lambda = 1","i05_l1",4,0.75,1.2,0.610639233949222,0.237758959911129
"5 items, lambda = 1","i05_l1",4,0.75,1.22,0.615383756391182,0.23668658876106
"5 items, lambda = 1","i05_l1",4,0.75,1.24,0.62010643234309,0.235574444909815
"5 items, lambda = 1","i05_l1",4,0.75,1.26,0.624806474468429,0.234423343930761
"5 items, lambda = 1","i05_l1",4,0.75,1.28,0.629483111967395,0.233234123715239
"5 items, lambda = 1","i05_l1",4,0.75,1.3,0.634135591010801,0.232007643224183
"5 items, lambda = 1","i05_l1",4,0.75,1.32,0.638763175148842,0.230744781222612
"5 items, lambda = 1","i05_l1",4,0.75,1.34,0.643365145694402,0.229446435000023
"5 items, lambda = 1","i05_l1",4,0.75,1.36,0.64794080208065,0.228113519079734
"5 items, lambda = 1","i05_l1",4,0.75,1.38,0.652489462192744,0.226746963920168
"5 items, lambda = 1","i05_l1",4,0.75,1.4,0.657010462673499,0.225347714611054
"5 items, lambda = 1","i05_l1",4,0.75,1.42,0.661503159202952,0.223916729567466
"5 items, lambda = 1","i05_l1",4,0.75,1.44,0.66596692675182,0.222454979224556
"5 items, lambda = 1","i05_l1",4,0.75,1.46,0.670401159808869,0.220963444735792
"5 items, lambda = 1","i05_l1",4,0.75,1.48,0.674805272582314,0.219443116677423
"5 items, lambda = 1","i05_l1",4,0.75,1.5,0.679178699175393,0.217894993761814
"5 items, lambda = 1","i05_l1",4,0.75,1.52,0.683520893736316,0.216320081562224
"5 items, lambda = 1","i05_l1",4,0.75,1.54,0.68783133058284,0.21471939125148
"5 items, lambda = 1","i05_l1",4,0.75,1.56,0.692109504301788,0.213093938356921
"5 items, lambda = 1","i05_l1",4,0.75,1.58,0.696354929823834,0.211444741533877
"5 items, lambda = 1","i05_l1",4,0.75,1.6,0.700567142473973,0.209772821359825
"5 items, lambda = 1","i05_l1",4,0.75,1.62,0.704745697998091,0.208079199151274
"5 items, lambda = 1","i05_l1",4,0.75,1.64,0.70889017256612,0.206364895805297
"5 items, lambda = 1","i05_l1",4,0.75,1.66,0.713000162752282,0.204630930667502
"5 items, lambda = 1","i05_l1",4,0.75,1.68,0.717075285492973,0.202878320428144
"5 items, lambda = 1","i05_l1",4,0.75,1.7,0.721115178022863,0.201108078047918
"5 items, lambda = 1","i05_l1",4,0.75,1.72,0.725119497789823,0.199321211714858
"5 items, lambda = 1","i05_l1",4,0.75,1.74,0.729087922349307,0.197518723833678
"5 items, lambda = 1","i05_l1",4,0.75,1.76,0.733020149238857,0.195701610048701
"5 items, lambda = 1","i05_l1",4,0.75,1.78,0.73691589583342,0.193870858301448
"5 items, lambda = 1","i05_l1",4,0.75,1.8,0.740774899182154,0.192027447923824
"5 items, lambda = 1","i05_l1",4,0.75,1.82,0.744596915827476,0.190172348767687
"5 items, lambda = 1","i05_l1",4,0.75,1.84,0.748381721607064,0.188306520371511
"5 items, lambda = 1","i05_l1",4,0.75,1.86,0.75212911143957,0.186430911164693
"5 items, lambda = 1","i05_l1",4,0.75,1.88,0.755838899094797,0.184546457709962
"5 items, lambda = 1","i05_l1",4,0.75,1.9,0.759510916949111,0.182654083984231
"5 items, lambda = 1","i05_l1",4,0.75,1.92,0.763145015726855,0.180754700698113
"5 items, lambda = 1","i05_l1",4,0.75,1.94,0.766741064228543,0.178849204654224
"5 items, lambda = 1","i05_l1",4,0.75,1.96,0.770298949046602,0.176938478144302
"5 items, lambda = 1","i05_l1",4,0.75,1.98,0.773818574269454,0.175023388385044
"5 items, lambda = 1","i05_l1",4,0.75,2,0.777299861174691,0.173104786992497
"5 items, lambda = 1","i05_l1",4,0.75,2.02,0.780742747912128,0.171183509494747
"5 items, lambda = 1","i05_l1",4,0.75,2.04,0.784147189177485,0.169260374882534
"5 items, lambda = 1","i05_l1",4,0.75,2.06,0.787513155877461,0.167336185197383
"5 items, lambda = 1","i05_l1",4,0.75,2.08,0.790840634786937,0.165411725156732
"5 items, lambda = 1","i05_l1",4,0.75,2.1,0.794129628199053,0.163487761815487
"5 items, lambda = 1","i05_l1",4,0.75,2.12,0.79738015356887,0.161565044263356
"5 items, lambda = 1","i05_l1",4,0.75,2.14,0.800592243151332,0.159644303357251
"5 items, lambda = 1","i05_l1",4,0.75,2.16,0.803765943634221,0.157726251488011
"5 items, lambda = 1","i05_l1",4,0.75,2.18,0.806901315766784,0.155811582380617
"5 items, lambda = 1","i05_l1",4,0.75,2.2,0.809998433984687,0.153900970927042
"5 items, lambda = 1","i05_l1",4,0.75,2.22,0.813057386031954,0.15199507305084
"5 items, lambda = 1","i05_l1",4,0.75,2.24,0.816078272580496,0.15009452560253
"5 items, lambda = 1","i05_l1",4,0.75,2.26,0.819061206847858,0.148199946284788
"5 items, lambda = 1","i05_l1",4,0.75,2.28,0.822006314213753,0.146311933606473
"5 items, lambda = 1","i05_l1",4,0.75,2.3,0.82491373183596,0.14443106686443
"5 items, lambda = 1","i05_l1",4,0.75,2.32,0.827783608266122,0.142557906152041
"5 items, lambda = 1","i05_l1",4,0.75,2.34,0.830616103065981,0.140692992393464
"5 items, lambda = 1","i05_l1",4,0.75,2.36,0.83341138642454,0.138836847402466
"5 items, lambda = 1","i05_l1",4,0.75,2.38,0.836169638776641,0.136989973964783
"5 items, lambda = 1","i05_l1",4,0.75,2.4,0.838891050423415,0.135152855942915
"5 items, lambda = 1","i05_l1",4,0.75,2.42,0.841575821155044,0.133325958402257
"5 items, lambda = 1","i05_l1",4,0.75,2.44,0.844224159876253,0.131509727757488
"5 items, lambda = 1","i05_l1",4,0.75,2.46,0.846836284234914,0.129704591938118
"5 items, lambda = 1","i05_l1",4,0.75,2.48,0.849412420254156,0.127910960572133
"5 items, lambda = 1","i05_l1",4,0.75,2.5,0.851952801968311,0.126129225186655
"5 items, lambda = 1","i05_l1",4,0.75,2.52,0.854457671063035,0.124359759424569
"5 items, lambda = 1","i05_l1",4,0.75,2.54,0.856927276519919,0.122602919276073
"5 items, lambda = 1","i05_l1",4,0.75,2.56,0.859361874265866,0.120859043324124
"5 items, lambda = 1","i05_l1",4,0.75,2.58,0.861761726827506,0.119128453002781
"5 items, lambda = 1","i05_l1",4,0.75,2.6,0.864127102990906,0.11741145286745
"5 items, lambda = 1","i05_l1",4,0.75,2.62,0.866458277466788,0.115708330876075
"5 items, lambda = 1","i05_l1",4,0.75,2.64,0.868755530561477,0.114019358680324
"5 items, lambda = 1","i05_l1",4,0.75,2.66,0.871019147853764,0.112344791925867
"5 items, lambda = 1","i05_l1",4,0.75,2.68,0.873249419877859,0.110684870560842
"5 items, lambda = 1","i05_l1",4,0.75,2.7,0.875446641812584,0.109039819151654
"5 items, lambda = 1","i05_l1",4,0.75,2.72,0.877611113176951,0.107409847205264
"5 items, lambda = 1","i05_l1",4,0.75,2.74,0.879743137532249,0.105795149497163
"5 items, lambda = 1","i05_l1",4,0.75,2.76,0.88184302219073,0.104195906404249
"5 items, lambda = 1","i05_l1",4,0.75,2.78,0.883911077931005,0.102612284241854
"5 items, lambda = 1","i05_l1",4,0.75,2.8,0.885947618720209,0.1010444356042
"5 items, lambda = 1","i05_l1",4,0.75,2.82,0.88795296144301,0.0994924997075986
"5 items, lambda = 1","i05_l1",4,0.75,2.84,0.889927425637497,0.0979566027357143
"5 items, lambda = 1","i05_l1",4,0.75,2.86,0.891871333237996,0.0964368581862751
"5 items, lambda = 1","i05_l1",4,0.75,2.88,0.893785008324824,0.094933367218618
"5 items, lambda = 1","i05_l1",4,0.75,2.9,0.895668776880999,0.0934462190014945
"5 items, lambda = 1","i05_l1",4,0.75,2.92,0.897522966555903,0.0919754910605947
"5 items, lambda = 1","i05_l1",4,0.75,2.94,0.899347906435893,0.0905212496252691
"5 items, lambda = 1","i05_l1",4,0.75,2.96,0.901143926821831,0.0890835499739618
"5 items, lambda = 1","i05_l1",4,0.75,2.98,0.902911359013501,0.0876624367778936
"5 items, lambda = 1","i05_l1",4,0.75,3,0.90465053510089,0.086257944442563
"5 items, lambda = 1","i05_l1",4,0.75,3.02,0.906361787762264,0.0848700974466564
"5 items, lambda = 1","i05_l1",4,0.75,3.04,0.908045450068996,0.0834989106779908
"5 items, lambda = 1","i05_l1",4,0.75,3.06,0.90970185529708,0.0821443897661303
"5 items, lambda = 1","i05_l1",4,0.75,3.08,0.911331336745267,0.080806531411352
"5 items, lambda = 1","i05_l1",4,0.75,3.1,0.912934227559729,0.0794853237096501
"5 items, lambda = 1","i05_l1",4,0.75,3.12,0.914510860565194,0.0781807464735026
"5 items, lambda = 1","i05_l1",4,0.75,3.14,0.916061568102442,0.0768927715481371
"5 items, lambda = 1","i05_l1",4,0.75,3.16,0.917586681872087,0.0756213631230603
"5 items, lambda = 1","i05_l1",4,0.75,3.18,0.919086532784535,0.0743664780386371
"5 items, lambda = 1","i05_l1",4,0.75,3.2,0.920561450816022,0.073128066087523
"5 items, lambda = 1","i05_l1",4,0.75,3.22,0.922011764870634,0.071906070310773
"5 items, lambda = 1","i05_l1",4,0.75,3.24,0.923437802648188,0.0707004272884743
"5 items, lambda = 1","i05_l1",4,0.75,3.26,0.924839890517873,0.0695110674247613
"5 items, lambda = 1","i05_l1",4,0.75,3.28,0.926218353397535,0.0683379152270941
"5 items, lambda = 1","i05_l1",4,0.75,3.3,0.927573514638482,0.0671808895796956
"5 items, lambda = 1","i05_l1",4,0.75,3.32,0.928905695915713,0.066039904011058
"5 items, lambda = 1","i05_l1",4,0.75,3.34,0.93021521712342,0.0649148669554487
"5 items, lambda = 1","i05_l1",4,0.75,3.36,0.931502396275674,0.0638056820083512
"5 items, lambda = 1","i05_l1",4,0.75,3.38,0.93276754941215,0.0627122481758023
"5 items, lambda = 1","i05_l1",4,0.75,3.4,0.934010990508781,0.0616344601175866
"5 items, lambda = 1","i05_l1",4,0.75,3.42,0.935233031393214,0.0605722083842732
"5 items, lambda = 1","i05_l1",4,0.75,3.44,0.936433981664945,0.0595253796480827
"5 items, lambda = 1","i05_l1",4,0.75,3.46,0.937614148620005,0.0584938569275878
"5 items, lambda = 1","i05_l1",4,0.75,3.48,0.938773837180092,0.057477519806258
"5 items, lambda = 1","i05_l1",4,0.75,3.5,0.939913349825992,0.056476244644874
"5 items, lambda = 1","i05_l1",4,0.75,3.52,0.941032986535208,0.0554899047878348
"5 items, lambda = 1","i05_l1",4,0.75,3.54,0.942133044723639,0.0545183707634046
"5 items, lambda = 1","i05_l1",4,0.75,3.56,0.943213819191211,0.0535615104779401
"5 items, lambda = 1","i05_l1",4,0.75,3.58,0.944275602071335,0.0526191894041532
"5 items, lambda = 1","i05_l1",4,0.75,3.6,0.945318682784059,0.0516912707634705
"5 items, lambda = 1","i05_l1",4,0.75,3.62,0.946343347992828,0.0507776157025532
"5 items, lambda = 1","i05_l1",4,0.75,3.64,0.947349881564697,0.0498780834640514
"5 items, lambda = 1","i05_l1",4,0.75,3.66,0.948338564533915,0.0489925315516684
"5 items, lambda = 1","i05_l1",4,0.75,3.68,0.949309675068749,0.0481208158896149
"5 items, lambda = 1","i05_l1",4,0.75,3.7,0.950263488441443,0.0472627909765422
"5 items, lambda = 1","i05_l1",4,0.75,3.72,0.9512002770012,0.0464183100340404
"5 items, lambda = 1","i05_l1",4,0.75,3.74,0.952120310150081,0.0455872251497945
"5 items, lambda = 1","i05_l1",4,0.75,3.76,0.953023854321716,0.0447693874154963
"5 items, lambda = 1","i05_l1",4,0.75,3.78,0.95391117296272,0.0439646470596074
"5 items, lambda = 1","i05_l1",4,0.75,3.8,0.954782526516712,0.0431728535750757
"5 items, lambda = 1","i05_l1",4,0.75,3.82,0.955638172410844,0.0423938558421063
"5 items, lambda = 1","i05_l1",4,0.75,3.84,0.956478365044728,0.0416275022460922
"5 items, lambda = 1","i05_l1",4,0.75,3.86,0.957303355781686,0.0408736407908085
"5 items, lambda = 1","i05_l1",4,0.75,3.88,0.958113392942207,0.0401321192069788
"5 items, lambda = 1","i05_l1",4,0.75,3.9,0.958908721799535,0.039402785056317
"5 items, lambda = 1","i05_l1",4,0.75,3.92,0.959689584577291,0.0386854858311579
"5 items, lambda = 1","i05_l1",4,0.75,3.94,0.960456220449047,0.0379800690497786
"5 items, lambda = 1","i05_l1",4,0.75,3.96,0.961208865539764,0.037286382347524
"5 items, lambda = 1","i05_l1",4,0.75,3.98,0.961947752929008,0.0366042735638403
"5 items, lambda = 1","i05_l1",4,0.75,4,0.962673112655871,0.035933590825328
"5 items, lambda = 1","i05_l1",5,1.5,-4,0.00407013771589613,0.00405357169486977
"5 items, lambda = 1","i05_l1",5,1.5,-3.98,0.00415201856360064,0.00413477930544816
"5 items, lambda = 1","i05_l1",5,1.5,-3.96,0.00423553964084342,0.00421759984479427
"5 items, lambda = 1","i05_l1",5,1.5,-3.94,0.00432073351991192,0.00430206478176183
"5 items, lambda = 1","i05_l1",5,1.5,-3.92,0.00440763340836281,0.00438820617610029
"5 items, lambda = 1","i05_l1",5,1.5,-3.9,0.00449627316094118,0.00447605668860338
"5 items, lambda = 1","i05_l1",5,1.5,-3.88,0.00458668729170402,0.00456564959139214
"5 items, lambda = 1","i05_l1",5,1.5,-3.86,0.00467891098635071,0.00465701877833251
"5 items, lambda = 1","i05_l1",5,1.5,-3.84,0.0047729801147632,0.00475019877558728
"5 items, lambda = 1","i05_l1",5,1.5,-3.82,0.00486893124375864,0.00484522475230219
"5 items, lambda = 1","i05_l1",5,1.5,-3.8,0.00496680165005696,0.00494213253142595
"5 items, lambda = 1","i05_l1",5,1.5,-3.78,0.00506662933346626,0.00504095860066352
"5 items, lambda = 1","i05_l1",5,1.5,-3.76,0.00516845303028857,0.00514174012356227
"5 items, lambda = 1","i05_l1",5,1.5,-3.74,0.00527231222694867,0.00524451495073024
"5 items, lambda = 1","i05_l1",5,1.5,-3.72,0.00537824717384861,0.0053493216311856
"5 items, lambda = 1","i05_l1",5,1.5,-3.7,0.0054862988994504,0.00545619942383629
"5 items, lambda = 1","i05_l1",5,1.5,-3.68,0.0055965092245898,0.00556518830908888
"5 items, lambda = 1","i05_l1",5,1.5,-3.66,0.00570892077702334,0.00567632900058501
"5 items, lambda = 1","i05_l1",5,1.5,-3.64,0.00582357700621151,0.00578966295706424
"5 items, lambda = 1","i05_l1",5,1.5,-3.62,0.00594052219834037,0.00590523239435139
"5 items, lambda = 1","i05_l1",5,1.5,-3.6,0.00605980149158412,0.00602308029746671
"5 items, lambda = 1","i05_l1",5,1.5,-3.58,0.00618146089161114,0.00614325043285663
"5 items, lambda = 1","i05_l1",5,1.5,-3.56,0.00630554728733586,0.00626578736074303
"5 items, lambda = 1","i05_l1",5,1.5,-3.54,0.00643210846691863,0.00639073644758843
"5 items, lambda = 1","i05_l1",5,1.5,-3.52,0.00656119313401623,0.00651814387867437
"5 items, lambda = 1","i05_l1",5,1.5,-3.5,0.00669285092428486,0.00664805667079015
"5 items, lambda = 1","i05_l1",5,1.5,-3.48,0.00682713242213816,0.00678052268502875
"5 items, lambda = 1","i05_l1",5,1.5,-3.46,0.00696408917776209,0.00691559063968627
"5 items, lambda = 1","i05_l1",5,1.5,-3.44,0.00710377372438878,0.00705331012326147
"5 items, lambda = 1","i05_l1",5,1.5,-3.42,0.00724623959583143,0.00719373160755123
"5 items, lambda = 1","i05_l1",5,1.5,-3.4,0.00739154134428197,0.00733690646083774
"5 items, lambda = 1","i05_l1",5,1.5,-3.38,0.00753973455837339,0.00748288696116266
"5 items, lambda = 1","i05_l1",5,1.5,-3.36,0.00769087588150834,0.00763172630968357
"5 items, lambda = 1","i05_l1",5,1.5,-3.34,0.00784502303045563,0.00778347864410725
"5 items, lambda = 1","i05_l1",5,1.5,-3.32,0.00800223481421624,0.00793819905219439
"5 items, lambda = 1","i05_l1",5,1.5,-3.3,0.0081625711531599,0.0080959435853295
"5 items, lambda = 1","i05_l1",5,1.5,-3.28,0.00832609309843378,0.00825676927214999
"5 items, lambda = 1","i05_l1",5,1.5,-3.26,0.00849286285164435,0.00842073413222751
"5 items, lambda = 1","i05_l1",5,1.5,-3.24,0.00866294378481316,0.00858789718979433
"5 items, lambda = 1","i05_l1",5,1.5,-3.22,0.00883640046060772,0.00875831848750749
"5 items, lambda = 1","i05_l1",5,1.5,-3.2,0.00901329865284782,0.00893205910024239
"5 items, lambda = 1","i05_l1",5,1.5,-3.18,0.00919370536728809,0.00910918114890759
"5 items, lambda = 1","i05_l1",5,1.5,-3.16,0.00937768886267686,0.00928974781427168
"5 items, lambda = 1","i05_l1",5,1.5,-3.14,0.00956531867209167,0.009473823350793
"5 items, lambda = 1","i05_l1",5,1.5,-3.12,0.00975666562455136,0.00966147310044205
"5 items, lambda = 1","i05_l1",5,1.5,-3.1,0.00995180186690432,0.0098527635065062
"5 items, lambda = 1","i05_l1",5,1.5,-3.08,0.0101508008859927,0.0100477621273656
"5 items, lambda = 1","i05_l1",5,1.5,-3.06,0.0103537375310917,0.010246537650229
"5 items, lambda = 1","i05_l1",5,1.5,-3.04,0.0105606880366231,0.0104491599048162
"5 items, lambda = 1","i05_l1",5,1.5,-3.02,0.0107717300451416,0.0106556998769762
"5 items, lambda = 1","i05_l1",5,1.5,-3,0.0109869426305932,0.0108662297222252
"5 items, lambda = 1","i05_l1",5,1.5,-2.98,0.0112064063218429,0.0110808227791926
"5 items, lambda = 1","i05_l1",5,1.5,-2.96,0.0114302031264707,0.0112995535829583
"5 items, lambda = 1","i05_l1",5,1.5,-2.94,0.0116584165548331,0.0115224978782671
"5 items, lambda = 1","i05_l1",5,1.5,-2.92,0.011891131644387,0.0117497326326029
"5 items, lambda = 1","i05_l1",5,1.5,-2.9,0.0121284349842742,0.0119813360491065
"5 items, lambda = 1","i05_l1",5,1.5,-2.88,0.0123704147401624,0.0122173875793188
"5 items, lambda = 1","i05_l1",5,1.5,-2.86,0.0126171606793387,0.0124579679357305
"5 items, lambda = 1","i05_l1",5,1.5,-2.84,0.0128687641960525,0.0127031591041189
"5 items, lambda = 1","i05_l1",5,1.5,-2.82,0.0131253183371028,0.0129530443556525
"5 items, lambda = 1","i05_l1",5,1.5,-2.8,0.0133869178276648,0.0132077082587401
"5 items, lambda = 1","i05_l1",5,1.5,-2.78,0.0136536590973509,0.0134672366906042
"5 items, lambda = 1","i05_l1",5,1.5,-2.76,0.0139256403065004,0.0137317168485544
"5 items, lambda = 1","i05_l1",5,1.5,-2.74,0.0142029613726911,0.014001237260937
"5 items, lambda = 1","i05_l1",5,1.5,-2.72,0.0144857239974669,0.0142758877977361
"5 items, lambda = 1","i05_l1",5,1.5,-2.7,0.0147740316932731,0.0145557596807992
"5 items, lambda = 1","i05_l1",5,1.5,-2.68,0.0150679898105928,0.0148409454936607
"5 items, lambda = 1","i05_l1",5,1.5,-2.66,0.0153677055652755,0.0151315391909345
"5 items, lambda = 1","i05_l1",5,1.5,-2.64,0.0156732880660486,0.0154276361072472
"5 items, lambda = 1","i05_l1",5,1.5,-2.62,0.0159848483422026,0.0157293329656794
"5 items, lambda = 1","i05_l1",5,1.5,-2.6,0.0163024993714409,0.0160367278856851
"5 items, lambda = 1","i05_l1",5,1.5,-2.58,0.0166263561078816,0.0163499203904555
"5 items, lambda = 1","i05_l1",5,1.5,-2.56,0.0169565355102008,0.0166690114136921
"5 items, lambda = 1","i05_l1",5,1.5,-2.54,0.0172931565699054,0.0169941033057542
"5 items, lambda = 1","i05_l1",5,1.5,-2.52,0.0176363403397227,0.0173252998391442
"5 items, lambda = 1","i05_l1",5,1.5,-2.5,0.0179862099620916,0.0176627062132911
"5 items, lambda = 1","i05_l1",5,1.5,-2.48,0.0183428906977433,0.0180064290585939
"5 items, lambda = 1","i05_l1",5,1.5,-2.46,0.0187065099543546,0.0183565764396822
"5 items, lambda = 1","i05_l1",5,1.5,-2.44,0.0190771973152582,0.0187132578578529
"5 items, lambda = 1","i05_l1",5,1.5,-2.42,0.019455084568193,0.0190765842526375
"5 items, lambda = 1","i05_l1",5,1.5,-2.4,0.0198403057340775,0.0194466680024558
"5 items, lambda = 1","i05_l1",5,1.5,-2.38,0.0202329970957854,0.0198236229243073
"5 items, lambda = 1","i05_l1",5,1.5,-2.36,0.0206332972269062,0.0202075642724523
"5 items, lambda = 1","i05_l1",5,1.5,-2.34,0.0210413470204683,0.0205986087360325
"5 items, lambda = 1","i05_l1",5,1.5,-2.32,0.0214572897176035,0.0209968744355783
"5 items, lambda = 1","i05_l1",5,1.5,-2.3,0.0218812709361305,0.0214024809183501
"5 items, lambda = 1","i05_l1",5,1.5,-2.28,0.0223134386990322,0.0218155491524568
"5 items, lambda = 1","i05_l1",5,1.5,-2.26,0.022753943462804,0.0222362015196955
"5 items, lambda = 1","i05_l1",5,1.5,-2.24,0.0232029381456441,0.0226645618070535
"5 items, lambda = 1","i05_l1",5,1.5,-2.22,0.0236605781554612,0.0231007551968105
"5 items, lambda = 1","i05_l1",5,1.5,-2.2,0.0241270214176692,0.0235449082551805
"5 items, lambda = 1","i05_l1",5,1.5,-2.18,0.0246024284027394,0.0239971489194275
"5 items, lambda = 1","i05_l1",5,1.5,-2.16,0.0250869621534798,0.0244576064833897
"5 items, lambda = 1","i05_l1",5,1.5,-2.14,0.0255807883120077,0.0249264115813439
"5 items, lambda = 1","i05_l1",5,1.5,-2.12,0.0260840751463829,0.0254036961701408
"5 items, lambda = 1","i05_l1",5,1.5,-2.1,0.0265969935768659,0.025889593509538
"5 items, lambda = 1","i05_l1",5,1.5,-2.08,0.027119717201763,0.0263842381406594
"5 items, lambda = 1","i05_l1",5,1.5,-2.06,0.0276524223228231,0.0268877658625034
"5 items, lambda = 1","i05_l1",5,1.5,-2.04,0.0281952879701426,0.0274003137064233
"5 items, lambda = 1","i05_l1",5,1.5,-2.02,0.02874849592654,0.0279220199085017
"5 items, lambda = 1","i05_l1",5,1.5,-2,0.0293122307513563,0.0284530238797356
"5 items, lambda = 1","i05_l1",5,1.5,-1.98,0.0298866798036362,0.0289934661739512
"5 items, lambda = 1","i05_l1",5,1.5,-1.96,0.0304720332646442,0.0295434884533626
"5 items, lambda = 1","i05_l1",5,1.5,-1.94,0.0310684841596674,0.0301032334516879
"5 items, lambda = 1","i05_l1",5,1.5,-1.92,0.0316762283790564,0.0306728449347343
"5 items, lambda = 1","i05_l1",5,1.5,-1.9,0.0322954646984505,0.0312524676583616
"5 items, lambda = 1","i05_l1",5,1.5,-1.88,0.0329263947981363,0.0318422473237335
"5 items, lambda = 1","i05_l1",5,1.5,-1.86,0.0335692232814825,0.0324423305297605
"5 items, lambda = 1","i05_l1",5,1.5,-1.84,0.0342241576923959,0.0330528647226419
"5 items, lambda = 1","i05_l1",5,1.5,-1.82,0.0348914085317368,0.0336739981424083
"5 items, lambda = 1","i05_l1",5,1.5,-1.8,0.0355711892726362,0.0343058797663665
"5 items, lambda = 1","i05_l1",5,1.5,-1.78,0.0362637163746483,0.0349486592493474
"5 items, lambda = 1","i05_l1",5,1.5,-1.76,0.036969209296677,0.0356024868606555
"5 items, lambda = 1","i05_l1",5,1.5,-1.74,0.0376878905086059,0.0362675134176173
"5 items, lambda = 1","i05_l1",5,1.5,-1.72,0.0384199855015654,0.0369438902156249
"5 items, lambda = 1","i05_l1",5,1.5,-1.7,0.0391657227967644,0.0376317689545714
"5 items, lambda = 1","i05_l1",5,1.5,-1.68,0.0399253339528138,0.0383313016615701
"5 items, lambda = 1","i05_l1",5,1.5,-1.66,0.0406990535714665,0.0390426406098534
"5 items, lambda = 1","i05_l1",5,1.5,-1.64,0.0414871193016958,0.0397659382337427
"5 items, lambda = 1","i05_l1",5,1.5,-1.62,0.0422897718420338,0.0405013470395825
"5 items, lambda = 1","i05_l1",5,1.5,-1.6,0.0431072549410861,0.0412490195125303
"5 items, lambda = 1","i05_l1",5,1.5,-1.58,0.0439398153961413,0.0420091080190943
"5 items, lambda = 1","i05_l1",5,1.5,-1.56,0.0447877030497867,0.0427817647053109
"5 items, lambda = 1","i05_l1",5,1.5,-1.54,0.0456511707844437,0.0435671413904533
"5 items, lambda = 1","i05_l1",5,1.5,-1.52,0.0465304745147315,0.0443653894561654
"5 items, lambda = 1","i05_l1",5,1.5,-1.5,0.0474258731775668,0.0451766597309121
"5 items, lambda = 1","i05_l1",5,1.5,-1.48,0.0483376287199052,0.0460011023696418
"5 items, lambda = 1","i05_l1",5,1.5,-1.46,0.0492660060840267,0.0468388667285553
"5 items, lambda = 1","i05_l1",5,1.5,-1.44,0.0502112731902665,0.047690101234879
"5 items, lambda = 1","i05_l1",5,1.5,-1.42,0.0511737009170917,0.0485549532515397
"5 items, lambda = 1","i05_l1",5,1.5,-1.4,0.0521535630784177,0.0494335689366432
"5 items, lambda = 1","i05_l1",5,1.5,-1.38,0.0531511363980637,0.0503260930976581
"5 items, lambda = 1","i05_l1",5,1.5,-1.36,0.0541667004812361,0.0512326690402121
"5 items, lambda = 1","i05_l1",5,1.5,-1.34,0.0552005377829343,0.0521534384114091
"5 items, lambda = 1","i05_l1",5,1.5,-1.32,0.0562529335731674,0.0530885410375802
"5 items, lambda = 1","i05_l1",5,1.5,-1.3,0.0573241758988688,0.0540381147563843
"5 items, lambda = 1","i05_l1",5,1.5,-1.28,0.0584145555423963,0.0550022952431806
"5 items, lambda = 1","i05_l1",5,1.5,-1.26,0.0595243659765015,0.055981215831597
"5 items, lambda = 1","i05_l1",5,1.5,-1.24,0.0606539033156522,0.0569750073282277
"5 items, lambda = 1","i05_l1",5,1.5,-1.22,0.0618034662635886,0.0579837978213941
"5 items, lambda = 1","i05_l1",5,1.5,-1.2,0.0629733560569965,0.0590077124839153
"5 items, lambda = 1","i05_l1",5,1.5,-1.18,0.0641638764051739,0.0600468733698355
"5 items, lambda = 1","i05_l1",5,1.5,-1.16,0.0653753334255726,0.0611013992050678
"5 items, lambda = 1","i05_l1",5,1.5,-1.14,0.0666080355750907,0.0621714051719181
"5 items, lambda = 1","i05_l1",5,1.5,-1.12,0.0678622935769945,0.0632570026874643
"5 items, lambda = 1","i05_l1",5,1.5,-1.1,0.0691384203433468,0.0643582991757735
"5 items, lambda = 1","i05_l1",5,1.5,-1.08,0.0704367308928171,0.0654753978339499
"5 items, lambda = 1","i05_l1",5,1.5,-1.06,0.0717575422637513,0.0666083973920173
"5 items, lambda = 1","i05_l1",5,1.5,-1.04,0.0731011734223782,0.0677573918666496
"5 items, lambda = 1","i05_l1",5,1.5,-1.02,0.0744679451660281,0.0689224703087775
"5 items, lambda = 1","i05_l1",5,1.5,-1,0.0758581800212435,0.0701037165451081
"5 items, lambda = 1","i05_l1",5,1.5,-0.98,0.0772722021366599,0.0713012089136111
"5 items, lambda = 1","i05_l1",5,1.5,-0.96,0.0787103371705352,0.0725150199930359
"5 items, lambda = 1","i05_l1",5,1.5,-0.94,0.0801729121728123,0.0737452163265429
"5 items, lambda = 1","i05_l1",5,1.5,-0.92,0.0816602554615947,0.0749918581395418
"5 items, lambda = 1","i05_l1",5,1.5,-0.9,0.0831726964939224,0.0762549990518522
"5 items, lambda = 1","i05_l1",5,1.5,-0.88,0.0847105657307358,0.0775346857843145
"5 items, lambda = 1","i05_l1",5,1.5,-0.86,0.0862741944959167,0.0788309578599974
"5 items, lambda = 1","i05_l1",5,1.5,-0.84,0.0878639148293013,0.0801438473001705
"5 items, lambda = 1","i05_l1",5,1.5,-0.82,0.0894800593335614,0.0814733783152238
"5 items, lambda = 1","i05_l1",5,1.5,-0.8,0.0911229610148562,0.0828195669907412
"5 items, lambda = 1","i05_l1",5,1.5,-0.78,0.092792953117157,0.0841824209689541
"5 items, lambda = 1","i05_l1",5,1.5,-0.76,0.0944903689501593,0.0855619391258221
"5 items, lambda = 1","i05_l1",5,1.5,-0.74,0.0962155417106929,0.0869581112440108
"5 items, lambda = 1","i05_l1",5,1.5,-0.72,0.097968804297554,0.0883709176820615
"5 items, lambda = 1","i05_l1",5,1.5,-0.7,0.0997504891196852,0.0898003290400687
"5 items, lambda = 1","i05_l1",5,1.5,-0.68,0.101560927897637,0.0912463058222077
"5 items, lambda = 1","i05_l1",5,1.5,-0.66,0.10340045145825,0.0927087980964797
"5 items, lambda = 1","i05_l1",5,1.5,-0.64,0.10526938952251,0.0941877451520679
"5 items, lambda = 1","i05_l1",5,1.5,-0.62,0.107168070486528,0.0956830751547227
"5 items, lambda = 1","i05_l1",5,1.5,-0.6,0.109096821195613,0.0971947048006254
"5 items, lambda = 1","i05_l1",5,1.5,-0.58,0.111055966711408,0.0987225389692023
"5 items, lambda = 1","i05_l1",5,1.5,-0.56,0.113045830072079,0.100266470375394
"5 items, lambda = 1","i05_l1",5,1.5,-0.54,0.11506673204555,0.101826379221907
"5 items, lambda = 1","i05_l1",5,1.5,-0.52,0.117118990875781,0.103402132852019
"5 items, lambda = 1","i05_l1",5,1.5,-0.5,0.119202922022118,0.104993585403507
"5 items, lambda = 1","i05_l1",5,1.5,-0.48,0.121318837891737,0.106600577464335
"5 items, lambda = 1","i05_l1",5,1.5,-0.46,0.123467047565224,0.108222935730751
"5 items, lambda = 1","i05_l1",5,1.5,-0.44,0.125647856515346,0.109860472668445
"5 items, lambda = 1","i05_l1",5,1.5,-0.42,0.127861566319081,0.111512986177512
"5 items, lambda = 1","i05_l1",5,1.5,-0.4,0.130108474362998,0.113180259261931
"5 items, lambda = 1","i05_l1",5,1.5,-0.38,0.132388873542065,0.114862059704328
"5 items, lambda = 1","i05_l1",5,1.5,-0.36,0.134703051952028,0.116558139746837
"5 items, lambda = 1","i05_l1",5,1.5,-0.34,0.13705129257546,0.118268235778855
"5 items, lambda = 1","i05_l1",5,1.5,-0.32,0.13943387296165,0.119992068032565
"5 items, lambda = 1","i05_l1",5,1.5,-0.3,0.141851064900488,0.121729340287085
"5 items, lambda = 1","i05_l1",5,1.5,-0.28,0.144303134090519,0.123479739582173
"5 items, lambda = 1","i05_l1",5,1.5,-0.26,0.146790339801382,0.125242935942377
"5 items, lambda = 1","i05_l1",5,1.5,-0.24,0.149312934530844,0.127018582112632
"5 items, lambda = 1","i05_l1",5,1.5,-0.22,0.151871163656659,0.128806313306232
"5 items, lambda = 1","i05_l1",5,1.5,-0.2,0.154465265083535,0.130605746966208
"5 items, lambda = 1","i05_l1",5,1.5,-0.18,0.157095468885453,0.132416482541112
"5 items, lambda = 1","i05_l1",5,1.5,-0.16,0.159761996943669,0.13423810127624
"5 items, lambda = 1","i05_l1",5,1.5,-0.14,0.162465062580696,0.136070166021347
"5 items, lambda = 1","i05_l1",5,1.5,-0.12,0.165204870190615,0.137912221055917
"5 items, lambda = 1","i05_l1",5,1.5,-0.1,0.167981614866076,0.139763791933061
"5 items, lambda = 1","i05_l1",5,1.5,-0.0800000000000001,0.170795482022374,0.141624385343119
"5 items, lambda = 1","i05_l1",5,1.5,-0.06,0.173646647019005,0.143493488998062
"5 items, lambda = 1","i05_l1",5,1.5,-0.04,0.176535274779117,0.145370571537778
"5 items, lambda = 1","i05_l1",5,1.5,-0.02,0.179461519407327,0.14725508245934
"5 items, lambda = 1","i05_l1",5,1.5,0,0.182425523806356,0.149146452070333
"5 items, lambda = 1","i05_l1",5,1.5,0.0200000000000005,0.185427419292982,0.151044091467327
"5 items, lambda = 1","i05_l1",5,1.5,0.04,0.188467325213819,0.152947392540568
"5 items, lambda = 1","i05_l1",5,1.5,0.0600000000000005,0.191545348561468,0.154855728005933
"5 items, lambda = 1","i05_l1",5,1.5,0.0800000000000001,0.194661583591578,0.156768451465197
"5 items, lambda = 1","i05_l1",5,1.5,0.0999999999999996,0.197816111441418,0.158684897495615
"5 items, lambda = 1","i05_l1",5,1.5,0.12,0.201008999750529,0.160604381769821
"5 items, lambda = 1","i05_l1",5,1.5,0.14,0.204240302284092,0.162526201206995
"5 items, lambda = 1","i05_l1",5,1.5,0.16,0.207510058559636,0.164449634156212
"5 items, lambda = 1","i05_l1",5,1.5,0.18,0.210818293477747,0.166373940612878
"5 items, lambda = 1","i05_l1",5,1.5,0.2,0.214165016957441,0.16829836246906
"5 items, lambda = 1","i05_l1",5,1.5,0.22,0.217550223576887,0.170222123798534
"5 items, lambda = 1","i05_l1",5,1.5,0.24,0.220973892220188,0.172144431177249
"5 items, lambda = 1","i05_l1",5,1.5,0.26,0.224435985730927,0.174064474039914
"5 items, lambda = 1","i05_l1",5,1.5,0.28,0.227936450573216,0.1759814250733
"5 items, lambda = 1","i05_l1",5,1.5,0.3,0.231475216500982,0.177894440646806
"5 items, lambda = 1","i05_l1",5,1.5,0.32,0.235052196236235,0.179802661280758
"5 items, lambda = 1","i05_l1",5,1.5,0.34,0.23866728515709,0.181705212152834
"5 items, lambda = 1","i05_l1",5,1.5,0.36,0.242320360996295,0.18360120364292
"5 items, lambda = 1","i05_l1",5,1.5,0.38,0.246011283551052,0.185489731916616
"5 items, lambda = 1","i05_l1",5,1.5,0.4,0.249739894404882,0.187369879547521
"5 items, lambda = 1","i05_l1",5,1.5,0.42,0.253506016662338,0.189240716178332
"5 items, lambda = 1","i05_l1",5,1.5,0.44,0.257309454697314,0.191101299220685
"5 items, lambda = 1","i05_l1",5,1.5,0.46,0.261149993915751,0.192950674593554
"5 items, lambda = 1","i05_l1",5,1.5,0.48,0.265027400533481,0.194787877499947
"5 items, lambda = 1","i05_l1",5,1.5,0.5,0.268941421369995,0.196611933241482
"5 items, lambda = 1","i05_l1",5,1.5,0.52,0.272891783658871,0.198421858070351
"5 items, lambda = 1","i05_l1",5,1.5,0.54,0.27687819487561,0.200216660078034
"5 items, lambda = 1","i05_l1",5,1.5,0.56,0.280900342583616,0.201995340120023
"5 items, lambda = 1","i05_l1",5,1.5,0.58,0.28495789429901,0.203756892775684
"5 items, lambda = 1","i05_l1",5,1.5,0.6,0.289050497374996,0.205500307342263
"5 items, lambda = 1","i05_l1",5,1.5,0.62,0.293177778906432,0.207224568861923
"5 items, lambda = 1","i05_l1",5,1.5,0.64,0.297339345655268,0.208928659180565
"5 items, lambda = 1","i05_l1",5,1.5,0.66,0.301534783997461,0.210611558037066
"5 items, lambda = 1","i05_l1",5,1.5,0.68,0.305763659891969,0.212272244181437
"5 items, lambda = 1","i05_l1",5,1.5,0.7,0.310025518872388,0.213909696520294
"5 items, lambda = 1","i05_l1",5,1.5,0.72,0.314319886061746,0.215522895287877
"5 items, lambda = 1","i05_l1",5,1.5,0.74,0.318646266210975,0.217110823240779
"5 items, lambda = 1","i05_l1",5,1.5,0.76,0.323004143761477,0.218672466874392
"5 items, lambda = 1","i05_l1",5,1.5,0.78,0.32739298293224,0.22020681765897
"5 items, lambda = 1","i05_l1",5,1.5,0.8,0.331812227831834,0.221712873293109
"5 items, lambda = 1","i05_l1",5,1.5,0.82,0.336261302595647,0.223189638972326
"5 items, lambda = 1","i05_l1",5,1.5,0.84,0.340739611548615,0.224636128670314
"5 items, lambda = 1","i05_l1",5,1.5,0.86,0.345246539393681,0.226051366430368
"5 items, lambda = 1","i05_l1",5,1.5,0.88,0.349781451426173,0.227434387664373
"5 items, lambda = 1","i05_l1",5,1.5,0.9,0.354343693774205,0.228784240456657
"5 items, lambda = 1","i05_l1",5,1.5,0.92,0.358932593665183,0.230099986869968
"5 items, lambda = 1","i05_l1",5,1.5,0.94,0.363547459718434,0.231380704250708
"5 items, lambda = 1","i05_l1",5,1.5,0.96,0.368187582263898,0.232625486530563
"5 items, lambda = 1","i05_l1",5,1.5,0.98,0.372852233686805,0.233833445521565
"5 items, lambda = 1","i05_l1",5,1.5,1,0.377540668798145,0.235003712201594
"5 items, lambda = 1","i05_l1",5,1.5,1.02,0.382252125230751,0.236135437987325
"5 items, lambda = 1","i05_l1",5,1.5,1.04,0.386985823860665,0.237227795991547
"5 items, lambda = 1","i05_l1",5,1.5,1.06,0.391740969253486,0.238279982261825
"5 items, lambda = 1","i05_l1",5,1.5,1.08,0.396516750135274,0.239291216997435
"5 items, lambda = 1","i05_l1",5,1.5,1.1,0.401312339887548,0.240260745741529
"5 items, lambda = 1","i05_l1",5,1.5,1.12,0.406126897065857,0.241187840545516
"5 items, lambda = 1","i05_l1",5,1.5,1.14,0.410959565941335,0.242071801102645
"5 items, lambda = 1","i05_l1",5,1.5,1.16,0.415809477064593,0.242911955847863
"5 items, lambda = 1","i05_l1",5,1.5,1.18,0.42067574785125,0.243707663021042
"5 items, lambda = 1","i05_l1",5,1.5,1.2,0.425557483188341,0.244458311690746
"5 items, lambda = 1","i05_l1",5,1.5,1.22,0.430453776060771,0.245163322735795
"5 items, lambda = 1","i05_l1",5,1.5,1.24,0.435363708196971,0.245822149781954
"5 items, lambda = 1","i05_l1",5,1.5,1.26,0.440286350732807,0.246434280091195
"5 items, lambda = 1","i05_l1",5,1.5,1.28,0.445220764892785,0.246999235401069
"5 items, lambda = 1","i05_l1",5,1.5,1.3,0.450166002687522,0.24751657271186
"5 items, lambda = 1","i05_l1",5,1.5,1.32,0.45512110762642,0.247985885019321
"5 items, lambda = 1","i05_l1",5,1.5,1.34,0.460085115444434,0.248406801990916
"5 items, lambda = 1","i05_l1",5,1.5,1.36,0.465057054841786,0.24877899058367
"5 items, lambda = 1","i05_l1",5,1.5,1.38,0.470035948235428,0.24910215560185
"5 items, lambda = 1","i05_l1",5,1.5,1.4,0.47502081252106,0.249376040192892
"5 items, lambda = 1","i05_l1",5,1.5,1.42,0.480010659844418,0.249600426280144
"5 items, lambda = 1","i05_l1",5,1.5,1.44,0.48500449838059,0.249775134931182
"5 items, lambda = 1","i05_l1",5,1.5,1.46,0.490001333120035,0.249900026660623
"5 items, lambda = 1","i05_l1",5,1.5,1.48,0.49500016666,0.249975001666572
"5 items, lambda = 1","i05_l1",5,1.5,1.5,0.5,0.25
"5 items, lambda = 1","i05_l1",5,1.5,1.52,0.50499983334,0.249975001666572
"5 items, lambda = 1","i05_l1",5,1.5,1.54,0.509998666879966,0.249900026660623
"5 items, lambda = 1","i05_l1",5,1.5,1.56,0.51499550161941,0.249775134931182
"5 items, lambda = 1","i05_l1",5,1.5,1.58,0.519989340155582,0.249600426280144
"5 items, lambda = 1","i05_l1",5,1.5,1.6,0.52497918747894,0.249376040192892
"5 items, lambda = 1","i05_l1",5,1.5,1.62,0.529964051764572,0.24910215560185
"5 items, lambda = 1","i05_l1",5,1.5,1.64,0.534942945158214,0.24877899058367
"5 items, lambda = 1","i05_l1",5,1.5,1.66,0.539914884555566,0.248406801990916
"5 items, lambda = 1","i05_l1",5,1.5,1.68,0.54487889237358,0.247985885019321
"5 items, lambda = 1","i05_l1",5,1.5,1.7,0.549833997312478,0.24751657271186
"5 items, lambda = 1","i05_l1",5,1.5,1.72,0.554779235107215,0.246999235401068
"5 items, lambda = 1","i05_l1",5,1.5,1.74,0.559713649267193,0.246434280091195
"5 items, lambda = 1","i05_l1",5,1.5,1.76,0.564636291803029,0.245822149781954
"5 items, lambda = 1","i05_l1",5,1.5,1.78,0.569546223939229,0.245163322735795
"5 items, lambda = 1","i05_l1",5,1.5,1.8,0.574442516811659,0.244458311690746
"5 items, lambda = 1","i05_l1",5,1.5,1.82,0.57932425214875,0.243707663021042
"5 items, lambda = 1","i05_l1",5,1.5,1.84,0.584190522935407,0.242911955847863
"5 items, lambda = 1","i05_l1",5,1.5,1.86,0.589040434058665,0.242071801102644
"5 items, lambda = 1","i05_l1",5,1.5,1.88,0.593873102934143,0.241187840545516
"5 items, lambda = 1","i05_l1",5,1.5,1.9,0.598687660112452,0.240260745741529
"5 items, lambda = 1","i05_l1",5,1.5,1.92,0.603483249864726,0.239291216997435
"5 items, lambda = 1","i05_l1",5,1.5,1.94,0.608259030746515,0.238279982261825
"5 items, lambda = 1","i05_l1",5,1.5,1.96,0.613014176139336,0.237227795991547
"5 items, lambda = 1","i05_l1",5,1.5,1.98,0.617747874769249,0.236135437987325
"5 items, lambda = 1","i05_l1",5,1.5,2,0.622459331201855,0.235003712201594
"5 items, lambda = 1","i05_l1",5,1.5,2.02,0.627147766313196,0.233833445521565
"5 items, lambda = 1","i05_l1",5,1.5,2.04,0.631812417736102,0.232625486530563
"5 items, lambda = 1","i05_l1",5,1.5,2.06,0.636452540281566,0.231380704250708
"5 items, lambda = 1","i05_l1",5,1.5,2.08,0.641067406334817,0.230099986869968
"5 items, lambda = 1","i05_l1",5,1.5,2.1,0.645656306225796,0.228784240456657
"5 items, lambda = 1","i05_l1",5,1.5,2.12,0.650218548573827,0.227434387664373
"5 items, lambda = 1","i05_l1",5,1.5,2.14,0.654753460606319,0.226051366430368
"5 items, lambda = 1","i05_l1",5,1.5,2.16,0.659260388451385,0.224636128670314
"5 items, lambda = 1","i05_l1",5,1.5,2.18,0.663738697404353,0.223189638972326
"5 items, lambda = 1","i05_l1",5,1.5,2.2,0.668187772168166,0.221712873293109
"5 items, lambda = 1","i05_l1",5,1.5,2.22,0.67260701706776,0.22020681765897
"5 items, lambda = 1","i05_l1",5,1.5,2.24,0.676995856238523,0.218672466874392
"5 items, lambda = 1","i05_l1",5,1.5,2.26,0.681353733789026,0.217110823240779
"5 items, lambda = 1","i05_l1",5,1.5,2.28,0.685680113938254,0.215522895287877
"5 items, lambda = 1","i05_l1",5,1.5,2.3,0.689974481127613,0.213909696520294
"5 items, lambda = 1","i05_l1",5,1.5,2.32,0.694236340108031,0.212272244181437
"5 items, lambda = 1","i05_l1",5,1.5,2.34,0.698465216002539,0.210611558037066
"5 items, lambda = 1","i05_l1",5,1.5,2.36,0.702660654344732,0.208928659180565
"5 items, lambda = 1","i05_l1",5,1.5,2.38,0.706822221093568,0.207224568861923
"5 items, lambda = 1","i05_l1",5,1.5,2.4,0.710949502625004,0.205500307342263
"5 items, lambda = 1","i05_l1",5,1.5,2.42,0.71504210570099,0.203756892775684
"5 items, lambda = 1","i05_l1",5,1.5,2.44,0.719099657416384,0.201995340120023
"5 items, lambda = 1","i05_l1",5,1.5,2.46,0.72312180512439,0.200216660078034
"5 items, lambda = 1","i05_l1",5,1.5,2.48,0.72710821634113,0.198421858070351
"5 items, lambda = 1","i05_l1",5,1.5,2.5,0.731058578630005,0.196611933241482
"5 items, lambda = 1","i05_l1",5,1.5,2.52,0.734972599466519,0.194787877499947
"5 items, lambda = 1","i05_l1",5,1.5,2.54,0.738850006084249,0.192950674593554
"5 items, lambda = 1","i05_l1",5,1.5,2.56,0.742690545302686,0.191101299220685
"5 items, lambda = 1","i05_l1",5,1.5,2.58,0.746493983337662,0.189240716178332
"5 items, lambda = 1","i05_l1",5,1.5,2.6,0.750260105595118,0.187369879547521
"5 items, lambda = 1","i05_l1",5,1.5,2.62,0.753988716448948,0.185489731916616
"5 items, lambda = 1","i05_l1",5,1.5,2.64,0.757679639003705,0.18360120364292
"5 items, lambda = 1","i05_l1",5,1.5,2.66,0.76133271484291,0.181705212152834
"5 items, lambda = 1","i05_l1",5,1.5,2.68,0.764947803763765,0.179802661280758
"5 items, lambda = 1","i05_l1",5,1.5,2.7,0.768524783499018,0.177894440646806
"5 items, lambda = 1","i05_l1",5,1.5,2.72,0.772063549426784,0.1759814250733
"5 items, lambda = 1","i05_l1",5,1.5,2.74,0.775564014269074,0.174064474039914
"5 items, lambda = 1","i05_l1",5,1.5,2.76,0.779026107779812,0.172144431177249
"5 items, lambda = 1","i05_l1",5,1.5,2.78,0.782449776423112,0.170222123798534
"5 items, lambda = 1","i05_l1",5,1.5,2.8,0.785834983042559,0.16829836246906
"5 items, lambda = 1","i05_l1",5,1.5,2.82,0.789181706522253,0.166373940612878
"5 items, lambda = 1","i05_l1",5,1.5,2.84,0.792489941440364,0.164449634156212
"5 items, lambda = 1","i05_l1",5,1.5,2.86,0.795759697715908,0.162526201206995
"5 items, lambda = 1","i05_l1",5,1.5,2.88,0.798991000249471,0.160604381769821
"5 items, lambda = 1","i05_l1",5,1.5,2.9,0.802183888558582,0.158684897495615
"5 items, lambda = 1","i05_l1",5,1.5,2.92,0.805338416408422,0.156768451465197
"5 items, lambda = 1","i05_l1",5,1.5,2.94,0.808454651438533,0.154855728005933
"5 items, lambda = 1","i05_l1",5,1.5,2.96,0.81153267478618,0.152947392540568
"5 items, lambda = 1","i05_l1",5,1.5,2.98,0.814572580707018,0.151044091467327
"5 items, lambda = 1","i05_l1",5,1.5,3,0.817574476193644,0.149146452070333
"5 items, lambda = 1","i05_l1",5,1.5,3.02,0.820538480592673,0.14725508245934
"5 items, lambda = 1","i05_l1",5,1.5,3.04,0.823464725220883,0.145370571537778
"5 items, lambda = 1","i05_l1",5,1.5,3.06,0.826353352980995,0.143493488998062
"5 items, lambda = 1","i05_l1",5,1.5,3.08,0.829204517977626,0.141624385343119
"5 items, lambda = 1","i05_l1",5,1.5,3.1,0.832018385133925,0.139763791933061
"5 items, lambda = 1","i05_l1",5,1.5,3.12,0.834795129809385,0.137912221055917
"5 items, lambda = 1","i05_l1",5,1.5,3.14,0.837534937419304,0.136070166021346
"5 items, lambda = 1","i05_l1",5,1.5,3.16,0.840238003056331,0.13423810127624
"5 items, lambda = 1","i05_l1",5,1.5,3.18,0.842904531114547,0.132416482541113
"5 items, lambda = 1","i05_l1",5,1.5,3.2,0.845534734916465,0.130605746966208
"5 items, lambda = 1","i05_l1",5,1.5,3.22,0.848128836343341,0.128806313306232
"5 items, lambda = 1","i05_l1",5,1.5,3.24,0.850687065469156,0.127018582112632
"5 items, lambda = 1","i05_l1",5,1.5,3.26,0.853209660198618,0.125242935942377
"5 items, lambda = 1","i05_l1",5,1.5,3.28,0.855696865909481,0.123479739582172
"5 items, lambda = 1","i05_l1",5,1.5,3.3,0.858148935099512,0.121729340287085
"5 items, lambda = 1","i05_l1",5,1.5,3.32,0.86056612703835,0.119992068032564
"5 items, lambda = 1","i05_l1",5,1.5,3.34,0.86294870742454,0.118268235778855
"5 items, lambda = 1","i05_l1",5,1.5,3.36,0.865296948047972,0.116558139746837
"5 items, lambda = 1","i05_l1",5,1.5,3.38,0.867611126457935,0.114862059704328
"5 items, lambda = 1","i05_l1",5,1.5,3.4,0.869891525637002,0.113180259261931
"5 items, lambda = 1","i05_l1",5,1.5,3.42,0.872138433680919,0.111512986177512
"5 items, lambda = 1","i05_l1",5,1.5,3.44,0.874352143484654,0.109860472668445
"5 items, lambda = 1","i05_l1",5,1.5,3.46,0.876532952434776,0.108222935730751
"5 items, lambda = 1","i05_l1",5,1.5,3.48,0.878681162108263,0.106600577464335
"5 items, lambda = 1","i05_l1",5,1.5,3.5,0.880797077977882,0.104993585403507
"5 items, lambda = 1","i05_l1",5,1.5,3.52,0.88288100912422,0.103402132852019
"5 items, lambda = 1","i05_l1",5,1.5,3.54,0.88493326795445,0.101826379221907
"5 items, lambda = 1","i05_l1",5,1.5,3.56,0.886954169927921,0.100266470375394
"5 items, lambda = 1","i05_l1",5,1.5,3.58,0.888944033288592,0.0987225389692023
"5 items, lambda = 1","i05_l1",5,1.5,3.6,0.890903178804387,0.0971947048006254
"5 items, lambda = 1","i05_l1",5,1.5,3.62,0.892831929513472,0.0956830751547226
"5 items, lambda = 1","i05_l1",5,1.5,3.64,0.89473061047749,0.0941877451520679
"5 items, lambda = 1","i05_l1",5,1.5,3.66,0.89659954854175,0.0927087980964798
"5 items, lambda = 1","i05_l1",5,1.5,3.68,0.898439072102363,0.0912463058222077
"5 items, lambda = 1","i05_l1",5,1.5,3.7,0.900249510880315,0.0898003290400688
"5 items, lambda = 1","i05_l1",5,1.5,3.72,0.902031195702446,0.0883709176820616
"5 items, lambda = 1","i05_l1",5,1.5,3.74,0.903784458289307,0.0869581112440107
"5 items, lambda = 1","i05_l1",5,1.5,3.76,0.905509631049841,0.085561939125822
"5 items, lambda = 1","i05_l1",5,1.5,3.78,0.907207046882843,0.0841824209689541
"5 items, lambda = 1","i05_l1",5,1.5,3.8,0.908877038985144,0.0828195669907412
"5 items, lambda = 1","i05_l1",5,1.5,3.82,0.910519940666439,0.0814733783152237
"5 items, lambda = 1","i05_l1",5,1.5,3.84,0.912136085170699,0.0801438473001705
"5 items, lambda = 1","i05_l1",5,1.5,3.86,0.913725805504083,0.0788309578599974
"5 items, lambda = 1","i05_l1",5,1.5,3.88,0.915289434269264,0.0775346857843145
"5 items, lambda = 1","i05_l1",5,1.5,3.9,0.916827303506078,0.0762549990518522
"5 items, lambda = 1","i05_l1",5,1.5,3.92,0.918339744538405,0.0749918581395417
"5 items, lambda = 1","i05_l1",5,1.5,3.94,0.919827087827188,0.0737452163265428
"5 items, lambda = 1","i05_l1",5,1.5,3.96,0.921289662829465,0.0725150199930358
"5 items, lambda = 1","i05_l1",5,1.5,3.98,0.92272779786334,0.071301208913611
"5 items, lambda = 1","i05_l1",5,1.5,4,0.924141819978757,0.0701037165451081
"10 items, lambda = 1","i10_l1",1,-1.5,-4,0.0758581800212435,0.0701037165451081
"10 items, lambda = 1","i10_l1",1,-1.5,-3.98,0.0772722021366599,0.0713012089136111
"10 items, lambda = 1","i10_l1",1,-1.5,-3.96,0.0787103371705352,0.0725150199930359
"10 items, lambda = 1","i10_l1",1,-1.5,-3.94,0.0801729121728123,0.0737452163265429
"10 items, lambda = 1","i10_l1",1,-1.5,-3.92,0.0816602554615947,0.0749918581395418
"10 items, lambda = 1","i10_l1",1,-1.5,-3.9,0.0831726964939224,0.0762549990518522
"10 items, lambda = 1","i10_l1",1,-1.5,-3.88,0.0847105657307358,0.0775346857843145
"10 items, lambda = 1","i10_l1",1,-1.5,-3.86,0.0862741944959167,0.0788309578599974
"10 items, lambda = 1","i10_l1",1,-1.5,-3.84,0.0878639148293013,0.0801438473001705
"10 items, lambda = 1","i10_l1",1,-1.5,-3.82,0.0894800593335614,0.0814733783152238
"10 items, lambda = 1","i10_l1",1,-1.5,-3.8,0.0911229610148562,0.0828195669907412
"10 items, lambda = 1","i10_l1",1,-1.5,-3.78,0.092792953117157,0.0841824209689541
"10 items, lambda = 1","i10_l1",1,-1.5,-3.76,0.0944903689501593,0.0855619391258221
"10 items, lambda = 1","i10_l1",1,-1.5,-3.74,0.0962155417106928,0.0869581112440108
"10 items, lambda = 1","i10_l1",1,-1.5,-3.72,0.097968804297554,0.0883709176820615
"10 items, lambda = 1","i10_l1",1,-1.5,-3.7,0.0997504891196851,0.0898003290400687
"10 items, lambda = 1","i10_l1",1,-1.5,-3.68,0.101560927897637,0.0912463058222077
"10 items, lambda = 1","i10_l1",1,-1.5,-3.66,0.10340045145825,0.0927087980964797
"10 items, lambda = 1","i10_l1",1,-1.5,-3.64,0.10526938952251,0.0941877451520679
"10 items, lambda = 1","i10_l1",1,-1.5,-3.62,0.107168070486528,0.0956830751547227
"10 items, lambda = 1","i10_l1",1,-1.5,-3.6,0.109096821195613,0.0971947048006254
"10 items, lambda = 1","i10_l1",1,-1.5,-3.58,0.111055966711408,0.0987225389692023
"10 items, lambda = 1","i10_l1",1,-1.5,-3.56,0.113045830072079,0.100266470375394
"10 items, lambda = 1","i10_l1",1,-1.5,-3.54,0.11506673204555,0.101826379221907
"10 items, lambda = 1","i10_l1",1,-1.5,-3.52,0.117118990875781,0.103402132852019
"10 items, lambda = 1","i10_l1",1,-1.5,-3.5,0.119202922022118,0.104993585403507
"10 items, lambda = 1","i10_l1",1,-1.5,-3.48,0.121318837891737,0.106600577464335
"10 items, lambda = 1","i10_l1",1,-1.5,-3.46,0.123467047565224,0.108222935730751
"10 items, lambda = 1","i10_l1",1,-1.5,-3.44,0.125647856515346,0.109860472668445
"10 items, lambda = 1","i10_l1",1,-1.5,-3.42,0.127861566319081,0.111512986177512
"10 items, lambda = 1","i10_l1",1,-1.5,-3.4,0.130108474362998,0.113180259261931
"10 items, lambda = 1","i10_l1",1,-1.5,-3.38,0.132388873542065,0.114862059704328
"10 items, lambda = 1","i10_l1",1,-1.5,-3.36,0.134703051952028,0.116558139746837
"10 items, lambda = 1","i10_l1",1,-1.5,-3.34,0.13705129257546,0.118268235778855
"10 items, lambda = 1","i10_l1",1,-1.5,-3.32,0.13943387296165,0.119992068032565
"10 items, lambda = 1","i10_l1",1,-1.5,-3.3,0.141851064900488,0.121729340287085
"10 items, lambda = 1","i10_l1",1,-1.5,-3.28,0.144303134090519,0.123479739582172
"10 items, lambda = 1","i10_l1",1,-1.5,-3.26,0.146790339801382,0.125242935942377
"10 items, lambda = 1","i10_l1",1,-1.5,-3.24,0.149312934530844,0.127018582112632
"10 items, lambda = 1","i10_l1",1,-1.5,-3.22,0.151871163656659,0.128806313306232
"10 items, lambda = 1","i10_l1",1,-1.5,-3.2,0.154465265083535,0.130605746966208
"10 items, lambda = 1","i10_l1",1,-1.5,-3.18,0.157095468885453,0.132416482541112
"10 items, lambda = 1","i10_l1",1,-1.5,-3.16,0.159761996943669,0.13423810127624
"10 items, lambda = 1","i10_l1",1,-1.5,-3.14,0.162465062580696,0.136070166021347
"10 items, lambda = 1","i10_l1",1,-1.5,-3.12,0.165204870190615,0.137912221055917
"10 items, lambda = 1","i10_l1",1,-1.5,-3.1,0.167981614866076,0.139763791933061
"10 items, lambda = 1","i10_l1",1,-1.5,-3.08,0.170795482022374,0.141624385343119
"10 items, lambda = 1","i10_l1",1,-1.5,-3.06,0.173646647019005,0.143493488998062
"10 items, lambda = 1","i10_l1",1,-1.5,-3.04,0.176535274779117,0.145370571537778
"10 items, lambda = 1","i10_l1",1,-1.5,-3.02,0.179461519407327,0.14725508245934
"10 items, lambda = 1","i10_l1",1,-1.5,-3,0.182425523806356,0.149146452070333
"10 items, lambda = 1","i10_l1",1,-1.5,-2.98,0.185427419292982,0.151044091467327
"10 items, lambda = 1","i10_l1",1,-1.5,-2.96,0.188467325213819,0.152947392540568
"10 items, lambda = 1","i10_l1",1,-1.5,-2.94,0.191545348561468,0.154855728005933
"10 items, lambda = 1","i10_l1",1,-1.5,-2.92,0.194661583591578,0.156768451465197
"10 items, lambda = 1","i10_l1",1,-1.5,-2.9,0.197816111441418,0.158684897495615
"10 items, lambda = 1","i10_l1",1,-1.5,-2.88,0.201008999750529,0.160604381769821
"10 items, lambda = 1","i10_l1",1,-1.5,-2.86,0.204240302284092,0.162526201206995
"10 items, lambda = 1","i10_l1",1,-1.5,-2.84,0.207510058559636,0.164449634156212
"10 items, lambda = 1","i10_l1",1,-1.5,-2.82,0.210818293477747,0.166373940612878
"10 items, lambda = 1","i10_l1",1,-1.5,-2.8,0.214165016957441,0.16829836246906
"10 items, lambda = 1","i10_l1",1,-1.5,-2.78,0.217550223576887,0.170222123798534
"10 items, lambda = 1","i10_l1",1,-1.5,-2.76,0.220973892220188,0.172144431177249
"10 items, lambda = 1","i10_l1",1,-1.5,-2.74,0.224435985730927,0.174064474039914
"10 items, lambda = 1","i10_l1",1,-1.5,-2.72,0.227936450573216,0.1759814250733
"10 items, lambda = 1","i10_l1",1,-1.5,-2.7,0.231475216500982,0.177894440646806
"10 items, lambda = 1","i10_l1",1,-1.5,-2.68,0.235052196236235,0.179802661280758
"10 items, lambda = 1","i10_l1",1,-1.5,-2.66,0.23866728515709,0.181705212152834
"10 items, lambda = 1","i10_l1",1,-1.5,-2.64,0.242320360996295,0.18360120364292
"10 items, lambda = 1","i10_l1",1,-1.5,-2.62,0.246011283551052,0.185489731916616
"10 items, lambda = 1","i10_l1",1,-1.5,-2.6,0.249739894404882,0.187369879547521
"10 items, lambda = 1","i10_l1",1,-1.5,-2.58,0.253506016662338,0.189240716178332
"10 items, lambda = 1","i10_l1",1,-1.5,-2.56,0.257309454697314,0.191101299220685
"10 items, lambda = 1","i10_l1",1,-1.5,-2.54,0.261149993915751,0.192950674593554
"10 items, lambda = 1","i10_l1",1,-1.5,-2.52,0.265027400533481,0.194787877499947
"10 items, lambda = 1","i10_l1",1,-1.5,-2.5,0.268941421369995,0.196611933241482
"10 items, lambda = 1","i10_l1",1,-1.5,-2.48,0.27289178365887,0.198421858070351
"10 items, lambda = 1","i10_l1",1,-1.5,-2.46,0.27687819487561,0.200216660078034
"10 items, lambda = 1","i10_l1",1,-1.5,-2.44,0.280900342583616,0.201995340120023
"10 items, lambda = 1","i10_l1",1,-1.5,-2.42,0.28495789429901,0.203756892775684
"10 items, lambda = 1","i10_l1",1,-1.5,-2.4,0.289050497374996,0.205500307342263
"10 items, lambda = 1","i10_l1",1,-1.5,-2.38,0.293177778906432,0.207224568861923
"10 items, lambda = 1","i10_l1",1,-1.5,-2.36,0.297339345655269,0.208928659180565
"10 items, lambda = 1","i10_l1",1,-1.5,-2.34,0.301534783997461,0.210611558037066
"10 items, lambda = 1","i10_l1",1,-1.5,-2.32,0.305763659891969,0.212272244181437
"10 items, lambda = 1","i10_l1",1,-1.5,-2.3,0.310025518872388,0.213909696520294
"10 items, lambda = 1","i10_l1",1,-1.5,-2.28,0.314319886061746,0.215522895287877
"10 items, lambda = 1","i10_l1",1,-1.5,-2.26,0.318646266210975,0.217110823240779
"10 items, lambda = 1","i10_l1",1,-1.5,-2.24,0.323004143761477,0.218672466874392
"10 items, lambda = 1","i10_l1",1,-1.5,-2.22,0.32739298293224,0.22020681765897
"10 items, lambda = 1","i10_l1",1,-1.5,-2.2,0.331812227831834,0.221712873293109
"10 items, lambda = 1","i10_l1",1,-1.5,-2.18,0.336261302595647,0.223189638972326
"10 items, lambda = 1","i10_l1",1,-1.5,-2.16,0.340739611548615,0.224636128670314
"10 items, lambda = 1","i10_l1",1,-1.5,-2.14,0.345246539393681,0.226051366430368
"10 items, lambda = 1","i10_l1",1,-1.5,-2.12,0.349781451426173,0.227434387664373
"10 items, lambda = 1","i10_l1",1,-1.5,-2.1,0.354343693774205,0.228784240456657
"10 items, lambda = 1","i10_l1",1,-1.5,-2.08,0.358932593665183,0.230099986869968
"10 items, lambda = 1","i10_l1",1,-1.5,-2.06,0.363547459718434,0.231380704250708
"10 items, lambda = 1","i10_l1",1,-1.5,-2.04,0.368187582263898,0.232625486530563
"10 items, lambda = 1","i10_l1",1,-1.5,-2.02,0.372852233686804,0.233833445521565
"10 items, lambda = 1","i10_l1",1,-1.5,-2,0.377540668798145,0.235003712201594
"10 items, lambda = 1","i10_l1",1,-1.5,-1.98,0.382252125230751,0.236135437987325
"10 items, lambda = 1","i10_l1",1,-1.5,-1.96,0.386985823860665,0.237227795991547
"10 items, lambda = 1","i10_l1",1,-1.5,-1.94,0.391740969253486,0.238279982261825
"10 items, lambda = 1","i10_l1",1,-1.5,-1.92,0.396516750135274,0.239291216997435
"10 items, lambda = 1","i10_l1",1,-1.5,-1.9,0.401312339887548,0.240260745741529
"10 items, lambda = 1","i10_l1",1,-1.5,-1.88,0.406126897065857,0.241187840545516
"10 items, lambda = 1","i10_l1",1,-1.5,-1.86,0.410959565941335,0.242071801102645
"10 items, lambda = 1","i10_l1",1,-1.5,-1.84,0.415809477064593,0.242911955847863
"10 items, lambda = 1","i10_l1",1,-1.5,-1.82,0.420675747851251,0.243707663021042
"10 items, lambda = 1","i10_l1",1,-1.5,-1.8,0.425557483188341,0.244458311690746
"10 items, lambda = 1","i10_l1",1,-1.5,-1.78,0.430453776060771,0.245163322735795
"10 items, lambda = 1","i10_l1",1,-1.5,-1.76,0.435363708196971,0.245822149781954
"10 items, lambda = 1","i10_l1",1,-1.5,-1.74,0.440286350732807,0.246434280091195
"10 items, lambda = 1","i10_l1",1,-1.5,-1.72,0.445220764892785,0.246999235401069
"10 items, lambda = 1","i10_l1",1,-1.5,-1.7,0.450166002687522,0.24751657271186
"10 items, lambda = 1","i10_l1",1,-1.5,-1.68,0.45512110762642,0.247985885019321
"10 items, lambda = 1","i10_l1",1,-1.5,-1.66,0.460085115444434,0.248406801990916
"10 items, lambda = 1","i10_l1",1,-1.5,-1.64,0.465057054841785,0.24877899058367
"10 items, lambda = 1","i10_l1",1,-1.5,-1.62,0.470035948235428,0.24910215560185
"10 items, lambda = 1","i10_l1",1,-1.5,-1.6,0.47502081252106,0.249376040192892
"10 items, lambda = 1","i10_l1",1,-1.5,-1.58,0.480010659844418,0.249600426280144
"10 items, lambda = 1","i10_l1",1,-1.5,-1.56,0.48500449838059,0.249775134931182
"10 items, lambda = 1","i10_l1",1,-1.5,-1.54,0.490001333120035,0.249900026660623
"10 items, lambda = 1","i10_l1",1,-1.5,-1.52,0.49500016666,0.249975001666572
"10 items, lambda = 1","i10_l1",1,-1.5,-1.5,0.5,0.25
"10 items, lambda = 1","i10_l1",1,-1.5,-1.48,0.50499983334,0.249975001666572
"10 items, lambda = 1","i10_l1",1,-1.5,-1.46,0.509998666879966,0.249900026660623
"10 items, lambda = 1","i10_l1",1,-1.5,-1.44,0.51499550161941,0.249775134931182
"10 items, lambda = 1","i10_l1",1,-1.5,-1.42,0.519989340155582,0.249600426280144
"10 items, lambda = 1","i10_l1",1,-1.5,-1.4,0.52497918747894,0.249376040192892
"10 items, lambda = 1","i10_l1",1,-1.5,-1.38,0.529964051764572,0.24910215560185
"10 items, lambda = 1","i10_l1",1,-1.5,-1.36,0.534942945158215,0.24877899058367
"10 items, lambda = 1","i10_l1",1,-1.5,-1.34,0.539914884555566,0.248406801990916
"10 items, lambda = 1","i10_l1",1,-1.5,-1.32,0.54487889237358,0.247985885019321
"10 items, lambda = 1","i10_l1",1,-1.5,-1.3,0.549833997312478,0.24751657271186
"10 items, lambda = 1","i10_l1",1,-1.5,-1.28,0.554779235107215,0.246999235401068
"10 items, lambda = 1","i10_l1",1,-1.5,-1.26,0.559713649267193,0.246434280091195
"10 items, lambda = 1","i10_l1",1,-1.5,-1.24,0.564636291803029,0.245822149781954
"10 items, lambda = 1","i10_l1",1,-1.5,-1.22,0.569546223939229,0.245163322735795
"10 items, lambda = 1","i10_l1",1,-1.5,-1.2,0.574442516811659,0.244458311690746
"10 items, lambda = 1","i10_l1",1,-1.5,-1.18,0.579324252148749,0.243707663021042
"10 items, lambda = 1","i10_l1",1,-1.5,-1.16,0.584190522935407,0.242911955847863
"10 items, lambda = 1","i10_l1",1,-1.5,-1.14,0.589040434058665,0.242071801102645
"10 items, lambda = 1","i10_l1",1,-1.5,-1.12,0.593873102934143,0.241187840545516
"10 items, lambda = 1","i10_l1",1,-1.5,-1.1,0.598687660112452,0.240260745741529
"10 items, lambda = 1","i10_l1",1,-1.5,-1.08,0.603483249864726,0.239291216997435
"10 items, lambda = 1","i10_l1",1,-1.5,-1.06,0.608259030746514,0.238279982261825
"10 items, lambda = 1","i10_l1",1,-1.5,-1.04,0.613014176139336,0.237227795991547
"10 items, lambda = 1","i10_l1",1,-1.5,-1.02,0.617747874769249,0.236135437987325
"10 items, lambda = 1","i10_l1",1,-1.5,-1,0.622459331201855,0.235003712201594
"10 items, lambda = 1","i10_l1",1,-1.5,-0.98,0.627147766313196,0.233833445521565
"10 items, lambda = 1","i10_l1",1,-1.5,-0.96,0.631812417736102,0.232625486530563
"10 items, lambda = 1","i10_l1",1,-1.5,-0.94,0.636452540281566,0.231380704250708
"10 items, lambda = 1","i10_l1",1,-1.5,-0.92,0.641067406334817,0.230099986869968
"10 items, lambda = 1","i10_l1",1,-1.5,-0.9,0.645656306225795,0.228784240456657
"10 items, lambda = 1","i10_l1",1,-1.5,-0.88,0.650218548573827,0.227434387664373
"10 items, lambda = 1","i10_l1",1,-1.5,-0.86,0.654753460606319,0.226051366430368
"10 items, lambda = 1","i10_l1",1,-1.5,-0.84,0.659260388451385,0.224636128670314
"10 items, lambda = 1","i10_l1",1,-1.5,-0.82,0.663738697404353,0.223189638972326
"10 items, lambda = 1","i10_l1",1,-1.5,-0.8,0.668187772168166,0.221712873293109
"10 items, lambda = 1","i10_l1",1,-1.5,-0.78,0.67260701706776,0.22020681765897
"10 items, lambda = 1","i10_l1",1,-1.5,-0.76,0.676995856238523,0.218672466874392
"10 items, lambda = 1","i10_l1",1,-1.5,-0.74,0.681353733789026,0.217110823240779
"10 items, lambda = 1","i10_l1",1,-1.5,-0.72,0.685680113938254,0.215522895287877
"10 items, lambda = 1","i10_l1",1,-1.5,-0.7,0.689974481127613,0.213909696520294
"10 items, lambda = 1","i10_l1",1,-1.5,-0.68,0.694236340108031,0.212272244181437
"10 items, lambda = 1","i10_l1",1,-1.5,-0.66,0.698465216002539,0.210611558037066
"10 items, lambda = 1","i10_l1",1,-1.5,-0.64,0.702660654344731,0.208928659180565
"10 items, lambda = 1","i10_l1",1,-1.5,-0.62,0.706822221093568,0.207224568861923
"10 items, lambda = 1","i10_l1",1,-1.5,-0.6,0.710949502625004,0.205500307342263
"10 items, lambda = 1","i10_l1",1,-1.5,-0.58,0.71504210570099,0.203756892775684
"10 items, lambda = 1","i10_l1",1,-1.5,-0.56,0.719099657416384,0.201995340120023
"10 items, lambda = 1","i10_l1",1,-1.5,-0.54,0.72312180512439,0.200216660078034
"10 items, lambda = 1","i10_l1",1,-1.5,-0.52,0.72710821634113,0.198421858070351
"10 items, lambda = 1","i10_l1",1,-1.5,-0.5,0.731058578630005,0.196611933241482
"10 items, lambda = 1","i10_l1",1,-1.5,-0.48,0.734972599466519,0.194787877499947
"10 items, lambda = 1","i10_l1",1,-1.5,-0.46,0.738850006084249,0.192950674593554
"10 items, lambda = 1","i10_l1",1,-1.5,-0.44,0.742690545302686,0.191101299220685
"10 items, lambda = 1","i10_l1",1,-1.5,-0.42,0.746493983337662,0.189240716178332
"10 items, lambda = 1","i10_l1",1,-1.5,-0.4,0.750260105595118,0.187369879547521
"10 items, lambda = 1","i10_l1",1,-1.5,-0.38,0.753988716448948,0.185489731916616
"10 items, lambda = 1","i10_l1",1,-1.5,-0.36,0.757679639003705,0.18360120364292
"10 items, lambda = 1","i10_l1",1,-1.5,-0.34,0.76133271484291,0.181705212152834
"10 items, lambda = 1","i10_l1",1,-1.5,-0.32,0.764947803763765,0.179802661280758
"10 items, lambda = 1","i10_l1",1,-1.5,-0.3,0.768524783499018,0.177894440646806
"10 items, lambda = 1","i10_l1",1,-1.5,-0.28,0.772063549426784,0.1759814250733
"10 items, lambda = 1","i10_l1",1,-1.5,-0.26,0.775564014269074,0.174064474039914
"10 items, lambda = 1","i10_l1",1,-1.5,-0.24,0.779026107779812,0.172144431177249
"10 items, lambda = 1","i10_l1",1,-1.5,-0.22,0.782449776423112,0.170222123798534
"10 items, lambda = 1","i10_l1",1,-1.5,-0.2,0.785834983042559,0.16829836246906
"10 items, lambda = 1","i10_l1",1,-1.5,-0.18,0.789181706522253,0.166373940612878
"10 items, lambda = 1","i10_l1",1,-1.5,-0.16,0.792489941440364,0.164449634156212
"10 items, lambda = 1","i10_l1",1,-1.5,-0.14,0.795759697715908,0.162526201206995
"10 items, lambda = 1","i10_l1",1,-1.5,-0.12,0.798991000249471,0.160604381769821
"10 items, lambda = 1","i10_l1",1,-1.5,-0.1,0.802183888558582,0.158684897495615
"10 items, lambda = 1","i10_l1",1,-1.5,-0.0800000000000001,0.805338416408422,0.156768451465197
"10 items, lambda = 1","i10_l1",1,-1.5,-0.06,0.808454651438533,0.154855728005933
"10 items, lambda = 1","i10_l1",1,-1.5,-0.04,0.81153267478618,0.152947392540568
"10 items, lambda = 1","i10_l1",1,-1.5,-0.02,0.814572580707018,0.151044091467327
"10 items, lambda = 1","i10_l1",1,-1.5,0,0.817574476193644,0.149146452070333
"10 items, lambda = 1","i10_l1",1,-1.5,0.0200000000000005,0.820538480592673,0.14725508245934
"10 items, lambda = 1","i10_l1",1,-1.5,0.04,0.823464725220883,0.145370571537778
"10 items, lambda = 1","i10_l1",1,-1.5,0.0600000000000005,0.826353352980995,0.143493488998062
"10 items, lambda = 1","i10_l1",1,-1.5,0.0800000000000001,0.829204517977626,0.141624385343119
"10 items, lambda = 1","i10_l1",1,-1.5,0.0999999999999996,0.832018385133924,0.139763791933061
"10 items, lambda = 1","i10_l1",1,-1.5,0.12,0.834795129809385,0.137912221055917
"10 items, lambda = 1","i10_l1",1,-1.5,0.14,0.837534937419304,0.136070166021347
"10 items, lambda = 1","i10_l1",1,-1.5,0.16,0.840238003056331,0.13423810127624
"10 items, lambda = 1","i10_l1",1,-1.5,0.18,0.842904531114547,0.132416482541113
"10 items, lambda = 1","i10_l1",1,-1.5,0.2,0.845534734916465,0.130605746966208
"10 items, lambda = 1","i10_l1",1,-1.5,0.22,0.848128836343341,0.128806313306232
"10 items, lambda = 1","i10_l1",1,-1.5,0.24,0.850687065469156,0.127018582112632
"10 items, lambda = 1","i10_l1",1,-1.5,0.26,0.853209660198618,0.125242935942377
"10 items, lambda = 1","i10_l1",1,-1.5,0.28,0.855696865909481,0.123479739582172
"10 items, lambda = 1","i10_l1",1,-1.5,0.3,0.858148935099512,0.121729340287085
"10 items, lambda = 1","i10_l1",1,-1.5,0.32,0.86056612703835,0.119992068032564
"10 items, lambda = 1","i10_l1",1,-1.5,0.34,0.86294870742454,0.118268235778855
"10 items, lambda = 1","i10_l1",1,-1.5,0.36,0.865296948047972,0.116558139746837
"10 items, lambda = 1","i10_l1",1,-1.5,0.38,0.867611126457935,0.114862059704328
"10 items, lambda = 1","i10_l1",1,-1.5,0.4,0.869891525637002,0.113180259261931
"10 items, lambda = 1","i10_l1",1,-1.5,0.42,0.872138433680919,0.111512986177512
"10 items, lambda = 1","i10_l1",1,-1.5,0.44,0.874352143484654,0.109860472668445
"10 items, lambda = 1","i10_l1",1,-1.5,0.46,0.876532952434776,0.108222935730751
"10 items, lambda = 1","i10_l1",1,-1.5,0.48,0.878681162108263,0.106600577464335
"10 items, lambda = 1","i10_l1",1,-1.5,0.5,0.880797077977882,0.104993585403507
"10 items, lambda = 1","i10_l1",1,-1.5,0.52,0.88288100912422,0.103402132852019
"10 items, lambda = 1","i10_l1",1,-1.5,0.54,0.88493326795445,0.101826379221907
"10 items, lambda = 1","i10_l1",1,-1.5,0.56,0.886954169927921,0.100266470375394
"10 items, lambda = 1","i10_l1",1,-1.5,0.58,0.888944033288592,0.0987225389692023
"10 items, lambda = 1","i10_l1",1,-1.5,0.6,0.890903178804387,0.0971947048006254
"10 items, lambda = 1","i10_l1",1,-1.5,0.62,0.892831929513472,0.0956830751547226
"10 items, lambda = 1","i10_l1",1,-1.5,0.64,0.89473061047749,0.0941877451520679
"10 items, lambda = 1","i10_l1",1,-1.5,0.66,0.89659954854175,0.0927087980964798
"10 items, lambda = 1","i10_l1",1,-1.5,0.68,0.898439072102363,0.0912463058222077
"10 items, lambda = 1","i10_l1",1,-1.5,0.7,0.900249510880315,0.0898003290400688
"10 items, lambda = 1","i10_l1",1,-1.5,0.72,0.902031195702446,0.0883709176820616
"10 items, lambda = 1","i10_l1",1,-1.5,0.74,0.903784458289307,0.0869581112440107
"10 items, lambda = 1","i10_l1",1,-1.5,0.76,0.905509631049841,0.085561939125822
"10 items, lambda = 1","i10_l1",1,-1.5,0.78,0.907207046882843,0.0841824209689541
"10 items, lambda = 1","i10_l1",1,-1.5,0.8,0.908877038985144,0.0828195669907412
"10 items, lambda = 1","i10_l1",1,-1.5,0.82,0.910519940666439,0.0814733783152237
"10 items, lambda = 1","i10_l1",1,-1.5,0.84,0.912136085170699,0.0801438473001705
"10 items, lambda = 1","i10_l1",1,-1.5,0.86,0.913725805504083,0.0788309578599974
"10 items, lambda = 1","i10_l1",1,-1.5,0.88,0.915289434269264,0.0775346857843145
"10 items, lambda = 1","i10_l1",1,-1.5,0.9,0.916827303506078,0.0762549990518522
"10 items, lambda = 1","i10_l1",1,-1.5,0.92,0.918339744538405,0.0749918581395417
"10 items, lambda = 1","i10_l1",1,-1.5,0.94,0.919827087827188,0.0737452163265428
"10 items, lambda = 1","i10_l1",1,-1.5,0.96,0.921289662829465,0.0725150199930358
"10 items, lambda = 1","i10_l1",1,-1.5,0.98,0.92272779786334,0.071301208913611
"10 items, lambda = 1","i10_l1",1,-1.5,1,0.924141819978757,0.0701037165451081
"10 items, lambda = 1","i10_l1",1,-1.5,1.02,0.925532054833972,0.0689224703087775
"10 items, lambda = 1","i10_l1",1,-1.5,1.04,0.926898826577622,0.0677573918666496
"10 items, lambda = 1","i10_l1",1,-1.5,1.06,0.928242457736249,0.0666083973920173
"10 items, lambda = 1","i10_l1",1,-1.5,1.08,0.929563269107183,0.0654753978339499
"10 items, lambda = 1","i10_l1",1,-1.5,1.1,0.930861579656653,0.0643582991757734
"10 items, lambda = 1","i10_l1",1,-1.5,1.12,0.932137706423006,0.0632570026874643
"10 items, lambda = 1","i10_l1",1,-1.5,1.14,0.933391964424909,0.0621714051719181
"10 items, lambda = 1","i10_l1",1,-1.5,1.16,0.934624666574427,0.0611013992050679
"10 items, lambda = 1","i10_l1",1,-1.5,1.18,0.935836123594826,0.0600468733698355
"10 items, lambda = 1","i10_l1",1,-1.5,1.2,0.937026643943004,0.0590077124839152
"10 items, lambda = 1","i10_l1",1,-1.5,1.22,0.938196533736411,0.057983797821394
"10 items, lambda = 1","i10_l1",1,-1.5,1.24,0.939346096684348,0.0569750073282276
"10 items, lambda = 1","i10_l1",1,-1.5,1.26,0.940475634023498,0.0559812158315971
"10 items, lambda = 1","i10_l1",1,-1.5,1.28,0.941585444457604,0.0550022952431806
"10 items, lambda = 1","i10_l1",1,-1.5,1.3,0.942675824101131,0.0540381147563843
"10 items, lambda = 1","i10_l1",1,-1.5,1.32,0.943747066426833,0.0530885410375801
"10 items, lambda = 1","i10_l1",1,-1.5,1.34,0.944799462217066,0.0521534384114092
"10 items, lambda = 1","i10_l1",1,-1.5,1.36,0.945833299518764,0.0512326690402121
"10 items, lambda = 1","i10_l1",1,-1.5,1.38,0.946848863601936,0.0503260930976582
"10 items, lambda = 1","i10_l1",1,-1.5,1.4,0.947846436921582,0.0494335689366432
"10 items, lambda = 1","i10_l1",1,-1.5,1.42,0.948826299082908,0.0485549532515397
"10 items, lambda = 1","i10_l1",1,-1.5,1.44,0.949788726809734,0.0476901012348789
"10 items, lambda = 1","i10_l1",1,-1.5,1.46,0.950733993915973,0.0468388667285554
"10 items, lambda = 1","i10_l1",1,-1.5,1.48,0.951662371280095,0.0460011023696417
"10 items, lambda = 1","i10_l1",1,-1.5,1.5,0.952574126822433,0.045176659730912
"10 items, lambda = 1","i10_l1",1,-1.5,1.52,0.953469525485269,0.0443653894561654
"10 items, lambda = 1","i10_l1",1,-1.5,1.54,0.954348829215556,0.0435671413904534
"10 items, lambda = 1","i10_l1",1,-1.5,1.56,0.955212296950213,0.0427817647053108
"10 items, lambda = 1","i10_l1",1,-1.5,1.58,0.956060184603859,0.0420091080190943
"10 items, lambda = 1","i10_l1",1,-1.5,1.6,0.956892745058914,0.0412490195125303
"10 items, lambda = 1","i10_l1",1,-1.5,1.62,0.957710228157966,0.0405013470395825
"10 items, lambda = 1","i10_l1",1,-1.5,1.64,0.958512880698304,0.0397659382337427
"10 items, lambda = 1","i10_l1",1,-1.5,1.66,0.959300946428534,0.0390426406098533
"10 items, lambda = 1","i10_l1",1,-1.5,1.68,0.960074666047186,0.0383313016615702
"10 items, lambda = 1","i10_l1",1,-1.5,1.7,0.960834277203236,0.0376317689545713
"10 items, lambda = 1","i10_l1",1,-1.5,1.72,0.961580014498435,0.0369438902156248
"10 items, lambda = 1","i10_l1",1,-1.5,1.74,0.962312109491394,0.0362675134176172
"10 items, lambda = 1","i10_l1",1,-1.5,1.76,0.963030790703323,0.0356024868606556
"10 items, lambda = 1","i10_l1",1,-1.5,1.78,0.963736283625352,0.0349486592493474
"10 items, lambda = 1","i10_l1",1,-1.5,1.8,0.964428810727364,0.0343058797663664
"10 items, lambda = 1","i10_l1",1,-1.5,1.82,0.965108591468263,0.0336739981424083
"10 items, lambda = 1","i10_l1",1,-1.5,1.84,0.965775842307604,0.033052864722642
"10 items, lambda = 1","i10_l1",1,-1.5,1.86,0.966430776718518,0.0324423305297605
"10 items, lambda = 1","i10_l1",1,-1.5,1.88,0.967073605201864,0.0318422473237335
"10 items, lambda = 1","i10_l1",1,-1.5,1.9,0.96770453530155,0.0312524676583616
"10 items, lambda = 1","i10_l1",1,-1.5,1.92,0.968323771620944,0.0306728449347342
"10 items, lambda = 1","i10_l1",1,-1.5,1.94,0.968931515840333,0.0301032334516879
"10 items, lambda = 1","i10_l1",1,-1.5,1.96,0.969527966735356,0.0295434884533625
"10 items, lambda = 1","i10_l1",1,-1.5,1.98,0.970113320196364,0.0289934661739511
"10 items, lambda = 1","i10_l1",1,-1.5,2,0.970687769248644,0.0284530238797356
"10 items, lambda = 1","i10_l1",1,-1.5,2.02,0.97125150407346,0.0279220199085018
"10 items, lambda = 1","i10_l1",1,-1.5,2.04,0.971804712029857,0.0274003137064233
"10 items, lambda = 1","i10_l1",1,-1.5,2.06,0.972347577677177,0.0268877658625033
"10 items, lambda = 1","i10_l1",1,-1.5,2.08,0.972880282798237,0.0263842381406595
"10 items, lambda = 1","i10_l1",1,-1.5,2.1,0.973403006423134,0.0258895935095381
"10 items, lambda = 1","i10_l1",1,-1.5,2.12,0.973915924853617,0.0254036961701408
"10 items, lambda = 1","i10_l1",1,-1.5,2.14,0.974419211687992,0.0249264115813439
"10 items, lambda = 1","i10_l1",1,-1.5,2.16,0.97491303784652,0.0244576064833896
"10 items, lambda = 1","i10_l1",1,-1.5,2.18,0.97539757159726,0.0239971489194276
"10 items, lambda = 1","i10_l1",1,-1.5,2.2,0.975872978582331,0.0235449082551805
"10 items, lambda = 1","i10_l1",1,-1.5,2.22,0.976339421844539,0.0231007551968105
"10 items, lambda = 1","i10_l1",1,-1.5,2.24,0.976797061854356,0.0226645618070536
"10 items, lambda = 1","i10_l1",1,-1.5,2.26,0.977246056537196,0.0222362015196956
"10 items, lambda = 1","i10_l1",1,-1.5,2.28,0.977686561300968,0.0218155491524569
"10 items, lambda = 1","i10_l1",1,-1.5,2.3,0.978118729063869,0.0214024809183502
"10 items, lambda = 1","i10_l1",1,-1.5,2.32,0.978542710282396,0.0209968744355783
"10 items, lambda = 1","i10_l1",1,-1.5,2.34,0.978958652979532,0.0205986087360326
"10 items, lambda = 1","i10_l1",1,-1.5,2.36,0.979366702773094,0.0202075642724524
"10 items, lambda = 1","i10_l1",1,-1.5,2.38,0.979767002904215,0.0198236229243073
"10 items, lambda = 1","i10_l1",1,-1.5,2.4,0.980159694265923,0.0194466680024558
"10 items, lambda = 1","i10_l1",1,-1.5,2.42,0.980544915431807,0.0190765842526376
"10 items, lambda = 1","i10_l1",1,-1.5,2.44,0.980922802684742,0.0187132578578529
"10 items, lambda = 1","i10_l1",1,-1.5,2.46,0.981293490045645,0.0183565764396822
"10 items, lambda = 1","i10_l1",1,-1.5,2.48,0.981657109302257,0.018006429058594
"10 items, lambda = 1","i10_l1",1,-1.5,2.5,0.982013790037908,0.0176627062132911
"10 items, lambda = 1","i10_l1",1,-1.5,2.52,0.982363659660277,0.0173252998391442
"10 items, lambda = 1","i10_l1",1,-1.5,2.54,0.982706843430095,0.0169941033057541
"10 items, lambda = 1","i10_l1",1,-1.5,2.56,0.983043464489799,0.016669011413692
"10 items, lambda = 1","i10_l1",1,-1.5,2.58,0.983373643892118,0.0163499203904556
"10 items, lambda = 1","i10_l1",1,-1.5,2.6,0.983697500628559,0.0160367278856851
"10 items, lambda = 1","i10_l1",1,-1.5,2.62,0.984015151657797,0.0157293329656794
"10 items, lambda = 1","i10_l1",1,-1.5,2.64,0.984326711933951,0.0154276361072473
"10 items, lambda = 1","i10_l1",1,-1.5,2.66,0.984632294434724,0.0151315391909346
"10 items, lambda = 1","i10_l1",1,-1.5,2.68,0.984932010189407,0.0148409454936607
"10 items, lambda = 1","i10_l1",1,-1.5,2.7,0.985225968306727,0.0145557596807992
"10 items, lambda = 1","i10_l1",1,-1.5,2.72,0.985514276002533,0.014275887797736
"10 items, lambda = 1","i10_l1",1,-1.5,2.74,0.985797038627309,0.014001237260937
"10 items, lambda = 1","i10_l1",1,-1.5,2.76,0.9860743596935,0.0137317168485544
"10 items, lambda = 1","i10_l1",1,-1.5,2.78,0.986346340902649,0.0134672366906043
"10 items, lambda = 1","i10_l1",1,-1.5,2.8,0.986613082172335,0.0132077082587402
"10 items, lambda = 1","i10_l1",1,-1.5,2.82,0.986874681662897,0.0129530443556526
"10 items, lambda = 1","i10_l1",1,-1.5,2.84,0.987131235803948,0.0127031591041188
"10 items, lambda = 1","i10_l1",1,-1.5,2.86,0.987382839320661,0.0124579679357305
"10 items, lambda = 1","i10_l1",1,-1.5,2.88,0.987629585259838,0.0122173875793187
"10 items, lambda = 1","i10_l1",1,-1.5,2.9,0.987871565015726,0.0119813360491065
"10 items, lambda = 1","i10_l1",1,-1.5,2.92,0.988108868355613,0.0117497326326029
"10 items, lambda = 1","i10_l1",1,-1.5,2.94,0.988341583445167,0.011522497878267
"10 items, lambda = 1","i10_l1",1,-1.5,2.96,0.988569796873529,0.0112995535829584
"10 items, lambda = 1","i10_l1",1,-1.5,2.98,0.988793593678157,0.0110808227791926
"10 items, lambda = 1","i10_l1",1,-1.5,3,0.989013057369407,0.0108662297222252
"10 items, lambda = 1","i10_l1",1,-1.5,3.02,0.989228269954858,0.0106556998769761
"10 items, lambda = 1","i10_l1",1,-1.5,3.04,0.989439311963377,0.0104491599048164
"10 items, lambda = 1","i10_l1",1,-1.5,3.06,0.989646262468908,0.010246537650229
"10 items, lambda = 1","i10_l1",1,-1.5,3.08,0.989849199114007,0.0100477621273656
"10 items, lambda = 1","i10_l1",1,-1.5,3.1,0.990048198133096,0.00985276350650613
"10 items, lambda = 1","i10_l1",1,-1.5,3.12,0.990243334375449,0.00966147310044194
"10 items, lambda = 1","i10_l1",1,-1.5,3.14,0.990434681327908,0.00947382335079298
"10 items, lambda = 1","i10_l1",1,-1.5,3.16,0.990622311137323,0.00928974781427159
"10 items, lambda = 1","i10_l1",1,-1.5,3.18,0.990806294632712,0.00910918114890753
"10 items, lambda = 1","i10_l1",1,-1.5,3.2,0.990986701347152,0.00893205910024251
"10 items, lambda = 1","i10_l1",1,-1.5,3.22,0.991163599539392,0.00875831848750751
"10 items, lambda = 1","i10_l1",1,-1.5,3.24,0.991337056215187,0.0085878971897943
"10 items, lambda = 1","i10_l1",1,-1.5,3.26,0.991507137148356,0.00842073413222746
"10 items, lambda = 1","i10_l1",1,-1.5,3.28,0.991673906901566,0.00825676927215012
"10 items, lambda = 1","i10_l1",1,-1.5,3.3,0.99183742884684,0.00809594358532948
"10 items, lambda = 1","i10_l1",1,-1.5,3.32,0.991997765185784,0.00793819905219439
"10 items, lambda = 1","i10_l1",1,-1.5,3.34,0.992154976969544,0.00778347864410737
"10 items, lambda = 1","i10_l1",1,-1.5,3.36,0.992309124118492,0.00763172630968353
"10 items, lambda = 1","i10_l1",1,-1.5,3.38,0.992460265441627,0.00748288696116269
"10 items, lambda = 1","i10_l1",1,-1.5,3.4,0.992608458655718,0.00733690646083765
"10 items, lambda = 1","i10_l1",1,-1.5,3.42,0.992753760404169,0.00719373160755129
"10 items, lambda = 1","i10_l1",1,-1.5,3.44,0.992896226275611,0.00705331012326133
"10 items, lambda = 1","i10_l1",1,-1.5,3.46,0.993035910822238,0.00691559063968632
"10 items, lambda = 1","i10_l1",1,-1.5,3.48,0.993172867577862,0.00678052268502887
"10 items, lambda = 1","i10_l1",1,-1.5,3.5,0.993307149075715,0.00664805667079003
"10 items, lambda = 1","i10_l1",1,-1.5,3.52,0.993438806865984,0.0065181438786744
"10 items, lambda = 1","i10_l1",1,-1.5,3.54,0.993567891533081,0.00639073644758857
"10 items, lambda = 1","i10_l1",1,-1.5,3.56,0.993694452712664,0.00626578736074307
"10 items, lambda = 1","i10_l1",1,-1.5,3.58,0.993818539108389,0.00614325043285657
"10 items, lambda = 1","i10_l1",1,-1.5,3.6,0.993940198508416,0.00602308029746684
"10 items, lambda = 1","i10_l1",1,-1.5,3.62,0.99405947780166,0.00590523239435132
"10 items, lambda = 1","i10_l1",1,-1.5,3.64,0.994176422993789,0.00578966295706422
"10 items, lambda = 1","i10_l1",1,-1.5,3.66,0.994291079222977,0.00567632900058512
"10 items, lambda = 1","i10_l1",1,-1.5,3.68,0.99440349077541,0.00556518830908895
"10 items, lambda = 1","i10_l1",1,-1.5,3.7,0.99451370110055,0.0054561994238364
"10 items, lambda = 1","i10_l1",1,-1.5,3.72,0.994621752826151,0.00534932163118559
"10 items, lambda = 1","i10_l1",1,-1.5,3.74,0.994727687773051,0.00524451495073025
"10 items, lambda = 1","i10_l1",1,-1.5,3.76,0.994831546969711,0.00514174012356227
"10 items, lambda = 1","i10_l1",1,-1.5,3.78,0.994933370666534,0.0050409586006635
"10 items, lambda = 1","i10_l1",1,-1.5,3.8,0.995033198349943,0.00494213253142602
"10 items, lambda = 1","i10_l1",1,-1.5,3.82,0.995131068756241,0.0048452247523022
"10 items, lambda = 1","i10_l1",1,-1.5,3.84,0.995227019885237,0.00475019877558731
"10 items, lambda = 1","i10_l1",1,-1.5,3.86,0.995321089013649,0.00465701877833257
"10 items, lambda = 1","i10_l1",1,-1.5,3.88,0.995413312708296,0.0045656495913922
"10 items, lambda = 1","i10_l1",1,-1.5,3.9,0.995503726839059,0.00447605668860334
"10 items, lambda = 1","i10_l1",1,-1.5,3.92,0.995592366591637,0.0043882061761004
"10 items, lambda = 1","i10_l1",1,-1.5,3.94,0.995679266480088,0.00430206478176182
"10 items, lambda = 1","i10_l1",1,-1.5,3.96,0.995764460359157,0.00421759984479429
"10 items, lambda = 1","i10_l1",1,-1.5,3.98,0.995847981436399,0.00413477930544822
"10 items, lambda = 1","i10_l1",1,-1.5,4,0.995929862284104,0.00405357169486968
"10 items, lambda = 1","i10_l1",2,-1.16666666666667,-4,0.0555492601576118,0.0524635398535537
"10 items, lambda = 1","i10_l1",2,-1.16666666666667,-3.98,0.0566079059851494,0.0534034509651259
"10 items, lambda = 1","i10_l1",2,-1.16666666666667,-3.96,0.057685494973822,0.0543578786434471
"10 items, lambda = 1","i10_l1",2,-1.16666666666667,-3.94,0.0587823188079662,0.0553269578035248
"10 items, lambda = 1","i10_l1",2,-1.16666666666667,-3.92,0.0598986718464979,0.0563108209575234
"10 items, lambda = 1","i10_l1",2,-1.16666666666667,-3.9,0.0610348510729919,0.0573095980274896
"10 items, lambda = 1","i10_l1",2,-1.16666666666667,-3.88,0.0621911560419579,0.0583234161521227
"10 items, lambda = 1","i10_l1",2,-1.16666666666667,-3.86,0.0633678888211903,0.0593523994875356
"10 items, lambda = 1","i10_l1",2,-1.16666666666667,-3.84,0.0645653539300746,0.0603966690019588
"10 items, lambda = 1","i10_l1",2,-1.16666666666667,-3.82,0.0657838582737253,0.0614563422643477
"10 items, lambda = 1","i10_l1",2,-1.16666666666667,-3.8,0.067023711072836,0.062531533226861
"10 items, lambda = 1","i10_l1",2,-1.16666666666667,-3.78,0.0682852237891162,0.0636223520011865
"10 items, lambda = 1","i10_l1",2,-1.16666666666667,-3.76,0.0695687100461948,0.0647289046287033
"10 items, lambda = 1","i10_l1",2,-1.16666666666667,-3.74,0.0708744855458633,0.0658512928444725
"10 items, lambda = 1","i10_l1",2,-1.16666666666667,-3.72,0.0722028679795383,0.0669896138350677
"10 items, lambda = 1","i10_l1",2,-1.16666666666667,-3.7,0.073554176934819,0.0681439599902603
"10 items, lambda = 1","i10_l1",2,-1.16666666666667,-3.68,0.0749287337970165,0.0693144186485924
"10 items, lambda = 1","i10_l1",2,-1.16666666666667,-3.66,0.0763268616455351,0.0705010718368785
"10 items, lambda = 1","i10_l1",2,-1.16666666666667,-3.64,0.0777488851449819,0.0717039960036943
"10 items, lambda = 1","i10_l1",2,-1.16666666666667,-3.62,0.0791951304308875,0.0729232617469222
"10 items, lambda = 1","i10_l1",2,-1.16666666666667,-3.6,0.080665924989919,0.0741589335354398
"10 items, lambda = 1","i10_l1",2,-1.16666666666667,-3.58,0.0821615975344684,0.0754110694250525
"10 items, lambda = 1","i10_l1",2,-1.16666666666667,-3.56,0.0836824778715036,0.0766797207687889
"10 items, lambda = 1","i10_l1",2,-1.16666666666667,-3.54,0.0852288967655696,0.0779649319216934
"10 items, lambda = 1","i10_l1",2,-1.16666666666667,-3.52,0.0868011857958322,0.0792667399402696
"10 items, lambda = 1","i10_l1",2,-1.16666666666667,-3.5,0.0883996772070584,0.0805851742767463
"10 items, lambda = 1","i10_l1",2,-1.16666666666667,-3.48,0.0900247037544318,0.0819202564683586
"10 items, lambda = 1","i10_l1",2,-1.16666666666667,-3.46,0.0916765985421053,0.083271999821855
"10 items, lambda = 1","i10_l1",2,-1.16666666666667,-3.44,0.0933556948553988,0.0846404090934645
"10 items, lambda = 1","i10_l1",2,-1.16666666666667,-3.42,0.0950623259865524,0.0860254801645788
"10 items, lambda = 1","i10_l1",2,-1.16666666666667,-3.4,0.0967968250539524,0.0874271997134269
"10 items, lambda = 1","i10_l1",2,-1.16666666666667,-3.38,0.0985595248147546,0.0888455448830444
"10 items, lambda = 1","i10_l1",2,-1.16666666666667,-3.36,0.100350757470831,0.0902804829458612
"10 items, lambda = 1","i10_l1",2,-1.16666666666667,-3.34,0.102170854467977,0.0917319709652607
"10 items, lambda = 1","i10_l1",2,-1.16666666666667,-3.32,0.104020146288327,0.0931999554544824
"10 items, lambda = 1","i10_l1",2,-1.16666666666667,-3.3,0.105898962235918,0.0946843720332735
"10 items, lambda = 1","i10_l1",2,-1.16666666666667,-3.28,0.10780763021537,0.0961851450827164
"10 items, lambda = 1","i10_l1",2,-1.16666666666667,-3.26,0.109746476503655,0.0977021873986878
"10 items, lambda = 1","i10_l1",2,-1.16666666666667,-3.24,0.111715825514912,0.0992353998444339
"10 items, lambda = 1","i10_l1",2,-1.16666666666667,-3.22,0.113715999558323,0.100784671002774
"10 items, lambda = 1","i10_l1",2,-1.16666666666667,-3.2,0.115747318589022,0.102349876828474
"10 items, lambda = 1","i10_l1",2,-1.16666666666667,-3.18,0.11781009995207,0.103930880301353
"10 items, lambda = 1","i10_l1",2,-1.16666666666667,-3.16,0.11990465811949,0.105527531080738
"10 items, lambda = 1","i10_l1",2,-1.16666666666667,-3.14,0.122031304420423,0.107139665161873
"10 items, lambda = 1","i10_l1",2,-1.16666666666667,-3.12,0.124190346764432,0.108767104534962
"10 items, lambda = 1","i10_l1",2,-1.16666666666667,-3.1,0.126382089358013,0.110409656847516
"10 items, lambda = 1","i10_l1",2,-1.16666666666667,-3.08,0.128606832414405,0.112067115070738
"10 items, lambda = 1","i10_l1",2,-1.16666666666667,-3.06,0.13086487185676,0.113739257170674
"10 items, lambda = 1","i10_l1",2,-1.16666666666667,-3.04,0.133156499014804,0.115425845784924
"10 items, lambda = 1","i10_l1",2,-1.16666666666667,-3.02,0.13548200031508,0.117126627905705
"10 items, lambda = 1","i10_l1",2,-1.16666666666667,-3,0.137841656964936,0.118841334570097
"10 items, lambda = 1","i10_l1",2,-1.16666666666667,-2.98,0.140235744630388,0.120569680558348
"10 items, lambda = 1","i10_l1",2,-1.16666666666667,-2.96,0.142664533108041,0.122311364101105
"10 items, lambda = 1","i10_l1",2,-1.16666666666667,-2.94,0.145128285991251,0.124066066596492
"10 items, lambda = 1","i10_l1",2,-1.16666666666667,-2.92,0.147627260330733,0.125833452337975
"10 items, lambda = 1","i10_l1",2,-1.16666666666667,-2.9,0.150161706289847,0.127613168253969
"10 items, lambda = 1","i10_l1",2,-1.16666666666667,-2.88,0.152731866794793,0.129404843660171
"10 items, lambda = 1","i10_l1",2,-1.16666666666667,-2.86,0.155337977179998,0.131208090025624
"10 items, lambda = 1","i10_l1",2,-1.16666666666667,-2.84,0.157980264828962,0.133022500753533
"10 items, lambda = 1","i10_l1",2,-1.16666666666667,-2.82,0.160658948810883,0.134847650977865
"10 items, lambda = 1","i10_l1",2,-1.16666666666667,-2.8,0.163374239513379,0.136683097376804
"10 items, lambda = 1","i10_l1",2,-1.16666666666667,-2.78,0.166126338271651,0.138528378004104
"10 items, lambda = 1","i10_l1",2,-1.16666666666667,-2.76,0.168915436994465,0.140383012139434
"10 items, lambda = 1","i10_l1",2,-1.16666666666667,-2.74,0.171741717787347,0.142246500158798
"10 items, lambda = 1","i10_l1",2,-1.16666666666667,-2.72,0.174605352573381,0.144118323426107
"10 items, lambda = 1","i10_l1",2,-1.16666666666667,-2.7,0.177506502712074,0.145997944207002
"10 items, lambda = 1","i10_l1",2,-1.16666666666667,-2.68,0.180445318616716,0.147884805606028
"10 items, lambda = 1","i10_l1",2,-1.16666666666667,-2.66,0.183421939370739,0.149778331528216
"10 items, lambda = 1","i10_l1",2,-1.16666666666667,-2.64,0.186436492343551,0.151677926666184
"10 items, lambda = 1","i10_l1",2,-1.16666666666667,-2.62,0.189489092806376,0.153582976513792
"10 items, lambda = 1","i10_l1",2,-1.16666666666667,-2.6,0.192579843548652,0.155492847407428
"10 items, lambda = 1","i10_l1",2,-1.16666666666667,-2.58,0.195708834495526,0.157406886595929
"10 items, lambda = 1","i10_l1",2,-1.16666666666667,-2.56,0.198876142327052,0.159324422340162
"10 items, lambda = 1","i10_l1",2,-1.16666666666667,-2.54,0.20208183009968,0.161244764043244
"10 items, lambda = 1","i10_l1",2,-1.16666666666667,-2.52,0.205325946870667,0.163167202412331
"10 items, lambda = 1","i10_l1",2,-1.16666666666667,-2.5,0.208608527326045,0.165091009652904
"10 items, lambda = 1","i10_l1",2,-1.16666666666667,-2.48,0.211929591412807,0.167015439696407
"10 items, lambda = 1","i10_l1",2,-1.16666666666667,-2.46,0.215289143975987,0.168939728462074
"10 items, lambda = 1","i10_l1",2,-1.16666666666667,-2.44,0.218687174401326,0.17086309415369
"10 items, lambda = 1","i10_l1",2,-1.16666666666667,-2.42,0.222123656264228,0.172784737592039
"10 items, lambda = 1","i10_l1",2,-1.16666666666667,-2.4,0.225598546985721,0.174703842583653
"10 items, lambda = 1","i10_l1",2,-1.16666666666667,-2.38,0.229111787496175,0.176619576326483
"10 items, lambda = 1","i10_l1",2,-1.16666666666667,-2.36,0.232663301907492,0.178531089852995
"10 items, lambda = 1","i10_l1",2,-1.16666666666667,-2.34,0.236252997194544,0.180437518511139
"10 items, lambda = 1","i10_l1",2,-1.16666666666667,-2.32,0.239880762886613,0.182337982483549
"10 items, lambda = 1","i10_l1",2,-1.16666666666667,-2.3,0.243546470769596,0.18423158734527
"10 items, lambda = 1","i10_l1",2,-1.16666666666667,-2.28,0.247249974599752,0.186117424660174
"10 items, lambda = 1","i10_l1",2,-1.16666666666667,-2.26,0.250991109829767,0.187994572616189
"10 items, lambda = 1","i10_l1",2,-1.16666666666667,-2.24,0.254769693347912,0.189862096699323
"10 items, lambda = 1","i10_l1",2,-1.16666666666667,-2.22,0.258585523231065,0.191719050406381
"10 items, lambda = 1","i10_l1",2,-1.16666666666667,-2.2,0.262438378512375,0.19356447599617
"10 items, lambda = 1","i10_l1",2,-1.16666666666667,-2.18,0.266328018964337,0.195397405278869
"10 items, lambda = 1","i10_l1",2,-1.16666666666667,-2.16,0.270254184898021,0.197216860443127
"10 items, lambda = 1","i10_l1",2,-1.16666666666667,-2.14,0.274216596979228,0.19902185492036
"10 items, lambda = 1","i10_l1",2,-1.16666666666667,-2.12,0.278214956062293,0.20081139428555
"10 items, lambda = 1","i10_l1",2,-1.16666666666667,-2.1,0.28224894304226,0.202584477193787
"10 items, lambda = 1","i10_l1",2,-1.16666666666667,-2.08,0.286318218726142,0.204340096351631
"10 items, lambda = 1","i10_l1",2,-1.16666666666667,-2.06,0.290422423723946,0.206077239522255
"10 items, lambda = 1","i10_l1",2,-1.16666666666667,-2.04,0.294561178360132,0.207794890563222
"10 items, lambda = 1","i10_l1",2,-1.16666666666667,-2.02,0.298734082606138,0.209492030495607
"10 items, lambda = 1","i10_l1",2,-1.16666666666667,-2,0.302940716034593,0.211167638603041
"10 items, lambda = 1","i10_l1",2,-1.16666666666667,-1.98,0.307180637795797,0.212820693559164
"10 items, lambda = 1","i10_l1",2,-1.16666666666667,-1.96,0.31145338661702,0.214450174581809
"10 items, lambda = 1","i10_l1",2,-1.16666666666667,-1.94,0.315758480825138,0.216055062612139
"10 items, lambda = 1","i10_l1",2,-1.16666666666667,-1.92,0.32009541839308,0.217634341516839
"10 items, lambda = 1","i10_l1",2,-1.16666666666667,-1.9,0.324463677010546,0.219186999311342
"10 items, lambda = 1","i10_l1",2,-1.16666666666667,-1.88,0.328862714179364,0.220712029401946
"10 items, lambda = 1","i10_l1",2,-1.16666666666667,-1.86,0.333291967333877,0.222208431844591
"10 items, lambda = 1","i10_l1",2,-1.16666666666667,-1.84,0.33775085398664,0.223675214617935
"10 items, lambda = 1","i10_l1",2,-1.16666666666667,-1.82,0.342238771899708,0.225111394908287
"10 items, lambda = 1","i10_l1",2,-1.16666666666667,-1.8,0.346755099281717,0.226516000403843
"10 items, lambda = 1","i10_l1",2,-1.16666666666667,-1.78,0.351299195010923,0.2278880705956
"10 items, lambda = 1","i10_l1",2,-1.16666666666667,-1.76,0.355870398884303,0.22922665808223
"10 items, lambda = 1","i10_l1",2,-1.16666666666667,-1.74,0.360468031892768,0.230530829876122
"10 items, lambda = 1","i10_l1",2,-1.16666666666667,-1.72,0.365091396522485,0.231799668707747
"10 items, lambda = 1","i10_l1",2,-1.16666666666667,-1.7,0.369739777082249,0.233032274325418
"10 items, lambda = 1","i10_l1",2,-1.16666666666667,-1.68,0.374412440056777,0.234227764787507
"10 items, lambda = 1","i10_l1",2,-1.16666666666667,-1.66,0.379108634485743,0.235385277744098
"10 items, lambda = 1","i10_l1",2,-1.16666666666667,-1.64,0.383827592368322,0.236503971705059
"10 items, lambda = 1","i10_l1",2,-1.16666666666667,-1.62,0.388568529092927,0.237583027291486
"10 items, lambda = 1","i10_l1",2,-1.16666666666667,-1.6,0.393330643891789,0.23862164846746
"10 items, lambda = 1","i10_l1",2,-1.16666666666667,-1.58,0.398113120319943,0.239619063749062
"10 items, lambda = 1","i10_l1",2,-1.16666666666667,-1.56,0.402915126758154,0.240574527387615
"10 items, lambda = 1","i10_l1",2,-1.16666666666667,-1.54,0.407735816939209,0.241487320524125
"10 items, lambda = 1","i10_l1",2,-1.16666666666667,-1.52,0.412574330496994,0.242356752311951
"10 items, lambda = 1","i10_l1",2,-1.16666666666667,-1.5,0.417429793537685,0.243182161004771
"10 items, lambda = 1","i10_l1",2,-1.16666666666667,-1.48,0.422301319232321,0.243962915006962
"10 items, lambda = 1","i10_l1",2,-1.16666666666667,-1.46,0.427188008429986,0.244698413883608
"10 items, lambda = 1","i10_l1",2,-1.16666666666667,-1.44,0.432088950290768,0.24538808932739
"10 items, lambda = 1","i10_l1",2,-1.16666666666667,-1.42,0.437003222937599,0.24603140607975
"10 items, lambda = 1","i10_l1",2,-1.16666666666667,-1.4,0.441929894126047,0.246627862803788
"10 items, lambda = 1","i10_l1",2,-1.16666666666667,-1.38,0.446868021931049,0.24717699290648
"10 items, lambda = 1","i10_l1",2,-1.16666666666667,-1.36,0.451816655449579,0.247678365307935
"10 items, lambda = 1","i10_l1",2,-1.16666666666667,-1.34,0.456774835518142,0.248131585155516
"10 items, lambda = 1","i10_l1",2,-1.16666666666667,-1.32,0.461741595443987,0.248536294480828
"10 items, lambda = 1","i10_l1",2,-1.16666666666667,-1.3,0.466715961748869,0.248892172797697
"10 items, lambda = 1","i10_l1",2,-1.16666666666667,-1.28,0.471696954924171,0.249198937639436
"10 items, lambda = 1","i10_l1",2,-1.16666666666667,-1.26,0.47668359019615,0.249456345033859
"10 items, lambda = 1","i10_l1",2,-1.16666666666667,-1.24,0.481674878300044,0.249664189914682
"10 items, lambda = 1","i10_l1",2,-1.16666666666667,-1.22,0.486669826261768,0.249822306468109
"10 items, lambda = 1","i10_l1",2,-1.16666666666667,-1.2,0.491667438185881,0.249930568413614
"10 items, lambda = 1","i10_l1",2,-1.16666666666667,-1.18,0.496666716048505,0.249988889218099
"10 items, lambda = 1","i10_l1",2,-1.16666666666667,-1.16,0.501666660493855,0.249997222242798
"10 items, lambda = 1","i10_l1",2,-1.16666666666667,-1.14,0.50666627163303,0.249955560822515
"10 items, lambda = 1","i10_l1",2,-1.16666666666667,-1.12,0.511664549843712,0.249863938276944
"10 items, lambda = 1","i10_l1",2,-1.16666666666667,-1.1,0.516660496569411,0.249722427854061
"10 items, lambda = 1","i10_l1",2,-1.16666666666667,-1.08,0.5216531151169,0.249531142605734
"10 items, lambda = 1","i10_l1",2,-1.16666666666667,-1.06,0.526641411450484,0.249290235195926
"10 items, lambda = 1","i10_l1",2,-1.16666666666667,-1.04,0.531624394981769,0.248999897642037
"10 items, lambda = 1","i10_l1",2,-1.16666666666667,-1.02,0.536601079353591,0.248660360990152
"10 items, lambda = 1","i10_l1",2,-1.16666666666667,-1,0.5415704832168,0.248271894925122
"10 items, lambda = 1","i10_l1",2,-1.16666666666667,-0.98,0.5465316309986,0.24783480731661
"10 items, lambda = 1","i10_l1",2,-1.16666666666667,-0.96,0.551483553661183,0.247349443702416
"10 items, lambda = 1","i10_l1",2,-1.16666666666667,-0.94,0.55642528944941,0.24681618671055
"10 items, lambda = 1","i10_l1",2,-1.16666666666667,-0.92,0.561355884626344,0.246235455421719
"10 items, lambda = 1","i10_l1",2,-1.16666666666667,-0.9,0.566274394195439,0.245607704674028
"10 items, lambda = 1","i10_l1",2,-1.16666666666667,-0.88,0.571179882608274,0.244933424311872
"10 items, lambda = 1","i10_l1",2,-1.16666666666667,-0.86,0.576071424456712,0.244213138381127
"10 items, lambda = 1","i10_l1",2,-1.16666666666667,-0.84,0.580948105148459,0.243447404272874
"10 items, lambda = 1","i10_l1",2,-1.16666666666667,-0.82,0.585809021564985,0.24263681181806
"10 items, lambda = 1","i10_l1",2,-1.16666666666667,-0.8,0.590653282700886,0.241781982335553
"10 items, lambda = 1","i10_l1",2,-1.16666666666667,-0.78,0.595480010283748,0.240883567636215
"10 items, lambda = 1","i10_l1",2,-1.16666666666667,-0.76,0.600288339373686,0.239942248985668
"10 items, lambda = 1","i10_l1",2,-1.16666666666667,-0.74,0.605077418941738,0.238958736028543
"10 items, lambda = 1","i10_l1",2,-1.16666666666667,-0.72,0.609846412426392,0.237933765677051
"10 items, lambda = 1","i10_l1",2,-1.16666666666667,-0.7,0.61459449826755,0.236868100966809
"10 items, lambda = 1","i10_l1",2,-1.16666666666667,-0.68,0.619320870417295,0.235762529882859
"10 items, lambda = 1","i10_l1",2,-1.16666666666667,-0.66,0.624024738826925,0.234617864158913
"10 items, lambda = 1","i10_l1",2,-1.16666666666667,-0.64,0.628705329909708,0.233434938052833
"10 items, lambda = 1","i10_l1",2,-1.16666666666667,-0.62,0.633361886978954,0.232214607101413
"10 items, lambda = 1","i10_l1",2,-1.16666666666667,-0.6,0.637993670660984,0.230957746857508
"10 items, lambda = 1","i10_l1",2,-1.16666666666667,-0.58,0.642599959282703,0.229665251612571
"10 items, lambda = 1","i10_l1",2,-1.16666666666667,-0.56,0.647180049233497,0.228338033107625
"10 items, lambda = 1","i10_l1",2,-1.16666666666667,-0.54,0.651733255301261,0.226977019235682
"10 items, lambda = 1","i10_l1",2,-1.16666666666667,-0.52,0.656258910982414,0.22558315273859
"10 items, lambda = 1","i10_l1",2,-1.16666666666667,-0.5,0.660756368765817,0.224157389901229
"10 items, lambda = 1","i10_l1",2,-1.16666666666667,-0.48,0.66522500039058,0.222700699245933
"10 items, lambda = 1","i10_l1",2,-1.16666666666667,-0.46,0.669664197077775,0.221214060229954
"10 items, lambda = 1","i10_l1",2,-1.16666666666667,-0.44,0.674073369736155,0.2196984619487
"10 items, lambda = 1","i10_l1",2,-1.16666666666667,-0.42,0.678451949142018,0.218154901847415
"10 items, lambda = 1","i10_l1",2,-1.16666666666667,-0.4,0.682799386093413,0.216584384443871
"10 items, lambda = 1","i10_l1",2,-1.16666666666667,-0.38,0.687115151538922,0.214987920064566
"10 items, lambda = 1","i10_l1",2,-1.16666666666667,-0.36,0.691398736681332,0.21336652359679
"10 items, lambda = 1","i10_l1",2,-1.16666666666667,-0.34,0.695649653056521,0.211721213258863
"10 items, lambda = 1","i10_l1",2,-1.16666666666667,-0.32,0.699867432587945,0.210053009390703
"10 items, lambda = 1","i10_l1",2,-1.16666666666667,-0.3,0.704051627617162,0.208362933266787
"10 items, lambda = 1","i10_l1",2,-1.16666666666667,-0.28,0.708201810910858,0.206652005933439
"10 items, lambda = 1","i10_l1",2,-1.16666666666667,-0.26,0.712317575644865,0.204921247072287
"10 items, lambda = 1","i10_l1",2,-1.16666666666667,-0.24,0.716398535365742,0.203171673891562
"10 items, lambda = 1","i10_l1",2,-1.16666666666667,-0.22,0.720444323930458,0.201404300046843
"10 items, lambda = 1","i10_l1",2,-1.16666666666667,-0.2,0.724454595424802,0.199620134592688
"10 items, lambda = 1","i10_l1",2,-1.16666666666667,-0.18,0.728429024061152,0.19782018096647
"10 items, lambda = 1","i10_l1",2,-1.16666666666667,-0.16,0.732367304056242,0.196005436005634
"10 items, lambda = 1","i10_l1",2,-1.16666666666667,-0.14,0.736269149489623,0.19417688899945
"10 items, lambda = 1","i10_l1",2,-1.16666666666667,-0.12,0.740134294143515,0.192335520776196
"10 items, lambda = 1","i10_l1",2,-1.16666666666667,-0.1,0.743962491324758,0.190482302826617
"10 items, lambda = 1","i10_l1",2,-1.16666666666667,-0.0800000000000001,0.747753513669603,0.188618196464366
"10 items, lambda = 1","i10_l1",2,-1.16666666666667,-0.06,0.751507152932089,0.186744152023995
"10 items, lambda = 1","i10_l1",2,-1.16666666666667,-0.04,0.755223219756757,0.184861108096994
"10 items, lambda = 1","i10_l1",2,-1.16666666666667,-0.02,0.758901543436468,0.182969990806215
"10 items, lambda = 1","i10_l1",2,-1.16666666666667,0,0.762541971656097,0.181071713118929
"10 items, lambda = 1","i10_l1",2,-1.16666666666667,0.0200000000000005,0.766144370222876,0.179167174198669
"10 items, lambda = 1","i10_l1",2,-1.16666666666667,0.04,0.769708622784158,0.177257258795873
"10 items, lambda = 1","i10_l1",2,-1.16666666666667,0.0600000000000005,0.773234630533388,0.175342836677283
"10 items, lambda = 1","i10_l1",2,-1.16666666666667,0.0800000000000001,0.776722311905043,0.173424762093928
"10 items, lambda = 1","i10_l1",2,-1.16666666666667,0.0999999999999996,0.780171602259317,0.171503873287447
"10 items, lambda = 1","i10_l1",2,-1.16666666666667,0.12,0.783582453557317,0.169580992034412
"10 items, lambda = 1","i10_l1",2,-1.16666666666667,0.14,0.78695483402751,0.167656923228244
"10 items, lambda = 1","i10_l1",2,-1.16666666666667,0.16,0.790288727824201,0.165732454498207
"10 items, lambda = 1","i10_l1",2,-1.16666666666667,0.18,0.793584134678733,0.16380835586494
"10 items, lambda = 1","i10_l1",2,-1.16666666666667,0.2,0.796841069544177,0.161885379431869
"10 items, lambda = 1","i10_l1",2,-1.16666666666667,0.22,0.800059562234191,0.159964259111826
"10 items, lambda = 1","i10_l1",2,-1.16666666666667,0.24,0.803239657056767,0.158045710388094
"10 items, lambda = 1","i10_l1",2,-1.16666666666667,0.26,0.806381412443527,0.15613043010911
"10 items, lambda = 1","i10_l1",2,-1.16666666666667,0.28,0.809484900575248,0.154219096315929
"10 items, lambda = 1","i10_l1",2,-1.16666666666667,0.3,0.812550207004259,0.152312368101595
"10 items, lambda = 1","i10_l1",2,-1.16666666666667,0.32,0.815577430274327,0.150410885501452
"10 items, lambda = 1","i10_l1",2,-1.16666666666667,0.34,0.818566681538662,0.148515269413444
"10 items, lambda = 1","i10_l1",2,-1.16666666666667,0.36,0.821518084176614,0.1466261215474
"10 items, lambda = 1","i10_l1",2,-1.16666666666667,0.38,0.824431773409634,0.14474402440228
"10 items, lambda = 1","i10_l1",2,-1.16666666666667,0.4,0.827307895917056,0.14286954127035
"10 items, lambda = 1","i10_l1",2,-1.16666666666667,0.42,0.830146609452223,0.141003216267202
"10 items, lambda = 1","i10_l1",2,-1.16666666666667,0.44,0.83294808245946,0.139145574386569
"10 items, lambda = 1","i10_l1",2,-1.16666666666667,0.46,0.835712493692381,0.137297121578843
"10 items, lambda = 1","i10_l1",2,-1.16666666666667,0.48,0.838440031834003,0.135458344852199
"10 items, lambda = 1","i10_l1",2,-1.16666666666667,0.5,0.841130895119085,0.133629712395252
"10 items, lambda = 1","i10_l1",2,-1.16666666666667,0.52,0.84378529095914,0.131811673720139
"10 items, lambda = 1","i10_l1",2,-1.16666666666667,0.54,0.846403435570498,0.130004659824956
"10 items, lambda = 1","i10_l1",2,-1.16666666666667,0.56,0.8489855536058,0.128209083374453
"10 items, lambda = 1","i10_l1",2,-1.16666666666667,0.58,0.851531877789286,0.126425338897939
"10 items, lambda = 1","i10_l1",2,-1.16666666666667,0.6,0.854042648556196,0.124653803003314
"10 items, lambda = 1","i10_l1",2,-1.16666666666667,0.62,0.856518113696613,0.122894834606209
"10 items, lambda = 1","i10_l1",2,-1.16666666666667,0.64,0.858958528004025,0.121148775173183
"10 items, lambda = 1","i10_l1",2,-1.16666666666667,0.66,0.861364152928887,0.119415948977988
"10 items, lambda = 1","i10_l1",2,-1.16666666666667,0.68,0.863735256237425,0.117696663369895
"10 items, lambda = 1","i10_l1",2,-1.16666666666667,0.7,0.866072111675926,0.115991209053128
"10 items, lambda = 1","i10_l1",2,-1.16666666666667,0.72,0.868374998640719,0.114299860376451
"10 items, lambda = 1","i10_l1",2,-1.16666666666667,0.74,0.870644201854032,0.112622875631987
"10 items, lambda = 1","i10_l1",2,-1.16666666666667,0.76,0.872880011045928,0.110960497362389
"10 items, lambda = 1","i10_l1",2,-1.16666666666667,0.78,0.875082720642438,0.109312952675467
"10 items, lambda = 1","i10_l1",2,-1.16666666666667,0.8,0.877252629460078,0.107680453565457
"10 items, lambda = 1","i10_l1",2,-1.16666666666667,0.82,0.879390040406833,0.106063197240102
"10 items, lambda = 1","i10_l1",2,-1.16666666666667,0.84,0.88149526018974,0.104461366452763
"10 items, lambda = 1","i10_l1",2,-1.16666666666667,0.86,0.883568599029161,0.102875129838807
"10 items, lambda = 1","i10_l1",2,-1.16666666666667,0.88,0.885610370379816,0.101304642255541
"10 items, lambda = 1","i10_l1",2,-1.16666666666667,0.9,0.887620890658643,0.099750045125
"10 items, lambda = 1","i10_l1",2,-1.16666666666667,0.92,0.889600478979544,0.0982114667789098
"10 items, lambda = 1","i10_l1",2,-1.16666666666667,0.94,0.891549456895037,0.0966890228052015
"10 items, lambda = 1","i10_l1",2,-1.16666666666667,0.96,0.893468148144856,0.0951828163954576
"10 items, lambda = 1","i10_l1",2,-1.16666666666667,0.98,0.895356878411502,0.0936929386927127
"10 items, lambda = 1","i10_l1",2,-1.16666666666667,1,0.897215975082748,0.0922194691390615
"10 items, lambda = 1","i10_l1",2,-1.16666666666667,1.02,0.899045767021092,0.0907624758225486
"10 items, lambda = 1","i10_l1",2,-1.16666666666667,1.04,0.900846584340132,0.0893220158228493
"10 items, lambda = 1","i10_l1",2,-1.16666666666667,1.06,0.902618758187847,0.0878981355552759
"10 items, lambda = 1","i10_l1",2,-1.16666666666667,1.08,0.904362620536728,0.0864908711126701
"10 items, lambda = 1","i10_l1",2,-1.16666666666667,1.1,0.906078503980729,0.0851002486047732
"10 items, lambda = 1","i10_l1",2,-1.16666666666667,1.12,0.907766741538974,0.0837262844946876
"10 items, lambda = 1","i10_l1",2,-1.16666666666667,1.14,0.909427666466162,0.0823689859320729
"10 items, lambda = 1","i10_l1",2,-1.16666666666667,1.16,0.911061612069603,0.0810283510827396
"10 items, lambda = 1","i10_l1",2,-1.16666666666667,1.18,0.912668911532797,0.0797043694543362
"10 items, lambda = 1","i10_l1",2,-1.16666666666667,1.2,0.914249897745504,0.0783970222178394
"10 items, lambda = 1","i10_l1",2,-1.16666666666667,1.22,0.915804903140179,0.0771062825245867
"10 items, lambda = 1","i10_l1",2,-1.16666666666667,1.24,0.917334259534714,0.0758321158186122
"10 items, lambda = 1","i10_l1",2,-1.16666666666667,1.26,0.918838297981376,0.0745744801440639
"10 items, lambda = 1","i10_l1",2,-1.16666666666667,1.28,0.920317348621841,0.073333326447506
"10 items, lambda = 1","i10_l1",2,-1.16666666666667,1.3,0.921771740548216,0.0721085988749283
"10 items, lambda = 1","i10_l1",2,-1.16666666666667,1.32,0.92320180166996,0.0709002350632997
"10 items, lambda = 1","i10_l1",2,-1.16666666666667,1.34,0.924607858586567,0.0697081664265295
"10 items, lambda = 1","i10_l1",2,-1.16666666666667,1.36,0.925990236465921,0.068532318435709
"10 items, lambda = 1","i10_l1",2,-1.16666666666667,1.38,0.927349258928187,0.0673726108935297
"10 items, lambda = 1","i10_l1",2,-1.16666666666667,1.4,0.928685247935146,0.0662289582027824
"10 items, lambda = 1","i10_l1",2,-1.16666666666667,1.42,0.929998523684828,0.0651012696288683
"10 items, lambda = 1","i10_l1",2,-1.16666666666667,1.44,0.931289404511338,0.0639894495562553
"10 items, lambda = 1","i10_l1",2,-1.16666666666667,1.46,0.932558206789754,0.0628933977388323
"10 items, lambda = 1","i10_l1",2,-1.16666666666667,1.48,0.933805244845965,0.0618130095441325
"10 items, lambda = 1","i10_l1",2,-1.16666666666667,1.5,0.935030830871336,0.0607481761913951
"10 items, lambda = 1","i10_l1",2,-1.16666666666667,1.52,0.936235274842073,0.0596987849834614
"10 items, lambda = 1","i10_l1",2,-1.16666666666667,1.54,0.937418884443159,0.0586647195325025
"10 items, lambda = 1","i10_l1",2,-1.16666666666667,1.56,0.93858196499675,0.0576458599795894
"10 items, lambda = 1","i10_l1",2,-1.16666666666667,1.58,0.939724819394896,0.0566420832081259
"10 items, lambda = 1","i10_l1",2,-1.16666666666667,1.6,0.940847748036472,0.0556532630511717
"10 items, lambda = 1","i10_l1",2,-1.16666666666667,1.62,0.94195104876819,0.0546792704926974
"10 items, lambda = 1","i10_l1",2,-1.16666666666667,1.64,0.943035016829584,0.05371997386281
"10 items, lambda = 1","i10_l1",2,-1.16666666666667,1.66,0.944099944801836,0.0527752390270065
"10 items, lambda = 1","i10_l1",2,-1.16666666666667,1.68,0.94514612256032,0.0518449295695121
"10 items, lambda = 1","i10_l1",2,-1.16666666666667,1.7,0.94617383723077,0.05092890697077
"10 items, lambda = 1","i10_l1",2,-1.16666666666667,1.72,0.947183373148925,0.0500270307791497
"10 items, lambda = 1","i10_l1",2,-1.16666666666667,1.74,0.948175011823556,0.0491391587769555
"10 items, lambda = 1","i10_l1",2,-1.16666666666667,1.76,0.949149031902765,0.0482651471408087
"10 items, lambda = 1","i10_l1",2,-1.16666666666667,1.78,0.950105709143423,0.0474048505964963
"10 items, lambda = 1","i10_l1",2,-1.16666666666667,1.8,0.951045316383657,0.046558122568367
"10 items, lambda = 1","i10_l1",2,-1.16666666666667,1.82,0.951968123518272,0.0457248153233724
"10 items, lambda = 1","i10_l1",2,-1.16666666666667,1.84,0.952874397476998,0.044904780109846
"10 items, lambda = 1","i10_l1",2,-1.16666666666667,1.86,0.953764402205465,0.0440978672911168
"10 items, lambda = 1","i10_l1",2,-1.16666666666667,1.88,0.954638398648794,0.04330392647406
"10 items, lambda = 1","i10_l1",2,-1.16666666666667,1.9,0.955496644737713,0.0425228066326857
"10 items, lambda = 1","i10_l1",2,-1.16666666666667,1.92,0.956339395377094,0.0417543562268681
"10 items, lambda = 1","i10_l1",2,-1.16666666666667,1.94,0.957166902436821,0.0409984233163224
"10 items, lambda = 1","i10_l1",2,-1.16666666666667,1.96,0.957979414744883,0.0402548556699346
"10 items, lambda = 1","i10_l1",2,-1.16666666666667,1.98,0.958777178082617,0.0395235008705508
"10 items, lambda = 1","i10_l1",2,-1.16666666666667,2,0.959560435181997,0.0388042064153338
"10 items, lambda = 1","i10_l1",2,-1.16666666666667,2.02,0.960329425724886,0.0380968198117971
"10 items, lambda = 1","i10_l1",2,-1.16666666666667,2.04,0.961084386344169,0.0374011886696213
"10 items, lambda = 1","i10_l1",2,-1.16666666666667,2.06,0.961825550626682,0.0367171607883619
"10 items, lambda = 1","i10_l1",2,-1.16666666666667,2.08,0.962553149117852,0.0360445842411584
"10 items, lambda = 1","i10_l1",2,-1.16666666666667,2.1,0.96326740932797,0.0353833074545508
"10 items, lambda = 1","i10_l1",2,-1.16666666666667,2.12,0.963968555740033,0.0347331792845083
"10 items, lambda = 1","i10_l1",2,-1.16666666666667,2.14,0.964656809819052,0.0340940490887809
"10 items, lambda = 1","i10_l1",2,-1.16666666666667,2.16,0.965332390022793,0.033465766795675
"10 items, lambda = 1","i10_l1",2,-1.16666666666667,2.18,0.965995511813836,0.0328481829693608
"10 items, lambda = 1","i10_l1",2,-1.16666666666667,2.2,0.966646387672925,0.0322411488718106
"10 items, lambda = 1","i10_l1",2,-1.16666666666667,2.22,0.96728522711351,0.0316445165214756
"10 items, lambda = 1","i10_l1",2,-1.16666666666667,2.24,0.967912236697442,0.0310581387487966
"10 items, lambda = 1","i10_l1",2,-1.16666666666667,2.26,0.968527620051742,0.0304818692486505
"10 items, lambda = 1","i10_l1",2,-1.16666666666667,2.28,0.969131577886384,0.0299155626298318
"10 items, lambda = 1","i10_l1",2,-1.16666666666667,2.3,0.96972430801305,0.0293590744616618
"10 items, lambda = 1","i10_l1",2,-1.16666666666667,2.32,0.97030600536478,0.0288122613178235
"10 items, lambda = 1","i10_l1",2,-1.16666666666667,2.34,0.970876862016478,0.0282749808175145
"10 items, lambda = 1","i10_l1",2,-1.16666666666667,2.36,0.97143706720621,0.0277470916640071
"10 items, lambda = 1","i10_l1",2,-1.16666666666667,2.38,0.97198680735725,0.02722845368071
"10 items, lambda = 1","i10_l1",2,-1.16666666666667,2.4,0.972526266100825,0.0267189278448126
"10 items, lambda = 1","i10_l1",2,-1.16666666666667,2.42,0.973055624299504,0.0262183763186064
"10 items, lambda = 1","i10_l1",2,-1.16666666666667,2.44,0.973575060071201,0.0257266624785586
"10 items, lambda = 1","i10_l1",2,-1.16666666666667,2.46,0.974084748813723,0.0252436509422289
"10 items, lambda = 1","i10_l1",2,-1.16666666666667,2.48,0.974584863229851,0.0247692075931032
"10 items, lambda = 1","i10_l1",2,-1.16666666666667,2.5,0.975075573352886,0.0243031996034267
"10 items, lambda = 1","i10_l1",2,-1.16666666666667,2.52,0.975557046572636,0.0238454954551121
"10 items, lambda = 1","i10_l1",2,-1.16666666666667,2.54,0.976029447661805,0.0233959649587972
"10 items, lambda = 1","i10_l1",2,-1.16666666666667,2.56,0.976492938802743,0.0229544792711258
"10 items, lambda = 1","i10_l1",2,-1.16666666666667,2.58,0.976947679614523,0.0225209109103223
"10 items, lambda = 1","i10_l1",2,-1.16666666666667,2.6,0.977393827180318,0.0220951337701289
"10 items, lambda = 1","i10_l1",2,-1.16666666666667,2.62,0.977831536075032,0.0216770231321753
"10 items, lambda = 1","i10_l1",2,-1.16666666666667,2.64,0.978260958393176,0.0212664556768408
"10 items, lambda = 1","i10_l1",2,-1.16666666666667,2.66,0.978682243776932,0.0208633094926815
"10 items, lambda = 1","i10_l1",2,-1.16666666666667,2.68,0.979095539444407,0.0204674640844731
"10 items, lambda = 1","i10_l1",2,-1.16666666666667,2.7,0.979500990218018,0.0200788003799398
"10 items, lambda = 1","i10_l1",2,-1.16666666666667,2.72,0.979898738553018,0.0196972007352222
"10 items, lambda = 1","i10_l1",2,-1.16666666666667,2.74,0.980288924566099,0.01932254893914
"10 items, lambda = 1","i10_l1",2,-1.16666666666667,2.76,0.980671686064086,0.0189547302163091
"10 items, lambda = 1","i10_l1",2,-1.16666666666667,2.78,0.98104715857267,0.018593631229161
"10 items, lambda = 1","i10_l1",2,-1.16666666666667,2.8,0.981415475365178,0.0182391400789193
"10 items, lambda = 1","i10_l1",2,-1.16666666666667,2.82,0.981776767491353,0.0178911463055831
"10 items, lambda = 1","i10_l1",2,-1.16666666666667,2.84,0.982131163806114,0.0175495408869622
"10 items, lambda = 1","i10_l1",2,-1.16666666666667,2.86,0.982478790998302,0.0172142162368163
"10 items, lambda = 1","i10_l1",2,-1.16666666666667,2.88,0.982819773619372,0.0168850662021384
"10 items, lambda = 1","i10_l1",2,-1.16666666666667,2.9,0.983154234112019,0.0165619860596283
"10 items, lambda = 1","i10_l1",2,-1.16666666666667,2.92,0.983482292838737,0.0162448725113982
"10 items, lambda = 1","i10_l1",2,-1.16666666666667,2.94,0.983804068110273,0.0159336236799507
"10 items, lambda = 1","i10_l1",2,-1.16666666666667,2.96,0.984119676213981,0.0156281391024698
"10 items, lambda = 1","i10_l1",2,-1.16666666666667,2.98,0.984429231442056,0.0153283197244587
"10 items, lambda = 1","i10_l1",2,-1.16666666666667,3,0.984732846119626,0.0150340678927674
"10 items, lambda = 1","i10_l1",2,-1.16666666666667,3.02,0.985030630632705,0.01474528734804
"10 items, lambda = 1","i10_l1",2,-1.16666666666667,3.04,0.985322693455996,0.0144618832166169
"10 items, lambda = 1","i10_l1",2,-1.16666666666667,3.06,0.985609141180511,0.0141837620019264
"10 items, lambda = 1","i10_l1",2,-1.16666666666667,3.08,0.985890078541026,0.0139108315753955
"10 items, lambda = 1","i10_l1",2,-1.16666666666667,3.1,0.986165608443347,0.0136430011669098
"10 items, lambda = 1","i10_l1",2,-1.16666666666667,3.12,0.986435831991381,0.0133801813548528
"10 items, lambda = 1","i10_l1",2,-1.16666666666667,3.14,0.986700848514,0.0131222840557527
"10 items, lambda = 1","i10_l1",2,-1.16666666666667,3.16,0.986960755591698,0.0128692225135623
"10 items, lambda = 1","i10_l1",2,-1.16666666666667,3.18,0.987215649083034,0.0126209112885981
"10 items, lambda = 1","i10_l1",2,-1.16666666666667,3.2,0.987465623150838,0.012377266246165
"10 items, lambda = 1","i10_l1",2,-1.16666666666667,3.22,0.987710770288203,0.0121382045448875
"10 items, lambda = 1","i10_l1",2,-1.16666666666667,3.24,0.987951181344226,0.0119036446247742
"10 items, lambda = 1","i10_l1",2,-1.16666666666667,3.26,0.988186945549517,0.0116735061950326
"10 items, lambda = 1","i10_l1",2,-1.16666666666667,3.28,0.98841815054146,0.0114477102216596
"10 items, lambda = 1","i10_l1",2,-1.16666666666667,3.3,0.98864488238922,0.011226178914825
"10 items, lambda = 1","i10_l1",2,-1.16666666666667,3.32,0.988867225618503,0.0110088357160679
"10 items, lambda = 1","i10_l1",2,-1.16666666666667,3.34,0.989085263236049,0.0107956052853249
"10 items, lambda = 1","i10_l1",2,-1.16666666666667,3.36,0.989299076753872,0.0105864134878081
"10 items, lambda = 1","i10_l1",2,-1.16666666666667,3.38,0.989508746213235,0.0103811873807463
"10 items, lambda = 1","i10_l1",2,-1.16666666666667,3.4,0.989714350208352,0.0101798552000114
"10 items, lambda = 1","i10_l1",2,-1.16666666666667,3.42,0.989915965909829,0.00998234634663927
"10 items, lambda = 1","i10_l1",2,-1.16666666666667,3.44,0.990113669087832,0.0097885913732635
"10 items, lambda = 1","i10_l1",2,-1.16666666666667,3.46,0.99030753413498,0.00959852197047503
"10 items, lambda = 1","i10_l1",2,-1.16666666666667,3.48,0.990497634088973,0.00941207095311956
"10 items, lambda = 1","i10_l1",2,-1.16666666666667,3.5,0.990684040654933,0.00922917224654775
"10 items, lambda = 1","i10_l1",2,-1.16666666666667,3.52,0.99086682422748,0.00904976087282786
"10 items, lambda = 1","i10_l1",2,-1.16666666666667,3.54,0.991046053912528,0.00887377293693488
"10 items, lambda = 1","i10_l1",2,-1.16666666666667,3.56,0.991221797548802,0.00870114561292333
"10 items, lambda = 1","i10_l1",2,-1.16666666666667,3.58,0.991394121729088,0.00853181713009843
"10 items, lambda = 1","i10_l1",2,-1.16666666666667,3.6,0.991563091821191,0.00836572675919172
"10 items, lambda = 1","i10_l1",2,-1.16666666666667,3.62,0.991728771988632,0.008202814798552
"10 items, lambda = 1","i10_l1",2,-1.16666666666667,3.64,0.99189122521106,0.00804302256036204
"10 items, lambda = 1","i10_l1",2,-1.16666666666667,3.66,0.992050513304392,0.00788629235688437
"10 items, lambda = 1","i10_l1",2,-1.16666666666667,3.68,0.992206696940675,0.00773256748675053
"10 items, lambda = 1","i10_l1",2,-1.16666666666667,3.7,0.99235983566768,0.00758179222129521
"10 items, lambda = 1","i10_l1",2,-1.16666666666667,3.72,0.992509987928217,0.00743391179094712
"10 items, lambda = 1","i10_l1",2,-1.16666666666667,3.74,0.992657211079185,0.00728887237167965
"10 items, lambda = 1","i10_l1",2,-1.16666666666667,3.76,0.992801561410341,0.00714662107152954
"10 items, lambda = 1","i10_l1",2,-1.16666666666667,3.78,0.992943094162817,0.00700710591718834
"10 items, lambda = 1","i10_l1",2,-1.16666666666667,3.8,0.99308186354735,0.006870275840673
"10 items, lambda = 1","i10_l1",2,-1.16666666666667,3.82,0.993217922762261,0.00673608066608017
"10 items, lambda = 1","i10_l1",2,-1.16666666666667,3.84,0.993351324011167,0.00660447109642896
"10 items, lambda = 1","i10_l1",2,-1.16666666666667,3.86,0.993482118520421,0.00647539870059726
"10 items, lambda = 1","i10_l1",2,-1.16666666666667,3.88,0.993610356556308,0.00634881590035479
"10 items, lambda = 1","i10_l1",2,-1.16666666666667,3.9,0.993736087441967,0.00622467595749814
"10 items, lambda = 1","i10_l1",2,-1.16666666666667,3.92,0.99385935957407,0.00610293296108986
"10 items, lambda = 1","i10_l1",2,-1.16666666666667,3.94,0.993980220439234,0.00598354181480627
"10 items, lambda = 1","i10_l1",2,-1.16666666666667,3.96,0.994098716630192,0.00586645822439712
"10 items, lambda = 1","i10_l1",2,-1.16666666666667,3.98,0.994214893861712,0.00575163868525705
"10 items, lambda = 1","i10_l1",2,-1.16666666666667,4,0.994328796986259,0.00563904047011796
"10 items, lambda = 1","i10_l1",3,-0.833333333333333,-4,0.0404395648180032,0.0388042064153338
"10 items, lambda = 1","i10_l1",3,-0.833333333333333,-3.98,0.041222821917383,0.0395235008705507
"10 items, lambda = 1","i10_l1",3,-0.833333333333333,-3.96,0.0420205852551173,0.0402548556699347
"10 items, lambda = 1","i10_l1",3,-0.833333333333333,-3.94,0.0428330975631793,0.0409984233163225
"10 items, lambda = 1","i10_l1",3,-0.833333333333333,-3.92,0.0436606046229058,0.0417543562268681
"10 items, lambda = 1","i10_l1",3,-0.833333333333333,-3.9,0.0445033552622871,0.0425228066326857
"10 items, lambda = 1","i10_l1",3,-0.833333333333333,-3.88,0.0453616013512058,0.04330392647406
"10 items, lambda = 1","i10_l1",3,-0.833333333333333,-3.86,0.0462355977945348,0.0440978672911168
"10 items, lambda = 1","i10_l1",3,-0.833333333333333,-3.84,0.0471256025230021,0.0449047801098461
"10 items, lambda = 1","i10_l1",3,-0.833333333333333,-3.82,0.0480318764817286,0.0457248153233726
"10 items, lambda = 1","i10_l1",3,-0.833333333333333,-3.8,0.0489546836163433,0.046558122568367
"10 items, lambda = 1","i10_l1",3,-0.833333333333333,-3.78,0.0498942908565771,0.0474048505964964
"10 items, lambda = 1","i10_l1",3,-0.833333333333333,-3.76,0.0508509680972348,0.0482651471408088
"10 items, lambda = 1","i10_l1",3,-0.833333333333333,-3.74,0.051824988176444,0.0491391587769555
"10 items, lambda = 1","i10_l1",3,-0.833333333333333,-3.72,0.0528166268510756,0.0500270307791498
"10 items, lambda = 1","i10_l1",3,-0.833333333333333,-3.7,0.0538261627692295,0.0509289069707699
"10 items, lambda = 1","i10_l1",3,-0.833333333333333,-3.68,0.0548538774396795,0.0518449295695121
"10 items, lambda = 1","i10_l1",3,-0.833333333333333,-3.66,0.0559000551981642,0.0527752390270064
"10 items, lambda = 1","i10_l1",3,-0.833333333333333,-3.64,0.0569649831704158,0.0537199738628101
"10 items, lambda = 1","i10_l1",3,-0.833333333333333,-3.62,0.0580489512318107,0.0546792704926975
"10 items, lambda = 1","i10_l1",3,-0.833333333333333,-3.6,0.0591522519635285,0.0556532630511717
"10 items, lambda = 1","i10_l1",3,-0.833333333333333,-3.58,0.0602751806051037,0.0566420832081258
"10 items, lambda = 1","i10_l1",3,-0.833333333333333,-3.56,0.0614180350032499,0.0576458599795895
"10 items, lambda = 1","i10_l1",3,-0.833333333333333,-3.54,0.0625811155568412,0.0586647195325025
"10 items, lambda = 1","i10_l1",3,-0.833333333333333,-3.52,0.0637647251579274,0.0596987849834614
"10 items, lambda = 1","i10_l1",3,-0.833333333333333,-3.5,0.0649691691286641,0.0607481761913951
"10 items, lambda = 1","i10_l1",3,-0.833333333333333,-3.48,0.0661947551540352,0.0618130095441326
"10 items, lambda = 1","i10_l1",3,-0.833333333333333,-3.46,0.0674417932102459,0.0628933977388324
"10 items, lambda = 1","i10_l1",3,-0.833333333333333,-3.44,0.0687105954886617,0.0639894495562552
"10 items, lambda = 1","i10_l1",3,-0.833333333333333,-3.42,0.070001476315172,0.0651012696288684
"10 items, lambda = 1","i10_l1",3,-0.833333333333333,-3.4,0.071314752064854,0.0662289582027824
"10 items, lambda = 1","i10_l1",3,-0.833333333333333,-3.38,0.0726507410718133,0.0673726108935297
"10 items, lambda = 1","i10_l1",3,-0.833333333333333,-3.36,0.0740097635340795,0.0685323184357092
"10 items, lambda = 1","i10_l1",3,-0.833333333333333,-3.34,0.0753921414134325,0.0697081664265295
"10 items, lambda = 1","i10_l1",3,-0.833333333333333,-3.32,0.0767981983300399,0.0709002350632997
"10 items, lambda = 1","i10_l1",3,-0.833333333333333,-3.3,0.078228259451784,0.0721085988749284
"10 items, lambda = 1","i10_l1",3,-0.833333333333333,-3.28,0.0796826513781594,0.0733333264475061
"10 items, lambda = 1","i10_l1",3,-0.833333333333333,-3.26,0.0811617020186237,0.0745744801440639
"10 items, lambda = 1","i10_l1",3,-0.833333333333333,-3.24,0.0826657404652863,0.0758321158186122
"10 items, lambda = 1","i10_l1",3,-0.833333333333333,-3.22,0.0841950968598215,0.0771062825245868
"10 items, lambda = 1","i10_l1",3,-0.833333333333333,-3.2,0.0857501022544959,0.0783970222178394
"10 items, lambda = 1","i10_l1",3,-0.833333333333333,-3.18,0.0873310884672027,0.0797043694543363
"10 items, lambda = 1","i10_l1",3,-0.833333333333333,-3.16,0.0889383879303974,0.0810283510827396
"10 items, lambda = 1","i10_l1",3,-0.833333333333333,-3.14,0.0905723335338375,0.0823689859320728
"10 items, lambda = 1","i10_l1",3,-0.833333333333333,-3.12,0.0922332584610261,0.0837262844946877
"10 items, lambda = 1","i10_l1",3,-0.833333333333333,-3.1,0.0939214960192712,0.0851002486047732
"10 items, lambda = 1","i10_l1",3,-0.833333333333333,-3.08,0.095637379463272,0.0864908711126701
"10 items, lambda = 1","i10_l1",3,-0.833333333333333,-3.06,0.097381241812153,0.087898135555276
"10 items, lambda = 1","i10_l1",3,-0.833333333333333,-3.04,0.0991534156598679,0.0893220158228494
"10 items, lambda = 1","i10_l1",3,-0.833333333333333,-3.02,0.100954232978908,0.0907624758225486
"10 items, lambda = 1","i10_l1",3,-0.833333333333333,-3,0.102784024917252,0.0922194691390615
"10 items, lambda = 1","i10_l1",3,-0.833333333333333,-2.98,0.104643121588498,0.0936929386927128
"10 items, lambda = 1","i10_l1",3,-0.833333333333333,-2.96,0.106531851855144,0.0951828163954576
"10 items, lambda = 1","i10_l1",3,-0.833333333333333,-2.94,0.108450543104963,0.0966890228052016
"10 items, lambda = 1","i10_l1",3,-0.833333333333333,-2.92,0.110399521020456,0.0982114667789099
"10 items, lambda = 1","i10_l1",3,-0.833333333333333,-2.9,0.112379109341357,0.0997500451250002
"10 items, lambda = 1","i10_l1",3,-0.833333333333333,-2.88,0.114389629620184,0.101304642255541
"10 items, lambda = 1","i10_l1",3,-0.833333333333333,-2.86,0.116431400970839,0.102875129838807
"10 items, lambda = 1","i10_l1",3,-0.833333333333333,-2.84,0.11850473981026,0.104461366452763
"10 items, lambda = 1","i10_l1",3,-0.833333333333333,-2.82,0.120609959593167,0.106063197240102
"10 items, lambda = 1","i10_l1",3,-0.833333333333333,-2.8,0.122747370539922,0.107680453565457
"10 items, lambda = 1","i10_l1",3,-0.833333333333333,-2.78,0.124917279357562,0.109312952675467
"10 items, lambda = 1","i10_l1",3,-0.833333333333333,-2.76,0.127119988954073,0.110960497362389
"10 items, lambda = 1","i10_l1",3,-0.833333333333333,-2.74,0.129355798145967,0.112622875631987
"10 items, lambda = 1","i10_l1",3,-0.833333333333333,-2.72,0.131625001359281,0.11429986037645
"10 items, lambda = 1","i10_l1",3,-0.833333333333333,-2.7,0.133927888324074,0.115991209053128
"10 items, lambda = 1","i10_l1",3,-0.833333333333333,-2.68,0.136264743762575,0.117696663369895
"10 items, lambda = 1","i10_l1",3,-0.833333333333333,-2.66,0.138635847071113,0.119415948977988
"10 items, lambda = 1","i10_l1",3,-0.833333333333333,-2.64,0.141041471995975,0.121148775173183
"10 items, lambda = 1","i10_l1",3,-0.833333333333333,-2.62,0.143481886303387,0.122894834606209
"10 items, lambda = 1","i10_l1",3,-0.833333333333333,-2.6,0.145957351443805,0.124653803003314
"10 items, lambda = 1","i10_l1",3,-0.833333333333333,-2.58,0.148468122210715,0.126425338897939
"10 items, lambda = 1","i10_l1",3,-0.833333333333333,-2.56,0.1510144463942,0.128209083374453
"10 items, lambda = 1","i10_l1",3,-0.833333333333333,-2.54,0.153596564429502,0.130004659824956
"10 items, lambda = 1","i10_l1",3,-0.833333333333333,-2.52,0.15621470904086,0.131811673720139
"10 items, lambda = 1","i10_l1",3,-0.833333333333333,-2.5,0.158869104880915,0.133629712395252
"10 items, lambda = 1","i10_l1",3,-0.833333333333333,-2.48,0.161559968165997,0.135458344852199
"10 items, lambda = 1","i10_l1",3,-0.833333333333333,-2.46,0.164287506307619,0.137297121578843
"10 items, lambda = 1","i10_l1",3,-0.833333333333333,-2.44,0.167051917540541,0.139145574386569
"10 items, lambda = 1","i10_l1",3,-0.833333333333333,-2.42,0.169853390547777,0.141003216267202
"10 items, lambda = 1","i10_l1",3,-0.833333333333333,-2.4,0.172692104082945,0.14286954127035
"10 items, lambda = 1","i10_l1",3,-0.833333333333333,-2.38,0.175568226590367,0.14474402440228
"10 items, lambda = 1","i10_l1",3,-0.833333333333333,-2.36,0.178481915823386,0.1466261215474
"10 items, lambda = 1","i10_l1",3,-0.833333333333333,-2.34,0.181433318461338,0.148515269413444
"10 items, lambda = 1","i10_l1",3,-0.833333333333333,-2.32,0.184422569725673,0.150410885501452
"10 items, lambda = 1","i10_l1",3,-0.833333333333333,-2.3,0.187449792995741,0.152312368101595
"10 items, lambda = 1","i10_l1",3,-0.833333333333333,-2.28,0.190515099424752,0.154219096315929
"10 items, lambda = 1","i10_l1",3,-0.833333333333333,-2.26,0.193618587556473,0.15613043010911
"10 items, lambda = 1","i10_l1",3,-0.833333333333333,-2.24,0.196760342943233,0.158045710388094
"10 items, lambda = 1","i10_l1",3,-0.833333333333333,-2.22,0.199940437765809,0.159964259111826
"10 items, lambda = 1","i10_l1",3,-0.833333333333333,-2.2,0.203158930455823,0.161885379431869
"10 items, lambda = 1","i10_l1",3,-0.833333333333333,-2.18,0.206415865321267,0.16380835586494
"10 items, lambda = 1","i10_l1",3,-0.833333333333333,-2.16,0.209711272175799,0.165732454498207
"10 items, lambda = 1","i10_l1",3,-0.833333333333333,-2.14,0.21304516597249,0.167656923228244
"10 items, lambda = 1","i10_l1",3,-0.833333333333333,-2.12,0.216417546442683,0.169580992034412
"10 items, lambda = 1","i10_l1",3,-0.833333333333333,-2.1,0.219828397740683,0.171503873287447
"10 items, lambda = 1","i10_l1",3,-0.833333333333333,-2.08,0.223277688094957,0.173424762093928
"10 items, lambda = 1","i10_l1",3,-0.833333333333333,-2.06,0.226765369466612,0.175342836677283
"10 items, lambda = 1","i10_l1",3,-0.833333333333333,-2.04,0.230291377215842,0.177257258795873
"10 items, lambda = 1","i10_l1",3,-0.833333333333333,-2.02,0.233855629777124,0.179167174198669
"10 items, lambda = 1","i10_l1",3,-0.833333333333333,-2,0.237458028343903,0.181071713118929
"10 items, lambda = 1","i10_l1",3,-0.833333333333333,-1.98,0.241098456563532,0.182969990806215
"10 items, lambda = 1","i10_l1",3,-0.833333333333333,-1.96,0.244776780243243,0.184861108096994
"10 items, lambda = 1","i10_l1",3,-0.833333333333333,-1.94,0.248492847067911,0.186744152023995
"10 items, lambda = 1","i10_l1",3,-0.833333333333333,-1.92,0.252246486330397,0.188618196464366
"10 items, lambda = 1","i10_l1",3,-0.833333333333333,-1.9,0.256037508675242,0.190482302826617
"10 items, lambda = 1","i10_l1",3,-0.833333333333333,-1.88,0.259865705856485,0.192335520776196
"10 items, lambda = 1","i10_l1",3,-0.833333333333333,-1.86,0.263730850510377,0.19417688899945
"10 items, lambda = 1","i10_l1",3,-0.833333333333333,-1.84,0.267632695943758,0.196005436005634
"10 items, lambda = 1","i10_l1",3,-0.833333333333333,-1.82,0.271570975938848,0.19782018096647
"10 items, lambda = 1","i10_l1",3,-0.833333333333333,-1.8,0.275545404575198,0.199620134592688
"10 items, lambda = 1","i10_l1",3,-0.833333333333333,-1.78,0.279555676069543,0.201404300046844
"10 items, lambda = 1","i10_l1",3,-0.833333333333333,-1.76,0.283601464634258,0.203171673891562
"10 items, lambda = 1","i10_l1",3,-0.833333333333333,-1.74,0.287682424355135,0.204921247072287
"10 items, lambda = 1","i10_l1",3,-0.833333333333333,-1.72,0.291798189089143,0.20665200593344
"10 items, lambda = 1","i10_l1",3,-0.833333333333333,-1.7,0.295948372382838,0.208362933266787
"10 items, lambda = 1","i10_l1",3,-0.833333333333333,-1.68,0.300132567412055,0.210053009390703
"10 items, lambda = 1","i10_l1",3,-0.833333333333333,-1.66,0.304350346943479,0.211721213258863
"10 items, lambda = 1","i10_l1",3,-0.833333333333333,-1.64,0.308601263318668,0.21336652359679
"10 items, lambda = 1","i10_l1",3,-0.833333333333333,-1.62,0.312884848461078,0.214987920064566
"10 items, lambda = 1","i10_l1",3,-0.833333333333333,-1.6,0.317200613906587,0.216584384443872
"10 items, lambda = 1","i10_l1",3,-0.833333333333333,-1.58,0.321548050857982,0.218154901847415
"10 items, lambda = 1","i10_l1",3,-0.833333333333333,-1.56,0.325926630263845,0.2196984619487
"10 items, lambda = 1","i10_l1",3,-0.833333333333333,-1.54,0.330335802922225,0.221214060229954
"10 items, lambda = 1","i10_l1",3,-0.833333333333333,-1.52,0.33477499960942,0.222700699245933
"10 items, lambda = 1","i10_l1",3,-0.833333333333333,-1.5,0.339243631234183,0.224157389901229
"10 items, lambda = 1","i10_l1",3,-0.833333333333333,-1.48,0.343741089017586,0.22558315273859
"10 items, lambda = 1","i10_l1",3,-0.833333333333333,-1.46,0.348266744698739,0.226977019235682
"10 items, lambda = 1","i10_l1",3,-0.833333333333333,-1.44,0.352819950766503,0.228338033107625
"10 items, lambda = 1","i10_l1",3,-0.833333333333333,-1.42,0.357400040717297,0.229665251612571
"10 items, lambda = 1","i10_l1",3,-0.833333333333333,-1.4,0.362006329339016,0.230957746857508
"10 items, lambda = 1","i10_l1",3,-0.833333333333333,-1.38,0.366638113021046,0.232214607101413
"10 items, lambda = 1","i10_l1",3,-0.833333333333333,-1.36,0.371294670090292,0.233434938052833
"10 items, lambda = 1","i10_l1",3,-0.833333333333333,-1.34,0.375975261173075,0.234617864158913
"10 items, lambda = 1","i10_l1",3,-0.833333333333333,-1.32,0.380679129582705,0.235762529882859
"10 items, lambda = 1","i10_l1",3,-0.833333333333333,-1.3,0.38540550173245,0.236868100966809
"10 items, lambda = 1","i10_l1",3,-0.833333333333333,-1.28,0.390153587573608,0.237933765677051
"10 items, lambda = 1","i10_l1",3,-0.833333333333333,-1.26,0.394922581058263,0.238958736028543
"10 items, lambda = 1","i10_l1",3,-0.833333333333333,-1.24,0.399711660626314,0.239942248985668
"10 items, lambda = 1","i10_l1",3,-0.833333333333333,-1.22,0.404519989716252,0.240883567636215
"10 items, lambda = 1","i10_l1",3,-0.833333333333333,-1.2,0.409346717299114,0.241781982335553
"10 items, lambda = 1","i10_l1",3,-0.833333333333333,-1.18,0.414190978435015,0.24263681181806
"10 items, lambda = 1","i10_l1",3,-0.833333333333333,-1.16,0.419051894851542,0.243447404272874
"10 items, lambda = 1","i10_l1",3,-0.833333333333333,-1.14,0.423928575543288,0.244213138381127
"10 items, lambda = 1","i10_l1",3,-0.833333333333333,-1.12,0.428820117391726,0.244933424311872
"10 items, lambda = 1","i10_l1",3,-0.833333333333333,-1.1,0.433725605804561,0.245607704674028
"10 items, lambda = 1","i10_l1",3,-0.833333333333333,-1.08,0.438644115373656,0.246235455421719
"10 items, lambda = 1","i10_l1",3,-0.833333333333333,-1.06,0.44357471055059,0.24681618671055
"10 items, lambda = 1","i10_l1",3,-0.833333333333333,-1.04,0.448516446338817,0.247349443702416
"10 items, lambda = 1","i10_l1",3,-0.833333333333333,-1.02,0.4534683690014,0.24783480731661
"10 items, lambda = 1","i10_l1",3,-0.833333333333333,-1,0.4584295167832,0.248271894925122
"10 items, lambda = 1","i10_l1",3,-0.833333333333333,-0.98,0.463398920646409,0.248660360990152
"10 items, lambda = 1","i10_l1",3,-0.833333333333333,-0.96,0.468375605018231,0.248999897642037
"10 items, lambda = 1","i10_l1",3,-0.833333333333333,-0.94,0.473358588549516,0.249290235195926
"10 items, lambda = 1","i10_l1",3,-0.833333333333333,-0.92,0.4783468848831,0.249531142605734
"10 items, lambda = 1","i10_l1",3,-0.833333333333333,-0.9,0.483339503430589,0.249722427854061
"10 items, lambda = 1","i10_l1",3,-0.833333333333333,-0.88,0.488335450156288,0.249863938276944
"10 items, lambda = 1","i10_l1",3,-0.833333333333333,-0.86,0.493333728366971,0.249955560822515
"10 items, lambda = 1","i10_l1",3,-0.833333333333333,-0.84,0.498333339506146,0.249997222242798
"10 items, lambda = 1","i10_l1",3,-0.833333333333333,-0.82,0.503333283951495,0.249988889218099
"10 items, lambda = 1","i10_l1",3,-0.833333333333333,-0.8,0.508332561814119,0.249930568413614
"10 items, lambda = 1","i10_l1",3,-0.833333333333333,-0.78,0.513330173738232,0.249822306468109
"10 items, lambda = 1","i10_l1",3,-0.833333333333333,-0.76,0.518325121699956,0.249664189914682
"10 items, lambda = 1","i10_l1",3,-0.833333333333333,-0.74,0.52331640980385,0.249456345033859
"10 items, lambda = 1","i10_l1",3,-0.833333333333333,-0.72,0.528303045075829,0.249198937639436
"10 items, lambda = 1","i10_l1",3,-0.833333333333333,-0.7,0.533284038251131,0.248892172797697
"10 items, lambda = 1","i10_l1",3,-0.833333333333333,-0.68,0.538258404556013,0.248536294480828
"10 items, lambda = 1","i10_l1",3,-0.833333333333333,-0.66,0.543225164481858,0.248131585155516
"10 items, lambda = 1","i10_l1",3,-0.833333333333333,-0.64,0.548183344550421,0.247678365307935
"10 items, lambda = 1","i10_l1",3,-0.833333333333333,-0.62,0.553131978068951,0.24717699290648
"10 items, lambda = 1","i10_l1",3,-0.833333333333333,-0.6,0.558070105873953,0.246627862803788
"10 items, lambda = 1","i10_l1",3,-0.833333333333333,-0.58,0.5629967770624,0.24603140607975
"10 items, lambda = 1","i10_l1",3,-0.833333333333333,-0.56,0.567911049709232,0.24538808932739
"10 items, lambda = 1","i10_l1",3,-0.833333333333333,-0.54,0.572811991570014,0.244698413883608
"10 items, lambda = 1","i10_l1",3,-0.833333333333333,-0.52,0.577698680767679,0.243962915006962
"10 items, lambda = 1","i10_l1",3,-0.833333333333333,-0.5,0.582570206462315,0.243182161004771
"10 items, lambda = 1","i10_l1",3,-0.833333333333333,-0.48,0.587425669503006,0.242356752311951
"10 items, lambda = 1","i10_l1",3,-0.833333333333333,-0.46,0.592264183060792,0.241487320524125
"10 items, lambda = 1","i10_l1",3,-0.833333333333333,-0.44,0.597084873241846,0.240574527387615
"10 items, lambda = 1","i10_l1",3,-0.833333333333333,-0.42,0.601886879680057,0.239619063749062
"10 items, lambda = 1","i10_l1",3,-0.833333333333333,-0.4,0.606669356108211,0.23862164846746
"10 items, lambda = 1","i10_l1",3,-0.833333333333333,-0.38,0.611431470907073,0.237583027291486
"10 items, lambda = 1","i10_l1",3,-0.833333333333333,-0.36,0.616172407631678,0.236503971705059
"10 items, lambda = 1","i10_l1",3,-0.833333333333333,-0.34,0.620891365514257,0.235385277744098
"10 items, lambda = 1","i10_l1",3,-0.833333333333333,-0.32,0.625587559943223,0.234227764787507
"10 items, lambda = 1","i10_l1",3,-0.833333333333333,-0.3,0.630260222917751,0.233032274325418
"10 items, lambda = 1","i10_l1",3,-0.833333333333333,-0.28,0.634908603477516,0.231799668707746
"10 items, lambda = 1","i10_l1",3,-0.833333333333333,-0.26,0.639531968107232,0.230530829876122
"10 items, lambda = 1","i10_l1",3,-0.833333333333333,-0.24,0.644129601115697,0.22922665808223
"10 items, lambda = 1","i10_l1",3,-0.833333333333333,-0.22,0.648700804989077,0.2278880705956
"10 items, lambda = 1","i10_l1",3,-0.833333333333333,-0.2,0.653244900718284,0.226516000403843
"10 items, lambda = 1","i10_l1",3,-0.833333333333333,-0.18,0.657761228100293,0.225111394908287
"10 items, lambda = 1","i10_l1",3,-0.833333333333333,-0.16,0.66224914601336,0.223675214617935
"10 items, lambda = 1","i10_l1",3,-0.833333333333333,-0.14,0.666708032666123,0.222208431844591
"10 items, lambda = 1","i10_l1",3,-0.833333333333333,-0.12,0.671137285820636,0.220712029401946
"10 items, lambda = 1","i10_l1",3,-0.833333333333333,-0.1,0.675536322989454,0.219186999311342
"10 items, lambda = 1","i10_l1",3,-0.833333333333333,-0.0800000000000001,0.67990458160692,0.217634341516839
"10 items, lambda = 1","i10_l1",3,-0.833333333333333,-0.06,0.684241519174862,0.216055062612139
"10 items, lambda = 1","i10_l1",3,-0.833333333333333,-0.04,0.68854661338298,0.214450174581809
"10 items, lambda = 1","i10_l1",3,-0.833333333333333,-0.02,0.692819362204203,0.212820693559164
"10 items, lambda = 1","i10_l1",3,-0.833333333333333,0,0.697059283965407,0.211167638603041
"10 items, lambda = 1","i10_l1",3,-0.833333333333333,0.0200000000000005,0.701265917393862,0.209492030495607
"10 items, lambda = 1","i10_l1",3,-0.833333333333333,0.04,0.705438821639868,0.207794890563222
"10 items, lambda = 1","i10_l1",3,-0.833333333333333,0.0600000000000005,0.709577576276054,0.206077239522255
"10 items, lambda = 1","i10_l1",3,-0.833333333333333,0.0800000000000001,0.713681781273858,0.204340096351631
"10 items, lambda = 1","i10_l1",3,-0.833333333333333,0.0999999999999996,0.71775105695774,0.202584477193787
"10 items, lambda = 1","i10_l1",3,-0.833333333333333,0.12,0.721785043937707,0.20081139428555
"10 items, lambda = 1","i10_l1",3,-0.833333333333333,0.14,0.725783403020772,0.19902185492036
"10 items, lambda = 1","i10_l1",3,-0.833333333333333,0.16,0.72974581510198,0.197216860443127
"10 items, lambda = 1","i10_l1",3,-0.833333333333333,0.18,0.733671981035663,0.195397405278869
"10 items, lambda = 1","i10_l1",3,-0.833333333333333,0.2,0.737561621487625,0.19356447599617
"10 items, lambda = 1","i10_l1",3,-0.833333333333333,0.22,0.741414476768935,0.191719050406381
"10 items, lambda = 1","i10_l1",3,-0.833333333333333,0.24,0.745230306652088,0.189862096699323
"10 items, lambda = 1","i10_l1",3,-0.833333333333333,0.26,0.749008890170233,0.187994572616189
"10 items, lambda = 1","i10_l1",3,-0.833333333333333,0.28,0.752750025400248,0.186117424660174
"10 items, lambda = 1","i10_l1",3,-0.833333333333333,0.3,0.756453529230404,0.18423158734527
"10 items, lambda = 1","i10_l1",3,-0.833333333333333,0.32,0.760119237113387,0.182337982483549
"10 items, lambda = 1","i10_l1",3,-0.833333333333333,0.34,0.763747002805456,0.180437518511139
"10 items, lambda = 1","i10_l1",3,-0.833333333333333,0.36,0.767336698092508,0.178531089852995
"10 items, lambda = 1","i10_l1",3,-0.833333333333333,0.38,0.770888212503825,0.176619576326483
"10 items, lambda = 1","i10_l1",3,-0.833333333333333,0.4,0.774401453014279,0.174703842583653
"10 items, lambda = 1","i10_l1",3,-0.833333333333333,0.42,0.777876343735772,0.172784737592039
"10 items, lambda = 1","i10_l1",3,-0.833333333333333,0.44,0.781312825598674,0.17086309415369
"10 items, lambda = 1","i10_l1",3,-0.833333333333333,0.46,0.784710856024013,0.168939728462074
"10 items, lambda = 1","i10_l1",3,-0.833333333333333,0.48,0.788070408587194,0.167015439696407
"10 items, lambda = 1","i10_l1",3,-0.833333333333333,0.5,0.791391472673955,0.165091009652904
"10 items, lambda = 1","i10_l1",3,-0.833333333333333,0.52,0.794674053129333,0.163167202412331
"10 items, lambda = 1","i10_l1",3,-0.833333333333333,0.54,0.79791816990032,0.161244764043244
"10 items, lambda = 1","i10_l1",3,-0.833333333333333,0.56,0.801123857672948,0.159324422340162
"10 items, lambda = 1","i10_l1",3,-0.833333333333333,0.58,0.804291165504474,0.157406886595929
"10 items, lambda = 1","i10_l1",3,-0.833333333333333,0.6,0.807420156451349,0.155492847407428
"10 items, lambda = 1","i10_l1",3,-0.833333333333333,0.62,0.810510907193624,0.153582976513792
"10 items, lambda = 1","i10_l1",3,-0.833333333333333,0.64,0.813563507656449,0.151677926666184
"10 items, lambda = 1","i10_l1",3,-0.833333333333333,0.66,0.81657806062926,0.149778331528216
"10 items, lambda = 1","i10_l1",3,-0.833333333333333,0.68,0.819554681383284,0.147884805606028
"10 items, lambda = 1","i10_l1",3,-0.833333333333333,0.7,0.822493497287926,0.145997944207002
"10 items, lambda = 1","i10_l1",3,-0.833333333333333,0.72,0.825394647426619,0.144118323426107
"10 items, lambda = 1","i10_l1",3,-0.833333333333333,0.74,0.828258282212653,0.142246500158798
"10 items, lambda = 1","i10_l1",3,-0.833333333333333,0.76,0.831084563005535,0.140383012139434
"10 items, lambda = 1","i10_l1",3,-0.833333333333333,0.78,0.833873661728349,0.138528378004104
"10 items, lambda = 1","i10_l1",3,-0.833333333333333,0.8,0.83662576048662,0.136683097376804
"10 items, lambda = 1","i10_l1",3,-0.833333333333333,0.82,0.839341051189117,0.134847650977865
"10 items, lambda = 1","i10_l1",3,-0.833333333333333,0.84,0.842019735171039,0.133022500753533
"10 items, lambda = 1","i10_l1",3,-0.833333333333333,0.86,0.844662022820002,0.131208090025624
"10 items, lambda = 1","i10_l1",3,-0.833333333333333,0.88,0.847268133205207,0.129404843660171
"10 items, lambda = 1","i10_l1",3,-0.833333333333333,0.9,0.849838293710153,0.127613168253969
"10 items, lambda = 1","i10_l1",3,-0.833333333333333,0.92,0.852372739669267,0.125833452337975
"10 items, lambda = 1","i10_l1",3,-0.833333333333333,0.94,0.85487171400875,0.124066066596492
"10 items, lambda = 1","i10_l1",3,-0.833333333333333,0.96,0.85733546689196,0.122311364101105
"10 items, lambda = 1","i10_l1",3,-0.833333333333333,0.98,0.859764255369613,0.120569680558348
"10 items, lambda = 1","i10_l1",3,-0.833333333333333,1,0.862158343035064,0.118841334570097
"10 items, lambda = 1","i10_l1",3,-0.833333333333333,1.02,0.86451799968492,0.117126627905705
"10 items, lambda = 1","i10_l1",3,-0.833333333333333,1.04,0.866843500985196,0.115425845784924
"10 items, lambda = 1","i10_l1",3,-0.833333333333333,1.06,0.86913512814324,0.113739257170674
"10 items, lambda = 1","i10_l1",3,-0.833333333333333,1.08,0.871393167585595,0.112067115070738
"10 items, lambda = 1","i10_l1",3,-0.833333333333333,1.1,0.873617910641987,0.110409656847516
"10 items, lambda = 1","i10_l1",3,-0.833333333333333,1.12,0.875809653235568,0.108767104534962
"10 items, lambda = 1","i10_l1",3,-0.833333333333333,1.14,0.877968695579577,0.107139665161873
"10 items, lambda = 1","i10_l1",3,-0.833333333333333,1.16,0.88009534188051,0.105527531080738
"10 items, lambda = 1","i10_l1",3,-0.833333333333333,1.18,0.88218990004793,0.103930880301353
"10 items, lambda = 1","i10_l1",3,-0.833333333333333,1.2,0.884252681410978,0.102349876828474
"10 items, lambda = 1","i10_l1",3,-0.833333333333333,1.22,0.886284000441677,0.100784671002774
"10 items, lambda = 1","i10_l1",3,-0.833333333333333,1.24,0.888284174485088,0.0992353998444338
"10 items, lambda = 1","i10_l1",3,-0.833333333333333,1.26,0.890253523496345,0.0977021873986878
"10 items, lambda = 1","i10_l1",3,-0.833333333333333,1.28,0.89219236978463,0.0961851450827163
"10 items, lambda = 1","i10_l1",3,-0.833333333333333,1.3,0.894101037764082,0.0946843720332734
"10 items, lambda = 1","i10_l1",3,-0.833333333333333,1.32,0.895979853711673,0.0931999554544824
"10 items, lambda = 1","i10_l1",3,-0.833333333333333,1.34,0.897829145532023,0.0917319709652607
"10 items, lambda = 1","i10_l1",3,-0.833333333333333,1.36,0.899649242529169,0.0902804829458612
"10 items, lambda = 1","i10_l1",3,-0.833333333333333,1.38,0.901440475185245,0.0888455448830444
"10 items, lambda = 1","i10_l1",3,-0.833333333333333,1.4,0.903203174946048,0.0874271997134268
"10 items, lambda = 1","i10_l1",3,-0.833333333333333,1.42,0.904937674013448,0.0860254801645788
"10 items, lambda = 1","i10_l1",3,-0.833333333333333,1.44,0.906644305144601,0.0846404090934644
"10 items, lambda = 1","i10_l1",3,-0.833333333333333,1.46,0.908323401457895,0.083271999821855
"10 items, lambda = 1","i10_l1",3,-0.833333333333333,1.48,0.909975296245568,0.0819202564683586
"10 items, lambda = 1","i10_l1",3,-0.833333333333333,1.5,0.911600322792942,0.0805851742767462
"10 items, lambda = 1","i10_l1",3,-0.833333333333333,1.52,0.913198814204168,0.0792667399402695
"10 items, lambda = 1","i10_l1",3,-0.833333333333333,1.54,0.91477110323443,0.0779649319216934
"10 items, lambda = 1","i10_l1",3,-0.833333333333333,1.56,0.916317522128496,0.0766797207687888
"10 items, lambda = 1","i10_l1",3,-0.833333333333333,1.58,0.917838402465532,0.0754110694250524
"10 items, lambda = 1","i10_l1",3,-0.833333333333333,1.6,0.919334075010081,0.0741589335354397
"10 items, lambda = 1","i10_l1",3,-0.833333333333333,1.62,0.920804869569113,0.0729232617469222
"10 items, lambda = 1","i10_l1",3,-0.833333333333333,1.64,0.922251114855018,0.0717039960036942
"10 items, lambda = 1","i10_l1",3,-0.833333333333333,1.66,0.923673138354465,0.0705010718368784
"10 items, lambda = 1","i10_l1",3,-0.833333333333333,1.68,0.925071266202984,0.0693144186485923
"10 items, lambda = 1","i10_l1",3,-0.833333333333333,1.7,0.926445823065181,0.0681439599902604
"10 items, lambda = 1","i10_l1",3,-0.833333333333333,1.72,0.927797132020462,0.0669896138350677
"10 items, lambda = 1","i10_l1",3,-0.833333333333333,1.74,0.929125514454137,0.0658512928444724
"10 items, lambda = 1","i10_l1",3,-0.833333333333333,1.76,0.930431289953805,0.0647289046287033
"10 items, lambda = 1","i10_l1",3,-0.833333333333333,1.78,0.931714776210884,0.0636223520011864
"10 items, lambda = 1","i10_l1",3,-0.833333333333333,1.8,0.932976288927164,0.0625315332268609
"10 items, lambda = 1","i10_l1",3,-0.833333333333333,1.82,0.934216141726275,0.0614563422643477
"10 items, lambda = 1","i10_l1",3,-0.833333333333333,1.84,0.935434646069925,0.0603966690019588
"10 items, lambda = 1","i10_l1",3,-0.833333333333333,1.86,0.93663211117881,0.0593523994875355
"10 items, lambda = 1","i10_l1",3,-0.833333333333333,1.88,0.937808843958042,0.0583234161521227
"10 items, lambda = 1","i10_l1",3,-0.833333333333333,1.9,0.938965148927008,0.0573095980274897
"10 items, lambda = 1","i10_l1",3,-0.833333333333333,1.92,0.940101328153502,0.0563108209575233
"10 items, lambda = 1","i10_l1",3,-0.833333333333333,1.94,0.941217681192034,0.0553269578035248
"10 items, lambda = 1","i10_l1",3,-0.833333333333333,1.96,0.942314505026178,0.0543578786434472
"10 items, lambda = 1","i10_l1",3,-0.833333333333333,1.98,0.943392094014851,0.0534034509651258
"10 items, lambda = 1","i10_l1",3,-0.833333333333333,2,0.944450739842388,0.0524635398535538
"10 items, lambda = 1","i10_l1",3,-0.833333333333333,2.02,0.945490731472316,0.0515380081722611
"10 items, lambda = 1","i10_l1",3,-0.833333333333333,2.04,0.946512355104681,0.0506267167388708
"10 items, lambda = 1","i10_l1",3,-0.833333333333333,2.06,0.947515894136847,0.0497295244948984
"10 items, lambda = 1","i10_l1",3,-0.833333333333333,2.08,0.948501629127615,0.048846288669875
"10 items, lambda = 1","i10_l1",3,-0.833333333333333,2.1,0.949469837764586,0.0479768649398763
"10 items, lambda = 1","i10_l1",3,-0.833333333333333,2.12,0.950420794834627,0.0471211075805432
"10 items, lambda = 1","i10_l1",3,-0.833333333333333,2.14,0.951354772197345,0.046278869614683
"10 items, lambda = 1","i10_l1",3,-0.833333333333333,2.16,0.952272038761468,0.0454500029545449
"10 items, lambda = 1","i10_l1",3,-0.833333333333333,2.18,0.95317286046401,0.0446343585388671
"10 items, lambda = 1","i10_l1",3,-0.833333333333333,2.2,0.954057500252126,0.043831786464791
"10 items, lambda = 1","i10_l1",3,-0.833333333333333,2.22,0.95492621806756,0.0430421361147469
"10 items, lambda = 1","i10_l1",3,-0.833333333333333,2.24,0.955779270833579,0.0422652562784109
"10 items, lambda = 1","i10_l1",3,-0.833333333333333,2.26,0.956616912444295,0.0415009952698387
"10 items, lambda = 1","i10_l1",3,-0.833333333333333,2.28,0.957439393756287,0.0407492010398808
"10 items, lambda = 1","i10_l1",3,-0.833333333333333,2.3,0.958246962582418,0.040009721283988
"10 items, lambda = 1","i10_l1",3,-0.833333333333333,2.32,0.959039863687774,0.0392824035455097
"10 items, lambda = 1","i10_l1",3,-0.833333333333333,2.34,0.959818338787613,0.0385670953146
"10 items, lambda = 1","i10_l1",3,-0.833333333333333,2.36,0.960582626547256,0.0378636441228307
"10 items, lambda = 1","i10_l1",3,-0.833333333333333,2.38,0.961332962583828,0.0371718976336283
"10 items, lambda = 1","i10_l1",3,-0.833333333333333,2.4,0.962069579469763,0.0364917037286368
"10 items, lambda = 1","i10_l1",3,-0.833333333333333,2.42,0.962792706737999,0.0358229105901165
"10 items, lambda = 1","i10_l1",3,-0.833333333333333,2.44,0.963502570888786,0.0351653667794863
"10 items, lambda = 1","i10_l1",3,-0.833333333333333,2.46,0.964199395398017,0.0345189213121157
"10 items, lambda = 1","i10_l1",3,-0.833333333333333,2.48,0.96488340072703,0.0338834237284719
"10 items, lambda = 1","i10_l1",3,-0.833333333333333,2.5,0.965554804333789,0.0332587241617275
"10 items, lambda = 1","i10_l1",3,-0.833333333333333,2.52,0.966213820685386,0.0326446734019351
"10 items, lambda = 1","i10_l1",3,-0.833333333333333,2.54,0.966860661271792,0.0320411229568652
"10 items, lambda = 1","i10_l1",3,-0.833333333333333,2.56,0.967495534620795,0.0314479251096173
"10 items, lambda = 1","i10_l1",3,-0.833333333333333,2.58,0.968118646314052,0.0308649329730993
"10 items, lambda = 1","i10_l1",3,-0.833333333333333,2.6,0.968730199004211,0.0302920005414725
"10 items, lambda = 1","i10_l1",3,-0.833333333333333,2.62,0.96933039243302,0.0297289827386674
"10 items, lambda = 1","i10_l1",3,-0.833333333333333,2.64,0.969919423450386,0.0291757354640566
"10 items, lambda = 1","i10_l1",3,-0.833333333333333,2.66,0.97049748603432,0.028632115635385
"10 items, lambda = 1","i10_l1",3,-0.833333333333333,2.68,0.971064771311707,0.0280979812290494
"10 items, lambda = 1","i10_l1",3,-0.833333333333333,2.7,0.971621467579864,0.0275731913178151
"10 items, lambda = 1","i10_l1",3,-0.833333333333333,2.72,0.972167760328824,0.0270576061060625
"10 items, lambda = 1","i10_l1",3,-0.833333333333333,2.74,0.972703832264297,0.0265510869626477
"10 items, lambda = 1","i10_l1",3,-0.833333333333333,2.76,0.973229863331273,0.0260534964514651
"10 items, lambda = 1","i10_l1",3,-0.833333333333333,2.78,0.973746030738208,0.0255646983597932
"10 items, lambda = 1","i10_l1",3,-0.833333333333333,2.8,0.974252508981757,0.0250845577245084
"10 items, lambda = 1","i10_l1",3,-0.833333333333333,2.82,0.974749469872013,0.0246129408562424
"10 items, lambda = 1","i10_l1",3,-0.833333333333333,2.84,0.975237082558205,0.0241497153615659
"10 items, lambda = 1","i10_l1",3,-0.833333333333333,2.86,0.975715513554822,0.0236947501632721
"10 items, lambda = 1","i10_l1",3,-0.833333333333333,2.88,0.976184926768128,0.0232479155188327
"10 items, lambda = 1","i10_l1",3,-0.833333333333333,2.9,0.976645483523023,0.0228090830371037
"10 items, lambda = 1","i10_l1",3,-0.833333333333333,2.92,0.977097342590225,0.0223781256933453
"10 items, lambda = 1","i10_l1",3,-0.833333333333333,2.94,0.977540660213734,0.0219549178426306
"10 items, lambda = 1","i10_l1",3,-0.833333333333333,2.96,0.977975590138551,0.0215393352317042
"10 items, lambda = 1","i10_l1",3,-0.833333333333333,2.98,0.978402283638613,0.0211312550093604
"10 items, lambda = 1","i10_l1",3,-0.833333333333333,3,0.978820889544932,0.0207305557353996
"10 items, lambda = 1","i10_l1",3,-0.833333333333333,3.02,0.979231554273891,0.0203371173882309
"10 items, lambda = 1","i10_l1",3,-0.833333333333333,3.04,0.979634421855678,0.0199508213711697
"10 items, lambda = 1","i10_l1",3,-0.833333333333333,3.06,0.980029633962841,0.0195715505175004
"10 items, lambda = 1","i10_l1",3,-0.833333333333333,3.08,0.980417329938929,0.0191991890943506
"10 items, lambda = 1","i10_l1",3,-0.833333333333333,3.1,0.980797646827191,0.018833622805436
"10 items, lambda = 1","i10_l1",3,-0.833333333333333,3.12,0.981170719399334,0.018474738792727
"10 items, lambda = 1","i10_l1",3,-0.833333333333333,3.14,0.981536680184294,0.0181224256370889
"10 items, lambda = 1","i10_l1",3,-0.833333333333333,3.16,0.981895659497008,0.0177765733579433
"10 items, lambda = 1","i10_l1",3,-0.833333333333333,3.18,0.982247785467181,0.017437073412
"10 items, lambda = 1","i10_l1",3,-0.833333333333333,3.2,0.982593184068004,0.0171038186911058
"10 items, lambda = 1","i10_l1",3,-0.833333333333333,3.22,0.982931979144835,0.0167767035192531
"10 items, lambda = 1","i10_l1",3,-0.833333333333333,3.24,0.9832642924438,0.0164556236487932
"10 items, lambda = 1","i10_l1",3,-0.833333333333333,3.26,0.983590243640321,0.0161404762558947
"10 items, lambda = 1","i10_l1",3,-0.833333333333333,3.28,0.983909950367537,0.0158311599352877
"10 items, lambda = 1","i10_l1",3,-0.833333333333333,3.3,0.984223528244618,0.0155275746943335
"10 items, lambda = 1","i10_l1",3,-0.833333333333333,3.32,0.984531090904954,0.0152296219464556
"10 items, lambda = 1","i10_l1",3,-0.833333333333333,3.34,0.984832750024203,0.0149372045039686
"10 items, lambda = 1","i10_l1",3,-0.833333333333333,3.36,0.985128615348197,0.0146502265703407
"10 items, lambda = 1","i10_l1",3,-0.833333333333333,3.38,0.98541879472068,0.0143685937319228
"10 items, lambda = 1","i10_l1",3,-0.833333333333333,3.4,0.985703394110876,0.0140922129491755
"10 items, lambda = 1","i10_l1",3,-0.833333333333333,3.42,0.985982517640885,0.0138209925474266
"10 items, lambda = 1","i10_l1",3,-0.833333333333333,3.44,0.986256267612884,0.0135548422071877
"10 items, lambda = 1","i10_l1",3,-0.833333333333333,3.46,0.986524744536124,0.0132936729540597
"10 items, lambda = 1","i10_l1",3,-0.833333333333333,3.48,0.986788047153734,0.0130373971482541
"10 items, lambda = 1","i10_l1",3,-0.833333333333333,3.5,0.987046272469304,0.0127859284737564
"10 items, lambda = 1","i10_l1",3,-0.833333333333333,3.52,0.987299515773248,0.0125391819271582
"10 items, lambda = 1","i10_l1",3,-0.833333333333333,3.54,0.987547870668941,0.0122970738061812
"10 items, lambda = 1","i10_l1",3,-0.833333333333333,3.56,0.987791429098629,0.0120595216979169
"10 items, lambda = 1","i10_l1",3,-0.833333333333333,3.58,0.988030281369091,0.0118264444668056
"10 items, lambda = 1","i10_l1",3,-0.833333333333333,3.6,0.988264516177068,0.011597762242374
"10 items, lambda = 1","i10_l1",3,-0.833333333333333,3.62,0.988494220634436,0.0113733964067548
"10 items, lambda = 1","i10_l1",3,-0.833333333333333,3.64,0.988719480293138,0.0111532695820054
"10 items, lambda = 1","i10_l1",3,-0.833333333333333,3.66,0.988940379169846,0.0109373056172468
"10 items, lambda = 1","i10_l1",3,-0.833333333333333,3.68,0.989156999770382,0.0107254295756388
"10 items, lambda = 1","i10_l1",3,-0.833333333333333,3.7,0.989369423113856,0.0105175677212117
"10 items, lambda = 1","i10_l1",3,-0.833333333333333,3.72,0.989577728756561,0.0103136475055672
"10 items, lambda = 1","i10_l1",3,-0.833333333333333,3.74,0.989781994815584,0.0101135975544669
"10 items, lambda = 1","i10_l1",3,-0.833333333333333,3.76,0.989982297992158,0.0099173476543241
"10 items, lambda = 1","i10_l1",3,-0.833333333333333,3.78,0.990178713594735,0.00972482873861068
"10 items, lambda = 1","i10_l1",3,-0.833333333333333,3.8,0.990371315561795,0.00953597287419411
"10 items, lambda = 1","i10_l1",3,-0.833333333333333,3.82,0.990560176484376,0.00935071324761787
"10 items, lambda = 1","i10_l1",3,-0.833333333333333,3.84,0.990745367628326,0.00916898415133896
"10 items, lambda = 1","i10_l1",3,-0.833333333333333,3.86,0.990926958956289,0.00899072096993012
"10 items, lambda = 1","i10_l1",3,-0.833333333333333,3.88,0.991105019149405,0.00881586016626247
"10 items, lambda = 1","i10_l1",3,-0.833333333333333,3.9,0.99127961562874,0.00864433926767748
"10 items, lambda = 1","i10_l1",3,-0.833333333333333,3.92,0.991450814576436,0.00847609685215782
"10 items, lambda = 1","i10_l1",3,-0.833333333333333,3.94,0.991618680956585,0.00831107253450781
"10 items, lambda = 1","i10_l1",3,-0.833333333333333,3.96,0.99178327853583,0.00814920695255065
"10 items, lambda = 1","i10_l1",3,-0.833333333333333,3.98,0.991944669903684,0.00799044175335537
"10 items, lambda = 1","i10_l1",3,-0.833333333333333,4,0.992102916492581,0.00783471957949565
"10 items, lambda = 1","i10_l1",4,-0.5,-4,0.0293122307513563,0.0284530238797356
"10 items, lambda = 1","i10_l1",4,-0.5,-3.98,0.0298866798036362,0.0289934661739512
"10 items, lambda = 1","i10_l1",4,-0.5,-3.96,0.0304720332646442,0.0295434884533626
"10 items, lambda = 1","i10_l1",4,-0.5,-3.94,0.0310684841596674,0.0301032334516879
"10 items, lambda = 1","i10_l1",4,-0.5,-3.92,0.0316762283790564,0.0306728449347343
"10 items, lambda = 1","i10_l1",4,-0.5,-3.9,0.0322954646984505,0.0312524676583616
"10 items, lambda = 1","i10_l1",4,-0.5,-3.88,0.0329263947981363,0.0318422473237335
"10 items, lambda = 1","i10_l1",4,-0.5,-3.86,0.0335692232814825,0.0324423305297605
"10 items, lambda = 1","i10_l1",4,-0.5,-3.84,0.0342241576923959,0.0330528647226419
"10 items, lambda = 1","i10_l1",4,-0.5,-3.82,0.0348914085317368,0.0336739981424083
"10 items, lambda = 1","i10_l1",4,-0.5,-3.8,0.0355711892726362,0.0343058797663665
"10 items, lambda = 1","i10_l1",4,-0.5,-3.78,0.0362637163746483,0.0349486592493474
"10 items, lambda = 1","i10_l1",4,-0.5,-3.76,0.036969209296677,0.0356024868606555
"10 items, lambda = 1","i10_l1",4,-0.5,-3.74,0.0376878905086059,0.0362675134176172
"10 items, lambda = 1","i10_l1",4,-0.5,-3.72,0.0384199855015654,0.0369438902156249
"10 items, lambda = 1","i10_l1",4,-0.5,-3.7,0.0391657227967644,0.0376317689545714
"10 items, lambda = 1","i10_l1",4,-0.5,-3.68,0.0399253339528138,0.0383313016615701
"10 items, lambda = 1","i10_l1",4,-0.5,-3.66,0.0406990535714665,0.0390426406098534
"10 items, lambda = 1","i10_l1",4,-0.5,-3.64,0.0414871193016958,0.0397659382337427
"10 items, lambda = 1","i10_l1",4,-0.5,-3.62,0.0422897718420338,0.0405013470395825
"10 items, lambda = 1","i10_l1",4,-0.5,-3.6,0.0431072549410861,0.0412490195125303
"10 items, lambda = 1","i10_l1",4,-0.5,-3.58,0.0439398153961413,0.0420091080190943
"10 items, lambda = 1","i10_l1",4,-0.5,-3.56,0.0447877030497867,0.0427817647053109
"10 items, lambda = 1","i10_l1",4,-0.5,-3.54,0.0456511707844437,0.0435671413904533
"10 items, lambda = 1","i10_l1",4,-0.5,-3.52,0.0465304745147315,0.0443653894561654
"10 items, lambda = 1","i10_l1",4,-0.5,-3.5,0.0474258731775668,0.0451766597309121
"10 items, lambda = 1","i10_l1",4,-0.5,-3.48,0.0483376287199052,0.0460011023696418
"10 items, lambda = 1","i10_l1",4,-0.5,-3.46,0.0492660060840267,0.0468388667285553
"10 items, lambda = 1","i10_l1",4,-0.5,-3.44,0.0502112731902665,0.047690101234879
"10 items, lambda = 1","i10_l1",4,-0.5,-3.42,0.0511737009170917,0.0485549532515397
"10 items, lambda = 1","i10_l1",4,-0.5,-3.4,0.0521535630784177,0.0494335689366432
"10 items, lambda = 1","i10_l1",4,-0.5,-3.38,0.0531511363980637,0.0503260930976581
"10 items, lambda = 1","i10_l1",4,-0.5,-3.36,0.0541667004812361,0.0512326690402121
"10 items, lambda = 1","i10_l1",4,-0.5,-3.34,0.0552005377829343,0.0521534384114091
"10 items, lambda = 1","i10_l1",4,-0.5,-3.32,0.0562529335731674,0.0530885410375802
"10 items, lambda = 1","i10_l1",4,-0.5,-3.3,0.0573241758988688,0.0540381147563843
"10 items, lambda = 1","i10_l1",4,-0.5,-3.28,0.0584145555423962,0.0550022952431805
"10 items, lambda = 1","i10_l1",4,-0.5,-3.26,0.0595243659765015,0.055981215831597
"10 items, lambda = 1","i10_l1",4,-0.5,-3.24,0.0606539033156521,0.0569750073282276
"10 items, lambda = 1","i10_l1",4,-0.5,-3.22,0.0618034662635886,0.0579837978213941
"10 items, lambda = 1","i10_l1",4,-0.5,-3.2,0.0629733560569965,0.0590077124839152
"10 items, lambda = 1","i10_l1",4,-0.5,-3.18,0.064163876405174,0.0600468733698355
"10 items, lambda = 1","i10_l1",4,-0.5,-3.16,0.0653753334255726,0.0611013992050678
"10 items, lambda = 1","i10_l1",4,-0.5,-3.14,0.0666080355750907,0.0621714051719181
"10 items, lambda = 1","i10_l1",4,-0.5,-3.12,0.0678622935769945,0.0632570026874643
"10 items, lambda = 1","i10_l1",4,-0.5,-3.1,0.0691384203433468,0.0643582991757735
"10 items, lambda = 1","i10_l1",4,-0.5,-3.08,0.0704367308928171,0.0654753978339499
"10 items, lambda = 1","i10_l1",4,-0.5,-3.06,0.0717575422637513,0.0666083973920173
"10 items, lambda = 1","i10_l1",4,-0.5,-3.04,0.0731011734223782,0.0677573918666496
"10 items, lambda = 1","i10_l1",4,-0.5,-3.02,0.0744679451660281,0.0689224703087775
"10 items, lambda = 1","i10_l1",4,-0.5,-3,0.0758581800212435,0.0701037165451081
"10 items, lambda = 1","i10_l1",4,-0.5,-2.98,0.0772722021366599,0.0713012089136111
"10 items, lambda = 1","i10_l1",4,-0.5,-2.96,0.0787103371705352,0.0725150199930359
"10 items, lambda = 1","i10_l1",4,-0.5,-2.94,0.0801729121728123,0.0737452163265429
"10 items, lambda = 1","i10_l1",4,-0.5,-2.92,0.0816602554615947,0.0749918581395418
"10 items, lambda = 1","i10_l1",4,-0.5,-2.9,0.0831726964939224,0.0762549990518522
"10 items, lambda = 1","i10_l1",4,-0.5,-2.88,0.0847105657307358,0.0775346857843145
"10 items, lambda = 1","i10_l1",4,-0.5,-2.86,0.0862741944959167,0.0788309578599974
"10 items, lambda = 1","i10_l1",4,-0.5,-2.84,0.0878639148293013,0.0801438473001705
"10 items, lambda = 1","i10_l1",4,-0.5,-2.82,0.0894800593335614,0.0814733783152237
"10 items, lambda = 1","i10_l1",4,-0.5,-2.8,0.0911229610148562,0.0828195669907412
"10 items, lambda = 1","i10_l1",4,-0.5,-2.78,0.092792953117157,0.0841824209689541
"10 items, lambda = 1","i10_l1",4,-0.5,-2.76,0.0944903689501593,0.0855619391258221
"10 items, lambda = 1","i10_l1",4,-0.5,-2.74,0.0962155417106928,0.0869581112440108
"10 items, lambda = 1","i10_l1",4,-0.5,-2.72,0.097968804297554,0.0883709176820615
"10 items, lambda = 1","i10_l1",4,-0.5,-2.7,0.0997504891196851,0.0898003290400687
"10 items, lambda = 1","i10_l1",4,-0.5,-2.68,0.101560927897637,0.0912463058222077
"10 items, lambda = 1","i10_l1",4,-0.5,-2.66,0.10340045145825,0.0927087980964797
"10 items, lambda = 1","i10_l1",4,-0.5,-2.64,0.10526938952251,0.0941877451520679
"10 items, lambda = 1","i10_l1",4,-0.5,-2.62,0.107168070486528,0.0956830751547227
"10 items, lambda = 1","i10_l1",4,-0.5,-2.6,0.109096821195613,0.0971947048006254
"10 items, lambda = 1","i10_l1",4,-0.5,-2.58,0.111055966711408,0.0987225389692023
"10 items, lambda = 1","i10_l1",4,-0.5,-2.56,0.113045830072079,0.100266470375394
"10 items, lambda = 1","i10_l1",4,-0.5,-2.54,0.11506673204555,0.101826379221907
"10 items, lambda = 1","i10_l1",4,-0.5,-2.52,0.117118990875781,0.103402132852019
"10 items, lambda = 1","i10_l1",4,-0.5,-2.5,0.119202922022118,0.104993585403507
"10 items, lambda = 1","i10_l1",4,-0.5,-2.48,0.121318837891737,0.106600577464335
"10 items, lambda = 1","i10_l1",4,-0.5,-2.46,0.123467047565224,0.108222935730751
"10 items, lambda = 1","i10_l1",4,-0.5,-2.44,0.125647856515346,0.109860472668445
"10 items, lambda = 1","i10_l1",4,-0.5,-2.42,0.127861566319081,0.111512986177512
"10 items, lambda = 1","i10_l1",4,-0.5,-2.4,0.130108474362998,0.113180259261931
"10 items, lambda = 1","i10_l1",4,-0.5,-2.38,0.132388873542065,0.114862059704328
"10 items, lambda = 1","i10_l1",4,-0.5,-2.36,0.134703051952028,0.116558139746837
"10 items, lambda = 1","i10_l1",4,-0.5,-2.34,0.13705129257546,0.118268235778855
"10 items, lambda = 1","i10_l1",4,-0.5,-2.32,0.13943387296165,0.119992068032565
"10 items, lambda = 1","i10_l1",4,-0.5,-2.3,0.141851064900488,0.121729340287085
"10 items, lambda = 1","i10_l1",4,-0.5,-2.28,0.144303134090519,0.123479739582172
"10 items, lambda = 1","i10_l1",4,-0.5,-2.26,0.146790339801382,0.125242935942377
"10 items, lambda = 1","i10_l1",4,-0.5,-2.24,0.149312934530844,0.127018582112632
"10 items, lambda = 1","i10_l1",4,-0.5,-2.22,0.151871163656659,0.128806313306232
"10 items, lambda = 1","i10_l1",4,-0.5,-2.2,0.154465265083535,0.130605746966208
"10 items, lambda = 1","i10_l1",4,-0.5,-2.18,0.157095468885453,0.132416482541112
"10 items, lambda = 1","i10_l1",4,-0.5,-2.16,0.159761996943669,0.13423810127624
"10 items, lambda = 1","i10_l1",4,-0.5,-2.14,0.162465062580696,0.136070166021347
"10 items, lambda = 1","i10_l1",4,-0.5,-2.12,0.165204870190615,0.137912221055917
"10 items, lambda = 1","i10_l1",4,-0.5,-2.1,0.167981614866076,0.139763791933061
"10 items, lambda = 1","i10_l1",4,-0.5,-2.08,0.170795482022374,0.141624385343119
"10 items, lambda = 1","i10_l1",4,-0.5,-2.06,0.173646647019005,0.143493488998062
"10 items, lambda = 1","i10_l1",4,-0.5,-2.04,0.176535274779117,0.145370571537778
"10 items, lambda = 1","i10_l1",4,-0.5,-2.02,0.179461519407327,0.14725508245934
"10 items, lambda = 1","i10_l1",4,-0.5,-2,0.182425523806356,0.149146452070333
"10 items, lambda = 1","i10_l1",4,-0.5,-1.98,0.185427419292982,0.151044091467327
"10 items, lambda = 1","i10_l1",4,-0.5,-1.96,0.188467325213819,0.152947392540568
"10 items, lambda = 1","i10_l1",4,-0.5,-1.94,0.191545348561468,0.154855728005933
"10 items, lambda = 1","i10_l1",4,-0.5,-1.92,0.194661583591578,0.156768451465197
"10 items, lambda = 1","i10_l1",4,-0.5,-1.9,0.197816111441418,0.158684897495615
"10 items, lambda = 1","i10_l1",4,-0.5,-1.88,0.201008999750529,0.160604381769821
"10 items, lambda = 1","i10_l1",4,-0.5,-1.86,0.204240302284092,0.162526201206995
"10 items, lambda = 1","i10_l1",4,-0.5,-1.84,0.207510058559636,0.164449634156212
"10 items, lambda = 1","i10_l1",4,-0.5,-1.82,0.210818293477747,0.166373940612878
"10 items, lambda = 1","i10_l1",4,-0.5,-1.8,0.214165016957441,0.16829836246906
"10 items, lambda = 1","i10_l1",4,-0.5,-1.78,0.217550223576888,0.170222123798534
"10 items, lambda = 1","i10_l1",4,-0.5,-1.76,0.220973892220188,0.172144431177249
"10 items, lambda = 1","i10_l1",4,-0.5,-1.74,0.224435985730927,0.174064474039914
"10 items, lambda = 1","i10_l1",4,-0.5,-1.72,0.227936450573216,0.1759814250733
"10 items, lambda = 1","i10_l1",4,-0.5,-1.7,0.231475216500982,0.177894440646806
"10 items, lambda = 1","i10_l1",4,-0.5,-1.68,0.235052196236235,0.179802661280758
"10 items, lambda = 1","i10_l1",4,-0.5,-1.66,0.23866728515709,0.181705212152834
"10 items, lambda = 1","i10_l1",4,-0.5,-1.64,0.242320360996295,0.18360120364292
"10 items, lambda = 1","i10_l1",4,-0.5,-1.62,0.246011283551052,0.185489731916616
"10 items, lambda = 1","i10_l1",4,-0.5,-1.6,0.249739894404882,0.187369879547521
"10 items, lambda = 1","i10_l1",4,-0.5,-1.58,0.253506016662338,0.189240716178332
"10 items, lambda = 1","i10_l1",4,-0.5,-1.56,0.257309454697314,0.191101299220685
"10 items, lambda = 1","i10_l1",4,-0.5,-1.54,0.261149993915751,0.192950674593554
"10 items, lambda = 1","i10_l1",4,-0.5,-1.52,0.265027400533481,0.194787877499947
"10 items, lambda = 1","i10_l1",4,-0.5,-1.5,0.268941421369995,0.196611933241482
"10 items, lambda = 1","i10_l1",4,-0.5,-1.48,0.27289178365887,0.198421858070351
"10 items, lambda = 1","i10_l1",4,-0.5,-1.46,0.27687819487561,0.200216660078034
"10 items, lambda = 1","i10_l1",4,-0.5,-1.44,0.280900342583616,0.201995340120023
"10 items, lambda = 1","i10_l1",4,-0.5,-1.42,0.28495789429901,0.203756892775684
"10 items, lambda = 1","i10_l1",4,-0.5,-1.4,0.289050497374996,0.205500307342263
"10 items, lambda = 1","i10_l1",4,-0.5,-1.38,0.293177778906432,0.207224568861923
"10 items, lambda = 1","i10_l1",4,-0.5,-1.36,0.297339345655269,0.208928659180565
"10 items, lambda = 1","i10_l1",4,-0.5,-1.34,0.301534783997461,0.210611558037066
"10 items, lambda = 1","i10_l1",4,-0.5,-1.32,0.30576365989197,0.212272244181438
"10 items, lambda = 1","i10_l1",4,-0.5,-1.3,0.310025518872388,0.213909696520294
"10 items, lambda = 1","i10_l1",4,-0.5,-1.28,0.314319886061746,0.215522895287877
"10 items, lambda = 1","i10_l1",4,-0.5,-1.26,0.318646266210975,0.217110823240779
"10 items, lambda = 1","i10_l1",4,-0.5,-1.24,0.323004143761477,0.218672466874392
"10 items, lambda = 1","i10_l1",4,-0.5,-1.22,0.32739298293224,0.22020681765897
"10 items, lambda = 1","i10_l1",4,-0.5,-1.2,0.331812227831834,0.221712873293109
"10 items, lambda = 1","i10_l1",4,-0.5,-1.18,0.336261302595647,0.223189638972326
"10 items, lambda = 1","i10_l1",4,-0.5,-1.16,0.340739611548615,0.224636128670314
"10 items, lambda = 1","i10_l1",4,-0.5,-1.14,0.345246539393681,0.226051366430368
"10 items, lambda = 1","i10_l1",4,-0.5,-1.12,0.349781451426173,0.227434387664373
"10 items, lambda = 1","i10_l1",4,-0.5,-1.1,0.354343693774205,0.228784240456657
"10 items, lambda = 1","i10_l1",4,-0.5,-1.08,0.358932593665183,0.230099986869968
"10 items, lambda = 1","i10_l1",4,-0.5,-1.06,0.363547459718434,0.231380704250708
"10 items, lambda = 1","i10_l1",4,-0.5,-1.04,0.368187582263898,0.232625486530563
"10 items, lambda = 1","i10_l1",4,-0.5,-1.02,0.372852233686804,0.233833445521565
"10 items, lambda = 1","i10_l1",4,-0.5,-1,0.377540668798145,0.235003712201594
"10 items, lambda = 1","i10_l1",4,-0.5,-0.98,0.382252125230751,0.236135437987325
"10 items, lambda = 1","i10_l1",4,-0.5,-0.96,0.386985823860665,0.237227795991547
"10 items, lambda = 1","i10_l1",4,-0.5,-0.94,0.391740969253486,0.238279982261825
"10 items, lambda = 1","i10_l1",4,-0.5,-0.92,0.396516750135274,0.239291216997435
"10 items, lambda = 1","i10_l1",4,-0.5,-0.9,0.401312339887548,0.240260745741529
"10 items, lambda = 1","i10_l1",4,-0.5,-0.88,0.406126897065857,0.241187840545516
"10 items, lambda = 1","i10_l1",4,-0.5,-0.86,0.410959565941335,0.242071801102645
"10 items, lambda = 1","i10_l1",4,-0.5,-0.84,0.415809477064593,0.242911955847863
"10 items, lambda = 1","i10_l1",4,-0.5,-0.82,0.420675747851251,0.243707663021042
"10 items, lambda = 1","i10_l1",4,-0.5,-0.8,0.425557483188341,0.244458311690746
"10 items, lambda = 1","i10_l1",4,-0.5,-0.78,0.430453776060771,0.245163322735795
"10 items, lambda = 1","i10_l1",4,-0.5,-0.76,0.435363708196971,0.245822149781954
"10 items, lambda = 1","i10_l1",4,-0.5,-0.74,0.440286350732807,0.246434280091195
"10 items, lambda = 1","i10_l1",4,-0.5,-0.72,0.445220764892785,0.246999235401069
"10 items, lambda = 1","i10_l1",4,-0.5,-0.7,0.450166002687522,0.24751657271186
"10 items, lambda = 1","i10_l1",4,-0.5,-0.68,0.45512110762642,0.247985885019321
"10 items, lambda = 1","i10_l1",4,-0.5,-0.66,0.460085115444434,0.248406801990916
"10 items, lambda = 1","i10_l1",4,-0.5,-0.64,0.465057054841785,0.24877899058367
"10 items, lambda = 1","i10_l1",4,-0.5,-0.62,0.470035948235428,0.24910215560185
"10 items, lambda = 1","i10_l1",4,-0.5,-0.6,0.47502081252106,0.249376040192892
"10 items, lambda = 1","i10_l1",4,-0.5,-0.58,0.480010659844418,0.249600426280144
"10 items, lambda = 1","i10_l1",4,-0.5,-0.56,0.48500449838059,0.249775134931182
"10 items, lambda = 1","i10_l1",4,-0.5,-0.54,0.490001333120035,0.249900026660623
"10 items, lambda = 1","i10_l1",4,-0.5,-0.52,0.49500016666,0.249975001666572
"10 items, lambda = 1","i10_l1",4,-0.5,-0.5,0.5,0.25
"10 items, lambda = 1","i10_l1",4,-0.5,-0.48,0.50499983334,0.249975001666572
"10 items, lambda = 1","i10_l1",4,-0.5,-0.46,0.509998666879966,0.249900026660623
"10 items, lambda = 1","i10_l1",4,-0.5,-0.44,0.51499550161941,0.249775134931182
"10 items, lambda = 1","i10_l1",4,-0.5,-0.42,0.519989340155582,0.249600426280144
"10 items, lambda = 1","i10_l1",4,-0.5,-0.4,0.52497918747894,0.249376040192892
"10 items, lambda = 1","i10_l1",4,-0.5,-0.38,0.529964051764572,0.24910215560185
"10 items, lambda = 1","i10_l1",4,-0.5,-0.36,0.534942945158215,0.24877899058367
"10 items, lambda = 1","i10_l1",4,-0.5,-0.34,0.539914884555566,0.248406801990916
"10 items, lambda = 1","i10_l1",4,-0.5,-0.32,0.54487889237358,0.247985885019321
"10 items, lambda = 1","i10_l1",4,-0.5,-0.3,0.549833997312478,0.24751657271186
"10 items, lambda = 1","i10_l1",4,-0.5,-0.28,0.554779235107215,0.246999235401068
"10 items, lambda = 1","i10_l1",4,-0.5,-0.26,0.559713649267193,0.246434280091195
"10 items, lambda = 1","i10_l1",4,-0.5,-0.24,0.564636291803029,0.245822149781954
"10 items, lambda = 1","i10_l1",4,-0.5,-0.22,0.569546223939229,0.245163322735795
"10 items, lambda = 1","i10_l1",4,-0.5,-0.2,0.574442516811659,0.244458311690746
"10 items, lambda = 1","i10_l1",4,-0.5,-0.18,0.57932425214875,0.243707663021042
"10 items, lambda = 1","i10_l1",4,-0.5,-0.16,0.584190522935407,0.242911955847863
"10 items, lambda = 1","i10_l1",4,-0.5,-0.14,0.589040434058665,0.242071801102645
"10 items, lambda = 1","i10_l1",4,-0.5,-0.12,0.593873102934143,0.241187840545516
"10 items, lambda = 1","i10_l1",4,-0.5,-0.1,0.598687660112452,0.240260745741529
"10 items, lambda = 1","i10_l1",4,-0.5,-0.0800000000000001,0.603483249864726,0.239291216997435
"10 items, lambda = 1","i10_l1",4,-0.5,-0.06,0.608259030746514,0.238279982261825
"10 items, lambda = 1","i10_l1",4,-0.5,-0.04,0.613014176139336,0.237227795991547
"10 items, lambda = 1","i10_l1",4,-0.5,-0.02,0.617747874769249,0.236135437987325
"10 items, lambda = 1","i10_l1",4,-0.5,0,0.622459331201855,0.235003712201594
"10 items, lambda = 1","i10_l1",4,-0.5,0.0200000000000005,0.627147766313196,0.233833445521565
"10 items, lambda = 1","i10_l1",4,-0.5,0.04,0.631812417736102,0.232625486530563
"10 items, lambda = 1","i10_l1",4,-0.5,0.0600000000000005,0.636452540281566,0.231380704250708
"10 items, lambda = 1","i10_l1",4,-0.5,0.0800000000000001,0.641067406334817,0.230099986869968
"10 items, lambda = 1","i10_l1",4,-0.5,0.0999999999999996,0.645656306225795,0.228784240456657
"10 items, lambda = 1","i10_l1",4,-0.5,0.12,0.650218548573827,0.227434387664373
"10 items, lambda = 1","i10_l1",4,-0.5,0.14,0.654753460606319,0.226051366430368
"10 items, lambda = 1","i10_l1",4,-0.5,0.16,0.659260388451385,0.224636128670314
"10 items, lambda = 1","i10_l1",4,-0.5,0.18,0.663738697404353,0.223189638972326
"10 items, lambda = 1","i10_l1",4,-0.5,0.2,0.668187772168166,0.221712873293109
"10 items, lambda = 1","i10_l1",4,-0.5,0.22,0.67260701706776,0.22020681765897
"10 items, lambda = 1","i10_l1",4,-0.5,0.24,0.676995856238523,0.218672466874392
"10 items, lambda = 1","i10_l1",4,-0.5,0.26,0.681353733789026,0.217110823240779
"10 items, lambda = 1","i10_l1",4,-0.5,0.28,0.685680113938254,0.215522895287877
"10 items, lambda = 1","i10_l1",4,-0.5,0.3,0.689974481127613,0.213909696520294
"10 items, lambda = 1","i10_l1",4,-0.5,0.32,0.694236340108031,0.212272244181437
"10 items, lambda = 1","i10_l1",4,-0.5,0.34,0.698465216002539,0.210611558037066
"10 items, lambda = 1","i10_l1",4,-0.5,0.36,0.702660654344732,0.208928659180565
"10 items, lambda = 1","i10_l1",4,-0.5,0.38,0.706822221093568,0.207224568861923
"10 items, lambda = 1","i10_l1",4,-0.5,0.4,0.710949502625004,0.205500307342263
"10 items, lambda = 1","i10_l1",4,-0.5,0.42,0.71504210570099,0.203756892775684
"10 items, lambda = 1","i10_l1",4,-0.5,0.44,0.719099657416384,0.201995340120023
"10 items, lambda = 1","i10_l1",4,-0.5,0.46,0.72312180512439,0.200216660078034
"10 items, lambda = 1","i10_l1",4,-0.5,0.48,0.72710821634113,0.198421858070351
"10 items, lambda = 1","i10_l1",4,-0.5,0.5,0.731058578630005,0.196611933241482
"10 items, lambda = 1","i10_l1",4,-0.5,0.52,0.734972599466519,0.194787877499947
"10 items, lambda = 1","i10_l1",4,-0.5,0.54,0.738850006084249,0.192950674593554
"10 items, lambda = 1","i10_l1",4,-0.5,0.56,0.742690545302686,0.191101299220685
"10 items, lambda = 1","i10_l1",4,-0.5,0.58,0.746493983337662,0.189240716178332
"10 items, lambda = 1","i10_l1",4,-0.5,0.6,0.750260105595118,0.187369879547521
"10 items, lambda = 1","i10_l1",4,-0.5,0.62,0.753988716448948,0.185489731916616
"10 items, lambda = 1","i10_l1",4,-0.5,0.64,0.757679639003705,0.18360120364292
"10 items, lambda = 1","i10_l1",4,-0.5,0.66,0.76133271484291,0.181705212152834
"10 items, lambda = 1","i10_l1",4,-0.5,0.68,0.764947803763765,0.179802661280758
"10 items, lambda = 1","i10_l1",4,-0.5,0.7,0.768524783499018,0.177894440646806
"10 items, lambda = 1","i10_l1",4,-0.5,0.72,0.772063549426784,0.1759814250733
"10 items, lambda = 1","i10_l1",4,-0.5,0.74,0.775564014269074,0.174064474039914
"10 items, lambda = 1","i10_l1",4,-0.5,0.76,0.779026107779812,0.172144431177249
"10 items, lambda = 1","i10_l1",4,-0.5,0.78,0.782449776423112,0.170222123798534
"10 items, lambda = 1","i10_l1",4,-0.5,0.8,0.785834983042559,0.16829836246906
"10 items, lambda = 1","i10_l1",4,-0.5,0.82,0.789181706522253,0.166373940612878
"10 items, lambda = 1","i10_l1",4,-0.5,0.84,0.792489941440364,0.164449634156212
"10 items, lambda = 1","i10_l1",4,-0.5,0.86,0.795759697715908,0.162526201206995
"10 items, lambda = 1","i10_l1",4,-0.5,0.88,0.798991000249471,0.160604381769821
"10 items, lambda = 1","i10_l1",4,-0.5,0.9,0.802183888558582,0.158684897495615
"10 items, lambda = 1","i10_l1",4,-0.5,0.92,0.805338416408422,0.156768451465197
"10 items, lambda = 1","i10_l1",4,-0.5,0.94,0.808454651438533,0.154855728005933
"10 items, lambda = 1","i10_l1",4,-0.5,0.96,0.81153267478618,0.152947392540568
"10 items, lambda = 1","i10_l1",4,-0.5,0.98,0.814572580707018,0.151044091467327
"10 items, lambda = 1","i10_l1",4,-0.5,1,0.817574476193644,0.149146452070333
"10 items, lambda = 1","i10_l1",4,-0.5,1.02,0.820538480592673,0.14725508245934
"10 items, lambda = 1","i10_l1",4,-0.5,1.04,0.823464725220883,0.145370571537778
"10 items, lambda = 1","i10_l1",4,-0.5,1.06,0.826353352980995,0.143493488998062
"10 items, lambda = 1","i10_l1",4,-0.5,1.08,0.829204517977626,0.141624385343119
"10 items, lambda = 1","i10_l1",4,-0.5,1.1,0.832018385133925,0.139763791933061
"10 items, lambda = 1","i10_l1",4,-0.5,1.12,0.834795129809385,0.137912221055917
"10 items, lambda = 1","i10_l1",4,-0.5,1.14,0.837534937419304,0.136070166021347
"10 items, lambda = 1","i10_l1",4,-0.5,1.16,0.840238003056331,0.13423810127624
"10 items, lambda = 1","i10_l1",4,-0.5,1.18,0.842904531114547,0.132416482541113
"10 items, lambda = 1","i10_l1",4,-0.5,1.2,0.845534734916465,0.130605746966208
"10 items, lambda = 1","i10_l1",4,-0.5,1.22,0.848128836343341,0.128806313306232
"10 items, lambda = 1","i10_l1",4,-0.5,1.24,0.850687065469156,0.127018582112632
"10 items, lambda = 1","i10_l1",4,-0.5,1.26,0.853209660198618,0.125242935942377
"10 items, lambda = 1","i10_l1",4,-0.5,1.28,0.855696865909481,0.123479739582172
"10 items, lambda = 1","i10_l1",4,-0.5,1.3,0.858148935099512,0.121729340287085
"10 items, lambda = 1","i10_l1",4,-0.5,1.32,0.86056612703835,0.119992068032564
"10 items, lambda = 1","i10_l1",4,-0.5,1.34,0.86294870742454,0.118268235778855
"10 items, lambda = 1","i10_l1",4,-0.5,1.36,0.865296948047972,0.116558139746837
"10 items, lambda = 1","i10_l1",4,-0.5,1.38,0.867611126457935,0.114862059704328
"10 items, lambda = 1","i10_l1",4,-0.5,1.4,0.869891525637002,0.113180259261931
"10 items, lambda = 1","i10_l1",4,-0.5,1.42,0.872138433680919,0.111512986177512
"10 items, lambda = 1","i10_l1",4,-0.5,1.44,0.874352143484654,0.109860472668445
"10 items, lambda = 1","i10_l1",4,-0.5,1.46,0.876532952434776,0.108222935730751
"10 items, lambda = 1","i10_l1",4,-0.5,1.48,0.878681162108263,0.106600577464335
"10 items, lambda = 1","i10_l1",4,-0.5,1.5,0.880797077977882,0.104993585403507
"10 items, lambda = 1","i10_l1",4,-0.5,1.52,0.88288100912422,0.103402132852019
"10 items, lambda = 1","i10_l1",4,-0.5,1.54,0.88493326795445,0.101826379221907
"10 items, lambda = 1","i10_l1",4,-0.5,1.56,0.886954169927921,0.100266470375394
"10 items, lambda = 1","i10_l1",4,-0.5,1.58,0.888944033288592,0.0987225389692023
"10 items, lambda = 1","i10_l1",4,-0.5,1.6,0.890903178804387,0.0971947048006254
"10 items, lambda = 1","i10_l1",4,-0.5,1.62,0.892831929513472,0.0956830751547226
"10 items, lambda = 1","i10_l1",4,-0.5,1.64,0.89473061047749,0.0941877451520679
"10 items, lambda = 1","i10_l1",4,-0.5,1.66,0.89659954854175,0.0927087980964798
"10 items, lambda = 1","i10_l1",4,-0.5,1.68,0.898439072102363,0.0912463058222077
"10 items, lambda = 1","i10_l1",4,-0.5,1.7,0.900249510880315,0.0898003290400688
"10 items, lambda = 1","i10_l1",4,-0.5,1.72,0.902031195702446,0.0883709176820616
"10 items, lambda = 1","i10_l1",4,-0.5,1.74,0.903784458289307,0.0869581112440107
"10 items, lambda = 1","i10_l1",4,-0.5,1.76,0.905509631049841,0.085561939125822
"10 items, lambda = 1","i10_l1",4,-0.5,1.78,0.907207046882843,0.0841824209689541
"10 items, lambda = 1","i10_l1",4,-0.5,1.8,0.908877038985144,0.0828195669907412
"10 items, lambda = 1","i10_l1",4,-0.5,1.82,0.910519940666439,0.0814733783152237
"10 items, lambda = 1","i10_l1",4,-0.5,1.84,0.912136085170699,0.0801438473001705
"10 items, lambda = 1","i10_l1",4,-0.5,1.86,0.913725805504083,0.0788309578599974
"10 items, lambda = 1","i10_l1",4,-0.5,1.88,0.915289434269264,0.0775346857843145
"10 items, lambda = 1","i10_l1",4,-0.5,1.9,0.916827303506078,0.0762549990518522
"10 items, lambda = 1","i10_l1",4,-0.5,1.92,0.918339744538405,0.0749918581395417
"10 items, lambda = 1","i10_l1",4,-0.5,1.94,0.919827087827188,0.0737452163265428
"10 items, lambda = 1","i10_l1",4,-0.5,1.96,0.921289662829465,0.0725150199930358
"10 items, lambda = 1","i10_l1",4,-0.5,1.98,0.92272779786334,0.071301208913611
"10 items, lambda = 1","i10_l1",4,-0.5,2,0.924141819978757,0.0701037165451081
"10 items, lambda = 1","i10_l1",4,-0.5,2.02,0.925532054833972,0.0689224703087775
"10 items, lambda = 1","i10_l1",4,-0.5,2.04,0.926898826577622,0.0677573918666496
"10 items, lambda = 1","i10_l1",4,-0.5,2.06,0.928242457736249,0.0666083973920173
"10 items, lambda = 1","i10_l1",4,-0.5,2.08,0.929563269107183,0.0654753978339499
"10 items, lambda = 1","i10_l1",4,-0.5,2.1,0.930861579656653,0.0643582991757734
"10 items, lambda = 1","i10_l1",4,-0.5,2.12,0.932137706423006,0.0632570026874643
"10 items, lambda = 1","i10_l1",4,-0.5,2.14,0.933391964424909,0.0621714051719181
"10 items, lambda = 1","i10_l1",4,-0.5,2.16,0.934624666574427,0.0611013992050679
"10 items, lambda = 1","i10_l1",4,-0.5,2.18,0.935836123594826,0.0600468733698355
"10 items, lambda = 1","i10_l1",4,-0.5,2.2,0.937026643943004,0.0590077124839152
"10 items, lambda = 1","i10_l1",4,-0.5,2.22,0.938196533736411,0.057983797821394
"10 items, lambda = 1","i10_l1",4,-0.5,2.24,0.939346096684348,0.0569750073282276
"10 items, lambda = 1","i10_l1",4,-0.5,2.26,0.940475634023498,0.0559812158315971
"10 items, lambda = 1","i10_l1",4,-0.5,2.28,0.941585444457604,0.0550022952431806
"10 items, lambda = 1","i10_l1",4,-0.5,2.3,0.942675824101131,0.0540381147563843
"10 items, lambda = 1","i10_l1",4,-0.5,2.32,0.943747066426833,0.0530885410375801
"10 items, lambda = 1","i10_l1",4,-0.5,2.34,0.944799462217066,0.0521534384114092
"10 items, lambda = 1","i10_l1",4,-0.5,2.36,0.945833299518764,0.0512326690402121
"10 items, lambda = 1","i10_l1",4,-0.5,2.38,0.946848863601936,0.0503260930976582
"10 items, lambda = 1","i10_l1",4,-0.5,2.4,0.947846436921582,0.0494335689366432
"10 items, lambda = 1","i10_l1",4,-0.5,2.42,0.948826299082908,0.0485549532515397
"10 items, lambda = 1","i10_l1",4,-0.5,2.44,0.949788726809734,0.0476901012348789
"10 items, lambda = 1","i10_l1",4,-0.5,2.46,0.950733993915973,0.0468388667285554
"10 items, lambda = 1","i10_l1",4,-0.5,2.48,0.951662371280095,0.0460011023696417
"10 items, lambda = 1","i10_l1",4,-0.5,2.5,0.952574126822433,0.045176659730912
"10 items, lambda = 1","i10_l1",4,-0.5,2.52,0.953469525485269,0.0443653894561654
"10 items, lambda = 1","i10_l1",4,-0.5,2.54,0.954348829215556,0.0435671413904534
"10 items, lambda = 1","i10_l1",4,-0.5,2.56,0.955212296950213,0.0427817647053108
"10 items, lambda = 1","i10_l1",4,-0.5,2.58,0.956060184603859,0.0420091080190943
"10 items, lambda = 1","i10_l1",4,-0.5,2.6,0.956892745058914,0.0412490195125303
"10 items, lambda = 1","i10_l1",4,-0.5,2.62,0.957710228157966,0.0405013470395825
"10 items, lambda = 1","i10_l1",4,-0.5,2.64,0.958512880698304,0.0397659382337427
"10 items, lambda = 1","i10_l1",4,-0.5,2.66,0.959300946428534,0.0390426406098533
"10 items, lambda = 1","i10_l1",4,-0.5,2.68,0.960074666047186,0.0383313016615702
"10 items, lambda = 1","i10_l1",4,-0.5,2.7,0.960834277203236,0.0376317689545713
"10 items, lambda = 1","i10_l1",4,-0.5,2.72,0.961580014498435,0.0369438902156248
"10 items, lambda = 1","i10_l1",4,-0.5,2.74,0.962312109491394,0.0362675134176172
"10 items, lambda = 1","i10_l1",4,-0.5,2.76,0.963030790703323,0.0356024868606556
"10 items, lambda = 1","i10_l1",4,-0.5,2.78,0.963736283625352,0.0349486592493474
"10 items, lambda = 1","i10_l1",4,-0.5,2.8,0.964428810727364,0.0343058797663664
"10 items, lambda = 1","i10_l1",4,-0.5,2.82,0.965108591468263,0.0336739981424083
"10 items, lambda = 1","i10_l1",4,-0.5,2.84,0.965775842307604,0.033052864722642
"10 items, lambda = 1","i10_l1",4,-0.5,2.86,0.966430776718518,0.0324423305297605
"10 items, lambda = 1","i10_l1",4,-0.5,2.88,0.967073605201864,0.0318422473237335
"10 items, lambda = 1","i10_l1",4,-0.5,2.9,0.96770453530155,0.0312524676583616
"10 items, lambda = 1","i10_l1",4,-0.5,2.92,0.968323771620944,0.0306728449347342
"10 items, lambda = 1","i10_l1",4,-0.5,2.94,0.968931515840333,0.0301032334516879
"10 items, lambda = 1","i10_l1",4,-0.5,2.96,0.969527966735356,0.0295434884533625
"10 items, lambda = 1","i10_l1",4,-0.5,2.98,0.970113320196364,0.0289934661739511
"10 items, lambda = 1","i10_l1",4,-0.5,3,0.970687769248644,0.0284530238797356
"10 items, lambda = 1","i10_l1",4,-0.5,3.02,0.97125150407346,0.0279220199085018
"10 items, lambda = 1","i10_l1",4,-0.5,3.04,0.971804712029857,0.0274003137064233
"10 items, lambda = 1","i10_l1",4,-0.5,3.06,0.972347577677177,0.0268877658625033
"10 items, lambda = 1","i10_l1",4,-0.5,3.08,0.972880282798237,0.0263842381406595
"10 items, lambda = 1","i10_l1",4,-0.5,3.1,0.973403006423134,0.0258895935095381
"10 items, lambda = 1","i10_l1",4,-0.5,3.12,0.973915924853617,0.0254036961701408
"10 items, lambda = 1","i10_l1",4,-0.5,3.14,0.974419211687992,0.0249264115813439
"10 items, lambda = 1","i10_l1",4,-0.5,3.16,0.97491303784652,0.0244576064833896
"10 items, lambda = 1","i10_l1",4,-0.5,3.18,0.97539757159726,0.0239971489194276
"10 items, lambda = 1","i10_l1",4,-0.5,3.2,0.975872978582331,0.0235449082551805
"10 items, lambda = 1","i10_l1",4,-0.5,3.22,0.976339421844539,0.0231007551968105
"10 items, lambda = 1","i10_l1",4,-0.5,3.24,0.976797061854356,0.0226645618070536
"10 items, lambda = 1","i10_l1",4,-0.5,3.26,0.977246056537196,0.0222362015196956
"10 items, lambda = 1","i10_l1",4,-0.5,3.28,0.977686561300968,0.0218155491524569
"10 items, lambda = 1","i10_l1",4,-0.5,3.3,0.978118729063869,0.0214024809183502
"10 items, lambda = 1","i10_l1",4,-0.5,3.32,0.978542710282396,0.0209968744355783
"10 items, lambda = 1","i10_l1",4,-0.5,3.34,0.978958652979532,0.0205986087360326
"10 items, lambda = 1","i10_l1",4,-0.5,3.36,0.979366702773094,0.0202075642724524
"10 items, lambda = 1","i10_l1",4,-0.5,3.38,0.979767002904215,0.0198236229243073
"10 items, lambda = 1","i10_l1",4,-0.5,3.4,0.980159694265923,0.0194466680024558
"10 items, lambda = 1","i10_l1",4,-0.5,3.42,0.980544915431807,0.0190765842526376
"10 items, lambda = 1","i10_l1",4,-0.5,3.44,0.980922802684742,0.0187132578578529
"10 items, lambda = 1","i10_l1",4,-0.5,3.46,0.981293490045645,0.0183565764396822
"10 items, lambda = 1","i10_l1",4,-0.5,3.48,0.981657109302257,0.018006429058594
"10 items, lambda = 1","i10_l1",4,-0.5,3.5,0.982013790037908,0.0176627062132911
"10 items, lambda = 1","i10_l1",4,-0.5,3.52,0.982363659660277,0.0173252998391442
"10 items, lambda = 1","i10_l1",4,-0.5,3.54,0.982706843430095,0.0169941033057541
"10 items, lambda = 1","i10_l1",4,-0.5,3.56,0.983043464489799,0.016669011413692
"10 items, lambda = 1","i10_l1",4,-0.5,3.58,0.983373643892118,0.0163499203904556
"10 items, lambda = 1","i10_l1",4,-0.5,3.6,0.983697500628559,0.0160367278856851
"10 items, lambda = 1","i10_l1",4,-0.5,3.62,0.984015151657797,0.0157293329656794
"10 items, lambda = 1","i10_l1",4,-0.5,3.64,0.984326711933951,0.0154276361072473
"10 items, lambda = 1","i10_l1",4,-0.5,3.66,0.984632294434724,0.0151315391909346
"10 items, lambda = 1","i10_l1",4,-0.5,3.68,0.984932010189407,0.0148409454936607
"10 items, lambda = 1","i10_l1",4,-0.5,3.7,0.985225968306727,0.0145557596807992
"10 items, lambda = 1","i10_l1",4,-0.5,3.72,0.985514276002533,0.014275887797736
"10 items, lambda = 1","i10_l1",4,-0.5,3.74,0.985797038627309,0.014001237260937
"10 items, lambda = 1","i10_l1",4,-0.5,3.76,0.9860743596935,0.0137317168485544
"10 items, lambda = 1","i10_l1",4,-0.5,3.78,0.986346340902649,0.0134672366906043
"10 items, lambda = 1","i10_l1",4,-0.5,3.8,0.986613082172335,0.0132077082587402
"10 items, lambda = 1","i10_l1",4,-0.5,3.82,0.986874681662897,0.0129530443556526
"10 items, lambda = 1","i10_l1",4,-0.5,3.84,0.987131235803948,0.0127031591041188
"10 items, lambda = 1","i10_l1",4,-0.5,3.86,0.987382839320661,0.0124579679357305
"10 items, lambda = 1","i10_l1",4,-0.5,3.88,0.987629585259838,0.0122173875793187
"10 items, lambda = 1","i10_l1",4,-0.5,3.9,0.987871565015726,0.0119813360491065
"10 items, lambda = 1","i10_l1",4,-0.5,3.92,0.988108868355613,0.0117497326326029
"10 items, lambda = 1","i10_l1",4,-0.5,3.94,0.988341583445167,0.011522497878267
"10 items, lambda = 1","i10_l1",4,-0.5,3.96,0.988569796873529,0.0112995535829584
"10 items, lambda = 1","i10_l1",4,-0.5,3.98,0.988793593678157,0.0110808227791926
"10 items, lambda = 1","i10_l1",4,-0.5,4,0.989013057369407,0.0108662297222252
"10 items, lambda = 1","i10_l1",5,-0.166666666666667,-4,0.0211791104550677,0.0207305557353997
"10 items, lambda = 1","i10_l1",5,-0.166666666666667,-3.98,0.0215977163613872,0.0211312550093602
"10 items, lambda = 1","i10_l1",5,-0.166666666666667,-3.96,0.0220244098614494,0.0215393352317043
"10 items, lambda = 1","i10_l1",5,-0.166666666666667,-3.94,0.0224593397862656,0.0219549178426307
"10 items, lambda = 1","i10_l1",5,-0.166666666666667,-3.92,0.0229026574097749,0.0223781256933454
"10 items, lambda = 1","i10_l1",5,-0.166666666666667,-3.9,0.0233545164769771,0.0228090830371037
"10 items, lambda = 1","i10_l1",5,-0.166666666666667,-3.88,0.0238150732318722,0.0232479155188328
"10 items, lambda = 1","i10_l1",5,-0.166666666666667,-3.86,0.0242844864451781,0.0236947501632721
"10 items, lambda = 1","i10_l1",5,-0.166666666666667,-3.84,0.0247629174417951,0.024149715361566
"10 items, lambda = 1","i10_l1",5,-0.166666666666667,-3.82,0.0252505301279867,0.0246129408562423
"10 items, lambda = 1","i10_l1",5,-0.166666666666667,-3.8,0.0257474910182429,0.0250845577245084
"10 items, lambda = 1","i10_l1",5,-0.166666666666667,-3.78,0.0262539692617924,0.0255646983597933
"10 items, lambda = 1","i10_l1",5,-0.166666666666667,-3.76,0.0267701366687274,0.0260534964514651
"10 items, lambda = 1","i10_l1",5,-0.166666666666667,-3.74,0.0272961677357034,0.0265510869626477
"10 items, lambda = 1","i10_l1",5,-0.166666666666667,-3.72,0.0278322396711763,0.0270576061060625
"10 items, lambda = 1","i10_l1",5,-0.166666666666667,-3.7,0.0283785324201358,0.0275731913178151
"10 items, lambda = 1","i10_l1",5,-0.166666666666667,-3.68,0.0289352286882932,0.0280979812290494
"10 items, lambda = 1","i10_l1",5,-0.166666666666667,-3.66,0.0295025139656803,0.0286321156353851
"10 items, lambda = 1","i10_l1",5,-0.166666666666667,-3.64,0.0300805765496138,0.0291757354640567
"10 items, lambda = 1","i10_l1",5,-0.166666666666667,-3.62,0.0306696075669801,0.0297289827386676
"10 items, lambda = 1","i10_l1",5,-0.166666666666667,-3.6,0.0312698009957888,0.0302920005414726
"10 items, lambda = 1","i10_l1",5,-0.166666666666667,-3.58,0.0318813536859477,0.0308649329730992
"10 items, lambda = 1","i10_l1",5,-0.166666666666667,-3.56,0.0325044653792054,0.0314479251096174
"10 items, lambda = 1","i10_l1",5,-0.166666666666667,-3.54,0.033139338728208,0.0320411229568651
"10 items, lambda = 1","i10_l1",5,-0.166666666666667,-3.52,0.0337861793146143,0.032644673401935
"10 items, lambda = 1","i10_l1",5,-0.166666666666667,-3.5,0.0344451956662112,0.0332587241617276
"10 items, lambda = 1","i10_l1",5,-0.166666666666667,-3.48,0.0351165992729702,0.0338834237284718
"10 items, lambda = 1","i10_l1",5,-0.166666666666667,-3.46,0.0358006046019833,0.0345189213121158
"10 items, lambda = 1","i10_l1",5,-0.166666666666667,-3.44,0.0364974291112145,0.0351653667794864
"10 items, lambda = 1","i10_l1",5,-0.166666666666667,-3.42,0.0372072932620011,0.0358229105901165
"10 items, lambda = 1","i10_l1",5,-0.166666666666667,-3.4,0.0379304205302375,0.0364917037286368
"10 items, lambda = 1","i10_l1",5,-0.166666666666667,-3.38,0.038667037416172,0.0371718976336283
"10 items, lambda = 1","i10_l1",5,-0.166666666666667,-3.36,0.0394173734527438,0.0378636441228307
"10 items, lambda = 1","i10_l1",5,-0.166666666666667,-3.34,0.0401816612123871,0.0385670953146
"10 items, lambda = 1","i10_l1",5,-0.166666666666667,-3.32,0.040960136312226,0.0392824035455098
"10 items, lambda = 1","i10_l1",5,-0.166666666666667,-3.3,0.0417530374175819,0.0400097212839879
"10 items, lambda = 1","i10_l1",5,-0.166666666666667,-3.28,0.0425606062437133,0.0407492010398809
"10 items, lambda = 1","i10_l1",5,-0.166666666666667,-3.26,0.0433830875557046,0.0415009952698387
"10 items, lambda = 1","i10_l1",5,-0.166666666666667,-3.24,0.0442207291664209,0.042265256278411
"10 items, lambda = 1","i10_l1",5,-0.166666666666667,-3.22,0.0450737819324401,0.0430421361147469
"10 items, lambda = 1","i10_l1",5,-0.166666666666667,-3.2,0.0459424997478744,0.043831786464791
"10 items, lambda = 1","i10_l1",5,-0.166666666666667,-3.18,0.0468271395359902,0.0446343585388671
"10 items, lambda = 1","i10_l1",5,-0.166666666666667,-3.16,0.0477279612385318,0.045450002954545
"10 items, lambda = 1","i10_l1",5,-0.166666666666667,-3.14,0.0486452278026552,0.046278869614683
"10 items, lambda = 1","i10_l1",5,-0.166666666666667,-3.12,0.0495792051653735,0.0471211075805433
"10 items, lambda = 1","i10_l1",5,-0.166666666666667,-3.1,0.0505301622354134,0.0479768649398762
"10 items, lambda = 1","i10_l1",5,-0.166666666666667,-3.08,0.0514983708723846,0.0488462886698749
"10 items, lambda = 1","i10_l1",5,-0.166666666666667,-3.06,0.052484105863153,0.0497295244948984
"10 items, lambda = 1","i10_l1",5,-0.166666666666667,-3.04,0.0534876448953185,0.0506267167388708
"10 items, lambda = 1","i10_l1",5,-0.166666666666667,-3.02,0.0545092685276843,0.0515380081722611
"10 items, lambda = 1","i10_l1",5,-0.166666666666667,-3,0.0555492601576118,0.0524635398535537
"10 items, lambda = 1","i10_l1",5,-0.166666666666667,-2.98,0.0566079059851494,0.0534034509651259
"10 items, lambda = 1","i10_l1",5,-0.166666666666667,-2.96,0.057685494973822,0.0543578786434471
"10 items, lambda = 1","i10_l1",5,-0.166666666666667,-2.94,0.0587823188079662,0.0553269578035248
"10 items, lambda = 1","i10_l1",5,-0.166666666666667,-2.92,0.0598986718464979,0.0563108209575234
"10 items, lambda = 1","i10_l1",5,-0.166666666666667,-2.9,0.0610348510729919,0.0573095980274896
"10 items, lambda = 1","i10_l1",5,-0.166666666666667,-2.88,0.0621911560419579,0.0583234161521227
"10 items, lambda = 1","i10_l1",5,-0.166666666666667,-2.86,0.0633678888211903,0.0593523994875356
"10 items, lambda = 1","i10_l1",5,-0.166666666666667,-2.84,0.0645653539300746,0.0603966690019588
"10 items, lambda = 1","i10_l1",5,-0.166666666666667,-2.82,0.0657838582737253,0.0614563422643477
"10 items, lambda = 1","i10_l1",5,-0.166666666666667,-2.8,0.067023711072836,0.062531533226861
"10 items, lambda = 1","i10_l1",5,-0.166666666666667,-2.78,0.0682852237891162,0.0636223520011865
"10 items, lambda = 1","i10_l1",5,-0.166666666666667,-2.76,0.0695687100461948,0.0647289046287033
"10 items, lambda = 1","i10_l1",5,-0.166666666666667,-2.74,0.0708744855458633,0.0658512928444725
"10 items, lambda = 1","i10_l1",5,-0.166666666666667,-2.72,0.0722028679795383,0.0669896138350677
"10 items, lambda = 1","i10_l1",5,-0.166666666666667,-2.7,0.073554176934819,0.0681439599902603
"10 items, lambda = 1","i10_l1",5,-0.166666666666667,-2.68,0.0749287337970166,0.0693144186485924
"10 items, lambda = 1","i10_l1",5,-0.166666666666667,-2.66,0.0763268616455351,0.0705010718368785
"10 items, lambda = 1","i10_l1",5,-0.166666666666667,-2.64,0.0777488851449819,0.0717039960036943
"10 items, lambda = 1","i10_l1",5,-0.166666666666667,-2.62,0.0791951304308875,0.0729232617469222
"10 items, lambda = 1","i10_l1",5,-0.166666666666667,-2.6,0.0806659249899191,0.0741589335354398
"10 items, lambda = 1","i10_l1",5,-0.166666666666667,-2.58,0.0821615975344684,0.0754110694250525
"10 items, lambda = 1","i10_l1",5,-0.166666666666667,-2.56,0.0836824778715036,0.0766797207687889
"10 items, lambda = 1","i10_l1",5,-0.166666666666667,-2.54,0.0852288967655696,0.0779649319216934
"10 items, lambda = 1","i10_l1",5,-0.166666666666667,-2.52,0.0868011857958322,0.0792667399402696
"10 items, lambda = 1","i10_l1",5,-0.166666666666667,-2.5,0.0883996772070584,0.0805851742767463
"10 items, lambda = 1","i10_l1",5,-0.166666666666667,-2.48,0.0900247037544318,0.0819202564683586
"10 items, lambda = 1","i10_l1",5,-0.166666666666667,-2.46,0.0916765985421053,0.083271999821855
"10 items, lambda = 1","i10_l1",5,-0.166666666666667,-2.44,0.0933556948553988,0.0846404090934645
"10 items, lambda = 1","i10_l1",5,-0.166666666666667,-2.42,0.0950623259865524,0.0860254801645788
"10 items, lambda = 1","i10_l1",5,-0.166666666666667,-2.4,0.0967968250539524,0.0874271997134269
"10 items, lambda = 1","i10_l1",5,-0.166666666666667,-2.38,0.0985595248147546,0.0888455448830444
"10 items, lambda = 1","i10_l1",5,-0.166666666666667,-2.36,0.100350757470831,0.0902804829458612
"10 items, lambda = 1","i10_l1",5,-0.166666666666667,-2.34,0.102170854467977,0.0917319709652607
"10 items, lambda = 1","i10_l1",5,-0.166666666666667,-2.32,0.104020146288327,0.0931999554544824
"10 items, lambda = 1","i10_l1",5,-0.166666666666667,-2.3,0.105898962235918,0.0946843720332735
"10 items, lambda = 1","i10_l1",5,-0.166666666666667,-2.28,0.10780763021537,0.0961851450827164
"10 items, lambda = 1","i10_l1",5,-0.166666666666667,-2.26,0.109746476503655,0.0977021873986878
"10 items, lambda = 1","i10_l1",5,-0.166666666666667,-2.24,0.111715825514912,0.0992353998444339
"10 items, lambda = 1","i10_l1",5,-0.166666666666667,-2.22,0.113715999558323,0.100784671002774
"10 items, lambda = 1","i10_l1",5,-0.166666666666667,-2.2,0.115747318589022,0.102349876828474
"10 items, lambda = 1","i10_l1",5,-0.166666666666667,-2.18,0.11781009995207,0.103930880301353
"10 items, lambda = 1","i10_l1",5,-0.166666666666667,-2.16,0.11990465811949,0.105527531080738
"10 items, lambda = 1","i10_l1",5,-0.166666666666667,-2.14,0.122031304420423,0.107139665161873
"10 items, lambda = 1","i10_l1",5,-0.166666666666667,-2.12,0.124190346764432,0.108767104534962
"10 items, lambda = 1","i10_l1",5,-0.166666666666667,-2.1,0.126382089358013,0.110409656847516
"10 items, lambda = 1","i10_l1",5,-0.166666666666667,-2.08,0.128606832414405,0.112067115070738
"10 items, lambda = 1","i10_l1",5,-0.166666666666667,-2.06,0.13086487185676,0.113739257170674
"10 items, lambda = 1","i10_l1",5,-0.166666666666667,-2.04,0.133156499014804,0.115425845784924
"10 items, lambda = 1","i10_l1",5,-0.166666666666667,-2.02,0.13548200031508,0.117126627905705
"10 items, lambda = 1","i10_l1",5,-0.166666666666667,-2,0.137841656964936,0.118841334570097
"10 items, lambda = 1","i10_l1",5,-0.166666666666667,-1.98,0.140235744630388,0.120569680558348
"10 items, lambda = 1","i10_l1",5,-0.166666666666667,-1.96,0.142664533108041,0.122311364101105
"10 items, lambda = 1","i10_l1",5,-0.166666666666667,-1.94,0.145128285991251,0.124066066596492
"10 items, lambda = 1","i10_l1",5,-0.166666666666667,-1.92,0.147627260330733,0.125833452337975
"10 items, lambda = 1","i10_l1",5,-0.166666666666667,-1.9,0.150161706289847,0.127613168253969
"10 items, lambda = 1","i10_l1",5,-0.166666666666667,-1.88,0.152731866794793,0.129404843660171
"10 items, lambda = 1","i10_l1",5,-0.166666666666667,-1.86,0.155337977179998,0.131208090025624
"10 items, lambda = 1","i10_l1",5,-0.166666666666667,-1.84,0.157980264828962,0.133022500753533
"10 items, lambda = 1","i10_l1",5,-0.166666666666667,-1.82,0.160658948810883,0.134847650977865
"10 items, lambda = 1","i10_l1",5,-0.166666666666667,-1.8,0.163374239513379,0.136683097376804
"10 items, lambda = 1","i10_l1",5,-0.166666666666667,-1.78,0.166126338271651,0.138528378004104
"10 items, lambda = 1","i10_l1",5,-0.166666666666667,-1.76,0.168915436994465,0.140383012139434
"10 items, lambda = 1","i10_l1",5,-0.166666666666667,-1.74,0.171741717787347,0.142246500158798
"10 items, lambda = 1","i10_l1",5,-0.166666666666667,-1.72,0.174605352573381,0.144118323426107
"10 items, lambda = 1","i10_l1",5,-0.166666666666667,-1.7,0.177506502712074,0.145997944207002
"10 items, lambda = 1","i10_l1",5,-0.166666666666667,-1.68,0.180445318616716,0.147884805606028
"10 items, lambda = 1","i10_l1",5,-0.166666666666667,-1.66,0.183421939370739,0.149778331528216
"10 items, lambda = 1","i10_l1",5,-0.166666666666667,-1.64,0.186436492343551,0.151677926666184
"10 items, lambda = 1","i10_l1",5,-0.166666666666667,-1.62,0.189489092806376,0.153582976513792
"10 items, lambda = 1","i10_l1",5,-0.166666666666667,-1.6,0.192579843548652,0.155492847407428
"10 items, lambda = 1","i10_l1",5,-0.166666666666667,-1.58,0.195708834495526,0.157406886595929
"10 items, lambda = 1","i10_l1",5,-0.166666666666667,-1.56,0.198876142327052,0.159324422340162
"10 items, lambda = 1","i10_l1",5,-0.166666666666667,-1.54,0.20208183009968,0.161244764043244
"10 items, lambda = 1","i10_l1",5,-0.166666666666667,-1.52,0.205325946870667,0.163167202412331
"10 items, lambda = 1","i10_l1",5,-0.166666666666667,-1.5,0.208608527326045,0.165091009652904
"10 items, lambda = 1","i10_l1",5,-0.166666666666667,-1.48,0.211929591412807,0.167015439696407
"10 items, lambda = 1","i10_l1",5,-0.166666666666667,-1.46,0.215289143975987,0.168939728462074
"10 items, lambda = 1","i10_l1",5,-0.166666666666667,-1.44,0.218687174401326,0.17086309415369
"10 items, lambda = 1","i10_l1",5,-0.166666666666667,-1.42,0.222123656264228,0.172784737592039
"10 items, lambda = 1","i10_l1",5,-0.166666666666667,-1.4,0.225598546985721,0.174703842583653
"10 items, lambda = 1","i10_l1",5,-0.166666666666667,-1.38,0.229111787496175,0.176619576326483
"10 items, lambda = 1","i10_l1",5,-0.166666666666667,-1.36,0.232663301907492,0.178531089852995
"10 items, lambda = 1","i10_l1",5,-0.166666666666667,-1.34,0.236252997194544,0.180437518511139
"10 items, lambda = 1","i10_l1",5,-0.166666666666667,-1.32,0.239880762886613,0.18233798248355
"10 items, lambda = 1","i10_l1",5,-0.166666666666667,-1.3,0.243546470769596,0.18423158734527
"10 items, lambda = 1","i10_l1",5,-0.166666666666667,-1.28,0.247249974599752,0.186117424660174
"10 items, lambda = 1","i10_l1",5,-0.166666666666667,-1.26,0.250991109829767,0.187994572616189
"10 items, lambda = 1","i10_l1",5,-0.166666666666667,-1.24,0.254769693347912,0.189862096699323
"10 items, lambda = 1","i10_l1",5,-0.166666666666667,-1.22,0.258585523231065,0.191719050406381
"10 items, lambda = 1","i10_l1",5,-0.166666666666667,-1.2,0.262438378512375,0.19356447599617
"10 items, lambda = 1","i10_l1",5,-0.166666666666667,-1.18,0.266328018964336,0.195397405278869
"10 items, lambda = 1","i10_l1",5,-0.166666666666667,-1.16,0.270254184898021,0.197216860443127
"10 items, lambda = 1","i10_l1",5,-0.166666666666667,-1.14,0.274216596979228,0.19902185492036
"10 items, lambda = 1","i10_l1",5,-0.166666666666667,-1.12,0.278214956062293,0.20081139428555
"10 items, lambda = 1","i10_l1",5,-0.166666666666667,-1.1,0.28224894304226,0.202584477193787
"10 items, lambda = 1","i10_l1",5,-0.166666666666667,-1.08,0.286318218726142,0.204340096351631
"10 items, lambda = 1","i10_l1",5,-0.166666666666667,-1.06,0.290422423723946,0.206077239522255
"10 items, lambda = 1","i10_l1",5,-0.166666666666667,-1.04,0.294561178360132,0.207794890563222
"10 items, lambda = 1","i10_l1",5,-0.166666666666667,-1.02,0.298734082606138,0.209492030495607
"10 items, lambda = 1","i10_l1",5,-0.166666666666667,-1,0.302940716034593,0.211167638603041
"10 items, lambda = 1","i10_l1",5,-0.166666666666667,-0.98,0.307180637795797,0.212820693559164
"10 items, lambda = 1","i10_l1",5,-0.166666666666667,-0.96,0.31145338661702,0.214450174581809
"10 items, lambda = 1","i10_l1",5,-0.166666666666667,-0.94,0.315758480825138,0.216055062612139
"10 items, lambda = 1","i10_l1",5,-0.166666666666667,-0.92,0.32009541839308,0.217634341516839
"10 items, lambda = 1","i10_l1",5,-0.166666666666667,-0.9,0.324463677010546,0.219186999311342
"10 items, lambda = 1","i10_l1",5,-0.166666666666667,-0.88,0.328862714179364,0.220712029401946
"10 items, lambda = 1","i10_l1",5,-0.166666666666667,-0.86,0.333291967333877,0.222208431844591
"10 items, lambda = 1","i10_l1",5,-0.166666666666667,-0.84,0.33775085398664,0.223675214617935
"10 items, lambda = 1","i10_l1",5,-0.166666666666667,-0.82,0.342238771899708,0.225111394908287
"10 items, lambda = 1","i10_l1",5,-0.166666666666667,-0.8,0.346755099281717,0.226516000403843
"10 items, lambda = 1","i10_l1",5,-0.166666666666667,-0.78,0.351299195010923,0.2278880705956
"10 items, lambda = 1","i10_l1",5,-0.166666666666667,-0.76,0.355870398884303,0.22922665808223
"10 items, lambda = 1","i10_l1",5,-0.166666666666667,-0.74,0.360468031892768,0.230530829876122
"10 items, lambda = 1","i10_l1",5,-0.166666666666667,-0.72,0.365091396522485,0.231799668707747
"10 items, lambda = 1","i10_l1",5,-0.166666666666667,-0.7,0.369739777082249,0.233032274325418
"10 items, lambda = 1","i10_l1",5,-0.166666666666667,-0.68,0.374412440056777,0.234227764787507
"10 items, lambda = 1","i10_l1",5,-0.166666666666667,-0.66,0.379108634485743,0.235385277744098
"10 items, lambda = 1","i10_l1",5,-0.166666666666667,-0.64,0.383827592368322,0.236503971705059
"10 items, lambda = 1","i10_l1",5,-0.166666666666667,-0.62,0.388568529092927,0.237583027291486
"10 items, lambda = 1","i10_l1",5,-0.166666666666667,-0.6,0.393330643891789,0.23862164846746
"10 items, lambda = 1","i10_l1",5,-0.166666666666667,-0.58,0.398113120319943,0.239619063749062
"10 items, lambda = 1","i10_l1",5,-0.166666666666667,-0.56,0.402915126758154,0.240574527387615
"10 items, lambda = 1","i10_l1",5,-0.166666666666667,-0.54,0.407735816939209,0.241487320524125
"10 items, lambda = 1","i10_l1",5,-0.166666666666667,-0.52,0.412574330496994,0.242356752311951
"10 items, lambda = 1","i10_l1",5,-0.166666666666667,-0.5,0.417429793537685,0.243182161004771
"10 items, lambda = 1","i10_l1",5,-0.166666666666667,-0.48,0.422301319232321,0.243962915006962
"10 items, lambda = 1","i10_l1",5,-0.166666666666667,-0.46,0.427188008429986,0.244698413883608
"10 items, lambda = 1","i10_l1",5,-0.166666666666667,-0.44,0.432088950290768,0.24538808932739
"10 items, lambda = 1","i10_l1",5,-0.166666666666667,-0.42,0.437003222937599,0.24603140607975
"10 items, lambda = 1","i10_l1",5,-0.166666666666667,-0.4,0.441929894126047,0.246627862803788
"10 items, lambda = 1","i10_l1",5,-0.166666666666667,-0.38,0.446868021931049,0.24717699290648
"10 items, lambda = 1","i10_l1",5,-0.166666666666667,-0.36,0.451816655449579,0.247678365307935
"10 items, lambda = 1","i10_l1",5,-0.166666666666667,-0.34,0.456774835518142,0.248131585155516
"10 items, lambda = 1","i10_l1",5,-0.166666666666667,-0.32,0.461741595443987,0.248536294480828
"10 items, lambda = 1","i10_l1",5,-0.166666666666667,-0.3,0.466715961748869,0.248892172797697
"10 items, lambda = 1","i10_l1",5,-0.166666666666667,-0.28,0.471696954924171,0.249198937639436
"10 items, lambda = 1","i10_l1",5,-0.166666666666667,-0.26,0.47668359019615,0.249456345033859
"10 items, lambda = 1","i10_l1",5,-0.166666666666667,-0.24,0.481674878300044,0.249664189914682
"10 items, lambda = 1","i10_l1",5,-0.166666666666667,-0.22,0.486669826261768,0.249822306468109
"10 items, lambda = 1","i10_l1",5,-0.166666666666667,-0.2,0.491667438185881,0.249930568413614
"10 items, lambda = 1","i10_l1",5,-0.166666666666667,-0.18,0.496666716048505,0.249988889218099
"10 items, lambda = 1","i10_l1",5,-0.166666666666667,-0.16,0.501666660493855,0.249997222242798
"10 items, lambda = 1","i10_l1",5,-0.166666666666667,-0.14,0.50666627163303,0.249955560822515
"10 items, lambda = 1","i10_l1",5,-0.166666666666667,-0.12,0.511664549843712,0.249863938276944
"10 items, lambda = 1","i10_l1",5,-0.166666666666667,-0.1,0.516660496569411,0.249722427854061
"10 items, lambda = 1","i10_l1",5,-0.166666666666667,-0.0800000000000001,0.5216531151169,0.249531142605734
"10 items, lambda = 1","i10_l1",5,-0.166666666666667,-0.06,0.526641411450484,0.249290235195926
"10 items, lambda = 1","i10_l1",5,-0.166666666666667,-0.04,0.531624394981769,0.248999897642037
"10 items, lambda = 1","i10_l1",5,-0.166666666666667,-0.02,0.536601079353591,0.248660360990152
"10 items, lambda = 1","i10_l1",5,-0.166666666666667,0,0.5415704832168,0.248271894925122
"10 items, lambda = 1","i10_l1",5,-0.166666666666667,0.0200000000000005,0.5465316309986,0.24783480731661
"10 items, lambda = 1","i10_l1",5,-0.166666666666667,0.04,0.551483553661183,0.247349443702416
"10 items, lambda = 1","i10_l1",5,-0.166666666666667,0.0600000000000005,0.55642528944941,0.24681618671055
"10 items, lambda = 1","i10_l1",5,-0.166666666666667,0.0800000000000001,0.561355884626344,0.246235455421719
"10 items, lambda = 1","i10_l1",5,-0.166666666666667,0.0999999999999996,0.566274394195439,0.245607704674028
"10 items, lambda = 1","i10_l1",5,-0.166666666666667,0.12,0.571179882608274,0.244933424311872
"10 items, lambda = 1","i10_l1",5,-0.166666666666667,0.14,0.576071424456712,0.244213138381127
"10 items, lambda = 1","i10_l1",5,-0.166666666666667,0.16,0.580948105148459,0.243447404272874
"10 items, lambda = 1","i10_l1",5,-0.166666666666667,0.18,0.585809021564985,0.24263681181806
"10 items, lambda = 1","i10_l1",5,-0.166666666666667,0.2,0.590653282700886,0.241781982335553
"10 items, lambda = 1","i10_l1",5,-0.166666666666667,0.22,0.595480010283748,0.240883567636215
"10 items, lambda = 1","i10_l1",5,-0.166666666666667,0.24,0.600288339373686,0.239942248985668
"10 items, lambda = 1","i10_l1",5,-0.166666666666667,0.26,0.605077418941737,0.238958736028543
"10 items, lambda = 1","i10_l1",5,-0.166666666666667,0.28,0.609846412426392,0.237933765677051
"10 items, lambda = 1","i10_l1",5,-0.166666666666667,0.3,0.61459449826755,0.236868100966809
"10 items, lambda = 1","i10_l1",5,-0.166666666666667,0.32,0.619320870417295,0.235762529882859
"10 items, lambda = 1","i10_l1",5,-0.166666666666667,0.34,0.624024738826925,0.234617864158913
"10 items, lambda = 1","i10_l1",5,-0.166666666666667,0.36,0.628705329909708,0.233434938052833
"10 items, lambda = 1","i10_l1",5,-0.166666666666667,0.38,0.633361886978954,0.232214607101413
"10 items, lambda = 1","i10_l1",5,-0.166666666666667,0.4,0.637993670660984,0.230957746857508
"10 items, lambda = 1","i10_l1",5,-0.166666666666667,0.42,0.642599959282703,0.229665251612571
"10 items, lambda = 1","i10_l1",5,-0.166666666666667,0.44,0.647180049233497,0.228338033107625
"10 items, lambda = 1","i10_l1",5,-0.166666666666667,0.46,0.651733255301261,0.226977019235682
"10 items, lambda = 1","i10_l1",5,-0.166666666666667,0.48,0.656258910982414,0.22558315273859
"10 items, lambda = 1","i10_l1",5,-0.166666666666667,0.5,0.660756368765817,0.224157389901229
"10 items, lambda = 1","i10_l1",5,-0.166666666666667,0.52,0.66522500039058,0.222700699245933
"10 items, lambda = 1","i10_l1",5,-0.166666666666667,0.54,0.669664197077775,0.221214060229954
"10 items, lambda = 1","i10_l1",5,-0.166666666666667,0.56,0.674073369736155,0.2196984619487
"10 items, lambda = 1","i10_l1",5,-0.166666666666667,0.58,0.678451949142018,0.218154901847415
"10 items, lambda = 1","i10_l1",5,-0.166666666666667,0.6,0.682799386093413,0.216584384443871
"10 items, lambda = 1","i10_l1",5,-0.166666666666667,0.62,0.687115151538922,0.214987920064566
"10 items, lambda = 1","i10_l1",5,-0.166666666666667,0.64,0.691398736681332,0.21336652359679
"10 items, lambda = 1","i10_l1",5,-0.166666666666667,0.66,0.695649653056521,0.211721213258863
"10 items, lambda = 1","i10_l1",5,-0.166666666666667,0.68,0.699867432587945,0.210053009390703
"10 items, lambda = 1","i10_l1",5,-0.166666666666667,0.7,0.704051627617162,0.208362933266787
"10 items, lambda = 1","i10_l1",5,-0.166666666666667,0.72,0.708201810910858,0.20665200593344
"10 items, lambda = 1","i10_l1",5,-0.166666666666667,0.74,0.712317575644865,0.204921247072287
"10 items, lambda = 1","i10_l1",5,-0.166666666666667,0.76,0.716398535365742,0.203171673891562
"10 items, lambda = 1","i10_l1",5,-0.166666666666667,0.78,0.720444323930458,0.201404300046843
"10 items, lambda = 1","i10_l1",5,-0.166666666666667,0.8,0.724454595424802,0.199620134592688
"10 items, lambda = 1","i10_l1",5,-0.166666666666667,0.82,0.728429024061152,0.19782018096647
"10 items, lambda = 1","i10_l1",5,-0.166666666666667,0.84,0.732367304056242,0.196005436005634
"10 items, lambda = 1","i10_l1",5,-0.166666666666667,0.86,0.736269149489623,0.19417688899945
"10 items, lambda = 1","i10_l1",5,-0.166666666666667,0.88,0.740134294143515,0.192335520776196
"10 items, lambda = 1","i10_l1",5,-0.166666666666667,0.9,0.743962491324758,0.190482302826617
"10 items, lambda = 1","i10_l1",5,-0.166666666666667,0.92,0.747753513669603,0.188618196464366
"10 items, lambda = 1","i10_l1",5,-0.166666666666667,0.94,0.751507152932089,0.186744152023995
"10 items, lambda = 1","i10_l1",5,-0.166666666666667,0.96,0.755223219756757,0.184861108096994
"10 items, lambda = 1","i10_l1",5,-0.166666666666667,0.98,0.758901543436468,0.182969990806215
"10 items, lambda = 1","i10_l1",5,-0.166666666666667,1,0.762541971656097,0.181071713118929
"10 items, lambda = 1","i10_l1",5,-0.166666666666667,1.02,0.766144370222876,0.179167174198669
"10 items, lambda = 1","i10_l1",5,-0.166666666666667,1.04,0.769708622784158,0.177257258795873
"10 items, lambda = 1","i10_l1",5,-0.166666666666667,1.06,0.773234630533388,0.175342836677283
"10 items, lambda = 1","i10_l1",5,-0.166666666666667,1.08,0.776722311905043,0.173424762093928
"10 items, lambda = 1","i10_l1",5,-0.166666666666667,1.1,0.780171602259318,0.171503873287447
"10 items, lambda = 1","i10_l1",5,-0.166666666666667,1.12,0.783582453557317,0.169580992034412
"10 items, lambda = 1","i10_l1",5,-0.166666666666667,1.14,0.78695483402751,0.167656923228244
"10 items, lambda = 1","i10_l1",5,-0.166666666666667,1.16,0.790288727824201,0.165732454498207
"10 items, lambda = 1","i10_l1",5,-0.166666666666667,1.18,0.793584134678733,0.16380835586494
"10 items, lambda = 1","i10_l1",5,-0.166666666666667,1.2,0.796841069544177,0.161885379431869
"10 items, lambda = 1","i10_l1",5,-0.166666666666667,1.22,0.800059562234191,0.159964259111826
"10 items, lambda = 1","i10_l1",5,-0.166666666666667,1.24,0.803239657056767,0.158045710388094
"10 items, lambda = 1","i10_l1",5,-0.166666666666667,1.26,0.806381412443527,0.15613043010911
"10 items, lambda = 1","i10_l1",5,-0.166666666666667,1.28,0.809484900575248,0.154219096315929
"10 items, lambda = 1","i10_l1",5,-0.166666666666667,1.3,0.812550207004259,0.152312368101595
"10 items, lambda = 1","i10_l1",5,-0.166666666666667,1.32,0.815577430274327,0.150410885501452
"10 items, lambda = 1","i10_l1",5,-0.166666666666667,1.34,0.818566681538662,0.148515269413444
"10 items, lambda = 1","i10_l1",5,-0.166666666666667,1.36,0.821518084176614,0.1466261215474
"10 items, lambda = 1","i10_l1",5,-0.166666666666667,1.38,0.824431773409634,0.14474402440228
"10 items, lambda = 1","i10_l1",5,-0.166666666666667,1.4,0.827307895917056,0.14286954127035
"10 items, lambda = 1","i10_l1",5,-0.166666666666667,1.42,0.830146609452223,0.141003216267202
"10 items, lambda = 1","i10_l1",5,-0.166666666666667,1.44,0.83294808245946,0.139145574386569
"10 items, lambda = 1","i10_l1",5,-0.166666666666667,1.46,0.835712493692381,0.137297121578843
"10 items, lambda = 1","i10_l1",5,-0.166666666666667,1.48,0.838440031834003,0.135458344852199
"10 items, lambda = 1","i10_l1",5,-0.166666666666667,1.5,0.841130895119085,0.133629712395252
"10 items, lambda = 1","i10_l1",5,-0.166666666666667,1.52,0.84378529095914,0.131811673720139
"10 items, lambda = 1","i10_l1",5,-0.166666666666667,1.54,0.846403435570498,0.130004659824956
"10 items, lambda = 1","i10_l1",5,-0.166666666666667,1.56,0.8489855536058,0.128209083374453
"10 items, lambda = 1","i10_l1",5,-0.166666666666667,1.58,0.851531877789286,0.126425338897939
"10 items, lambda = 1","i10_l1",5,-0.166666666666667,1.6,0.854042648556196,0.124653803003314
"10 items, lambda = 1","i10_l1",5,-0.166666666666667,1.62,0.856518113696613,0.122894834606209
"10 items, lambda = 1","i10_l1",5,-0.166666666666667,1.64,0.858958528004025,0.121148775173183
"10 items, lambda = 1","i10_l1",5,-0.166666666666667,1.66,0.861364152928887,0.119415948977988
"10 items, lambda = 1","i10_l1",5,-0.166666666666667,1.68,0.863735256237425,0.117696663369895
"10 items, lambda = 1","i10_l1",5,-0.166666666666667,1.7,0.866072111675926,0.115991209053128
"10 items, lambda = 1","i10_l1",5,-0.166666666666667,1.72,0.868374998640719,0.114299860376451
"10 items, lambda = 1","i10_l1",5,-0.166666666666667,1.74,0.870644201854032,0.112622875631987
"10 items, lambda = 1","i10_l1",5,-0.166666666666667,1.76,0.872880011045928,0.110960497362389
"10 items, lambda = 1","i10_l1",5,-0.166666666666667,1.78,0.875082720642438,0.109312952675467
"10 items, lambda = 1","i10_l1",5,-0.166666666666667,1.8,0.877252629460078,0.107680453565457
"10 items, lambda = 1","i10_l1",5,-0.166666666666667,1.82,0.879390040406833,0.106063197240102
"10 items, lambda = 1","i10_l1",5,-0.166666666666667,1.84,0.88149526018974,0.104461366452763
"10 items, lambda = 1","i10_l1",5,-0.166666666666667,1.86,0.883568599029161,0.102875129838807
"10 items, lambda = 1","i10_l1",5,-0.166666666666667,1.88,0.885610370379816,0.101304642255541
"10 items, lambda = 1","i10_l1",5,-0.166666666666667,1.9,0.887620890658643,0.099750045125
"10 items, lambda = 1","i10_l1",5,-0.166666666666667,1.92,0.889600478979544,0.0982114667789098
"10 items, lambda = 1","i10_l1",5,-0.166666666666667,1.94,0.891549456895037,0.0966890228052015
"10 items, lambda = 1","i10_l1",5,-0.166666666666667,1.96,0.893468148144856,0.0951828163954576
"10 items, lambda = 1","i10_l1",5,-0.166666666666667,1.98,0.895356878411502,0.0936929386927127
"10 items, lambda = 1","i10_l1",5,-0.166666666666667,2,0.897215975082748,0.0922194691390615
"10 items, lambda = 1","i10_l1",5,-0.166666666666667,2.02,0.899045767021092,0.0907624758225486
"10 items, lambda = 1","i10_l1",5,-0.166666666666667,2.04,0.900846584340132,0.0893220158228493
"10 items, lambda = 1","i10_l1",5,-0.166666666666667,2.06,0.902618758187847,0.0878981355552759
"10 items, lambda = 1","i10_l1",5,-0.166666666666667,2.08,0.904362620536728,0.0864908711126701
"10 items, lambda = 1","i10_l1",5,-0.166666666666667,2.1,0.906078503980729,0.0851002486047732
"10 items, lambda = 1","i10_l1",5,-0.166666666666667,2.12,0.907766741538974,0.0837262844946876
"10 items, lambda = 1","i10_l1",5,-0.166666666666667,2.14,0.909427666466163,0.0823689859320727
"10 items, lambda = 1","i10_l1",5,-0.166666666666667,2.16,0.911061612069603,0.0810283510827396
"10 items, lambda = 1","i10_l1",5,-0.166666666666667,2.18,0.912668911532797,0.0797043694543362
"10 items, lambda = 1","i10_l1",5,-0.166666666666667,2.2,0.914249897745504,0.0783970222178394
"10 items, lambda = 1","i10_l1",5,-0.166666666666667,2.22,0.915804903140179,0.0771062825245867
"10 items, lambda = 1","i10_l1",5,-0.166666666666667,2.24,0.917334259534714,0.0758321158186122
"10 items, lambda = 1","i10_l1",5,-0.166666666666667,2.26,0.918838297981376,0.0745744801440639
"10 items, lambda = 1","i10_l1",5,-0.166666666666667,2.28,0.920317348621841,0.073333326447506
"10 items, lambda = 1","i10_l1",5,-0.166666666666667,2.3,0.921771740548216,0.0721085988749283
"10 items, lambda = 1","i10_l1",5,-0.166666666666667,2.32,0.92320180166996,0.0709002350632997
"10 items, lambda = 1","i10_l1",5,-0.166666666666667,2.34,0.924607858586567,0.0697081664265295
"10 items, lambda = 1","i10_l1",5,-0.166666666666667,2.36,0.925990236465921,0.068532318435709
"10 items, lambda = 1","i10_l1",5,-0.166666666666667,2.38,0.927349258928187,0.0673726108935297
"10 items, lambda = 1","i10_l1",5,-0.166666666666667,2.4,0.928685247935146,0.0662289582027824
"10 items, lambda = 1","i10_l1",5,-0.166666666666667,2.42,0.929998523684828,0.0651012696288683
"10 items, lambda = 1","i10_l1",5,-0.166666666666667,2.44,0.931289404511338,0.0639894495562553
"10 items, lambda = 1","i10_l1",5,-0.166666666666667,2.46,0.932558206789754,0.0628933977388323
"10 items, lambda = 1","i10_l1",5,-0.166666666666667,2.48,0.933805244845965,0.0618130095441325
"10 items, lambda = 1","i10_l1",5,-0.166666666666667,2.5,0.935030830871336,0.0607481761913951
"10 items, lambda = 1","i10_l1",5,-0.166666666666667,2.52,0.936235274842073,0.0596987849834614
"10 items, lambda = 1","i10_l1",5,-0.166666666666667,2.54,0.937418884443159,0.0586647195325025
"10 items, lambda = 1","i10_l1",5,-0.166666666666667,2.56,0.93858196499675,0.0576458599795894
"10 items, lambda = 1","i10_l1",5,-0.166666666666667,2.58,0.939724819394896,0.0566420832081259
"10 items, lambda = 1","i10_l1",5,-0.166666666666667,2.6,0.940847748036472,0.0556532630511717
"10 items, lambda = 1","i10_l1",5,-0.166666666666667,2.62,0.94195104876819,0.0546792704926974
"10 items, lambda = 1","i10_l1",5,-0.166666666666667,2.64,0.943035016829584,0.05371997386281
"10 items, lambda = 1","i10_l1",5,-0.166666666666667,2.66,0.944099944801836,0.0527752390270065
"10 items, lambda = 1","i10_l1",5,-0.166666666666667,2.68,0.94514612256032,0.0518449295695121
"10 items, lambda = 1","i10_l1",5,-0.166666666666667,2.7,0.94617383723077,0.05092890697077
"10 items, lambda = 1","i10_l1",5,-0.166666666666667,2.72,0.947183373148925,0.0500270307791497
"10 items, lambda = 1","i10_l1",5,-0.166666666666667,2.74,0.948175011823556,0.0491391587769555
"10 items, lambda = 1","i10_l1",5,-0.166666666666667,2.76,0.949149031902765,0.0482651471408087
"10 items, lambda = 1","i10_l1",5,-0.166666666666667,2.78,0.950105709143423,0.0474048505964963
"10 items, lambda = 1","i10_l1",5,-0.166666666666667,2.8,0.951045316383657,0.046558122568367
"10 items, lambda = 1","i10_l1",5,-0.166666666666667,2.82,0.951968123518272,0.0457248153233724
"10 items, lambda = 1","i10_l1",5,-0.166666666666667,2.84,0.952874397476998,0.044904780109846
"10 items, lambda = 1","i10_l1",5,-0.166666666666667,2.86,0.953764402205465,0.0440978672911168
"10 items, lambda = 1","i10_l1",5,-0.166666666666667,2.88,0.954638398648794,0.04330392647406
"10 items, lambda = 1","i10_l1",5,-0.166666666666667,2.9,0.955496644737713,0.0425228066326857
"10 items, lambda = 1","i10_l1",5,-0.166666666666667,2.92,0.956339395377094,0.0417543562268681
"10 items, lambda = 1","i10_l1",5,-0.166666666666667,2.94,0.957166902436821,0.0409984233163224
"10 items, lambda = 1","i10_l1",5,-0.166666666666667,2.96,0.957979414744883,0.0402548556699346
"10 items, lambda = 1","i10_l1",5,-0.166666666666667,2.98,0.958777178082617,0.0395235008705508
"10 items, lambda = 1","i10_l1",5,-0.166666666666667,3,0.959560435181997,0.0388042064153338
"10 items, lambda = 1","i10_l1",5,-0.166666666666667,3.02,0.960329425724886,0.0380968198117971
"10 items, lambda = 1","i10_l1",5,-0.166666666666667,3.04,0.961084386344169,0.0374011886696213
"10 items, lambda = 1","i10_l1",5,-0.166666666666667,3.06,0.961825550626682,0.0367171607883619
"10 items, lambda = 1","i10_l1",5,-0.166666666666667,3.08,0.962553149117852,0.0360445842411584
"10 items, lambda = 1","i10_l1",5,-0.166666666666667,3.1,0.96326740932797,0.0353833074545508
"10 items, lambda = 1","i10_l1",5,-0.166666666666667,3.12,0.963968555740033,0.0347331792845083
"10 items, lambda = 1","i10_l1",5,-0.166666666666667,3.14,0.964656809819052,0.0340940490887809
"10 items, lambda = 1","i10_l1",5,-0.166666666666667,3.16,0.965332390022793,0.033465766795675
"10 items, lambda = 1","i10_l1",5,-0.166666666666667,3.18,0.965995511813836,0.0328481829693608
"10 items, lambda = 1","i10_l1",5,-0.166666666666667,3.2,0.966646387672925,0.0322411488718106
"10 items, lambda = 1","i10_l1",5,-0.166666666666667,3.22,0.96728522711351,0.0316445165214756
"10 items, lambda = 1","i10_l1",5,-0.166666666666667,3.24,0.967912236697442,0.0310581387487966
"10 items, lambda = 1","i10_l1",5,-0.166666666666667,3.26,0.968527620051742,0.0304818692486505
"10 items, lambda = 1","i10_l1",5,-0.166666666666667,3.28,0.969131577886384,0.0299155626298318
"10 items, lambda = 1","i10_l1",5,-0.166666666666667,3.3,0.96972430801305,0.0293590744616618
"10 items, lambda = 1","i10_l1",5,-0.166666666666667,3.32,0.97030600536478,0.0288122613178235
"10 items, lambda = 1","i10_l1",5,-0.166666666666667,3.34,0.970876862016478,0.0282749808175145
"10 items, lambda = 1","i10_l1",5,-0.166666666666667,3.36,0.97143706720621,0.0277470916640071
"10 items, lambda = 1","i10_l1",5,-0.166666666666667,3.38,0.97198680735725,0.02722845368071
"10 items, lambda = 1","i10_l1",5,-0.166666666666667,3.4,0.972526266100825,0.0267189278448126
"10 items, lambda = 1","i10_l1",5,-0.166666666666667,3.42,0.973055624299504,0.0262183763186064
"10 items, lambda = 1","i10_l1",5,-0.166666666666667,3.44,0.973575060071201,0.0257266624785586
"10 items, lambda = 1","i10_l1",5,-0.166666666666667,3.46,0.974084748813723,0.0252436509422289
"10 items, lambda = 1","i10_l1",5,-0.166666666666667,3.48,0.974584863229851,0.0247692075931032
"10 items, lambda = 1","i10_l1",5,-0.166666666666667,3.5,0.975075573352886,0.0243031996034267
"10 items, lambda = 1","i10_l1",5,-0.166666666666667,3.52,0.975557046572636,0.0238454954551121
"10 items, lambda = 1","i10_l1",5,-0.166666666666667,3.54,0.976029447661805,0.0233959649587972
"10 items, lambda = 1","i10_l1",5,-0.166666666666667,3.56,0.976492938802743,0.0229544792711258
"10 items, lambda = 1","i10_l1",5,-0.166666666666667,3.58,0.976947679614523,0.0225209109103223
"10 items, lambda = 1","i10_l1",5,-0.166666666666667,3.6,0.977393827180318,0.0220951337701289
"10 items, lambda = 1","i10_l1",5,-0.166666666666667,3.62,0.977831536075032,0.0216770231321753
"10 items, lambda = 1","i10_l1",5,-0.166666666666667,3.64,0.978260958393176,0.0212664556768408
"10 items, lambda = 1","i10_l1",5,-0.166666666666667,3.66,0.978682243776932,0.0208633094926815
"10 items, lambda = 1","i10_l1",5,-0.166666666666667,3.68,0.979095539444407,0.0204674640844731
"10 items, lambda = 1","i10_l1",5,-0.166666666666667,3.7,0.979500990218018,0.0200788003799398
"10 items, lambda = 1","i10_l1",5,-0.166666666666667,3.72,0.979898738553018,0.0196972007352222
"10 items, lambda = 1","i10_l1",5,-0.166666666666667,3.74,0.980288924566099,0.01932254893914
"10 items, lambda = 1","i10_l1",5,-0.166666666666667,3.76,0.980671686064086,0.0189547302163091
"10 items, lambda = 1","i10_l1",5,-0.166666666666667,3.78,0.98104715857267,0.018593631229161
"10 items, lambda = 1","i10_l1",5,-0.166666666666667,3.8,0.981415475365178,0.0182391400789193
"10 items, lambda = 1","i10_l1",5,-0.166666666666667,3.82,0.981776767491353,0.0178911463055831
"10 items, lambda = 1","i10_l1",5,-0.166666666666667,3.84,0.982131163806114,0.0175495408869622
"10 items, lambda = 1","i10_l1",5,-0.166666666666667,3.86,0.982478790998302,0.0172142162368163
"10 items, lambda = 1","i10_l1",5,-0.166666666666667,3.88,0.982819773619372,0.0168850662021384
"10 items, lambda = 1","i10_l1",5,-0.166666666666667,3.9,0.983154234112019,0.0165619860596283
"10 items, lambda = 1","i10_l1",5,-0.166666666666667,3.92,0.983482292838737,0.0162448725113982
"10 items, lambda = 1","i10_l1",5,-0.166666666666667,3.94,0.983804068110273,0.0159336236799507
"10 items, lambda = 1","i10_l1",5,-0.166666666666667,3.96,0.984119676213981,0.0156281391024698
"10 items, lambda = 1","i10_l1",5,-0.166666666666667,3.98,0.984429231442056,0.0153283197244587
"10 items, lambda = 1","i10_l1",5,-0.166666666666667,4,0.984732846119626,0.0150340678927674
"10 items, lambda = 1","i10_l1",6,0.166666666666667,-4,0.0152671538803745,0.0150340678927674
"10 items, lambda = 1","i10_l1",6,0.166666666666667,-3.98,0.0155707685579437,0.0153283197244586
"10 items, lambda = 1","i10_l1",6,0.166666666666667,-3.96,0.0158803237860185,0.0156281391024697
"10 items, lambda = 1","i10_l1",6,0.166666666666667,-3.94,0.0161959318897275,0.0159336236799508
"10 items, lambda = 1","i10_l1",6,0.166666666666667,-3.92,0.0165177071612634,0.0162448725113981
"10 items, lambda = 1","i10_l1",6,0.166666666666667,-3.9,0.0168457658879809,0.0165619860596282
"10 items, lambda = 1","i10_l1",6,0.166666666666667,-3.88,0.017180226380628,0.0168850662021384
"10 items, lambda = 1","i10_l1",6,0.166666666666667,-3.86,0.0175212090016974,0.0172142162368163
"10 items, lambda = 1","i10_l1",6,0.166666666666667,-3.84,0.0178688361938861,0.0175495408869621
"10 items, lambda = 1","i10_l1",6,0.166666666666667,-3.82,0.0182232325086472,0.017891146305583
"10 items, lambda = 1","i10_l1",6,0.166666666666667,-3.8,0.0185845246348217,0.0182391400789194
"10 items, lambda = 1","i10_l1",6,0.166666666666667,-3.78,0.0189528414273305,0.018593631229161
"10 items, lambda = 1","i10_l1",6,0.166666666666667,-3.76,0.0193283139359144,0.0189547302163092
"10 items, lambda = 1","i10_l1",6,0.166666666666667,-3.74,0.019711075433901,0.0193225489391401
"10 items, lambda = 1","i10_l1",6,0.166666666666667,-3.72,0.0201012614469822,0.0196972007352222
"10 items, lambda = 1","i10_l1",6,0.166666666666667,-3.7,0.0204990097819817,0.0200788003799399
"10 items, lambda = 1","i10_l1",6,0.166666666666667,-3.68,0.0209044605555934,0.0204674640844731
"10 items, lambda = 1","i10_l1",6,0.166666666666667,-3.66,0.0213177562230677,0.0208633094926815
"10 items, lambda = 1","i10_l1",6,0.166666666666667,-3.64,0.0217390416068241,0.0212664556768409
"10 items, lambda = 1","i10_l1",6,0.166666666666667,-3.62,0.0221684639249677,0.0216770231321751
"10 items, lambda = 1","i10_l1",6,0.166666666666667,-3.6,0.0226061728196823,0.022095133770129
"10 items, lambda = 1","i10_l1",6,0.166666666666667,-3.58,0.0230523203854769,0.0225209109103223
"10 items, lambda = 1","i10_l1",6,0.166666666666667,-3.56,0.0235070611972575,0.0229544792711259
"10 items, lambda = 1","i10_l1",6,0.166666666666667,-3.54,0.0239705523381954,0.0233959649587972
"10 items, lambda = 1","i10_l1",6,0.166666666666667,-3.52,0.0244429534273644,0.0238454954551121
"10 items, lambda = 1","i10_l1",6,0.166666666666667,-3.5,0.024924426647114,0.0243031996034267
"10 items, lambda = 1","i10_l1",6,0.166666666666667,-3.48,0.0254151367701485,0.0247692075931032
"10 items, lambda = 1","i10_l1",6,0.166666666666667,-3.46,0.0259152511862767,0.0252436509422289
"10 items, lambda = 1","i10_l1",6,0.166666666666667,-3.44,0.0264249399287993,0.0257266624785586
"10 items, lambda = 1","i10_l1",6,0.166666666666667,-3.42,0.0269443757004958,0.0262183763186064
"10 items, lambda = 1","i10_l1",6,0.166666666666667,-3.4,0.0274737338991754,0.0267189278448127
"10 items, lambda = 1","i10_l1",6,0.166666666666667,-3.38,0.0280131926427497,0.0272284536807099
"10 items, lambda = 1","i10_l1",6,0.166666666666667,-3.36,0.0285629327937897,0.0277470916640072
"10 items, lambda = 1","i10_l1",6,0.166666666666667,-3.34,0.0291231379835216,0.0282749808175144
"10 items, lambda = 1","i10_l1",6,0.166666666666667,-3.32,0.02969399463522,0.0288122613178235
"10 items, lambda = 1","i10_l1",6,0.166666666666667,-3.3,0.0302756919869505,0.0293590744616618
"10 items, lambda = 1","i10_l1",6,0.166666666666667,-3.28,0.0308684221136163,0.0299155626298319
"10 items, lambda = 1","i10_l1",6,0.166666666666667,-3.26,0.0314723799482581,0.0304818692486506
"10 items, lambda = 1","i10_l1",6,0.166666666666667,-3.24,0.0320877633025576,0.0310581387487966
"10 items, lambda = 1","i10_l1",6,0.166666666666667,-3.22,0.0327147728864904,0.0316445165214757
"10 items, lambda = 1","i10_l1",6,0.166666666666667,-3.2,0.0333536123270755,0.0322411488718107
"10 items, lambda = 1","i10_l1",6,0.166666666666667,-3.18,0.0340044881861637,0.0328481829693608
"10 items, lambda = 1","i10_l1",6,0.166666666666667,-3.16,0.0346676099772068,0.0334657667956751
"10 items, lambda = 1","i10_l1",6,0.166666666666667,-3.14,0.0353431901809475,0.0340940490887809
"10 items, lambda = 1","i10_l1",6,0.166666666666667,-3.12,0.0360314442599675,0.0347331792845084
"10 items, lambda = 1","i10_l1",6,0.166666666666667,-3.1,0.0367325906720297,0.0353833074545509
"10 items, lambda = 1","i10_l1",6,0.166666666666667,-3.08,0.0374468508821484,0.0360445842411585
"10 items, lambda = 1","i10_l1",6,0.166666666666667,-3.06,0.0381744493733179,0.0367171607883618
"10 items, lambda = 1","i10_l1",6,0.166666666666667,-3.04,0.0389156136558312,0.0374011886696213
"10 items, lambda = 1","i10_l1",6,0.166666666666667,-3.02,0.0396705742751146,0.0380968198117972
"10 items, lambda = 1","i10_l1",6,0.166666666666667,-3,0.0404395648180032,0.0388042064153338
"10 items, lambda = 1","i10_l1",6,0.166666666666667,-2.98,0.041222821917383,0.0395235008705507
"10 items, lambda = 1","i10_l1",6,0.166666666666667,-2.96,0.0420205852551173,0.0402548556699347
"10 items, lambda = 1","i10_l1",6,0.166666666666667,-2.94,0.0428330975631793,0.0409984233163225
"10 items, lambda = 1","i10_l1",6,0.166666666666667,-2.92,0.0436606046229058,0.0417543562268681
"10 items, lambda = 1","i10_l1",6,0.166666666666667,-2.9,0.0445033552622871,0.0425228066326857
"10 items, lambda = 1","i10_l1",6,0.166666666666667,-2.88,0.0453616013512058,0.04330392647406
"10 items, lambda = 1","i10_l1",6,0.166666666666667,-2.86,0.0462355977945348,0.0440978672911168
"10 items, lambda = 1","i10_l1",6,0.166666666666667,-2.84,0.0471256025230021,0.0449047801098461
"10 items, lambda = 1","i10_l1",6,0.166666666666667,-2.82,0.0480318764817286,0.0457248153233725
"10 items, lambda = 1","i10_l1",6,0.166666666666667,-2.8,0.0489546836163433,0.046558122568367
"10 items, lambda = 1","i10_l1",6,0.166666666666667,-2.78,0.0498942908565771,0.0474048505964963
"10 items, lambda = 1","i10_l1",6,0.166666666666667,-2.76,0.0508509680972348,0.0482651471408088
"10 items, lambda = 1","i10_l1",6,0.166666666666667,-2.74,0.051824988176444,0.0491391587769555
"10 items, lambda = 1","i10_l1",6,0.166666666666667,-2.72,0.0528166268510756,0.0500270307791498
"10 items, lambda = 1","i10_l1",6,0.166666666666667,-2.7,0.0538261627692295,0.0509289069707699
"10 items, lambda = 1","i10_l1",6,0.166666666666667,-2.68,0.0548538774396795,0.0518449295695121
"10 items, lambda = 1","i10_l1",6,0.166666666666667,-2.66,0.0559000551981642,0.0527752390270064
"10 items, lambda = 1","i10_l1",6,0.166666666666667,-2.64,0.0569649831704159,0.0537199738628101
"10 items, lambda = 1","i10_l1",6,0.166666666666667,-2.62,0.0580489512318107,0.0546792704926975
"10 items, lambda = 1","i10_l1",6,0.166666666666667,-2.6,0.0591522519635285,0.0556532630511718
"10 items, lambda = 1","i10_l1",6,0.166666666666667,-2.58,0.0602751806051037,0.0566420832081258
"10 items, lambda = 1","i10_l1",6,0.166666666666667,-2.56,0.0614180350032499,0.0576458599795895
"10 items, lambda = 1","i10_l1",6,0.166666666666667,-2.54,0.0625811155568412,0.0586647195325025
"10 items, lambda = 1","i10_l1",6,0.166666666666667,-2.52,0.0637647251579274,0.0596987849834614
"10 items, lambda = 1","i10_l1",6,0.166666666666667,-2.5,0.0649691691286641,0.0607481761913951
"10 items, lambda = 1","i10_l1",6,0.166666666666667,-2.48,0.0661947551540352,0.0618130095441326
"10 items, lambda = 1","i10_l1",6,0.166666666666667,-2.46,0.0674417932102459,0.0628933977388324
"10 items, lambda = 1","i10_l1",6,0.166666666666667,-2.44,0.0687105954886617,0.0639894495562552
"10 items, lambda = 1","i10_l1",6,0.166666666666667,-2.42,0.070001476315172,0.0651012696288684
"10 items, lambda = 1","i10_l1",6,0.166666666666667,-2.4,0.071314752064854,0.0662289582027824
"10 items, lambda = 1","i10_l1",6,0.166666666666667,-2.38,0.0726507410718133,0.0673726108935297
"10 items, lambda = 1","i10_l1",6,0.166666666666667,-2.36,0.0740097635340795,0.0685323184357092
"10 items, lambda = 1","i10_l1",6,0.166666666666667,-2.34,0.0753921414134325,0.0697081664265295
"10 items, lambda = 1","i10_l1",6,0.166666666666667,-2.32,0.0767981983300398,0.0709002350632997
"10 items, lambda = 1","i10_l1",6,0.166666666666667,-2.3,0.078228259451784,0.0721085988749284
"10 items, lambda = 1","i10_l1",6,0.166666666666667,-2.28,0.0796826513781594,0.0733333264475061
"10 items, lambda = 1","i10_l1",6,0.166666666666667,-2.26,0.0811617020186237,0.0745744801440639
"10 items, lambda = 1","i10_l1",6,0.166666666666667,-2.24,0.0826657404652863,0.0758321158186122
"10 items, lambda = 1","i10_l1",6,0.166666666666667,-2.22,0.0841950968598215,0.0771062825245868
"10 items, lambda = 1","i10_l1",6,0.166666666666667,-2.2,0.0857501022544959,0.0783970222178394
"10 items, lambda = 1","i10_l1",6,0.166666666666667,-2.18,0.0873310884672027,0.0797043694543363
"10 items, lambda = 1","i10_l1",6,0.166666666666667,-2.16,0.0889383879303974,0.0810283510827396
"10 items, lambda = 1","i10_l1",6,0.166666666666667,-2.14,0.0905723335338376,0.0823689859320729
"10 items, lambda = 1","i10_l1",6,0.166666666666667,-2.12,0.0922332584610261,0.0837262844946877
"10 items, lambda = 1","i10_l1",6,0.166666666666667,-2.1,0.0939214960192712,0.0851002486047732
"10 items, lambda = 1","i10_l1",6,0.166666666666667,-2.08,0.095637379463272,0.0864908711126701
"10 items, lambda = 1","i10_l1",6,0.166666666666667,-2.06,0.097381241812153,0.087898135555276
"10 items, lambda = 1","i10_l1",6,0.166666666666667,-2.04,0.0991534156598679,0.0893220158228494
"10 items, lambda = 1","i10_l1",6,0.166666666666667,-2.02,0.100954232978908,0.0907624758225486
"10 items, lambda = 1","i10_l1",6,0.166666666666667,-2,0.102784024917252,0.0922194691390615
"10 items, lambda = 1","i10_l1",6,0.166666666666667,-1.98,0.104643121588498,0.0936929386927128
"10 items, lambda = 1","i10_l1",6,0.166666666666667,-1.96,0.106531851855144,0.0951828163954576
"10 items, lambda = 1","i10_l1",6,0.166666666666667,-1.94,0.108450543104963,0.0966890228052016
"10 items, lambda = 1","i10_l1",6,0.166666666666667,-1.92,0.110399521020456,0.0982114667789099
"10 items, lambda = 1","i10_l1",6,0.166666666666667,-1.9,0.112379109341357,0.0997500451250002
"10 items, lambda = 1","i10_l1",6,0.166666666666667,-1.88,0.114389629620184,0.101304642255541
"10 items, lambda = 1","i10_l1",6,0.166666666666667,-1.86,0.116431400970839,0.102875129838807
"10 items, lambda = 1","i10_l1",6,0.166666666666667,-1.84,0.11850473981026,0.104461366452763
"10 items, lambda = 1","i10_l1",6,0.166666666666667,-1.82,0.120609959593167,0.106063197240102
"10 items, lambda = 1","i10_l1",6,0.166666666666667,-1.8,0.122747370539922,0.107680453565457
"10 items, lambda = 1","i10_l1",6,0.166666666666667,-1.78,0.124917279357562,0.109312952675467
"10 items, lambda = 1","i10_l1",6,0.166666666666667,-1.76,0.127119988954073,0.110960497362389
"10 items, lambda = 1","i10_l1",6,0.166666666666667,-1.74,0.129355798145968,0.112622875631987
"10 items, lambda = 1","i10_l1",6,0.166666666666667,-1.72,0.131625001359281,0.11429986037645
"10 items, lambda = 1","i10_l1",6,0.166666666666667,-1.7,0.133927888324074,0.115991209053128
"10 items, lambda = 1","i10_l1",6,0.166666666666667,-1.68,0.136264743762575,0.117696663369895
"10 items, lambda = 1","i10_l1",6,0.166666666666667,-1.66,0.138635847071113,0.119415948977988
"10 items, lambda = 1","i10_l1",6,0.166666666666667,-1.64,0.141041471995975,0.121148775173183
"10 items, lambda = 1","i10_l1",6,0.166666666666667,-1.62,0.143481886303387,0.122894834606209
"10 items, lambda = 1","i10_l1",6,0.166666666666667,-1.6,0.145957351443805,0.124653803003314
"10 items, lambda = 1","i10_l1",6,0.166666666666667,-1.58,0.148468122210715,0.126425338897939
"10 items, lambda = 1","i10_l1",6,0.166666666666667,-1.56,0.1510144463942,0.128209083374453
"10 items, lambda = 1","i10_l1",6,0.166666666666667,-1.54,0.153596564429502,0.130004659824956
"10 items, lambda = 1","i10_l1",6,0.166666666666667,-1.52,0.15621470904086,0.131811673720139
"10 items, lambda = 1","i10_l1",6,0.166666666666667,-1.5,0.158869104880915,0.133629712395252
"10 items, lambda = 1","i10_l1",6,0.166666666666667,-1.48,0.161559968165997,0.135458344852199
"10 items, lambda = 1","i10_l1",6,0.166666666666667,-1.46,0.164287506307619,0.137297121578843
"10 items, lambda = 1","i10_l1",6,0.166666666666667,-1.44,0.167051917540541,0.139145574386569
"10 items, lambda = 1","i10_l1",6,0.166666666666667,-1.42,0.169853390547777,0.141003216267202
"10 items, lambda = 1","i10_l1",6,0.166666666666667,-1.4,0.172692104082945,0.14286954127035
"10 items, lambda = 1","i10_l1",6,0.166666666666667,-1.38,0.175568226590367,0.14474402440228
"10 items, lambda = 1","i10_l1",6,0.166666666666667,-1.36,0.178481915823386,0.1466261215474
"10 items, lambda = 1","i10_l1",6,0.166666666666667,-1.34,0.181433318461338,0.148515269413444
"10 items, lambda = 1","i10_l1",6,0.166666666666667,-1.32,0.184422569725673,0.150410885501452
"10 items, lambda = 1","i10_l1",6,0.166666666666667,-1.3,0.187449792995741,0.152312368101595
"10 items, lambda = 1","i10_l1",6,0.166666666666667,-1.28,0.190515099424752,0.154219096315929
"10 items, lambda = 1","i10_l1",6,0.166666666666667,-1.26,0.193618587556473,0.15613043010911
"10 items, lambda = 1","i10_l1",6,0.166666666666667,-1.24,0.196760342943233,0.158045710388094
"10 items, lambda = 1","i10_l1",6,0.166666666666667,-1.22,0.199940437765809,0.159964259111826
"10 items, lambda = 1","i10_l1",6,0.166666666666667,-1.2,0.203158930455823,0.161885379431869
"10 items, lambda = 1","i10_l1",6,0.166666666666667,-1.18,0.206415865321267,0.163808355864939
"10 items, lambda = 1","i10_l1",6,0.166666666666667,-1.16,0.209711272175799,0.165732454498207
"10 items, lambda = 1","i10_l1",6,0.166666666666667,-1.14,0.213045165972489,0.167656923228244
"10 items, lambda = 1","i10_l1",6,0.166666666666667,-1.12,0.216417546442683,0.169580992034412
"10 items, lambda = 1","i10_l1",6,0.166666666666667,-1.1,0.219828397740683,0.171503873287447
"10 items, lambda = 1","i10_l1",6,0.166666666666667,-1.08,0.223277688094957,0.173424762093928
"10 items, lambda = 1","i10_l1",6,0.166666666666667,-1.06,0.226765369466612,0.175342836677283
"10 items, lambda = 1","i10_l1",6,0.166666666666667,-1.04,0.230291377215842,0.177257258795873
"10 items, lambda = 1","i10_l1",6,0.166666666666667,-1.02,0.233855629777124,0.179167174198669
"10 items, lambda = 1","i10_l1",6,0.166666666666667,-1,0.237458028343903,0.181071713118929
"10 items, lambda = 1","i10_l1",6,0.166666666666667,-0.98,0.241098456563532,0.182969990806215
"10 items, lambda = 1","i10_l1",6,0.166666666666667,-0.96,0.244776780243243,0.184861108096994
"10 items, lambda = 1","i10_l1",6,0.166666666666667,-0.94,0.248492847067911,0.186744152023995
"10 items, lambda = 1","i10_l1",6,0.166666666666667,-0.92,0.252246486330397,0.188618196464366
"10 items, lambda = 1","i10_l1",6,0.166666666666667,-0.9,0.256037508675242,0.190482302826617
"10 items, lambda = 1","i10_l1",6,0.166666666666667,-0.88,0.259865705856485,0.192335520776196
"10 items, lambda = 1","i10_l1",6,0.166666666666667,-0.86,0.263730850510377,0.19417688899945
"10 items, lambda = 1","i10_l1",6,0.166666666666667,-0.84,0.267632695943758,0.196005436005634
"10 items, lambda = 1","i10_l1",6,0.166666666666667,-0.82,0.271570975938848,0.19782018096647
"10 items, lambda = 1","i10_l1",6,0.166666666666667,-0.8,0.275545404575198,0.199620134592688
"10 items, lambda = 1","i10_l1",6,0.166666666666667,-0.78,0.279555676069543,0.201404300046844
"10 items, lambda = 1","i10_l1",6,0.166666666666667,-0.76,0.283601464634258,0.203171673891562
"10 items, lambda = 1","i10_l1",6,0.166666666666667,-0.74,0.287682424355135,0.204921247072287
"10 items, lambda = 1","i10_l1",6,0.166666666666667,-0.72,0.291798189089143,0.20665200593344
"10 items, lambda = 1","i10_l1",6,0.166666666666667,-0.7,0.295948372382838,0.208362933266787
"10 items, lambda = 1","i10_l1",6,0.166666666666667,-0.68,0.300132567412055,0.210053009390703
"10 items, lambda = 1","i10_l1",6,0.166666666666667,-0.66,0.304350346943479,0.211721213258863
"10 items, lambda = 1","i10_l1",6,0.166666666666667,-0.64,0.308601263318668,0.21336652359679
"10 items, lambda = 1","i10_l1",6,0.166666666666667,-0.62,0.312884848461078,0.214987920064566
"10 items, lambda = 1","i10_l1",6,0.166666666666667,-0.6,0.317200613906587,0.216584384443872
"10 items, lambda = 1","i10_l1",6,0.166666666666667,-0.58,0.321548050857982,0.218154901847415
"10 items, lambda = 1","i10_l1",6,0.166666666666667,-0.56,0.325926630263845,0.2196984619487
"10 items, lambda = 1","i10_l1",6,0.166666666666667,-0.54,0.330335802922225,0.221214060229954
"10 items, lambda = 1","i10_l1",6,0.166666666666667,-0.52,0.33477499960942,0.222700699245933
"10 items, lambda = 1","i10_l1",6,0.166666666666667,-0.5,0.339243631234183,0.224157389901229
"10 items, lambda = 1","i10_l1",6,0.166666666666667,-0.48,0.343741089017586,0.22558315273859
"10 items, lambda = 1","i10_l1",6,0.166666666666667,-0.46,0.348266744698739,0.226977019235682
"10 items, lambda = 1","i10_l1",6,0.166666666666667,-0.44,0.352819950766503,0.228338033107625
"10 items, lambda = 1","i10_l1",6,0.166666666666667,-0.42,0.357400040717297,0.229665251612572
"10 items, lambda = 1","i10_l1",6,0.166666666666667,-0.4,0.362006329339016,0.230957746857508
"10 items, lambda = 1","i10_l1",6,0.166666666666667,-0.38,0.366638113021046,0.232214607101413
"10 items, lambda = 1","i10_l1",6,0.166666666666667,-0.36,0.371294670090292,0.233434938052833
"10 items, lambda = 1","i10_l1",6,0.166666666666667,-0.34,0.375975261173075,0.234617864158913
"10 items, lambda = 1","i10_l1",6,0.166666666666667,-0.32,0.380679129582705,0.235762529882859
"10 items, lambda = 1","i10_l1",6,0.166666666666667,-0.3,0.38540550173245,0.236868100966809
"10 items, lambda = 1","i10_l1",6,0.166666666666667,-0.28,0.390153587573608,0.237933765677051
"10 items, lambda = 1","i10_l1",6,0.166666666666667,-0.26,0.394922581058263,0.238958736028543
"10 items, lambda = 1","i10_l1",6,0.166666666666667,-0.24,0.399711660626314,0.239942248985668
"10 items, lambda = 1","i10_l1",6,0.166666666666667,-0.22,0.404519989716252,0.240883567636215
"10 items, lambda = 1","i10_l1",6,0.166666666666667,-0.2,0.409346717299114,0.241781982335553
"10 items, lambda = 1","i10_l1",6,0.166666666666667,-0.18,0.414190978435015,0.24263681181806
"10 items, lambda = 1","i10_l1",6,0.166666666666667,-0.16,0.419051894851542,0.243447404272874
"10 items, lambda = 1","i10_l1",6,0.166666666666667,-0.14,0.423928575543288,0.244213138381127
"10 items, lambda = 1","i10_l1",6,0.166666666666667,-0.12,0.428820117391726,0.244933424311872
"10 items, lambda = 1","i10_l1",6,0.166666666666667,-0.1,0.433725605804561,0.245607704674028
"10 items, lambda = 1","i10_l1",6,0.166666666666667,-0.0800000000000001,0.438644115373656,0.246235455421719
"10 items, lambda = 1","i10_l1",6,0.166666666666667,-0.06,0.44357471055059,0.24681618671055
"10 items, lambda = 1","i10_l1",6,0.166666666666667,-0.04,0.448516446338817,0.247349443702416
"10 items, lambda = 1","i10_l1",6,0.166666666666667,-0.02,0.4534683690014,0.24783480731661
"10 items, lambda = 1","i10_l1",6,0.166666666666667,0,0.4584295167832,0.248271894925122
"10 items, lambda = 1","i10_l1",6,0.166666666666667,0.0200000000000005,0.463398920646409,0.248660360990152
"10 items, lambda = 1","i10_l1",6,0.166666666666667,0.04,0.468375605018231,0.248999897642037
"10 items, lambda = 1","i10_l1",6,0.166666666666667,0.0600000000000005,0.473358588549516,0.249290235195926
"10 items, lambda = 1","i10_l1",6,0.166666666666667,0.0800000000000001,0.4783468848831,0.249531142605734
"10 items, lambda = 1","i10_l1",6,0.166666666666667,0.0999999999999996,0.483339503430588,0.249722427854061
"10 items, lambda = 1","i10_l1",6,0.166666666666667,0.12,0.488335450156288,0.249863938276944
"10 items, lambda = 1","i10_l1",6,0.166666666666667,0.14,0.49333372836697,0.249955560822515
"10 items, lambda = 1","i10_l1",6,0.166666666666667,0.16,0.498333339506146,0.249997222242798
"10 items, lambda = 1","i10_l1",6,0.166666666666667,0.18,0.503333283951495,0.249988889218099
"10 items, lambda = 1","i10_l1",6,0.166666666666667,0.2,0.508332561814119,0.249930568413614
"10 items, lambda = 1","i10_l1",6,0.166666666666667,0.22,0.513330173738232,0.249822306468109
"10 items, lambda = 1","i10_l1",6,0.166666666666667,0.24,0.518325121699956,0.249664189914682
"10 items, lambda = 1","i10_l1",6,0.166666666666667,0.26,0.52331640980385,0.249456345033859
"10 items, lambda = 1","i10_l1",6,0.166666666666667,0.28,0.528303045075829,0.249198937639436
"10 items, lambda = 1","i10_l1",6,0.166666666666667,0.3,0.533284038251131,0.248892172797697
"10 items, lambda = 1","i10_l1",6,0.166666666666667,0.32,0.538258404556013,0.248536294480828
"10 items, lambda = 1","i10_l1",6,0.166666666666667,0.34,0.543225164481858,0.248131585155516
"10 items, lambda = 1","i10_l1",6,0.166666666666667,0.36,0.548183344550421,0.247678365307935
"10 items, lambda = 1","i10_l1",6,0.166666666666667,0.38,0.553131978068951,0.24717699290648
"10 items, lambda = 1","i10_l1",6,0.166666666666667,0.4,0.558070105873953,0.246627862803788
"10 items, lambda = 1","i10_l1",6,0.166666666666667,0.42,0.5629967770624,0.24603140607975
"10 items, lambda = 1","i10_l1",6,0.166666666666667,0.44,0.567911049709232,0.24538808932739
"10 items, lambda = 1","i10_l1",6,0.166666666666667,0.46,0.572811991570014,0.244698413883608
"10 items, lambda = 1","i10_l1",6,0.166666666666667,0.48,0.577698680767679,0.243962915006962
"10 items, lambda = 1","i10_l1",6,0.166666666666667,0.5,0.582570206462315,0.243182161004771
"10 items, lambda = 1","i10_l1",6,0.166666666666667,0.52,0.587425669503006,0.242356752311951
"10 items, lambda = 1","i10_l1",6,0.166666666666667,0.54,0.592264183060792,0.241487320524125
"10 items, lambda = 1","i10_l1",6,0.166666666666667,0.56,0.597084873241846,0.240574527387615
"10 items, lambda = 1","i10_l1",6,0.166666666666667,0.58,0.601886879680057,0.239619063749062
"10 items, lambda = 1","i10_l1",6,0.166666666666667,0.6,0.606669356108212,0.23862164846746
"10 items, lambda = 1","i10_l1",6,0.166666666666667,0.62,0.611431470907073,0.237583027291486
"10 items, lambda = 1","i10_l1",6,0.166666666666667,0.64,0.616172407631678,0.236503971705059
"10 items, lambda = 1","i10_l1",6,0.166666666666667,0.66,0.620891365514257,0.235385277744098
"10 items, lambda = 1","i10_l1",6,0.166666666666667,0.68,0.625587559943223,0.234227764787507
"10 items, lambda = 1","i10_l1",6,0.166666666666667,0.7,0.630260222917751,0.233032274325418
"10 items, lambda = 1","i10_l1",6,0.166666666666667,0.72,0.634908603477516,0.231799668707746
"10 items, lambda = 1","i10_l1",6,0.166666666666667,0.74,0.639531968107232,0.230530829876122
"10 items, lambda = 1","i10_l1",6,0.166666666666667,0.76,0.644129601115697,0.22922665808223
"10 items, lambda = 1","i10_l1",6,0.166666666666667,0.78,0.648700804989077,0.2278880705956
"10 items, lambda = 1","i10_l1",6,0.166666666666667,0.8,0.653244900718283,0.226516000403843
"10 items, lambda = 1","i10_l1",6,0.166666666666667,0.82,0.657761228100293,0.225111394908287
"10 items, lambda = 1","i10_l1",6,0.166666666666667,0.84,0.66224914601336,0.223675214617935
"10 items, lambda = 1","i10_l1",6,0.166666666666667,0.86,0.666708032666123,0.222208431844591
"10 items, lambda = 1","i10_l1",6,0.166666666666667,0.88,0.671137285820636,0.220712029401946
"10 items, lambda = 1","i10_l1",6,0.166666666666667,0.9,0.675536322989454,0.219186999311342
"10 items, lambda = 1","i10_l1",6,0.166666666666667,0.92,0.67990458160692,0.217634341516839
"10 items, lambda = 1","i10_l1",6,0.166666666666667,0.94,0.684241519174862,0.216055062612139
"10 items, lambda = 1","i10_l1",6,0.166666666666667,0.96,0.68854661338298,0.214450174581809
"10 items, lambda = 1","i10_l1",6,0.166666666666667,0.98,0.692819362204203,0.212820693559164
"10 items, lambda = 1","i10_l1",6,0.166666666666667,1,0.697059283965407,0.211167638603041
"10 items, lambda = 1","i10_l1",6,0.166666666666667,1.02,0.701265917393862,0.209492030495607
"10 items, lambda = 1","i10_l1",6,0.166666666666667,1.04,0.705438821639868,0.207794890563222
"10 items, lambda = 1","i10_l1",6,0.166666666666667,1.06,0.709577576276054,0.206077239522255
"10 items, lambda = 1","i10_l1",6,0.166666666666667,1.08,0.713681781273858,0.204340096351631
"10 items, lambda = 1","i10_l1",6,0.166666666666667,1.1,0.71775105695774,0.202584477193787
"10 items, lambda = 1","i10_l1",6,0.166666666666667,1.12,0.721785043937707,0.20081139428555
"10 items, lambda = 1","i10_l1",6,0.166666666666667,1.14,0.725783403020772,0.19902185492036
"10 items, lambda = 1","i10_l1",6,0.166666666666667,1.16,0.72974581510198,0.197216860443127
"10 items, lambda = 1","i10_l1",6,0.166666666666667,1.18,0.733671981035663,0.195397405278869
"10 items, lambda = 1","i10_l1",6,0.166666666666667,1.2,0.737561621487625,0.19356447599617
"10 items, lambda = 1","i10_l1",6,0.166666666666667,1.22,0.741414476768935,0.191719050406381
"10 items, lambda = 1","i10_l1",6,0.166666666666667,1.24,0.745230306652088,0.189862096699323
"10 items, lambda = 1","i10_l1",6,0.166666666666667,1.26,0.749008890170233,0.187994572616189
"10 items, lambda = 1","i10_l1",6,0.166666666666667,1.28,0.752750025400248,0.186117424660174
"10 items, lambda = 1","i10_l1",6,0.166666666666667,1.3,0.756453529230404,0.18423158734527
"10 items, lambda = 1","i10_l1",6,0.166666666666667,1.32,0.760119237113387,0.182337982483549
"10 items, lambda = 1","i10_l1",6,0.166666666666667,1.34,0.763747002805456,0.180437518511139
"10 items, lambda = 1","i10_l1",6,0.166666666666667,1.36,0.767336698092508,0.178531089852995
"10 items, lambda = 1","i10_l1",6,0.166666666666667,1.38,0.770888212503825,0.176619576326483
"10 items, lambda = 1","i10_l1",6,0.166666666666667,1.4,0.774401453014279,0.174703842583653
"10 items, lambda = 1","i10_l1",6,0.166666666666667,1.42,0.777876343735772,0.172784737592039
"10 items, lambda = 1","i10_l1",6,0.166666666666667,1.44,0.781312825598674,0.17086309415369
"10 items, lambda = 1","i10_l1",6,0.166666666666667,1.46,0.784710856024013,0.168939728462074
"10 items, lambda = 1","i10_l1",6,0.166666666666667,1.48,0.788070408587194,0.167015439696407
"10 items, lambda = 1","i10_l1",6,0.166666666666667,1.5,0.791391472673955,0.165091009652904
"10 items, lambda = 1","i10_l1",6,0.166666666666667,1.52,0.794674053129333,0.163167202412331
"10 items, lambda = 1","i10_l1",6,0.166666666666667,1.54,0.79791816990032,0.161244764043244
"10 items, lambda = 1","i10_l1",6,0.166666666666667,1.56,0.801123857672948,0.159324422340162
"10 items, lambda = 1","i10_l1",6,0.166666666666667,1.58,0.804291165504474,0.157406886595929
"10 items, lambda = 1","i10_l1",6,0.166666666666667,1.6,0.807420156451349,0.155492847407428
"10 items, lambda = 1","i10_l1",6,0.166666666666667,1.62,0.810510907193624,0.153582976513792
"10 items, lambda = 1","i10_l1",6,0.166666666666667,1.64,0.813563507656449,0.151677926666184
"10 items, lambda = 1","i10_l1",6,0.166666666666667,1.66,0.81657806062926,0.149778331528216
"10 items, lambda = 1","i10_l1",6,0.166666666666667,1.68,0.819554681383284,0.147884805606028
"10 items, lambda = 1","i10_l1",6,0.166666666666667,1.7,0.822493497287926,0.145997944207002
"10 items, lambda = 1","i10_l1",6,0.166666666666667,1.72,0.825394647426619,0.144118323426107
"10 items, lambda = 1","i10_l1",6,0.166666666666667,1.74,0.828258282212653,0.142246500158798
"10 items, lambda = 1","i10_l1",6,0.166666666666667,1.76,0.831084563005535,0.140383012139434
"10 items, lambda = 1","i10_l1",6,0.166666666666667,1.78,0.833873661728349,0.138528378004104
"10 items, lambda = 1","i10_l1",6,0.166666666666667,1.8,0.83662576048662,0.136683097376804
"10 items, lambda = 1","i10_l1",6,0.166666666666667,1.82,0.839341051189117,0.134847650977865
"10 items, lambda = 1","i10_l1",6,0.166666666666667,1.84,0.842019735171039,0.133022500753533
"10 items, lambda = 1","i10_l1",6,0.166666666666667,1.86,0.844662022820002,0.131208090025624
"10 items, lambda = 1","i10_l1",6,0.166666666666667,1.88,0.847268133205207,0.129404843660171
"10 items, lambda = 1","i10_l1",6,0.166666666666667,1.9,0.849838293710153,0.127613168253969
"10 items, lambda = 1","i10_l1",6,0.166666666666667,1.92,0.852372739669267,0.125833452337975
"10 items, lambda = 1","i10_l1",6,0.166666666666667,1.94,0.85487171400875,0.124066066596492
"10 items, lambda = 1","i10_l1",6,0.166666666666667,1.96,0.85733546689196,0.122311364101105
"10 items, lambda = 1","i10_l1",6,0.166666666666667,1.98,0.859764255369613,0.120569680558348
"10 items, lambda = 1","i10_l1",6,0.166666666666667,2,0.862158343035064,0.118841334570097
"10 items, lambda = 1","i10_l1",6,0.166666666666667,2.02,0.86451799968492,0.117126627905705
"10 items, lambda = 1","i10_l1",6,0.166666666666667,2.04,0.866843500985196,0.115425845784924
"10 items, lambda = 1","i10_l1",6,0.166666666666667,2.06,0.86913512814324,0.113739257170674
"10 items, lambda = 1","i10_l1",6,0.166666666666667,2.08,0.871393167585595,0.112067115070738
"10 items, lambda = 1","i10_l1",6,0.166666666666667,2.1,0.873617910641987,0.110409656847516
"10 items, lambda = 1","i10_l1",6,0.166666666666667,2.12,0.875809653235568,0.108767104534962
"10 items, lambda = 1","i10_l1",6,0.166666666666667,2.14,0.877968695579577,0.107139665161873
"10 items, lambda = 1","i10_l1",6,0.166666666666667,2.16,0.88009534188051,0.105527531080738
"10 items, lambda = 1","i10_l1",6,0.166666666666667,2.18,0.88218990004793,0.103930880301353
"10 items, lambda = 1","i10_l1",6,0.166666666666667,2.2,0.884252681410978,0.102349876828474
"10 items, lambda = 1","i10_l1",6,0.166666666666667,2.22,0.886284000441677,0.100784671002774
"10 items, lambda = 1","i10_l1",6,0.166666666666667,2.24,0.888284174485088,0.0992353998444338
"10 items, lambda = 1","i10_l1",6,0.166666666666667,2.26,0.890253523496345,0.0977021873986878
"10 items, lambda = 1","i10_l1",6,0.166666666666667,2.28,0.89219236978463,0.0961851450827163
"10 items, lambda = 1","i10_l1",6,0.166666666666667,2.3,0.894101037764082,0.0946843720332734
"10 items, lambda = 1","i10_l1",6,0.166666666666667,2.32,0.895979853711673,0.0931999554544824
"10 items, lambda = 1","i10_l1",6,0.166666666666667,2.34,0.897829145532023,0.0917319709652607
"10 items, lambda = 1","i10_l1",6,0.166666666666667,2.36,0.899649242529169,0.0902804829458612
"10 items, lambda = 1","i10_l1",6,0.166666666666667,2.38,0.901440475185245,0.0888455448830444
"10 items, lambda = 1","i10_l1",6,0.166666666666667,2.4,0.903203174946048,0.0874271997134268
"10 items, lambda = 1","i10_l1",6,0.166666666666667,2.42,0.904937674013448,0.0860254801645788
"10 items, lambda = 1","i10_l1",6,0.166666666666667,2.44,0.906644305144601,0.0846404090934644
"10 items, lambda = 1","i10_l1",6,0.166666666666667,2.46,0.908323401457895,0.083271999821855
"10 items, lambda = 1","i10_l1",6,0.166666666666667,2.48,0.909975296245568,0.0819202564683586
"10 items, lambda = 1","i10_l1",6,0.166666666666667,2.5,0.911600322792942,0.0805851742767462
"10 items, lambda = 1","i10_l1",6,0.166666666666667,2.52,0.913198814204168,0.0792667399402695
"10 items, lambda = 1","i10_l1",6,0.166666666666667,2.54,0.91477110323443,0.0779649319216934
"10 items, lambda = 1","i10_l1",6,0.166666666666667,2.56,0.916317522128496,0.0766797207687888
"10 items, lambda = 1","i10_l1",6,0.166666666666667,2.58,0.917838402465532,0.0754110694250524
"10 items, lambda = 1","i10_l1",6,0.166666666666667,2.6,0.919334075010081,0.0741589335354397
"10 items, lambda = 1","i10_l1",6,0.166666666666667,2.62,0.920804869569113,0.0729232617469222
"10 items, lambda = 1","i10_l1",6,0.166666666666667,2.64,0.922251114855018,0.0717039960036942
"10 items, lambda = 1","i10_l1",6,0.166666666666667,2.66,0.923673138354465,0.0705010718368784
"10 items, lambda = 1","i10_l1",6,0.166666666666667,2.68,0.925071266202984,0.0693144186485923
"10 items, lambda = 1","i10_l1",6,0.166666666666667,2.7,0.926445823065181,0.0681439599902604
"10 items, lambda = 1","i10_l1",6,0.166666666666667,2.72,0.927797132020462,0.0669896138350677
"10 items, lambda = 1","i10_l1",6,0.166666666666667,2.74,0.929125514454137,0.0658512928444724
"10 items, lambda = 1","i10_l1",6,0.166666666666667,2.76,0.930431289953805,0.0647289046287033
"10 items, lambda = 1","i10_l1",6,0.166666666666667,2.78,0.931714776210884,0.0636223520011864
"10 items, lambda = 1","i10_l1",6,0.166666666666667,2.8,0.932976288927164,0.0625315332268609
"10 items, lambda = 1","i10_l1",6,0.166666666666667,2.82,0.934216141726275,0.0614563422643477
"10 items, lambda = 1","i10_l1",6,0.166666666666667,2.84,0.935434646069925,0.0603966690019588
"10 items, lambda = 1","i10_l1",6,0.166666666666667,2.86,0.93663211117881,0.0593523994875355
"10 items, lambda = 1","i10_l1",6,0.166666666666667,2.88,0.937808843958042,0.0583234161521227
"10 items, lambda = 1","i10_l1",6,0.166666666666667,2.9,0.938965148927008,0.0573095980274897
"10 items, lambda = 1","i10_l1",6,0.166666666666667,2.92,0.940101328153502,0.0563108209575233
"10 items, lambda = 1","i10_l1",6,0.166666666666667,2.94,0.941217681192034,0.0553269578035248
"10 items, lambda = 1","i10_l1",6,0.166666666666667,2.96,0.942314505026178,0.0543578786434472
"10 items, lambda = 1","i10_l1",6,0.166666666666667,2.98,0.943392094014851,0.0534034509651258
"10 items, lambda = 1","i10_l1",6,0.166666666666667,3,0.944450739842388,0.0524635398535538
"10 items, lambda = 1","i10_l1",6,0.166666666666667,3.02,0.945490731472316,0.0515380081722611
"10 items, lambda = 1","i10_l1",6,0.166666666666667,3.04,0.946512355104681,0.0506267167388708
"10 items, lambda = 1","i10_l1",6,0.166666666666667,3.06,0.947515894136847,0.0497295244948984
"10 items, lambda = 1","i10_l1",6,0.166666666666667,3.08,0.948501629127615,0.048846288669875
"10 items, lambda = 1","i10_l1",6,0.166666666666667,3.1,0.949469837764586,0.0479768649398763
"10 items, lambda = 1","i10_l1",6,0.166666666666667,3.12,0.950420794834627,0.0471211075805432
"10 items, lambda = 1","i10_l1",6,0.166666666666667,3.14,0.951354772197345,0.046278869614683
"10 items, lambda = 1","i10_l1",6,0.166666666666667,3.16,0.952272038761468,0.0454500029545449
"10 items, lambda = 1","i10_l1",6,0.166666666666667,3.18,0.95317286046401,0.0446343585388671
"10 items, lambda = 1","i10_l1",6,0.166666666666667,3.2,0.954057500252126,0.043831786464791
"10 items, lambda = 1","i10_l1",6,0.166666666666667,3.22,0.95492621806756,0.0430421361147469
"10 items, lambda = 1","i10_l1",6,0.166666666666667,3.24,0.955779270833579,0.0422652562784109
"10 items, lambda = 1","i10_l1",6,0.166666666666667,3.26,0.956616912444295,0.0415009952698387
"10 items, lambda = 1","i10_l1",6,0.166666666666667,3.28,0.957439393756287,0.0407492010398808
"10 items, lambda = 1","i10_l1",6,0.166666666666667,3.3,0.958246962582418,0.040009721283988
"10 items, lambda = 1","i10_l1",6,0.166666666666667,3.32,0.959039863687774,0.0392824035455097
"10 items, lambda = 1","i10_l1",6,0.166666666666667,3.34,0.959818338787613,0.0385670953146
"10 items, lambda = 1","i10_l1",6,0.166666666666667,3.36,0.960582626547256,0.0378636441228307
"10 items, lambda = 1","i10_l1",6,0.166666666666667,3.38,0.961332962583828,0.0371718976336283
"10 items, lambda = 1","i10_l1",6,0.166666666666667,3.4,0.962069579469763,0.0364917037286368
"10 items, lambda = 1","i10_l1",6,0.166666666666667,3.42,0.962792706737999,0.0358229105901165
"10 items, lambda = 1","i10_l1",6,0.166666666666667,3.44,0.963502570888786,0.0351653667794863
"10 items, lambda = 1","i10_l1",6,0.166666666666667,3.46,0.964199395398017,0.0345189213121157
"10 items, lambda = 1","i10_l1",6,0.166666666666667,3.48,0.96488340072703,0.0338834237284719
"10 items, lambda = 1","i10_l1",6,0.166666666666667,3.5,0.965554804333789,0.0332587241617275
"10 items, lambda = 1","i10_l1",6,0.166666666666667,3.52,0.966213820685386,0.0326446734019351
"10 items, lambda = 1","i10_l1",6,0.166666666666667,3.54,0.966860661271792,0.0320411229568652
"10 items, lambda = 1","i10_l1",6,0.166666666666667,3.56,0.967495534620795,0.0314479251096173
"10 items, lambda = 1","i10_l1",6,0.166666666666667,3.58,0.968118646314052,0.0308649329730993
"10 items, lambda = 1","i10_l1",6,0.166666666666667,3.6,0.968730199004211,0.0302920005414725
"10 items, lambda = 1","i10_l1",6,0.166666666666667,3.62,0.96933039243302,0.0297289827386674
"10 items, lambda = 1","i10_l1",6,0.166666666666667,3.64,0.969919423450386,0.0291757354640566
"10 items, lambda = 1","i10_l1",6,0.166666666666667,3.66,0.97049748603432,0.028632115635385
"10 items, lambda = 1","i10_l1",6,0.166666666666667,3.68,0.971064771311707,0.0280979812290494
"10 items, lambda = 1","i10_l1",6,0.166666666666667,3.7,0.971621467579864,0.0275731913178151
"10 items, lambda = 1","i10_l1",6,0.166666666666667,3.72,0.972167760328824,0.0270576061060625
"10 items, lambda = 1","i10_l1",6,0.166666666666667,3.74,0.972703832264297,0.0265510869626477
"10 items, lambda = 1","i10_l1",6,0.166666666666667,3.76,0.973229863331273,0.0260534964514651
"10 items, lambda = 1","i10_l1",6,0.166666666666667,3.78,0.973746030738208,0.0255646983597932
"10 items, lambda = 1","i10_l1",6,0.166666666666667,3.8,0.974252508981757,0.0250845577245084
"10 items, lambda = 1","i10_l1",6,0.166666666666667,3.82,0.974749469872013,0.0246129408562424
"10 items, lambda = 1","i10_l1",6,0.166666666666667,3.84,0.975237082558205,0.0241497153615659
"10 items, lambda = 1","i10_l1",6,0.166666666666667,3.86,0.975715513554822,0.0236947501632721
"10 items, lambda = 1","i10_l1",6,0.166666666666667,3.88,0.976184926768128,0.0232479155188327
"10 items, lambda = 1","i10_l1",6,0.166666666666667,3.9,0.976645483523023,0.0228090830371037
"10 items, lambda = 1","i10_l1",6,0.166666666666667,3.92,0.977097342590225,0.0223781256933453
"10 items, lambda = 1","i10_l1",6,0.166666666666667,3.94,0.977540660213734,0.0219549178426306
"10 items, lambda = 1","i10_l1",6,0.166666666666667,3.96,0.977975590138551,0.0215393352317042
"10 items, lambda = 1","i10_l1",6,0.166666666666667,3.98,0.978402283638613,0.0211312550093604
"10 items, lambda = 1","i10_l1",6,0.166666666666667,4,0.978820889544932,0.0207305557353996
"10 items, lambda = 1","i10_l1",7,0.5,-4,0.0109869426305932,0.0108662297222252
"10 items, lambda = 1","i10_l1",7,0.5,-3.98,0.0112064063218429,0.0110808227791926
"10 items, lambda = 1","i10_l1",7,0.5,-3.96,0.0114302031264707,0.0112995535829583
"10 items, lambda = 1","i10_l1",7,0.5,-3.94,0.0116584165548331,0.0115224978782671
"10 items, lambda = 1","i10_l1",7,0.5,-3.92,0.011891131644387,0.0117497326326029
"10 items, lambda = 1","i10_l1",7,0.5,-3.9,0.0121284349842742,0.0119813360491065
"10 items, lambda = 1","i10_l1",7,0.5,-3.88,0.0123704147401624,0.0122173875793188
"10 items, lambda = 1","i10_l1",7,0.5,-3.86,0.0126171606793387,0.0124579679357305
"10 items, lambda = 1","i10_l1",7,0.5,-3.84,0.0128687641960525,0.0127031591041189
"10 items, lambda = 1","i10_l1",7,0.5,-3.82,0.0131253183371028,0.0129530443556525
"10 items, lambda = 1","i10_l1",7,0.5,-3.8,0.0133869178276648,0.0132077082587401
"10 items, lambda = 1","i10_l1",7,0.5,-3.78,0.0136536590973509,0.0134672366906042
"10 items, lambda = 1","i10_l1",7,0.5,-3.76,0.0139256403065004,0.0137317168485544
"10 items, lambda = 1","i10_l1",7,0.5,-3.74,0.0142029613726911,0.014001237260937
"10 items, lambda = 1","i10_l1",7,0.5,-3.72,0.0144857239974669,0.0142758877977361
"10 items, lambda = 1","i10_l1",7,0.5,-3.7,0.0147740316932731,0.0145557596807992
"10 items, lambda = 1","i10_l1",7,0.5,-3.68,0.0150679898105928,0.0148409454936607
"10 items, lambda = 1","i10_l1",7,0.5,-3.66,0.0153677055652755,0.0151315391909345
"10 items, lambda = 1","i10_l1",7,0.5,-3.64,0.0156732880660486,0.0154276361072472
"10 items, lambda = 1","i10_l1",7,0.5,-3.62,0.0159848483422026,0.0157293329656794
"10 items, lambda = 1","i10_l1",7,0.5,-3.6,0.0163024993714409,0.0160367278856851
"10 items, lambda = 1","i10_l1",7,0.5,-3.58,0.0166263561078816,0.0163499203904555
"10 items, lambda = 1","i10_l1",7,0.5,-3.56,0.0169565355102008,0.0166690114136921
"10 items, lambda = 1","i10_l1",7,0.5,-3.54,0.0172931565699054,0.0169941033057542
"10 items, lambda = 1","i10_l1",7,0.5,-3.52,0.0176363403397227,0.0173252998391442
"10 items, lambda = 1","i10_l1",7,0.5,-3.5,0.0179862099620916,0.0176627062132911
"10 items, lambda = 1","i10_l1",7,0.5,-3.48,0.0183428906977433,0.0180064290585939
"10 items, lambda = 1","i10_l1",7,0.5,-3.46,0.0187065099543546,0.0183565764396822
"10 items, lambda = 1","i10_l1",7,0.5,-3.44,0.0190771973152582,0.0187132578578529
"10 items, lambda = 1","i10_l1",7,0.5,-3.42,0.019455084568193,0.0190765842526375
"10 items, lambda = 1","i10_l1",7,0.5,-3.4,0.0198403057340775,0.0194466680024558
"10 items, lambda = 1","i10_l1",7,0.5,-3.38,0.0202329970957854,0.0198236229243073
"10 items, lambda = 1","i10_l1",7,0.5,-3.36,0.0206332972269062,0.0202075642724523
"10 items, lambda = 1","i10_l1",7,0.5,-3.34,0.0210413470204683,0.0205986087360325
"10 items, lambda = 1","i10_l1",7,0.5,-3.32,0.0214572897176035,0.0209968744355783
"10 items, lambda = 1","i10_l1",7,0.5,-3.3,0.0218812709361305,0.0214024809183501
"10 items, lambda = 1","i10_l1",7,0.5,-3.28,0.0223134386990322,0.0218155491524568
"10 items, lambda = 1","i10_l1",7,0.5,-3.26,0.022753943462804,0.0222362015196955
"10 items, lambda = 1","i10_l1",7,0.5,-3.24,0.0232029381456441,0.0226645618070535
"10 items, lambda = 1","i10_l1",7,0.5,-3.22,0.0236605781554612,0.0231007551968105
"10 items, lambda = 1","i10_l1",7,0.5,-3.2,0.0241270214176692,0.0235449082551805
"10 items, lambda = 1","i10_l1",7,0.5,-3.18,0.0246024284027394,0.0239971489194275
"10 items, lambda = 1","i10_l1",7,0.5,-3.16,0.0250869621534798,0.0244576064833897
"10 items, lambda = 1","i10_l1",7,0.5,-3.14,0.0255807883120077,0.0249264115813439
"10 items, lambda = 1","i10_l1",7,0.5,-3.12,0.0260840751463829,0.0254036961701408
"10 items, lambda = 1","i10_l1",7,0.5,-3.1,0.0265969935768659,0.025889593509538
"10 items, lambda = 1","i10_l1",7,0.5,-3.08,0.027119717201763,0.0263842381406594
"10 items, lambda = 1","i10_l1",7,0.5,-3.06,0.0276524223228231,0.0268877658625034
"10 items, lambda = 1","i10_l1",7,0.5,-3.04,0.0281952879701426,0.0274003137064233
"10 items, lambda = 1","i10_l1",7,0.5,-3.02,0.02874849592654,0.0279220199085017
"10 items, lambda = 1","i10_l1",7,0.5,-3,0.0293122307513563,0.0284530238797356
"10 items, lambda = 1","i10_l1",7,0.5,-2.98,0.0298866798036362,0.0289934661739512
"10 items, lambda = 1","i10_l1",7,0.5,-2.96,0.0304720332646442,0.0295434884533626
"10 items, lambda = 1","i10_l1",7,0.5,-2.94,0.0310684841596674,0.0301032334516879
"10 items, lambda = 1","i10_l1",7,0.5,-2.92,0.0316762283790564,0.0306728449347343
"10 items, lambda = 1","i10_l1",7,0.5,-2.9,0.0322954646984505,0.0312524676583616
"10 items, lambda = 1","i10_l1",7,0.5,-2.88,0.0329263947981363,0.0318422473237335
"10 items, lambda = 1","i10_l1",7,0.5,-2.86,0.0335692232814825,0.0324423305297605
"10 items, lambda = 1","i10_l1",7,0.5,-2.84,0.0342241576923959,0.0330528647226419
"10 items, lambda = 1","i10_l1",7,0.5,-2.82,0.0348914085317368,0.0336739981424083
"10 items, lambda = 1","i10_l1",7,0.5,-2.8,0.0355711892726362,0.0343058797663665
"10 items, lambda = 1","i10_l1",7,0.5,-2.78,0.0362637163746483,0.0349486592493474
"10 items, lambda = 1","i10_l1",7,0.5,-2.76,0.036969209296677,0.0356024868606555
"10 items, lambda = 1","i10_l1",7,0.5,-2.74,0.0376878905086059,0.0362675134176172
"10 items, lambda = 1","i10_l1",7,0.5,-2.72,0.0384199855015654,0.0369438902156249
"10 items, lambda = 1","i10_l1",7,0.5,-2.7,0.0391657227967644,0.0376317689545714
"10 items, lambda = 1","i10_l1",7,0.5,-2.68,0.0399253339528138,0.0383313016615701
"10 items, lambda = 1","i10_l1",7,0.5,-2.66,0.0406990535714665,0.0390426406098534
"10 items, lambda = 1","i10_l1",7,0.5,-2.64,0.0414871193016959,0.0397659382337427
"10 items, lambda = 1","i10_l1",7,0.5,-2.62,0.0422897718420338,0.0405013470395825
"10 items, lambda = 1","i10_l1",7,0.5,-2.6,0.0431072549410861,0.0412490195125303
"10 items, lambda = 1","i10_l1",7,0.5,-2.58,0.0439398153961413,0.0420091080190943
"10 items, lambda = 1","i10_l1",7,0.5,-2.56,0.0447877030497867,0.0427817647053109
"10 items, lambda = 1","i10_l1",7,0.5,-2.54,0.0456511707844437,0.0435671413904533
"10 items, lambda = 1","i10_l1",7,0.5,-2.52,0.0465304745147315,0.0443653894561654
"10 items, lambda = 1","i10_l1",7,0.5,-2.5,0.0474258731775668,0.0451766597309121
"10 items, lambda = 1","i10_l1",7,0.5,-2.48,0.0483376287199052,0.0460011023696418
"10 items, lambda = 1","i10_l1",7,0.5,-2.46,0.0492660060840267,0.0468388667285553
"10 items, lambda = 1","i10_l1",7,0.5,-2.44,0.0502112731902665,0.047690101234879
"10 items, lambda = 1","i10_l1",7,0.5,-2.42,0.0511737009170917,0.0485549532515397
"10 items, lambda = 1","i10_l1",7,0.5,-2.4,0.0521535630784177,0.0494335689366432
"10 items, lambda = 1","i10_l1",7,0.5,-2.38,0.0531511363980637,0.0503260930976581
"10 items, lambda = 1","i10_l1",7,0.5,-2.36,0.0541667004812361,0.0512326690402121
"10 items, lambda = 1","i10_l1",7,0.5,-2.34,0.0552005377829343,0.0521534384114091
"10 items, lambda = 1","i10_l1",7,0.5,-2.32,0.0562529335731674,0.0530885410375802
"10 items, lambda = 1","i10_l1",7,0.5,-2.3,0.0573241758988688,0.0540381147563843
"10 items, lambda = 1","i10_l1",7,0.5,-2.28,0.0584145555423962,0.0550022952431805
"10 items, lambda = 1","i10_l1",7,0.5,-2.26,0.0595243659765015,0.055981215831597
"10 items, lambda = 1","i10_l1",7,0.5,-2.24,0.0606539033156521,0.0569750073282276
"10 items, lambda = 1","i10_l1",7,0.5,-2.22,0.0618034662635886,0.0579837978213941
"10 items, lambda = 1","i10_l1",7,0.5,-2.2,0.0629733560569965,0.0590077124839152
"10 items, lambda = 1","i10_l1",7,0.5,-2.18,0.064163876405174,0.0600468733698355
"10 items, lambda = 1","i10_l1",7,0.5,-2.16,0.0653753334255726,0.0611013992050678
"10 items, lambda = 1","i10_l1",7,0.5,-2.14,0.0666080355750907,0.0621714051719181
"10 items, lambda = 1","i10_l1",7,0.5,-2.12,0.0678622935769945,0.0632570026874643
"10 items, lambda = 1","i10_l1",7,0.5,-2.1,0.0691384203433468,0.0643582991757735
"10 items, lambda = 1","i10_l1",7,0.5,-2.08,0.0704367308928171,0.0654753978339499
"10 items, lambda = 1","i10_l1",7,0.5,-2.06,0.0717575422637513,0.0666083973920173
"10 items, lambda = 1","i10_l1",7,0.5,-2.04,0.0731011734223782,0.0677573918666496
"10 items, lambda = 1","i10_l1",7,0.5,-2.02,0.0744679451660281,0.0689224703087775
"10 items, lambda = 1","i10_l1",7,0.5,-2,0.0758581800212435,0.0701037165451081
"10 items, lambda = 1","i10_l1",7,0.5,-1.98,0.0772722021366599,0.0713012089136111
"10 items, lambda = 1","i10_l1",7,0.5,-1.96,0.0787103371705352,0.0725150199930359
"10 items, lambda = 1","i10_l1",7,0.5,-1.94,0.0801729121728123,0.0737452163265429
"10 items, lambda = 1","i10_l1",7,0.5,-1.92,0.0816602554615947,0.0749918581395418
"10 items, lambda = 1","i10_l1",7,0.5,-1.9,0.0831726964939224,0.0762549990518522
"10 items, lambda = 1","i10_l1",7,0.5,-1.88,0.0847105657307358,0.0775346857843145
"10 items, lambda = 1","i10_l1",7,0.5,-1.86,0.0862741944959167,0.0788309578599974
"10 items, lambda = 1","i10_l1",7,0.5,-1.84,0.0878639148293013,0.0801438473001705
"10 items, lambda = 1","i10_l1",7,0.5,-1.82,0.0894800593335614,0.0814733783152238
"10 items, lambda = 1","i10_l1",7,0.5,-1.8,0.0911229610148562,0.0828195669907412
"10 items, lambda = 1","i10_l1",7,0.5,-1.78,0.092792953117157,0.0841824209689541
"10 items, lambda = 1","i10_l1",7,0.5,-1.76,0.0944903689501593,0.0855619391258221
"10 items, lambda = 1","i10_l1",7,0.5,-1.74,0.0962155417106929,0.0869581112440108
"10 items, lambda = 1","i10_l1",7,0.5,-1.72,0.097968804297554,0.0883709176820615
"10 items, lambda = 1","i10_l1",7,0.5,-1.7,0.0997504891196852,0.0898003290400687
"10 items, lambda = 1","i10_l1",7,0.5,-1.68,0.101560927897637,0.0912463058222077
"10 items, lambda = 1","i10_l1",7,0.5,-1.66,0.10340045145825,0.0927087980964797
"10 items, lambda = 1","i10_l1",7,0.5,-1.64,0.10526938952251,0.0941877451520679
"10 items, lambda = 1","i10_l1",7,0.5,-1.62,0.107168070486528,0.0956830751547227
"10 items, lambda = 1","i10_l1",7,0.5,-1.6,0.109096821195613,0.0971947048006254
"10 items, lambda = 1","i10_l1",7,0.5,-1.58,0.111055966711408,0.0987225389692023
"10 items, lambda = 1","i10_l1",7,0.5,-1.56,0.113045830072079,0.100266470375394
"10 items, lambda = 1","i10_l1",7,0.5,-1.54,0.11506673204555,0.101826379221907
"10 items, lambda = 1","i10_l1",7,0.5,-1.52,0.117118990875781,0.103402132852019
"10 items, lambda = 1","i10_l1",7,0.5,-1.5,0.119202922022118,0.104993585403507
"10 items, lambda = 1","i10_l1",7,0.5,-1.48,0.121318837891737,0.106600577464335
"10 items, lambda = 1","i10_l1",7,0.5,-1.46,0.123467047565224,0.108222935730751
"10 items, lambda = 1","i10_l1",7,0.5,-1.44,0.125647856515346,0.109860472668445
"10 items, lambda = 1","i10_l1",7,0.5,-1.42,0.127861566319081,0.111512986177512
"10 items, lambda = 1","i10_l1",7,0.5,-1.4,0.130108474362998,0.113180259261931
"10 items, lambda = 1","i10_l1",7,0.5,-1.38,0.132388873542065,0.114862059704328
"10 items, lambda = 1","i10_l1",7,0.5,-1.36,0.134703051952028,0.116558139746837
"10 items, lambda = 1","i10_l1",7,0.5,-1.34,0.13705129257546,0.118268235778855
"10 items, lambda = 1","i10_l1",7,0.5,-1.32,0.13943387296165,0.119992068032565
"10 items, lambda = 1","i10_l1",7,0.5,-1.3,0.141851064900488,0.121729340287085
"10 items, lambda = 1","i10_l1",7,0.5,-1.28,0.144303134090519,0.123479739582173
"10 items, lambda = 1","i10_l1",7,0.5,-1.26,0.146790339801382,0.125242935942377
"10 items, lambda = 1","i10_l1",7,0.5,-1.24,0.149312934530844,0.127018582112632
"10 items, lambda = 1","i10_l1",7,0.5,-1.22,0.151871163656659,0.128806313306232
"10 items, lambda = 1","i10_l1",7,0.5,-1.2,0.154465265083535,0.130605746966208
"10 items, lambda = 1","i10_l1",7,0.5,-1.18,0.157095468885453,0.132416482541112
"10 items, lambda = 1","i10_l1",7,0.5,-1.16,0.159761996943669,0.13423810127624
"10 items, lambda = 1","i10_l1",7,0.5,-1.14,0.162465062580696,0.136070166021347
"10 items, lambda = 1","i10_l1",7,0.5,-1.12,0.165204870190615,0.137912221055917
"10 items, lambda = 1","i10_l1",7,0.5,-1.1,0.167981614866076,0.139763791933061
"10 items, lambda = 1","i10_l1",7,0.5,-1.08,0.170795482022374,0.141624385343119
"10 items, lambda = 1","i10_l1",7,0.5,-1.06,0.173646647019005,0.143493488998062
"10 items, lambda = 1","i10_l1",7,0.5,-1.04,0.176535274779117,0.145370571537778
"10 items, lambda = 1","i10_l1",7,0.5,-1.02,0.179461519407327,0.14725508245934
"10 items, lambda = 1","i10_l1",7,0.5,-1,0.182425523806356,0.149146452070333
"10 items, lambda = 1","i10_l1",7,0.5,-0.98,0.185427419292982,0.151044091467327
"10 items, lambda = 1","i10_l1",7,0.5,-0.96,0.188467325213819,0.152947392540568
"10 items, lambda = 1","i10_l1",7,0.5,-0.94,0.191545348561468,0.154855728005933
"10 items, lambda = 1","i10_l1",7,0.5,-0.92,0.194661583591578,0.156768451465197
"10 items, lambda = 1","i10_l1",7,0.5,-0.9,0.197816111441418,0.158684897495615
"10 items, lambda = 1","i10_l1",7,0.5,-0.88,0.201008999750529,0.160604381769821
"10 items, lambda = 1","i10_l1",7,0.5,-0.86,0.204240302284092,0.162526201206995
"10 items, lambda = 1","i10_l1",7,0.5,-0.84,0.207510058559636,0.164449634156212
"10 items, lambda = 1","i10_l1",7,0.5,-0.82,0.210818293477747,0.166373940612878
"10 items, lambda = 1","i10_l1",7,0.5,-0.8,0.214165016957441,0.16829836246906
"10 items, lambda = 1","i10_l1",7,0.5,-0.78,0.217550223576888,0.170222123798534
"10 items, lambda = 1","i10_l1",7,0.5,-0.76,0.220973892220188,0.172144431177249
"10 items, lambda = 1","i10_l1",7,0.5,-0.74,0.224435985730927,0.174064474039914
"10 items, lambda = 1","i10_l1",7,0.5,-0.72,0.227936450573216,0.1759814250733
"10 items, lambda = 1","i10_l1",7,0.5,-0.7,0.231475216500982,0.177894440646806
"10 items, lambda = 1","i10_l1",7,0.5,-0.68,0.235052196236235,0.179802661280758
"10 items, lambda = 1","i10_l1",7,0.5,-0.66,0.23866728515709,0.181705212152834
"10 items, lambda = 1","i10_l1",7,0.5,-0.64,0.242320360996295,0.18360120364292
"10 items, lambda = 1","i10_l1",7,0.5,-0.62,0.246011283551052,0.185489731916616
"10 items, lambda = 1","i10_l1",7,0.5,-0.6,0.249739894404882,0.187369879547521
"10 items, lambda = 1","i10_l1",7,0.5,-0.58,0.253506016662338,0.189240716178332
"10 items, lambda = 1","i10_l1",7,0.5,-0.56,0.257309454697314,0.191101299220685
"10 items, lambda = 1","i10_l1",7,0.5,-0.54,0.261149993915751,0.192950674593554
"10 items, lambda = 1","i10_l1",7,0.5,-0.52,0.265027400533481,0.194787877499947
"10 items, lambda = 1","i10_l1",7,0.5,-0.5,0.268941421369995,0.196611933241482
"10 items, lambda = 1","i10_l1",7,0.5,-0.48,0.27289178365887,0.198421858070351
"10 items, lambda = 1","i10_l1",7,0.5,-0.46,0.27687819487561,0.200216660078034
"10 items, lambda = 1","i10_l1",7,0.5,-0.44,0.280900342583616,0.201995340120023
"10 items, lambda = 1","i10_l1",7,0.5,-0.42,0.28495789429901,0.203756892775684
"10 items, lambda = 1","i10_l1",7,0.5,-0.4,0.289050497374996,0.205500307342263
"10 items, lambda = 1","i10_l1",7,0.5,-0.38,0.293177778906432,0.207224568861923
"10 items, lambda = 1","i10_l1",7,0.5,-0.36,0.297339345655269,0.208928659180565
"10 items, lambda = 1","i10_l1",7,0.5,-0.34,0.301534783997461,0.210611558037066
"10 items, lambda = 1","i10_l1",7,0.5,-0.32,0.30576365989197,0.212272244181438
"10 items, lambda = 1","i10_l1",7,0.5,-0.3,0.310025518872388,0.213909696520294
"10 items, lambda = 1","i10_l1",7,0.5,-0.28,0.314319886061746,0.215522895287877
"10 items, lambda = 1","i10_l1",7,0.5,-0.26,0.318646266210975,0.217110823240779
"10 items, lambda = 1","i10_l1",7,0.5,-0.24,0.323004143761477,0.218672466874392
"10 items, lambda = 1","i10_l1",7,0.5,-0.22,0.32739298293224,0.22020681765897
"10 items, lambda = 1","i10_l1",7,0.5,-0.2,0.331812227831834,0.221712873293109
"10 items, lambda = 1","i10_l1",7,0.5,-0.18,0.336261302595647,0.223189638972326
"10 items, lambda = 1","i10_l1",7,0.5,-0.16,0.340739611548615,0.224636128670314
"10 items, lambda = 1","i10_l1",7,0.5,-0.14,0.345246539393681,0.226051366430368
"10 items, lambda = 1","i10_l1",7,0.5,-0.12,0.349781451426173,0.227434387664373
"10 items, lambda = 1","i10_l1",7,0.5,-0.1,0.354343693774205,0.228784240456657
"10 items, lambda = 1","i10_l1",7,0.5,-0.0800000000000001,0.358932593665183,0.230099986869968
"10 items, lambda = 1","i10_l1",7,0.5,-0.06,0.363547459718434,0.231380704250708
"10 items, lambda = 1","i10_l1",7,0.5,-0.04,0.368187582263898,0.232625486530563
"10 items, lambda = 1","i10_l1",7,0.5,-0.02,0.372852233686804,0.233833445521565
"10 items, lambda = 1","i10_l1",7,0.5,0,0.377540668798145,0.235003712201594
"10 items, lambda = 1","i10_l1",7,0.5,0.0200000000000005,0.382252125230751,0.236135437987325
"10 items, lambda = 1","i10_l1",7,0.5,0.04,0.386985823860665,0.237227795991547
"10 items, lambda = 1","i10_l1",7,0.5,0.0600000000000005,0.391740969253486,0.238279982261825
"10 items, lambda = 1","i10_l1",7,0.5,0.0800000000000001,0.396516750135274,0.239291216997435
"10 items, lambda = 1","i10_l1",7,0.5,0.0999999999999996,0.401312339887548,0.240260745741529
"10 items, lambda = 1","i10_l1",7,0.5,0.12,0.406126897065857,0.241187840545516
"10 items, lambda = 1","i10_l1",7,0.5,0.14,0.410959565941335,0.242071801102645
"10 items, lambda = 1","i10_l1",7,0.5,0.16,0.415809477064593,0.242911955847863
"10 items, lambda = 1","i10_l1",7,0.5,0.18,0.42067574785125,0.243707663021042
"10 items, lambda = 1","i10_l1",7,0.5,0.2,0.425557483188341,0.244458311690746
"10 items, lambda = 1","i10_l1",7,0.5,0.22,0.430453776060771,0.245163322735795
"10 items, lambda = 1","i10_l1",7,0.5,0.24,0.435363708196971,0.245822149781954
"10 items, lambda = 1","i10_l1",7,0.5,0.26,0.440286350732807,0.246434280091195
"10 items, lambda = 1","i10_l1",7,0.5,0.28,0.445220764892785,0.246999235401069
"10 items, lambda = 1","i10_l1",7,0.5,0.3,0.450166002687522,0.24751657271186
"10 items, lambda = 1","i10_l1",7,0.5,0.32,0.45512110762642,0.247985885019321
"10 items, lambda = 1","i10_l1",7,0.5,0.34,0.460085115444434,0.248406801990916
"10 items, lambda = 1","i10_l1",7,0.5,0.36,0.465057054841786,0.24877899058367
"10 items, lambda = 1","i10_l1",7,0.5,0.38,0.470035948235428,0.24910215560185
"10 items, lambda = 1","i10_l1",7,0.5,0.4,0.47502081252106,0.249376040192892
"10 items, lambda = 1","i10_l1",7,0.5,0.42,0.480010659844418,0.249600426280144
"10 items, lambda = 1","i10_l1",7,0.5,0.44,0.48500449838059,0.249775134931182
"10 items, lambda = 1","i10_l1",7,0.5,0.46,0.490001333120035,0.249900026660623
"10 items, lambda = 1","i10_l1",7,0.5,0.48,0.49500016666,0.249975001666572
"10 items, lambda = 1","i10_l1",7,0.5,0.5,0.5,0.25
"10 items, lambda = 1","i10_l1",7,0.5,0.52,0.50499983334,0.249975001666572
"10 items, lambda = 1","i10_l1",7,0.5,0.54,0.509998666879966,0.249900026660623
"10 items, lambda = 1","i10_l1",7,0.5,0.56,0.51499550161941,0.249775134931182
"10 items, lambda = 1","i10_l1",7,0.5,0.58,0.519989340155582,0.249600426280144
"10 items, lambda = 1","i10_l1",7,0.5,0.6,0.52497918747894,0.249376040192892
"10 items, lambda = 1","i10_l1",7,0.5,0.62,0.529964051764572,0.24910215560185
"10 items, lambda = 1","i10_l1",7,0.5,0.64,0.534942945158214,0.24877899058367
"10 items, lambda = 1","i10_l1",7,0.5,0.66,0.539914884555566,0.248406801990916
"10 items, lambda = 1","i10_l1",7,0.5,0.68,0.54487889237358,0.247985885019321
"10 items, lambda = 1","i10_l1",7,0.5,0.7,0.549833997312478,0.24751657271186
"10 items, lambda = 1","i10_l1",7,0.5,0.72,0.554779235107215,0.246999235401068
"10 items, lambda = 1","i10_l1",7,0.5,0.74,0.559713649267193,0.246434280091195
"10 items, lambda = 1","i10_l1",7,0.5,0.76,0.564636291803029,0.245822149781954
"10 items, lambda = 1","i10_l1",7,0.5,0.78,0.569546223939229,0.245163322735795
"10 items, lambda = 1","i10_l1",7,0.5,0.8,0.574442516811659,0.244458311690746
"10 items, lambda = 1","i10_l1",7,0.5,0.82,0.57932425214875,0.243707663021042
"10 items, lambda = 1","i10_l1",7,0.5,0.84,0.584190522935407,0.242911955847863
"10 items, lambda = 1","i10_l1",7,0.5,0.86,0.589040434058665,0.242071801102644
"10 items, lambda = 1","i10_l1",7,0.5,0.88,0.593873102934143,0.241187840545516
"10 items, lambda = 1","i10_l1",7,0.5,0.9,0.598687660112452,0.240260745741529
"10 items, lambda = 1","i10_l1",7,0.5,0.92,0.603483249864726,0.239291216997435
"10 items, lambda = 1","i10_l1",7,0.5,0.94,0.608259030746515,0.238279982261825
"10 items, lambda = 1","i10_l1",7,0.5,0.96,0.613014176139336,0.237227795991547
"10 items, lambda = 1","i10_l1",7,0.5,0.98,0.617747874769249,0.236135437987325
"10 items, lambda = 1","i10_l1",7,0.5,1,0.622459331201855,0.235003712201594
"10 items, lambda = 1","i10_l1",7,0.5,1.02,0.627147766313196,0.233833445521565
"10 items, lambda = 1","i10_l1",7,0.5,1.04,0.631812417736102,0.232625486530563
"10 items, lambda = 1","i10_l1",7,0.5,1.06,0.636452540281566,0.231380704250708
"10 items, lambda = 1","i10_l1",7,0.5,1.08,0.641067406334817,0.230099986869968
"10 items, lambda = 1","i10_l1",7,0.5,1.1,0.645656306225796,0.228784240456657
"10 items, lambda = 1","i10_l1",7,0.5,1.12,0.650218548573827,0.227434387664373
"10 items, lambda = 1","i10_l1",7,0.5,1.14,0.654753460606319,0.226051366430368
"10 items, lambda = 1","i10_l1",7,0.5,1.16,0.659260388451385,0.224636128670314
"10 items, lambda = 1","i10_l1",7,0.5,1.18,0.663738697404353,0.223189638972326
"10 items, lambda = 1","i10_l1",7,0.5,1.2,0.668187772168166,0.221712873293109
"10 items, lambda = 1","i10_l1",7,0.5,1.22,0.67260701706776,0.22020681765897
"10 items, lambda = 1","i10_l1",7,0.5,1.24,0.676995856238523,0.218672466874392
"10 items, lambda = 1","i10_l1",7,0.5,1.26,0.681353733789026,0.217110823240779
"10 items, lambda = 1","i10_l1",7,0.5,1.28,0.685680113938254,0.215522895287877
"10 items, lambda = 1","i10_l1",7,0.5,1.3,0.689974481127613,0.213909696520294
"10 items, lambda = 1","i10_l1",7,0.5,1.32,0.694236340108031,0.212272244181437
"10 items, lambda = 1","i10_l1",7,0.5,1.34,0.698465216002539,0.210611558037066
"10 items, lambda = 1","i10_l1",7,0.5,1.36,0.702660654344732,0.208928659180565
"10 items, lambda = 1","i10_l1",7,0.5,1.38,0.706822221093568,0.207224568861923
"10 items, lambda = 1","i10_l1",7,0.5,1.4,0.710949502625004,0.205500307342263
"10 items, lambda = 1","i10_l1",7,0.5,1.42,0.71504210570099,0.203756892775684
"10 items, lambda = 1","i10_l1",7,0.5,1.44,0.719099657416384,0.201995340120023
"10 items, lambda = 1","i10_l1",7,0.5,1.46,0.72312180512439,0.200216660078034
"10 items, lambda = 1","i10_l1",7,0.5,1.48,0.72710821634113,0.198421858070351
"10 items, lambda = 1","i10_l1",7,0.5,1.5,0.731058578630005,0.196611933241482
"10 items, lambda = 1","i10_l1",7,0.5,1.52,0.734972599466519,0.194787877499947
"10 items, lambda = 1","i10_l1",7,0.5,1.54,0.738850006084249,0.192950674593554
"10 items, lambda = 1","i10_l1",7,0.5,1.56,0.742690545302686,0.191101299220685
"10 items, lambda = 1","i10_l1",7,0.5,1.58,0.746493983337662,0.189240716178332
"10 items, lambda = 1","i10_l1",7,0.5,1.6,0.750260105595118,0.187369879547521
"10 items, lambda = 1","i10_l1",7,0.5,1.62,0.753988716448948,0.185489731916616
"10 items, lambda = 1","i10_l1",7,0.5,1.64,0.757679639003705,0.18360120364292
"10 items, lambda = 1","i10_l1",7,0.5,1.66,0.76133271484291,0.181705212152834
"10 items, lambda = 1","i10_l1",7,0.5,1.68,0.764947803763765,0.179802661280758
"10 items, lambda = 1","i10_l1",7,0.5,1.7,0.768524783499018,0.177894440646806
"10 items, lambda = 1","i10_l1",7,0.5,1.72,0.772063549426784,0.1759814250733
"10 items, lambda = 1","i10_l1",7,0.5,1.74,0.775564014269074,0.174064474039914
"10 items, lambda = 1","i10_l1",7,0.5,1.76,0.779026107779812,0.172144431177249
"10 items, lambda = 1","i10_l1",7,0.5,1.78,0.782449776423112,0.170222123798534
"10 items, lambda = 1","i10_l1",7,0.5,1.8,0.785834983042559,0.16829836246906
"10 items, lambda = 1","i10_l1",7,0.5,1.82,0.789181706522253,0.166373940612878
"10 items, lambda = 1","i10_l1",7,0.5,1.84,0.792489941440364,0.164449634156212
"10 items, lambda = 1","i10_l1",7,0.5,1.86,0.795759697715908,0.162526201206995
"10 items, lambda = 1","i10_l1",7,0.5,1.88,0.798991000249471,0.160604381769821
"10 items, lambda = 1","i10_l1",7,0.5,1.9,0.802183888558582,0.158684897495615
"10 items, lambda = 1","i10_l1",7,0.5,1.92,0.805338416408422,0.156768451465197
"10 items, lambda = 1","i10_l1",7,0.5,1.94,0.808454651438533,0.154855728005933
"10 items, lambda = 1","i10_l1",7,0.5,1.96,0.81153267478618,0.152947392540568
"10 items, lambda = 1","i10_l1",7,0.5,1.98,0.814572580707018,0.151044091467327
"10 items, lambda = 1","i10_l1",7,0.5,2,0.817574476193644,0.149146452070333
"10 items, lambda = 1","i10_l1",7,0.5,2.02,0.820538480592673,0.14725508245934
"10 items, lambda = 1","i10_l1",7,0.5,2.04,0.823464725220883,0.145370571537778
"10 items, lambda = 1","i10_l1",7,0.5,2.06,0.826353352980995,0.143493488998062
"10 items, lambda = 1","i10_l1",7,0.5,2.08,0.829204517977626,0.141624385343119
"10 items, lambda = 1","i10_l1",7,0.5,2.1,0.832018385133925,0.139763791933061
"10 items, lambda = 1","i10_l1",7,0.5,2.12,0.834795129809385,0.137912221055917
"10 items, lambda = 1","i10_l1",7,0.5,2.14,0.837534937419304,0.136070166021346
"10 items, lambda = 1","i10_l1",7,0.5,2.16,0.840238003056331,0.13423810127624
"10 items, lambda = 1","i10_l1",7,0.5,2.18,0.842904531114547,0.132416482541113
"10 items, lambda = 1","i10_l1",7,0.5,2.2,0.845534734916465,0.130605746966208
"10 items, lambda = 1","i10_l1",7,0.5,2.22,0.848128836343341,0.128806313306232
"10 items, lambda = 1","i10_l1",7,0.5,2.24,0.850687065469156,0.127018582112632
"10 items, lambda = 1","i10_l1",7,0.5,2.26,0.853209660198618,0.125242935942377
"10 items, lambda = 1","i10_l1",7,0.5,2.28,0.855696865909481,0.123479739582172
"10 items, lambda = 1","i10_l1",7,0.5,2.3,0.858148935099512,0.121729340287085
"10 items, lambda = 1","i10_l1",7,0.5,2.32,0.86056612703835,0.119992068032564
"10 items, lambda = 1","i10_l1",7,0.5,2.34,0.86294870742454,0.118268235778855
"10 items, lambda = 1","i10_l1",7,0.5,2.36,0.865296948047972,0.116558139746837
"10 items, lambda = 1","i10_l1",7,0.5,2.38,0.867611126457935,0.114862059704328
"10 items, lambda = 1","i10_l1",7,0.5,2.4,0.869891525637002,0.113180259261931
"10 items, lambda = 1","i10_l1",7,0.5,2.42,0.872138433680919,0.111512986177512
"10 items, lambda = 1","i10_l1",7,0.5,2.44,0.874352143484654,0.109860472668445
"10 items, lambda = 1","i10_l1",7,0.5,2.46,0.876532952434776,0.108222935730751
"10 items, lambda = 1","i10_l1",7,0.5,2.48,0.878681162108263,0.106600577464335
"10 items, lambda = 1","i10_l1",7,0.5,2.5,0.880797077977882,0.104993585403507
"10 items, lambda = 1","i10_l1",7,0.5,2.52,0.88288100912422,0.103402132852019
"10 items, lambda = 1","i10_l1",7,0.5,2.54,0.88493326795445,0.101826379221907
"10 items, lambda = 1","i10_l1",7,0.5,2.56,0.886954169927921,0.100266470375394
"10 items, lambda = 1","i10_l1",7,0.5,2.58,0.888944033288592,0.0987225389692023
"10 items, lambda = 1","i10_l1",7,0.5,2.6,0.890903178804387,0.0971947048006254
"10 items, lambda = 1","i10_l1",7,0.5,2.62,0.892831929513472,0.0956830751547226
"10 items, lambda = 1","i10_l1",7,0.5,2.64,0.89473061047749,0.0941877451520679
"10 items, lambda = 1","i10_l1",7,0.5,2.66,0.89659954854175,0.0927087980964798
"10 items, lambda = 1","i10_l1",7,0.5,2.68,0.898439072102363,0.0912463058222077
"10 items, lambda = 1","i10_l1",7,0.5,2.7,0.900249510880315,0.0898003290400688
"10 items, lambda = 1","i10_l1",7,0.5,2.72,0.902031195702446,0.0883709176820616
"10 items, lambda = 1","i10_l1",7,0.5,2.74,0.903784458289307,0.0869581112440107
"10 items, lambda = 1","i10_l1",7,0.5,2.76,0.905509631049841,0.085561939125822
"10 items, lambda = 1","i10_l1",7,0.5,2.78,0.907207046882843,0.0841824209689541
"10 items, lambda = 1","i10_l1",7,0.5,2.8,0.908877038985144,0.0828195669907412
"10 items, lambda = 1","i10_l1",7,0.5,2.82,0.910519940666439,0.0814733783152237
"10 items, lambda = 1","i10_l1",7,0.5,2.84,0.912136085170699,0.0801438473001705
"10 items, lambda = 1","i10_l1",7,0.5,2.86,0.913725805504083,0.0788309578599974
"10 items, lambda = 1","i10_l1",7,0.5,2.88,0.915289434269264,0.0775346857843145
"10 items, lambda = 1","i10_l1",7,0.5,2.9,0.916827303506078,0.0762549990518522
"10 items, lambda = 1","i10_l1",7,0.5,2.92,0.918339744538405,0.0749918581395417
"10 items, lambda = 1","i10_l1",7,0.5,2.94,0.919827087827188,0.0737452163265428
"10 items, lambda = 1","i10_l1",7,0.5,2.96,0.921289662829465,0.0725150199930358
"10 items, lambda = 1","i10_l1",7,0.5,2.98,0.92272779786334,0.071301208913611
"10 items, lambda = 1","i10_l1",7,0.5,3,0.924141819978757,0.0701037165451081
"10 items, lambda = 1","i10_l1",7,0.5,3.02,0.925532054833972,0.0689224703087775
"10 items, lambda = 1","i10_l1",7,0.5,3.04,0.926898826577622,0.0677573918666496
"10 items, lambda = 1","i10_l1",7,0.5,3.06,0.928242457736249,0.0666083973920173
"10 items, lambda = 1","i10_l1",7,0.5,3.08,0.929563269107183,0.0654753978339499
"10 items, lambda = 1","i10_l1",7,0.5,3.1,0.930861579656653,0.0643582991757734
"10 items, lambda = 1","i10_l1",7,0.5,3.12,0.932137706423006,0.0632570026874643
"10 items, lambda = 1","i10_l1",7,0.5,3.14,0.933391964424909,0.0621714051719181
"10 items, lambda = 1","i10_l1",7,0.5,3.16,0.934624666574427,0.0611013992050679
"10 items, lambda = 1","i10_l1",7,0.5,3.18,0.935836123594826,0.0600468733698355
"10 items, lambda = 1","i10_l1",7,0.5,3.2,0.937026643943004,0.0590077124839152
"10 items, lambda = 1","i10_l1",7,0.5,3.22,0.938196533736411,0.057983797821394
"10 items, lambda = 1","i10_l1",7,0.5,3.24,0.939346096684348,0.0569750073282276
"10 items, lambda = 1","i10_l1",7,0.5,3.26,0.940475634023498,0.0559812158315971
"10 items, lambda = 1","i10_l1",7,0.5,3.28,0.941585444457604,0.0550022952431806
"10 items, lambda = 1","i10_l1",7,0.5,3.3,0.942675824101131,0.0540381147563843
"10 items, lambda = 1","i10_l1",7,0.5,3.32,0.943747066426833,0.0530885410375801
"10 items, lambda = 1","i10_l1",7,0.5,3.34,0.944799462217066,0.0521534384114092
"10 items, lambda = 1","i10_l1",7,0.5,3.36,0.945833299518764,0.0512326690402121
"10 items, lambda = 1","i10_l1",7,0.5,3.38,0.946848863601936,0.0503260930976582
"10 items, lambda = 1","i10_l1",7,0.5,3.4,0.947846436921582,0.0494335689366432
"10 items, lambda = 1","i10_l1",7,0.5,3.42,0.948826299082908,0.0485549532515397
"10 items, lambda = 1","i10_l1",7,0.5,3.44,0.949788726809734,0.0476901012348789
"10 items, lambda = 1","i10_l1",7,0.5,3.46,0.950733993915973,0.0468388667285554
"10 items, lambda = 1","i10_l1",7,0.5,3.48,0.951662371280095,0.0460011023696417
"10 items, lambda = 1","i10_l1",7,0.5,3.5,0.952574126822433,0.045176659730912
"10 items, lambda = 1","i10_l1",7,0.5,3.52,0.953469525485269,0.0443653894561654
"10 items, lambda = 1","i10_l1",7,0.5,3.54,0.954348829215556,0.0435671413904534
"10 items, lambda = 1","i10_l1",7,0.5,3.56,0.955212296950213,0.0427817647053108
"10 items, lambda = 1","i10_l1",7,0.5,3.58,0.956060184603859,0.0420091080190943
"10 items, lambda = 1","i10_l1",7,0.5,3.6,0.956892745058914,0.0412490195125303
"10 items, lambda = 1","i10_l1",7,0.5,3.62,0.957710228157966,0.0405013470395825
"10 items, lambda = 1","i10_l1",7,0.5,3.64,0.958512880698304,0.0397659382337427
"10 items, lambda = 1","i10_l1",7,0.5,3.66,0.959300946428534,0.0390426406098533
"10 items, lambda = 1","i10_l1",7,0.5,3.68,0.960074666047186,0.0383313016615702
"10 items, lambda = 1","i10_l1",7,0.5,3.7,0.960834277203236,0.0376317689545713
"10 items, lambda = 1","i10_l1",7,0.5,3.72,0.961580014498435,0.0369438902156248
"10 items, lambda = 1","i10_l1",7,0.5,3.74,0.962312109491394,0.0362675134176172
"10 items, lambda = 1","i10_l1",7,0.5,3.76,0.963030790703323,0.0356024868606556
"10 items, lambda = 1","i10_l1",7,0.5,3.78,0.963736283625352,0.0349486592493474
"10 items, lambda = 1","i10_l1",7,0.5,3.8,0.964428810727364,0.0343058797663664
"10 items, lambda = 1","i10_l1",7,0.5,3.82,0.965108591468263,0.0336739981424083
"10 items, lambda = 1","i10_l1",7,0.5,3.84,0.965775842307604,0.033052864722642
"10 items, lambda = 1","i10_l1",7,0.5,3.86,0.966430776718518,0.0324423305297605
"10 items, lambda = 1","i10_l1",7,0.5,3.88,0.967073605201864,0.0318422473237335
"10 items, lambda = 1","i10_l1",7,0.5,3.9,0.96770453530155,0.0312524676583616
"10 items, lambda = 1","i10_l1",7,0.5,3.92,0.968323771620944,0.0306728449347342
"10 items, lambda = 1","i10_l1",7,0.5,3.94,0.968931515840333,0.0301032334516879
"10 items, lambda = 1","i10_l1",7,0.5,3.96,0.969527966735356,0.0295434884533625
"10 items, lambda = 1","i10_l1",7,0.5,3.98,0.970113320196364,0.0289934661739511
"10 items, lambda = 1","i10_l1",7,0.5,4,0.970687769248644,0.0284530238797356
"10 items, lambda = 1","i10_l1",8,0.833333333333333,-4,0.00789708350741885,0.0078347195794957
"10 items, lambda = 1","i10_l1",8,0.833333333333333,-3.98,0.00805533009631606,0.00799044175335545
"10 items, lambda = 1","i10_l1",8,0.833333333333333,-3.96,0.00821672146417046,0.0081492069525507
"10 items, lambda = 1","i10_l1",8,0.833333333333333,-3.94,0.00838131904341527,0.00831107253450776
"10 items, lambda = 1","i10_l1",8,0.833333333333333,-3.92,0.00854918542356445,0.00847609685215796
"10 items, lambda = 1","i10_l1",8,0.833333333333333,-3.9,0.00872038437126006,0.00864433926767754
"10 items, lambda = 1","i10_l1",8,0.833333333333333,-3.88,0.00889498085059492,0.00881586016626247
"10 items, lambda = 1","i10_l1",8,0.833333333333333,-3.86,0.00907304104371096,0.0089907209699301
"10 items, lambda = 1","i10_l1",8,0.833333333333333,-3.84,0.00925463237167385,0.00916898415133901
"10 items, lambda = 1","i10_l1",8,0.833333333333333,-3.82,0.00943982351562404,0.00935071324761791
"10 items, lambda = 1","i10_l1",8,0.833333333333333,-3.8,0.00962868443820452,0.009535972874194
"10 items, lambda = 1","i10_l1",8,0.833333333333333,-3.78,0.00982128640526497,0.00972482873861073
"10 items, lambda = 1","i10_l1",8,0.833333333333333,-3.76,0.0100177020078421,0.00991734765432418
"10 items, lambda = 1","i10_l1",8,0.833333333333333,-3.74,0.0102180051844156,0.0101135975544669
"10 items, lambda = 1","i10_l1",8,0.833333333333333,-3.72,0.0104222712434389,0.0103136475055671
"10 items, lambda = 1","i10_l1",8,0.833333333333333,-3.7,0.010630576886144,0.0105175677212118
"10 items, lambda = 1","i10_l1",8,0.833333333333333,-3.68,0.0108430002296183,0.0107254295756388
"10 items, lambda = 1","i10_l1",8,0.833333333333333,-3.66,0.0110596208301535,0.0109373056172467
"10 items, lambda = 1","i10_l1",8,0.833333333333333,-3.64,0.0112805197068624,0.0111532695820055
"10 items, lambda = 1","i10_l1",8,0.833333333333333,-3.62,0.0115057793655639,0.0113733964067548
"10 items, lambda = 1","i10_l1",8,0.833333333333333,-3.6,0.0117354838229323,0.011597762242374
"10 items, lambda = 1","i10_l1",8,0.833333333333333,-3.58,0.0119697186309087,0.0118264444668056
"10 items, lambda = 1","i10_l1",8,0.833333333333333,-3.56,0.0122085709013707,0.0120595216979169
"10 items, lambda = 1","i10_l1",8,0.833333333333333,-3.54,0.0124521293310586,0.0122970738061812
"10 items, lambda = 1","i10_l1",8,0.833333333333333,-3.52,0.0127004842267522,0.0125391819271582
"10 items, lambda = 1","i10_l1",8,0.833333333333333,-3.5,0.0129537275306959,0.0127859284737564
"10 items, lambda = 1","i10_l1",8,0.833333333333333,-3.48,0.013211952846266,0.013037397148254
"10 items, lambda = 1","i10_l1",8,0.833333333333333,-3.46,0.0134752554638764,0.0132936729540597
"10 items, lambda = 1","i10_l1",8,0.833333333333333,-3.44,0.0137437323871163,0.0135548422071877
"10 items, lambda = 1","i10_l1",8,0.833333333333333,-3.42,0.0140174823591147,0.0138209925474266
"10 items, lambda = 1","i10_l1",8,0.833333333333333,-3.4,0.0142966058891245,0.0140922129491756
"10 items, lambda = 1","i10_l1",8,0.833333333333333,-3.38,0.0145812052793206,0.0143685937319229
"10 items, lambda = 1","i10_l1",8,0.833333333333333,-3.36,0.0148713846518026,0.0146502265703407
"10 items, lambda = 1","i10_l1",8,0.833333333333333,-3.34,0.0151672499757969,0.0149372045039686
"10 items, lambda = 1","i10_l1",8,0.833333333333333,-3.32,0.0154689090950464,0.0152296219464556
"10 items, lambda = 1","i10_l1",8,0.833333333333333,-3.3,0.0157764717553819,0.0155275746943335
"10 items, lambda = 1","i10_l1",8,0.833333333333333,-3.28,0.0160900496324627,0.0158311599352876
"10 items, lambda = 1","i10_l1",8,0.833333333333333,-3.26,0.0164097563596786,0.0161404762558946
"10 items, lambda = 1","i10_l1",8,0.833333333333333,-3.24,0.0167357075561999,0.0164556236487932
"10 items, lambda = 1","i10_l1",8,0.833333333333333,-3.22,0.0170680208551655,0.0167767035192531
"10 items, lambda = 1","i10_l1",8,0.833333333333333,-3.2,0.0174068159319962,0.0171038186911058
"10 items, lambda = 1","i10_l1",8,0.833333333333333,-3.18,0.0177522145328192,0.017437073412
"10 items, lambda = 1","i10_l1",8,0.833333333333333,-3.16,0.0181043405029916,0.0177765733579433
"10 items, lambda = 1","i10_l1",8,0.833333333333333,-3.14,0.018463319815706,0.018122425637089
"10 items, lambda = 1","i10_l1",8,0.833333333333333,-3.12,0.0188292806006656,0.018474738792727
"10 items, lambda = 1","i10_l1",8,0.833333333333333,-3.1,0.0192023531728092,0.0188336228054359
"10 items, lambda = 1","i10_l1",8,0.833333333333333,-3.08,0.0195826700610713,0.0191991890943506
"10 items, lambda = 1","i10_l1",8,0.833333333333333,-3.06,0.0199703660371585,0.0195715505175004
"10 items, lambda = 1","i10_l1",8,0.833333333333333,-3.04,0.0203655781443222,0.0199508213711697
"10 items, lambda = 1","i10_l1",8,0.833333333333333,-3.02,0.0207684457261092,0.0203371173882309
"10 items, lambda = 1","i10_l1",8,0.833333333333333,-3,0.0211791104550677,0.0207305557353997
"10 items, lambda = 1","i10_l1",8,0.833333333333333,-2.98,0.0215977163613872,0.0211312550093602
"10 items, lambda = 1","i10_l1",8,0.833333333333333,-2.96,0.0220244098614494,0.0215393352317043
"10 items, lambda = 1","i10_l1",8,0.833333333333333,-2.94,0.0224593397862656,0.0219549178426307
"10 items, lambda = 1","i10_l1",8,0.833333333333333,-2.92,0.0229026574097749,0.0223781256933454
"10 items, lambda = 1","i10_l1",8,0.833333333333333,-2.9,0.0233545164769771,0.0228090830371037
"10 items, lambda = 1","i10_l1",8,0.833333333333333,-2.88,0.0238150732318722,0.0232479155188328
"10 items, lambda = 1","i10_l1",8,0.833333333333333,-2.86,0.0242844864451781,0.0236947501632721
"10 items, lambda = 1","i10_l1",8,0.833333333333333,-2.84,0.0247629174417951,0.024149715361566
"10 items, lambda = 1","i10_l1",8,0.833333333333333,-2.82,0.0252505301279867,0.0246129408562423
"10 items, lambda = 1","i10_l1",8,0.833333333333333,-2.8,0.0257474910182429,0.0250845577245084
"10 items, lambda = 1","i10_l1",8,0.833333333333333,-2.78,0.0262539692617924,0.0255646983597933
"10 items, lambda = 1","i10_l1",8,0.833333333333333,-2.76,0.0267701366687274,0.0260534964514651
"10 items, lambda = 1","i10_l1",8,0.833333333333333,-2.74,0.0272961677357034,0.0265510869626477
"10 items, lambda = 1","i10_l1",8,0.833333333333333,-2.72,0.0278322396711763,0.0270576061060625
"10 items, lambda = 1","i10_l1",8,0.833333333333333,-2.7,0.0283785324201358,0.0275731913178151
"10 items, lambda = 1","i10_l1",8,0.833333333333333,-2.68,0.0289352286882933,0.0280979812290494
"10 items, lambda = 1","i10_l1",8,0.833333333333333,-2.66,0.0295025139656803,0.0286321156353851
"10 items, lambda = 1","i10_l1",8,0.833333333333333,-2.64,0.0300805765496139,0.0291757354640567
"10 items, lambda = 1","i10_l1",8,0.833333333333333,-2.62,0.0306696075669801,0.0297289827386676
"10 items, lambda = 1","i10_l1",8,0.833333333333333,-2.6,0.0312698009957888,0.0302920005414726
"10 items, lambda = 1","i10_l1",8,0.833333333333333,-2.58,0.0318813536859477,0.0308649329730992
"10 items, lambda = 1","i10_l1",8,0.833333333333333,-2.56,0.0325044653792054,0.0314479251096174
"10 items, lambda = 1","i10_l1",8,0.833333333333333,-2.54,0.033139338728208,0.0320411229568651
"10 items, lambda = 1","i10_l1",8,0.833333333333333,-2.52,0.0337861793146143,0.032644673401935
"10 items, lambda = 1","i10_l1",8,0.833333333333333,-2.5,0.0344451956662112,0.0332587241617276
"10 items, lambda = 1","i10_l1",8,0.833333333333333,-2.48,0.0351165992729702,0.0338834237284718
"10 items, lambda = 1","i10_l1",8,0.833333333333333,-2.46,0.0358006046019833,0.0345189213121158
"10 items, lambda = 1","i10_l1",8,0.833333333333333,-2.44,0.0364974291112145,0.0351653667794864
"10 items, lambda = 1","i10_l1",8,0.833333333333333,-2.42,0.0372072932620011,0.0358229105901165
"10 items, lambda = 1","i10_l1",8,0.833333333333333,-2.4,0.0379304205302375,0.0364917037286368
"10 items, lambda = 1","i10_l1",8,0.833333333333333,-2.38,0.038667037416172,0.0371718976336283
"10 items, lambda = 1","i10_l1",8,0.833333333333333,-2.36,0.0394173734527438,0.0378636441228307
"10 items, lambda = 1","i10_l1",8,0.833333333333333,-2.34,0.0401816612123871,0.0385670953146
"10 items, lambda = 1","i10_l1",8,0.833333333333333,-2.32,0.040960136312226,0.0392824035455098
"10 items, lambda = 1","i10_l1",8,0.833333333333333,-2.3,0.0417530374175819,0.0400097212839879
"10 items, lambda = 1","i10_l1",8,0.833333333333333,-2.28,0.0425606062437133,0.0407492010398809
"10 items, lambda = 1","i10_l1",8,0.833333333333333,-2.26,0.0433830875557046,0.0415009952698387
"10 items, lambda = 1","i10_l1",8,0.833333333333333,-2.24,0.0442207291664209,0.042265256278411
"10 items, lambda = 1","i10_l1",8,0.833333333333333,-2.22,0.0450737819324401,0.0430421361147469
"10 items, lambda = 1","i10_l1",8,0.833333333333333,-2.2,0.0459424997478744,0.043831786464791
"10 items, lambda = 1","i10_l1",8,0.833333333333333,-2.18,0.0468271395359902,0.0446343585388671
"10 items, lambda = 1","i10_l1",8,0.833333333333333,-2.16,0.0477279612385318,0.045450002954545
"10 items, lambda = 1","i10_l1",8,0.833333333333333,-2.14,0.0486452278026553,0.0462788696146831
"10 items, lambda = 1","i10_l1",8,0.833333333333333,-2.12,0.0495792051653735,0.0471211075805433
"10 items, lambda = 1","i10_l1",8,0.833333333333333,-2.1,0.0505301622354135,0.0479768649398763
"10 items, lambda = 1","i10_l1",8,0.833333333333333,-2.08,0.0514983708723846,0.0488462886698749
"10 items, lambda = 1","i10_l1",8,0.833333333333333,-2.06,0.052484105863153,0.0497295244948984
"10 items, lambda = 1","i10_l1",8,0.833333333333333,-2.04,0.0534876448953185,0.0506267167388708
"10 items, lambda = 1","i10_l1",8,0.833333333333333,-2.02,0.0545092685276843,0.0515380081722611
"10 items, lambda = 1","i10_l1",8,0.833333333333333,-2,0.0555492601576118,0.0524635398535537
"10 items, lambda = 1","i10_l1",8,0.833333333333333,-1.98,0.0566079059851495,0.0534034509651259
"10 items, lambda = 1","i10_l1",8,0.833333333333333,-1.96,0.057685494973822,0.0543578786434471
"10 items, lambda = 1","i10_l1",8,0.833333333333333,-1.94,0.0587823188079662,0.0553269578035248
"10 items, lambda = 1","i10_l1",8,0.833333333333333,-1.92,0.0598986718464979,0.0563108209575234
"10 items, lambda = 1","i10_l1",8,0.833333333333333,-1.9,0.061034851072992,0.0573095980274896
"10 items, lambda = 1","i10_l1",8,0.833333333333333,-1.88,0.0621911560419579,0.0583234161521227
"10 items, lambda = 1","i10_l1",8,0.833333333333333,-1.86,0.0633678888211903,0.0593523994875356
"10 items, lambda = 1","i10_l1",8,0.833333333333333,-1.84,0.0645653539300746,0.0603966690019588
"10 items, lambda = 1","i10_l1",8,0.833333333333333,-1.82,0.0657838582737253,0.0614563422643477
"10 items, lambda = 1","i10_l1",8,0.833333333333333,-1.8,0.067023711072836,0.062531533226861
"10 items, lambda = 1","i10_l1",8,0.833333333333333,-1.78,0.0682852237891162,0.0636223520011865
"10 items, lambda = 1","i10_l1",8,0.833333333333333,-1.76,0.0695687100461948,0.0647289046287033
"10 items, lambda = 1","i10_l1",8,0.833333333333333,-1.74,0.0708744855458633,0.0658512928444725
"10 items, lambda = 1","i10_l1",8,0.833333333333333,-1.72,0.0722028679795383,0.0669896138350677
"10 items, lambda = 1","i10_l1",8,0.833333333333333,-1.7,0.073554176934819,0.0681439599902603
"10 items, lambda = 1","i10_l1",8,0.833333333333333,-1.68,0.0749287337970166,0.0693144186485924
"10 items, lambda = 1","i10_l1",8,0.833333333333333,-1.66,0.0763268616455351,0.0705010718368785
"10 items, lambda = 1","i10_l1",8,0.833333333333333,-1.64,0.0777488851449819,0.0717039960036943
"10 items, lambda = 1","i10_l1",8,0.833333333333333,-1.62,0.0791951304308875,0.0729232617469222
"10 items, lambda = 1","i10_l1",8,0.833333333333333,-1.6,0.080665924989919,0.0741589335354398
"10 items, lambda = 1","i10_l1",8,0.833333333333333,-1.58,0.0821615975344684,0.0754110694250525
"10 items, lambda = 1","i10_l1",8,0.833333333333333,-1.56,0.0836824778715036,0.0766797207687889
"10 items, lambda = 1","i10_l1",8,0.833333333333333,-1.54,0.0852288967655696,0.0779649319216934
"10 items, lambda = 1","i10_l1",8,0.833333333333333,-1.52,0.0868011857958322,0.0792667399402696
"10 items, lambda = 1","i10_l1",8,0.833333333333333,-1.5,0.0883996772070584,0.0805851742767463
"10 items, lambda = 1","i10_l1",8,0.833333333333333,-1.48,0.0900247037544318,0.0819202564683586
"10 items, lambda = 1","i10_l1",8,0.833333333333333,-1.46,0.0916765985421053,0.083271999821855
"10 items, lambda = 1","i10_l1",8,0.833333333333333,-1.44,0.0933556948553989,0.0846404090934645
"10 items, lambda = 1","i10_l1",8,0.833333333333333,-1.42,0.0950623259865524,0.0860254801645788
"10 items, lambda = 1","i10_l1",8,0.833333333333333,-1.4,0.0967968250539524,0.087427199713427
"10 items, lambda = 1","i10_l1",8,0.833333333333333,-1.38,0.0985595248147546,0.0888455448830444
"10 items, lambda = 1","i10_l1",8,0.833333333333333,-1.36,0.100350757470831,0.0902804829458613
"10 items, lambda = 1","i10_l1",8,0.833333333333333,-1.34,0.102170854467977,0.0917319709652607
"10 items, lambda = 1","i10_l1",8,0.833333333333333,-1.32,0.104020146288327,0.0931999554544824
"10 items, lambda = 1","i10_l1",8,0.833333333333333,-1.3,0.105898962235918,0.0946843720332735
"10 items, lambda = 1","i10_l1",8,0.833333333333333,-1.28,0.107807630215371,0.0961851450827165
"10 items, lambda = 1","i10_l1",8,0.833333333333333,-1.26,0.109746476503655,0.0977021873986878
"10 items, lambda = 1","i10_l1",8,0.833333333333333,-1.24,0.111715825514912,0.0992353998444339
"10 items, lambda = 1","i10_l1",8,0.833333333333333,-1.22,0.113715999558323,0.100784671002774
"10 items, lambda = 1","i10_l1",8,0.833333333333333,-1.2,0.115747318589022,0.102349876828474
"10 items, lambda = 1","i10_l1",8,0.833333333333333,-1.18,0.11781009995207,0.103930880301353
"10 items, lambda = 1","i10_l1",8,0.833333333333333,-1.16,0.11990465811949,0.105527531080738
"10 items, lambda = 1","i10_l1",8,0.833333333333333,-1.14,0.122031304420423,0.107139665161873
"10 items, lambda = 1","i10_l1",8,0.833333333333333,-1.12,0.124190346764432,0.108767104534962
"10 items, lambda = 1","i10_l1",8,0.833333333333333,-1.1,0.126382089358013,0.110409656847516
"10 items, lambda = 1","i10_l1",8,0.833333333333333,-1.08,0.128606832414405,0.112067115070738
"10 items, lambda = 1","i10_l1",8,0.833333333333333,-1.06,0.13086487185676,0.113739257170674
"10 items, lambda = 1","i10_l1",8,0.833333333333333,-1.04,0.133156499014804,0.115425845784924
"10 items, lambda = 1","i10_l1",8,0.833333333333333,-1.02,0.13548200031508,0.117126627905705
"10 items, lambda = 1","i10_l1",8,0.833333333333333,-1,0.137841656964936,0.118841334570097
"10 items, lambda = 1","i10_l1",8,0.833333333333333,-0.98,0.140235744630388,0.120569680558348
"10 items, lambda = 1","i10_l1",8,0.833333333333333,-0.96,0.142664533108041,0.122311364101105
"10 items, lambda = 1","i10_l1",8,0.833333333333333,-0.94,0.145128285991251,0.124066066596492
"10 items, lambda = 1","i10_l1",8,0.833333333333333,-0.92,0.147627260330733,0.125833452337975
"10 items, lambda = 1","i10_l1",8,0.833333333333333,-0.9,0.150161706289847,0.127613168253969
"10 items, lambda = 1","i10_l1",8,0.833333333333333,-0.88,0.152731866794793,0.129404843660171
"10 items, lambda = 1","i10_l1",8,0.833333333333333,-0.86,0.155337977179998,0.131208090025624
"10 items, lambda = 1","i10_l1",8,0.833333333333333,-0.84,0.157980264828962,0.133022500753533
"10 items, lambda = 1","i10_l1",8,0.833333333333333,-0.82,0.160658948810883,0.134847650977865
"10 items, lambda = 1","i10_l1",8,0.833333333333333,-0.8,0.163374239513379,0.136683097376804
"10 items, lambda = 1","i10_l1",8,0.833333333333333,-0.78,0.166126338271651,0.138528378004104
"10 items, lambda = 1","i10_l1",8,0.833333333333333,-0.76,0.168915436994465,0.140383012139434
"10 items, lambda = 1","i10_l1",8,0.833333333333333,-0.74,0.171741717787347,0.142246500158798
"10 items, lambda = 1","i10_l1",8,0.833333333333333,-0.72,0.174605352573381,0.144118323426107
"10 items, lambda = 1","i10_l1",8,0.833333333333333,-0.7,0.177506502712074,0.145997944207002
"10 items, lambda = 1","i10_l1",8,0.833333333333333,-0.68,0.180445318616716,0.147884805606028
"10 items, lambda = 1","i10_l1",8,0.833333333333333,-0.66,0.18342193937074,0.149778331528216
"10 items, lambda = 1","i10_l1",8,0.833333333333333,-0.64,0.186436492343551,0.151677926666184
"10 items, lambda = 1","i10_l1",8,0.833333333333333,-0.62,0.189489092806376,0.153582976513792
"10 items, lambda = 1","i10_l1",8,0.833333333333333,-0.6,0.192579843548652,0.155492847407428
"10 items, lambda = 1","i10_l1",8,0.833333333333333,-0.58,0.195708834495526,0.157406886595929
"10 items, lambda = 1","i10_l1",8,0.833333333333333,-0.56,0.198876142327052,0.159324422340162
"10 items, lambda = 1","i10_l1",8,0.833333333333333,-0.54,0.20208183009968,0.161244764043244
"10 items, lambda = 1","i10_l1",8,0.833333333333333,-0.52,0.205325946870667,0.163167202412331
"10 items, lambda = 1","i10_l1",8,0.833333333333333,-0.5,0.208608527326045,0.165091009652904
"10 items, lambda = 1","i10_l1",8,0.833333333333333,-0.48,0.211929591412807,0.167015439696407
"10 items, lambda = 1","i10_l1",8,0.833333333333333,-0.46,0.215289143975987,0.168939728462074
"10 items, lambda = 1","i10_l1",8,0.833333333333333,-0.44,0.218687174401326,0.17086309415369
"10 items, lambda = 1","i10_l1",8,0.833333333333333,-0.42,0.222123656264228,0.172784737592039
"10 items, lambda = 1","i10_l1",8,0.833333333333333,-0.4,0.225598546985721,0.174703842583653
"10 items, lambda = 1","i10_l1",8,0.833333333333333,-0.38,0.229111787496175,0.176619576326483
"10 items, lambda = 1","i10_l1",8,0.833333333333333,-0.36,0.232663301907492,0.178531089852995
"10 items, lambda = 1","i10_l1",8,0.833333333333333,-0.34,0.236252997194544,0.180437518511139
"10 items, lambda = 1","i10_l1",8,0.833333333333333,-0.32,0.239880762886613,0.18233798248355
"10 items, lambda = 1","i10_l1",8,0.833333333333333,-0.3,0.243546470769596,0.18423158734527
"10 items, lambda = 1","i10_l1",8,0.833333333333333,-0.28,0.247249974599752,0.186117424660174
"10 items, lambda = 1","i10_l1",8,0.833333333333333,-0.26,0.250991109829767,0.187994572616189
"10 items, lambda = 1","i10_l1",8,0.833333333333333,-0.24,0.254769693347912,0.189862096699323
"10 items, lambda = 1","i10_l1",8,0.833333333333333,-0.22,0.258585523231065,0.191719050406381
"10 items, lambda = 1","i10_l1",8,0.833333333333333,-0.2,0.262438378512375,0.19356447599617
"10 items, lambda = 1","i10_l1",8,0.833333333333333,-0.18,0.266328018964337,0.195397405278869
"10 items, lambda = 1","i10_l1",8,0.833333333333333,-0.16,0.270254184898021,0.197216860443127
"10 items, lambda = 1","i10_l1",8,0.833333333333333,-0.14,0.274216596979228,0.19902185492036
"10 items, lambda = 1","i10_l1",8,0.833333333333333,-0.12,0.278214956062293,0.20081139428555
"10 items, lambda = 1","i10_l1",8,0.833333333333333,-0.1,0.28224894304226,0.202584477193787
"10 items, lambda = 1","i10_l1",8,0.833333333333333,-0.0800000000000001,0.286318218726142,0.204340096351631
"10 items, lambda = 1","i10_l1",8,0.833333333333333,-0.06,0.290422423723946,0.206077239522255
"10 items, lambda = 1","i10_l1",8,0.833333333333333,-0.04,0.294561178360132,0.207794890563222
"10 items, lambda = 1","i10_l1",8,0.833333333333333,-0.02,0.298734082606138,0.209492030495607
"10 items, lambda = 1","i10_l1",8,0.833333333333333,0,0.302940716034593,0.211167638603041
"10 items, lambda = 1","i10_l1",8,0.833333333333333,0.0200000000000005,0.307180637795797,0.212820693559164
"10 items, lambda = 1","i10_l1",8,0.833333333333333,0.04,0.31145338661702,0.214450174581809
"10 items, lambda = 1","i10_l1",8,0.833333333333333,0.0600000000000005,0.315758480825138,0.216055062612139
"10 items, lambda = 1","i10_l1",8,0.833333333333333,0.0800000000000001,0.32009541839308,0.217634341516839
"10 items, lambda = 1","i10_l1",8,0.833333333333333,0.0999999999999996,0.324463677010546,0.219186999311342
"10 items, lambda = 1","i10_l1",8,0.833333333333333,0.12,0.328862714179364,0.220712029401946
"10 items, lambda = 1","i10_l1",8,0.833333333333333,0.14,0.333291967333877,0.222208431844591
"10 items, lambda = 1","i10_l1",8,0.833333333333333,0.16,0.33775085398664,0.223675214617935
"10 items, lambda = 1","i10_l1",8,0.833333333333333,0.18,0.342238771899708,0.225111394908287
"10 items, lambda = 1","i10_l1",8,0.833333333333333,0.2,0.346755099281717,0.226516000403843
"10 items, lambda = 1","i10_l1",8,0.833333333333333,0.22,0.351299195010923,0.2278880705956
"10 items, lambda = 1","i10_l1",8,0.833333333333333,0.24,0.355870398884303,0.22922665808223
"10 items, lambda = 1","i10_l1",8,0.833333333333333,0.26,0.360468031892768,0.230530829876122
"10 items, lambda = 1","i10_l1",8,0.833333333333333,0.28,0.365091396522485,0.231799668707747
"10 items, lambda = 1","i10_l1",8,0.833333333333333,0.3,0.369739777082249,0.233032274325418
"10 items, lambda = 1","i10_l1",8,0.833333333333333,0.32,0.374412440056777,0.234227764787507
"10 items, lambda = 1","i10_l1",8,0.833333333333333,0.34,0.379108634485743,0.235385277744098
"10 items, lambda = 1","i10_l1",8,0.833333333333333,0.36,0.383827592368322,0.236503971705059
"10 items, lambda = 1","i10_l1",8,0.833333333333333,0.38,0.388568529092927,0.237583027291486
"10 items, lambda = 1","i10_l1",8,0.833333333333333,0.4,0.393330643891789,0.23862164846746
"10 items, lambda = 1","i10_l1",8,0.833333333333333,0.42,0.398113120319943,0.239619063749062
"10 items, lambda = 1","i10_l1",8,0.833333333333333,0.44,0.402915126758155,0.240574527387615
"10 items, lambda = 1","i10_l1",8,0.833333333333333,0.46,0.407735816939209,0.241487320524125
"10 items, lambda = 1","i10_l1",8,0.833333333333333,0.48,0.412574330496994,0.242356752311951
"10 items, lambda = 1","i10_l1",8,0.833333333333333,0.5,0.417429793537685,0.243182161004771
"10 items, lambda = 1","i10_l1",8,0.833333333333333,0.52,0.422301319232321,0.243962915006962
"10 items, lambda = 1","i10_l1",8,0.833333333333333,0.54,0.427188008429986,0.244698413883608
"10 items, lambda = 1","i10_l1",8,0.833333333333333,0.56,0.432088950290768,0.24538808932739
"10 items, lambda = 1","i10_l1",8,0.833333333333333,0.58,0.4370032229376,0.24603140607975
"10 items, lambda = 1","i10_l1",8,0.833333333333333,0.6,0.441929894126047,0.246627862803788
"10 items, lambda = 1","i10_l1",8,0.833333333333333,0.62,0.446868021931049,0.24717699290648
"10 items, lambda = 1","i10_l1",8,0.833333333333333,0.64,0.451816655449579,0.247678365307935
"10 items, lambda = 1","i10_l1",8,0.833333333333333,0.66,0.456774835518142,0.248131585155516
"10 items, lambda = 1","i10_l1",8,0.833333333333333,0.68,0.461741595443987,0.248536294480828
"10 items, lambda = 1","i10_l1",8,0.833333333333333,0.7,0.466715961748869,0.248892172797697
"10 items, lambda = 1","i10_l1",8,0.833333333333333,0.72,0.471696954924171,0.249198937639436
"10 items, lambda = 1","i10_l1",8,0.833333333333333,0.74,0.47668359019615,0.249456345033859
"10 items, lambda = 1","i10_l1",8,0.833333333333333,0.76,0.481674878300044,0.249664189914682
"10 items, lambda = 1","i10_l1",8,0.833333333333333,0.78,0.486669826261768,0.249822306468109
"10 items, lambda = 1","i10_l1",8,0.833333333333333,0.8,0.491667438185881,0.249930568413614
"10 items, lambda = 1","i10_l1",8,0.833333333333333,0.82,0.496666716048505,0.249988889218099
"10 items, lambda = 1","i10_l1",8,0.833333333333333,0.84,0.501666660493855,0.249997222242798
"10 items, lambda = 1","i10_l1",8,0.833333333333333,0.86,0.50666627163303,0.249955560822515
"10 items, lambda = 1","i10_l1",8,0.833333333333333,0.88,0.511664549843712,0.249863938276944
"10 items, lambda = 1","i10_l1",8,0.833333333333333,0.9,0.516660496569412,0.249722427854061
"10 items, lambda = 1","i10_l1",8,0.833333333333333,0.92,0.5216531151169,0.249531142605734
"10 items, lambda = 1","i10_l1",8,0.833333333333333,0.94,0.526641411450484,0.249290235195926
"10 items, lambda = 1","i10_l1",8,0.833333333333333,0.96,0.531624394981769,0.248999897642037
"10 items, lambda = 1","i10_l1",8,0.833333333333333,0.98,0.536601079353591,0.248660360990152
"10 items, lambda = 1","i10_l1",8,0.833333333333333,1,0.5415704832168,0.248271894925122
"10 items, lambda = 1","i10_l1",8,0.833333333333333,1.02,0.5465316309986,0.24783480731661
"10 items, lambda = 1","i10_l1",8,0.833333333333333,1.04,0.551483553661183,0.247349443702416
"10 items, lambda = 1","i10_l1",8,0.833333333333333,1.06,0.55642528944941,0.24681618671055
"10 items, lambda = 1","i10_l1",8,0.833333333333333,1.08,0.561355884626344,0.246235455421719
"10 items, lambda = 1","i10_l1",8,0.833333333333333,1.1,0.56627439419544,0.245607704674028
"10 items, lambda = 1","i10_l1",8,0.833333333333333,1.12,0.571179882608274,0.244933424311872
"10 items, lambda = 1","i10_l1",8,0.833333333333333,1.14,0.576071424456712,0.244213138381127
"10 items, lambda = 1","i10_l1",8,0.833333333333333,1.16,0.580948105148459,0.243447404272874
"10 items, lambda = 1","i10_l1",8,0.833333333333333,1.18,0.585809021564985,0.24263681181806
"10 items, lambda = 1","i10_l1",8,0.833333333333333,1.2,0.590653282700886,0.241781982335553
"10 items, lambda = 1","i10_l1",8,0.833333333333333,1.22,0.595480010283748,0.240883567636215
"10 items, lambda = 1","i10_l1",8,0.833333333333333,1.24,0.600288339373686,0.239942248985668
"10 items, lambda = 1","i10_l1",8,0.833333333333333,1.26,0.605077418941737,0.238958736028543
"10 items, lambda = 1","i10_l1",8,0.833333333333333,1.28,0.609846412426392,0.237933765677051
"10 items, lambda = 1","i10_l1",8,0.833333333333333,1.3,0.61459449826755,0.236868100966809
"10 items, lambda = 1","i10_l1",8,0.833333333333333,1.32,0.619320870417295,0.235762529882859
"10 items, lambda = 1","i10_l1",8,0.833333333333333,1.34,0.624024738826925,0.234617864158913
"10 items, lambda = 1","i10_l1",8,0.833333333333333,1.36,0.628705329909708,0.233434938052833
"10 items, lambda = 1","i10_l1",8,0.833333333333333,1.38,0.633361886978954,0.232214607101413
"10 items, lambda = 1","i10_l1",8,0.833333333333333,1.4,0.637993670660984,0.230957746857508
"10 items, lambda = 1","i10_l1",8,0.833333333333333,1.42,0.642599959282703,0.229665251612571
"10 items, lambda = 1","i10_l1",8,0.833333333333333,1.44,0.647180049233497,0.228338033107625
"10 items, lambda = 1","i10_l1",8,0.833333333333333,1.46,0.651733255301261,0.226977019235682
"10 items, lambda = 1","i10_l1",8,0.833333333333333,1.48,0.656258910982414,0.22558315273859
"10 items, lambda = 1","i10_l1",8,0.833333333333333,1.5,0.660756368765817,0.224157389901229
"10 items, lambda = 1","i10_l1",8,0.833333333333333,1.52,0.66522500039058,0.222700699245933
"10 items, lambda = 1","i10_l1",8,0.833333333333333,1.54,0.669664197077775,0.221214060229954
"10 items, lambda = 1","i10_l1",8,0.833333333333333,1.56,0.674073369736155,0.2196984619487
"10 items, lambda = 1","i10_l1",8,0.833333333333333,1.58,0.678451949142018,0.218154901847415
"10 items, lambda = 1","i10_l1",8,0.833333333333333,1.6,0.682799386093413,0.216584384443871
"10 items, lambda = 1","i10_l1",8,0.833333333333333,1.62,0.687115151538922,0.214987920064566
"10 items, lambda = 1","i10_l1",8,0.833333333333333,1.64,0.691398736681332,0.21336652359679
"10 items, lambda = 1","i10_l1",8,0.833333333333333,1.66,0.695649653056521,0.211721213258863
"10 items, lambda = 1","i10_l1",8,0.833333333333333,1.68,0.699867432587945,0.210053009390703
"10 items, lambda = 1","i10_l1",8,0.833333333333333,1.7,0.704051627617162,0.208362933266787
"10 items, lambda = 1","i10_l1",8,0.833333333333333,1.72,0.708201810910858,0.20665200593344
"10 items, lambda = 1","i10_l1",8,0.833333333333333,1.74,0.712317575644865,0.204921247072287
"10 items, lambda = 1","i10_l1",8,0.833333333333333,1.76,0.716398535365742,0.203171673891562
"10 items, lambda = 1","i10_l1",8,0.833333333333333,1.78,0.720444323930458,0.201404300046843
"10 items, lambda = 1","i10_l1",8,0.833333333333333,1.8,0.724454595424802,0.199620134592688
"10 items, lambda = 1","i10_l1",8,0.833333333333333,1.82,0.728429024061152,0.197820180966469
"10 items, lambda = 1","i10_l1",8,0.833333333333333,1.84,0.732367304056242,0.196005436005634
"10 items, lambda = 1","i10_l1",8,0.833333333333333,1.86,0.736269149489623,0.19417688899945
"10 items, lambda = 1","i10_l1",8,0.833333333333333,1.88,0.740134294143515,0.192335520776196
"10 items, lambda = 1","i10_l1",8,0.833333333333333,1.9,0.743962491324758,0.190482302826617
"10 items, lambda = 1","i10_l1",8,0.833333333333333,1.92,0.747753513669603,0.188618196464366
"10 items, lambda = 1","i10_l1",8,0.833333333333333,1.94,0.751507152932089,0.186744152023995
"10 items, lambda = 1","i10_l1",8,0.833333333333333,1.96,0.755223219756757,0.184861108096994
"10 items, lambda = 1","i10_l1",8,0.833333333333333,1.98,0.758901543436468,0.182969990806215
"10 items, lambda = 1","i10_l1",8,0.833333333333333,2,0.762541971656097,0.181071713118929
"10 items, lambda = 1","i10_l1",8,0.833333333333333,2.02,0.766144370222876,0.179167174198669
"10 items, lambda = 1","i10_l1",8,0.833333333333333,2.04,0.769708622784158,0.177257258795873
"10 items, lambda = 1","i10_l1",8,0.833333333333333,2.06,0.773234630533388,0.175342836677283
"10 items, lambda = 1","i10_l1",8,0.833333333333333,2.08,0.776722311905043,0.173424762093928
"10 items, lambda = 1","i10_l1",8,0.833333333333333,2.1,0.780171602259318,0.171503873287447
"10 items, lambda = 1","i10_l1",8,0.833333333333333,2.12,0.783582453557317,0.169580992034412
"10 items, lambda = 1","i10_l1",8,0.833333333333333,2.14,0.786954834027511,0.167656923228244
"10 items, lambda = 1","i10_l1",8,0.833333333333333,2.16,0.790288727824201,0.165732454498207
"10 items, lambda = 1","i10_l1",8,0.833333333333333,2.18,0.793584134678733,0.163808355864939
"10 items, lambda = 1","i10_l1",8,0.833333333333333,2.2,0.796841069544177,0.161885379431869
"10 items, lambda = 1","i10_l1",8,0.833333333333333,2.22,0.800059562234191,0.159964259111826
"10 items, lambda = 1","i10_l1",8,0.833333333333333,2.24,0.803239657056767,0.158045710388094
"10 items, lambda = 1","i10_l1",8,0.833333333333333,2.26,0.806381412443527,0.15613043010911
"10 items, lambda = 1","i10_l1",8,0.833333333333333,2.28,0.809484900575248,0.154219096315929
"10 items, lambda = 1","i10_l1",8,0.833333333333333,2.3,0.812550207004259,0.152312368101595
"10 items, lambda = 1","i10_l1",8,0.833333333333333,2.32,0.815577430274327,0.150410885501452
"10 items, lambda = 1","i10_l1",8,0.833333333333333,2.34,0.818566681538662,0.148515269413444
"10 items, lambda = 1","i10_l1",8,0.833333333333333,2.36,0.821518084176614,0.1466261215474
"10 items, lambda = 1","i10_l1",8,0.833333333333333,2.38,0.824431773409634,0.14474402440228
"10 items, lambda = 1","i10_l1",8,0.833333333333333,2.4,0.827307895917056,0.14286954127035
"10 items, lambda = 1","i10_l1",8,0.833333333333333,2.42,0.830146609452223,0.141003216267202
"10 items, lambda = 1","i10_l1",8,0.833333333333333,2.44,0.83294808245946,0.139145574386569
"10 items, lambda = 1","i10_l1",8,0.833333333333333,2.46,0.835712493692381,0.137297121578843
"10 items, lambda = 1","i10_l1",8,0.833333333333333,2.48,0.838440031834003,0.135458344852199
"10 items, lambda = 1","i10_l1",8,0.833333333333333,2.5,0.841130895119085,0.133629712395252
"10 items, lambda = 1","i10_l1",8,0.833333333333333,2.52,0.84378529095914,0.131811673720139
"10 items, lambda = 1","i10_l1",8,0.833333333333333,2.54,0.846403435570498,0.130004659824956
"10 items, lambda = 1","i10_l1",8,0.833333333333333,2.56,0.8489855536058,0.128209083374453
"10 items, lambda = 1","i10_l1",8,0.833333333333333,2.58,0.851531877789286,0.126425338897939
"10 items, lambda = 1","i10_l1",8,0.833333333333333,2.6,0.854042648556196,0.124653803003314
"10 items, lambda = 1","i10_l1",8,0.833333333333333,2.62,0.856518113696613,0.122894834606209
"10 items, lambda = 1","i10_l1",8,0.833333333333333,2.64,0.858958528004025,0.121148775173183
"10 items, lambda = 1","i10_l1",8,0.833333333333333,2.66,0.861364152928887,0.119415948977988
"10 items, lambda = 1","i10_l1",8,0.833333333333333,2.68,0.863735256237425,0.117696663369895
"10 items, lambda = 1","i10_l1",8,0.833333333333333,2.7,0.866072111675926,0.115991209053128
"10 items, lambda = 1","i10_l1",8,0.833333333333333,2.72,0.868374998640719,0.11429986037645
"10 items, lambda = 1","i10_l1",8,0.833333333333333,2.74,0.870644201854033,0.112622875631987
"10 items, lambda = 1","i10_l1",8,0.833333333333333,2.76,0.872880011045928,0.110960497362389
"10 items, lambda = 1","i10_l1",8,0.833333333333333,2.78,0.875082720642438,0.109312952675467
"10 items, lambda = 1","i10_l1",8,0.833333333333333,2.8,0.877252629460078,0.107680453565457
"10 items, lambda = 1","i10_l1",8,0.833333333333333,2.82,0.879390040406833,0.106063197240102
"10 items, lambda = 1","i10_l1",8,0.833333333333333,2.84,0.88149526018974,0.104461366452763
"10 items, lambda = 1","i10_l1",8,0.833333333333333,2.86,0.883568599029161,0.102875129838807
"10 items, lambda = 1","i10_l1",8,0.833333333333333,2.88,0.885610370379816,0.101304642255541
"10 items, lambda = 1","i10_l1",8,0.833333333333333,2.9,0.887620890658643,0.099750045125
"10 items, lambda = 1","i10_l1",8,0.833333333333333,2.92,0.889600478979544,0.0982114667789098
"10 items, lambda = 1","i10_l1",8,0.833333333333333,2.94,0.891549456895037,0.0966890228052015
"10 items, lambda = 1","i10_l1",8,0.833333333333333,2.96,0.893468148144856,0.0951828163954576
"10 items, lambda = 1","i10_l1",8,0.833333333333333,2.98,0.895356878411502,0.0936929386927127
"10 items, lambda = 1","i10_l1",8,0.833333333333333,3,0.897215975082748,0.0922194691390615
"10 items, lambda = 1","i10_l1",8,0.833333333333333,3.02,0.899045767021092,0.0907624758225486
"10 items, lambda = 1","i10_l1",8,0.833333333333333,3.04,0.900846584340132,0.0893220158228493
"10 items, lambda = 1","i10_l1",8,0.833333333333333,3.06,0.902618758187847,0.0878981355552759
"10 items, lambda = 1","i10_l1",8,0.833333333333333,3.08,0.904362620536728,0.0864908711126701
"10 items, lambda = 1","i10_l1",8,0.833333333333333,3.1,0.906078503980729,0.0851002486047732
"10 items, lambda = 1","i10_l1",8,0.833333333333333,3.12,0.907766741538974,0.0837262844946876
"10 items, lambda = 1","i10_l1",8,0.833333333333333,3.14,0.909427666466163,0.0823689859320727
"10 items, lambda = 1","i10_l1",8,0.833333333333333,3.16,0.911061612069603,0.0810283510827396
"10 items, lambda = 1","i10_l1",8,0.833333333333333,3.18,0.912668911532797,0.0797043694543362
"10 items, lambda = 1","i10_l1",8,0.833333333333333,3.2,0.914249897745504,0.0783970222178394
"10 items, lambda = 1","i10_l1",8,0.833333333333333,3.22,0.915804903140179,0.0771062825245867
"10 items, lambda = 1","i10_l1",8,0.833333333333333,3.24,0.917334259534714,0.0758321158186122
"10 items, lambda = 1","i10_l1",8,0.833333333333333,3.26,0.918838297981376,0.0745744801440639
"10 items, lambda = 1","i10_l1",8,0.833333333333333,3.28,0.920317348621841,0.073333326447506
"10 items, lambda = 1","i10_l1",8,0.833333333333333,3.3,0.921771740548216,0.0721085988749283
"10 items, lambda = 1","i10_l1",8,0.833333333333333,3.32,0.92320180166996,0.0709002350632997
"10 items, lambda = 1","i10_l1",8,0.833333333333333,3.34,0.924607858586567,0.0697081664265295
"10 items, lambda = 1","i10_l1",8,0.833333333333333,3.36,0.925990236465921,0.068532318435709
"10 items, lambda = 1","i10_l1",8,0.833333333333333,3.38,0.927349258928187,0.0673726108935297
"10 items, lambda = 1","i10_l1",8,0.833333333333333,3.4,0.928685247935146,0.0662289582027824
"10 items, lambda = 1","i10_l1",8,0.833333333333333,3.42,0.929998523684828,0.0651012696288683
"10 items, lambda = 1","i10_l1",8,0.833333333333333,3.44,0.931289404511338,0.0639894495562553
"10 items, lambda = 1","i10_l1",8,0.833333333333333,3.46,0.932558206789754,0.0628933977388323
"10 items, lambda = 1","i10_l1",8,0.833333333333333,3.48,0.933805244845965,0.0618130095441325
"10 items, lambda = 1","i10_l1",8,0.833333333333333,3.5,0.935030830871336,0.0607481761913951
"10 items, lambda = 1","i10_l1",8,0.833333333333333,3.52,0.936235274842073,0.0596987849834614
"10 items, lambda = 1","i10_l1",8,0.833333333333333,3.54,0.937418884443159,0.0586647195325025
"10 items, lambda = 1","i10_l1",8,0.833333333333333,3.56,0.93858196499675,0.0576458599795894
"10 items, lambda = 1","i10_l1",8,0.833333333333333,3.58,0.939724819394896,0.0566420832081259
"10 items, lambda = 1","i10_l1",8,0.833333333333333,3.6,0.940847748036472,0.0556532630511717
"10 items, lambda = 1","i10_l1",8,0.833333333333333,3.62,0.94195104876819,0.0546792704926974
"10 items, lambda = 1","i10_l1",8,0.833333333333333,3.64,0.943035016829584,0.05371997386281
"10 items, lambda = 1","i10_l1",8,0.833333333333333,3.66,0.944099944801836,0.0527752390270065
"10 items, lambda = 1","i10_l1",8,0.833333333333333,3.68,0.94514612256032,0.0518449295695121
"10 items, lambda = 1","i10_l1",8,0.833333333333333,3.7,0.94617383723077,0.05092890697077
"10 items, lambda = 1","i10_l1",8,0.833333333333333,3.72,0.947183373148925,0.0500270307791497
"10 items, lambda = 1","i10_l1",8,0.833333333333333,3.74,0.948175011823556,0.0491391587769555
"10 items, lambda = 1","i10_l1",8,0.833333333333333,3.76,0.949149031902765,0.0482651471408087
"10 items, lambda = 1","i10_l1",8,0.833333333333333,3.78,0.950105709143423,0.0474048505964963
"10 items, lambda = 1","i10_l1",8,0.833333333333333,3.8,0.951045316383657,0.046558122568367
"10 items, lambda = 1","i10_l1",8,0.833333333333333,3.82,0.951968123518272,0.0457248153233724
"10 items, lambda = 1","i10_l1",8,0.833333333333333,3.84,0.952874397476998,0.044904780109846
"10 items, lambda = 1","i10_l1",8,0.833333333333333,3.86,0.953764402205465,0.0440978672911168
"10 items, lambda = 1","i10_l1",8,0.833333333333333,3.88,0.954638398648794,0.04330392647406
"10 items, lambda = 1","i10_l1",8,0.833333333333333,3.9,0.955496644737713,0.0425228066326857
"10 items, lambda = 1","i10_l1",8,0.833333333333333,3.92,0.956339395377094,0.0417543562268681
"10 items, lambda = 1","i10_l1",8,0.833333333333333,3.94,0.957166902436821,0.0409984233163224
"10 items, lambda = 1","i10_l1",8,0.833333333333333,3.96,0.957979414744883,0.0402548556699346
"10 items, lambda = 1","i10_l1",8,0.833333333333333,3.98,0.958777178082617,0.0395235008705508
"10 items, lambda = 1","i10_l1",8,0.833333333333333,4,0.959560435181997,0.0388042064153338
"10 items, lambda = 1","i10_l1",9,1.16666666666667,-4,0.00567120301374089,0.00563904047011782
"10 items, lambda = 1","i10_l1",9,1.16666666666667,-3.98,0.00578510613828835,0.00575163868525708
"10 items, lambda = 1","i10_l1",9,1.16666666666667,-3.96,0.00590128336980781,0.00586645822439704
"10 items, lambda = 1","i10_l1",9,1.16666666666667,-3.94,0.00601977956076662,0.0059835418148064
"10 items, lambda = 1","i10_l1",9,1.16666666666667,-3.92,0.00614064042593042,0.00610293296108985
"10 items, lambda = 1","i10_l1",9,1.16666666666667,-3.9,0.00626391255803281,0.00622467595749813
"10 items, lambda = 1","i10_l1",9,1.16666666666667,-3.88,0.00638964344369231,0.00634881590035479
"10 items, lambda = 1","i10_l1",9,1.16666666666667,-3.86,0.00651788147957907,0.00647539870059723
"10 items, lambda = 1","i10_l1",9,1.16666666666667,-3.84,0.00664867598883346,0.00660447109642897
"10 items, lambda = 1","i10_l1",9,1.16666666666667,-3.82,0.00678207723773883,0.00673608066608018
"10 items, lambda = 1","i10_l1",9,1.16666666666667,-3.8,0.00691813645265053,0.00687027584067304
"10 items, lambda = 1","i10_l1",9,1.16666666666667,-3.78,0.00705690583718326,0.00700710591718839
"10 items, lambda = 1","i10_l1",9,1.16666666666667,-3.76,0.00719843858965868,0.00714662107152959
"10 items, lambda = 1","i10_l1",9,1.16666666666667,-3.74,0.00734278892081532,0.00728887237167967
"10 items, lambda = 1","i10_l1",9,1.16666666666667,-3.72,0.0074900120717825,0.00743391179094705
"10 items, lambda = 1","i10_l1",9,1.16666666666667,-3.7,0.00764016433231994,0.00758179222129509
"10 items, lambda = 1","i10_l1",9,1.16666666666667,-3.68,0.0077933030593249,0.00773256748675041
"10 items, lambda = 1","i10_l1",9,1.16666666666667,-3.66,0.00794948669560803,0.00788629235688438
"10 items, lambda = 1","i10_l1",9,1.16666666666667,-3.64,0.00810877478893974,0.008043022560362
"10 items, lambda = 1","i10_l1",9,1.16666666666667,-3.62,0.00827122801136806,0.00820281479855202
"10 items, lambda = 1","i10_l1",9,1.16666666666667,-3.6,0.00843690817880925,0.00836572675919159
"10 items, lambda = 1","i10_l1",9,1.16666666666667,-3.58,0.00860587827091222,0.00853181713009846
"10 items, lambda = 1","i10_l1",9,1.16666666666667,-3.56,0.00877820245119761,0.0087011456129234
"10 items, lambda = 1","i10_l1",9,1.16666666666667,-3.54,0.00895394608747229,0.00887377293693493
"10 items, lambda = 1","i10_l1",9,1.16666666666667,-3.52,0.00913317577251972,0.00904976087282798
"10 items, lambda = 1","i10_l1",9,1.16666666666667,-3.5,0.00931595934506669,0.00922917224654776
"10 items, lambda = 1","i10_l1",9,1.16666666666667,-3.48,0.00950236591102667,0.00941207095311962
"10 items, lambda = 1","i10_l1",9,1.16666666666667,-3.46,0.00969246586501965,0.00959852197047507
"10 items, lambda = 1","i10_l1",9,1.16666666666667,-3.44,0.00988633091216844,0.00978859137326354
"10 items, lambda = 1","i10_l1",9,1.16666666666667,-3.42,0.0100840340901709,0.00998234634663921
"10 items, lambda = 1","i10_l1",9,1.16666666666667,-3.4,0.0102856497916478,0.0101798552000113
"10 items, lambda = 1","i10_l1",9,1.16666666666667,-3.38,0.0104912537867646,0.0103811873807463
"10 items, lambda = 1","i10_l1",9,1.16666666666667,-3.36,0.0107009232461275,0.010586413487808
"10 items, lambda = 1","i10_l1",9,1.16666666666667,-3.34,0.0109147367639513,0.010795605285325
"10 items, lambda = 1","i10_l1",9,1.16666666666667,-3.32,0.0111327743814972,0.0110088357160678
"10 items, lambda = 1","i10_l1",9,1.16666666666667,-3.3,0.0113551176107796,0.011226178914825
"10 items, lambda = 1","i10_l1",9,1.16666666666667,-3.28,0.0115818494585399,0.0114477102216596
"10 items, lambda = 1","i10_l1",9,1.16666666666667,-3.26,0.0118130544504826,0.0116735061950326
"10 items, lambda = 1","i10_l1",9,1.16666666666667,-3.24,0.0120488186557738,0.0119036446247741
"10 items, lambda = 1","i10_l1",9,1.16666666666667,-3.22,0.0122892297117968,0.0121382045448875
"10 items, lambda = 1","i10_l1",9,1.16666666666667,-3.2,0.0125343768491617,0.0123772662461649
"10 items, lambda = 1","i10_l1",9,1.16666666666667,-3.18,0.0127843509169663,0.0126209112885982
"10 items, lambda = 1","i10_l1",9,1.16666666666667,-3.16,0.0130392444083018,0.0128692225135624
"10 items, lambda = 1","i10_l1",9,1.16666666666667,-3.14,0.0132991514860003,0.0131222840557527
"10 items, lambda = 1","i10_l1",9,1.16666666666667,-3.12,0.0135641680086187,0.0133801813548527
"10 items, lambda = 1","i10_l1",9,1.16666666666667,-3.1,0.0138343915566525,0.0136430011669097
"10 items, lambda = 1","i10_l1",9,1.16666666666667,-3.08,0.014109921458974,0.0139108315753955
"10 items, lambda = 1","i10_l1",9,1.16666666666667,-3.06,0.0143908588194889,0.0141837620019265
"10 items, lambda = 1","i10_l1",9,1.16666666666667,-3.04,0.0146773065440035,0.0144618832166169
"10 items, lambda = 1","i10_l1",9,1.16666666666667,-3.02,0.0149693693672945,0.01474528734804
"10 items, lambda = 1","i10_l1",9,1.16666666666667,-3,0.0152671538803745,0.0150340678927674
"10 items, lambda = 1","i10_l1",9,1.16666666666667,-2.98,0.0155707685579437,0.0153283197244586
"10 items, lambda = 1","i10_l1",9,1.16666666666667,-2.96,0.0158803237860185,0.0156281391024697
"10 items, lambda = 1","i10_l1",9,1.16666666666667,-2.94,0.0161959318897275,0.0159336236799508
"10 items, lambda = 1","i10_l1",9,1.16666666666667,-2.92,0.0165177071612634,0.0162448725113981
"10 items, lambda = 1","i10_l1",9,1.16666666666667,-2.9,0.0168457658879809,0.0165619860596282
"10 items, lambda = 1","i10_l1",9,1.16666666666667,-2.88,0.017180226380628,0.0168850662021384
"10 items, lambda = 1","i10_l1",9,1.16666666666667,-2.86,0.0175212090016974,0.0172142162368163
"10 items, lambda = 1","i10_l1",9,1.16666666666667,-2.84,0.0178688361938861,0.0175495408869621
"10 items, lambda = 1","i10_l1",9,1.16666666666667,-2.82,0.0182232325086472,0.017891146305583
"10 items, lambda = 1","i10_l1",9,1.16666666666667,-2.8,0.0185845246348217,0.0182391400789194
"10 items, lambda = 1","i10_l1",9,1.16666666666667,-2.78,0.0189528414273305,0.018593631229161
"10 items, lambda = 1","i10_l1",9,1.16666666666667,-2.76,0.0193283139359144,0.0189547302163092
"10 items, lambda = 1","i10_l1",9,1.16666666666667,-2.74,0.019711075433901,0.0193225489391401
"10 items, lambda = 1","i10_l1",9,1.16666666666667,-2.72,0.0201012614469822,0.0196972007352222
"10 items, lambda = 1","i10_l1",9,1.16666666666667,-2.7,0.0204990097819817,0.0200788003799399
"10 items, lambda = 1","i10_l1",9,1.16666666666667,-2.68,0.0209044605555935,0.0204674640844731
"10 items, lambda = 1","i10_l1",9,1.16666666666667,-2.66,0.0213177562230677,0.0208633094926815
"10 items, lambda = 1","i10_l1",9,1.16666666666667,-2.64,0.0217390416068241,0.0212664556768409
"10 items, lambda = 1","i10_l1",9,1.16666666666667,-2.62,0.0221684639249677,0.0216770231321751
"10 items, lambda = 1","i10_l1",9,1.16666666666667,-2.6,0.0226061728196823,0.022095133770129
"10 items, lambda = 1","i10_l1",9,1.16666666666667,-2.58,0.0230523203854769,0.0225209109103223
"10 items, lambda = 1","i10_l1",9,1.16666666666667,-2.56,0.0235070611972575,0.0229544792711259
"10 items, lambda = 1","i10_l1",9,1.16666666666667,-2.54,0.0239705523381954,0.0233959649587972
"10 items, lambda = 1","i10_l1",9,1.16666666666667,-2.52,0.0244429534273644,0.0238454954551121
"10 items, lambda = 1","i10_l1",9,1.16666666666667,-2.5,0.024924426647114,0.0243031996034267
"10 items, lambda = 1","i10_l1",9,1.16666666666667,-2.48,0.0254151367701485,0.0247692075931032
"10 items, lambda = 1","i10_l1",9,1.16666666666667,-2.46,0.0259152511862767,0.0252436509422289
"10 items, lambda = 1","i10_l1",9,1.16666666666667,-2.44,0.0264249399287993,0.0257266624785586
"10 items, lambda = 1","i10_l1",9,1.16666666666667,-2.42,0.0269443757004958,0.0262183763186064
"10 items, lambda = 1","i10_l1",9,1.16666666666667,-2.4,0.0274737338991754,0.0267189278448127
"10 items, lambda = 1","i10_l1",9,1.16666666666667,-2.38,0.0280131926427497,0.0272284536807099
"10 items, lambda = 1","i10_l1",9,1.16666666666667,-2.36,0.0285629327937897,0.0277470916640072
"10 items, lambda = 1","i10_l1",9,1.16666666666667,-2.34,0.0291231379835216,0.0282749808175144
"10 items, lambda = 1","i10_l1",9,1.16666666666667,-2.32,0.02969399463522,0.0288122613178235
"10 items, lambda = 1","i10_l1",9,1.16666666666667,-2.3,0.0302756919869505,0.0293590744616618
"10 items, lambda = 1","i10_l1",9,1.16666666666667,-2.28,0.0308684221136163,0.0299155626298319
"10 items, lambda = 1","i10_l1",9,1.16666666666667,-2.26,0.0314723799482581,0.0304818692486506
"10 items, lambda = 1","i10_l1",9,1.16666666666667,-2.24,0.0320877633025576,0.0310581387487966
"10 items, lambda = 1","i10_l1",9,1.16666666666667,-2.22,0.0327147728864904,0.0316445165214757
"10 items, lambda = 1","i10_l1",9,1.16666666666667,-2.2,0.0333536123270755,0.0322411488718107
"10 items, lambda = 1","i10_l1",9,1.16666666666667,-2.18,0.0340044881861637,0.0328481829693608
"10 items, lambda = 1","i10_l1",9,1.16666666666667,-2.16,0.0346676099772068,0.0334657667956751
"10 items, lambda = 1","i10_l1",9,1.16666666666667,-2.14,0.0353431901809475,0.0340940490887809
"10 items, lambda = 1","i10_l1",9,1.16666666666667,-2.12,0.0360314442599675,0.0347331792845084
"10 items, lambda = 1","i10_l1",9,1.16666666666667,-2.1,0.0367325906720298,0.0353833074545509
"10 items, lambda = 1","i10_l1",9,1.16666666666667,-2.08,0.0374468508821484,0.0360445842411585
"10 items, lambda = 1","i10_l1",9,1.16666666666667,-2.06,0.0381744493733179,0.0367171607883618
"10 items, lambda = 1","i10_l1",9,1.16666666666667,-2.04,0.0389156136558312,0.0374011886696213
"10 items, lambda = 1","i10_l1",9,1.16666666666667,-2.02,0.0396705742751146,0.0380968198117972
"10 items, lambda = 1","i10_l1",9,1.16666666666667,-2,0.0404395648180032,0.0388042064153338
"10 items, lambda = 1","i10_l1",9,1.16666666666667,-1.98,0.041222821917383,0.0395235008705507
"10 items, lambda = 1","i10_l1",9,1.16666666666667,-1.96,0.0420205852551173,0.0402548556699347
"10 items, lambda = 1","i10_l1",9,1.16666666666667,-1.94,0.0428330975631793,0.0409984233163225
"10 items, lambda = 1","i10_l1",9,1.16666666666667,-1.92,0.0436606046229058,0.0417543562268681
"10 items, lambda = 1","i10_l1",9,1.16666666666667,-1.9,0.0445033552622871,0.0425228066326857
"10 items, lambda = 1","i10_l1",9,1.16666666666667,-1.88,0.0453616013512058,0.04330392647406
"10 items, lambda = 1","i10_l1",9,1.16666666666667,-1.86,0.0462355977945348,0.0440978672911168
"10 items, lambda = 1","i10_l1",9,1.16666666666667,-1.84,0.0471256025230021,0.0449047801098461
"10 items, lambda = 1","i10_l1",9,1.16666666666667,-1.82,0.0480318764817286,0.0457248153233726
"10 items, lambda = 1","i10_l1",9,1.16666666666667,-1.8,0.0489546836163433,0.046558122568367
"10 items, lambda = 1","i10_l1",9,1.16666666666667,-1.78,0.0498942908565771,0.0474048505964964
"10 items, lambda = 1","i10_l1",9,1.16666666666667,-1.76,0.0508509680972348,0.0482651471408088
"10 items, lambda = 1","i10_l1",9,1.16666666666667,-1.74,0.051824988176444,0.0491391587769555
"10 items, lambda = 1","i10_l1",9,1.16666666666667,-1.72,0.0528166268510756,0.0500270307791498
"10 items, lambda = 1","i10_l1",9,1.16666666666667,-1.7,0.0538261627692296,0.05092890697077
"10 items, lambda = 1","i10_l1",9,1.16666666666667,-1.68,0.0548538774396795,0.0518449295695121
"10 items, lambda = 1","i10_l1",9,1.16666666666667,-1.66,0.0559000551981642,0.0527752390270064
"10 items, lambda = 1","i10_l1",9,1.16666666666667,-1.64,0.0569649831704158,0.0537199738628101
"10 items, lambda = 1","i10_l1",9,1.16666666666667,-1.62,0.0580489512318107,0.0546792704926975
"10 items, lambda = 1","i10_l1",9,1.16666666666667,-1.6,0.0591522519635285,0.0556532630511717
"10 items, lambda = 1","i10_l1",9,1.16666666666667,-1.58,0.0602751806051037,0.0566420832081258
"10 items, lambda = 1","i10_l1",9,1.16666666666667,-1.56,0.0614180350032499,0.0576458599795895
"10 items, lambda = 1","i10_l1",9,1.16666666666667,-1.54,0.0625811155568412,0.0586647195325025
"10 items, lambda = 1","i10_l1",9,1.16666666666667,-1.52,0.0637647251579274,0.0596987849834614
"10 items, lambda = 1","i10_l1",9,1.16666666666667,-1.5,0.0649691691286641,0.0607481761913951
"10 items, lambda = 1","i10_l1",9,1.16666666666667,-1.48,0.0661947551540352,0.0618130095441326
"10 items, lambda = 1","i10_l1",9,1.16666666666667,-1.46,0.0674417932102459,0.0628933977388324
"10 items, lambda = 1","i10_l1",9,1.16666666666667,-1.44,0.0687105954886617,0.0639894495562552
"10 items, lambda = 1","i10_l1",9,1.16666666666667,-1.42,0.070001476315172,0.0651012696288684
"10 items, lambda = 1","i10_l1",9,1.16666666666667,-1.4,0.071314752064854,0.0662289582027824
"10 items, lambda = 1","i10_l1",9,1.16666666666667,-1.38,0.0726507410718133,0.0673726108935297
"10 items, lambda = 1","i10_l1",9,1.16666666666667,-1.36,0.0740097635340795,0.0685323184357092
"10 items, lambda = 1","i10_l1",9,1.16666666666667,-1.34,0.0753921414134325,0.0697081664265295
"10 items, lambda = 1","i10_l1",9,1.16666666666667,-1.32,0.0767981983300399,0.0709002350632997
"10 items, lambda = 1","i10_l1",9,1.16666666666667,-1.3,0.078228259451784,0.0721085988749284
"10 items, lambda = 1","i10_l1",9,1.16666666666667,-1.28,0.0796826513781594,0.0733333264475061
"10 items, lambda = 1","i10_l1",9,1.16666666666667,-1.26,0.0811617020186237,0.0745744801440639
"10 items, lambda = 1","i10_l1",9,1.16666666666667,-1.24,0.0826657404652863,0.0758321158186123
"10 items, lambda = 1","i10_l1",9,1.16666666666667,-1.22,0.0841950968598215,0.0771062825245868
"10 items, lambda = 1","i10_l1",9,1.16666666666667,-1.2,0.0857501022544959,0.0783970222178394
"10 items, lambda = 1","i10_l1",9,1.16666666666667,-1.18,0.0873310884672026,0.0797043694543362
"10 items, lambda = 1","i10_l1",9,1.16666666666667,-1.16,0.0889383879303974,0.0810283510827396
"10 items, lambda = 1","i10_l1",9,1.16666666666667,-1.14,0.0905723335338375,0.0823689859320728
"10 items, lambda = 1","i10_l1",9,1.16666666666667,-1.12,0.0922332584610261,0.0837262844946877
"10 items, lambda = 1","i10_l1",9,1.16666666666667,-1.1,0.0939214960192712,0.0851002486047732
"10 items, lambda = 1","i10_l1",9,1.16666666666667,-1.08,0.095637379463272,0.0864908711126701
"10 items, lambda = 1","i10_l1",9,1.16666666666667,-1.06,0.097381241812153,0.087898135555276
"10 items, lambda = 1","i10_l1",9,1.16666666666667,-1.04,0.0991534156598679,0.0893220158228494
"10 items, lambda = 1","i10_l1",9,1.16666666666667,-1.02,0.100954232978908,0.0907624758225486
"10 items, lambda = 1","i10_l1",9,1.16666666666667,-1,0.102784024917252,0.0922194691390615
"10 items, lambda = 1","i10_l1",9,1.16666666666667,-0.98,0.104643121588498,0.0936929386927128
"10 items, lambda = 1","i10_l1",9,1.16666666666667,-0.96,0.106531851855144,0.0951828163954576
"10 items, lambda = 1","i10_l1",9,1.16666666666667,-0.94,0.108450543104963,0.0966890228052016
"10 items, lambda = 1","i10_l1",9,1.16666666666667,-0.92,0.110399521020456,0.0982114667789099
"10 items, lambda = 1","i10_l1",9,1.16666666666667,-0.9,0.112379109341357,0.0997500451250002
"10 items, lambda = 1","i10_l1",9,1.16666666666667,-0.88,0.114389629620184,0.101304642255541
"10 items, lambda = 1","i10_l1",9,1.16666666666667,-0.86,0.116431400970839,0.102875129838807
"10 items, lambda = 1","i10_l1",9,1.16666666666667,-0.84,0.11850473981026,0.104461366452763
"10 items, lambda = 1","i10_l1",9,1.16666666666667,-0.82,0.120609959593167,0.106063197240102
"10 items, lambda = 1","i10_l1",9,1.16666666666667,-0.8,0.122747370539922,0.107680453565457
"10 items, lambda = 1","i10_l1",9,1.16666666666667,-0.78,0.124917279357562,0.109312952675467
"10 items, lambda = 1","i10_l1",9,1.16666666666667,-0.76,0.127119988954073,0.110960497362389
"10 items, lambda = 1","i10_l1",9,1.16666666666667,-0.74,0.129355798145968,0.112622875631987
"10 items, lambda = 1","i10_l1",9,1.16666666666667,-0.72,0.131625001359281,0.11429986037645
"10 items, lambda = 1","i10_l1",9,1.16666666666667,-0.7,0.133927888324074,0.115991209053128
"10 items, lambda = 1","i10_l1",9,1.16666666666667,-0.68,0.136264743762575,0.117696663369895
"10 items, lambda = 1","i10_l1",9,1.16666666666667,-0.66,0.138635847071113,0.119415948977988
"10 items, lambda = 1","i10_l1",9,1.16666666666667,-0.64,0.141041471995975,0.121148775173183
"10 items, lambda = 1","i10_l1",9,1.16666666666667,-0.62,0.143481886303387,0.122894834606209
"10 items, lambda = 1","i10_l1",9,1.16666666666667,-0.6,0.145957351443805,0.124653803003314
"10 items, lambda = 1","i10_l1",9,1.16666666666667,-0.58,0.148468122210715,0.126425338897939
"10 items, lambda = 1","i10_l1",9,1.16666666666667,-0.56,0.1510144463942,0.128209083374453
"10 items, lambda = 1","i10_l1",9,1.16666666666667,-0.54,0.153596564429502,0.130004659824956
"10 items, lambda = 1","i10_l1",9,1.16666666666667,-0.52,0.15621470904086,0.131811673720139
"10 items, lambda = 1","i10_l1",9,1.16666666666667,-0.5,0.158869104880915,0.133629712395252
"10 items, lambda = 1","i10_l1",9,1.16666666666667,-0.48,0.161559968165997,0.135458344852199
"10 items, lambda = 1","i10_l1",9,1.16666666666667,-0.46,0.164287506307619,0.137297121578843
"10 items, lambda = 1","i10_l1",9,1.16666666666667,-0.44,0.167051917540541,0.139145574386569
"10 items, lambda = 1","i10_l1",9,1.16666666666667,-0.42,0.169853390547777,0.141003216267202
"10 items, lambda = 1","i10_l1",9,1.16666666666667,-0.4,0.172692104082945,0.14286954127035
"10 items, lambda = 1","i10_l1",9,1.16666666666667,-0.38,0.175568226590367,0.14474402440228
"10 items, lambda = 1","i10_l1",9,1.16666666666667,-0.36,0.178481915823386,0.1466261215474
"10 items, lambda = 1","i10_l1",9,1.16666666666667,-0.34,0.181433318461338,0.148515269413444
"10 items, lambda = 1","i10_l1",9,1.16666666666667,-0.32,0.184422569725673,0.150410885501452
"10 items, lambda = 1","i10_l1",9,1.16666666666667,-0.3,0.187449792995741,0.152312368101595
"10 items, lambda = 1","i10_l1",9,1.16666666666667,-0.28,0.190515099424752,0.154219096315929
"10 items, lambda = 1","i10_l1",9,1.16666666666667,-0.26,0.193618587556473,0.15613043010911
"10 items, lambda = 1","i10_l1",9,1.16666666666667,-0.24,0.196760342943233,0.158045710388094
"10 items, lambda = 1","i10_l1",9,1.16666666666667,-0.22,0.199940437765809,0.159964259111826
"10 items, lambda = 1","i10_l1",9,1.16666666666667,-0.2,0.203158930455823,0.161885379431869
"10 items, lambda = 1","i10_l1",9,1.16666666666667,-0.18,0.206415865321267,0.16380835586494
"10 items, lambda = 1","i10_l1",9,1.16666666666667,-0.16,0.209711272175799,0.165732454498207
"10 items, lambda = 1","i10_l1",9,1.16666666666667,-0.14,0.213045165972489,0.167656923228244
"10 items, lambda = 1","i10_l1",9,1.16666666666667,-0.12,0.216417546442683,0.169580992034412
"10 items, lambda = 1","i10_l1",9,1.16666666666667,-0.1,0.219828397740683,0.171503873287447
"10 items, lambda = 1","i10_l1",9,1.16666666666667,-0.0800000000000001,0.223277688094957,0.173424762093928
"10 items, lambda = 1","i10_l1",9,1.16666666666667,-0.06,0.226765369466612,0.175342836677283
"10 items, lambda = 1","i10_l1",9,1.16666666666667,-0.04,0.230291377215842,0.177257258795873
"10 items, lambda = 1","i10_l1",9,1.16666666666667,-0.02,0.233855629777124,0.179167174198669
"10 items, lambda = 1","i10_l1",9,1.16666666666667,0,0.237458028343903,0.181071713118929
"10 items, lambda = 1","i10_l1",9,1.16666666666667,0.0200000000000005,0.241098456563532,0.182969990806215
"10 items, lambda = 1","i10_l1",9,1.16666666666667,0.04,0.244776780243243,0.184861108096994
"10 items, lambda = 1","i10_l1",9,1.16666666666667,0.0600000000000005,0.248492847067911,0.186744152023995
"10 items, lambda = 1","i10_l1",9,1.16666666666667,0.0800000000000001,0.252246486330397,0.188618196464366
"10 items, lambda = 1","i10_l1",9,1.16666666666667,0.0999999999999996,0.256037508675242,0.190482302826617
"10 items, lambda = 1","i10_l1",9,1.16666666666667,0.12,0.259865705856485,0.192335520776196
"10 items, lambda = 1","i10_l1",9,1.16666666666667,0.14,0.263730850510377,0.19417688899945
"10 items, lambda = 1","i10_l1",9,1.16666666666667,0.16,0.267632695943758,0.196005436005634
"10 items, lambda = 1","i10_l1",9,1.16666666666667,0.18,0.271570975938848,0.19782018096647
"10 items, lambda = 1","i10_l1",9,1.16666666666667,0.2,0.275545404575198,0.199620134592688
"10 items, lambda = 1","i10_l1",9,1.16666666666667,0.22,0.279555676069542,0.201404300046843
"10 items, lambda = 1","i10_l1",9,1.16666666666667,0.24,0.283601464634258,0.203171673891562
"10 items, lambda = 1","i10_l1",9,1.16666666666667,0.26,0.287682424355135,0.204921247072287
"10 items, lambda = 1","i10_l1",9,1.16666666666667,0.28,0.291798189089143,0.20665200593344
"10 items, lambda = 1","i10_l1",9,1.16666666666667,0.3,0.295948372382838,0.208362933266787
"10 items, lambda = 1","i10_l1",9,1.16666666666667,0.32,0.300132567412055,0.210053009390703
"10 items, lambda = 1","i10_l1",9,1.16666666666667,0.34,0.304350346943479,0.211721213258863
"10 items, lambda = 1","i10_l1",9,1.16666666666667,0.36,0.308601263318668,0.21336652359679
"10 items, lambda = 1","i10_l1",9,1.16666666666667,0.38,0.312884848461078,0.214987920064566
"10 items, lambda = 1","i10_l1",9,1.16666666666667,0.4,0.317200613906588,0.216584384443872
"10 items, lambda = 1","i10_l1",9,1.16666666666667,0.42,0.321548050857982,0.218154901847415
"10 items, lambda = 1","i10_l1",9,1.16666666666667,0.44,0.325926630263845,0.2196984619487
"10 items, lambda = 1","i10_l1",9,1.16666666666667,0.46,0.330335802922225,0.221214060229954
"10 items, lambda = 1","i10_l1",9,1.16666666666667,0.48,0.33477499960942,0.222700699245933
"10 items, lambda = 1","i10_l1",9,1.16666666666667,0.5,0.339243631234183,0.224157389901229
"10 items, lambda = 1","i10_l1",9,1.16666666666667,0.52,0.343741089017586,0.22558315273859
"10 items, lambda = 1","i10_l1",9,1.16666666666667,0.54,0.348266744698739,0.226977019235682
"10 items, lambda = 1","i10_l1",9,1.16666666666667,0.56,0.352819950766503,0.228338033107625
"10 items, lambda = 1","i10_l1",9,1.16666666666667,0.58,0.357400040717297,0.229665251612572
"10 items, lambda = 1","i10_l1",9,1.16666666666667,0.6,0.362006329339016,0.230957746857508
"10 items, lambda = 1","i10_l1",9,1.16666666666667,0.62,0.366638113021046,0.232214607101413
"10 items, lambda = 1","i10_l1",9,1.16666666666667,0.64,0.371294670090292,0.233434938052833
"10 items, lambda = 1","i10_l1",9,1.16666666666667,0.66,0.375975261173075,0.234617864158913
"10 items, lambda = 1","i10_l1",9,1.16666666666667,0.68,0.380679129582705,0.235762529882859
"10 items, lambda = 1","i10_l1",9,1.16666666666667,0.7,0.38540550173245,0.236868100966809
"10 items, lambda = 1","i10_l1",9,1.16666666666667,0.72,0.390153587573608,0.237933765677051
"10 items, lambda = 1","i10_l1",9,1.16666666666667,0.74,0.394922581058263,0.238958736028543
"10 items, lambda = 1","i10_l1",9,1.16666666666667,0.76,0.399711660626314,0.239942248985668
"10 items, lambda = 1","i10_l1",9,1.16666666666667,0.78,0.404519989716252,0.240883567636215
"10 items, lambda = 1","i10_l1",9,1.16666666666667,0.8,0.409346717299114,0.241781982335553
"10 items, lambda = 1","i10_l1",9,1.16666666666667,0.82,0.414190978435015,0.24263681181806
"10 items, lambda = 1","i10_l1",9,1.16666666666667,0.84,0.419051894851542,0.243447404272874
"10 items, lambda = 1","i10_l1",9,1.16666666666667,0.86,0.423928575543288,0.244213138381127
"10 items, lambda = 1","i10_l1",9,1.16666666666667,0.88,0.428820117391726,0.244933424311872
"10 items, lambda = 1","i10_l1",9,1.16666666666667,0.9,0.433725605804561,0.245607704674028
"10 items, lambda = 1","i10_l1",9,1.16666666666667,0.92,0.438644115373656,0.246235455421719
"10 items, lambda = 1","i10_l1",9,1.16666666666667,0.94,0.44357471055059,0.24681618671055
"10 items, lambda = 1","i10_l1",9,1.16666666666667,0.96,0.448516446338817,0.247349443702416
"10 items, lambda = 1","i10_l1",9,1.16666666666667,0.98,0.4534683690014,0.24783480731661
"10 items, lambda = 1","i10_l1",9,1.16666666666667,1,0.4584295167832,0.248271894925122
"10 items, lambda = 1","i10_l1",9,1.16666666666667,1.02,0.463398920646409,0.248660360990152
"10 items, lambda = 1","i10_l1",9,1.16666666666667,1.04,0.468375605018231,0.248999897642037
"10 items, lambda = 1","i10_l1",9,1.16666666666667,1.06,0.473358588549516,0.249290235195926
"10 items, lambda = 1","i10_l1",9,1.16666666666667,1.08,0.4783468848831,0.249531142605734
"10 items, lambda = 1","i10_l1",9,1.16666666666667,1.1,0.483339503430589,0.249722427854061
"10 items, lambda = 1","i10_l1",9,1.16666666666667,1.12,0.488335450156288,0.249863938276944
"10 items, lambda = 1","i10_l1",9,1.16666666666667,1.14,0.49333372836697,0.249955560822515
"10 items, lambda = 1","i10_l1",9,1.16666666666667,1.16,0.498333339506146,0.249997222242798
"10 items, lambda = 1","i10_l1",9,1.16666666666667,1.18,0.503333283951495,0.249988889218099
"10 items, lambda = 1","i10_l1",9,1.16666666666667,1.2,0.508332561814119,0.249930568413614
"10 items, lambda = 1","i10_l1",9,1.16666666666667,1.22,0.513330173738232,0.249822306468109
"10 items, lambda = 1","i10_l1",9,1.16666666666667,1.24,0.518325121699956,0.249664189914682
"10 items, lambda = 1","i10_l1",9,1.16666666666667,1.26,0.52331640980385,0.249456345033859
"10 items, lambda = 1","i10_l1",9,1.16666666666667,1.28,0.528303045075829,0.249198937639436
"10 items, lambda = 1","i10_l1",9,1.16666666666667,1.3,0.533284038251131,0.248892172797697
"10 items, lambda = 1","i10_l1",9,1.16666666666667,1.32,0.538258404556013,0.248536294480828
"10 items, lambda = 1","i10_l1",9,1.16666666666667,1.34,0.543225164481858,0.248131585155516
"10 items, lambda = 1","i10_l1",9,1.16666666666667,1.36,0.548183344550421,0.247678365307935
"10 items, lambda = 1","i10_l1",9,1.16666666666667,1.38,0.553131978068951,0.24717699290648
"10 items, lambda = 1","i10_l1",9,1.16666666666667,1.4,0.558070105873953,0.246627862803788
"10 items, lambda = 1","i10_l1",9,1.16666666666667,1.42,0.5629967770624,0.24603140607975
"10 items, lambda = 1","i10_l1",9,1.16666666666667,1.44,0.567911049709232,0.24538808932739
"10 items, lambda = 1","i10_l1",9,1.16666666666667,1.46,0.572811991570014,0.244698413883608
"10 items, lambda = 1","i10_l1",9,1.16666666666667,1.48,0.577698680767679,0.243962915006962
"10 items, lambda = 1","i10_l1",9,1.16666666666667,1.5,0.582570206462315,0.243182161004771
"10 items, lambda = 1","i10_l1",9,1.16666666666667,1.52,0.587425669503006,0.242356752311951
"10 items, lambda = 1","i10_l1",9,1.16666666666667,1.54,0.592264183060792,0.241487320524125
"10 items, lambda = 1","i10_l1",9,1.16666666666667,1.56,0.597084873241846,0.240574527387615
"10 items, lambda = 1","i10_l1",9,1.16666666666667,1.58,0.601886879680057,0.239619063749062
"10 items, lambda = 1","i10_l1",9,1.16666666666667,1.6,0.606669356108212,0.23862164846746
"10 items, lambda = 1","i10_l1",9,1.16666666666667,1.62,0.611431470907073,0.237583027291486
"10 items, lambda = 1","i10_l1",9,1.16666666666667,1.64,0.616172407631678,0.236503971705059
"10 items, lambda = 1","i10_l1",9,1.16666666666667,1.66,0.620891365514257,0.235385277744098
"10 items, lambda = 1","i10_l1",9,1.16666666666667,1.68,0.625587559943223,0.234227764787507
"10 items, lambda = 1","i10_l1",9,1.16666666666667,1.7,0.630260222917751,0.233032274325418
"10 items, lambda = 1","i10_l1",9,1.16666666666667,1.72,0.634908603477516,0.231799668707746
"10 items, lambda = 1","i10_l1",9,1.16666666666667,1.74,0.639531968107232,0.230530829876122
"10 items, lambda = 1","i10_l1",9,1.16666666666667,1.76,0.644129601115697,0.22922665808223
"10 items, lambda = 1","i10_l1",9,1.16666666666667,1.78,0.648700804989077,0.2278880705956
"10 items, lambda = 1","i10_l1",9,1.16666666666667,1.8,0.653244900718283,0.226516000403843
"10 items, lambda = 1","i10_l1",9,1.16666666666667,1.82,0.657761228100293,0.225111394908287
"10 items, lambda = 1","i10_l1",9,1.16666666666667,1.84,0.66224914601336,0.223675214617935
"10 items, lambda = 1","i10_l1",9,1.16666666666667,1.86,0.666708032666123,0.222208431844591
"10 items, lambda = 1","i10_l1",9,1.16666666666667,1.88,0.671137285820636,0.220712029401946
"10 items, lambda = 1","i10_l1",9,1.16666666666667,1.9,0.675536322989454,0.219186999311342
"10 items, lambda = 1","i10_l1",9,1.16666666666667,1.92,0.67990458160692,0.217634341516839
"10 items, lambda = 1","i10_l1",9,1.16666666666667,1.94,0.684241519174862,0.216055062612139
"10 items, lambda = 1","i10_l1",9,1.16666666666667,1.96,0.68854661338298,0.214450174581809
"10 items, lambda = 1","i10_l1",9,1.16666666666667,1.98,0.692819362204203,0.212820693559164
"10 items, lambda = 1","i10_l1",9,1.16666666666667,2,0.697059283965407,0.211167638603041
"10 items, lambda = 1","i10_l1",9,1.16666666666667,2.02,0.701265917393862,0.209492030495607
"10 items, lambda = 1","i10_l1",9,1.16666666666667,2.04,0.705438821639868,0.207794890563222
"10 items, lambda = 1","i10_l1",9,1.16666666666667,2.06,0.709577576276054,0.206077239522255
"10 items, lambda = 1","i10_l1",9,1.16666666666667,2.08,0.713681781273858,0.204340096351631
"10 items, lambda = 1","i10_l1",9,1.16666666666667,2.1,0.71775105695774,0.202584477193787
"10 items, lambda = 1","i10_l1",9,1.16666666666667,2.12,0.721785043937707,0.20081139428555
"10 items, lambda = 1","i10_l1",9,1.16666666666667,2.14,0.725783403020772,0.19902185492036
"10 items, lambda = 1","i10_l1",9,1.16666666666667,2.16,0.72974581510198,0.197216860443127
"10 items, lambda = 1","i10_l1",9,1.16666666666667,2.18,0.733671981035663,0.195397405278869
"10 items, lambda = 1","i10_l1",9,1.16666666666667,2.2,0.737561621487625,0.19356447599617
"10 items, lambda = 1","i10_l1",9,1.16666666666667,2.22,0.741414476768935,0.191719050406381
"10 items, lambda = 1","i10_l1",9,1.16666666666667,2.24,0.745230306652088,0.189862096699323
"10 items, lambda = 1","i10_l1",9,1.16666666666667,2.26,0.749008890170233,0.187994572616189
"10 items, lambda = 1","i10_l1",9,1.16666666666667,2.28,0.752750025400248,0.186117424660174
"10 items, lambda = 1","i10_l1",9,1.16666666666667,2.3,0.756453529230404,0.18423158734527
"10 items, lambda = 1","i10_l1",9,1.16666666666667,2.32,0.760119237113387,0.182337982483549
"10 items, lambda = 1","i10_l1",9,1.16666666666667,2.34,0.763747002805456,0.180437518511139
"10 items, lambda = 1","i10_l1",9,1.16666666666667,2.36,0.767336698092508,0.178531089852995
"10 items, lambda = 1","i10_l1",9,1.16666666666667,2.38,0.770888212503825,0.176619576326483
"10 items, lambda = 1","i10_l1",9,1.16666666666667,2.4,0.774401453014279,0.174703842583653
"10 items, lambda = 1","i10_l1",9,1.16666666666667,2.42,0.777876343735772,0.172784737592039
"10 items, lambda = 1","i10_l1",9,1.16666666666667,2.44,0.781312825598674,0.17086309415369
"10 items, lambda = 1","i10_l1",9,1.16666666666667,2.46,0.784710856024013,0.168939728462074
"10 items, lambda = 1","i10_l1",9,1.16666666666667,2.48,0.788070408587194,0.167015439696407
"10 items, lambda = 1","i10_l1",9,1.16666666666667,2.5,0.791391472673955,0.165091009652904
"10 items, lambda = 1","i10_l1",9,1.16666666666667,2.52,0.794674053129333,0.163167202412331
"10 items, lambda = 1","i10_l1",9,1.16666666666667,2.54,0.79791816990032,0.161244764043244
"10 items, lambda = 1","i10_l1",9,1.16666666666667,2.56,0.801123857672948,0.159324422340162
"10 items, lambda = 1","i10_l1",9,1.16666666666667,2.58,0.804291165504474,0.157406886595929
"10 items, lambda = 1","i10_l1",9,1.16666666666667,2.6,0.807420156451349,0.155492847407428
"10 items, lambda = 1","i10_l1",9,1.16666666666667,2.62,0.810510907193624,0.153582976513792
"10 items, lambda = 1","i10_l1",9,1.16666666666667,2.64,0.81356350765645,0.151677926666184
"10 items, lambda = 1","i10_l1",9,1.16666666666667,2.66,0.81657806062926,0.149778331528216
"10 items, lambda = 1","i10_l1",9,1.16666666666667,2.68,0.819554681383284,0.147884805606028
"10 items, lambda = 1","i10_l1",9,1.16666666666667,2.7,0.822493497287926,0.145997944207002
"10 items, lambda = 1","i10_l1",9,1.16666666666667,2.72,0.825394647426619,0.144118323426107
"10 items, lambda = 1","i10_l1",9,1.16666666666667,2.74,0.828258282212653,0.142246500158798
"10 items, lambda = 1","i10_l1",9,1.16666666666667,2.76,0.831084563005535,0.140383012139434
"10 items, lambda = 1","i10_l1",9,1.16666666666667,2.78,0.833873661728349,0.138528378004104
"10 items, lambda = 1","i10_l1",9,1.16666666666667,2.8,0.83662576048662,0.136683097376804
"10 items, lambda = 1","i10_l1",9,1.16666666666667,2.82,0.839341051189117,0.134847650977865
"10 items, lambda = 1","i10_l1",9,1.16666666666667,2.84,0.842019735171039,0.133022500753533
"10 items, lambda = 1","i10_l1",9,1.16666666666667,2.86,0.844662022820002,0.131208090025624
"10 items, lambda = 1","i10_l1",9,1.16666666666667,2.88,0.847268133205207,0.129404843660171
"10 items, lambda = 1","i10_l1",9,1.16666666666667,2.9,0.849838293710153,0.127613168253969
"10 items, lambda = 1","i10_l1",9,1.16666666666667,2.92,0.852372739669267,0.125833452337975
"10 items, lambda = 1","i10_l1",9,1.16666666666667,2.94,0.85487171400875,0.124066066596492
"10 items, lambda = 1","i10_l1",9,1.16666666666667,2.96,0.85733546689196,0.122311364101105
"10 items, lambda = 1","i10_l1",9,1.16666666666667,2.98,0.859764255369613,0.120569680558348
"10 items, lambda = 1","i10_l1",9,1.16666666666667,3,0.862158343035064,0.118841334570097
"10 items, lambda = 1","i10_l1",9,1.16666666666667,3.02,0.86451799968492,0.117126627905705
"10 items, lambda = 1","i10_l1",9,1.16666666666667,3.04,0.866843500985196,0.115425845784924
"10 items, lambda = 1","i10_l1",9,1.16666666666667,3.06,0.86913512814324,0.113739257170674
"10 items, lambda = 1","i10_l1",9,1.16666666666667,3.08,0.871393167585595,0.112067115070738
"10 items, lambda = 1","i10_l1",9,1.16666666666667,3.1,0.873617910641987,0.110409656847516
"10 items, lambda = 1","i10_l1",9,1.16666666666667,3.12,0.875809653235568,0.108767104534962
"10 items, lambda = 1","i10_l1",9,1.16666666666667,3.14,0.877968695579577,0.107139665161873
"10 items, lambda = 1","i10_l1",9,1.16666666666667,3.16,0.88009534188051,0.105527531080738
"10 items, lambda = 1","i10_l1",9,1.16666666666667,3.18,0.88218990004793,0.103930880301353
"10 items, lambda = 1","i10_l1",9,1.16666666666667,3.2,0.884252681410978,0.102349876828474
"10 items, lambda = 1","i10_l1",9,1.16666666666667,3.22,0.886284000441677,0.100784671002774
"10 items, lambda = 1","i10_l1",9,1.16666666666667,3.24,0.888284174485088,0.0992353998444338
"10 items, lambda = 1","i10_l1",9,1.16666666666667,3.26,0.890253523496345,0.0977021873986878
"10 items, lambda = 1","i10_l1",9,1.16666666666667,3.28,0.89219236978463,0.0961851450827163
"10 items, lambda = 1","i10_l1",9,1.16666666666667,3.3,0.894101037764082,0.0946843720332734
"10 items, lambda = 1","i10_l1",9,1.16666666666667,3.32,0.895979853711673,0.0931999554544824
"10 items, lambda = 1","i10_l1",9,1.16666666666667,3.34,0.897829145532023,0.0917319709652607
"10 items, lambda = 1","i10_l1",9,1.16666666666667,3.36,0.899649242529169,0.0902804829458612
"10 items, lambda = 1","i10_l1",9,1.16666666666667,3.38,0.901440475185245,0.0888455448830444
"10 items, lambda = 1","i10_l1",9,1.16666666666667,3.4,0.903203174946048,0.0874271997134268
"10 items, lambda = 1","i10_l1",9,1.16666666666667,3.42,0.904937674013448,0.0860254801645788
"10 items, lambda = 1","i10_l1",9,1.16666666666667,3.44,0.906644305144601,0.0846404090934644
"10 items, lambda = 1","i10_l1",9,1.16666666666667,3.46,0.908323401457895,0.083271999821855
"10 items, lambda = 1","i10_l1",9,1.16666666666667,3.48,0.909975296245568,0.0819202564683586
"10 items, lambda = 1","i10_l1",9,1.16666666666667,3.5,0.911600322792942,0.0805851742767462
"10 items, lambda = 1","i10_l1",9,1.16666666666667,3.52,0.913198814204168,0.0792667399402695
"10 items, lambda = 1","i10_l1",9,1.16666666666667,3.54,0.91477110323443,0.0779649319216934
"10 items, lambda = 1","i10_l1",9,1.16666666666667,3.56,0.916317522128496,0.0766797207687888
"10 items, lambda = 1","i10_l1",9,1.16666666666667,3.58,0.917838402465532,0.0754110694250524
"10 items, lambda = 1","i10_l1",9,1.16666666666667,3.6,0.919334075010081,0.0741589335354397
"10 items, lambda = 1","i10_l1",9,1.16666666666667,3.62,0.920804869569113,0.0729232617469222
"10 items, lambda = 1","i10_l1",9,1.16666666666667,3.64,0.922251114855018,0.0717039960036942
"10 items, lambda = 1","i10_l1",9,1.16666666666667,3.66,0.923673138354465,0.0705010718368784
"10 items, lambda = 1","i10_l1",9,1.16666666666667,3.68,0.925071266202984,0.0693144186485923
"10 items, lambda = 1","i10_l1",9,1.16666666666667,3.7,0.926445823065181,0.0681439599902604
"10 items, lambda = 1","i10_l1",9,1.16666666666667,3.72,0.927797132020462,0.0669896138350677
"10 items, lambda = 1","i10_l1",9,1.16666666666667,3.74,0.929125514454137,0.0658512928444724
"10 items, lambda = 1","i10_l1",9,1.16666666666667,3.76,0.930431289953805,0.0647289046287033
"10 items, lambda = 1","i10_l1",9,1.16666666666667,3.78,0.931714776210884,0.0636223520011864
"10 items, lambda = 1","i10_l1",9,1.16666666666667,3.8,0.932976288927164,0.0625315332268609
"10 items, lambda = 1","i10_l1",9,1.16666666666667,3.82,0.934216141726275,0.0614563422643477
"10 items, lambda = 1","i10_l1",9,1.16666666666667,3.84,0.935434646069925,0.0603966690019588
"10 items, lambda = 1","i10_l1",9,1.16666666666667,3.86,0.93663211117881,0.0593523994875355
"10 items, lambda = 1","i10_l1",9,1.16666666666667,3.88,0.937808843958042,0.0583234161521227
"10 items, lambda = 1","i10_l1",9,1.16666666666667,3.9,0.938965148927008,0.0573095980274897
"10 items, lambda = 1","i10_l1",9,1.16666666666667,3.92,0.940101328153502,0.0563108209575233
"10 items, lambda = 1","i10_l1",9,1.16666666666667,3.94,0.941217681192034,0.0553269578035248
"10 items, lambda = 1","i10_l1",9,1.16666666666667,3.96,0.942314505026178,0.0543578786434472
"10 items, lambda = 1","i10_l1",9,1.16666666666667,3.98,0.943392094014851,0.0534034509651258
"10 items, lambda = 1","i10_l1",9,1.16666666666667,4,0.944450739842388,0.0524635398535538
"10 items, lambda = 1","i10_l1",10,1.5,-4,0.00407013771589613,0.00405357169486977
"10 items, lambda = 1","i10_l1",10,1.5,-3.98,0.00415201856360064,0.00413477930544816
"10 items, lambda = 1","i10_l1",10,1.5,-3.96,0.00423553964084342,0.00421759984479427
"10 items, lambda = 1","i10_l1",10,1.5,-3.94,0.00432073351991192,0.00430206478176183
"10 items, lambda = 1","i10_l1",10,1.5,-3.92,0.00440763340836281,0.00438820617610029
"10 items, lambda = 1","i10_l1",10,1.5,-3.9,0.00449627316094118,0.00447605668860338
"10 items, lambda = 1","i10_l1",10,1.5,-3.88,0.00458668729170402,0.00456564959139214
"10 items, lambda = 1","i10_l1",10,1.5,-3.86,0.00467891098635071,0.00465701877833251
"10 items, lambda = 1","i10_l1",10,1.5,-3.84,0.0047729801147632,0.00475019877558728
"10 items, lambda = 1","i10_l1",10,1.5,-3.82,0.00486893124375864,0.00484522475230219
"10 items, lambda = 1","i10_l1",10,1.5,-3.8,0.00496680165005696,0.00494213253142595
"10 items, lambda = 1","i10_l1",10,1.5,-3.78,0.00506662933346626,0.00504095860066352
"10 items, lambda = 1","i10_l1",10,1.5,-3.76,0.00516845303028857,0.00514174012356227
"10 items, lambda = 1","i10_l1",10,1.5,-3.74,0.00527231222694867,0.00524451495073024
"10 items, lambda = 1","i10_l1",10,1.5,-3.72,0.00537824717384861,0.0053493216311856
"10 items, lambda = 1","i10_l1",10,1.5,-3.7,0.0054862988994504,0.00545619942383629
"10 items, lambda = 1","i10_l1",10,1.5,-3.68,0.0055965092245898,0.00556518830908888
"10 items, lambda = 1","i10_l1",10,1.5,-3.66,0.00570892077702334,0.00567632900058501
"10 items, lambda = 1","i10_l1",10,1.5,-3.64,0.00582357700621151,0.00578966295706424
"10 items, lambda = 1","i10_l1",10,1.5,-3.62,0.00594052219834037,0.00590523239435139
"10 items, lambda = 1","i10_l1",10,1.5,-3.6,0.00605980149158412,0.00602308029746671
"10 items, lambda = 1","i10_l1",10,1.5,-3.58,0.00618146089161114,0.00614325043285663
"10 items, lambda = 1","i10_l1",10,1.5,-3.56,0.00630554728733586,0.00626578736074303
"10 items, lambda = 1","i10_l1",10,1.5,-3.54,0.00643210846691863,0.00639073644758843
"10 items, lambda = 1","i10_l1",10,1.5,-3.52,0.00656119313401623,0.00651814387867437
"10 items, lambda = 1","i10_l1",10,1.5,-3.5,0.00669285092428486,0.00664805667079015
"10 items, lambda = 1","i10_l1",10,1.5,-3.48,0.00682713242213816,0.00678052268502875
"10 items, lambda = 1","i10_l1",10,1.5,-3.46,0.00696408917776209,0.00691559063968627
"10 items, lambda = 1","i10_l1",10,1.5,-3.44,0.00710377372438878,0.00705331012326147
"10 items, lambda = 1","i10_l1",10,1.5,-3.42,0.00724623959583143,0.00719373160755123
"10 items, lambda = 1","i10_l1",10,1.5,-3.4,0.00739154134428197,0.00733690646083774
"10 items, lambda = 1","i10_l1",10,1.5,-3.38,0.00753973455837339,0.00748288696116266
"10 items, lambda = 1","i10_l1",10,1.5,-3.36,0.00769087588150834,0.00763172630968357
"10 items, lambda = 1","i10_l1",10,1.5,-3.34,0.00784502303045563,0.00778347864410725
"10 items, lambda = 1","i10_l1",10,1.5,-3.32,0.00800223481421624,0.00793819905219439
"10 items, lambda = 1","i10_l1",10,1.5,-3.3,0.0081625711531599,0.0080959435853295
"10 items, lambda = 1","i10_l1",10,1.5,-3.28,0.00832609309843378,0.00825676927214999
"10 items, lambda = 1","i10_l1",10,1.5,-3.26,0.00849286285164435,0.00842073413222751
"10 items, lambda = 1","i10_l1",10,1.5,-3.24,0.00866294378481316,0.00858789718979433
"10 items, lambda = 1","i10_l1",10,1.5,-3.22,0.00883640046060772,0.00875831848750749
"10 items, lambda = 1","i10_l1",10,1.5,-3.2,0.00901329865284782,0.00893205910024239
"10 items, lambda = 1","i10_l1",10,1.5,-3.18,0.00919370536728809,0.00910918114890759
"10 items, lambda = 1","i10_l1",10,1.5,-3.16,0.00937768886267686,0.00928974781427168
"10 items, lambda = 1","i10_l1",10,1.5,-3.14,0.00956531867209167,0.009473823350793
"10 items, lambda = 1","i10_l1",10,1.5,-3.12,0.00975666562455136,0.00966147310044205
"10 items, lambda = 1","i10_l1",10,1.5,-3.1,0.00995180186690432,0.0098527635065062
"10 items, lambda = 1","i10_l1",10,1.5,-3.08,0.0101508008859927,0.0100477621273656
"10 items, lambda = 1","i10_l1",10,1.5,-3.06,0.0103537375310917,0.010246537650229
"10 items, lambda = 1","i10_l1",10,1.5,-3.04,0.0105606880366231,0.0104491599048162
"10 items, lambda = 1","i10_l1",10,1.5,-3.02,0.0107717300451416,0.0106556998769762
"10 items, lambda = 1","i10_l1",10,1.5,-3,0.0109869426305932,0.0108662297222252
"10 items, lambda = 1","i10_l1",10,1.5,-2.98,0.0112064063218429,0.0110808227791926
"10 items, lambda = 1","i10_l1",10,1.5,-2.96,0.0114302031264707,0.0112995535829583
"10 items, lambda = 1","i10_l1",10,1.5,-2.94,0.0116584165548331,0.0115224978782671
"10 items, lambda = 1","i10_l1",10,1.5,-2.92,0.011891131644387,0.0117497326326029
"10 items, lambda = 1","i10_l1",10,1.5,-2.9,0.0121284349842742,0.0119813360491065
"10 items, lambda = 1","i10_l1",10,1.5,-2.88,0.0123704147401624,0.0122173875793188
"10 items, lambda = 1","i10_l1",10,1.5,-2.86,0.0126171606793387,0.0124579679357305
"10 items, lambda = 1","i10_l1",10,1.5,-2.84,0.0128687641960525,0.0127031591041189
"10 items, lambda = 1","i10_l1",10,1.5,-2.82,0.0131253183371028,0.0129530443556525
"10 items, lambda = 1","i10_l1",10,1.5,-2.8,0.0133869178276648,0.0132077082587401
"10 items, lambda = 1","i10_l1",10,1.5,-2.78,0.0136536590973509,0.0134672366906042
"10 items, lambda = 1","i10_l1",10,1.5,-2.76,0.0139256403065004,0.0137317168485544
"10 items, lambda = 1","i10_l1",10,1.5,-2.74,0.0142029613726911,0.014001237260937
"10 items, lambda = 1","i10_l1",10,1.5,-2.72,0.0144857239974669,0.0142758877977361
"10 items, lambda = 1","i10_l1",10,1.5,-2.7,0.0147740316932731,0.0145557596807992
"10 items, lambda = 1","i10_l1",10,1.5,-2.68,0.0150679898105928,0.0148409454936607
"10 items, lambda = 1","i10_l1",10,1.5,-2.66,0.0153677055652755,0.0151315391909345
"10 items, lambda = 1","i10_l1",10,1.5,-2.64,0.0156732880660486,0.0154276361072472
"10 items, lambda = 1","i10_l1",10,1.5,-2.62,0.0159848483422026,0.0157293329656794
"10 items, lambda = 1","i10_l1",10,1.5,-2.6,0.0163024993714409,0.0160367278856851
"10 items, lambda = 1","i10_l1",10,1.5,-2.58,0.0166263561078816,0.0163499203904555
"10 items, lambda = 1","i10_l1",10,1.5,-2.56,0.0169565355102008,0.0166690114136921
"10 items, lambda = 1","i10_l1",10,1.5,-2.54,0.0172931565699054,0.0169941033057542
"10 items, lambda = 1","i10_l1",10,1.5,-2.52,0.0176363403397227,0.0173252998391442
"10 items, lambda = 1","i10_l1",10,1.5,-2.5,0.0179862099620916,0.0176627062132911
"10 items, lambda = 1","i10_l1",10,1.5,-2.48,0.0183428906977433,0.0180064290585939
"10 items, lambda = 1","i10_l1",10,1.5,-2.46,0.0187065099543546,0.0183565764396822
"10 items, lambda = 1","i10_l1",10,1.5,-2.44,0.0190771973152582,0.0187132578578529
"10 items, lambda = 1","i10_l1",10,1.5,-2.42,0.019455084568193,0.0190765842526375
"10 items, lambda = 1","i10_l1",10,1.5,-2.4,0.0198403057340775,0.0194466680024558
"10 items, lambda = 1","i10_l1",10,1.5,-2.38,0.0202329970957854,0.0198236229243073
"10 items, lambda = 1","i10_l1",10,1.5,-2.36,0.0206332972269062,0.0202075642724523
"10 items, lambda = 1","i10_l1",10,1.5,-2.34,0.0210413470204683,0.0205986087360325
"10 items, lambda = 1","i10_l1",10,1.5,-2.32,0.0214572897176035,0.0209968744355783
"10 items, lambda = 1","i10_l1",10,1.5,-2.3,0.0218812709361305,0.0214024809183501
"10 items, lambda = 1","i10_l1",10,1.5,-2.28,0.0223134386990322,0.0218155491524568
"10 items, lambda = 1","i10_l1",10,1.5,-2.26,0.022753943462804,0.0222362015196955
"10 items, lambda = 1","i10_l1",10,1.5,-2.24,0.0232029381456441,0.0226645618070535
"10 items, lambda = 1","i10_l1",10,1.5,-2.22,0.0236605781554612,0.0231007551968105
"10 items, lambda = 1","i10_l1",10,1.5,-2.2,0.0241270214176692,0.0235449082551805
"10 items, lambda = 1","i10_l1",10,1.5,-2.18,0.0246024284027394,0.0239971489194275
"10 items, lambda = 1","i10_l1",10,1.5,-2.16,0.0250869621534798,0.0244576064833897
"10 items, lambda = 1","i10_l1",10,1.5,-2.14,0.0255807883120077,0.0249264115813439
"10 items, lambda = 1","i10_l1",10,1.5,-2.12,0.0260840751463829,0.0254036961701408
"10 items, lambda = 1","i10_l1",10,1.5,-2.1,0.0265969935768659,0.025889593509538
"10 items, lambda = 1","i10_l1",10,1.5,-2.08,0.027119717201763,0.0263842381406594
"10 items, lambda = 1","i10_l1",10,1.5,-2.06,0.0276524223228231,0.0268877658625034
"10 items, lambda = 1","i10_l1",10,1.5,-2.04,0.0281952879701426,0.0274003137064233
"10 items, lambda = 1","i10_l1",10,1.5,-2.02,0.02874849592654,0.0279220199085017
"10 items, lambda = 1","i10_l1",10,1.5,-2,0.0293122307513563,0.0284530238797356
"10 items, lambda = 1","i10_l1",10,1.5,-1.98,0.0298866798036362,0.0289934661739512
"10 items, lambda = 1","i10_l1",10,1.5,-1.96,0.0304720332646442,0.0295434884533626
"10 items, lambda = 1","i10_l1",10,1.5,-1.94,0.0310684841596674,0.0301032334516879
"10 items, lambda = 1","i10_l1",10,1.5,-1.92,0.0316762283790564,0.0306728449347343
"10 items, lambda = 1","i10_l1",10,1.5,-1.9,0.0322954646984505,0.0312524676583616
"10 items, lambda = 1","i10_l1",10,1.5,-1.88,0.0329263947981363,0.0318422473237335
"10 items, lambda = 1","i10_l1",10,1.5,-1.86,0.0335692232814825,0.0324423305297605
"10 items, lambda = 1","i10_l1",10,1.5,-1.84,0.0342241576923959,0.0330528647226419
"10 items, lambda = 1","i10_l1",10,1.5,-1.82,0.0348914085317368,0.0336739981424083
"10 items, lambda = 1","i10_l1",10,1.5,-1.8,0.0355711892726362,0.0343058797663665
"10 items, lambda = 1","i10_l1",10,1.5,-1.78,0.0362637163746483,0.0349486592493474
"10 items, lambda = 1","i10_l1",10,1.5,-1.76,0.036969209296677,0.0356024868606555
"10 items, lambda = 1","i10_l1",10,1.5,-1.74,0.0376878905086059,0.0362675134176173
"10 items, lambda = 1","i10_l1",10,1.5,-1.72,0.0384199855015654,0.0369438902156249
"10 items, lambda = 1","i10_l1",10,1.5,-1.7,0.0391657227967644,0.0376317689545714
"10 items, lambda = 1","i10_l1",10,1.5,-1.68,0.0399253339528138,0.0383313016615701
"10 items, lambda = 1","i10_l1",10,1.5,-1.66,0.0406990535714665,0.0390426406098534
"10 items, lambda = 1","i10_l1",10,1.5,-1.64,0.0414871193016958,0.0397659382337427
"10 items, lambda = 1","i10_l1",10,1.5,-1.62,0.0422897718420338,0.0405013470395825
"10 items, lambda = 1","i10_l1",10,1.5,-1.6,0.0431072549410861,0.0412490195125303
"10 items, lambda = 1","i10_l1",10,1.5,-1.58,0.0439398153961413,0.0420091080190943
"10 items, lambda = 1","i10_l1",10,1.5,-1.56,0.0447877030497867,0.0427817647053109
"10 items, lambda = 1","i10_l1",10,1.5,-1.54,0.0456511707844437,0.0435671413904533
"10 items, lambda = 1","i10_l1",10,1.5,-1.52,0.0465304745147315,0.0443653894561654
"10 items, lambda = 1","i10_l1",10,1.5,-1.5,0.0474258731775668,0.0451766597309121
"10 items, lambda = 1","i10_l1",10,1.5,-1.48,0.0483376287199052,0.0460011023696418
"10 items, lambda = 1","i10_l1",10,1.5,-1.46,0.0492660060840267,0.0468388667285553
"10 items, lambda = 1","i10_l1",10,1.5,-1.44,0.0502112731902665,0.047690101234879
"10 items, lambda = 1","i10_l1",10,1.5,-1.42,0.0511737009170917,0.0485549532515397
"10 items, lambda = 1","i10_l1",10,1.5,-1.4,0.0521535630784177,0.0494335689366432
"10 items, lambda = 1","i10_l1",10,1.5,-1.38,0.0531511363980637,0.0503260930976581
"10 items, lambda = 1","i10_l1",10,1.5,-1.36,0.0541667004812361,0.0512326690402121
"10 items, lambda = 1","i10_l1",10,1.5,-1.34,0.0552005377829343,0.0521534384114091
"10 items, lambda = 1","i10_l1",10,1.5,-1.32,0.0562529335731674,0.0530885410375802
"10 items, lambda = 1","i10_l1",10,1.5,-1.3,0.0573241758988688,0.0540381147563843
"10 items, lambda = 1","i10_l1",10,1.5,-1.28,0.0584145555423963,0.0550022952431806
"10 items, lambda = 1","i10_l1",10,1.5,-1.26,0.0595243659765015,0.055981215831597
"10 items, lambda = 1","i10_l1",10,1.5,-1.24,0.0606539033156522,0.0569750073282277
"10 items, lambda = 1","i10_l1",10,1.5,-1.22,0.0618034662635886,0.0579837978213941
"10 items, lambda = 1","i10_l1",10,1.5,-1.2,0.0629733560569965,0.0590077124839153
"10 items, lambda = 1","i10_l1",10,1.5,-1.18,0.0641638764051739,0.0600468733698355
"10 items, lambda = 1","i10_l1",10,1.5,-1.16,0.0653753334255726,0.0611013992050678
"10 items, lambda = 1","i10_l1",10,1.5,-1.14,0.0666080355750907,0.0621714051719181
"10 items, lambda = 1","i10_l1",10,1.5,-1.12,0.0678622935769945,0.0632570026874643
"10 items, lambda = 1","i10_l1",10,1.5,-1.1,0.0691384203433468,0.0643582991757735
"10 items, lambda = 1","i10_l1",10,1.5,-1.08,0.0704367308928171,0.0654753978339499
"10 items, lambda = 1","i10_l1",10,1.5,-1.06,0.0717575422637513,0.0666083973920173
"10 items, lambda = 1","i10_l1",10,1.5,-1.04,0.0731011734223782,0.0677573918666496
"10 items, lambda = 1","i10_l1",10,1.5,-1.02,0.0744679451660281,0.0689224703087775
"10 items, lambda = 1","i10_l1",10,1.5,-1,0.0758581800212435,0.0701037165451081
"10 items, lambda = 1","i10_l1",10,1.5,-0.98,0.0772722021366599,0.0713012089136111
"10 items, lambda = 1","i10_l1",10,1.5,-0.96,0.0787103371705352,0.0725150199930359
"10 items, lambda = 1","i10_l1",10,1.5,-0.94,0.0801729121728123,0.0737452163265429
"10 items, lambda = 1","i10_l1",10,1.5,-0.92,0.0816602554615947,0.0749918581395418
"10 items, lambda = 1","i10_l1",10,1.5,-0.9,0.0831726964939224,0.0762549990518522
"10 items, lambda = 1","i10_l1",10,1.5,-0.88,0.0847105657307358,0.0775346857843145
"10 items, lambda = 1","i10_l1",10,1.5,-0.86,0.0862741944959167,0.0788309578599974
"10 items, lambda = 1","i10_l1",10,1.5,-0.84,0.0878639148293013,0.0801438473001705
"10 items, lambda = 1","i10_l1",10,1.5,-0.82,0.0894800593335614,0.0814733783152238
"10 items, lambda = 1","i10_l1",10,1.5,-0.8,0.0911229610148562,0.0828195669907412
"10 items, lambda = 1","i10_l1",10,1.5,-0.78,0.092792953117157,0.0841824209689541
"10 items, lambda = 1","i10_l1",10,1.5,-0.76,0.0944903689501593,0.0855619391258221
"10 items, lambda = 1","i10_l1",10,1.5,-0.74,0.0962155417106929,0.0869581112440108
"10 items, lambda = 1","i10_l1",10,1.5,-0.72,0.097968804297554,0.0883709176820615
"10 items, lambda = 1","i10_l1",10,1.5,-0.7,0.0997504891196852,0.0898003290400687
"10 items, lambda = 1","i10_l1",10,1.5,-0.68,0.101560927897637,0.0912463058222077
"10 items, lambda = 1","i10_l1",10,1.5,-0.66,0.10340045145825,0.0927087980964797
"10 items, lambda = 1","i10_l1",10,1.5,-0.64,0.10526938952251,0.0941877451520679
"10 items, lambda = 1","i10_l1",10,1.5,-0.62,0.107168070486528,0.0956830751547227
"10 items, lambda = 1","i10_l1",10,1.5,-0.6,0.109096821195613,0.0971947048006254
"10 items, lambda = 1","i10_l1",10,1.5,-0.58,0.111055966711408,0.0987225389692023
"10 items, lambda = 1","i10_l1",10,1.5,-0.56,0.113045830072079,0.100266470375394
"10 items, lambda = 1","i10_l1",10,1.5,-0.54,0.11506673204555,0.101826379221907
"10 items, lambda = 1","i10_l1",10,1.5,-0.52,0.117118990875781,0.103402132852019
"10 items, lambda = 1","i10_l1",10,1.5,-0.5,0.119202922022118,0.104993585403507
"10 items, lambda = 1","i10_l1",10,1.5,-0.48,0.121318837891737,0.106600577464335
"10 items, lambda = 1","i10_l1",10,1.5,-0.46,0.123467047565224,0.108222935730751
"10 items, lambda = 1","i10_l1",10,1.5,-0.44,0.125647856515346,0.109860472668445
"10 items, lambda = 1","i10_l1",10,1.5,-0.42,0.127861566319081,0.111512986177512
"10 items, lambda = 1","i10_l1",10,1.5,-0.4,0.130108474362998,0.113180259261931
"10 items, lambda = 1","i10_l1",10,1.5,-0.38,0.132388873542065,0.114862059704328
"10 items, lambda = 1","i10_l1",10,1.5,-0.36,0.134703051952028,0.116558139746837
"10 items, lambda = 1","i10_l1",10,1.5,-0.34,0.13705129257546,0.118268235778855
"10 items, lambda = 1","i10_l1",10,1.5,-0.32,0.13943387296165,0.119992068032565
"10 items, lambda = 1","i10_l1",10,1.5,-0.3,0.141851064900488,0.121729340287085
"10 items, lambda = 1","i10_l1",10,1.5,-0.28,0.144303134090519,0.123479739582173
"10 items, lambda = 1","i10_l1",10,1.5,-0.26,0.146790339801382,0.125242935942377
"10 items, lambda = 1","i10_l1",10,1.5,-0.24,0.149312934530844,0.127018582112632
"10 items, lambda = 1","i10_l1",10,1.5,-0.22,0.151871163656659,0.128806313306232
"10 items, lambda = 1","i10_l1",10,1.5,-0.2,0.154465265083535,0.130605746966208
"10 items, lambda = 1","i10_l1",10,1.5,-0.18,0.157095468885453,0.132416482541112
"10 items, lambda = 1","i10_l1",10,1.5,-0.16,0.159761996943669,0.13423810127624
"10 items, lambda = 1","i10_l1",10,1.5,-0.14,0.162465062580696,0.136070166021347
"10 items, lambda = 1","i10_l1",10,1.5,-0.12,0.165204870190615,0.137912221055917
"10 items, lambda = 1","i10_l1",10,1.5,-0.1,0.167981614866076,0.139763791933061
"10 items, lambda = 1","i10_l1",10,1.5,-0.0800000000000001,0.170795482022374,0.141624385343119
"10 items, lambda = 1","i10_l1",10,1.5,-0.06,0.173646647019005,0.143493488998062
"10 items, lambda = 1","i10_l1",10,1.5,-0.04,0.176535274779117,0.145370571537778
"10 items, lambda = 1","i10_l1",10,1.5,-0.02,0.179461519407327,0.14725508245934
"10 items, lambda = 1","i10_l1",10,1.5,0,0.182425523806356,0.149146452070333
"10 items, lambda = 1","i10_l1",10,1.5,0.0200000000000005,0.185427419292982,0.151044091467327
"10 items, lambda = 1","i10_l1",10,1.5,0.04,0.188467325213819,0.152947392540568
"10 items, lambda = 1","i10_l1",10,1.5,0.0600000000000005,0.191545348561468,0.154855728005933
"10 items, lambda = 1","i10_l1",10,1.5,0.0800000000000001,0.194661583591578,0.156768451465197
"10 items, lambda = 1","i10_l1",10,1.5,0.0999999999999996,0.197816111441418,0.158684897495615
"10 items, lambda = 1","i10_l1",10,1.5,0.12,0.201008999750529,0.160604381769821
"10 items, lambda = 1","i10_l1",10,1.5,0.14,0.204240302284092,0.162526201206995
"10 items, lambda = 1","i10_l1",10,1.5,0.16,0.207510058559636,0.164449634156212
"10 items, lambda = 1","i10_l1",10,1.5,0.18,0.210818293477747,0.166373940612878
"10 items, lambda = 1","i10_l1",10,1.5,0.2,0.214165016957441,0.16829836246906
"10 items, lambda = 1","i10_l1",10,1.5,0.22,0.217550223576887,0.170222123798534
"10 items, lambda = 1","i10_l1",10,1.5,0.24,0.220973892220188,0.172144431177249
"10 items, lambda = 1","i10_l1",10,1.5,0.26,0.224435985730927,0.174064474039914
"10 items, lambda = 1","i10_l1",10,1.5,0.28,0.227936450573216,0.1759814250733
"10 items, lambda = 1","i10_l1",10,1.5,0.3,0.231475216500982,0.177894440646806
"10 items, lambda = 1","i10_l1",10,1.5,0.32,0.235052196236235,0.179802661280758
"10 items, lambda = 1","i10_l1",10,1.5,0.34,0.23866728515709,0.181705212152834
"10 items, lambda = 1","i10_l1",10,1.5,0.36,0.242320360996295,0.18360120364292
"10 items, lambda = 1","i10_l1",10,1.5,0.38,0.246011283551052,0.185489731916616
"10 items, lambda = 1","i10_l1",10,1.5,0.4,0.249739894404882,0.187369879547521
"10 items, lambda = 1","i10_l1",10,1.5,0.42,0.253506016662338,0.189240716178332
"10 items, lambda = 1","i10_l1",10,1.5,0.44,0.257309454697314,0.191101299220685
"10 items, lambda = 1","i10_l1",10,1.5,0.46,0.261149993915751,0.192950674593554
"10 items, lambda = 1","i10_l1",10,1.5,0.48,0.265027400533481,0.194787877499947
"10 items, lambda = 1","i10_l1",10,1.5,0.5,0.268941421369995,0.196611933241482
"10 items, lambda = 1","i10_l1",10,1.5,0.52,0.272891783658871,0.198421858070351
"10 items, lambda = 1","i10_l1",10,1.5,0.54,0.27687819487561,0.200216660078034
"10 items, lambda = 1","i10_l1",10,1.5,0.56,0.280900342583616,0.201995340120023
"10 items, lambda = 1","i10_l1",10,1.5,0.58,0.28495789429901,0.203756892775684
"10 items, lambda = 1","i10_l1",10,1.5,0.6,0.289050497374996,0.205500307342263
"10 items, lambda = 1","i10_l1",10,1.5,0.62,0.293177778906432,0.207224568861923
"10 items, lambda = 1","i10_l1",10,1.5,0.64,0.297339345655268,0.208928659180565
"10 items, lambda = 1","i10_l1",10,1.5,0.66,0.301534783997461,0.210611558037066
"10 items, lambda = 1","i10_l1",10,1.5,0.68,0.305763659891969,0.212272244181437
"10 items, lambda = 1","i10_l1",10,1.5,0.7,0.310025518872388,0.213909696520294
"10 items, lambda = 1","i10_l1",10,1.5,0.72,0.314319886061746,0.215522895287877
"10 items, lambda = 1","i10_l1",10,1.5,0.74,0.318646266210975,0.217110823240779
"10 items, lambda = 1","i10_l1",10,1.5,0.76,0.323004143761477,0.218672466874392
"10 items, lambda = 1","i10_l1",10,1.5,0.78,0.32739298293224,0.22020681765897
"10 items, lambda = 1","i10_l1",10,1.5,0.8,0.331812227831834,0.221712873293109
"10 items, lambda = 1","i10_l1",10,1.5,0.82,0.336261302595647,0.223189638972326
"10 items, lambda = 1","i10_l1",10,1.5,0.84,0.340739611548615,0.224636128670314
"10 items, lambda = 1","i10_l1",10,1.5,0.86,0.345246539393681,0.226051366430368
"10 items, lambda = 1","i10_l1",10,1.5,0.88,0.349781451426173,0.227434387664373
"10 items, lambda = 1","i10_l1",10,1.5,0.9,0.354343693774205,0.228784240456657
"10 items, lambda = 1","i10_l1",10,1.5,0.92,0.358932593665183,0.230099986869968
"10 items, lambda = 1","i10_l1",10,1.5,0.94,0.363547459718434,0.231380704250708
"10 items, lambda = 1","i10_l1",10,1.5,0.96,0.368187582263898,0.232625486530563
"10 items, lambda = 1","i10_l1",10,1.5,0.98,0.372852233686805,0.233833445521565
"10 items, lambda = 1","i10_l1",10,1.5,1,0.377540668798145,0.235003712201594
"10 items, lambda = 1","i10_l1",10,1.5,1.02,0.382252125230751,0.236135437987325
"10 items, lambda = 1","i10_l1",10,1.5,1.04,0.386985823860665,0.237227795991547
"10 items, lambda = 1","i10_l1",10,1.5,1.06,0.391740969253486,0.238279982261825
"10 items, lambda = 1","i10_l1",10,1.5,1.08,0.396516750135274,0.239291216997435
"10 items, lambda = 1","i10_l1",10,1.5,1.1,0.401312339887548,0.240260745741529
"10 items, lambda = 1","i10_l1",10,1.5,1.12,0.406126897065857,0.241187840545516
"10 items, lambda = 1","i10_l1",10,1.5,1.14,0.410959565941335,0.242071801102645
"10 items, lambda = 1","i10_l1",10,1.5,1.16,0.415809477064593,0.242911955847863
"10 items, lambda = 1","i10_l1",10,1.5,1.18,0.42067574785125,0.243707663021042
"10 items, lambda = 1","i10_l1",10,1.5,1.2,0.425557483188341,0.244458311690746
"10 items, lambda = 1","i10_l1",10,1.5,1.22,0.430453776060771,0.245163322735795
"10 items, lambda = 1","i10_l1",10,1.5,1.24,0.435363708196971,0.245822149781954
"10 items, lambda = 1","i10_l1",10,1.5,1.26,0.440286350732807,0.246434280091195
"10 items, lambda = 1","i10_l1",10,1.5,1.28,0.445220764892785,0.246999235401069
"10 items, lambda = 1","i10_l1",10,1.5,1.3,0.450166002687522,0.24751657271186
"10 items, lambda = 1","i10_l1",10,1.5,1.32,0.45512110762642,0.247985885019321
"10 items, lambda = 1","i10_l1",10,1.5,1.34,0.460085115444434,0.248406801990916
"10 items, lambda = 1","i10_l1",10,1.5,1.36,0.465057054841786,0.24877899058367
"10 items, lambda = 1","i10_l1",10,1.5,1.38,0.470035948235428,0.24910215560185
"10 items, lambda = 1","i10_l1",10,1.5,1.4,0.47502081252106,0.249376040192892
"10 items, lambda = 1","i10_l1",10,1.5,1.42,0.480010659844418,0.249600426280144
"10 items, lambda = 1","i10_l1",10,1.5,1.44,0.48500449838059,0.249775134931182
"10 items, lambda = 1","i10_l1",10,1.5,1.46,0.490001333120035,0.249900026660623
"10 items, lambda = 1","i10_l1",10,1.5,1.48,0.49500016666,0.249975001666572
"10 items, lambda = 1","i10_l1",10,1.5,1.5,0.5,0.25
"10 items, lambda = 1","i10_l1",10,1.5,1.52,0.50499983334,0.249975001666572
"10 items, lambda = 1","i10_l1",10,1.5,1.54,0.509998666879966,0.249900026660623
"10 items, lambda = 1","i10_l1",10,1.5,1.56,0.51499550161941,0.249775134931182
"10 items, lambda = 1","i10_l1",10,1.5,1.58,0.519989340155582,0.249600426280144
"10 items, lambda = 1","i10_l1",10,1.5,1.6,0.52497918747894,0.249376040192892
"10 items, lambda = 1","i10_l1",10,1.5,1.62,0.529964051764572,0.24910215560185
"10 items, lambda = 1","i10_l1",10,1.5,1.64,0.534942945158214,0.24877899058367
"10 items, lambda = 1","i10_l1",10,1.5,1.66,0.539914884555566,0.248406801990916
"10 items, lambda = 1","i10_l1",10,1.5,1.68,0.54487889237358,0.247985885019321
"10 items, lambda = 1","i10_l1",10,1.5,1.7,0.549833997312478,0.24751657271186
"10 items, lambda = 1","i10_l1",10,1.5,1.72,0.554779235107215,0.246999235401068
"10 items, lambda = 1","i10_l1",10,1.5,1.74,0.559713649267193,0.246434280091195
"10 items, lambda = 1","i10_l1",10,1.5,1.76,0.564636291803029,0.245822149781954
"10 items, lambda = 1","i10_l1",10,1.5,1.78,0.569546223939229,0.245163322735795
"10 items, lambda = 1","i10_l1",10,1.5,1.8,0.574442516811659,0.244458311690746
"10 items, lambda = 1","i10_l1",10,1.5,1.82,0.57932425214875,0.243707663021042
"10 items, lambda = 1","i10_l1",10,1.5,1.84,0.584190522935407,0.242911955847863
"10 items, lambda = 1","i10_l1",10,1.5,1.86,0.589040434058665,0.242071801102644
"10 items, lambda = 1","i10_l1",10,1.5,1.88,0.593873102934143,0.241187840545516
"10 items, lambda = 1","i10_l1",10,1.5,1.9,0.598687660112452,0.240260745741529
"10 items, lambda = 1","i10_l1",10,1.5,1.92,0.603483249864726,0.239291216997435
"10 items, lambda = 1","i10_l1",10,1.5,1.94,0.608259030746515,0.238279982261825
"10 items, lambda = 1","i10_l1",10,1.5,1.96,0.613014176139336,0.237227795991547
"10 items, lambda = 1","i10_l1",10,1.5,1.98,0.617747874769249,0.236135437987325
"10 items, lambda = 1","i10_l1",10,1.5,2,0.622459331201855,0.235003712201594
"10 items, lambda = 1","i10_l1",10,1.5,2.02,0.627147766313196,0.233833445521565
"10 items, lambda = 1","i10_l1",10,1.5,2.04,0.631812417736102,0.232625486530563
"10 items, lambda = 1","i10_l1",10,1.5,2.06,0.636452540281566,0.231380704250708
"10 items, lambda = 1","i10_l1",10,1.5,2.08,0.641067406334817,0.230099986869968
"10 items, lambda = 1","i10_l1",10,1.5,2.1,0.645656306225796,0.228784240456657
"10 items, lambda = 1","i10_l1",10,1.5,2.12,0.650218548573827,0.227434387664373
"10 items, lambda = 1","i10_l1",10,1.5,2.14,0.654753460606319,0.226051366430368
"10 items, lambda = 1","i10_l1",10,1.5,2.16,0.659260388451385,0.224636128670314
"10 items, lambda = 1","i10_l1",10,1.5,2.18,0.663738697404353,0.223189638972326
"10 items, lambda = 1","i10_l1",10,1.5,2.2,0.668187772168166,0.221712873293109
"10 items, lambda = 1","i10_l1",10,1.5,2.22,0.67260701706776,0.22020681765897
"10 items, lambda = 1","i10_l1",10,1.5,2.24,0.676995856238523,0.218672466874392
"10 items, lambda = 1","i10_l1",10,1.5,2.26,0.681353733789026,0.217110823240779
"10 items, lambda = 1","i10_l1",10,1.5,2.28,0.685680113938254,0.215522895287877
"10 items, lambda = 1","i10_l1",10,1.5,2.3,0.689974481127613,0.213909696520294
"10 items, lambda = 1","i10_l1",10,1.5,2.32,0.694236340108031,0.212272244181437
"10 items, lambda = 1","i10_l1",10,1.5,2.34,0.698465216002539,0.210611558037066
"10 items, lambda = 1","i10_l1",10,1.5,2.36,0.702660654344732,0.208928659180565
"10 items, lambda = 1","i10_l1",10,1.5,2.38,0.706822221093568,0.207224568861923
"10 items, lambda = 1","i10_l1",10,1.5,2.4,0.710949502625004,0.205500307342263
"10 items, lambda = 1","i10_l1",10,1.5,2.42,0.71504210570099,0.203756892775684
"10 items, lambda = 1","i10_l1",10,1.5,2.44,0.719099657416384,0.201995340120023
"10 items, lambda = 1","i10_l1",10,1.5,2.46,0.72312180512439,0.200216660078034
"10 items, lambda = 1","i10_l1",10,1.5,2.48,0.72710821634113,0.198421858070351
"10 items, lambda = 1","i10_l1",10,1.5,2.5,0.731058578630005,0.196611933241482
"10 items, lambda = 1","i10_l1",10,1.5,2.52,0.734972599466519,0.194787877499947
"10 items, lambda = 1","i10_l1",10,1.5,2.54,0.738850006084249,0.192950674593554
"10 items, lambda = 1","i10_l1",10,1.5,2.56,0.742690545302686,0.191101299220685
"10 items, lambda = 1","i10_l1",10,1.5,2.58,0.746493983337662,0.189240716178332
"10 items, lambda = 1","i10_l1",10,1.5,2.6,0.750260105595118,0.187369879547521
"10 items, lambda = 1","i10_l1",10,1.5,2.62,0.753988716448948,0.185489731916616
"10 items, lambda = 1","i10_l1",10,1.5,2.64,0.757679639003705,0.18360120364292
"10 items, lambda = 1","i10_l1",10,1.5,2.66,0.76133271484291,0.181705212152834
"10 items, lambda = 1","i10_l1",10,1.5,2.68,0.764947803763765,0.179802661280758
"10 items, lambda = 1","i10_l1",10,1.5,2.7,0.768524783499018,0.177894440646806
"10 items, lambda = 1","i10_l1",10,1.5,2.72,0.772063549426784,0.1759814250733
"10 items, lambda = 1","i10_l1",10,1.5,2.74,0.775564014269074,0.174064474039914
"10 items, lambda = 1","i10_l1",10,1.5,2.76,0.779026107779812,0.172144431177249
"10 items, lambda = 1","i10_l1",10,1.5,2.78,0.782449776423112,0.170222123798534
"10 items, lambda = 1","i10_l1",10,1.5,2.8,0.785834983042559,0.16829836246906
"10 items, lambda = 1","i10_l1",10,1.5,2.82,0.789181706522253,0.166373940612878
"10 items, lambda = 1","i10_l1",10,1.5,2.84,0.792489941440364,0.164449634156212
"10 items, lambda = 1","i10_l1",10,1.5,2.86,0.795759697715908,0.162526201206995
"10 items, lambda = 1","i10_l1",10,1.5,2.88,0.798991000249471,0.160604381769821
"10 items, lambda = 1","i10_l1",10,1.5,2.9,0.802183888558582,0.158684897495615
"10 items, lambda = 1","i10_l1",10,1.5,2.92,0.805338416408422,0.156768451465197
"10 items, lambda = 1","i10_l1",10,1.5,2.94,0.808454651438533,0.154855728005933
"10 items, lambda = 1","i10_l1",10,1.5,2.96,0.81153267478618,0.152947392540568
"10 items, lambda = 1","i10_l1",10,1.5,2.98,0.814572580707018,0.151044091467327
"10 items, lambda = 1","i10_l1",10,1.5,3,0.817574476193644,0.149146452070333
"10 items, lambda = 1","i10_l1",10,1.5,3.02,0.820538480592673,0.14725508245934
"10 items, lambda = 1","i10_l1",10,1.5,3.04,0.823464725220883,0.145370571537778
"10 items, lambda = 1","i10_l1",10,1.5,3.06,0.826353352980995,0.143493488998062
"10 items, lambda = 1","i10_l1",10,1.5,3.08,0.829204517977626,0.141624385343119
"10 items, lambda = 1","i10_l1",10,1.5,3.1,0.832018385133925,0.139763791933061
"10 items, lambda = 1","i10_l1",10,1.5,3.12,0.834795129809385,0.137912221055917
"10 items, lambda = 1","i10_l1",10,1.5,3.14,0.837534937419304,0.136070166021346
"10 items, lambda = 1","i10_l1",10,1.5,3.16,0.840238003056331,0.13423810127624
"10 items, lambda = 1","i10_l1",10,1.5,3.18,0.842904531114547,0.132416482541113
"10 items, lambda = 1","i10_l1",10,1.5,3.2,0.845534734916465,0.130605746966208
"10 items, lambda = 1","i10_l1",10,1.5,3.22,0.848128836343341,0.128806313306232
"10 items, lambda = 1","i10_l1",10,1.5,3.24,0.850687065469156,0.127018582112632
"10 items, lambda = 1","i10_l1",10,1.5,3.26,0.853209660198618,0.125242935942377
"10 items, lambda = 1","i10_l1",10,1.5,3.28,0.855696865909481,0.123479739582172
"10 items, lambda = 1","i10_l1",10,1.5,3.3,0.858148935099512,0.121729340287085
"10 items, lambda = 1","i10_l1",10,1.5,3.32,0.86056612703835,0.119992068032564
"10 items, lambda = 1","i10_l1",10,1.5,3.34,0.86294870742454,0.118268235778855
"10 items, lambda = 1","i10_l1",10,1.5,3.36,0.865296948047972,0.116558139746837
"10 items, lambda = 1","i10_l1",10,1.5,3.38,0.867611126457935,0.114862059704328
"10 items, lambda = 1","i10_l1",10,1.5,3.4,0.869891525637002,0.113180259261931
"10 items, lambda = 1","i10_l1",10,1.5,3.42,0.872138433680919,0.111512986177512
"10 items, lambda = 1","i10_l1",10,1.5,3.44,0.874352143484654,0.109860472668445
"10 items, lambda = 1","i10_l1",10,1.5,3.46,0.876532952434776,0.108222935730751
"10 items, lambda = 1","i10_l1",10,1.5,3.48,0.878681162108263,0.106600577464335
"10 items, lambda = 1","i10_l1",10,1.5,3.5,0.880797077977882,0.104993585403507
"10 items, lambda = 1","i10_l1",10,1.5,3.52,0.88288100912422,0.103402132852019
"10 items, lambda = 1","i10_l1",10,1.5,3.54,0.88493326795445,0.101826379221907
"10 items, lambda = 1","i10_l1",10,1.5,3.56,0.886954169927921,0.100266470375394
"10 items, lambda = 1","i10_l1",10,1.5,3.58,0.888944033288592,0.0987225389692023
"10 items, lambda = 1","i10_l1",10,1.5,3.6,0.890903178804387,0.0971947048006254
"10 items, lambda = 1","i10_l1",10,1.5,3.62,0.892831929513472,0.0956830751547226
"10 items, lambda = 1","i10_l1",10,1.5,3.64,0.89473061047749,0.0941877451520679
"10 items, lambda = 1","i10_l1",10,1.5,3.66,0.89659954854175,0.0927087980964798
"10 items, lambda = 1","i10_l1",10,1.5,3.68,0.898439072102363,0.0912463058222077
"10 items, lambda = 1","i10_l1",10,1.5,3.7,0.900249510880315,0.0898003290400688
"10 items, lambda = 1","i10_l1",10,1.5,3.72,0.902031195702446,0.0883709176820616
"10 items, lambda = 1","i10_l1",10,1.5,3.74,0.903784458289307,0.0869581112440107
"10 items, lambda = 1","i10_l1",10,1.5,3.76,0.905509631049841,0.085561939125822
"10 items, lambda = 1","i10_l1",10,1.5,3.78,0.907207046882843,0.0841824209689541
"10 items, lambda = 1","i10_l1",10,1.5,3.8,0.908877038985144,0.0828195669907412
"10 items, lambda = 1","i10_l1",10,1.5,3.82,0.910519940666439,0.0814733783152237
"10 items, lambda = 1","i10_l1",10,1.5,3.84,0.912136085170699,0.0801438473001705
"10 items, lambda = 1","i10_l1",10,1.5,3.86,0.913725805504083,0.0788309578599974
"10 items, lambda = 1","i10_l1",10,1.5,3.88,0.915289434269264,0.0775346857843145
"10 items, lambda = 1","i10_l1",10,1.5,3.9,0.916827303506078,0.0762549990518522
"10 items, lambda = 1","i10_l1",10,1.5,3.92,0.918339744538405,0.0749918581395417
"10 items, lambda = 1","i10_l1",10,1.5,3.94,0.919827087827188,0.0737452163265428
"10 items, lambda = 1","i10_l1",10,1.5,3.96,0.921289662829465,0.0725150199930358
"10 items, lambda = 1","i10_l1",10,1.5,3.98,0.92272779786334,0.071301208913611
"10 items, lambda = 1","i10_l1",10,1.5,4,0.924141819978757,0.0701037165451081
"10 items, lambda = 2 (c doubled)","i10_l2",1,-1.5,-4,0.00669285092428486,0.0265922266831606
"10 items, lambda = 2 (c doubled)","i10_l2",1,-1.5,-3.98,0.00696408917776209,0.0276623625587451
"10 items, lambda = 2 (c doubled)","i10_l2",1,-1.5,-3.96,0.00724623959583143,0.0287749264302049
"10 items, lambda = 2 (c doubled)","i10_l2",1,-1.5,-3.94,0.00753973455837339,0.0299315478446507
"10 items, lambda = 2 (c doubled)","i10_l2",1,-1.5,-3.92,0.00784502303045563,0.031133914576429
"10 items, lambda = 2 (c doubled)","i10_l2",1,-1.5,-3.9,0.0081625711531599,0.032383774341318
"10 items, lambda = 2 (c doubled)","i10_l2",1,-1.5,-3.88,0.00849286285164435,0.03368293652891
"10 items, lambda = 2 (c doubled)","i10_l2",1,-1.5,-3.86,0.00883640046060772,0.03503327395003
"10 items, lambda = 2 (c doubled)","i10_l2",1,-1.5,-3.84,0.00919370536728809,0.0364367245956304
"10 items, lambda = 2 (c doubled)","i10_l2",1,-1.5,-3.82,0.00956531867209168,0.037895293403172
"10 items, lambda = 2 (c doubled)","i10_l2",1,-1.5,-3.8,0.00995180186690432,0.0394110540260248
"10 items, lambda = 2 (c doubled)","i10_l2",1,-1.5,-3.78,0.0103537375310918,0.0409861506009161
"10 items, lambda = 2 (c doubled)","i10_l2",1,-1.5,-3.76,0.0107717300451416,0.0426227995079049
"10 items, lambda = 2 (c doubled)","i10_l2",1,-1.5,-3.74,0.0112064063218429,0.0443232911167705
"10 items, lambda = 2 (c doubled)","i10_l2",1,-1.5,-3.72,0.0116584165548331,0.0460899915130684
"10 items, lambda = 2 (c doubled)","i10_l2",1,-1.5,-3.7,0.0121284349842742,0.0479253441964259
"10 items, lambda = 2 (c doubled)","i10_l2",1,-1.5,-3.68,0.0126171606793387,0.0498318717429218
"10 items, lambda = 2 (c doubled)","i10_l2",1,-1.5,-3.66,0.0131253183371028,0.05181217742261
"10 items, lambda = 2 (c doubled)","i10_l2",1,-1.5,-3.64,0.0136536590973509,0.0538689467624169
"10 items, lambda = 2 (c doubled)","i10_l2",1,-1.5,-3.62,0.0142029613726911,0.0560049490437479
"10 items, lambda = 2 (c doubled)","i10_l2",1,-1.5,-3.6,0.0147740316932731,0.0582230387231969
"10 items, lambda = 2 (c doubled)","i10_l2",1,-1.5,-3.58,0.0153677055652755,0.0605261567637382
"10 items, lambda = 2 (c doubled)","i10_l2",1,-1.5,-3.56,0.0159848483422026,0.0629173318627175
"10 items, lambda = 2 (c doubled)","i10_l2",1,-1.5,-3.54,0.0166263561078816,0.0653996815618221
"10 items, lambda = 2 (c doubled)","i10_l2",1,-1.5,-3.52,0.0172931565699054,0.0679764132230166
"10 items, lambda = 2 (c doubled)","i10_l2",1,-1.5,-3.5,0.0179862099620916,0.0706508248531645
"10 items, lambda = 2 (c doubled)","i10_l2",1,-1.5,-3.48,0.0187065099543546,0.0734263057587289
"10 items, lambda = 2 (c doubled)","i10_l2",1,-1.5,-3.46,0.019455084568193,0.07630633701055
"10 items, lambda = 2 (c doubled)","i10_l2",1,-1.5,-3.44,0.0202329970957854,0.0792944916972294
"10 items, lambda = 2 (c doubled)","i10_l2",1,-1.5,-3.42,0.0210413470204683,0.08239443494413
"10 items, lambda = 2 (c doubled)","i10_l2",1,-1.5,-3.4,0.0218812709361305,0.0856099236734005
"10 items, lambda = 2 (c doubled)","i10_l2",1,-1.5,-3.38,0.022753943462804,0.0889448060787821
"10 items, lambda = 2 (c doubled)","i10_l2",1,-1.5,-3.36,0.0236605781554612,0.0924030207872421
"10 items, lambda = 2 (c doubled)","i10_l2",1,-1.5,-3.34,0.0246024284027394,0.0959885956777101
"10 items, lambda = 2 (c doubled)","i10_l2",1,-1.5,-3.32,0.0255807883120077,0.0997056463253758
"10 items, lambda = 2 (c doubled)","i10_l2",1,-1.5,-3.3,0.0265969935768659,0.103558374038152
"10 items, lambda = 2 (c doubled)","i10_l2",1,-1.5,-3.28,0.0276524223228231,0.107551063450013
"10 items, lambda = 2 (c doubled)","i10_l2",1,-1.5,-3.26,0.02874849592654,0.111688079634007
"10 items, lambda = 2 (c doubled)","i10_l2",1,-1.5,-3.24,0.0298866798036362,0.115973864695805
"10 items, lambda = 2 (c doubled)","i10_l2",1,-1.5,-3.22,0.0310684841596674,0.120412933806752
"10 items, lambda = 2 (c doubled)","i10_l2",1,-1.5,-3.2,0.0322954646984505,0.125009870633447
"10 items, lambda = 2 (c doubled)","i10_l2",1,-1.5,-3.18,0.0335692232814825,0.129769322119042
"10 items, lambda = 2 (c doubled)","i10_l2",1,-1.5,-3.16,0.0348914085317368,0.134695992569633
"10 items, lambda = 2 (c doubled)","i10_l2",1,-1.5,-3.14,0.0362637163746483,0.13979463699739
"10 items, lambda = 2 (c doubled)","i10_l2",1,-1.5,-3.12,0.0376878905086059,0.145070053670469
"10 items, lambda = 2 (c doubled)","i10_l2",1,-1.5,-3.1,0.0391657227967644,0.150527075818285
"10 items, lambda = 2 (c doubled)","i10_l2",1,-1.5,-3.08,0.0406990535714665,0.156170562439414
"10 items, lambda = 2 (c doubled)","i10_l2",1,-1.5,-3.06,0.0422897718420338,0.16200538815833
"10 items, lambda = 2 (c doubled)","i10_l2",1,-1.5,-3.04,0.0439398153961413,0.168036432076377
"10 items, lambda = 2 (c doubled)","i10_l2",1,-1.5,-3.02,0.0456511707844437,0.174268565561813
"10 items, lambda = 2 (c doubled)","i10_l2",1,-1.5,-3,0.0474258731775668,0.180706638923649
"10 items, lambda = 2 (c doubled)","i10_l2",1,-1.5,-2.98,0.0492660060840267,0.187355466914221
"10 items, lambda = 2 (c doubled)","i10_l2",1,-1.5,-2.96,0.0511737009170917,0.194219813006159
"10 items, lambda = 2 (c doubled)","i10_l2",1,-1.5,-2.94,0.0531511363980637,0.201304372390633
"10 items, lambda = 2 (c doubled)","i10_l2",1,-1.5,-2.92,0.0552005377829343,0.208613753645637
"10 items, lambda = 2 (c doubled)","i10_l2",1,-1.5,-2.9,0.0573241758988688,0.216152459025537
"10 items, lambda = 2 (c doubled)","i10_l2",1,-1.5,-2.88,0.0595243659765015,0.223924863326388
"10 items, lambda = 2 (c doubled)","i10_l2",1,-1.5,-2.86,0.0618034662635886,0.231935191285576
"10 items, lambda = 2 (c doubled)","i10_l2",1,-1.5,-2.84,0.064163876405174,0.240187493479342
"10 items, lambda = 2 (c doubled)","i10_l2",1,-1.5,-2.82,0.0666080355750906,0.248685620687672
"10 items, lambda = 2 (c doubled)","i10_l2",1,-1.5,-2.8,0.0691384203433468,0.257433196703094
"10 items, lambda = 2 (c doubled)","i10_l2",1,-1.5,-2.78,0.0717575422637513,0.266433589568069
"10 items, lambda = 2 (c doubled)","i10_l2",1,-1.5,-2.76,0.0744679451660281,0.27568988123511
"10 items, lambda = 2 (c doubled)","i10_l2",1,-1.5,-2.74,0.0772722021366598,0.285204835654444
"10 items, lambda = 2 (c doubled)","i10_l2",1,-1.5,-2.72,0.0801729121728124,0.294980865306172
"10 items, lambda = 2 (c doubled)","i10_l2",1,-1.5,-2.7,0.0831726964939224,0.305019996207409
"10 items, lambda = 2 (c doubled)","i10_l2",1,-1.5,-2.68,0.0862741944959167,0.31532383143999
"10 items, lambda = 2 (c doubled)","i10_l2",1,-1.5,-2.66,0.0894800593335614,0.325893513260895
"10 items, lambda = 2 (c doubled)","i10_l2",1,-1.5,-2.64,0.0927929531171571,0.336729683875817
"10 items, lambda = 2 (c doubled)","i10_l2",1,-1.5,-2.62,0.0962155417106928,0.347832444976043
"10 items, lambda = 2 (c doubled)","i10_l2",1,-1.5,-2.6,0.0997504891196852,0.359201316160275
"10 items, lambda = 2 (c doubled)","i10_l2",1,-1.5,-2.58,0.10340045145825,0.370835192385919
"10 items, lambda = 2 (c doubled)","i10_l2",1,-1.5,-2.56,0.107168070486528,0.382732300618891
"10 items, lambda = 2 (c doubled)","i10_l2",1,-1.5,-2.54,0.111055966711408,0.394890155876809
"10 items, lambda = 2 (c doubled)","i10_l2",1,-1.5,-2.52,0.11506673204555,0.40730551688763
"10 items, lambda = 2 (c doubled)","i10_l2",1,-1.5,-2.5,0.119202922022118,0.419974341614026
"10 items, lambda = 2 (c doubled)","i10_l2",1,-1.5,-2.48,0.123467047565224,0.432891742923003
"10 items, lambda = 2 (c doubled)","i10_l2",1,-1.5,-2.46,0.127861566319081,0.44605194471005
"10 items, lambda = 2 (c doubled)","i10_l2",1,-1.5,-2.44,0.132388873542065,0.459448238817314
"10 items, lambda = 2 (c doubled)","i10_l2",1,-1.5,-2.42,0.13705129257546,0.473072943115422
"10 items, lambda = 2 (c doubled)","i10_l2",1,-1.5,-2.4,0.141851064900488,0.486917361148342
"10 items, lambda = 2 (c doubled)","i10_l2",1,-1.5,-2.38,0.146790339801382,0.500971743769508
"10 items, lambda = 2 (c doubled)","i10_l2",1,-1.5,-2.36,0.151871163656659,0.515225253224926
"10 items, lambda = 2 (c doubled)","i10_l2",1,-1.5,-2.34,0.157095468885453,0.52966593016445
"10 items, lambda = 2 (c doubled)","i10_l2",1,-1.5,-2.32,0.162465062580696,0.544280664085386
"10 items, lambda = 2 (c doubled)","i10_l2",1,-1.5,-2.3,0.167981614866076,0.559055167732244
"10 items, lambda = 2 (c doubled)","i10_l2",1,-1.5,-2.28,0.173646647019005,0.573973955992248
"10 items, lambda = 2 (c doubled)","i10_l2",1,-1.5,-2.26,0.179461519407327,0.589020329837362
"10 items, lambda = 2 (c doubled)","i10_l2",1,-1.5,-2.24,0.185427419292982,0.604176365869307
"10 items, lambda = 2 (c doubled)","i10_l2",1,-1.5,-2.22,0.191545348561468,0.619422912023734
"10 items, lambda = 2 (c doubled)","i10_l2",1,-1.5,-2.2,0.197816111441418,0.634739589982458
"10 items, lambda = 2 (c doubled)","i10_l2",1,-1.5,-2.18,0.204240302284092,0.650104804827979
"10 items, lambda = 2 (c doubled)","i10_l2",1,-1.5,-2.16,0.210818293477747,0.66549576245151
"10 items, lambda = 2 (c doubled)","i10_l2",1,-1.5,-2.14,0.217550223576888,0.680888495194135
"10 items, lambda = 2 (c doubled)","i10_l2",1,-1.5,-2.12,0.224435985730927,0.696257896159655
"10 items, lambda = 2 (c doubled)","i10_l2",1,-1.5,-2.1,0.231475216500982,0.711577762587223
"10 items, lambda = 2 (c doubled)","i10_l2",1,-1.5,-2.08,0.23866728515709,0.726820848611336
"10 items, lambda = 2 (c doubled)","i10_l2",1,-1.5,-2.06,0.246011283551052,0.741958927666463
"10 items, lambda = 2 (c doubled)","i10_l2",1,-1.5,-2.04,0.253506016662338,0.756962864713329
"10 items, lambda = 2 (c doubled)","i10_l2",1,-1.5,-2.02,0.261149993915751,0.771802698374217
"10 items, lambda = 2 (c doubled)","i10_l2",1,-1.5,-2,0.268941421369995,0.786447732965927
"10 items, lambda = 2 (c doubled)","i10_l2",1,-1.5,-1.98,0.27687819487561,0.800866640312135
"10 items, lambda = 2 (c doubled)","i10_l2",1,-1.5,-1.96,0.28495789429901,0.815027571102737
"10 items, lambda = 2 (c doubled)","i10_l2",1,-1.5,-1.94,0.293177778906432,0.828898275447694
"10 items, lambda = 2 (c doubled)","i10_l2",1,-1.5,-1.92,0.301534783997461,0.842446232148263
"10 items, lambda = 2 (c doubled)","i10_l2",1,-1.5,-1.9,0.310025518872388,0.855638786081178
"10 items, lambda = 2 (c doubled)","i10_l2",1,-1.5,-1.88,0.318646266210975,0.868443292963117
"10 items, lambda = 2 (c doubled)","i10_l2",1,-1.5,-1.86,0.32739298293224,0.88082727063588
"10 items, lambda = 2 (c doubled)","i10_l2",1,-1.5,-1.84,0.336261302595647,0.892758555889304
"10 items, lambda = 2 (c doubled)","i10_l2",1,-1.5,-1.82,0.345246539393681,0.904205465721474
"10 items, lambda = 2 (c doubled)","i10_l2",1,-1.5,-1.8,0.354343693774205,0.915136961826629
"10 items, lambda = 2 (c doubled)","i10_l2",1,-1.5,-1.78,0.363547459718434,0.92552281700283
"10 items, lambda = 2 (c doubled)","i10_l2",1,-1.5,-1.76,0.372852233686805,0.93533378208626
"10 items, lambda = 2 (c doubled)","i10_l2",1,-1.5,-1.74,0.382252125230751,0.944541751949301
"10 items, lambda = 2 (c doubled)","i10_l2",1,-1.5,-1.72,0.391740969253486,0.953119929047301
"10 items, lambda = 2 (c doubled)","i10_l2",1,-1.5,-1.7,0.401312339887548,0.961042982966117
"10 items, lambda = 2 (c doubled)","i10_l2",1,-1.5,-1.68,0.410959565941335,0.968287204410578
"10 items, lambda = 2 (c doubled)","i10_l2",1,-1.5,-1.66,0.42067574785125,0.974830652084166
"10 items, lambda = 2 (c doubled)","i10_l2",1,-1.5,-1.64,0.430453776060771,0.980653290943178
"10 items, lambda = 2 (c doubled)","i10_l2",1,-1.5,-1.62,0.440286350732807,0.985737120364779
"10 items, lambda = 2 (c doubled)","i10_l2",1,-1.5,-1.6,0.450166002687522,0.99006629084744
"10 items, lambda = 2 (c doubled)","i10_l2",1,-1.5,-1.58,0.460085115444434,0.993627207963663
"10 items, lambda = 2 (c doubled)","i10_l2",1,-1.5,-1.56,0.470035948235428,0.9964086224074
"10 items, lambda = 2 (c doubled)","i10_l2",1,-1.5,-1.54,0.480010659844418,0.998401705120578
"10 items, lambda = 2 (c doubled)","i10_l2",1,-1.5,-1.52,0.490001333120035,0.999600106642494
"10 items, lambda = 2 (c doubled)","i10_l2",1,-1.5,-1.5,0.5,1
"10 items, lambda = 2 (c doubled)","i10_l2",1,-1.5,-1.48,0.509998666879966,0.999600106642494
"10 items, lambda = 2 (c doubled)","i10_l2",1,-1.5,-1.46,0.519989340155582,0.998401705120578
"10 items, lambda = 2 (c doubled)","i10_l2",1,-1.5,-1.44,0.529964051764572,0.9964086224074
"10 items, lambda = 2 (c doubled)","i10_l2",1,-1.5,-1.42,0.539914884555566,0.993627207963663
"10 items, lambda = 2 (c doubled)","i10_l2",1,-1.5,-1.4,0.549833997312478,0.99006629084744
"10 items, lambda = 2 (c doubled)","i10_l2",1,-1.5,-1.38,0.559713649267193,0.985737120364779
"10 items, lambda = 2 (c doubled)","i10_l2",1,-1.5,-1.36,0.569546223939229,0.980653290943178
"10 items, lambda = 2 (c doubled)","i10_l2",1,-1.5,-1.34,0.57932425214875,0.974830652084166
"10 items, lambda = 2 (c doubled)","i10_l2",1,-1.5,-1.32,0.589040434058665,0.968287204410578
"10 items, lambda = 2 (c doubled)","i10_l2",1,-1.5,-1.3,0.598687660112452,0.961042982966117
"10 items, lambda = 2 (c doubled)","i10_l2",1,-1.5,-1.28,0.608259030746515,0.953119929047301
"10 items, lambda = 2 (c doubled)","i10_l2",1,-1.5,-1.26,0.617747874769249,0.944541751949301
"10 items, lambda = 2 (c doubled)","i10_l2",1,-1.5,-1.24,0.627147766313196,0.93533378208626
"10 items, lambda = 2 (c doubled)","i10_l2",1,-1.5,-1.22,0.636452540281566,0.92552281700283
"10 items, lambda = 2 (c doubled)","i10_l2",1,-1.5,-1.2,0.645656306225796,0.915136961826629
"10 items, lambda = 2 (c doubled)","i10_l2",1,-1.5,-1.18,0.654753460606319,0.904205465721474
"10 items, lambda = 2 (c doubled)","i10_l2",1,-1.5,-1.16,0.663738697404353,0.892758555889304
"10 items, lambda = 2 (c doubled)","i10_l2",1,-1.5,-1.14,0.67260701706776,0.88082727063588
"10 items, lambda = 2 (c doubled)","i10_l2",1,-1.5,-1.12,0.681353733789026,0.868443292963117
"10 items, lambda = 2 (c doubled)","i10_l2",1,-1.5,-1.1,0.689974481127613,0.855638786081178
"10 items, lambda = 2 (c doubled)","i10_l2",1,-1.5,-1.08,0.698465216002539,0.842446232148263
"10 items, lambda = 2 (c doubled)","i10_l2",1,-1.5,-1.06,0.706822221093568,0.828898275447694
"10 items, lambda = 2 (c doubled)","i10_l2",1,-1.5,-1.04,0.71504210570099,0.815027571102737
"10 items, lambda = 2 (c doubled)","i10_l2",1,-1.5,-1.02,0.72312180512439,0.800866640312135
"10 items, lambda = 2 (c doubled)","i10_l2",1,-1.5,-1,0.731058578630005,0.786447732965927
"10 items, lambda = 2 (c doubled)","i10_l2",1,-1.5,-0.98,0.738850006084249,0.771802698374217
"10 items, lambda = 2 (c doubled)","i10_l2",1,-1.5,-0.96,0.746493983337662,0.756962864713329
"10 items, lambda = 2 (c doubled)","i10_l2",1,-1.5,-0.94,0.753988716448948,0.741958927666463
"10 items, lambda = 2 (c doubled)","i10_l2",1,-1.5,-0.92,0.76133271484291,0.726820848611336
"10 items, lambda = 2 (c doubled)","i10_l2",1,-1.5,-0.9,0.768524783499018,0.711577762587223
"10 items, lambda = 2 (c doubled)","i10_l2",1,-1.5,-0.88,0.775564014269074,0.696257896159655
"10 items, lambda = 2 (c doubled)","i10_l2",1,-1.5,-0.86,0.782449776423112,0.680888495194135
"10 items, lambda = 2 (c doubled)","i10_l2",1,-1.5,-0.84,0.789181706522253,0.66549576245151
"10 items, lambda = 2 (c doubled)","i10_l2",1,-1.5,-0.82,0.795759697715908,0.650104804827978
"10 items, lambda = 2 (c doubled)","i10_l2",1,-1.5,-0.8,0.802183888558582,0.634739589982458
"10 items, lambda = 2 (c doubled)","i10_l2",1,-1.5,-0.78,0.808454651438533,0.619422912023734
"10 items, lambda = 2 (c doubled)","i10_l2",1,-1.5,-0.76,0.814572580707018,0.604176365869307
"10 items, lambda = 2 (c doubled)","i10_l2",1,-1.5,-0.74,0.820538480592673,0.589020329837362
"10 items, lambda = 2 (c doubled)","i10_l2",1,-1.5,-0.72,0.826353352980995,0.573973955992248
"10 items, lambda = 2 (c doubled)","i10_l2",1,-1.5,-0.7,0.832018385133925,0.559055167732244
"10 items, lambda = 2 (c doubled)","i10_l2",1,-1.5,-0.68,0.837534937419304,0.544280664085386
"10 items, lambda = 2 (c doubled)","i10_l2",1,-1.5,-0.66,0.842904531114547,0.52966593016445
"10 items, lambda = 2 (c doubled)","i10_l2",1,-1.5,-0.64,0.848128836343341,0.515225253224926
"10 items, lambda = 2 (c doubled)","i10_l2",1,-1.5,-0.62,0.853209660198618,0.500971743769508
"10 items, lambda = 2 (c doubled)","i10_l2",1,-1.5,-0.6,0.858148935099512,0.486917361148341
"10 items, lambda = 2 (c doubled)","i10_l2",1,-1.5,-0.58,0.86294870742454,0.473072943115421
"10 items, lambda = 2 (c doubled)","i10_l2",1,-1.5,-0.56,0.867611126457935,0.459448238817314
"10 items, lambda = 2 (c doubled)","i10_l2",1,-1.5,-0.54,0.872138433680919,0.44605194471005
"10 items, lambda = 2 (c doubled)","i10_l2",1,-1.5,-0.52,0.876532952434776,0.432891742923003
"10 items, lambda = 2 (c doubled)","i10_l2",1,-1.5,-0.5,0.880797077977882,0.419974341614026
"10 items, lambda = 2 (c doubled)","i10_l2",1,-1.5,-0.48,0.88493326795445,0.40730551688763
"10 items, lambda = 2 (c doubled)","i10_l2",1,-1.5,-0.46,0.888944033288592,0.394890155876809
"10 items, lambda = 2 (c doubled)","i10_l2",1,-1.5,-0.44,0.892831929513472,0.382732300618891
"10 items, lambda = 2 (c doubled)","i10_l2",1,-1.5,-0.42,0.89659954854175,0.370835192385919
"10 items, lambda = 2 (c doubled)","i10_l2",1,-1.5,-0.4,0.900249510880315,0.359201316160275
"10 items, lambda = 2 (c doubled)","i10_l2",1,-1.5,-0.38,0.903784458289307,0.347832444976043
"10 items, lambda = 2 (c doubled)","i10_l2",1,-1.5,-0.36,0.907207046882843,0.336729683875816
"10 items, lambda = 2 (c doubled)","i10_l2",1,-1.5,-0.34,0.910519940666439,0.325893513260895
"10 items, lambda = 2 (c doubled)","i10_l2",1,-1.5,-0.32,0.913725805504083,0.31532383143999
"10 items, lambda = 2 (c doubled)","i10_l2",1,-1.5,-0.3,0.916827303506078,0.305019996207409
"10 items, lambda = 2 (c doubled)","i10_l2",1,-1.5,-0.28,0.919827087827188,0.294980865306171
"10 items, lambda = 2 (c doubled)","i10_l2",1,-1.5,-0.26,0.92272779786334,0.285204835654444
"10 items, lambda = 2 (c doubled)","i10_l2",1,-1.5,-0.24,0.925532054833972,0.27568988123511
"10 items, lambda = 2 (c doubled)","i10_l2",1,-1.5,-0.22,0.928242457736249,0.266433589568069
"10 items, lambda = 2 (c doubled)","i10_l2",1,-1.5,-0.2,0.930861579656653,0.257433196703094
"10 items, lambda = 2 (c doubled)","i10_l2",1,-1.5,-0.18,0.933391964424909,0.248685620687672
"10 items, lambda = 2 (c doubled)","i10_l2",1,-1.5,-0.16,0.935836123594826,0.240187493479342
"10 items, lambda = 2 (c doubled)","i10_l2",1,-1.5,-0.14,0.938196533736411,0.231935191285576
"10 items, lambda = 2 (c doubled)","i10_l2",1,-1.5,-0.12,0.940475634023498,0.223924863326388
"10 items, lambda = 2 (c doubled)","i10_l2",1,-1.5,-0.1,0.942675824101131,0.216152459025537
"10 items, lambda = 2 (c doubled)","i10_l2",1,-1.5,-0.0800000000000001,0.944799462217066,0.208613753645637
"10 items, lambda = 2 (c doubled)","i10_l2",1,-1.5,-0.06,0.946848863601936,0.201304372390633
"10 items, lambda = 2 (c doubled)","i10_l2",1,-1.5,-0.04,0.948826299082908,0.194219813006159
"10 items, lambda = 2 (c doubled)","i10_l2",1,-1.5,-0.02,0.950733993915973,0.187355466914222
"10 items, lambda = 2 (c doubled)","i10_l2",1,-1.5,0,0.952574126822433,0.180706638923648
"10 items, lambda = 2 (c doubled)","i10_l2",1,-1.5,0.0200000000000005,0.954348829215556,0.174268565561813
"10 items, lambda = 2 (c doubled)","i10_l2",1,-1.5,0.04,0.956060184603859,0.168036432076377
"10 items, lambda = 2 (c doubled)","i10_l2",1,-1.5,0.0600000000000005,0.957710228157966,0.16200538815833
"10 items, lambda = 2 (c doubled)","i10_l2",1,-1.5,0.0800000000000001,0.959300946428534,0.156170562439413
"10 items, lambda = 2 (c doubled)","i10_l2",1,-1.5,0.0999999999999996,0.960834277203236,0.150527075818285
"10 items, lambda = 2 (c doubled)","i10_l2",1,-1.5,0.12,0.962312109491394,0.145070053670469
"10 items, lambda = 2 (c doubled)","i10_l2",1,-1.5,0.14,0.963736283625352,0.13979463699739
"10 items, lambda = 2 (c doubled)","i10_l2",1,-1.5,0.16,0.965108591468263,0.134695992569633
"10 items, lambda = 2 (c doubled)","i10_l2",1,-1.5,0.18,0.966430776718518,0.129769322119042
"10 items, lambda = 2 (c doubled)","i10_l2",1,-1.5,0.2,0.96770453530155,0.125009870633446
"10 items, lambda = 2 (c doubled)","i10_l2",1,-1.5,0.22,0.968931515840333,0.120412933806752
"10 items, lambda = 2 (c doubled)","i10_l2",1,-1.5,0.24,0.970113320196364,0.115973864695804
"10 items, lambda = 2 (c doubled)","i10_l2",1,-1.5,0.26,0.97125150407346,0.111688079634007
"10 items, lambda = 2 (c doubled)","i10_l2",1,-1.5,0.28,0.972347577677177,0.107551063450013
"10 items, lambda = 2 (c doubled)","i10_l2",1,-1.5,0.3,0.973403006423134,0.103558374038152
"10 items, lambda = 2 (c doubled)","i10_l2",1,-1.5,0.32,0.974419211687992,0.0997056463253754
"10 items, lambda = 2 (c doubled)","i10_l2",1,-1.5,0.34,0.97539757159726,0.0959885956777104
"10 items, lambda = 2 (c doubled)","i10_l2",1,-1.5,0.36,0.976339421844539,0.092403020787242
"10 items, lambda = 2 (c doubled)","i10_l2",1,-1.5,0.38,0.977246056537196,0.0889448060787826
"10 items, lambda = 2 (c doubled)","i10_l2",1,-1.5,0.4,0.978118729063869,0.0856099236734009
"10 items, lambda = 2 (c doubled)","i10_l2",1,-1.5,0.42,0.978958652979532,0.0823944349441303
"10 items, lambda = 2 (c doubled)","i10_l2",1,-1.5,0.44,0.979767002904215,0.0792944916972294
"10 items, lambda = 2 (c doubled)","i10_l2",1,-1.5,0.46,0.980544915431807,0.0763063370105503
"10 items, lambda = 2 (c doubled)","i10_l2",1,-1.5,0.48,0.981293490045645,0.0734263057587286
"10 items, lambda = 2 (c doubled)","i10_l2",1,-1.5,0.5,0.982013790037908,0.0706508248531644
"10 items, lambda = 2 (c doubled)","i10_l2",1,-1.5,0.52,0.982706843430095,0.0679764132230165
"10 items, lambda = 2 (c doubled)","i10_l2",1,-1.5,0.54,0.983373643892118,0.0653996815618223
"10 items, lambda = 2 (c doubled)","i10_l2",1,-1.5,0.56,0.984015151657797,0.0629173318627175
"10 items, lambda = 2 (c doubled)","i10_l2",1,-1.5,0.58,0.984632294434724,0.0605261567637382
"10 items, lambda = 2 (c doubled)","i10_l2",1,-1.5,0.6,0.985225968306727,0.0582230387231969
"10 items, lambda = 2 (c doubled)","i10_l2",1,-1.5,0.62,0.985797038627309,0.056004949043748
"10 items, lambda = 2 (c doubled)","i10_l2",1,-1.5,0.64,0.986346340902649,0.0538689467624171
"10 items, lambda = 2 (c doubled)","i10_l2",1,-1.5,0.66,0.986874681662897,0.0518121774226102
"10 items, lambda = 2 (c doubled)","i10_l2",1,-1.5,0.68,0.987382839320661,0.0498318717429218
"10 items, lambda = 2 (c doubled)","i10_l2",1,-1.5,0.7,0.987871565015726,0.0479253441964261
"10 items, lambda = 2 (c doubled)","i10_l2",1,-1.5,0.72,0.988341583445167,0.046089991513068
"10 items, lambda = 2 (c doubled)","i10_l2",1,-1.5,0.74,0.988793593678157,0.0443232911167706
"10 items, lambda = 2 (c doubled)","i10_l2",1,-1.5,0.76,0.989228269954858,0.0426227995079045
"10 items, lambda = 2 (c doubled)","i10_l2",1,-1.5,0.78,0.989646262468908,0.0409861506009159
"10 items, lambda = 2 (c doubled)","i10_l2",1,-1.5,0.8,0.990048198133096,0.0394110540260245
"10 items, lambda = 2 (c doubled)","i10_l2",1,-1.5,0.82,0.990434681327908,0.0378952934031719
"10 items, lambda = 2 (c doubled)","i10_l2",1,-1.5,0.84,0.990806294632712,0.0364367245956301
"10 items, lambda = 2 (c doubled)","i10_l2",1,-1.5,0.86,0.991163599539392,0.03503327395003
"10 items, lambda = 2 (c doubled)","i10_l2",1,-1.5,0.88,0.991507137148356,0.0336829365289098
"10 items, lambda = 2 (c doubled)","i10_l2",1,-1.5,0.9,0.99183742884684,0.0323837743413179
"10 items, lambda = 2 (c doubled)","i10_l2",1,-1.5,0.92,0.992154976969544,0.0311339145764295
"10 items, lambda = 2 (c doubled)","i10_l2",1,-1.5,0.94,0.992460265441627,0.0299315478446508
"10 items, lambda = 2 (c doubled)","i10_l2",1,-1.5,0.96,0.992753760404169,0.0287749264302051
"10 items, lambda = 2 (c doubled)","i10_l2",1,-1.5,0.98,0.993035910822238,0.0276623625587453
"10 items, lambda = 2 (c doubled)","i10_l2",1,-1.5,1,0.993307149075715,0.0265922266831601
"10 items, lambda = 2 (c doubled)","i10_l2",1,-1.5,1.02,0.993567891533081,0.0255629457903543
"10 items, lambda = 2 (c doubled)","i10_l2",1,-1.5,1.04,0.993818539108389,0.0245730017314263
"10 items, lambda = 2 (c doubled)","i10_l2",1,-1.5,1.06,0.99405947780166,0.0236209295774053
"10 items, lambda = 2 (c doubled)","i10_l2",1,-1.5,1.08,0.994291079222977,0.0227053160023405
"10 items, lambda = 2 (c doubled)","i10_l2",1,-1.5,1.1,0.99451370110055,0.0218247976953456
"10 items, lambda = 2 (c doubled)","i10_l2",1,-1.5,1.12,0.994727687773051,0.020978059802921
"10 items, lambda = 2 (c doubled)","i10_l2",1,-1.5,1.14,0.994933370666534,0.020163834402654
"10 items, lambda = 2 (c doubled)","i10_l2",1,-1.5,1.16,0.995131068756241,0.0193808990092088
"10 items, lambda = 2 (c doubled)","i10_l2",1,-1.5,1.18,0.995321089013649,0.0186280751133303
"10 items, lambda = 2 (c doubled)","i10_l2",1,-1.5,1.2,0.995503726839059,0.0179042267544134
"10 items, lambda = 2 (c doubled)","i10_l2",1,-1.5,1.22,0.995679266480088,0.0172082591270473
"10 items, lambda = 2 (c doubled)","i10_l2",1,-1.5,1.24,0.995847981436399,0.0165391172217929
"10 items, lambda = 2 (c doubled)","i10_l2",1,-1.5,1.26,0.996010134851006,0.0158957845003475
"10 items, lambda = 2 (c doubled)","i10_l2",1,-1.5,1.28,0.996165979888503,0.015277281605128
"10 items, lambda = 2 (c doubled)","i10_l2",1,-1.5,1.3,0.996315760100564,0.0146826651031972
"10 items, lambda = 2 (c doubled)","i10_l2",1,-1.5,1.32,0.996459709779054,0.0141110262643918
"10 items, lambda = 2 (c doubled)","i10_l2",1,-1.5,1.34,0.996598054297083,0.0135614898734068
"10 items, lambda = 2 (c doubled)","i10_l2",1,-1.5,1.36,0.996731010438361,0.0130332130755379
"10 items, lambda = 2 (c doubled)","i10_l2",1,-1.5,1.38,0.996858786715171,0.0125253842557145
"10 items, lambda = 2 (c doubled)","i10_l2",1,-1.5,1.4,0.996981583675292,0.0120372219503963
"10 items, lambda = 2 (c doubled)","i10_l2",1,-1.5,1.42,0.997099594198216,0.0115679737918767
"10 items, lambda = 2 (c doubled)","i10_l2",1,-1.5,1.44,0.997213003780958,0.011116915484469
"10 items, lambda = 2 (c doubled)","i10_l2",1,-1.5,1.46,0.997321990813787,0.0106833498120461
"10 items, lambda = 2 (c doubled)","i10_l2",1,-1.5,1.48,0.99742672684619,0.0102666056763447
"10 items, lambda = 2 (c doubled)","i10_l2",1,-1.5,1.5,0.997527376843365,0.00986603716543972
"10 items, lambda = 2 (c doubled)","i10_l2",1,-1.5,1.52,0.997624099433555,0.00948102265177342
"10 items, lambda = 2 (c doubled)","i10_l2",1,-1.5,1.54,0.997717047146497,0.00911096391908671
"10 items, lambda = 2 (c doubled)","i10_l2",1,-1.5,1.56,0.997806366643291,0.00875528531762032
"10 items, lambda = 2 (c doubled)","i10_l2",1,-1.5,1.58,0.997892198937957,0.00841343294690474
"10 items, lambda = 2 (c doubled)","i10_l2",1,-1.5,1.6,0.99797467961095,0.0080848738654864
"10 items, lambda = 2 (c doubled)","i10_l2",1,-1.5,1.62,0.998053939014914,0.00776909532691192
"10 items, lambda = 2 (c doubled)","i10_l2",1,-1.5,1.64,0.998130102472916,0.00746560404128925
"10 items, lambda = 2 (c doubled)","i10_l2",1,-1.5,1.66,0.998203290469422,0.0071739254617646
"10 items, lambda = 2 (c doubled)","i10_l2",1,-1.5,1.68,0.998273618834263,0.00689360309523115
"10 items, lambda = 2 (c doubled)","i10_l2",1,-1.5,1.7,0.998341198919826,0.00662419783660351
"10 items, lambda = 2 (c doubled)","i10_l2",1,-1.5,1.72,0.998406137771697,0.00636528732600093
"10 items, lambda = 2 (c doubled)","i10_l2",1,-1.5,1.74,0.998468538292997,0.00611646532817336
"10 items, lambda = 2 (c doubled)","i10_l2",1,-1.5,1.76,0.99852849940261,0.00587734113352569
"10 items, lambda = 2 (c doubled)","i10_l2",1,-1.5,1.78,0.998586116187539,0.00564753898010208
"10 items, lambda = 2 (c doubled)","i10_l2",1,-1.5,1.8,0.998641480049571,0.00542669749589277
"10 items, lambda = 2 (c doubled)","i10_l2",1,-1.5,1.82,0.998694678846473,0.00521446916085216
"10 items, lambda = 2 (c doubled)","i10_l2",1,-1.5,1.84,0.998745797027903,0.00501051978800667
"10 items, lambda = 2 (c doubled)","i10_l2",1,-1.5,1.86,0.998794915766221,0.00481452802307384
"10 items, lambda = 2 (c doubled)","i10_l2",1,-1.5,1.88,0.99884211308239,0.00462618486198272
"10 items, lambda = 2 (c doubled)","i10_l2",1,-1.5,1.9,0.99888746396714,0.0044451931857432
"10 items, lambda = 2 (c doubled)","i10_l2",1,-1.5,1.92,0.998931040497558,0.00427126731209661
"10 items, lambda = 2 (c doubled)","i10_l2",1,-1.5,1.94,0.998972911949289,0.00410413256339034
"10 items, lambda = 2 (c doubled)","i10_l2",1,-1.5,1.96,0.999013144904479,0.00394352485016573
"10 items, lambda = 2 (c doubled)","i10_l2",1,-1.5,1.98,0.999051803355646,0.00378919026990954
"10 items, lambda = 2 (c doubled)","i10_l2",1,-1.5,2,0.999088948805599,0.00364088472048714
"10 items, lambda = 2 (c doubled)","i10_l2",1,-1.5,2.02,0.999124640363571,0.00349837352774514
"10 items, lambda = 2 (c doubled)","i10_l2",1,-1.5,2.04,0.999158934837691,0.00336143108680645
"10 items, lambda = 2 (c doubled)","i10_l2",1,-1.5,2.06,0.999191886823944,0.00322984051660319
"10 items, lambda = 2 (c doubled)","i10_l2",1,-1.5,2.08,0.999223548791729,0.00310339332716768
"10 items, lambda = 2 (c doubled)","i10_l2",1,-1.5,2.1,0.999253971166163,0.00298188909926304
"10 items, lambda = 2 (c doubled)","i10_l2",1,-1.5,2.12,0.999283202407234,0.00286513517590977
"10 items, lambda = 2 (c doubled)","i10_l2",1,-1.5,2.14,0.999311289085927,0.00275294636540054
"10 items, lambda = 2 (c doubled)","i10_l2",1,-1.5,2.16,0.999338275957443,0.00264514465539374
"10 items, lambda = 2 (c doubled)","i10_l2",1,-1.5,2.18,0.999364206031605,0.00254155893769978
"10 items, lambda = 2 (c doubled)","i10_l2",1,-1.5,2.2,0.999389120640566,0.00244202474337039
"10 items, lambda = 2 (c doubled)","i10_l2",1,-1.5,2.22,0.999413059503919,0.00234638398773931
"10 items, lambda = 2 (c doubled)","i10_l2",1,-1.5,2.24,0.999436060791308,0.00225448472504457
"10 items, lambda = 2 (c doubled)","i10_l2",1,-1.5,2.26,0.999458161182623,0.00216618091229333
"10 items, lambda = 2 (c doubled)","i10_l2",1,-1.5,2.28,0.999479395925889,0.00208133218203576
"10 items, lambda = 2 (c doubled)","i10_l2",1,-1.5,2.3,0.99949979889292,0.00199980362372787
"10 items, lambda = 2 (c doubled)","i10_l2",1,-1.5,2.32,0.99951940263283,0.00192146557336352
"10 items, lambda = 2 (c doubled)","i10_l2",1,-1.5,2.34,0.999538238423476,0.00184619341108267
"10 items, lambda = 2 (c doubled)","i10_l2",1,-1.5,2.36,0.999556336320926,0.00177386736645638
"10 items, lambda = 2 (c doubled)","i10_l2",1,-1.5,2.38,0.999573725207005,0.00170437233118368
"10 items, lambda = 2 (c doubled)","i10_l2",1,-1.5,2.4,0.999590432835014,0.00163759767889378
"10 items, lambda = 2 (c doubled)","i10_l2",1,-1.5,2.42,0.999606485873673,0.00157343709183592
"10 items, lambda = 2 (c doubled)","i10_l2",1,-1.5,2.44,0.999621909949373,0.00151178839416225
"10 items, lambda = 2 (c doubled)","i10_l2",1,-1.5,2.46,0.999636729686782,0.00145255339159072
"10 items, lambda = 2 (c doubled)","i10_l2",1,-1.5,2.48,0.99965096874789,0.00139563771717998
"10 items, lambda = 2 (c doubled)","i10_l2",1,-1.5,2.5,0.999664649869534,0.00134095068302547
"10 items, lambda = 2 (c doubled)","i10_l2",1,-1.5,2.52,0.999677794899469,0.00128840513761785
"10 items, lambda = 2 (c doubled)","i10_l2",1,-1.5,2.54,0.999690424831044,0.00123791732868138
"10 items, lambda = 2 (c doubled)","i10_l2",1,-1.5,2.56,0.999702559836532,0.00118940677126951
"10 items, lambda = 2 (c doubled)","i10_l2",1,-1.5,2.58,0.999714219299158,0.00114279612093192
"10 items, lambda = 2 (c doubled)","i10_l2",1,-1.5,2.6,0.999725421843899,0.00109801105175051
"10 items, lambda = 2 (c doubled)","i10_l2",1,-1.5,2.62,0.999736185367072,0.00105498013907077
"10 items, lambda = 2 (c doubled)","i10_l2",1,-1.5,2.64,0.999746527064784,0.00101363474675042
"10 items, lambda = 2 (c doubled)","i10_l2",1,-1.5,2.66,0.999756463460268,0.00097390891874181
"10 items, lambda = 2 (c doubled)","i10_l2",1,-1.5,2.68,0.999766010430164,0.000935739274869726
"10 items, lambda = 2 (c doubled)","i10_l2",1,-1.5,2.7,0.999775183229767,0.00089906491061264
"10 items, lambda = 2 (c doubled)","i10_l2",1,-1.5,2.72,0.999783996517303,0.00086382730076813
"10 items, lambda = 2 (c doubled)","i10_l2",1,-1.5,2.74,0.999792464377258,0.00082997020683097
"10 items, lambda = 2 (c doubled)","i10_l2",1,-1.5,2.76,0.999800600342789,0.000797439587951026
"10 items, lambda = 2 (c doubled)","i10_l2",1,-1.5,2.78,0.999808417417279,0.000766183515340904
"10 items, lambda = 2 (c doubled)","i10_l2",1,-1.5,2.8,0.999815928095037,0.000736152089988772
"10 items, lambda = 2 (c doubled)","i10_l2",1,-1.5,2.82,0.9998231443812,0.000707297363560344
"10 items, lambda = 2 (c doubled)","i10_l2",1,-1.5,2.84,0.999830077810858,0.00067957326236487
"10 items, lambda = 2 (c doubled)","i10_l2",1,-1.5,2.86,0.999836739467432,0.000652935514266419
"10 items, lambda = 2 (c doubled)","i10_l2",1,-1.5,2.88,0.999843140000333,0.000627341578429008
"10 items, lambda = 2 (c doubled)","i10_l2",1,-1.5,2.9,0.99984928964194,0.00060275057779066
"10 items, lambda = 2 (c doubled)","i10_l2",1,-1.5,2.92,0.999855198223908,0.000579123234149659
"10 items, lambda = 2 (c doubled)","i10_l2",1,-1.5,2.94,0.999860875192843,0.000556421805778574
"10 items, lambda = 2 (c doubled)","i10_l2",1,-1.5,2.96,0.999866329625366,0.000534610027457866
"10 items, lambda = 2 (c doubled)","i10_l2",1,-1.5,2.98,0.999871570242587,0.000513653052842114
"10 items, lambda = 2 (c doubled)","i10_l2",1,-1.5,3,0.999876605424014,0.000493517399059721
"10 items, lambda = 2 (c doubled)","i10_l2",1,-1.5,3.02,0.999881443220922,0.000474170893472159
"10 items, lambda = 2 (c doubled)","i10_l2",1,-1.5,3.04,0.999886091369197,0.000455582622505384
"10 items, lambda = 2 (c doubled)","i10_l2",1,-1.5,3.06,0.99989055730168,0.000437722882465026
"10 items, lambda = 2 (c doubled)","i10_l2",1,-1.5,3.08,0.999894848160022,0.000420563132273093
"10 items, lambda = 2 (c doubled)","i10_l2",1,-1.5,3.1,0.999898970806092,0.000404075948038927
"10 items, lambda = 2 (c doubled)","i10_l2",1,-1.5,3.12,0.99990293183292,0.000388234979402405
"10 items, lambda = 2 (c doubled)","i10_l2",1,-1.5,3.14,0.999906737575226,0.000373014907575742
"10 items, lambda = 2 (c doubled)","i10_l2",1,-1.5,3.16,0.99991039411953,0.000358391405023056
"10 items, lambda = 2 (c doubled)","i10_l2",1,-1.5,3.18,0.999913907313873,0.000344341096707462
"10 items, lambda = 2 (c doubled)","i10_l2",1,-1.5,3.2,0.999917282777148,0.000330841522850497
"10 items, lambda = 2 (c doubled)","i10_l2",1,-1.5,3.22,0.999920525908083,0.000317871103144179
"10 items, lambda = 2 (c doubled)","i10_l2",1,-1.5,3.24,0.999923641893851,0.00030540910235552
"10 items, lambda = 2 (c doubled)","i10_l2",1,-1.5,3.26,0.999926635718362,0.000293435597279652
"10 items, lambda = 2 (c doubled)","i10_l2",1,-1.5,3.28,0.999929512170222,0.000281931444974209
"10 items, lambda = 2 (c doubled)","i10_l2",1,-1.5,3.3,0.99993227585038,0.000270878252236798
"10 items, lambda = 2 (c doubled)","i10_l2",1,-1.5,3.32,0.999934931179479,0.000260258346276774
"10 items, lambda = 2 (c doubled)","i10_l2",1,-1.5,3.34,0.999937482404919,0.00025005474652443
"10 items, lambda = 2 (c doubled)","i10_l2",1,-1.5,3.36,0.999939933607641,0.000240251137548719
"10 items, lambda = 2 (c doubled)","i10_l2",1,-1.5,3.38,0.99994228870865,0.000230831843026577
"10 items, lambda = 2 (c doubled)","i10_l2",1,-1.5,3.4,0.999944551475277,0.000221781800735761
"10 items, lambda = 2 (c doubled)","i10_l2",1,-1.5,3.42,0.999946725527202,0.000213086538513808
"10 items, lambda = 2 (c doubled)","i10_l2",1,-1.5,3.44,0.999948814342237,0.000204732151167391
"10 items, lambda = 2 (c doubled)","i10_l2",1,-1.5,3.46,0.999950821261882,0.000196705278278179
"10 items, lambda = 2 (c doubled)","i10_l2",1,-1.5,3.48,0.999952749496671,0.00018899308287525
"10 items, lambda = 2 (c doubled)","i10_l2",1,-1.5,3.5,0.999954602131298,0.000181583230943631
"10 items, lambda = 2 (c doubled)","i10_l2",1,-1.5,3.52,0.999956382129548,0.000174463871734999
"10 items, lambda = 2 (c doubled)","i10_l2",1,-1.5,3.54,0.999958092339037,0.000167623618843423
"10 items, lambda = 2 (c doubled)","i10_l2",1,-1.5,3.56,0.999959735495764,0.00016105153202412
"10 items, lambda = 2 (c doubled)","i10_l2",1,-1.5,3.58,0.99996131422848,0.000154737099723429
"10 items, lambda = 2 (c doubled)","i10_l2",1,-1.5,3.6,0.999962831062897,0.000148670222292167
"10 items, lambda = 2 (c doubled)","i10_l2",1,-1.5,3.62,0.99996428842572,0.000142841195851877
"10 items, lambda = 2 (c doubled)","i10_l2",1,-1.5,3.64,0.999965688648532,0.000137240696798096
"10 items, lambda = 2 (c doubled)","i10_l2",1,-1.5,3.66,0.999967033971515,0.000131859766905701
"10 items, lambda = 2 (c doubled)","i10_l2",1,-1.5,3.68,0.999968326547039,0.000126689799014224
"10 items, lambda = 2 (c doubled)","i10_l2",1,-1.5,3.7,0.999969568443099,0.000121722523283915
"10 items, lambda = 2 (c doubled)","i10_l2",1,-1.5,3.72,0.999970761646625,0.000116949993976476
"10 items, lambda = 2 (c doubled)","i10_l2",1,-1.5,3.74,0.999971908066653,0.000112364576762752
"10 items, lambda = 2 (c doubled)","i10_l2",1,-1.5,3.76,0.999973009537385,0.000107958936521513
"10 items, lambda = 2 (c doubled)","i10_l2",1,-1.5,3.78,0.999974067821117,0.000103726025620941
"10 items, lambda = 2 (c doubled)","i10_l2",1,-1.5,3.8,0.999975084611061,9.96590726509337e-05
"10 items, lambda = 2 (c doubled)","i10_l2",1,-1.5,3.82,0.999976061534048,9.57515716071707e-05
"10 items, lambda = 2 (c doubled)","i10_l2",1,-1.5,3.84,0.999977000153135,9.19972714870289e-05
"10 items, lambda = 2 (c doubled)","i10_l2",1,-1.5,3.86,0.999977901970102,8.83901663022925e-05
"10 items, lambda = 2 (c doubled)","i10_l2",1,-1.5,3.88,0.999978768427851,8.49244854785076e-05
"10 items, lambda = 2 (c doubled)","i10_l2",1,-1.5,3.9,0.99997960091272,8.15946846285918e-05
"10 items, lambda = 2 (c doubled)","i10_l2",1,-1.5,3.92,0.999980400756696,7.83954366931928e-05
"10 items, lambda = 2 (c doubled)","i10_l2",1,-1.5,3.94,0.999981169239547,7.53216234211913e-05
"10 items, lambda = 2 (c doubled)","i10_l2",1,-1.5,3.96,0.999981907590867,7.23683271917145e-05
"10 items, lambda = 2 (c doubled)","i10_l2",1,-1.5,3.98,0.999982616992044,6.953082314661e-05
"10 items, lambda = 2 (c doubled)","i10_l2",1,-1.5,4,0.999983298578152,6.68045716418463e-05
"10 items, lambda = 2 (c doubled)","i10_l2",2,-1.16666666666667,-4,0.00344745130156357,0.0137422655243477
"10 items, lambda = 2 (c doubled)","i10_l2",2,-1.16666666666667,-3.98,0.00358763970181651,0.0142990741727458
"10 items, lambda = 2 (c doubled)","i10_l2",2,-1.16666666666667,-3.96,0.00373350741649537,0.0148782733554654
"10 items, lambda = 2 (c doubled)","i10_l2",2,-1.16666666666667,-3.94,0.00388528275446328,0.0154807493295246
"10 items, lambda = 2 (c doubled)","i10_l2",2,-1.16666666666667,-3.92,0.00404320305570373,0.0161074222590163
"10 items, lambda = 2 (c doubled)","i10_l2",2,-1.16666666666667,-3.9,0.00420751503635901,0.0167592474143113
"10 items, lambda = 2 (c doubled)","i10_l2",2,-1.16666666666667,-3.88,0.00437847514593086,0.0174372164053093
"10 items, lambda = 2 (c doubled)","i10_l2",2,-1.16666666666667,-3.86,0.00455634993698456,0.0181423584489452
"10 items, lambda = 2 (c doubled)","i10_l2",2,-1.16666666666667,-3.84,0.00474141644770018,0.0188757416710786
"10 items, lambda = 2 (c doubled)","i10_l2",2,-1.16666666666667,-3.82,0.00493396259761456,0.0196384744427996
"10 items, lambda = 2 (c doubled)","i10_l2",2,-1.16666666666667,-3.8,0.00513428759689842,0.020431706751083
"10 items, lambda = 2 (c doubled)","i10_l2",2,-1.16666666666667,-3.78,0.00534270236951087,0.0212566316036068
"10 items, lambda = 2 (c doubled)","i10_l2",2,-1.16666666666667,-3.76,0.0055595299905718,0.0221144864674229
"10 items, lambda = 2 (c doubled)","i10_l2",2,-1.16666666666667,-3.74,0.00578510613828835,0.0230065547410283
"10 items, lambda = 2 (c doubled)","i10_l2",2,-1.16666666666667,-3.72,0.00601977956076662,0.0239341672592256
"10 items, lambda = 2 (c doubled)","i10_l2",2,-1.16666666666667,-3.7,0.00626391255803281,0.0248987038299925
"10 items, lambda = 2 (c doubled)","i10_l2",2,-1.16666666666667,-3.68,0.00651788147957907,0.0259015948023889
"10 items, lambda = 2 (c doubled)","i10_l2",2,-1.16666666666667,-3.66,0.00678207723773883,0.0269443226643207
"10 items, lambda = 2 (c doubled)","i10_l2",2,-1.16666666666667,-3.64,0.00705690583718325,0.0280284236687535
"10 items, lambda = 2 (c doubled)","i10_l2",2,-1.16666666666667,-3.62,0.00734278892081532,0.0291554894867187
"10 items, lambda = 2 (c doubled)","i10_l2",2,-1.16666666666667,-3.6,0.00764016433231994,0.0303271688851804
"10 items, lambda = 2 (c doubled)","i10_l2",2,-1.16666666666667,-3.58,0.00794948669560803,0.0315451694275375
"10 items, lambda = 2 (c doubled)","i10_l2",2,-1.16666666666667,-3.56,0.00827122801136806,0.0328112591942081
"10 items, lambda = 2 (c doubled)","i10_l2",2,-1.16666666666667,-3.54,0.00860587827091222,0.0341272685203938
"10 items, lambda = 2 (c doubled)","i10_l2",2,-1.16666666666667,-3.52,0.00895394608747229,0.0354950917477397
"10 items, lambda = 2 (c doubled)","i10_l2",2,-1.16666666666667,-3.5,0.00931595934506669,0.036916688986191
"10 items, lambda = 2 (c doubled)","i10_l2",2,-1.16666666666667,-3.48,0.00969246586501965,0.0383940878819003
"10 items, lambda = 2 (c doubled)","i10_l2",2,-1.16666666666667,-3.46,0.0100840340901709,0.0399293853865568
"10 items, lambda = 2 (c doubled)","i10_l2",2,-1.16666666666667,-3.44,0.0104912537867646,0.041524749522985
"10 items, lambda = 2 (c doubled)","i10_l2",2,-1.16666666666667,-3.42,0.0109147367639513,0.0431824211412999
"10 items, lambda = 2 (c doubled)","i10_l2",2,-1.16666666666667,-3.4,0.0113551176107796,0.0449047156592999
"10 items, lambda = 2 (c doubled)","i10_l2",2,-1.16666666666667,-3.38,0.0118130544504826,0.0466940247801303
"10 items, lambda = 2 (c doubled)","i10_l2",2,-1.16666666666667,-3.36,0.0122892297117968,0.0485528181795499
"10 items, lambda = 2 (c doubled)","i10_l2",2,-1.16666666666667,-3.34,0.0127843509169663,0.0504836451543928
"10 items, lambda = 2 (c doubled)","i10_l2",2,-1.16666666666667,-3.32,0.0132991514860003,0.0524891362230109
"10 items, lambda = 2 (c doubled)","i10_l2",2,-1.16666666666667,-3.3,0.0138343915566525,0.0545720046676389
"10 items, lambda = 2 (c doubled)","i10_l2",2,-1.16666666666667,-3.28,0.0143908588194889,0.0567350480077059
"10 items, lambda = 2 (c doubled)","i10_l2",2,-1.16666666666667,-3.26,0.0149693693672945,0.05898114939216
"10 items, lambda = 2 (c doubled)","i10_l2",2,-1.16666666666667,-3.24,0.0155707685579437,0.0613132788978344
"10 items, lambda = 2 (c doubled)","i10_l2",2,-1.16666666666667,-3.22,0.0161959318897275,0.0637344947198032
"10 items, lambda = 2 (c doubled)","i10_l2",2,-1.16666666666667,-3.2,0.0168457658879809,0.066247944238513
"10 items, lambda = 2 (c doubled)","i10_l2",2,-1.16666666666667,-3.18,0.0175212090016975,0.0688568649472652
"10 items, lambda = 2 (c doubled)","i10_l2",2,-1.16666666666667,-3.16,0.0182232325086472,0.0715645852223321
"10 items, lambda = 2 (c doubled)","i10_l2",2,-1.16666666666667,-3.14,0.0189528414273305,0.0743745249166439
"10 items, lambda = 2 (c doubled)","i10_l2",2,-1.16666666666667,-3.12,0.019711075433901,0.0772901957565603
"10 items, lambda = 2 (c doubled)","i10_l2",2,-1.16666666666667,-3.1,0.0204990097819817,0.0803152015197597
"10 items, lambda = 2 (c doubled)","i10_l2",2,-1.16666666666667,-3.08,0.0213177562230677,0.0834532379707261
"10 items, lambda = 2 (c doubled)","i10_l2",2,-1.16666666666667,-3.06,0.0221684639249677,0.0867080925287005
"10 items, lambda = 2 (c doubled)","i10_l2",2,-1.16666666666667,-3.04,0.0230523203854769,0.090083643641289
"10 items, lambda = 2 (c doubled)","i10_l2",2,-1.16666666666667,-3.02,0.0239705523381954,0.0935838598351889
"10 items, lambda = 2 (c doubled)","i10_l2",2,-1.16666666666667,-3,0.024924426647114,0.0972127984137067
"10 items, lambda = 2 (c doubled)","i10_l2",2,-1.16666666666667,-2.98,0.0259152511862767,0.100974603768916
"10 items, lambda = 2 (c doubled)","i10_l2",2,-1.16666666666667,-2.96,0.0269443757004958,0.104873505274425
"10 items, lambda = 2 (c doubled)","i10_l2",2,-1.16666666666667,-2.94,0.0280131926427497,0.10891381472284
"10 items, lambda = 2 (c doubled)","i10_l2",2,-1.16666666666667,-2.92,0.0291231379835216,0.113099923270058
"10 items, lambda = 2 (c doubled)","i10_l2",2,-1.16666666666667,-2.9,0.0302756919869505,0.117436297846647
"10 items, lambda = 2 (c doubled)","i10_l2",2,-1.16666666666667,-2.88,0.0314723799482581,0.121927476994603
"10 items, lambda = 2 (c doubled)","i10_l2",2,-1.16666666666667,-2.86,0.0327147728864904,0.126578066085903
"10 items, lambda = 2 (c doubled)","i10_l2",2,-1.16666666666667,-2.84,0.0340044881861637,0.131392731877443
"10 items, lambda = 2 (c doubled)","i10_l2",2,-1.16666666666667,-2.82,0.0353431901809475,0.136376196355124
"10 items, lambda = 2 (c doubled)","i10_l2",2,-1.16666666666667,-2.8,0.0367325906720298,0.141533229818203
"10 items, lambda = 2 (c doubled)","i10_l2",2,-1.16666666666667,-2.78,0.0381744493733178,0.146868643153447
"10 items, lambda = 2 (c doubled)","i10_l2",2,-1.16666666666667,-2.76,0.0396705742751146,0.152387279247189
"10 items, lambda = 2 (c doubled)","i10_l2",2,-1.16666666666667,-2.74,0.041222821917383,0.158094003482203
"10 items, lambda = 2 (c doubled)","i10_l2",2,-1.16666666666667,-2.72,0.0428330975631794,0.16399369326529
"10 items, lambda = 2 (c doubled)","i10_l2",2,-1.16666666666667,-2.7,0.044503355262287,0.170091226530743
"10 items, lambda = 2 (c doubled)","i10_l2",2,-1.16666666666667,-2.68,0.0462355977945348,0.176391469164467
"10 items, lambda = 2 (c doubled)","i10_l2",2,-1.16666666666667,-2.66,0.0480318764817286,0.18289926129349
"10 items, lambda = 2 (c doubled)","i10_l2",2,-1.16666666666667,-2.64,0.0498942908565771,0.189619402385986
"10 items, lambda = 2 (c doubled)","i10_l2",2,-1.16666666666667,-2.62,0.051824988176444,0.196556635107822
"10 items, lambda = 2 (c doubled)","i10_l2",2,-1.16666666666667,-2.6,0.0538261627692296,0.20371562788308
"10 items, lambda = 2 (c doubled)","i10_l2",2,-1.16666666666667,-2.58,0.0559000551981642,0.211100956108026
"10 items, lambda = 2 (c doubled)","i10_l2",2,-1.16666666666667,-2.56,0.0580489512318107,0.21871708197079
"10 items, lambda = 2 (c doubled)","i10_l2",2,-1.16666666666667,-2.54,0.0602751806051037,0.226568332832503
"10 items, lambda = 2 (c doubled)","i10_l2",2,-1.16666666666667,-2.52,0.0625811155568412,0.23465887813001
"10 items, lambda = 2 (c doubled)","i10_l2",2,-1.16666666666667,-2.5,0.0649691691286641,0.24299270476558
"10 items, lambda = 2 (c doubled)","i10_l2",2,-1.16666666666667,-2.48,0.0674417932102459,0.251573590955329
"10 items, lambda = 2 (c doubled)","i10_l2",2,-1.16666666666667,-2.46,0.070001476315172,0.260405078515474
"10 items, lambda = 2 (c doubled)","i10_l2",2,-1.16666666666667,-2.44,0.0726507410718133,0.269490443574119
"10 items, lambda = 2 (c doubled)","i10_l2",2,-1.16666666666667,-2.42,0.0753921414134325,0.278832665706118
"10 items, lambda = 2 (c doubled)","i10_l2",2,-1.16666666666667,-2.4,0.078228259451784,0.288434395499713
"10 items, lambda = 2 (c doubled)","i10_l2",2,-1.16666666666667,-2.38,0.0811617020186237,0.298297920576255
"10 items, lambda = 2 (c doubled)","i10_l2",2,-1.16666666666667,-2.36,0.0841950968598215,0.308425130098347
"10 items, lambda = 2 (c doubled)","i10_l2",2,-1.16666666666667,-2.34,0.0873310884672027,0.318817477817345
"10 items, lambda = 2 (c doubled)","i10_l2",2,-1.16666666666667,-2.32,0.0905723335338375,0.329475943728291
"10 items, lambda = 2 (c doubled)","i10_l2",2,-1.16666666666667,-2.3,0.0939214960192712,0.340400994419093
"10 items, lambda = 2 (c doubled)","i10_l2",2,-1.16666666666667,-2.28,0.097381241812153,0.351592542221104
"10 items, lambda = 2 (c doubled)","i10_l2",2,-1.16666666666667,-2.26,0.100954232978908,0.363049903290194
"10 items, lambda = 2 (c doubled)","i10_l2",2,-1.16666666666667,-2.24,0.104643121588498,0.374771754770851
"10 items, lambda = 2 (c doubled)","i10_l2",2,-1.16666666666667,-2.22,0.108450543104963,0.386756091220807
"10 items, lambda = 2 (c doubled)","i10_l2",2,-1.16666666666667,-2.2,0.112379109341357,0.3990001805
"10 items, lambda = 2 (c doubled)","i10_l2",2,-1.16666666666667,-2.18,0.116431400970839,0.411500519355227
"10 items, lambda = 2 (c doubled)","i10_l2",2,-1.16666666666667,-2.16,0.120609959593167,0.424252788960407
"10 items, lambda = 2 (c doubled)","i10_l2",2,-1.16666666666667,-2.14,0.124917279357562,0.437251810701868
"10 items, lambda = 2 (c doubled)","i10_l2",2,-1.16666666666667,-2.12,0.129355798145967,0.450491502527949
"10 items, lambda = 2 (c doubled)","i10_l2",2,-1.16666666666667,-2.1,0.133927888324074,0.463964836212513
"10 items, lambda = 2 (c doubled)","i10_l2",2,-1.16666666666667,-2.08,0.138635847071113,0.477663795911952
"10 items, lambda = 2 (c doubled)","i10_l2",2,-1.16666666666667,-2.06,0.143481886303387,0.491579338424836
"10 items, lambda = 2 (c doubled)","i10_l2",2,-1.16666666666667,-2.04,0.148468122210715,0.505701355591756
"10 items, lambda = 2 (c doubled)","i10_l2",2,-1.16666666666667,-2.02,0.153596564429502,0.520018639299824
"10 items, lambda = 2 (c doubled)","i10_l2",2,-1.16666666666667,-2,0.158869104880915,0.534518849581008
"10 items, lambda = 2 (c doubled)","i10_l2",2,-1.16666666666667,-1.98,0.164287506307619,0.549188486315371
"10 items, lambda = 2 (c doubled)","i10_l2",2,-1.16666666666667,-1.96,0.169853390547777,0.564012865068806
"10 items, lambda = 2 (c doubled)","i10_l2",2,-1.16666666666667,-1.94,0.175568226590367,0.578976097609121
"10 items, lambda = 2 (c doubled)","i10_l2",2,-1.16666666666667,-1.92,0.181433318461338,0.594061077653778
"10 items, lambda = 2 (c doubled)","i10_l2",2,-1.16666666666667,-1.9,0.187449792995741,0.60924947240638
"10 items, lambda = 2 (c doubled)","i10_l2",2,-1.16666666666667,-1.88,0.193618587556473,0.624521720436438
"10 items, lambda = 2 (c doubled)","i10_l2",2,-1.16666666666667,-1.86,0.199940437765809,0.639857036447303
"10 items, lambda = 2 (c doubled)","i10_l2",2,-1.16666666666667,-1.84,0.206415865321267,0.655233423459758
"10 items, lambda = 2 (c doubled)","i10_l2",2,-1.16666666666667,-1.82,0.21304516597249,0.670627692912976
"10 items, lambda = 2 (c doubled)","i10_l2",2,-1.16666666666667,-1.8,0.219828397740683,0.686015493149787
"10 items, lambda = 2 (c doubled)","i10_l2",2,-1.16666666666667,-1.78,0.226765369466612,0.701371346709132
"10 items, lambda = 2 (c doubled)","i10_l2",2,-1.16666666666667,-1.76,0.233855629777124,0.716668696794675
"10 items, lambda = 2 (c doubled)","i10_l2",2,-1.16666666666667,-1.74,0.241098456563532,0.731879963224858
"10 items, lambda = 2 (c doubled)","i10_l2",2,-1.16666666666667,-1.72,0.248492847067911,0.746976608095979
"10 items, lambda = 2 (c doubled)","i10_l2",2,-1.16666666666667,-1.7,0.256037508675242,0.76192921130647
"10 items, lambda = 2 (c doubled)","i10_l2",2,-1.16666666666667,-1.68,0.263730850510377,0.7767075559978
"10 items, lambda = 2 (c doubled)","i10_l2",2,-1.16666666666667,-1.66,0.271570975938848,0.791280723865878
"10 items, lambda = 2 (c doubled)","i10_l2",2,-1.16666666666667,-1.64,0.279555676069542,0.805617200187374
"10 items, lambda = 2 (c doubled)","i10_l2",2,-1.16666666666667,-1.62,0.287682424355135,0.819684988289148
"10 items, lambda = 2 (c doubled)","i10_l2",2,-1.16666666666667,-1.6,0.295948372382838,0.833451733067147
"10 items, lambda = 2 (c doubled)","i10_l2",2,-1.16666666666667,-1.58,0.304350346943479,0.846884853035451
"10 items, lambda = 2 (c doubled)","i10_l2",2,-1.16666666666667,-1.56,0.312884848461078,0.859951680258266
"10 items, lambda = 2 (c doubled)","i10_l2",2,-1.16666666666667,-1.54,0.321548050857982,0.872619607389658
"10 items, lambda = 2 (c doubled)","i10_l2",2,-1.16666666666667,-1.52,0.330335802922225,0.884856240919816
"10 items, lambda = 2 (c doubled)","i10_l2",2,-1.16666666666667,-1.5,0.339243631234183,0.896629559604914
"10 items, lambda = 2 (c doubled)","i10_l2",2,-1.16666666666667,-1.48,0.348266744698739,0.907908076942729
"10 items, lambda = 2 (c doubled)","i10_l2",2,-1.16666666666667,-1.46,0.357400040717297,0.918661006450286
"10 items, lambda = 2 (c doubled)","i10_l2",2,-1.16666666666667,-1.44,0.366638113021046,0.928858428405651
"10 items, lambda = 2 (c doubled)","i10_l2",2,-1.16666666666667,-1.42,0.375975261173075,0.938471456635653
"10 items, lambda = 2 (c doubled)","i10_l2",2,-1.16666666666667,-1.4,0.38540550173245,0.947472403867235
"10 items, lambda = 2 (c doubled)","i10_l2",2,-1.16666666666667,-1.38,0.394922581058263,0.95583494411417
"10 items, lambda = 2 (c doubled)","i10_l2",2,-1.16666666666667,-1.36,0.404519989716252,0.963534270544861
"10 items, lambda = 2 (c doubled)","i10_l2",2,-1.16666666666667,-1.34,0.414190978435015,0.97054724727224
"10 items, lambda = 2 (c doubled)","i10_l2",2,-1.16666666666667,-1.32,0.423928575543288,0.976852553524507
"10 items, lambda = 2 (c doubled)","i10_l2",2,-1.16666666666667,-1.3,0.433725605804561,0.98243081869611
"10 items, lambda = 2 (c doubled)","i10_l2",2,-1.16666666666667,-1.28,0.44357471055059,0.987264746842201
"10 items, lambda = 2 (c doubled)","i10_l2",2,-1.16666666666667,-1.26,0.4534683690014,0.99133922926644
"10 items, lambda = 2 (c doubled)","i10_l2",2,-1.16666666666667,-1.24,0.463398920646409,0.994641443960609
"10 items, lambda = 2 (c doubled)","i10_l2",2,-1.16666666666667,-1.22,0.473358588549516,0.997160940783704
"10 items, lambda = 2 (c doubled)","i10_l2",2,-1.16666666666667,-1.2,0.483339503430589,0.998889711416242
"10 items, lambda = 2 (c doubled)","i10_l2",2,-1.16666666666667,-1.18,0.49333372836697,0.999822243290059
"10 items, lambda = 2 (c doubled)","i10_l2",2,-1.16666666666667,-1.16,0.503333283951495,0.999955556872395
"10 items, lambda = 2 (c doubled)","i10_l2",2,-1.16666666666667,-1.14,0.513330173738232,0.999289225872434
"10 items, lambda = 2 (c doubled)","i10_l2",2,-1.16666666666667,-1.12,0.52331640980385,0.997825380135436
"10 items, lambda = 2 (c doubled)","i10_l2",2,-1.16666666666667,-1.1,0.533284038251131,0.995568691190789
"10 items, lambda = 2 (c doubled)","i10_l2",2,-1.16666666666667,-1.08,0.543225164481858,0.992526340622065
"10 items, lambda = 2 (c doubled)","i10_l2",2,-1.16666666666667,-1.06,0.553131978068951,0.988707971625922
"10 items, lambda = 2 (c doubled)","i10_l2",2,-1.16666666666667,-1.04,0.5629967770624,0.984125624319001
"10 items, lambda = 2 (c doubled)","i10_l2",2,-1.16666666666667,-1.02,0.572811991570014,0.978793655534433
"10 items, lambda = 2 (c doubled)","i10_l2",2,-1.16666666666667,-1,0.582570206462315,0.972728644019083
"10 items, lambda = 2 (c doubled)","i10_l2",2,-1.16666666666667,-0.98,0.592264183060792,0.965949282096499
"10 items, lambda = 2 (c doubled)","i10_l2",2,-1.16666666666667,-0.96,0.601886879680057,0.958476254996247
"10 items, lambda = 2 (c doubled)","i10_l2",2,-1.16666666666667,-0.94,0.611431470907073,0.950332109165945
"10 items, lambda = 2 (c doubled)","i10_l2",2,-1.16666666666667,-0.92,0.620891365514257,0.941541110976393
"10 items, lambda = 2 (c doubled)","i10_l2",2,-1.16666666666667,-0.9,0.630260222917751,0.932129097301671
"10 items, lambda = 2 (c doubled)","i10_l2",2,-1.16666666666667,-0.88,0.639531968107232,0.922123319504489
"10 items, lambda = 2 (c doubled)","i10_l2",2,-1.16666666666667,-0.86,0.648700804989077,0.911552282382402
"10 items, lambda = 2 (c doubled)","i10_l2",2,-1.16666666666667,-0.84,0.657761228100293,0.90044557963315
"10 items, lambda = 2 (c doubled)","i10_l2",2,-1.16666666666667,-0.82,0.666708032666123,0.888833727378363
"10 items, lambda = 2 (c doubled)","i10_l2",2,-1.16666666666667,-0.8,0.675536322989454,0.876747997245368
"10 items, lambda = 2 (c doubled)","i10_l2",2,-1.16666666666667,-0.78,0.684241519174862,0.864220250448555
"10 items, lambda = 2 (c doubled)","i10_l2",2,-1.16666666666667,-0.76,0.692819362204203,0.851282774236657
"10 items, lambda = 2 (c doubled)","i10_l2",2,-1.16666666666667,-0.74,0.701265917393862,0.837968121982428
"10 items, lambda = 2 (c doubled)","i10_l2",2,-1.16666666666667,-0.72,0.709577576276054,0.824308958089018
"10 items, lambda = 2 (c doubled)","i10_l2",2,-1.16666666666667,-0.7,0.71775105695774,0.810337908775148
"10 items, lambda = 2 (c doubled)","i10_l2",2,-1.16666666666667,-0.68,0.725783403020772,0.796087419681439
"10 items, lambda = 2 (c doubled)","i10_l2",2,-1.16666666666667,-0.66,0.733671981035663,0.781589621115474
"10 items, lambda = 2 (c doubled)","i10_l2",2,-1.16666666666667,-0.64,0.741414476768935,0.766876201625525
"10 items, lambda = 2 (c doubled)","i10_l2",2,-1.16666666666667,-0.62,0.749008890170233,0.751978290464756
"10 items, lambda = 2 (c doubled)","i10_l2",2,-1.16666666666667,-0.6,0.756453529230404,0.736926349381081
"10 items, lambda = 2 (c doubled)","i10_l2",2,-1.16666666666667,-0.58,0.763747002805456,0.721750074044555
"10 items, lambda = 2 (c doubled)","i10_l2",2,-1.16666666666667,-0.56,0.770888212503825,0.706478305305931
"10 items, lambda = 2 (c doubled)","i10_l2",2,-1.16666666666667,-0.54,0.777876343735772,0.691138950368156
"10 items, lambda = 2 (c doubled)","i10_l2",2,-1.16666666666667,-0.52,0.784710856024013,0.675758913848294
"10 items, lambda = 2 (c doubled)","i10_l2",2,-1.16666666666667,-0.5,0.791391472673955,0.660364038611615
"10 items, lambda = 2 (c doubled)","i10_l2",2,-1.16666666666667,-0.48,0.79791816990032,0.644979056172976
"10 items, lambda = 2 (c doubled)","i10_l2",2,-1.16666666666667,-0.46,0.804291165504474,0.629627546383714
"10 items, lambda = 2 (c doubled)","i10_l2",2,-1.16666666666667,-0.44,0.810510907193624,0.61433190605517
"10 items, lambda = 2 (c doubled)","i10_l2",2,-1.16666666666667,-0.42,0.81657806062926,0.599113326112865
"10 items, lambda = 2 (c doubled)","i10_l2",2,-1.16666666666667,-0.4,0.822493497287926,0.583991776828009
"10 items, lambda = 2 (c doubled)","i10_l2",2,-1.16666666666667,-0.38,0.828258282212653,0.568986000635193
"10 items, lambda = 2 (c doubled)","i10_l2",2,-1.16666666666667,-0.36,0.833873661728349,0.554113512016415
"10 items, lambda = 2 (c doubled)","i10_l2",2,-1.16666666666667,-0.34,0.839341051189117,0.539390603911461
"10 items, lambda = 2 (c doubled)","i10_l2",2,-1.16666666666667,-0.32,0.844662022820002,0.524832360102496
"10 items, lambda = 2 (c doubled)","i10_l2",2,-1.16666666666667,-0.3,0.849838293710153,0.510452673015876
"10 items, lambda = 2 (c doubled)","i10_l2",2,-1.16666666666667,-0.28,0.85487171400875,0.496264266385969
"10 items, lambda = 2 (c doubled)","i10_l2",2,-1.16666666666667,-0.26,0.859764255369613,0.482278722233393
"10 items, lambda = 2 (c doubled)","i10_l2",2,-1.16666666666667,-0.24,0.86451799968492,0.468506511622818
"10 items, lambda = 2 (c doubled)","i10_l2",2,-1.16666666666667,-0.22,0.86913512814324,0.454957028682696
"10 items, lambda = 2 (c doubled)","i10_l2",2,-1.16666666666667,-0.2,0.873617910641987,0.441638627390064
"10 items, lambda = 2 (c doubled)","i10_l2",2,-1.16666666666667,-0.18,0.877968695579577,0.428558660647492
"10 items, lambda = 2 (c doubled)","i10_l2",2,-1.16666666666667,-0.16,0.88218990004793,0.415723521205412
"10 items, lambda = 2 (c doubled)","i10_l2",2,-1.16666666666667,-0.14,0.886284000441677,0.403138684011097
"10 items, lambda = 2 (c doubled)","i10_l2",2,-1.16666666666667,-0.12,0.890253523496345,0.390808749594751
"10 items, lambda = 2 (c doubled)","i10_l2",2,-1.16666666666667,-0.1,0.894101037764082,0.378737488133094
"10 items, lambda = 2 (c doubled)","i10_l2",2,-1.16666666666667,-0.0800000000000001,0.897829145532023,0.366927883861043
"10 items, lambda = 2 (c doubled)","i10_l2",2,-1.16666666666667,-0.06,0.901440475185245,0.355382179532177
"10 items, lambda = 2 (c doubled)","i10_l2",2,-1.16666666666667,-0.04,0.904937674013448,0.344101920658315
"10 items, lambda = 2 (c doubled)","i10_l2",2,-1.16666666666667,-0.02,0.908323401457895,0.33308799928742
"10 items, lambda = 2 (c doubled)","i10_l2",2,-1.16666666666667,0,0.911600322792942,0.322340697106985
"10 items, lambda = 2 (c doubled)","i10_l2",2,-1.16666666666667,0.0200000000000005,0.91477110323443,0.311859727686773
"10 items, lambda = 2 (c doubled)","i10_l2",2,-1.16666666666667,0.04,0.917838402465532,0.30164427770021
"10 items, lambda = 2 (c doubled)","i10_l2",2,-1.16666666666667,0.0600000000000005,0.920804869569113,0.291693046987689
"10 items, lambda = 2 (c doubled)","i10_l2",2,-1.16666666666667,0.0800000000000001,0.923673138354465,0.282004287347514
"10 items, lambda = 2 (c doubled)","i10_l2",2,-1.16666666666667,0.0999999999999996,0.926445823065181,0.272575839961041
"10 items, lambda = 2 (c doubled)","i10_l2",2,-1.16666666666667,0.12,0.929125514454137,0.26340517137789
"10 items, lambda = 2 (c doubled)","i10_l2",2,-1.16666666666667,0.14,0.931714776210884,0.254489408004746
"10 items, lambda = 2 (c doubled)","i10_l2",2,-1.16666666666667,0.16,0.934216141726275,0.245825369057391
"10 items, lambda = 2 (c doubled)","i10_l2",2,-1.16666666666667,0.18,0.93663211117881,0.237409597950142
"10 items, lambda = 2 (c doubled)","i10_l2",2,-1.16666666666667,0.2,0.938965148927008,0.229238392109959
"10 items, lambda = 2 (c doubled)","i10_l2",2,-1.16666666666667,0.22,0.941217681192034,0.221307831214099
"10 items, lambda = 2 (c doubled)","i10_l2",2,-1.16666666666667,0.24,0.943392094014851,0.213613803860503
"10 items, lambda = 2 (c doubled)","i10_l2",2,-1.16666666666667,0.26,0.945490731472316,0.206152032689045
"10 items, lambda = 2 (c doubled)","i10_l2",2,-1.16666666666667,0.28,0.947515894136847,0.198918097979594
"10 items, lambda = 2 (c doubled)","i10_l2",2,-1.16666666666667,0.3,0.949469837764586,0.191907459759505
"10 items, lambda = 2 (c doubled)","i10_l2",2,-1.16666666666667,0.32,0.951354772197345,0.185115478458732
"10 items, lambda = 2 (c doubled)","i10_l2",2,-1.16666666666667,0.34,0.95317286046401,0.178537434155468
"10 items, lambda = 2 (c doubled)","i10_l2",2,-1.16666666666667,0.36,0.95492621806756,0.172168544458988
"10 items, lambda = 2 (c doubled)","i10_l2",2,-1.16666666666667,0.38,0.956616912444295,0.166003981079355
"10 items, lambda = 2 (c doubled)","i10_l2",2,-1.16666666666667,0.4,0.958246962582418,0.160038885135952
"10 items, lambda = 2 (c doubled)","i10_l2",2,-1.16666666666667,0.42,0.959818338787613,0.1542683812584
"10 items, lambda = 2 (c doubled)","i10_l2",2,-1.16666666666667,0.44,0.961332962583828,0.148687590534513
"10 items, lambda = 2 (c doubled)","i10_l2",2,-1.16666666666667,0.46,0.962792706737999,0.143291642360466
"10 items, lambda = 2 (c doubled)","i10_l2",2,-1.16666666666667,0.48,0.964199395398017,0.138075685248463
"10 items, lambda = 2 (c doubled)","i10_l2",2,-1.16666666666667,0.5,0.965554804333789,0.13303489664691
"10 items, lambda = 2 (c doubled)","i10_l2",2,-1.16666666666667,0.52,0.966860661271792,0.128164491827461
"10 items, lambda = 2 (c doubled)","i10_l2",2,-1.16666666666667,0.54,0.968118646314052,0.123459731892397
"10 items, lambda = 2 (c doubled)","i10_l2",2,-1.16666666666667,0.56,0.96933039243302,0.11891593095467
"10 items, lambda = 2 (c doubled)","i10_l2",2,-1.16666666666667,0.58,0.97049748603432,0.11452846254154
"10 items, lambda = 2 (c doubled)","i10_l2",2,-1.16666666666667,0.6,0.971621467579864,0.11029276527126
"10 items, lambda = 2 (c doubled)","i10_l2",2,-1.16666666666667,0.62,0.972703832264297,0.106204347850591
"10 items, lambda = 2 (c doubled)","i10_l2",2,-1.16666666666667,0.64,0.973746030738208,0.102258793439173
"10 items, lambda = 2 (c doubled)","i10_l2",2,-1.16666666666667,0.66,0.974749469872013,0.0984517634249694
"10 items, lambda = 2 (c doubled)","i10_l2",2,-1.16666666666667,0.68,0.975715513554822,0.0947790006530883
"10 items, lambda = 2 (c doubled)","i10_l2",2,-1.16666666666667,0.7,0.976645483523023,0.0912363321484147
"10 items, lambda = 2 (c doubled)","i10_l2",2,-1.16666666666667,0.72,0.977540660213734,0.0878196713705226
"10 items, lambda = 2 (c doubled)","i10_l2",2,-1.16666666666667,0.74,0.978402283638613,0.0845250200374414
"10 items, lambda = 2 (c doubled)","i10_l2",2,-1.16666666666667,0.76,0.979231554273891,0.0813484695529236
"10 items, lambda = 2 (c doubled)","i10_l2",2,-1.16666666666667,0.78,0.980029633962841,0.0782862020700017
"10 items, lambda = 2 (c doubled)","i10_l2",2,-1.16666666666667,0.8,0.980797646827191,0.0753344912217439
"10 items, lambda = 2 (c doubled)","i10_l2",2,-1.16666666666667,0.82,0.981536680184294,0.0724897025483555
"10 items, lambda = 2 (c doubled)","i10_l2",2,-1.16666666666667,0.84,0.982247785467181,0.0697482936480001
"10 items, lambda = 2 (c doubled)","i10_l2",2,-1.16666666666667,0.86,0.982931979144835,0.0671068140770124
"10 items, lambda = 2 (c doubled)","i10_l2",2,-1.16666666666667,0.88,0.983590243640321,0.0645619050235786
"10 items, lambda = 2 (c doubled)","i10_l2",2,-1.16666666666667,0.9,0.984223528244618,0.0621102987773341
"10 items, lambda = 2 (c doubled)","i10_l2",2,-1.16666666666667,0.92,0.984832750024203,0.0597488180158743
"10 items, lambda = 2 (c doubled)","i10_l2",2,-1.16666666666667,0.94,0.98541879472068,0.0574743749276913
"10 items, lambda = 2 (c doubled)","i10_l2",2,-1.16666666666667,0.96,0.985982517640885,0.0552839701897065
"10 items, lambda = 2 (c doubled)","i10_l2",2,-1.16666666666667,0.98,0.986524744536124,0.0531746918162387
"10 items, lambda = 2 (c doubled)","i10_l2",2,-1.16666666666667,1,0.987046272469304,0.0511437138950256
"10 items, lambda = 2 (c doubled)","i10_l2",2,-1.16666666666667,1.02,0.987547870668941,0.049188295224725
"10 items, lambda = 2 (c doubled)","i10_l2",2,-1.16666666666667,1.04,0.988030281369091,0.0473057778672222
"10 items, lambda = 2 (c doubled)","i10_l2",2,-1.16666666666667,1.06,0.988494220634436,0.0454935856270193
"10 items, lambda = 2 (c doubled)","i10_l2",2,-1.16666666666667,1.08,0.988940379169846,0.0437492224689871
"10 items, lambda = 2 (c doubled)","i10_l2",2,-1.16666666666667,1.1,0.989369423113856,0.0420702708848467
"10 items, lambda = 2 (c doubled)","i10_l2",2,-1.16666666666667,1.12,0.989781994815584,0.0404543902178675
"10 items, lambda = 2 (c doubled)","i10_l2",2,-1.16666666666667,1.14,0.990178713594735,0.0388993149544427
"10 items, lambda = 2 (c doubled)","i10_l2",2,-1.16666666666667,1.16,0.990560176484376,0.0374028529904715
"10 items, lambda = 2 (c doubled)","i10_l2",2,-1.16666666666667,1.18,0.990926958956289,0.0359628838797205
"10 items, lambda = 2 (c doubled)","i10_l2",2,-1.16666666666667,1.2,0.99127961562874,0.0345773570707099
"10 items, lambda = 2 (c doubled)","i10_l2",2,-1.16666666666667,1.22,0.991618680956585,0.0332442901380312
"10 items, lambda = 2 (c doubled)","i10_l2",2,-1.16666666666667,1.24,0.991944669903684,0.0319617670134215
"10 items, lambda = 2 (c doubled)","i10_l2",2,-1.16666666666667,1.26,0.992258078597647,0.0307279362214123
"10 items, lambda = 2 (c doubled)","i10_l2",2,-1.16666666666667,1.28,0.992559384966972,0.0295410091238325
"10 items, lambda = 2 (c doubled)","i10_l2",2,-1.16666666666667,1.3,0.992849049360697,0.0283992581770309
"10 items, lambda = 2 (c doubled)","i10_l2",2,-1.16666666666667,1.32,0.99312751515069,0.027301015205225
"10 items, lambda = 2 (c doubled)","i10_l2",2,-1.16666666666667,1.34,0.99339520931678,0.0262446696930019
"10 items, lambda = 2 (c doubled)","i10_l2",2,-1.16666666666667,1.36,0.993652543014911,0.025228667099644
"10 items, lambda = 2 (c doubled)","i10_l2",2,-1.16666666666667,1.38,0.993899912128558,0.024251507197609
"10 items, lambda = 2 (c doubled)","i10_l2",2,-1.16666666666667,1.4,0.994137697803662,0.0233117424371885
"10 items, lambda = 2 (c doubled)","i10_l2",2,-1.16666666666667,1.42,0.994366266967344,0.0224079763390894
"10 items, lambda = 2 (c doubled)","i10_l2",2,-1.16666666666667,1.44,0.994585972830701,0.0215388619164349
"10 items, lambda = 2 (c doubled)","i10_l2",2,-1.16666666666667,1.46,0.99479715537596,0.020703100127431
"10 items, lambda = 2 (c doubled)","i10_l2",2,-1.16666666666667,1.48,0.995000141828327,0.019899438359743
"10 items, lambda = 2 (c doubled)","i10_l2",2,-1.16666666666667,1.5,0.99519524711284,0.0191266689474115
"10 items, lambda = 2 (c doubled)","i10_l2",2,-1.16666666666667,1.52,0.995382774296554,0.0183836277209992
"10 items, lambda = 2 (c doubled)","i10_l2",2,-1.16666666666667,1.54,0.995563015016395,0.0176691925914402
"10 items, lambda = 2 (c doubled)","i10_l2",2,-1.16666666666667,1.56,0.995736249893031,0.0169822821679773
"10 items, lambda = 2 (c doubled)","i10_l2",2,-1.16666666666667,1.58,0.995902748931082,0.0163218544103868
"10 items, lambda = 2 (c doubled)","i10_l2",2,-1.16666666666667,1.6,0.996062771906031,0.0156869053156203
"10 items, lambda = 2 (c doubled)","i10_l2",2,-1.16666666666667,1.62,0.996216568738175,0.0150764676388473
"10 items, lambda = 2 (c doubled)","i10_l2",2,-1.16666666666667,1.64,0.996364379853953,0.014489609648804
"10 items, lambda = 2 (c doubled)","i10_l2",2,-1.16666666666667,1.66,0.996506436534999,0.013925433917267
"10 items, lambda = 2 (c doubled)","i10_l2",2,-1.16666666666667,1.68,0.996642961255267,0.0133830761423971
"10 items, lambda = 2 (c doubled)","i10_l2",2,-1.16666666666667,1.7,0.996774168006544,0.0128617040056224
"10 items, lambda = 2 (c doubled)","i10_l2",2,-1.16666666666667,1.72,0.996900262612712,0.0123605160616717
"10 items, lambda = 2 (c doubled)","i10_l2",2,-1.16666666666667,1.74,0.997021443033062,0.0118787406613293
"10 items, lambda = 2 (c doubled)","i10_l2",2,-1.16666666666667,1.76,0.997137899655009,0.0114156349064266
"10 items, lambda = 2 (c doubled)","i10_l2",2,-1.16666666666667,1.78,0.997249815576502,0.0109704836365401
"10 items, lambda = 2 (c doubled)","i10_l2",2,-1.16666666666667,1.8,0.997357366878473,0.0105425984468477
"10 items, lambda = 2 (c doubled)","i10_l2",2,-1.16666666666667,1.82,0.997460722887606,0.0101313167365627
"10 items, lambda = 2 (c doubled)","i10_l2",2,-1.16666666666667,1.84,0.997560046429743,0.00973600078732908
"10 items, lambda = 2 (c doubled)","i10_l2",2,-1.16666666666667,1.86,0.997655494074226,0.00935603687095186
"10 items, lambda = 2 (c doubled)","i10_l2",2,-1.16666666666667,1.88,0.997747216369456,0.00899083438583109
"10 items, lambda = 2 (c doubled)","i10_l2",2,-1.16666666666667,1.9,0.997835358069958,0.00863982502142531
"10 items, lambda = 2 (c doubled)","i10_l2",2,-1.16666666666667,1.92,0.997920058355228,0.00830246195010355
"10 items, lambda = 2 (c doubled)","i10_l2",2,-1.16666666666667,1.94,0.998001451040634,0.00797821904569126
"10 items, lambda = 2 (c doubled)","i10_l2",2,-1.16666666666667,1.96,0.99807966478063,0.00766659012805995
"10 items, lambda = 2 (c doubled)","i10_l2",2,-1.16666666666667,1.98,0.998154823264548,0.00736708823306837
"10 items, lambda = 2 (c doubled)","i10_l2",2,-1.16666666666667,2,0.998227045405208,0.00707924490718806
"10 items, lambda = 2 (c doubled)","i10_l2",2,-1.16666666666667,2.02,0.9982964455206,0.00680260952614226
"10 items, lambda = 2 (c doubled)","i10_l2",2,-1.16666666666667,2.04,0.998363133508866,0.00653674863689563
"10 items, lambda = 2 (c doubled)","i10_l2",2,-1.16666666666667,2.06,0.998427215016818,0.00628124532231483
"10 items, lambda = 2 (c doubled)","i10_l2",2,-1.16666666666667,2.08,0.99848879160221,0.00603569858787405
"10 items, lambda = 2 (c doubled)","i10_l2",2,-1.16666666666667,2.1,0.99854796088999,0.00579972276973119
"10 items, lambda = 2 (c doubled)","i10_l2",2,-1.16666666666667,2.12,0.998604816722733,0.00557294696356093
"10 items, lambda = 2 (c doubled)","i10_l2",2,-1.16666666666667,2.14,0.998659449305462,0.00535501447349252
"10 items, lambda = 2 (c doubled)","i10_l2",2,-1.16666666666667,2.16,0.998711945345064,0.00514558228056794
"10 items, lambda = 2 (c doubled)","i10_l2",2,-1.16666666666667,2.18,0.998762388184474,0.00494432053007965
"10 items, lambda = 2 (c doubled)","i10_l2",2,-1.16666666666667,2.2,0.998810857931836,0.00475091203722114
"10 items, lambda = 2 (c doubled)","i10_l2",2,-1.16666666666667,2.22,0.998857431584802,0.00456505181045791
"10 items, lambda = 2 (c doubled)","i10_l2",2,-1.16666666666667,2.24,0.998902183150152,0.00438644659204743
"10 items, lambda = 2 (c doubled)","i10_l2",2,-1.16666666666667,2.26,0.998945183758908,0.00421481441515875
"10 items, lambda = 2 (c doubled)","i10_l2",2,-1.16666666666667,2.28,0.99898650177709,0.00404988417704718
"10 items, lambda = 2 (c doubled)","i10_l2",2,-1.16666666666667,2.3,0.999026202912294,0.00389139522775082
"10 items, lambda = 2 (c doubled)","i10_l2",2,-1.16666666666667,2.32,0.999064350316222,0.00373909697379083
"10 items, lambda = 2 (c doubled)","i10_l2",2,-1.16666666666667,2.34,0.999101004683325,0.00359274849638385
"10 items, lambda = 2 (c doubled)","i10_l2",2,-1.16666666666667,2.36,0.999136224345704,0.00345211818366136
"10 items, lambda = 2 (c doubled)","i10_l2",2,-1.16666666666667,2.38,0.999170065364393,0.00331698337643088
"10 items, lambda = 2 (c doubled)","i10_l2",2,-1.16666666666667,2.4,0.999202581617171,0.00318713002700507
"10 items, lambda = 2 (c doubled)","i10_l2",2,-1.16666666666667,2.42,0.999233824883025,0.00306235237066082
"10 items, lambda = 2 (c doubled)","i10_l2",2,-1.16666666666667,2.44,0.999263844923383,0.00294245260927916
"10 items, lambda = 2 (c doubled)","i10_l2",2,-1.16666666666667,2.46,0.999292689560255,0.00282724060674878
"10 items, lambda = 2 (c doubled)","i10_l2",2,-1.16666666666667,2.48,0.999320404751369,0.00271653359571453
"10 items, lambda = 2 (c doubled)","i10_l2",2,-1.16666666666667,2.5,0.999347034662447,0.00261015589528289
"10 items, lambda = 2 (c doubled)","i10_l2",2,-1.16666666666667,2.52,0.999372621736695,0.00250793863927827
"10 items, lambda = 2 (c doubled)","i10_l2",2,-1.16666666666667,2.54,0.999397206761638,0.00240971951469686
"10 items, lambda = 2 (c doubled)","i10_l2",2,-1.16666666666667,2.56,0.999420828933382,0.00231534250997384
"10 items, lambda = 2 (c doubled)","i10_l2",2,-1.16666666666667,2.58,0.999443525918415,0.00222465767272694
"10 items, lambda = 2 (c doubled)","i10_l2",2,-1.16666666666667,2.6,0.999465333913018,0.00213752087662904
"10 items, lambda = 2 (c doubled)","i10_l2",2,-1.16666666666667,2.62,0.999486287700404,0.00205379359707592
"10 items, lambda = 2 (c doubled)","i10_l2",2,-1.16666666666667,2.64,0.999506420705644,0.00197334269534564
"10 items, lambda = 2 (c doubled)","i10_l2",2,-1.16666666666667,2.66,0.999525765048482,0.00189604021091368
"10 items, lambda = 2 (c doubled)","i10_l2",2,-1.16666666666667,2.68,0.999544351594114,0.00182176316166339
"10 items, lambda = 2 (c doubled)","i10_l2",2,-1.16666666666667,2.7,0.999562210002002,0.00175039335166232
"10 items, lambda = 2 (c doubled)","i10_l2",2,-1.16666666666667,2.72,0.999579368772805,0.00168181718626346
"10 items, lambda = 2 (c doubled)","i10_l2",2,-1.16666666666667,2.74,0.9995958552935,0.00161592549422691
"10 items, lambda = 2 (c doubled)","i10_l2",2,-1.16666666666667,2.76,0.99961169588075,0.0015526133566428
"10 items, lambda = 2 (c doubled)","i10_l2",2,-1.16666666666667,2.78,0.999626915822607,0.0014917799423597
"10 items, lambda = 2 (c doubled)","i10_l2",2,-1.16666666666667,2.8,0.999641539418583,0.00143332834971329
"10 items, lambda = 2 (c doubled)","i10_l2",2,-1.16666666666667,2.82,0.999655590018188,0.00137716545430376
"10 items, lambda = 2 (c doubled)","i10_l2",2,-1.16666666666667,2.84,0.999669090057961,0.00132320176259834
"10 items, lambda = 2 (c doubled)","i10_l2",2,-1.16666666666667,2.86,0.999682061097069,0.00127135127114167
"10 items, lambda = 2 (c doubled)","i10_l2",2,-1.16666666666667,2.88,0.99969452385153,0.00122153133116992
"10 items, lambda = 2 (c doubled)","i10_l2",2,-1.16666666666667,2.9,0.999706498227105,0.00117366251841723
"10 items, lambda = 2 (c doubled)","i10_l2",2,-1.16666666666667,2.92,0.999718003350909,0.00112766850792542
"10 items, lambda = 2 (c doubled)","i10_l2",2,-1.16666666666667,2.94,0.9997290576018,0.00108347595366886
"10 items, lambda = 2 (c doubled)","i10_l2",2,-1.16666666666667,2.96,0.999739678639587,0.00104101437280742
"10 items, lambda = 2 (c doubled)","i10_l2",2,-1.16666666666667,2.98,0.999749883433103,0.00100021603439851
"10 items, lambda = 2 (c doubled)","i10_l2",2,-1.16666666666667,3,0.999759688287181,0.00096101585239836
"10 items, lambda = 2 (c doubled)","i10_l2",2,-1.16666666666667,3.02,0.999769108868588,0.000923351282789976
"10 items, lambda = 2 (c doubled)","i10_l2",2,-1.16666666666667,3.04,0.999778160230948,0.000887162224677204
"10 items, lambda = 2 (c doubled)","i10_l2",2,-1.16666666666667,3.06,0.999786856838693,0.000852390925199796
"10 items, lambda = 2 (c doubled)","i10_l2",2,-1.16666666666667,3.08,0.999795212590086,0.000818981888124863
"10 items, lambda = 2 (c doubled)","i10_l2",2,-1.16666666666667,3.1,0.99980324083934,0.000786881785969802
"10 items, lambda = 2 (c doubled)","i10_l2",2,-1.16666666666667,3.12,0.999810954417888,0.00075603937551941
"10 items, lambda = 2 (c doubled)","i10_l2",2,-1.16666666666667,3.14,0.999818365654809,0.000726405416624034
"10 items, lambda = 2 (c doubled)","i10_l2",2,-1.16666666666667,3.16,0.99982548639647,0.000697932594129806
"10 items, lambda = 2 (c doubled)","i10_l2",2,-1.16666666666667,3.18,0.999832328025398,0.000670575442844138
"10 items, lambda = 2 (c doubled)","i10_l2",2,-1.16666666666667,3.2,0.999838901478416,0.000644290275400805
"10 items, lambda = 2 (c doubled)","i10_l2",2,-1.16666666666667,3.22,0.999845217264073,0.00061903511292555
"10 items, lambda = 2 (c doubled)","i10_l2",2,-1.16666666666667,3.24,0.999851285479393,0.000594769618395425
"10 items, lambda = 2 (c doubled)","i10_l2",2,-1.16666666666667,3.26,0.999857115825968,0.00057145503257733
"10 items, lambda = 2 (c doubled)","i10_l2",2,-1.16666666666667,3.28,0.999862717625435,0.000549054112460337
"10 items, lambda = 2 (c doubled)","i10_l2",2,-1.16666666666667,3.3,0.999868099834328,0.000527531072073604
"10 items, lambda = 2 (c doubled)","i10_l2",2,-1.16666666666667,3.32,0.999873271058373,0.000506851525609048
"10 items, lambda = 2 (c doubled)","i10_l2",2,-1.16666666666667,3.34,0.999878239566208,0.000486982432753168
"10 items, lambda = 2 (c doubled)","i10_l2",2,-1.16666666666667,3.36,0.999883013302577,0.000467892046140704
"10 items, lambda = 2 (c doubled)","i10_l2",2,-1.16666666666667,3.38,0.999887599901003,0.000449549860858719
"10 items, lambda = 2 (c doubled)","i10_l2",2,-1.16666666666667,3.4,0.999892006695968,0.000431926565911784
"10 items, lambda = 2 (c doubled)","i10_l2",2,-1.16666666666667,3.42,0.999896240734621,0.00041499399757619
"10 items, lambda = 2 (c doubled)","i10_l2",2,-1.16666666666667,3.44,0.99990030878802,0.000398725094569246
"10 items, lambda = 2 (c doubled)","i10_l2",2,-1.16666666666667,3.46,0.999904217361944,0.000383093854969375
"10 items, lambda = 2 (c doubled)","i10_l2",2,-1.16666666666667,3.48,0.999907972707275,0.000368075294808042
"10 items, lambda = 2 (c doubled)","i10_l2",2,-1.16666666666667,3.5,0.999911580829981,0.000353645408277069
"10 items, lambda = 2 (c doubled)","i10_l2",2,-1.16666666666667,3.52,0.9999150475007,0.000339781129492186
"10 items, lambda = 2 (c doubled)","i10_l2",2,-1.16666666666667,3.54,0.999918378263958,0.000326460295737191
"10 items, lambda = 2 (c doubled)","i10_l2",2,-1.16666666666667,3.56,0.999921578447022,0.000313661612150306
"10 items, lambda = 2 (c doubled)","i10_l2",2,-1.16666666666667,3.58,0.999924653168409,0.0003013646177823
"10 items, lambda = 2 (c doubled)","i10_l2",2,-1.16666666666667,3.6,0.999927607346058,0.000289549652983018
"10 items, lambda = 2 (c doubled)","i10_l2",2,-1.16666666666667,3.62,0.999930445705186,0.000278197828054651
"10 items, lambda = 2 (c doubled)","i10_l2",2,-1.16666666666667,3.64,0.99993317278584,0.000267290993133627
"10 items, lambda = 2 (c doubled)","i10_l2",2,-1.16666666666667,3.66,0.999935792950143,0.000256811709246067
"10 items, lambda = 2 (c doubled)","i10_l2",2,-1.16666666666667,3.68,0.999938310389269,0.000246743220491478
"10 items, lambda = 2 (c doubled)","i10_l2",2,-1.16666666666667,3.7,0.999940729130135,0.00023706942731644
"10 items, lambda = 2 (c doubled)","i10_l2",2,-1.16666666666667,3.72,0.999943053041837,0.000227774860827584
"10 items, lambda = 2 (c doubled)","i10_l2",2,-1.16666666666667,3.74,0.999945285841833,0.000218844658113102
"10 items, lambda = 2 (c doubled)","i10_l2",2,-1.16666666666667,3.76,0.999947431101881,0.000210264538520241
"10 items, lambda = 2 (c doubled)","i10_l2",2,-1.16666666666667,3.78,0.99994949225375,0.000202020780870432
"10 items, lambda = 2 (c doubled)","i10_l2",2,-1.16666666666667,3.8,0.999951472594702,0.000194100201555003
"10 items, lambda = 2 (c doubled)","i10_l2",2,-1.16666666666667,3.82,0.999953375292763,0.000186490133493535
"10 items, lambda = 2 (c doubled)","i10_l2",2,-1.16666666666667,3.84,0.999955203391787,0.000179178405907101
"10 items, lambda = 2 (c doubled)","i10_l2",2,-1.16666666666667,3.86,0.999956959816319,0.000172153324893281
"10 items, lambda = 2 (c doubled)","i10_l2",2,-1.16666666666667,3.88,0.999958647376272,0.000165403654752522
"10 items, lambda = 2 (c doubled)","i10_l2",2,-1.16666666666667,3.9,0.999960268771419,0.000158918600043355
"10 items, lambda = 2 (c doubled)","i10_l2",2,-1.16666666666667,3.92,0.999961826595705,0.000152687788345773
"10 items, lambda = 2 (c doubled)","i10_l2",2,-1.16666666666667,3.94,0.999963323341399,0.000146701253695159
"10 items, lambda = 2 (c doubled)","i10_l2",2,-1.16666666666667,3.96,0.999964761403076,0.000140949420662048
"10 items, lambda = 2 (c doubled)","i10_l2",2,-1.16666666666667,3.98,0.999966143081444,0.000135423089061405
"10 items, lambda = 2 (c doubled)","i10_l2",2,-1.16666666666667,4,0.999967470587025,0.000130113419251128
"10 items, lambda = 2 (c doubled)","i10_l2",3,-0.833333333333333,-4,0.00177295459479214,0.00707924490718779
"10 items, lambda = 2 (c doubled)","i10_l2",3,-0.833333333333333,-3.98,0.0018451767354522,0.00736708823306859
"10 items, lambda = 2 (c doubled)","i10_l2",3,-0.833333333333333,-3.96,0.00192033521936983,0.00766659012806032
"10 items, lambda = 2 (c doubled)","i10_l2",3,-0.833333333333333,-3.94,0.00199854895936579,0.00797821904569123
"10 items, lambda = 2 (c doubled)","i10_l2",3,-0.833333333333333,-3.92,0.00207994164477148,0.00830246195010329
"10 items, lambda = 2 (c doubled)","i10_l2",3,-0.833333333333333,-3.9,0.00216464193004166,0.00863982502142547
"10 items, lambda = 2 (c doubled)","i10_l2",3,-0.833333333333333,-3.88,0.00225278363054378,0.00899083438583093
"10 items, lambda = 2 (c doubled)","i10_l2",3,-0.833333333333333,-3.86,0.00234450592577403,0.00935603687095217
"10 items, lambda = 2 (c doubled)","i10_l2",3,-0.833333333333333,-3.84,0.00243995357025725,0.00973600078732897
"10 items, lambda = 2 (c doubled)","i10_l2",3,-0.833333333333333,-3.82,0.00253927711239422,0.0101313167365628
"10 items, lambda = 2 (c doubled)","i10_l2",3,-0.833333333333333,-3.8,0.00264263312152682,0.0105425984468473
"10 items, lambda = 2 (c doubled)","i10_l2",3,-0.833333333333333,-3.78,0.0027501844234982,0.0109704836365398
"10 items, lambda = 2 (c doubled)","i10_l2",3,-0.833333333333333,-3.76,0.00286210034499154,0.011415634906427
"10 items, lambda = 2 (c doubled)","i10_l2",3,-0.833333333333333,-3.74,0.00297855696693768,0.0118787406613295
"10 items, lambda = 2 (c doubled)","i10_l2",3,-0.833333333333333,-3.72,0.00309973738728804,0.0123605160616716
"10 items, lambda = 2 (c doubled)","i10_l2",3,-0.833333333333333,-3.7,0.00322583199345567,0.0128617040056227
"10 items, lambda = 2 (c doubled)","i10_l2",3,-0.833333333333333,-3.68,0.00335703874473299,0.0133830761423974
"10 items, lambda = 2 (c doubled)","i10_l2",3,-0.833333333333333,-3.66,0.00349356346500066,0.0139254339172667
"10 items, lambda = 2 (c doubled)","i10_l2",3,-0.833333333333333,-3.64,0.00363562014604729,0.0144896096488038
"10 items, lambda = 2 (c doubled)","i10_l2",3,-0.833333333333333,-3.62,0.00378343126182483,0.0150764676388475
"10 items, lambda = 2 (c doubled)","i10_l2",3,-0.833333333333333,-3.6,0.003937228093969,0.0156869053156203
"10 items, lambda = 2 (c doubled)","i10_l2",3,-0.833333333333333,-3.58,0.00409725106891838,0.0163218544103865
"10 items, lambda = 2 (c doubled)","i10_l2",3,-0.833333333333333,-3.56,0.00426375010696902,0.0169822821679774
"10 items, lambda = 2 (c doubled)","i10_l2",3,-0.833333333333333,-3.54,0.00443698498360494,0.0176691925914408
"10 items, lambda = 2 (c doubled)","i10_l2",3,-0.833333333333333,-3.52,0.00461722570344633,0.0183836277209991
"10 items, lambda = 2 (c doubled)","i10_l2",3,-0.833333333333333,-3.5,0.00480475288715952,0.0191266689474114
"10 items, lambda = 2 (c doubled)","i10_l2",3,-0.833333333333333,-3.48,0.00499985817167248,0.0198994383597425
"10 items, lambda = 2 (c doubled)","i10_l2",3,-0.833333333333333,-3.46,0.00520284462403973,0.0207031001274313
"10 items, lambda = 2 (c doubled)","i10_l2",3,-0.833333333333333,-3.44,0.00541402716929855,0.0215388619164346
"10 items, lambda = 2 (c doubled)","i10_l2",3,-0.833333333333333,-3.42,0.00563373303265553,0.0224079763390892
"10 items, lambda = 2 (c doubled)","i10_l2",3,-0.833333333333333,-3.4,0.00586230219633834,0.0233117424371886
"10 items, lambda = 2 (c doubled)","i10_l2",3,-0.833333333333333,-3.38,0.00610008787144162,0.0242515071976092
"10 items, lambda = 2 (c doubled)","i10_l2",3,-0.833333333333333,-3.36,0.00634745698508847,0.0252286670996437
"10 items, lambda = 2 (c doubled)","i10_l2",3,-0.833333333333333,-3.34,0.00660479068321951,0.0262446696930015
"10 items, lambda = 2 (c doubled)","i10_l2",3,-0.833333333333333,-3.32,0.00687248484931027,0.0273010152052251
"10 items, lambda = 2 (c doubled)","i10_l2",3,-0.833333333333333,-3.3,0.00715095063930353,0.0283992581770311
"10 items, lambda = 2 (c doubled)","i10_l2",3,-0.833333333333333,-3.28,0.00744061503302778,0.0295410091238322
"10 items, lambda = 2 (c doubled)","i10_l2",3,-0.833333333333333,-3.26,0.00774192140235327,0.0307279362214122
"10 items, lambda = 2 (c doubled)","i10_l2",3,-0.833333333333333,-3.24,0.00805533009631606,0.0319617670134218
"10 items, lambda = 2 (c doubled)","i10_l2",3,-0.833333333333333,-3.22,0.00838131904341528,0.0332442901380311
"10 items, lambda = 2 (c doubled)","i10_l2",3,-0.833333333333333,-3.2,0.00872038437126005,0.0345773570707101
"10 items, lambda = 2 (c doubled)","i10_l2",3,-0.833333333333333,-3.18,0.00907304104371097,0.0359628838797204
"10 items, lambda = 2 (c doubled)","i10_l2",3,-0.833333333333333,-3.16,0.00943982351562403,0.0374028529904716
"10 items, lambda = 2 (c doubled)","i10_l2",3,-0.833333333333333,-3.14,0.00982128640526497,0.0388993149544429
"10 items, lambda = 2 (c doubled)","i10_l2",3,-0.833333333333333,-3.12,0.0102180051844156,0.0404543902178674
"10 items, lambda = 2 (c doubled)","i10_l2",3,-0.833333333333333,-3.1,0.010630576886144,0.0420702708848471
"10 items, lambda = 2 (c doubled)","i10_l2",3,-0.833333333333333,-3.08,0.0110596208301535,0.043749222468987
"10 items, lambda = 2 (c doubled)","i10_l2",3,-0.833333333333333,-3.06,0.0115057793655639,0.0454935856270193
"10 items, lambda = 2 (c doubled)","i10_l2",3,-0.833333333333333,-3.04,0.0119697186309087,0.0473057778672223
"10 items, lambda = 2 (c doubled)","i10_l2",3,-0.833333333333333,-3.02,0.0124521293310586,0.0491882952247248
"10 items, lambda = 2 (c doubled)","i10_l2",3,-0.833333333333333,-3,0.0129537275306959,0.0511437138950254
"10 items, lambda = 2 (c doubled)","i10_l2",3,-0.833333333333333,-2.98,0.0134752554638764,0.0531746918162386
"10 items, lambda = 2 (c doubled)","i10_l2",3,-0.833333333333333,-2.96,0.0140174823591147,0.0552839701897065
"10 items, lambda = 2 (c doubled)","i10_l2",3,-0.833333333333333,-2.94,0.0145812052793206,0.0574743749276915
"10 items, lambda = 2 (c doubled)","i10_l2",3,-0.833333333333333,-2.92,0.0151672499757969,0.0597488180158743
"10 items, lambda = 2 (c doubled)","i10_l2",3,-0.833333333333333,-2.9,0.0157764717553819,0.0621102987773341
"10 items, lambda = 2 (c doubled)","i10_l2",3,-0.833333333333333,-2.88,0.0164097563596786,0.0645619050235784
"10 items, lambda = 2 (c doubled)","i10_l2",3,-0.833333333333333,-2.86,0.0170680208551655,0.0671068140770125
"10 items, lambda = 2 (c doubled)","i10_l2",3,-0.833333333333333,-2.84,0.0177522145328192,0.069748293648
"10 items, lambda = 2 (c doubled)","i10_l2",3,-0.833333333333333,-2.82,0.018463319815706,0.0724897025483559
"10 items, lambda = 2 (c doubled)","i10_l2",3,-0.833333333333333,-2.8,0.0192023531728092,0.0753344912217437
"10 items, lambda = 2 (c doubled)","i10_l2",3,-0.833333333333333,-2.78,0.0199703660371585,0.0782862020700016
"10 items, lambda = 2 (c doubled)","i10_l2",3,-0.833333333333333,-2.76,0.0207684457261093,0.0813484695529236
"10 items, lambda = 2 (c doubled)","i10_l2",3,-0.833333333333333,-2.74,0.0215977163613872,0.0845250200374409
"10 items, lambda = 2 (c doubled)","i10_l2",3,-0.833333333333333,-2.72,0.0224593397862656,0.0878196713705228
"10 items, lambda = 2 (c doubled)","i10_l2",3,-0.833333333333333,-2.7,0.0233545164769771,0.0912363321484148
"10 items, lambda = 2 (c doubled)","i10_l2",3,-0.833333333333333,-2.68,0.0242844864451781,0.0947790006530884
"10 items, lambda = 2 (c doubled)","i10_l2",3,-0.833333333333333,-2.66,0.0252505301279867,0.0984517634249692
"10 items, lambda = 2 (c doubled)","i10_l2",3,-0.833333333333333,-2.64,0.0262539692617924,0.102258793439173
"10 items, lambda = 2 (c doubled)","i10_l2",3,-0.833333333333333,-2.62,0.0272961677357034,0.106204347850591
"10 items, lambda = 2 (c doubled)","i10_l2",3,-0.833333333333333,-2.6,0.0283785324201358,0.110292765271261
"10 items, lambda = 2 (c doubled)","i10_l2",3,-0.833333333333333,-2.58,0.0295025139656803,0.11452846254154
"10 items, lambda = 2 (c doubled)","i10_l2",3,-0.833333333333333,-2.56,0.0306696075669801,0.11891593095467
"10 items, lambda = 2 (c doubled)","i10_l2",3,-0.833333333333333,-2.54,0.0318813536859477,0.123459731892397
"10 items, lambda = 2 (c doubled)","i10_l2",3,-0.833333333333333,-2.52,0.033139338728208,0.12816449182746
"10 items, lambda = 2 (c doubled)","i10_l2",3,-0.833333333333333,-2.5,0.0344451956662112,0.13303489664691
"10 items, lambda = 2 (c doubled)","i10_l2",3,-0.833333333333333,-2.48,0.0358006046019833,0.138075685248463
"10 items, lambda = 2 (c doubled)","i10_l2",3,-0.833333333333333,-2.46,0.0372072932620011,0.143291642360466
"10 items, lambda = 2 (c doubled)","i10_l2",3,-0.833333333333333,-2.44,0.038667037416172,0.148687590534513
"10 items, lambda = 2 (c doubled)","i10_l2",3,-0.833333333333333,-2.42,0.0401816612123871,0.1542683812584
"10 items, lambda = 2 (c doubled)","i10_l2",3,-0.833333333333333,-2.4,0.0417530374175819,0.160038885135952
"10 items, lambda = 2 (c doubled)","i10_l2",3,-0.833333333333333,-2.38,0.0433830875557046,0.166003981079355
"10 items, lambda = 2 (c doubled)","i10_l2",3,-0.833333333333333,-2.36,0.0450737819324401,0.172168544458988
"10 items, lambda = 2 (c doubled)","i10_l2",3,-0.833333333333333,-2.34,0.0468271395359902,0.178537434155468
"10 items, lambda = 2 (c doubled)","i10_l2",3,-0.833333333333333,-2.32,0.0486452278026552,0.185115478458732
"10 items, lambda = 2 (c doubled)","i10_l2",3,-0.833333333333333,-2.3,0.0505301622354135,0.191907459759505
"10 items, lambda = 2 (c doubled)","i10_l2",3,-0.833333333333333,-2.28,0.052484105863153,0.198918097979593
"10 items, lambda = 2 (c doubled)","i10_l2",3,-0.833333333333333,-2.26,0.0545092685276843,0.206152032689044
"10 items, lambda = 2 (c doubled)","i10_l2",3,-0.833333333333333,-2.24,0.0566079059851494,0.213613803860504
"10 items, lambda = 2 (c doubled)","i10_l2",3,-0.833333333333333,-2.22,0.0587823188079662,0.221307831214099
"10 items, lambda = 2 (c doubled)","i10_l2",3,-0.833333333333333,-2.2,0.0610348510729919,0.229238392109958
"10 items, lambda = 2 (c doubled)","i10_l2",3,-0.833333333333333,-2.18,0.0633678888211903,0.237409597950142
"10 items, lambda = 2 (c doubled)","i10_l2",3,-0.833333333333333,-2.16,0.0657838582737253,0.245825369057391
"10 items, lambda = 2 (c doubled)","i10_l2",3,-0.833333333333333,-2.14,0.0682852237891163,0.254489408004746
"10 items, lambda = 2 (c doubled)","i10_l2",3,-0.833333333333333,-2.12,0.0708744855458633,0.26340517137789
"10 items, lambda = 2 (c doubled)","i10_l2",3,-0.833333333333333,-2.1,0.073554176934819,0.272575839961042
"10 items, lambda = 2 (c doubled)","i10_l2",3,-0.833333333333333,-2.08,0.0763268616455351,0.282004287347514
"10 items, lambda = 2 (c doubled)","i10_l2",3,-0.833333333333333,-2.06,0.0791951304308875,0.291693046987689
"10 items, lambda = 2 (c doubled)","i10_l2",3,-0.833333333333333,-2.04,0.0821615975344684,0.30164427770021
"10 items, lambda = 2 (c doubled)","i10_l2",3,-0.833333333333333,-2.02,0.0852288967655696,0.311859727686774
"10 items, lambda = 2 (c doubled)","i10_l2",3,-0.833333333333333,-2,0.0883996772070584,0.322340697106985
"10 items, lambda = 2 (c doubled)","i10_l2",3,-0.833333333333333,-1.98,0.0916765985421053,0.33308799928742
"10 items, lambda = 2 (c doubled)","i10_l2",3,-0.833333333333333,-1.96,0.0950623259865524,0.344101920658315
"10 items, lambda = 2 (c doubled)","i10_l2",3,-0.833333333333333,-1.94,0.0985595248147546,0.355382179532177
"10 items, lambda = 2 (c doubled)","i10_l2",3,-0.833333333333333,-1.92,0.102170854467977,0.366927883861043
"10 items, lambda = 2 (c doubled)","i10_l2",3,-0.833333333333333,-1.9,0.105898962235918,0.378737488133094
"10 items, lambda = 2 (c doubled)","i10_l2",3,-0.833333333333333,-1.88,0.109746476503655,0.390808749594751
"10 items, lambda = 2 (c doubled)","i10_l2",3,-0.833333333333333,-1.86,0.113715999558323,0.403138684011097
"10 items, lambda = 2 (c doubled)","i10_l2",3,-0.833333333333333,-1.84,0.11781009995207,0.415723521205412
"10 items, lambda = 2 (c doubled)","i10_l2",3,-0.833333333333333,-1.82,0.122031304420423,0.428558660647493
"10 items, lambda = 2 (c doubled)","i10_l2",3,-0.833333333333333,-1.8,0.126382089358013,0.441638627390065
"10 items, lambda = 2 (c doubled)","i10_l2",3,-0.833333333333333,-1.78,0.13086487185676,0.454957028682696
"10 items, lambda = 2 (c doubled)","i10_l2",3,-0.833333333333333,-1.76,0.13548200031508,0.468506511622819
"10 items, lambda = 2 (c doubled)","i10_l2",3,-0.833333333333333,-1.74,0.140235744630388,0.482278722233393
"10 items, lambda = 2 (c doubled)","i10_l2",3,-0.833333333333333,-1.72,0.145128285991251,0.49626426638597
"10 items, lambda = 2 (c doubled)","i10_l2",3,-0.833333333333333,-1.7,0.150161706289847,0.510452673015876
"10 items, lambda = 2 (c doubled)","i10_l2",3,-0.833333333333333,-1.68,0.155337977179997,0.524832360102496
"10 items, lambda = 2 (c doubled)","i10_l2",3,-0.833333333333333,-1.66,0.160658948810883,0.539390603911461
"10 items, lambda = 2 (c doubled)","i10_l2",3,-0.833333333333333,-1.64,0.166126338271651,0.554113512016415
"10 items, lambda = 2 (c doubled)","i10_l2",3,-0.833333333333333,-1.62,0.171741717787347,0.568986000635193
"10 items, lambda = 2 (c doubled)","i10_l2",3,-0.833333333333333,-1.6,0.177506502712074,0.583991776828009
"10 items, lambda = 2 (c doubled)","i10_l2",3,-0.833333333333333,-1.58,0.183421939370739,0.599113326112865
"10 items, lambda = 2 (c doubled)","i10_l2",3,-0.833333333333333,-1.56,0.189489092806376,0.61433190605517
"10 items, lambda = 2 (c doubled)","i10_l2",3,-0.833333333333333,-1.54,0.195708834495526,0.629627546383714
"10 items, lambda = 2 (c doubled)","i10_l2",3,-0.833333333333333,-1.52,0.20208183009968,0.644979056172976
"10 items, lambda = 2 (c doubled)","i10_l2",3,-0.833333333333333,-1.5,0.208608527326045,0.660364038611615
"10 items, lambda = 2 (c doubled)","i10_l2",3,-0.833333333333333,-1.48,0.215289143975987,0.675758913848294
"10 items, lambda = 2 (c doubled)","i10_l2",3,-0.833333333333333,-1.46,0.222123656264228,0.691138950368156
"10 items, lambda = 2 (c doubled)","i10_l2",3,-0.833333333333333,-1.44,0.229111787496175,0.706478305305931
"10 items, lambda = 2 (c doubled)","i10_l2",3,-0.833333333333333,-1.42,0.236252997194544,0.721750074044555
"10 items, lambda = 2 (c doubled)","i10_l2",3,-0.833333333333333,-1.4,0.243546470769596,0.736926349381081
"10 items, lambda = 2 (c doubled)","i10_l2",3,-0.833333333333333,-1.38,0.250991109829767,0.751978290464756
"10 items, lambda = 2 (c doubled)","i10_l2",3,-0.833333333333333,-1.36,0.258585523231065,0.766876201625525
"10 items, lambda = 2 (c doubled)","i10_l2",3,-0.833333333333333,-1.34,0.266328018964337,0.781589621115474
"10 items, lambda = 2 (c doubled)","i10_l2",3,-0.833333333333333,-1.32,0.274216596979228,0.796087419681439
"10 items, lambda = 2 (c doubled)","i10_l2",3,-0.833333333333333,-1.3,0.28224894304226,0.810337908775148
"10 items, lambda = 2 (c doubled)","i10_l2",3,-0.833333333333333,-1.28,0.290422423723946,0.824308958089019
"10 items, lambda = 2 (c doubled)","i10_l2",3,-0.833333333333333,-1.26,0.298734082606138,0.837968121982428
"10 items, lambda = 2 (c doubled)","i10_l2",3,-0.833333333333333,-1.24,0.307180637795797,0.851282774236658
"10 items, lambda = 2 (c doubled)","i10_l2",3,-0.833333333333333,-1.22,0.315758480825138,0.864220250448556
"10 items, lambda = 2 (c doubled)","i10_l2",3,-0.833333333333333,-1.2,0.324463677010546,0.876747997245368
"10 items, lambda = 2 (c doubled)","i10_l2",3,-0.833333333333333,-1.18,0.333291967333877,0.888833727378363
"10 items, lambda = 2 (c doubled)","i10_l2",3,-0.833333333333333,-1.16,0.342238771899707,0.90044557963315
"10 items, lambda = 2 (c doubled)","i10_l2",3,-0.833333333333333,-1.14,0.351299195010923,0.911552282382402
"10 items, lambda = 2 (c doubled)","i10_l2",3,-0.833333333333333,-1.12,0.360468031892768,0.922123319504489
"10 items, lambda = 2 (c doubled)","i10_l2",3,-0.833333333333333,-1.1,0.369739777082249,0.932129097301671
"10 items, lambda = 2 (c doubled)","i10_l2",3,-0.833333333333333,-1.08,0.379108634485743,0.941541110976393
"10 items, lambda = 2 (c doubled)","i10_l2",3,-0.833333333333333,-1.06,0.388568529092927,0.950332109165945
"10 items, lambda = 2 (c doubled)","i10_l2",3,-0.833333333333333,-1.04,0.398113120319943,0.958476254996247
"10 items, lambda = 2 (c doubled)","i10_l2",3,-0.833333333333333,-1.02,0.407735816939209,0.965949282096499
"10 items, lambda = 2 (c doubled)","i10_l2",3,-0.833333333333333,-1,0.417429793537685,0.972728644019083
"10 items, lambda = 2 (c doubled)","i10_l2",3,-0.833333333333333,-0.98,0.427188008429986,0.978793655534433
"10 items, lambda = 2 (c doubled)","i10_l2",3,-0.833333333333333,-0.96,0.437003222937599,0.984125624319001
"10 items, lambda = 2 (c doubled)","i10_l2",3,-0.833333333333333,-0.94,0.446868021931049,0.988707971625922
"10 items, lambda = 2 (c doubled)","i10_l2",3,-0.833333333333333,-0.92,0.456774835518142,0.992526340622065
"10 items, lambda = 2 (c doubled)","i10_l2",3,-0.833333333333333,-0.9,0.466715961748869,0.995568691190789
"10 items, lambda = 2 (c doubled)","i10_l2",3,-0.833333333333333,-0.88,0.47668359019615,0.997825380135436
"10 items, lambda = 2 (c doubled)","i10_l2",3,-0.833333333333333,-0.86,0.486669826261768,0.999289225872434
"10 items, lambda = 2 (c doubled)","i10_l2",3,-0.833333333333333,-0.84,0.496666716048505,0.999955556872395
"10 items, lambda = 2 (c doubled)","i10_l2",3,-0.833333333333333,-0.82,0.50666627163303,0.999822243290059
"10 items, lambda = 2 (c doubled)","i10_l2",3,-0.833333333333333,-0.8,0.516660496569411,0.998889711416242
"10 items, lambda = 2 (c doubled)","i10_l2",3,-0.833333333333333,-0.78,0.526641411450484,0.997160940783704
"10 items, lambda = 2 (c doubled)","i10_l2",3,-0.833333333333333,-0.76,0.536601079353591,0.994641443960609
"10 items, lambda = 2 (c doubled)","i10_l2",3,-0.833333333333333,-0.74,0.5465316309986,0.99133922926644
"10 items, lambda = 2 (c doubled)","i10_l2",3,-0.833333333333333,-0.72,0.55642528944941,0.987264746842201
"10 items, lambda = 2 (c doubled)","i10_l2",3,-0.833333333333333,-0.7,0.566274394195439,0.98243081869611
"10 items, lambda = 2 (c doubled)","i10_l2",3,-0.833333333333333,-0.68,0.576071424456712,0.976852553524507
"10 items, lambda = 2 (c doubled)","i10_l2",3,-0.833333333333333,-0.66,0.585809021564985,0.97054724727224
"10 items, lambda = 2 (c doubled)","i10_l2",3,-0.833333333333333,-0.64,0.595480010283748,0.963534270544861
"10 items, lambda = 2 (c doubled)","i10_l2",3,-0.833333333333333,-0.62,0.605077418941737,0.95583494411417
"10 items, lambda = 2 (c doubled)","i10_l2",3,-0.833333333333333,-0.6,0.61459449826755,0.947472403867234
"10 items, lambda = 2 (c doubled)","i10_l2",3,-0.833333333333333,-0.58,0.624024738826925,0.938471456635652
"10 items, lambda = 2 (c doubled)","i10_l2",3,-0.833333333333333,-0.56,0.633361886978954,0.928858428405651
"10 items, lambda = 2 (c doubled)","i10_l2",3,-0.833333333333333,-0.54,0.642599959282703,0.918661006450286
"10 items, lambda = 2 (c doubled)","i10_l2",3,-0.833333333333333,-0.52,0.651733255301261,0.907908076942729
"10 items, lambda = 2 (c doubled)","i10_l2",3,-0.833333333333333,-0.5,0.660756368765817,0.896629559604914
"10 items, lambda = 2 (c doubled)","i10_l2",3,-0.833333333333333,-0.48,0.669664197077775,0.884856240919816
"10 items, lambda = 2 (c doubled)","i10_l2",3,-0.833333333333333,-0.46,0.678451949142018,0.872619607389658
"10 items, lambda = 2 (c doubled)","i10_l2",3,-0.833333333333333,-0.44,0.687115151538922,0.859951680258266
"10 items, lambda = 2 (c doubled)","i10_l2",3,-0.833333333333333,-0.42,0.695649653056521,0.846884853035451
"10 items, lambda = 2 (c doubled)","i10_l2",3,-0.833333333333333,-0.4,0.704051627617162,0.833451733067147
"10 items, lambda = 2 (c doubled)","i10_l2",3,-0.833333333333333,-0.38,0.712317575644865,0.819684988289148
"10 items, lambda = 2 (c doubled)","i10_l2",3,-0.833333333333333,-0.36,0.720444323930458,0.805617200187374
"10 items, lambda = 2 (c doubled)","i10_l2",3,-0.833333333333333,-0.34,0.728429024061152,0.791280723865878
"10 items, lambda = 2 (c doubled)","i10_l2",3,-0.833333333333333,-0.32,0.736269149489623,0.7767075559978
"10 items, lambda = 2 (c doubled)","i10_l2",3,-0.833333333333333,-0.3,0.743962491324758,0.761929211306469
"10 items, lambda = 2 (c doubled)","i10_l2",3,-0.833333333333333,-0.28,0.751507152932089,0.746976608095979
"10 items, lambda = 2 (c doubled)","i10_l2",3,-0.833333333333333,-0.26,0.758901543436468,0.731879963224858
"10 items, lambda = 2 (c doubled)","i10_l2",3,-0.833333333333333,-0.24,0.766144370222876,0.716668696794674
"10 items, lambda = 2 (c doubled)","i10_l2",3,-0.833333333333333,-0.22,0.773234630533388,0.701371346709132
"10 items, lambda = 2 (c doubled)","i10_l2",3,-0.833333333333333,-0.2,0.780171602259318,0.686015493149787
"10 items, lambda = 2 (c doubled)","i10_l2",3,-0.833333333333333,-0.18,0.786954834027511,0.670627692912975
"10 items, lambda = 2 (c doubled)","i10_l2",3,-0.833333333333333,-0.16,0.793584134678733,0.655233423459758
"10 items, lambda = 2 (c doubled)","i10_l2",3,-0.833333333333333,-0.14,0.800059562234191,0.639857036447303
"10 items, lambda = 2 (c doubled)","i10_l2",3,-0.833333333333333,-0.12,0.806381412443527,0.624521720436438
"10 items, lambda = 2 (c doubled)","i10_l2",3,-0.833333333333333,-0.1,0.812550207004259,0.60924947240638
"10 items, lambda = 2 (c doubled)","i10_l2",3,-0.833333333333333,-0.0800000000000001,0.818566681538662,0.594061077653778
"10 items, lambda = 2 (c doubled)","i10_l2",3,-0.833333333333333,-0.06,0.824431773409634,0.578976097609121
"10 items, lambda = 2 (c doubled)","i10_l2",3,-0.833333333333333,-0.04,0.830146609452223,0.564012865068806
"10 items, lambda = 2 (c doubled)","i10_l2",3,-0.833333333333333,-0.02,0.835712493692381,0.549188486315371
"10 items, lambda = 2 (c doubled)","i10_l2",3,-0.833333333333333,0,0.841130895119085,0.534518849581008
"10 items, lambda = 2 (c doubled)","i10_l2",3,-0.833333333333333,0.0200000000000005,0.846403435570498,0.520018639299824
"10 items, lambda = 2 (c doubled)","i10_l2",3,-0.833333333333333,0.04,0.851531877789286,0.505701355591755
"10 items, lambda = 2 (c doubled)","i10_l2",3,-0.833333333333333,0.0600000000000005,0.856518113696613,0.491579338424836
"10 items, lambda = 2 (c doubled)","i10_l2",3,-0.833333333333333,0.0800000000000001,0.861364152928887,0.477663795911952
"10 items, lambda = 2 (c doubled)","i10_l2",3,-0.833333333333333,0.0999999999999996,0.866072111675926,0.463964836212513
"10 items, lambda = 2 (c doubled)","i10_l2",3,-0.833333333333333,0.12,0.870644201854032,0.450491502527949
"10 items, lambda = 2 (c doubled)","i10_l2",3,-0.833333333333333,0.14,0.875082720642438,0.437251810701867
"10 items, lambda = 2 (c doubled)","i10_l2",3,-0.833333333333333,0.16,0.879390040406833,0.424252788960407
"10 items, lambda = 2 (c doubled)","i10_l2",3,-0.833333333333333,0.18,0.883568599029161,0.411500519355227
"10 items, lambda = 2 (c doubled)","i10_l2",3,-0.833333333333333,0.2,0.887620890658643,0.3990001805
"10 items, lambda = 2 (c doubled)","i10_l2",3,-0.833333333333333,0.22,0.891549456895037,0.386756091220807
"10 items, lambda = 2 (c doubled)","i10_l2",3,-0.833333333333333,0.24,0.895356878411502,0.374771754770851
"10 items, lambda = 2 (c doubled)","i10_l2",3,-0.833333333333333,0.26,0.899045767021092,0.363049903290194
"10 items, lambda = 2 (c doubled)","i10_l2",3,-0.833333333333333,0.28,0.902618758187847,0.351592542221104
"10 items, lambda = 2 (c doubled)","i10_l2",3,-0.833333333333333,0.3,0.906078503980729,0.340400994419093
"10 items, lambda = 2 (c doubled)","i10_l2",3,-0.833333333333333,0.32,0.909427666466163,0.329475943728291
"10 items, lambda = 2 (c doubled)","i10_l2",3,-0.833333333333333,0.34,0.912668911532797,0.318817477817345
"10 items, lambda = 2 (c doubled)","i10_l2",3,-0.833333333333333,0.36,0.915804903140179,0.308425130098347
"10 items, lambda = 2 (c doubled)","i10_l2",3,-0.833333333333333,0.38,0.918838297981376,0.298297920576256
"10 items, lambda = 2 (c doubled)","i10_l2",3,-0.833333333333333,0.4,0.921771740548216,0.288434395499713
"10 items, lambda = 2 (c doubled)","i10_l2",3,-0.833333333333333,0.42,0.924607858586567,0.278832665706118
"10 items, lambda = 2 (c doubled)","i10_l2",3,-0.833333333333333,0.44,0.927349258928187,0.269490443574119
"10 items, lambda = 2 (c doubled)","i10_l2",3,-0.833333333333333,0.46,0.929998523684828,0.260405078515473
"10 items, lambda = 2 (c doubled)","i10_l2",3,-0.833333333333333,0.48,0.932558206789754,0.251573590955329
"10 items, lambda = 2 (c doubled)","i10_l2",3,-0.833333333333333,0.5,0.935030830871336,0.24299270476558
"10 items, lambda = 2 (c doubled)","i10_l2",3,-0.833333333333333,0.52,0.937418884443159,0.23465887813001
"10 items, lambda = 2 (c doubled)","i10_l2",3,-0.833333333333333,0.54,0.939724819394896,0.226568332832503
"10 items, lambda = 2 (c doubled)","i10_l2",3,-0.833333333333333,0.56,0.94195104876819,0.21871708197079
"10 items, lambda = 2 (c doubled)","i10_l2",3,-0.833333333333333,0.58,0.944099944801836,0.211100956108026
"10 items, lambda = 2 (c doubled)","i10_l2",3,-0.833333333333333,0.6,0.946173837230771,0.203715627883079
"10 items, lambda = 2 (c doubled)","i10_l2",3,-0.833333333333333,0.62,0.948175011823556,0.196556635107822
"10 items, lambda = 2 (c doubled)","i10_l2",3,-0.833333333333333,0.64,0.950105709143423,0.189619402385985
"10 items, lambda = 2 (c doubled)","i10_l2",3,-0.833333333333333,0.66,0.951968123518272,0.18289926129349
"10 items, lambda = 2 (c doubled)","i10_l2",3,-0.833333333333333,0.68,0.953764402205465,0.176391469164467
"10 items, lambda = 2 (c doubled)","i10_l2",3,-0.833333333333333,0.7,0.955496644737713,0.170091226530743
"10 items, lambda = 2 (c doubled)","i10_l2",3,-0.833333333333333,0.72,0.957166902436821,0.16399369326529
"10 items, lambda = 2 (c doubled)","i10_l2",3,-0.833333333333333,0.74,0.958777178082617,0.158094003482203
"10 items, lambda = 2 (c doubled)","i10_l2",3,-0.833333333333333,0.76,0.960329425724886,0.152387279247188
"10 items, lambda = 2 (c doubled)","i10_l2",3,-0.833333333333333,0.78,0.961825550626682,0.146868643153448
"10 items, lambda = 2 (c doubled)","i10_l2",3,-0.833333333333333,0.8,0.96326740932797,0.141533229818203
"10 items, lambda = 2 (c doubled)","i10_l2",3,-0.833333333333333,0.82,0.964656809819052,0.136376196355124
"10 items, lambda = 2 (c doubled)","i10_l2",3,-0.833333333333333,0.84,0.965995511813836,0.131392731877443
"10 items, lambda = 2 (c doubled)","i10_l2",3,-0.833333333333333,0.86,0.96728522711351,0.126578066085903
"10 items, lambda = 2 (c doubled)","i10_l2",3,-0.833333333333333,0.88,0.968527620051742,0.121927476994602
"10 items, lambda = 2 (c doubled)","i10_l2",3,-0.833333333333333,0.9,0.96972430801305,0.117436297846647
"10 items, lambda = 2 (c doubled)","i10_l2",3,-0.833333333333333,0.92,0.970876862016478,0.113099923270058
"10 items, lambda = 2 (c doubled)","i10_l2",3,-0.833333333333333,0.94,0.97198680735725,0.108913814722839
"10 items, lambda = 2 (c doubled)","i10_l2",3,-0.833333333333333,0.96,0.973055624299504,0.104873505274426
"10 items, lambda = 2 (c doubled)","i10_l2",3,-0.833333333333333,0.98,0.974084748813723,0.100974603768915
"10 items, lambda = 2 (c doubled)","i10_l2",3,-0.833333333333333,1,0.975075573352886,0.0972127984137066
"10 items, lambda = 2 (c doubled)","i10_l2",3,-0.833333333333333,1.02,0.976029447661805,0.0935838598351887
"10 items, lambda = 2 (c doubled)","i10_l2",3,-0.833333333333333,1.04,0.976947679614523,0.0900836436412893
"10 items, lambda = 2 (c doubled)","i10_l2",3,-0.833333333333333,1.06,0.977831536075032,0.0867080925287002
"10 items, lambda = 2 (c doubled)","i10_l2",3,-0.833333333333333,1.08,0.978682243776932,0.083453237970726
"10 items, lambda = 2 (c doubled)","i10_l2",3,-0.833333333333333,1.1,0.979500990218018,0.0803152015197593
"10 items, lambda = 2 (c doubled)","i10_l2",3,-0.833333333333333,1.12,0.980288924566099,0.07729019575656
"10 items, lambda = 2 (c doubled)","i10_l2",3,-0.833333333333333,1.14,0.98104715857267,0.0743745249166441
"10 items, lambda = 2 (c doubled)","i10_l2",3,-0.833333333333333,1.16,0.981776767491353,0.0715645852223324
"10 items, lambda = 2 (c doubled)","i10_l2",3,-0.833333333333333,1.18,0.982478790998302,0.0688568649472654
"10 items, lambda = 2 (c doubled)","i10_l2",3,-0.833333333333333,1.2,0.983154234112019,0.066247944238513
"10 items, lambda = 2 (c doubled)","i10_l2",3,-0.833333333333333,1.22,0.983804068110273,0.0637344947198026
"10 items, lambda = 2 (c doubled)","i10_l2",3,-0.833333333333333,1.24,0.984429231442056,0.0613132788978346
"10 items, lambda = 2 (c doubled)","i10_l2",3,-0.833333333333333,1.26,0.985030630632705,0.0589811493921602
"10 items, lambda = 2 (c doubled)","i10_l2",3,-0.833333333333333,1.28,0.985609141180511,0.0567350480077056
"10 items, lambda = 2 (c doubled)","i10_l2",3,-0.833333333333333,1.3,0.986165608443347,0.0545720046676391
"10 items, lambda = 2 (c doubled)","i10_l2",3,-0.833333333333333,1.32,0.986700848514,0.0524891362230107
"10 items, lambda = 2 (c doubled)","i10_l2",3,-0.833333333333333,1.34,0.987215649083034,0.0504836451543926
"10 items, lambda = 2 (c doubled)","i10_l2",3,-0.833333333333333,1.36,0.987710770288203,0.04855281817955
"10 items, lambda = 2 (c doubled)","i10_l2",3,-0.833333333333333,1.38,0.988186945549517,0.0466940247801303
"10 items, lambda = 2 (c doubled)","i10_l2",3,-0.833333333333333,1.4,0.98864488238922,0.0449047156593001
"10 items, lambda = 2 (c doubled)","i10_l2",3,-0.833333333333333,1.42,0.989085263236049,0.0431824211412997
"10 items, lambda = 2 (c doubled)","i10_l2",3,-0.833333333333333,1.44,0.989508746213235,0.0415247495229853
"10 items, lambda = 2 (c doubled)","i10_l2",3,-0.833333333333333,1.46,0.989915965909829,0.0399293853865571
"10 items, lambda = 2 (c doubled)","i10_l2",3,-0.833333333333333,1.48,0.99030753413498,0.0383940878819001
"10 items, lambda = 2 (c doubled)","i10_l2",3,-0.833333333333333,1.5,0.990684040654933,0.036916688986191
"10 items, lambda = 2 (c doubled)","i10_l2",3,-0.833333333333333,1.52,0.991046053912528,0.0354950917477395
"10 items, lambda = 2 (c doubled)","i10_l2",3,-0.833333333333333,1.54,0.991394121729088,0.0341272685203937
"10 items, lambda = 2 (c doubled)","i10_l2",3,-0.833333333333333,1.56,0.991728771988632,0.032811259194208
"10 items, lambda = 2 (c doubled)","i10_l2",3,-0.833333333333333,1.58,0.992050513304392,0.0315451694275375
"10 items, lambda = 2 (c doubled)","i10_l2",3,-0.833333333333333,1.6,0.99235983566768,0.0303271688851808
"10 items, lambda = 2 (c doubled)","i10_l2",3,-0.833333333333333,1.62,0.992657211079185,0.0291554894867186
"10 items, lambda = 2 (c doubled)","i10_l2",3,-0.833333333333333,1.64,0.992943094162817,0.0280284236687534
"10 items, lambda = 2 (c doubled)","i10_l2",3,-0.833333333333333,1.66,0.993217922762261,0.0269443226643207
"10 items, lambda = 2 (c doubled)","i10_l2",3,-0.833333333333333,1.68,0.993482118520421,0.025901594802389
"10 items, lambda = 2 (c doubled)","i10_l2",3,-0.833333333333333,1.7,0.993736087441967,0.0248987038299926
"10 items, lambda = 2 (c doubled)","i10_l2",3,-0.833333333333333,1.72,0.993980220439234,0.0239341672592251
"10 items, lambda = 2 (c doubled)","i10_l2",3,-0.833333333333333,1.74,0.994214893861712,0.0230065547410282
"10 items, lambda = 2 (c doubled)","i10_l2",3,-0.833333333333333,1.76,0.994440470009428,0.0221144864674227
"10 items, lambda = 2 (c doubled)","i10_l2",3,-0.833333333333333,1.78,0.994657297630489,0.0212566316036071
"10 items, lambda = 2 (c doubled)","i10_l2",3,-0.833333333333333,1.8,0.994865712403102,0.0204317067510833
"10 items, lambda = 2 (c doubled)","i10_l2",3,-0.833333333333333,1.82,0.995066037402385,0.0196384744427997
"10 items, lambda = 2 (c doubled)","i10_l2",3,-0.833333333333333,1.84,0.9952585835523,0.0188757416710787
"10 items, lambda = 2 (c doubled)","i10_l2",3,-0.833333333333333,1.86,0.995443650063015,0.018142358448945
"10 items, lambda = 2 (c doubled)","i10_l2",3,-0.833333333333333,1.88,0.995621524854069,0.0174372164053091
"10 items, lambda = 2 (c doubled)","i10_l2",3,-0.833333333333333,1.9,0.995792484963641,0.0167592474143116
"10 items, lambda = 2 (c doubled)","i10_l2",3,-0.833333333333333,1.92,0.995956796944296,0.0161074222590167
"10 items, lambda = 2 (c doubled)","i10_l2",3,-0.833333333333333,1.94,0.996114717245537,0.0154807493295247
"10 items, lambda = 2 (c doubled)","i10_l2",3,-0.833333333333333,1.96,0.996266492583505,0.0148782733554653
"10 items, lambda = 2 (c doubled)","i10_l2",3,-0.833333333333333,1.98,0.996412360298184,0.0142990741727455
"10 items, lambda = 2 (c doubled)","i10_l2",3,-0.833333333333333,2,0.996552548698436,0.013742265524348
"10 items, lambda = 2 (c doubled)","i10_l2",3,-0.833333333333333,2.02,0.996687277395222,0.0132069938948876
"10 items, lambda = 2 (c doubled)","i10_l2",3,-0.833333333333333,2.04,0.996816757623322,0.0126924373785982
"10 items, lambda = 2 (c doubled)","i10_l2",3,-0.833333333333333,2.06,0.996941192551916,0.012197804580318
"10 items, lambda = 2 (c doubled)","i10_l2",3,-0.833333333333333,2.08,0.997060777584329,0.0117223335490503
"10 items, lambda = 2 (c doubled)","i10_l2",3,-0.833333333333333,2.1,0.997175700647271,0.0112652907435789
"10 items, lambda = 2 (c doubled)","i10_l2",3,-0.833333333333333,2.12,0.997286142469902,0.0108259700296182
"10 items, lambda = 2 (c doubled)","i10_l2",3,-0.833333333333333,2.14,0.997392276853006,0.0104036917079304
"10 items, lambda = 2 (c doubled)","i10_l2",3,-0.833333333333333,2.16,0.997494270928618,0.00999780157281098
"10 items, lambda = 2 (c doubled)","i10_l2",3,-0.833333333333333,2.18,0.997592285410371,0.00960767000033407
"10 items, lambda = 2 (c doubled)","i10_l2",3,-0.833333333333333,2.2,0.99768647483488,0.00923269106572258
"10 items, lambda = 2 (c doubled)","i10_l2",3,-0.833333333333333,2.22,0.997776987794433,0.00887228168920262
"10 items, lambda = 2 (c doubled)","i10_l2",3,-0.833333333333333,2.24,0.997863967161296,0.00852588080966305
"10 items, lambda = 2 (c doubled)","i10_l2",3,-0.833333333333333,2.26,0.997947550303873,0.0081929485854877
"10 items, lambda = 2 (c doubled)","i10_l2",3,-0.833333333333333,2.28,0.998027869295019,0.00787296562185314
"10 items, lambda = 2 (c doubled)","i10_l2",3,-0.833333333333333,2.3,0.998105051112754,0.00756543222384403
"10 items, lambda = 2 (c doubled)","i10_l2",3,-0.833333333333333,2.32,0.998179217833628,0.00726986767469824
"10 items, lambda = 2 (c doubled)","i10_l2",3,-0.833333333333333,2.34,0.998250486819001,0.00698580953851239
"10 items, lambda = 2 (c doubled)","i10_l2",3,-0.833333333333333,2.36,0.998318970894462,0.00671281298673566
"10 items, lambda = 2 (c doubled)","i10_l2",3,-0.833333333333333,2.38,0.998384778522632,0.00645045014778966
"10 items, lambda = 2 (c doubled)","i10_l2",3,-0.833333333333333,2.4,0.998448013969573,0.00619830947915498
"10 items, lambda = 2 (c doubled)","i10_l2",3,-0.833333333333333,2.42,0.998508777465035,0.00595599516126365
"10 items, lambda = 2 (c doubled)","i10_l2",3,-0.833333333333333,2.44,0.998567165356743,0.00572312651256854
"10 items, lambda = 2 (c doubled)","i10_l2",3,-0.833333333333333,2.46,0.998623270258932,0.00549933742515027
"10 items, lambda = 2 (c doubled)","i10_l2",3,-0.833333333333333,2.48,0.998677181195354,0.00528427582022482
"10 items, lambda = 2 (c doubled)","i10_l2",3,-0.833333333333333,2.5,0.998728983736919,0.00507760312296132
"10 items, lambda = 2 (c doubled)","i10_l2",3,-0.833333333333333,2.52,0.998778760134191,0.00487899375599583
"10 items, lambda = 2 (c doubled)","i10_l2",3,-0.833333333333333,2.54,0.998826589444908,0.00468813465104485
"10 items, lambda = 2 (c doubled)","i10_l2",3,-0.833333333333333,2.56,0.998872547656699,0.00450472477806022
"10 items, lambda = 2 (c doubled)","i10_l2",3,-0.833333333333333,2.58,0.998916707805185,0.00432847469134199
"10 items, lambda = 2 (c doubled)","i10_l2",3,-0.833333333333333,2.6,0.998959140087625,0.00415910609206997
"10 items, lambda = 2 (c doubled)","i10_l2",3,-0.833333333333333,2.62,0.99899991197226,0.00399635140670792
"10 items, lambda = 2 (c doubled)","i10_l2",3,-0.833333333333333,2.64,0.999039088303521,0.00383995338076115
"10 items, lambda = 2 (c doubled)","i10_l2",3,-0.833333333333333,2.66,0.999076731403256,0.00368966468736937
"10 items, lambda = 2 (c doubled)","i10_l2",3,-0.833333333333333,2.68,0.999112901168102,0.00354524755024122
"10 items, lambda = 2 (c doubled)","i10_l2",3,-0.833333333333333,2.7,0.99914765516317,0.00340647338043673
"10 items, lambda = 2 (c doubled)","i10_l2",3,-0.833333333333333,2.72,0.999181048712153,0.00327312242654024
"10 items, lambda = 2 (c doubled)","i10_l2",3,-0.833333333333333,2.74,0.99921313498401,0.00314498343774827
"10 items, lambda = 2 (c doubled)","i10_l2",3,-0.833333333333333,2.76,0.999243965076336,0.00302185333943256
"10 items, lambda = 2 (c doubled)","i10_l2",3,-0.833333333333333,2.78,0.999273588095557,0.00290353692075279
"10 items, lambda = 2 (c doubled)","i10_l2",3,-0.833333333333333,2.8,0.999302051234049,0.00278984653388477
"10 items, lambda = 2 (c doubled)","i10_l2",3,-0.833333333333333,2.82,0.999329399844316,0.00268060180446251
"10 items, lambda = 2 (c doubled)","i10_l2",3,-0.833333333333333,2.84,0.999355677510317,0.00257562935284845
"10 items, lambda = 2 (c doubled)","i10_l2",3,-0.833333333333333,2.86,0.999380926116069,0.00247476252582765
"10 items, lambda = 2 (c doubled)","i10_l2",3,-0.833333333333333,2.88,0.999405185911608,0.00237784113836995
"10 items, lambda = 2 (c doubled)","i10_l2",3,-0.833333333333333,2.9,0.99942849557642,0.00228471122509711
"10 items, lambda = 2 (c doubled)","i10_l2",3,-0.833333333333333,2.92,0.999450892280435,0.00219522480110819
"10 items, lambda = 2 (c doubled)","i10_l2",3,-0.833333333333333,2.94,0.999472411742677,0.00210923963181679
"10 items, lambda = 2 (c doubled)","i10_l2",3,-0.833333333333333,2.96,0.999493088287644,0.00202661901148598
"10 items, lambda = 2 (c doubled)","i10_l2",3,-0.833333333333333,2.98,0.999512954899535,0.00194723155014019
"10 items, lambda = 2 (c doubled)","i10_l2",3,-0.833333333333333,3,0.999532043274367,0.00187095096854303
"10 items, lambda = 2 (c doubled)","i10_l2",3,-0.833333333333333,3.02,0.999550383870095,0.00179765590096476
"10 items, lambda = 2 (c doubled)","i10_l2",3,-0.833333333333333,3.04,0.999568005954789,0.00172722970542447
"10 items, lambda = 2 (c doubled)","i10_l2",3,-0.833333333333333,3.06,0.999584937652956,0.00165956028116926
"10 items, lambda = 2 (c doubled)","i10_l2",3,-0.833333333333333,3.08,0.999601205990066,0.00159453989308492
"10 items, lambda = 2 (c doubled)","i10_l2",3,-0.833333333333333,3.1,0.999616836935362,0.00153206500281574
"10 items, lambda = 2 (c doubled)","i10_l2",3,-0.833333333333333,3.12,0.999631855443004,0.0014720361063227
"10 items, lambda = 2 (c doubled)","i10_l2",3,-0.833333333333333,3.14,0.999646285491634,0.00141435757765192
"10 items, lambda = 2 (c doubled)","i10_l2",3,-0.833333333333333,3.16,0.999660150122392,0.00135893751867583
"10 items, lambda = 2 (c doubled)","i10_l2",3,-0.833333333333333,3.18,0.999673471475474,0.00130568761459324
"10 items, lambda = 2 (c doubled)","i10_l2",3,-0.833333333333333,3.2,0.999686270825264,0.00125452299496385
"10 items, lambda = 2 (c doubled)","i10_l2",3,-0.833333333333333,3.22,0.999698568614103,0.00120536210006816
"10 items, lambda = 2 (c doubled)","i10_l2",3,-0.833333333333333,3.24,0.99971038448475,0.00115812655241454
"10 items, lambda = 2 (c doubled)","i10_l2",3,-0.833333333333333,3.26,0.999721737311586,0.00111274103316281
"10 items, lambda = 2 (c doubled)","i10_l2",3,-0.833333333333333,3.28,0.999732645230597,0.00106913316332016
"10 items, lambda = 2 (c doubled)","i10_l2",3,-0.833333333333333,3.3,0.999743125668203,0.00102723338949687
"10 items, lambda = 2 (c doubled)","i10_l2",3,-0.833333333333333,3.32,0.999753195368958,0.000986974874062997
"10 items, lambda = 2 (c doubled)","i10_l2",3,-0.833333333333333,3.34,0.999762870422176,0.000948293389550004
"10 items, lambda = 2 (c doubled)","i10_l2",3,-0.833333333333333,3.36,0.999772166287522,0.000911127217110848
"10 items, lambda = 2 (c doubled)","i10_l2",3,-0.833333333333333,3.38,0.999781097819608,0.000875417048909234
"10 items, lambda = 2 (c doubled)","i10_l2",3,-0.833333333333333,3.4,0.999789679291631,0.000841105894274145
"10 items, lambda = 2 (c doubled)","i10_l2",3,-0.833333333333333,3.42,0.999797924418089,0.000808138989482064
"10 items, lambda = 2 (c doubled)","i10_l2",3,-0.833333333333333,3.44,0.999805846376614,0.000776463711028039
"10 items, lambda = 2 (c doubled)","i10_l2",3,-0.833333333333333,3.46,0.999813457828955,0.000746029492253114
"10 items, lambda = 2 (c doubled)","i10_l2",3,-0.833333333333333,3.48,0.999820770941147,0.000716787743191772
"10 items, lambda = 2 (c doubled)","i10_l2",3,-0.833333333333333,3.5,0.999827797402881,0.000688691773537862
"10 items, lambda = 2 (c doubled)","i10_l2",3,-0.833333333333333,3.52,0.999834548446138,0.000661696718581056
"10 items, lambda = 2 (c doubled)","i10_l2",3,-0.833333333333333,3.54,0.99984103486308,0.000635759468021587
"10 items, lambda = 2 (c doubled)","i10_l2",3,-0.833333333333333,3.56,0.999847267023252,0.000610838597542829
"10 items, lambda = 2 (c doubled)","i10_l2",3,-0.833333333333333,3.58,0.999853254890111,0.000586894303046413
"10 items, lambda = 2 (c doubled)","i10_l2",3,-0.833333333333333,3.6,0.99985900803691,0.00056388833742639
"10 items, lambda = 2 (c doubled)","i10_l2",3,-0.833333333333333,3.62,0.99986453566196,0.000541783949812535
"10 items, lambda = 2 (c doubled)","i10_l2",3,-0.833333333333333,3.64,0.999869846603302,0.00052054582716432
"10 items, lambda = 2 (c doubled)","i10_l2",3,-0.833333333333333,3.66,0.999874949352801,0.000500140038138225
"10 items, lambda = 2 (c doubled)","i10_l2",3,-0.833333333333333,3.68,0.99987985206969,0.000480533979139411
"10 items, lambda = 2 (c doubled)","i10_l2",3,-0.833333333333333,3.7,0.999884562593589,0.000461696322465518
"10 items, lambda = 2 (c doubled)","i10_l2",3,-0.833333333333333,3.72,0.999889088457011,0.000443596966475107
"10 items, lambda = 2 (c doubled)","i10_l2",3,-0.833333333333333,3.74,0.999893436897383,0.000426206987687874
"10 items, lambda = 2 (c doubled)","i10_l2",3,-0.833333333333333,3.76,0.999897614868597,0.000409498594753397
"10 items, lambda = 2 (c doubled)","i10_l2",3,-0.833333333333333,3.78,0.999901629052103,0.000393445084212653
"10 items, lambda = 2 (c doubled)","i10_l2",3,-0.833333333333333,3.8,0.999905485867584,0.000378020797980477
"10 items, lambda = 2 (c doubled)","i10_l2",3,-0.833333333333333,3.82,0.999909191483192,0.000363201082486365
"10 items, lambda = 2 (c doubled)","i10_l2",3,-0.833333333333333,3.84,0.999912751825405,0.000348962249403855
"10 items, lambda = 2 (c doubled)","i10_l2",3,-0.833333333333333,3.86,0.999916172588486,0.000335281537916419
"10 items, lambda = 2 (c doubled)","i10_l2",3,-0.833333333333333,3.88,0.999919459243575,0.000322137078446868
"10 items, lambda = 2 (c doubled)","i10_l2",3,-0.833333333333333,3.9,0.999922617047426,0.000309507857809631
"10 items, lambda = 2 (c doubled)","i10_l2",3,-0.833333333333333,3.92,0.999925651050805,0.000297373685715023
"10 items, lambda = 2 (c doubled)","i10_l2",3,-0.833333333333333,3.94,0.999928566106553,0.000285715162584771
"10 items, lambda = 2 (c doubled)","i10_l2",3,-0.833333333333333,3.96,0.99993136687734,0.000274513648619805
"10 items, lambda = 2 (c doubled)","i10_l2",3,-0.833333333333333,3.98,0.999934057843112,0.000263751234079954
"10 items, lambda = 2 (c doubled)","i10_l2",3,-0.833333333333333,4,0.99993664330825,0.000253410710717352
"10 items, lambda = 2 (c doubled)","i10_l2",4,-0.5,-4,0.000911051194400645,0.00364088472048731
"10 items, lambda = 2 (c doubled)","i10_l2",4,-0.5,-3.98,0.000948196644353725,0.00378919026990945
"10 items, lambda = 2 (c doubled)","i10_l2",4,-0.5,-3.96,0.000986855095520908,0.00394352485016541
"10 items, lambda = 2 (c doubled)","i10_l2",4,-0.5,-3.94,0.00102708805071152,0.00410413256339043
"10 items, lambda = 2 (c doubled)","i10_l2",4,-0.5,-3.92,0.00106895950244196,0.00427126731209641
"10 items, lambda = 2 (c doubled)","i10_l2",4,-0.5,-3.9,0.00111253603286032,0.00444519318574364
"10 items, lambda = 2 (c doubled)","i10_l2",4,-0.5,-3.88,0.00115788691760962,0.00462618486198258
"10 items, lambda = 2 (c doubled)","i10_l2",4,-0.5,-3.86,0.00120508423377895,0.00481452802307378
"10 items, lambda = 2 (c doubled)","i10_l2",4,-0.5,-3.84,0.00125420297209689,0.00501051978800668
"10 items, lambda = 2 (c doubled)","i10_l2",4,-0.5,-3.82,0.00130532115352677,0.00521446916085171
"10 items, lambda = 2 (c doubled)","i10_l2",4,-0.5,-3.8,0.00135851995042896,0.00542669749589298
"10 items, lambda = 2 (c doubled)","i10_l2",4,-0.5,-3.78,0.00141388381246065,0.00564753898010205
"10 items, lambda = 2 (c doubled)","i10_l2",4,-0.5,-3.76,0.00147150059738953,0.00587734113352564
"10 items, lambda = 2 (c doubled)","i10_l2",4,-0.5,-3.74,0.00153146170700328,0.00611646532817307
"10 items, lambda = 2 (c doubled)","i10_l2",4,-0.5,-3.72,0.00159386222830301,0.0063652873260008
"10 items, lambda = 2 (c doubled)","i10_l2",4,-0.5,-3.7,0.00165880108017442,0.00662419783660333
"10 items, lambda = 2 (c doubled)","i10_l2",4,-0.5,-3.68,0.00172638116573715,0.00689360309523096
"10 items, lambda = 2 (c doubled)","i10_l2",4,-0.5,-3.66,0.00179670953057844,0.00717392546176469
"10 items, lambda = 2 (c doubled)","i10_l2",4,-0.5,-3.64,0.00186989752708405,0.00746560404128902
"10 items, lambda = 2 (c doubled)","i10_l2",4,-0.5,-3.62,0.00194606098508556,0.00776909532691154
"10 items, lambda = 2 (c doubled)","i10_l2",4,-0.5,-3.6,0.00202532038904988,0.00808487386548632
"10 items, lambda = 2 (c doubled)","i10_l2",4,-0.5,-3.58,0.00210780106204325,0.0084134329469044
"10 items, lambda = 2 (c doubled)","i10_l2",4,-0.5,-3.56,0.00219363335670875,0.00875528531762032
"10 items, lambda = 2 (c doubled)","i10_l2",4,-0.5,-3.54,0.00228295285350306,0.00911096391908697
"10 items, lambda = 2 (c doubled)","i10_l2",4,-0.5,-3.52,0.00237590056644499,0.00948102265177341
"10 items, lambda = 2 (c doubled)","i10_l2",4,-0.5,-3.5,0.00247262315663477,0.00986603716544019
"10 items, lambda = 2 (c doubled)","i10_l2",4,-0.5,-3.48,0.00257327315381037,0.010266605676345
"10 items, lambda = 2 (c doubled)","i10_l2",4,-0.5,-3.46,0.00267800918621312,0.0106833498120467
"10 items, lambda = 2 (c doubled)","i10_l2",4,-0.5,-3.44,0.00278699621904228,0.0111169154844693
"10 items, lambda = 2 (c doubled)","i10_l2",4,-0.5,-3.42,0.0029004058017842,0.0115679737918767
"10 items, lambda = 2 (c doubled)","i10_l2",4,-0.5,-3.4,0.00301841632470842,0.0120372219503966
"10 items, lambda = 2 (c doubled)","i10_l2",4,-0.5,-3.38,0.00314121328482943,0.0125253842557146
"10 items, lambda = 2 (c doubled)","i10_l2",4,-0.5,-3.36,0.00326898956163862,0.0130332130755381
"10 items, lambda = 2 (c doubled)","i10_l2",4,-0.5,-3.34,0.00340194570291726,0.0135614898734067
"10 items, lambda = 2 (c doubled)","i10_l2",4,-0.5,-3.32,0.00354029022094651,0.0141110262643919
"10 items, lambda = 2 (c doubled)","i10_l2",4,-0.5,-3.3,0.00368423989943599,0.0146826651031976
"10 items, lambda = 2 (c doubled)","i10_l2",4,-0.5,-3.28,0.00383402011149744,0.0152772816051283
"10 items, lambda = 2 (c doubled)","i10_l2",4,-0.5,-3.26,0.0039898651489941,0.0158957845003478
"10 items, lambda = 2 (c doubled)","i10_l2",4,-0.5,-3.24,0.00415201856360064,0.0165391172217926
"10 items, lambda = 2 (c doubled)","i10_l2",4,-0.5,-3.22,0.00432073351991192,0.0172082591270473
"10 items, lambda = 2 (c doubled)","i10_l2",4,-0.5,-3.2,0.00449627316094118,0.0179042267544135
"10 items, lambda = 2 (c doubled)","i10_l2",4,-0.5,-3.18,0.00467891098635071,0.01862807511333
"10 items, lambda = 2 (c doubled)","i10_l2",4,-0.5,-3.16,0.00486893124375864,0.0193808990092088
"10 items, lambda = 2 (c doubled)","i10_l2",4,-0.5,-3.14,0.00506662933346625,0.0201638344026541
"10 items, lambda = 2 (c doubled)","i10_l2",4,-0.5,-3.12,0.00527231222694867,0.020978059802921
"10 items, lambda = 2 (c doubled)","i10_l2",4,-0.5,-3.1,0.0054862988994504,0.0218247976953452
"10 items, lambda = 2 (c doubled)","i10_l2",4,-0.5,-3.08,0.00570892077702334,0.0227053160023401
"10 items, lambda = 2 (c doubled)","i10_l2",4,-0.5,-3.06,0.00594052219834037,0.0236209295774056
"10 items, lambda = 2 (c doubled)","i10_l2",4,-0.5,-3.04,0.00618146089161114,0.0245730017314265
"10 items, lambda = 2 (c doubled)","i10_l2",4,-0.5,-3.02,0.00643210846691863,0.0255629457903537
"10 items, lambda = 2 (c doubled)","i10_l2",4,-0.5,-3,0.00669285092428486,0.0265922266831606
"10 items, lambda = 2 (c doubled)","i10_l2",4,-0.5,-2.98,0.00696408917776209,0.0276623625587451
"10 items, lambda = 2 (c doubled)","i10_l2",4,-0.5,-2.96,0.00724623959583143,0.0287749264302049
"10 items, lambda = 2 (c doubled)","i10_l2",4,-0.5,-2.94,0.00753973455837339,0.0299315478446507
"10 items, lambda = 2 (c doubled)","i10_l2",4,-0.5,-2.92,0.00784502303045563,0.031133914576429
"10 items, lambda = 2 (c doubled)","i10_l2",4,-0.5,-2.9,0.0081625711531599,0.032383774341318
"10 items, lambda = 2 (c doubled)","i10_l2",4,-0.5,-2.88,0.00849286285164435,0.03368293652891
"10 items, lambda = 2 (c doubled)","i10_l2",4,-0.5,-2.86,0.00883640046060772,0.03503327395003
"10 items, lambda = 2 (c doubled)","i10_l2",4,-0.5,-2.84,0.00919370536728809,0.0364367245956304
"10 items, lambda = 2 (c doubled)","i10_l2",4,-0.5,-2.82,0.00956531867209167,0.037895293403172
"10 items, lambda = 2 (c doubled)","i10_l2",4,-0.5,-2.8,0.00995180186690432,0.0394110540260248
"10 items, lambda = 2 (c doubled)","i10_l2",4,-0.5,-2.78,0.0103537375310917,0.040986150600916
"10 items, lambda = 2 (c doubled)","i10_l2",4,-0.5,-2.76,0.0107717300451416,0.0426227995079049
"10 items, lambda = 2 (c doubled)","i10_l2",4,-0.5,-2.74,0.0112064063218429,0.0443232911167705
"10 items, lambda = 2 (c doubled)","i10_l2",4,-0.5,-2.72,0.0116584165548331,0.0460899915130684
"10 items, lambda = 2 (c doubled)","i10_l2",4,-0.5,-2.7,0.0121284349842742,0.0479253441964259
"10 items, lambda = 2 (c doubled)","i10_l2",4,-0.5,-2.68,0.0126171606793387,0.0498318717429218
"10 items, lambda = 2 (c doubled)","i10_l2",4,-0.5,-2.66,0.0131253183371028,0.05181217742261
"10 items, lambda = 2 (c doubled)","i10_l2",4,-0.5,-2.64,0.0136536590973509,0.0538689467624169
"10 items, lambda = 2 (c doubled)","i10_l2",4,-0.5,-2.62,0.0142029613726911,0.0560049490437479
"10 items, lambda = 2 (c doubled)","i10_l2",4,-0.5,-2.6,0.0147740316932731,0.0582230387231969
"10 items, lambda = 2 (c doubled)","i10_l2",4,-0.5,-2.58,0.0153677055652755,0.0605261567637382
"10 items, lambda = 2 (c doubled)","i10_l2",4,-0.5,-2.56,0.0159848483422026,0.0629173318627175
"10 items, lambda = 2 (c doubled)","i10_l2",4,-0.5,-2.54,0.0166263561078816,0.0653996815618221
"10 items, lambda = 2 (c doubled)","i10_l2",4,-0.5,-2.52,0.0172931565699054,0.0679764132230166
"10 items, lambda = 2 (c doubled)","i10_l2",4,-0.5,-2.5,0.0179862099620916,0.0706508248531645
"10 items, lambda = 2 (c doubled)","i10_l2",4,-0.5,-2.48,0.0187065099543546,0.0734263057587289
"10 items, lambda = 2 (c doubled)","i10_l2",4,-0.5,-2.46,0.019455084568193,0.07630633701055
"10 items, lambda = 2 (c doubled)","i10_l2",4,-0.5,-2.44,0.0202329970957854,0.0792944916972294
"10 items, lambda = 2 (c doubled)","i10_l2",4,-0.5,-2.42,0.0210413470204683,0.08239443494413
"10 items, lambda = 2 (c doubled)","i10_l2",4,-0.5,-2.4,0.0218812709361305,0.0856099236734005
"10 items, lambda = 2 (c doubled)","i10_l2",4,-0.5,-2.38,0.022753943462804,0.0889448060787821
"10 items, lambda = 2 (c doubled)","i10_l2",4,-0.5,-2.36,0.0236605781554612,0.0924030207872421
"10 items, lambda = 2 (c doubled)","i10_l2",4,-0.5,-2.34,0.0246024284027394,0.0959885956777101
"10 items, lambda = 2 (c doubled)","i10_l2",4,-0.5,-2.32,0.0255807883120077,0.0997056463253757
"10 items, lambda = 2 (c doubled)","i10_l2",4,-0.5,-2.3,0.0265969935768659,0.103558374038152
"10 items, lambda = 2 (c doubled)","i10_l2",4,-0.5,-2.28,0.0276524223228231,0.107551063450013
"10 items, lambda = 2 (c doubled)","i10_l2",4,-0.5,-2.26,0.02874849592654,0.111688079634007
"10 items, lambda = 2 (c doubled)","i10_l2",4,-0.5,-2.24,0.0298866798036362,0.115973864695805
"10 items, lambda = 2 (c doubled)","i10_l2",4,-0.5,-2.22,0.0310684841596674,0.120412933806752
"10 items, lambda = 2 (c doubled)","i10_l2",4,-0.5,-2.2,0.0322954646984505,0.125009870633447
"10 items, lambda = 2 (c doubled)","i10_l2",4,-0.5,-2.18,0.0335692232814825,0.129769322119042
"10 items, lambda = 2 (c doubled)","i10_l2",4,-0.5,-2.16,0.0348914085317368,0.134695992569633
"10 items, lambda = 2 (c doubled)","i10_l2",4,-0.5,-2.14,0.0362637163746484,0.13979463699739
"10 items, lambda = 2 (c doubled)","i10_l2",4,-0.5,-2.12,0.0376878905086059,0.145070053670469
"10 items, lambda = 2 (c doubled)","i10_l2",4,-0.5,-2.1,0.0391657227967644,0.150527075818286
"10 items, lambda = 2 (c doubled)","i10_l2",4,-0.5,-2.08,0.0406990535714665,0.156170562439414
"10 items, lambda = 2 (c doubled)","i10_l2",4,-0.5,-2.06,0.0422897718420338,0.16200538815833
"10 items, lambda = 2 (c doubled)","i10_l2",4,-0.5,-2.04,0.0439398153961413,0.168036432076377
"10 items, lambda = 2 (c doubled)","i10_l2",4,-0.5,-2.02,0.0456511707844437,0.174268565561813
"10 items, lambda = 2 (c doubled)","i10_l2",4,-0.5,-2,0.0474258731775668,0.180706638923649
"10 items, lambda = 2 (c doubled)","i10_l2",4,-0.5,-1.98,0.0492660060840267,0.187355466914221
"10 items, lambda = 2 (c doubled)","i10_l2",4,-0.5,-1.96,0.0511737009170917,0.194219813006159
"10 items, lambda = 2 (c doubled)","i10_l2",4,-0.5,-1.94,0.0531511363980637,0.201304372390633
"10 items, lambda = 2 (c doubled)","i10_l2",4,-0.5,-1.92,0.0552005377829343,0.208613753645637
"10 items, lambda = 2 (c doubled)","i10_l2",4,-0.5,-1.9,0.0573241758988688,0.216152459025537
"10 items, lambda = 2 (c doubled)","i10_l2",4,-0.5,-1.88,0.0595243659765015,0.223924863326388
"10 items, lambda = 2 (c doubled)","i10_l2",4,-0.5,-1.86,0.0618034662635886,0.231935191285576
"10 items, lambda = 2 (c doubled)","i10_l2",4,-0.5,-1.84,0.064163876405174,0.240187493479342
"10 items, lambda = 2 (c doubled)","i10_l2",4,-0.5,-1.82,0.0666080355750907,0.248685620687673
"10 items, lambda = 2 (c doubled)","i10_l2",4,-0.5,-1.8,0.0691384203433468,0.257433196703094
"10 items, lambda = 2 (c doubled)","i10_l2",4,-0.5,-1.78,0.0717575422637514,0.266433589568069
"10 items, lambda = 2 (c doubled)","i10_l2",4,-0.5,-1.76,0.0744679451660281,0.27568988123511
"10 items, lambda = 2 (c doubled)","i10_l2",4,-0.5,-1.74,0.0772722021366599,0.285204835654444
"10 items, lambda = 2 (c doubled)","i10_l2",4,-0.5,-1.72,0.0801729121728124,0.294980865306172
"10 items, lambda = 2 (c doubled)","i10_l2",4,-0.5,-1.7,0.0831726964939224,0.305019996207409
"10 items, lambda = 2 (c doubled)","i10_l2",4,-0.5,-1.68,0.0862741944959167,0.31532383143999
"10 items, lambda = 2 (c doubled)","i10_l2",4,-0.5,-1.66,0.0894800593335614,0.325893513260895
"10 items, lambda = 2 (c doubled)","i10_l2",4,-0.5,-1.64,0.092792953117157,0.336729683875816
"10 items, lambda = 2 (c doubled)","i10_l2",4,-0.5,-1.62,0.0962155417106928,0.347832444976043
"10 items, lambda = 2 (c doubled)","i10_l2",4,-0.5,-1.6,0.0997504891196851,0.359201316160275
"10 items, lambda = 2 (c doubled)","i10_l2",4,-0.5,-1.58,0.10340045145825,0.370835192385919
"10 items, lambda = 2 (c doubled)","i10_l2",4,-0.5,-1.56,0.107168070486528,0.382732300618891
"10 items, lambda = 2 (c doubled)","i10_l2",4,-0.5,-1.54,0.111055966711408,0.394890155876809
"10 items, lambda = 2 (c doubled)","i10_l2",4,-0.5,-1.52,0.11506673204555,0.40730551688763
"10 items, lambda = 2 (c doubled)","i10_l2",4,-0.5,-1.5,0.119202922022118,0.419974341614026
"10 items, lambda = 2 (c doubled)","i10_l2",4,-0.5,-1.48,0.123467047565224,0.432891742923003
"10 items, lambda = 2 (c doubled)","i10_l2",4,-0.5,-1.46,0.127861566319081,0.44605194471005
"10 items, lambda = 2 (c doubled)","i10_l2",4,-0.5,-1.44,0.132388873542065,0.459448238817314
"10 items, lambda = 2 (c doubled)","i10_l2",4,-0.5,-1.42,0.13705129257546,0.473072943115422
"10 items, lambda = 2 (c doubled)","i10_l2",4,-0.5,-1.4,0.141851064900488,0.486917361148342
"10 items, lambda = 2 (c doubled)","i10_l2",4,-0.5,-1.38,0.146790339801382,0.500971743769508
"10 items, lambda = 2 (c doubled)","i10_l2",4,-0.5,-1.36,0.151871163656659,0.515225253224926
"10 items, lambda = 2 (c doubled)","i10_l2",4,-0.5,-1.34,0.157095468885453,0.52966593016445
"10 items, lambda = 2 (c doubled)","i10_l2",4,-0.5,-1.32,0.162465062580696,0.544280664085386
"10 items, lambda = 2 (c doubled)","i10_l2",4,-0.5,-1.3,0.167981614866076,0.559055167732244
"10 items, lambda = 2 (c doubled)","i10_l2",4,-0.5,-1.28,0.173646647019005,0.573973955992249
"10 items, lambda = 2 (c doubled)","i10_l2",4,-0.5,-1.26,0.179461519407327,0.589020329837362
"10 items, lambda = 2 (c doubled)","i10_l2",4,-0.5,-1.24,0.185427419292982,0.604176365869307
"10 items, lambda = 2 (c doubled)","i10_l2",4,-0.5,-1.22,0.191545348561468,0.619422912023734
"10 items, lambda = 2 (c doubled)","i10_l2",4,-0.5,-1.2,0.197816111441418,0.634739589982459
"10 items, lambda = 2 (c doubled)","i10_l2",4,-0.5,-1.18,0.204240302284092,0.650104804827978
"10 items, lambda = 2 (c doubled)","i10_l2",4,-0.5,-1.16,0.210818293477747,0.66549576245151
"10 items, lambda = 2 (c doubled)","i10_l2",4,-0.5,-1.14,0.217550223576887,0.680888495194135
"10 items, lambda = 2 (c doubled)","i10_l2",4,-0.5,-1.12,0.224435985730927,0.696257896159655
"10 items, lambda = 2 (c doubled)","i10_l2",4,-0.5,-1.1,0.231475216500982,0.711577762587223
"10 items, lambda = 2 (c doubled)","i10_l2",4,-0.5,-1.08,0.23866728515709,0.726820848611336
"10 items, lambda = 2 (c doubled)","i10_l2",4,-0.5,-1.06,0.246011283551052,0.741958927666463
"10 items, lambda = 2 (c doubled)","i10_l2",4,-0.5,-1.04,0.253506016662338,0.756962864713329
"10 items, lambda = 2 (c doubled)","i10_l2",4,-0.5,-1.02,0.261149993915751,0.771802698374217
"10 items, lambda = 2 (c doubled)","i10_l2",4,-0.5,-1,0.268941421369995,0.786447732965927
"10 items, lambda = 2 (c doubled)","i10_l2",4,-0.5,-0.98,0.27687819487561,0.800866640312135
"10 items, lambda = 2 (c doubled)","i10_l2",4,-0.5,-0.96,0.28495789429901,0.815027571102737
"10 items, lambda = 2 (c doubled)","i10_l2",4,-0.5,-0.94,0.293177778906432,0.828898275447694
"10 items, lambda = 2 (c doubled)","i10_l2",4,-0.5,-0.92,0.301534783997461,0.842446232148263
"10 items, lambda = 2 (c doubled)","i10_l2",4,-0.5,-0.9,0.310025518872388,0.855638786081178
"10 items, lambda = 2 (c doubled)","i10_l2",4,-0.5,-0.88,0.318646266210975,0.868443292963117
"10 items, lambda = 2 (c doubled)","i10_l2",4,-0.5,-0.86,0.32739298293224,0.88082727063588
"10 items, lambda = 2 (c doubled)","i10_l2",4,-0.5,-0.84,0.336261302595647,0.892758555889304
"10 items, lambda = 2 (c doubled)","i10_l2",4,-0.5,-0.82,0.345246539393681,0.904205465721474
"10 items, lambda = 2 (c doubled)","i10_l2",4,-0.5,-0.8,0.354343693774205,0.915136961826629
"10 items, lambda = 2 (c doubled)","i10_l2",4,-0.5,-0.78,0.363547459718434,0.92552281700283
"10 items, lambda = 2 (c doubled)","i10_l2",4,-0.5,-0.76,0.372852233686805,0.93533378208626
"10 items, lambda = 2 (c doubled)","i10_l2",4,-0.5,-0.74,0.382252125230751,0.944541751949301
"10 items, lambda = 2 (c doubled)","i10_l2",4,-0.5,-0.72,0.391740969253486,0.953119929047301
"10 items, lambda = 2 (c doubled)","i10_l2",4,-0.5,-0.7,0.401312339887548,0.961042982966117
"10 items, lambda = 2 (c doubled)","i10_l2",4,-0.5,-0.68,0.410959565941335,0.968287204410578
"10 items, lambda = 2 (c doubled)","i10_l2",4,-0.5,-0.66,0.42067574785125,0.974830652084166
"10 items, lambda = 2 (c doubled)","i10_l2",4,-0.5,-0.64,0.430453776060771,0.980653290943178
"10 items, lambda = 2 (c doubled)","i10_l2",4,-0.5,-0.62,0.440286350732807,0.985737120364779
"10 items, lambda = 2 (c doubled)","i10_l2",4,-0.5,-0.6,0.450166002687522,0.99006629084744
"10 items, lambda = 2 (c doubled)","i10_l2",4,-0.5,-0.58,0.460085115444434,0.993627207963663
"10 items, lambda = 2 (c doubled)","i10_l2",4,-0.5,-0.56,0.470035948235428,0.9964086224074
"10 items, lambda = 2 (c doubled)","i10_l2",4,-0.5,-0.54,0.480010659844418,0.998401705120578
"10 items, lambda = 2 (c doubled)","i10_l2",4,-0.5,-0.52,0.490001333120035,0.999600106642494
"10 items, lambda = 2 (c doubled)","i10_l2",4,-0.5,-0.5,0.5,1
"10 items, lambda = 2 (c doubled)","i10_l2",4,-0.5,-0.48,0.509998666879966,0.999600106642494
"10 items, lambda = 2 (c doubled)","i10_l2",4,-0.5,-0.46,0.519989340155582,0.998401705120578
"10 items, lambda = 2 (c doubled)","i10_l2",4,-0.5,-0.44,0.529964051764572,0.9964086224074
"10 items, lambda = 2 (c doubled)","i10_l2",4,-0.5,-0.42,0.539914884555566,0.993627207963663
"10 items, lambda = 2 (c doubled)","i10_l2",4,-0.5,-0.4,0.549833997312478,0.99006629084744
"10 items, lambda = 2 (c doubled)","i10_l2",4,-0.5,-0.38,0.559713649267193,0.985737120364779
"10 items, lambda = 2 (c doubled)","i10_l2",4,-0.5,-0.36,0.569546223939229,0.980653290943178
"10 items, lambda = 2 (c doubled)","i10_l2",4,-0.5,-0.34,0.57932425214875,0.974830652084166
"10 items, lambda = 2 (c doubled)","i10_l2",4,-0.5,-0.32,0.589040434058665,0.968287204410578
"10 items, lambda = 2 (c doubled)","i10_l2",4,-0.5,-0.3,0.598687660112452,0.961042982966117
"10 items, lambda = 2 (c doubled)","i10_l2",4,-0.5,-0.28,0.608259030746515,0.953119929047301
"10 items, lambda = 2 (c doubled)","i10_l2",4,-0.5,-0.26,0.617747874769249,0.944541751949301
"10 items, lambda = 2 (c doubled)","i10_l2",4,-0.5,-0.24,0.627147766313196,0.93533378208626
"10 items, lambda = 2 (c doubled)","i10_l2",4,-0.5,-0.22,0.636452540281566,0.92552281700283
"10 items, lambda = 2 (c doubled)","i10_l2",4,-0.5,-0.2,0.645656306225796,0.915136961826629
"10 items, lambda = 2 (c doubled)","i10_l2",4,-0.5,-0.18,0.654753460606319,0.904205465721473
"10 items, lambda = 2 (c doubled)","i10_l2",4,-0.5,-0.16,0.663738697404353,0.892758555889304
"10 items, lambda = 2 (c doubled)","i10_l2",4,-0.5,-0.14,0.67260701706776,0.88082727063588
"10 items, lambda = 2 (c doubled)","i10_l2",4,-0.5,-0.12,0.681353733789026,0.868443292963117
"10 items, lambda = 2 (c doubled)","i10_l2",4,-0.5,-0.1,0.689974481127613,0.855638786081178
"10 items, lambda = 2 (c doubled)","i10_l2",4,-0.5,-0.0800000000000001,0.698465216002539,0.842446232148263
"10 items, lambda = 2 (c doubled)","i10_l2",4,-0.5,-0.06,0.706822221093568,0.828898275447694
"10 items, lambda = 2 (c doubled)","i10_l2",4,-0.5,-0.04,0.71504210570099,0.815027571102737
"10 items, lambda = 2 (c doubled)","i10_l2",4,-0.5,-0.02,0.72312180512439,0.800866640312135
"10 items, lambda = 2 (c doubled)","i10_l2",4,-0.5,0,0.731058578630005,0.786447732965927
"10 items, lambda = 2 (c doubled)","i10_l2",4,-0.5,0.0200000000000005,0.738850006084249,0.771802698374216
"10 items, lambda = 2 (c doubled)","i10_l2",4,-0.5,0.04,0.746493983337662,0.756962864713329
"10 items, lambda = 2 (c doubled)","i10_l2",4,-0.5,0.0600000000000005,0.753988716448948,0.741958927666463
"10 items, lambda = 2 (c doubled)","i10_l2",4,-0.5,0.0800000000000001,0.76133271484291,0.726820848611336
"10 items, lambda = 2 (c doubled)","i10_l2",4,-0.5,0.0999999999999996,0.768524783499018,0.711577762587223
"10 items, lambda = 2 (c doubled)","i10_l2",4,-0.5,0.12,0.775564014269074,0.696257896159655
"10 items, lambda = 2 (c doubled)","i10_l2",4,-0.5,0.14,0.782449776423112,0.680888495194135
"10 items, lambda = 2 (c doubled)","i10_l2",4,-0.5,0.16,0.789181706522253,0.66549576245151
"10 items, lambda = 2 (c doubled)","i10_l2",4,-0.5,0.18,0.795759697715908,0.650104804827978
"10 items, lambda = 2 (c doubled)","i10_l2",4,-0.5,0.2,0.802183888558582,0.634739589982458
"10 items, lambda = 2 (c doubled)","i10_l2",4,-0.5,0.22,0.808454651438532,0.619422912023734
"10 items, lambda = 2 (c doubled)","i10_l2",4,-0.5,0.24,0.814572580707018,0.604176365869307
"10 items, lambda = 2 (c doubled)","i10_l2",4,-0.5,0.26,0.820538480592673,0.589020329837362
"10 items, lambda = 2 (c doubled)","i10_l2",4,-0.5,0.28,0.826353352980995,0.573973955992248
"10 items, lambda = 2 (c doubled)","i10_l2",4,-0.5,0.3,0.832018385133924,0.559055167732244
"10 items, lambda = 2 (c doubled)","i10_l2",4,-0.5,0.32,0.837534937419304,0.544280664085386
"10 items, lambda = 2 (c doubled)","i10_l2",4,-0.5,0.34,0.842904531114547,0.52966593016445
"10 items, lambda = 2 (c doubled)","i10_l2",4,-0.5,0.36,0.848128836343341,0.515225253224925
"10 items, lambda = 2 (c doubled)","i10_l2",4,-0.5,0.38,0.853209660198618,0.500971743769508
"10 items, lambda = 2 (c doubled)","i10_l2",4,-0.5,0.4,0.858148935099512,0.486917361148341
"10 items, lambda = 2 (c doubled)","i10_l2",4,-0.5,0.42,0.86294870742454,0.473072943115421
"10 items, lambda = 2 (c doubled)","i10_l2",4,-0.5,0.44,0.867611126457935,0.459448238817313
"10 items, lambda = 2 (c doubled)","i10_l2",4,-0.5,0.46,0.872138433680919,0.44605194471005
"10 items, lambda = 2 (c doubled)","i10_l2",4,-0.5,0.48,0.876532952434776,0.432891742923002
"10 items, lambda = 2 (c doubled)","i10_l2",4,-0.5,0.5,0.880797077977882,0.419974341614026
"10 items, lambda = 2 (c doubled)","i10_l2",4,-0.5,0.52,0.88493326795445,0.407305516887629
"10 items, lambda = 2 (c doubled)","i10_l2",4,-0.5,0.54,0.888944033288592,0.394890155876809
"10 items, lambda = 2 (c doubled)","i10_l2",4,-0.5,0.56,0.892831929513472,0.382732300618891
"10 items, lambda = 2 (c doubled)","i10_l2",4,-0.5,0.58,0.89659954854175,0.370835192385919
"10 items, lambda = 2 (c doubled)","i10_l2",4,-0.5,0.6,0.900249510880315,0.359201316160274
"10 items, lambda = 2 (c doubled)","i10_l2",4,-0.5,0.62,0.903784458289307,0.347832444976043
"10 items, lambda = 2 (c doubled)","i10_l2",4,-0.5,0.64,0.907207046882843,0.336729683875817
"10 items, lambda = 2 (c doubled)","i10_l2",4,-0.5,0.66,0.910519940666439,0.325893513260895
"10 items, lambda = 2 (c doubled)","i10_l2",4,-0.5,0.68,0.913725805504083,0.31532383143999
"10 items, lambda = 2 (c doubled)","i10_l2",4,-0.5,0.7,0.916827303506078,0.305019996207409
"10 items, lambda = 2 (c doubled)","i10_l2",4,-0.5,0.72,0.919827087827188,0.294980865306171
"10 items, lambda = 2 (c doubled)","i10_l2",4,-0.5,0.74,0.92272779786334,0.285204835654444
"10 items, lambda = 2 (c doubled)","i10_l2",4,-0.5,0.76,0.925532054833972,0.27568988123511
"10 items, lambda = 2 (c doubled)","i10_l2",4,-0.5,0.78,0.928242457736249,0.266433589568069
"10 items, lambda = 2 (c doubled)","i10_l2",4,-0.5,0.8,0.930861579656653,0.257433196703094
"10 items, lambda = 2 (c doubled)","i10_l2",4,-0.5,0.82,0.933391964424909,0.248685620687672
"10 items, lambda = 2 (c doubled)","i10_l2",4,-0.5,0.84,0.935836123594826,0.240187493479342
"10 items, lambda = 2 (c doubled)","i10_l2",4,-0.5,0.86,0.938196533736411,0.231935191285576
"10 items, lambda = 2 (c doubled)","i10_l2",4,-0.5,0.88,0.940475634023498,0.223924863326388
"10 items, lambda = 2 (c doubled)","i10_l2",4,-0.5,0.9,0.942675824101131,0.216152459025537
"10 items, lambda = 2 (c doubled)","i10_l2",4,-0.5,0.92,0.944799462217066,0.208613753645637
"10 items, lambda = 2 (c doubled)","i10_l2",4,-0.5,0.94,0.946848863601936,0.201304372390633
"10 items, lambda = 2 (c doubled)","i10_l2",4,-0.5,0.96,0.948826299082908,0.194219813006159
"10 items, lambda = 2 (c doubled)","i10_l2",4,-0.5,0.98,0.950733993915973,0.187355466914221
"10 items, lambda = 2 (c doubled)","i10_l2",4,-0.5,1,0.952574126822433,0.180706638923648
"10 items, lambda = 2 (c doubled)","i10_l2",4,-0.5,1.02,0.954348829215556,0.174268565561813
"10 items, lambda = 2 (c doubled)","i10_l2",4,-0.5,1.04,0.956060184603859,0.168036432076377
"10 items, lambda = 2 (c doubled)","i10_l2",4,-0.5,1.06,0.957710228157966,0.16200538815833
"10 items, lambda = 2 (c doubled)","i10_l2",4,-0.5,1.08,0.959300946428534,0.156170562439413
"10 items, lambda = 2 (c doubled)","i10_l2",4,-0.5,1.1,0.960834277203236,0.150527075818285
"10 items, lambda = 2 (c doubled)","i10_l2",4,-0.5,1.12,0.962312109491394,0.145070053670469
"10 items, lambda = 2 (c doubled)","i10_l2",4,-0.5,1.14,0.963736283625352,0.13979463699739
"10 items, lambda = 2 (c doubled)","i10_l2",4,-0.5,1.16,0.965108591468263,0.134695992569633
"10 items, lambda = 2 (c doubled)","i10_l2",4,-0.5,1.18,0.966430776718518,0.129769322119042
"10 items, lambda = 2 (c doubled)","i10_l2",4,-0.5,1.2,0.96770453530155,0.125009870633446
"10 items, lambda = 2 (c doubled)","i10_l2",4,-0.5,1.22,0.968931515840333,0.120412933806752
"10 items, lambda = 2 (c doubled)","i10_l2",4,-0.5,1.24,0.970113320196364,0.115973864695804
"10 items, lambda = 2 (c doubled)","i10_l2",4,-0.5,1.26,0.97125150407346,0.111688079634007
"10 items, lambda = 2 (c doubled)","i10_l2",4,-0.5,1.28,0.972347577677177,0.107551063450013
"10 items, lambda = 2 (c doubled)","i10_l2",4,-0.5,1.3,0.973403006423134,0.103558374038152
"10 items, lambda = 2 (c doubled)","i10_l2",4,-0.5,1.32,0.974419211687992,0.0997056463253754
"10 items, lambda = 2 (c doubled)","i10_l2",4,-0.5,1.34,0.97539757159726,0.0959885956777104
"10 items, lambda = 2 (c doubled)","i10_l2",4,-0.5,1.36,0.976339421844539,0.092403020787242
"10 items, lambda = 2 (c doubled)","i10_l2",4,-0.5,1.38,0.977246056537196,0.0889448060787826
"10 items, lambda = 2 (c doubled)","i10_l2",4,-0.5,1.4,0.978118729063869,0.0856099236734009
"10 items, lambda = 2 (c doubled)","i10_l2",4,-0.5,1.42,0.978958652979532,0.0823944349441303
"10 items, lambda = 2 (c doubled)","i10_l2",4,-0.5,1.44,0.979767002904215,0.0792944916972294
"10 items, lambda = 2 (c doubled)","i10_l2",4,-0.5,1.46,0.980544915431807,0.0763063370105503
"10 items, lambda = 2 (c doubled)","i10_l2",4,-0.5,1.48,0.981293490045645,0.0734263057587286
"10 items, lambda = 2 (c doubled)","i10_l2",4,-0.5,1.5,0.982013790037908,0.0706508248531644
"10 items, lambda = 2 (c doubled)","i10_l2",4,-0.5,1.52,0.982706843430095,0.0679764132230165
"10 items, lambda = 2 (c doubled)","i10_l2",4,-0.5,1.54,0.983373643892118,0.0653996815618223
"10 items, lambda = 2 (c doubled)","i10_l2",4,-0.5,1.56,0.984015151657797,0.0629173318627175
"10 items, lambda = 2 (c doubled)","i10_l2",4,-0.5,1.58,0.984632294434724,0.0605261567637382
"10 items, lambda = 2 (c doubled)","i10_l2",4,-0.5,1.6,0.985225968306727,0.0582230387231969
"10 items, lambda = 2 (c doubled)","i10_l2",4,-0.5,1.62,0.985797038627309,0.056004949043748
"10 items, lambda = 2 (c doubled)","i10_l2",4,-0.5,1.64,0.986346340902649,0.0538689467624171
"10 items, lambda = 2 (c doubled)","i10_l2",4,-0.5,1.66,0.986874681662897,0.0518121774226102
"10 items, lambda = 2 (c doubled)","i10_l2",4,-0.5,1.68,0.987382839320661,0.0498318717429218
"10 items, lambda = 2 (c doubled)","i10_l2",4,-0.5,1.7,0.987871565015726,0.0479253441964261
"10 items, lambda = 2 (c doubled)","i10_l2",4,-0.5,1.72,0.988341583445167,0.046089991513068
"10 items, lambda = 2 (c doubled)","i10_l2",4,-0.5,1.74,0.988793593678157,0.0443232911167706
"10 items, lambda = 2 (c doubled)","i10_l2",4,-0.5,1.76,0.989228269954858,0.0426227995079045
"10 items, lambda = 2 (c doubled)","i10_l2",4,-0.5,1.78,0.989646262468908,0.0409861506009159
"10 items, lambda = 2 (c doubled)","i10_l2",4,-0.5,1.8,0.990048198133096,0.0394110540260245
"10 items, lambda = 2 (c doubled)","i10_l2",4,-0.5,1.82,0.990434681327908,0.0378952934031719
"10 items, lambda = 2 (c doubled)","i10_l2",4,-0.5,1.84,0.990806294632712,0.0364367245956301
"10 items, lambda = 2 (c doubled)","i10_l2",4,-0.5,1.86,0.991163599539392,0.03503327395003
"10 items, lambda = 2 (c doubled)","i10_l2",4,-0.5,1.88,0.991507137148356,0.0336829365289098
"10 items, lambda = 2 (c doubled)","i10_l2",4,-0.5,1.9,0.99183742884684,0.0323837743413179
"10 items, lambda = 2 (c doubled)","i10_l2",4,-0.5,1.92,0.992154976969544,0.0311339145764295
"10 items, lambda = 2 (c doubled)","i10_l2",4,-0.5,1.94,0.992460265441627,0.0299315478446508
"10 items, lambda = 2 (c doubled)","i10_l2",4,-0.5,1.96,0.992753760404169,0.0287749264302051
"10 items, lambda = 2 (c doubled)","i10_l2",4,-0.5,1.98,0.993035910822238,0.0276623625587453
"10 items, lambda = 2 (c doubled)","i10_l2",4,-0.5,2,0.993307149075715,0.0265922266831601
"10 items, lambda = 2 (c doubled)","i10_l2",4,-0.5,2.02,0.993567891533081,0.0255629457903543
"10 items, lambda = 2 (c doubled)","i10_l2",4,-0.5,2.04,0.993818539108389,0.0245730017314263
"10 items, lambda = 2 (c doubled)","i10_l2",4,-0.5,2.06,0.99405947780166,0.0236209295774053
"10 items, lambda = 2 (c doubled)","i10_l2",4,-0.5,2.08,0.994291079222977,0.0227053160023405
"10 items, lambda = 2 (c doubled)","i10_l2",4,-0.5,2.1,0.99451370110055,0.0218247976953456
"10 items, lambda = 2 (c doubled)","i10_l2",4,-0.5,2.12,0.994727687773051,0.020978059802921
"10 items, lambda = 2 (c doubled)","i10_l2",4,-0.5,2.14,0.994933370666534,0.020163834402654
"10 items, lambda = 2 (c doubled)","i10_l2",4,-0.5,2.16,0.995131068756241,0.0193808990092088
"10 items, lambda = 2 (c doubled)","i10_l2",4,-0.5,2.18,0.995321089013649,0.0186280751133303
"10 items, lambda = 2 (c doubled)","i10_l2",4,-0.5,2.2,0.995503726839059,0.0179042267544134
"10 items, lambda = 2 (c doubled)","i10_l2",4,-0.5,2.22,0.995679266480088,0.0172082591270473
"10 items, lambda = 2 (c doubled)","i10_l2",4,-0.5,2.24,0.995847981436399,0.0165391172217929
"10 items, lambda = 2 (c doubled)","i10_l2",4,-0.5,2.26,0.996010134851006,0.0158957845003475
"10 items, lambda = 2 (c doubled)","i10_l2",4,-0.5,2.28,0.996165979888503,0.015277281605128
"10 items, lambda = 2 (c doubled)","i10_l2",4,-0.5,2.3,0.996315760100564,0.0146826651031972
"10 items, lambda = 2 (c doubled)","i10_l2",4,-0.5,2.32,0.996459709779054,0.0141110262643918
"10 items, lambda = 2 (c doubled)","i10_l2",4,-0.5,2.34,0.996598054297083,0.0135614898734068
"10 items, lambda = 2 (c doubled)","i10_l2",4,-0.5,2.36,0.996731010438361,0.0130332130755379
"10 items, lambda = 2 (c doubled)","i10_l2",4,-0.5,2.38,0.996858786715171,0.0125253842557145
"10 items, lambda = 2 (c doubled)","i10_l2",4,-0.5,2.4,0.996981583675292,0.0120372219503963
"10 items, lambda = 2 (c doubled)","i10_l2",4,-0.5,2.42,0.997099594198216,0.0115679737918767
"10 items, lambda = 2 (c doubled)","i10_l2",4,-0.5,2.44,0.997213003780958,0.011116915484469
"10 items, lambda = 2 (c doubled)","i10_l2",4,-0.5,2.46,0.997321990813787,0.0106833498120461
"10 items, lambda = 2 (c doubled)","i10_l2",4,-0.5,2.48,0.99742672684619,0.0102666056763447
"10 items, lambda = 2 (c doubled)","i10_l2",4,-0.5,2.5,0.997527376843365,0.00986603716543972
"10 items, lambda = 2 (c doubled)","i10_l2",4,-0.5,2.52,0.997624099433555,0.00948102265177342
"10 items, lambda = 2 (c doubled)","i10_l2",4,-0.5,2.54,0.997717047146497,0.00911096391908671
"10 items, lambda = 2 (c doubled)","i10_l2",4,-0.5,2.56,0.997806366643291,0.00875528531762032
"10 items, lambda = 2 (c doubled)","i10_l2",4,-0.5,2.58,0.997892198937957,0.00841343294690474
"10 items, lambda = 2 (c doubled)","i10_l2",4,-0.5,2.6,0.99797467961095,0.0080848738654864
"10 items, lambda = 2 (c doubled)","i10_l2",4,-0.5,2.62,0.998053939014914,0.00776909532691192
"10 items, lambda = 2 (c doubled)","i10_l2",4,-0.5,2.64,0.998130102472916,0.00746560404128925
"10 items, lambda = 2 (c doubled)","i10_l2",4,-0.5,2.66,0.998203290469422,0.0071739254617646
"10 items, lambda = 2 (c doubled)","i10_l2",4,-0.5,2.68,0.998273618834263,0.00689360309523115
"10 items, lambda = 2 (c doubled)","i10_l2",4,-0.5,2.7,0.998341198919826,0.00662419783660351
"10 items, lambda = 2 (c doubled)","i10_l2",4,-0.5,2.72,0.998406137771697,0.00636528732600093
"10 items, lambda = 2 (c doubled)","i10_l2",4,-0.5,2.74,0.998468538292997,0.00611646532817336
"10 items, lambda = 2 (c doubled)","i10_l2",4,-0.5,2.76,0.99852849940261,0.00587734113352569
"10 items, lambda = 2 (c doubled)","i10_l2",4,-0.5,2.78,0.998586116187539,0.00564753898010208
"10 items, lambda = 2 (c doubled)","i10_l2",4,-0.5,2.8,0.998641480049571,0.00542669749589277
"10 items, lambda = 2 (c doubled)","i10_l2",4,-0.5,2.82,0.998694678846473,0.00521446916085216
"10 items, lambda = 2 (c doubled)","i10_l2",4,-0.5,2.84,0.998745797027903,0.00501051978800667
"10 items, lambda = 2 (c doubled)","i10_l2",4,-0.5,2.86,0.998794915766221,0.00481452802307384
"10 items, lambda = 2 (c doubled)","i10_l2",4,-0.5,2.88,0.99884211308239,0.00462618486198272
"10 items, lambda = 2 (c doubled)","i10_l2",4,-0.5,2.9,0.99888746396714,0.0044451931857432
"10 items, lambda = 2 (c doubled)","i10_l2",4,-0.5,2.92,0.998931040497558,0.00427126731209661
"10 items, lambda = 2 (c doubled)","i10_l2",4,-0.5,2.94,0.998972911949289,0.00410413256339034
"10 items, lambda = 2 (c doubled)","i10_l2",4,-0.5,2.96,0.999013144904479,0.00394352485016573
"10 items, lambda = 2 (c doubled)","i10_l2",4,-0.5,2.98,0.999051803355646,0.00378919026990954
"10 items, lambda = 2 (c doubled)","i10_l2",4,-0.5,3,0.999088948805599,0.00364088472048714
"10 items, lambda = 2 (c doubled)","i10_l2",4,-0.5,3.02,0.999124640363571,0.00349837352774514
"10 items, lambda = 2 (c doubled)","i10_l2",4,-0.5,3.04,0.999158934837691,0.00336143108680645
"10 items, lambda = 2 (c doubled)","i10_l2",4,-0.5,3.06,0.999191886823944,0.00322984051660319
"10 items, lambda = 2 (c doubled)","i10_l2",4,-0.5,3.08,0.999223548791729,0.00310339332716768
"10 items, lambda = 2 (c doubled)","i10_l2",4,-0.5,3.1,0.999253971166163,0.00298188909926304
"10 items, lambda = 2 (c doubled)","i10_l2",4,-0.5,3.12,0.999283202407234,0.00286513517590977
"10 items, lambda = 2 (c doubled)","i10_l2",4,-0.5,3.14,0.999311289085927,0.00275294636540054
"10 items, lambda = 2 (c doubled)","i10_l2",4,-0.5,3.16,0.999338275957443,0.00264514465539374
"10 items, lambda = 2 (c doubled)","i10_l2",4,-0.5,3.18,0.999364206031605,0.00254155893769978
"10 items, lambda = 2 (c doubled)","i10_l2",4,-0.5,3.2,0.999389120640566,0.00244202474337039
"10 items, lambda = 2 (c doubled)","i10_l2",4,-0.5,3.22,0.999413059503919,0.00234638398773931
"10 items, lambda = 2 (c doubled)","i10_l2",4,-0.5,3.24,0.999436060791308,0.00225448472504457
"10 items, lambda = 2 (c doubled)","i10_l2",4,-0.5,3.26,0.999458161182623,0.00216618091229333
"10 items, lambda = 2 (c doubled)","i10_l2",4,-0.5,3.28,0.999479395925889,0.00208133218203576
"10 items, lambda = 2 (c doubled)","i10_l2",4,-0.5,3.3,0.99949979889292,0.00199980362372787
"10 items, lambda = 2 (c doubled)","i10_l2",4,-0.5,3.32,0.99951940263283,0.00192146557336352
"10 items, lambda = 2 (c doubled)","i10_l2",4,-0.5,3.34,0.999538238423476,0.00184619341108267
"10 items, lambda = 2 (c doubled)","i10_l2",4,-0.5,3.36,0.999556336320926,0.00177386736645638
"10 items, lambda = 2 (c doubled)","i10_l2",4,-0.5,3.38,0.999573725207005,0.00170437233118368
"10 items, lambda = 2 (c doubled)","i10_l2",4,-0.5,3.4,0.999590432835014,0.00163759767889378
"10 items, lambda = 2 (c doubled)","i10_l2",4,-0.5,3.42,0.999606485873673,0.00157343709183592
"10 items, lambda = 2 (c doubled)","i10_l2",4,-0.5,3.44,0.999621909949373,0.00151178839416225
"10 items, lambda = 2 (c doubled)","i10_l2",4,-0.5,3.46,0.999636729686782,0.00145255339159072
"10 items, lambda = 2 (c doubled)","i10_l2",4,-0.5,3.48,0.99965096874789,0.00139563771717998
"10 items, lambda = 2 (c doubled)","i10_l2",4,-0.5,3.5,0.999664649869534,0.00134095068302547
"10 items, lambda = 2 (c doubled)","i10_l2",4,-0.5,3.52,0.999677794899469,0.00128840513761785
"10 items, lambda = 2 (c doubled)","i10_l2",4,-0.5,3.54,0.999690424831044,0.00123791732868138
"10 items, lambda = 2 (c doubled)","i10_l2",4,-0.5,3.56,0.999702559836532,0.00118940677126951
"10 items, lambda = 2 (c doubled)","i10_l2",4,-0.5,3.58,0.999714219299158,0.00114279612093192
"10 items, lambda = 2 (c doubled)","i10_l2",4,-0.5,3.6,0.999725421843899,0.00109801105175051
"10 items, lambda = 2 (c doubled)","i10_l2",4,-0.5,3.62,0.999736185367072,0.00105498013907077
"10 items, lambda = 2 (c doubled)","i10_l2",4,-0.5,3.64,0.999746527064784,0.00101363474675042
"10 items, lambda = 2 (c doubled)","i10_l2",4,-0.5,3.66,0.999756463460268,0.00097390891874181
"10 items, lambda = 2 (c doubled)","i10_l2",4,-0.5,3.68,0.999766010430164,0.000935739274869726
"10 items, lambda = 2 (c doubled)","i10_l2",4,-0.5,3.7,0.999775183229767,0.00089906491061264
"10 items, lambda = 2 (c doubled)","i10_l2",4,-0.5,3.72,0.999783996517303,0.00086382730076813
"10 items, lambda = 2 (c doubled)","i10_l2",4,-0.5,3.74,0.999792464377258,0.00082997020683097
"10 items, lambda = 2 (c doubled)","i10_l2",4,-0.5,3.76,0.999800600342789,0.000797439587951026
"10 items, lambda = 2 (c doubled)","i10_l2",4,-0.5,3.78,0.999808417417279,0.000766183515340904
"10 items, lambda = 2 (c doubled)","i10_l2",4,-0.5,3.8,0.999815928095037,0.000736152089988772
"10 items, lambda = 2 (c doubled)","i10_l2",4,-0.5,3.82,0.9998231443812,0.000707297363560344
"10 items, lambda = 2 (c doubled)","i10_l2",4,-0.5,3.84,0.999830077810858,0.00067957326236487
"10 items, lambda = 2 (c doubled)","i10_l2",4,-0.5,3.86,0.999836739467432,0.000652935514266419
"10 items, lambda = 2 (c doubled)","i10_l2",4,-0.5,3.88,0.999843140000333,0.000627341578429008
"10 items, lambda = 2 (c doubled)","i10_l2",4,-0.5,3.9,0.99984928964194,0.00060275057779066
"10 items, lambda = 2 (c doubled)","i10_l2",4,-0.5,3.92,0.999855198223908,0.000579123234149659
"10 items, lambda = 2 (c doubled)","i10_l2",4,-0.5,3.94,0.999860875192843,0.000556421805778574
"10 items, lambda = 2 (c doubled)","i10_l2",4,-0.5,3.96,0.999866329625366,0.000534610027457866
"10 items, lambda = 2 (c doubled)","i10_l2",4,-0.5,3.98,0.999871570242587,0.000513653052842114
"10 items, lambda = 2 (c doubled)","i10_l2",4,-0.5,4,0.999876605424014,0.000493517399059721
"10 items, lambda = 2 (c doubled)","i10_l2",5,-0.166666666666667,-4,0.000467956725632936,0.00187095096854348
"10 items, lambda = 2 (c doubled)","i10_l2",5,-0.166666666666667,-3.98,0.000487045100464897,0.00194723155014004
"10 items, lambda = 2 (c doubled)","i10_l2",5,-0.166666666666667,-3.96,0.000506911712355724,0.0020266190114864
"10 items, lambda = 2 (c doubled)","i10_l2",5,-0.166666666666667,-3.94,0.000527588257323481,0.00210923963181686
"10 items, lambda = 2 (c doubled)","i10_l2",5,-0.166666666666667,-3.92,0.000549107719564731,0.00219522480110818
"10 items, lambda = 2 (c doubled)","i10_l2",5,-0.166666666666667,-3.9,0.000571504423580431,0.00228471122509704
"10 items, lambda = 2 (c doubled)","i10_l2",5,-0.166666666666667,-3.88,0.000594814088392141,0.00237784113836957
"10 items, lambda = 2 (c doubled)","i10_l2",5,-0.166666666666667,-3.86,0.00061907388393073,0.00247476252582786
"10 items, lambda = 2 (c doubled)","i10_l2",5,-0.166666666666667,-3.84,0.000644322489682959,0.00257562935284899
"10 items, lambda = 2 (c doubled)","i10_l2",5,-0.166666666666667,-3.82,0.000670600155684459,0.00268060180446262
"10 items, lambda = 2 (c doubled)","i10_l2",5,-0.166666666666667,-3.8,0.000697948765950992,0.0027898465338844
"10 items, lambda = 2 (c doubled)","i10_l2",5,-0.166666666666667,-3.78,0.000726411904443251,0.00290353692075334
"10 items, lambda = 2 (c doubled)","i10_l2",5,-0.166666666666667,-3.76,0.000756034923664075,0.0030218533394331
"10 items, lambda = 2 (c doubled)","i10_l2",5,-0.166666666666667,-3.74,0.000786865015990511,0.00314498343774849
"10 items, lambda = 2 (c doubled)","i10_l2",5,-0.166666666666667,-3.72,0.000818951287847034,0.00327312242654067
"10 items, lambda = 2 (c doubled)","i10_l2",5,-0.166666666666667,-3.7,0.000852344836830033,0.00340647338043665
"10 items, lambda = 2 (c doubled)","i10_l2",5,-0.166666666666667,-3.68,0.000887098831897779,0.0035452475502409
"10 items, lambda = 2 (c doubled)","i10_l2",5,-0.166666666666667,-3.66,0.000923268596744156,0.00368966468736969
"10 items, lambda = 2 (c doubled)","i10_l2",5,-0.166666666666667,-3.64,0.000960911696478742,0.00383995338076125
"10 items, lambda = 2 (c doubled)","i10_l2",5,-0.166666666666667,-3.62,0.00100008802774024,0.00399635140670805
"10 items, lambda = 2 (c doubled)","i10_l2",5,-0.166666666666667,-3.6,0.00104085991237474,0.0041591060920702
"10 items, lambda = 2 (c doubled)","i10_l2",5,-0.166666666666667,-3.58,0.00108329219481498,0.00432847469134254
"10 items, lambda = 2 (c doubled)","i10_l2",5,-0.166666666666667,-3.56,0.00112745234330158,0.00450472477806066
"10 items, lambda = 2 (c doubled)","i10_l2",5,-0.166666666666667,-3.54,0.00117341055509208,0.00468813465104513
"10 items, lambda = 2 (c doubled)","i10_l2",5,-0.166666666666667,-3.52,0.00122123986580877,0.00487899375599572
"10 items, lambda = 2 (c doubled)","i10_l2",5,-0.166666666666667,-3.5,0.00127101626308136,0.00507760312296137
"10 items, lambda = 2 (c doubled)","i10_l2",5,-0.166666666666667,-3.48,0.00132281880464599,0.00528427582022426
"10 items, lambda = 2 (c doubled)","i10_l2",5,-0.166666666666667,-3.46,0.00137672974106746,0.0054993374251501
"10 items, lambda = 2 (c doubled)","i10_l2",5,-0.166666666666667,-3.44,0.00143283464325711,0.00572312651256877
"10 items, lambda = 2 (c doubled)","i10_l2",5,-0.166666666666667,-3.42,0.00149122253496455,0.00595599516126307
"10 items, lambda = 2 (c doubled)","i10_l2",5,-0.166666666666667,-3.4,0.00155198603042733,0.00619830947915477
"10 items, lambda = 2 (c doubled)","i10_l2",5,-0.166666666666667,-3.38,0.0016152214773684,0.00645045014778978
"10 items, lambda = 2 (c doubled)","i10_l2",5,-0.166666666666667,-3.36,0.00168102910553745,0.00671281298673514
"10 items, lambda = 2 (c doubled)","i10_l2",5,-0.166666666666667,-3.34,0.00174951318099849,0.006985809538512
"10 items, lambda = 2 (c doubled)","i10_l2",5,-0.166666666666667,-3.32,0.00182078216637191,0.00726986767469813
"10 items, lambda = 2 (c doubled)","i10_l2",5,-0.166666666666667,-3.3,0.00189494888724625,0.00756543222384389
"10 items, lambda = 2 (c doubled)","i10_l2",5,-0.166666666666667,-3.28,0.00197213070498077,0.00787296562185298
"10 items, lambda = 2 (c doubled)","i10_l2",5,-0.166666666666667,-3.26,0.00205244969612703,0.0081929485854876
"10 items, lambda = 2 (c doubled)","i10_l2",5,-0.166666666666667,-3.24,0.00213603283870378,0.00852588080966304
"10 items, lambda = 2 (c doubled)","i10_l2",5,-0.166666666666667,-3.22,0.00222301220556665,0.0088722816892022
"10 items, lambda = 2 (c doubled)","i10_l2",5,-0.166666666666667,-3.2,0.00231352516512039,0.009232691065723
"10 items, lambda = 2 (c doubled)","i10_l2",5,-0.166666666666667,-3.18,0.00240771458962858,0.00960767000033389
"10 items, lambda = 2 (c doubled)","i10_l2",5,-0.166666666666667,-3.16,0.002505729071382,0.00999780157281131
"10 items, lambda = 2 (c doubled)","i10_l2",5,-0.166666666666667,-3.14,0.00260772314699408,0.0104036917079309
"10 items, lambda = 2 (c doubled)","i10_l2",5,-0.166666666666667,-3.12,0.00271385753009825,0.0108259700296183
"10 items, lambda = 2 (c doubled)","i10_l2",5,-0.166666666666667,-3.1,0.00282429935272847,0.0112652907435786
"10 items, lambda = 2 (c doubled)","i10_l2",5,-0.166666666666667,-3.08,0.00293922241567137,0.0117223335490503
"10 items, lambda = 2 (c doubled)","i10_l2",5,-0.166666666666667,-3.06,0.00305880744808399,0.0121978045803182
"10 items, lambda = 2 (c doubled)","i10_l2",5,-0.166666666666667,-3.04,0.00318324237667821,0.0126924373785981
"10 items, lambda = 2 (c doubled)","i10_l2",5,-0.166666666666667,-3.02,0.00331272260477817,0.0132069938948879
"10 items, lambda = 2 (c doubled)","i10_l2",5,-0.166666666666667,-3,0.00344745130156357,0.0137422655243477
"10 items, lambda = 2 (c doubled)","i10_l2",5,-0.166666666666667,-2.98,0.00358763970181651,0.0142990741727458
"10 items, lambda = 2 (c doubled)","i10_l2",5,-0.166666666666667,-2.96,0.00373350741649537,0.0148782733554654
"10 items, lambda = 2 (c doubled)","i10_l2",5,-0.166666666666667,-2.94,0.00388528275446328,0.0154807493295246
"10 items, lambda = 2 (c doubled)","i10_l2",5,-0.166666666666667,-2.92,0.00404320305570373,0.0161074222590163
"10 items, lambda = 2 (c doubled)","i10_l2",5,-0.166666666666667,-2.9,0.00420751503635901,0.0167592474143113
"10 items, lambda = 2 (c doubled)","i10_l2",5,-0.166666666666667,-2.88,0.00437847514593086,0.0174372164053093
"10 items, lambda = 2 (c doubled)","i10_l2",5,-0.166666666666667,-2.86,0.00455634993698456,0.0181423584489452
"10 items, lambda = 2 (c doubled)","i10_l2",5,-0.166666666666667,-2.84,0.00474141644770018,0.0188757416710786
"10 items, lambda = 2 (c doubled)","i10_l2",5,-0.166666666666667,-2.82,0.00493396259761456,0.0196384744427996
"10 items, lambda = 2 (c doubled)","i10_l2",5,-0.166666666666667,-2.8,0.00513428759689842,0.020431706751083
"10 items, lambda = 2 (c doubled)","i10_l2",5,-0.166666666666667,-2.78,0.00534270236951087,0.0212566316036068
"10 items, lambda = 2 (c doubled)","i10_l2",5,-0.166666666666667,-2.76,0.0055595299905718,0.0221144864674229
"10 items, lambda = 2 (c doubled)","i10_l2",5,-0.166666666666667,-2.74,0.00578510613828835,0.0230065547410283
"10 items, lambda = 2 (c doubled)","i10_l2",5,-0.166666666666667,-2.72,0.00601977956076662,0.0239341672592256
"10 items, lambda = 2 (c doubled)","i10_l2",5,-0.166666666666667,-2.7,0.00626391255803281,0.0248987038299925
"10 items, lambda = 2 (c doubled)","i10_l2",5,-0.166666666666667,-2.68,0.00651788147957908,0.025901594802389
"10 items, lambda = 2 (c doubled)","i10_l2",5,-0.166666666666667,-2.66,0.00678207723773883,0.0269443226643207
"10 items, lambda = 2 (c doubled)","i10_l2",5,-0.166666666666667,-2.64,0.00705690583718326,0.0280284236687536
"10 items, lambda = 2 (c doubled)","i10_l2",5,-0.166666666666667,-2.62,0.00734278892081532,0.0291554894867187
"10 items, lambda = 2 (c doubled)","i10_l2",5,-0.166666666666667,-2.6,0.00764016433231996,0.0303271688851804
"10 items, lambda = 2 (c doubled)","i10_l2",5,-0.166666666666667,-2.58,0.00794948669560803,0.0315451694275375
"10 items, lambda = 2 (c doubled)","i10_l2",5,-0.166666666666667,-2.56,0.00827122801136806,0.0328112591942081
"10 items, lambda = 2 (c doubled)","i10_l2",5,-0.166666666666667,-2.54,0.00860587827091222,0.0341272685203938
"10 items, lambda = 2 (c doubled)","i10_l2",5,-0.166666666666667,-2.52,0.00895394608747229,0.0354950917477397
"10 items, lambda = 2 (c doubled)","i10_l2",5,-0.166666666666667,-2.5,0.00931595934506669,0.036916688986191
"10 items, lambda = 2 (c doubled)","i10_l2",5,-0.166666666666667,-2.48,0.00969246586501965,0.0383940878819003
"10 items, lambda = 2 (c doubled)","i10_l2",5,-0.166666666666667,-2.46,0.0100840340901709,0.0399293853865568
"10 items, lambda = 2 (c doubled)","i10_l2",5,-0.166666666666667,-2.44,0.0104912537867646,0.041524749522985
"10 items, lambda = 2 (c doubled)","i10_l2",5,-0.166666666666667,-2.42,0.0109147367639513,0.0431824211412999
"10 items, lambda = 2 (c doubled)","i10_l2",5,-0.166666666666667,-2.4,0.0113551176107796,0.0449047156592999
"10 items, lambda = 2 (c doubled)","i10_l2",5,-0.166666666666667,-2.38,0.0118130544504826,0.0466940247801303
"10 items, lambda = 2 (c doubled)","i10_l2",5,-0.166666666666667,-2.36,0.0122892297117968,0.0485528181795499
"10 items, lambda = 2 (c doubled)","i10_l2",5,-0.166666666666667,-2.34,0.0127843509169663,0.0504836451543928
"10 items, lambda = 2 (c doubled)","i10_l2",5,-0.166666666666667,-2.32,0.0132991514860003,0.0524891362230109
"10 items, lambda = 2 (c doubled)","i10_l2",5,-0.166666666666667,-2.3,0.0138343915566525,0.0545720046676389
"10 items, lambda = 2 (c doubled)","i10_l2",5,-0.166666666666667,-2.28,0.0143908588194889,0.0567350480077059
"10 items, lambda = 2 (c doubled)","i10_l2",5,-0.166666666666667,-2.26,0.0149693693672945,0.05898114939216
"10 items, lambda = 2 (c doubled)","i10_l2",5,-0.166666666666667,-2.24,0.0155707685579437,0.0613132788978344
"10 items, lambda = 2 (c doubled)","i10_l2",5,-0.166666666666667,-2.22,0.0161959318897275,0.0637344947198032
"10 items, lambda = 2 (c doubled)","i10_l2",5,-0.166666666666667,-2.2,0.0168457658879809,0.066247944238513
"10 items, lambda = 2 (c doubled)","i10_l2",5,-0.166666666666667,-2.18,0.0175212090016975,0.0688568649472652
"10 items, lambda = 2 (c doubled)","i10_l2",5,-0.166666666666667,-2.16,0.0182232325086472,0.0715645852223321
"10 items, lambda = 2 (c doubled)","i10_l2",5,-0.166666666666667,-2.14,0.0189528414273305,0.074374524916644
"10 items, lambda = 2 (c doubled)","i10_l2",5,-0.166666666666667,-2.12,0.019711075433901,0.0772901957565603
"10 items, lambda = 2 (c doubled)","i10_l2",5,-0.166666666666667,-2.1,0.0204990097819817,0.0803152015197598
"10 items, lambda = 2 (c doubled)","i10_l2",5,-0.166666666666667,-2.08,0.0213177562230677,0.0834532379707261
"10 items, lambda = 2 (c doubled)","i10_l2",5,-0.166666666666667,-2.06,0.0221684639249677,0.0867080925287005
"10 items, lambda = 2 (c doubled)","i10_l2",5,-0.166666666666667,-2.04,0.0230523203854769,0.090083643641289
"10 items, lambda = 2 (c doubled)","i10_l2",5,-0.166666666666667,-2.02,0.0239705523381954,0.0935838598351889
"10 items, lambda = 2 (c doubled)","i10_l2",5,-0.166666666666667,-2,0.024924426647114,0.0972127984137067
"10 items, lambda = 2 (c doubled)","i10_l2",5,-0.166666666666667,-1.98,0.0259152511862767,0.100974603768916
"10 items, lambda = 2 (c doubled)","i10_l2",5,-0.166666666666667,-1.96,0.0269443757004958,0.104873505274425
"10 items, lambda = 2 (c doubled)","i10_l2",5,-0.166666666666667,-1.94,0.0280131926427497,0.10891381472284
"10 items, lambda = 2 (c doubled)","i10_l2",5,-0.166666666666667,-1.92,0.0291231379835216,0.113099923270058
"10 items, lambda = 2 (c doubled)","i10_l2",5,-0.166666666666667,-1.9,0.0302756919869505,0.117436297846647
"10 items, lambda = 2 (c doubled)","i10_l2",5,-0.166666666666667,-1.88,0.0314723799482581,0.121927476994603
"10 items, lambda = 2 (c doubled)","i10_l2",5,-0.166666666666667,-1.86,0.0327147728864904,0.126578066085903
"10 items, lambda = 2 (c doubled)","i10_l2",5,-0.166666666666667,-1.84,0.0340044881861637,0.131392731877443
"10 items, lambda = 2 (c doubled)","i10_l2",5,-0.166666666666667,-1.82,0.0353431901809475,0.136376196355124
"10 items, lambda = 2 (c doubled)","i10_l2",5,-0.166666666666667,-1.8,0.0367325906720298,0.141533229818203
"10 items, lambda = 2 (c doubled)","i10_l2",5,-0.166666666666667,-1.78,0.0381744493733179,0.146868643153447
"10 items, lambda = 2 (c doubled)","i10_l2",5,-0.166666666666667,-1.76,0.0396705742751146,0.152387279247189
"10 items, lambda = 2 (c doubled)","i10_l2",5,-0.166666666666667,-1.74,0.041222821917383,0.158094003482203
"10 items, lambda = 2 (c doubled)","i10_l2",5,-0.166666666666667,-1.72,0.0428330975631794,0.16399369326529
"10 items, lambda = 2 (c doubled)","i10_l2",5,-0.166666666666667,-1.7,0.0445033552622871,0.170091226530743
"10 items, lambda = 2 (c doubled)","i10_l2",5,-0.166666666666667,-1.68,0.0462355977945348,0.176391469164467
"10 items, lambda = 2 (c doubled)","i10_l2",5,-0.166666666666667,-1.66,0.0480318764817286,0.18289926129349
"10 items, lambda = 2 (c doubled)","i10_l2",5,-0.166666666666667,-1.64,0.0498942908565771,0.189619402385985
"10 items, lambda = 2 (c doubled)","i10_l2",5,-0.166666666666667,-1.62,0.051824988176444,0.196556635107822
"10 items, lambda = 2 (c doubled)","i10_l2",5,-0.166666666666667,-1.6,0.0538261627692295,0.20371562788308
"10 items, lambda = 2 (c doubled)","i10_l2",5,-0.166666666666667,-1.58,0.0559000551981642,0.211100956108026
"10 items, lambda = 2 (c doubled)","i10_l2",5,-0.166666666666667,-1.56,0.0580489512318107,0.21871708197079
"10 items, lambda = 2 (c doubled)","i10_l2",5,-0.166666666666667,-1.54,0.0602751806051037,0.226568332832503
"10 items, lambda = 2 (c doubled)","i10_l2",5,-0.166666666666667,-1.52,0.0625811155568412,0.23465887813001
"10 items, lambda = 2 (c doubled)","i10_l2",5,-0.166666666666667,-1.5,0.0649691691286641,0.24299270476558
"10 items, lambda = 2 (c doubled)","i10_l2",5,-0.166666666666667,-1.48,0.0674417932102459,0.251573590955329
"10 items, lambda = 2 (c doubled)","i10_l2",5,-0.166666666666667,-1.46,0.070001476315172,0.260405078515474
"10 items, lambda = 2 (c doubled)","i10_l2",5,-0.166666666666667,-1.44,0.0726507410718133,0.269490443574119
"10 items, lambda = 2 (c doubled)","i10_l2",5,-0.166666666666667,-1.42,0.0753921414134325,0.278832665706118
"10 items, lambda = 2 (c doubled)","i10_l2",5,-0.166666666666667,-1.4,0.078228259451784,0.288434395499713
"10 items, lambda = 2 (c doubled)","i10_l2",5,-0.166666666666667,-1.38,0.0811617020186237,0.298297920576255
"10 items, lambda = 2 (c doubled)","i10_l2",5,-0.166666666666667,-1.36,0.0841950968598215,0.308425130098347
"10 items, lambda = 2 (c doubled)","i10_l2",5,-0.166666666666667,-1.34,0.0873310884672027,0.318817477817345
"10 items, lambda = 2 (c doubled)","i10_l2",5,-0.166666666666667,-1.32,0.0905723335338376,0.329475943728291
"10 items, lambda = 2 (c doubled)","i10_l2",5,-0.166666666666667,-1.3,0.0939214960192712,0.340400994419093
"10 items, lambda = 2 (c doubled)","i10_l2",5,-0.166666666666667,-1.28,0.097381241812153,0.351592542221104
"10 items, lambda = 2 (c doubled)","i10_l2",5,-0.166666666666667,-1.26,0.100954232978908,0.363049903290194
"10 items, lambda = 2 (c doubled)","i10_l2",5,-0.166666666666667,-1.24,0.104643121588498,0.374771754770851
"10 items, lambda = 2 (c doubled)","i10_l2",5,-0.166666666666667,-1.22,0.108450543104963,0.386756091220807
"10 items, lambda = 2 (c doubled)","i10_l2",5,-0.166666666666667,-1.2,0.112379109341357,0.399000180500001
"10 items, lambda = 2 (c doubled)","i10_l2",5,-0.166666666666667,-1.18,0.116431400970839,0.411500519355226
"10 items, lambda = 2 (c doubled)","i10_l2",5,-0.166666666666667,-1.16,0.120609959593167,0.424252788960407
"10 items, lambda = 2 (c doubled)","i10_l2",5,-0.166666666666667,-1.14,0.124917279357562,0.437251810701867
"10 items, lambda = 2 (c doubled)","i10_l2",5,-0.166666666666667,-1.12,0.129355798145967,0.450491502527949
"10 items, lambda = 2 (c doubled)","i10_l2",5,-0.166666666666667,-1.1,0.133927888324074,0.463964836212512
"10 items, lambda = 2 (c doubled)","i10_l2",5,-0.166666666666667,-1.08,0.138635847071113,0.477663795911952
"10 items, lambda = 2 (c doubled)","i10_l2",5,-0.166666666666667,-1.06,0.143481886303387,0.491579338424836
"10 items, lambda = 2 (c doubled)","i10_l2",5,-0.166666666666667,-1.04,0.148468122210715,0.505701355591756
"10 items, lambda = 2 (c doubled)","i10_l2",5,-0.166666666666667,-1.02,0.153596564429502,0.520018639299824
"10 items, lambda = 2 (c doubled)","i10_l2",5,-0.166666666666667,-1,0.158869104880915,0.534518849581008
"10 items, lambda = 2 (c doubled)","i10_l2",5,-0.166666666666667,-0.98,0.164287506307619,0.549188486315371
"10 items, lambda = 2 (c doubled)","i10_l2",5,-0.166666666666667,-0.96,0.169853390547777,0.564012865068806
"10 items, lambda = 2 (c doubled)","i10_l2",5,-0.166666666666667,-0.94,0.175568226590367,0.578976097609121
"10 items, lambda = 2 (c doubled)","i10_l2",5,-0.166666666666667,-0.92,0.181433318461338,0.594061077653778
"10 items, lambda = 2 (c doubled)","i10_l2",5,-0.166666666666667,-0.9,0.187449792995741,0.60924947240638
"10 items, lambda = 2 (c doubled)","i10_l2",5,-0.166666666666667,-0.88,0.193618587556473,0.624521720436438
"10 items, lambda = 2 (c doubled)","i10_l2",5,-0.166666666666667,-0.86,0.199940437765809,0.639857036447303
"10 items, lambda = 2 (c doubled)","i10_l2",5,-0.166666666666667,-0.84,0.206415865321267,0.655233423459758
"10 items, lambda = 2 (c doubled)","i10_l2",5,-0.166666666666667,-0.82,0.21304516597249,0.670627692912976
"10 items, lambda = 2 (c doubled)","i10_l2",5,-0.166666666666667,-0.8,0.219828397740683,0.686015493149787
"10 items, lambda = 2 (c doubled)","i10_l2",5,-0.166666666666667,-0.78,0.226765369466612,0.701371346709132
"10 items, lambda = 2 (c doubled)","i10_l2",5,-0.166666666666667,-0.76,0.233855629777124,0.716668696794675
"10 items, lambda = 2 (c doubled)","i10_l2",5,-0.166666666666667,-0.74,0.241098456563532,0.731879963224858
"10 items, lambda = 2 (c doubled)","i10_l2",5,-0.166666666666667,-0.72,0.248492847067911,0.746976608095979
"10 items, lambda = 2 (c doubled)","i10_l2",5,-0.166666666666667,-0.7,0.256037508675242,0.76192921130647
"10 items, lambda = 2 (c doubled)","i10_l2",5,-0.166666666666667,-0.68,0.263730850510377,0.776707555997801
"10 items, lambda = 2 (c doubled)","i10_l2",5,-0.166666666666667,-0.66,0.271570975938848,0.791280723865878
"10 items, lambda = 2 (c doubled)","i10_l2",5,-0.166666666666667,-0.64,0.279555676069542,0.805617200187374
"10 items, lambda = 2 (c doubled)","i10_l2",5,-0.166666666666667,-0.62,0.287682424355135,0.819684988289148
"10 items, lambda = 2 (c doubled)","i10_l2",5,-0.166666666666667,-0.6,0.295948372382838,0.833451733067147
"10 items, lambda = 2 (c doubled)","i10_l2",5,-0.166666666666667,-0.58,0.304350346943479,0.846884853035451
"10 items, lambda = 2 (c doubled)","i10_l2",5,-0.166666666666667,-0.56,0.312884848461078,0.859951680258266
"10 items, lambda = 2 (c doubled)","i10_l2",5,-0.166666666666667,-0.54,0.321548050857982,0.872619607389658
"10 items, lambda = 2 (c doubled)","i10_l2",5,-0.166666666666667,-0.52,0.330335802922225,0.884856240919816
"10 items, lambda = 2 (c doubled)","i10_l2",5,-0.166666666666667,-0.5,0.339243631234183,0.896629559604914
"10 items, lambda = 2 (c doubled)","i10_l2",5,-0.166666666666667,-0.48,0.348266744698739,0.907908076942729
"10 items, lambda = 2 (c doubled)","i10_l2",5,-0.166666666666667,-0.46,0.357400040717297,0.918661006450286
"10 items, lambda = 2 (c doubled)","i10_l2",5,-0.166666666666667,-0.44,0.366638113021046,0.928858428405651
"10 items, lambda = 2 (c doubled)","i10_l2",5,-0.166666666666667,-0.42,0.375975261173075,0.938471456635653
"10 items, lambda = 2 (c doubled)","i10_l2",5,-0.166666666666667,-0.4,0.38540550173245,0.947472403867235
"10 items, lambda = 2 (c doubled)","i10_l2",5,-0.166666666666667,-0.38,0.394922581058263,0.95583494411417
"10 items, lambda = 2 (c doubled)","i10_l2",5,-0.166666666666667,-0.36,0.404519989716252,0.963534270544861
"10 items, lambda = 2 (c doubled)","i10_l2",5,-0.166666666666667,-0.34,0.414190978435015,0.97054724727224
"10 items, lambda = 2 (c doubled)","i10_l2",5,-0.166666666666667,-0.32,0.423928575543288,0.976852553524507
"10 items, lambda = 2 (c doubled)","i10_l2",5,-0.166666666666667,-0.3,0.433725605804561,0.98243081869611
"10 items, lambda = 2 (c doubled)","i10_l2",5,-0.166666666666667,-0.28,0.44357471055059,0.987264746842201
"10 items, lambda = 2 (c doubled)","i10_l2",5,-0.166666666666667,-0.26,0.4534683690014,0.99133922926644
"10 items, lambda = 2 (c doubled)","i10_l2",5,-0.166666666666667,-0.24,0.463398920646409,0.994641443960609
"10 items, lambda = 2 (c doubled)","i10_l2",5,-0.166666666666667,-0.22,0.473358588549516,0.997160940783704
"10 items, lambda = 2 (c doubled)","i10_l2",5,-0.166666666666667,-0.2,0.483339503430589,0.998889711416242
"10 items, lambda = 2 (c doubled)","i10_l2",5,-0.166666666666667,-0.18,0.493333728366971,0.999822243290059
"10 items, lambda = 2 (c doubled)","i10_l2",5,-0.166666666666667,-0.16,0.503333283951495,0.999955556872395
"10 items, lambda = 2 (c doubled)","i10_l2",5,-0.166666666666667,-0.14,0.513330173738232,0.999289225872434
"10 items, lambda = 2 (c doubled)","i10_l2",5,-0.166666666666667,-0.12,0.52331640980385,0.997825380135436
"10 items, lambda = 2 (c doubled)","i10_l2",5,-0.166666666666667,-0.1,0.533284038251131,0.995568691190789
"10 items, lambda = 2 (c doubled)","i10_l2",5,-0.166666666666667,-0.0800000000000001,0.543225164481858,0.992526340622065
"10 items, lambda = 2 (c doubled)","i10_l2",5,-0.166666666666667,-0.06,0.553131978068951,0.988707971625922
"10 items, lambda = 2 (c doubled)","i10_l2",5,-0.166666666666667,-0.04,0.5629967770624,0.984125624319001
"10 items, lambda = 2 (c doubled)","i10_l2",5,-0.166666666666667,-0.02,0.572811991570014,0.978793655534433
"10 items, lambda = 2 (c doubled)","i10_l2",5,-0.166666666666667,0,0.582570206462315,0.972728644019083
"10 items, lambda = 2 (c doubled)","i10_l2",5,-0.166666666666667,0.0200000000000005,0.592264183060792,0.965949282096499
"10 items, lambda = 2 (c doubled)","i10_l2",5,-0.166666666666667,0.04,0.601886879680057,0.958476254996247
"10 items, lambda = 2 (c doubled)","i10_l2",5,-0.166666666666667,0.0600000000000005,0.611431470907073,0.950332109165945
"10 items, lambda = 2 (c doubled)","i10_l2",5,-0.166666666666667,0.0800000000000001,0.620891365514257,0.941541110976393
"10 items, lambda = 2 (c doubled)","i10_l2",5,-0.166666666666667,0.0999999999999996,0.630260222917751,0.932129097301671
"10 items, lambda = 2 (c doubled)","i10_l2",5,-0.166666666666667,0.12,0.639531968107232,0.922123319504489
"10 items, lambda = 2 (c doubled)","i10_l2",5,-0.166666666666667,0.14,0.648700804989077,0.911552282382402
"10 items, lambda = 2 (c doubled)","i10_l2",5,-0.166666666666667,0.16,0.657761228100293,0.90044557963315
"10 items, lambda = 2 (c doubled)","i10_l2",5,-0.166666666666667,0.18,0.666708032666123,0.888833727378364
"10 items, lambda = 2 (c doubled)","i10_l2",5,-0.166666666666667,0.2,0.675536322989454,0.876747997245368
"10 items, lambda = 2 (c doubled)","i10_l2",5,-0.166666666666667,0.22,0.684241519174862,0.864220250448556
"10 items, lambda = 2 (c doubled)","i10_l2",5,-0.166666666666667,0.24,0.692819362204203,0.851282774236657
"10 items, lambda = 2 (c doubled)","i10_l2",5,-0.166666666666667,0.26,0.701265917393862,0.837968121982428
"10 items, lambda = 2 (c doubled)","i10_l2",5,-0.166666666666667,0.28,0.709577576276054,0.824308958089018
"10 items, lambda = 2 (c doubled)","i10_l2",5,-0.166666666666667,0.3,0.71775105695774,0.810337908775148
"10 items, lambda = 2 (c doubled)","i10_l2",5,-0.166666666666667,0.32,0.725783403020772,0.796087419681439
"10 items, lambda = 2 (c doubled)","i10_l2",5,-0.166666666666667,0.34,0.733671981035663,0.781589621115474
"10 items, lambda = 2 (c doubled)","i10_l2",5,-0.166666666666667,0.36,0.741414476768936,0.766876201625524
"10 items, lambda = 2 (c doubled)","i10_l2",5,-0.166666666666667,0.38,0.749008890170233,0.751978290464756
"10 items, lambda = 2 (c doubled)","i10_l2",5,-0.166666666666667,0.4,0.756453529230404,0.73692634938108
"10 items, lambda = 2 (c doubled)","i10_l2",5,-0.166666666666667,0.42,0.763747002805456,0.721750074044555
"10 items, lambda = 2 (c doubled)","i10_l2",5,-0.166666666666667,0.44,0.770888212503825,0.70647830530593
"10 items, lambda = 2 (c doubled)","i10_l2",5,-0.166666666666667,0.46,0.777876343735772,0.691138950368156
"10 items, lambda = 2 (c doubled)","i10_l2",5,-0.166666666666667,0.48,0.784710856024013,0.675758913848294
"10 items, lambda = 2 (c doubled)","i10_l2",5,-0.166666666666667,0.5,0.791391472673955,0.660364038611615
"10 items, lambda = 2 (c doubled)","i10_l2",5,-0.166666666666667,0.52,0.79791816990032,0.644979056172976
"10 items, lambda = 2 (c doubled)","i10_l2",5,-0.166666666666667,0.54,0.804291165504474,0.629627546383714
"10 items, lambda = 2 (c doubled)","i10_l2",5,-0.166666666666667,0.56,0.810510907193624,0.61433190605517
"10 items, lambda = 2 (c doubled)","i10_l2",5,-0.166666666666667,0.58,0.81657806062926,0.599113326112865
"10 items, lambda = 2 (c doubled)","i10_l2",5,-0.166666666666667,0.6,0.822493497287926,0.583991776828009
"10 items, lambda = 2 (c doubled)","i10_l2",5,-0.166666666666667,0.62,0.828258282212653,0.568986000635193
"10 items, lambda = 2 (c doubled)","i10_l2",5,-0.166666666666667,0.64,0.833873661728349,0.554113512016415
"10 items, lambda = 2 (c doubled)","i10_l2",5,-0.166666666666667,0.66,0.839341051189117,0.539390603911461
"10 items, lambda = 2 (c doubled)","i10_l2",5,-0.166666666666667,0.68,0.844662022820002,0.524832360102497
"10 items, lambda = 2 (c doubled)","i10_l2",5,-0.166666666666667,0.7,0.849838293710153,0.510452673015876
"10 items, lambda = 2 (c doubled)","i10_l2",5,-0.166666666666667,0.72,0.854871714008749,0.49626426638597
"10 items, lambda = 2 (c doubled)","i10_l2",5,-0.166666666666667,0.74,0.859764255369613,0.482278722233393
"10 items, lambda = 2 (c doubled)","i10_l2",5,-0.166666666666667,0.76,0.86451799968492,0.468506511622819
"10 items, lambda = 2 (c doubled)","i10_l2",5,-0.166666666666667,0.78,0.86913512814324,0.454957028682696
"10 items, lambda = 2 (c doubled)","i10_l2",5,-0.166666666666667,0.8,0.873617910641987,0.441638627390064
"10 items, lambda = 2 (c doubled)","i10_l2",5,-0.166666666666667,0.82,0.877968695579577,0.428558660647492
"10 items, lambda = 2 (c doubled)","i10_l2",5,-0.166666666666667,0.84,0.88218990004793,0.415723521205412
"10 items, lambda = 2 (c doubled)","i10_l2",5,-0.166666666666667,0.86,0.886284000441678,0.403138684011096
"10 items, lambda = 2 (c doubled)","i10_l2",5,-0.166666666666667,0.88,0.890253523496345,0.390808749594751
"10 items, lambda = 2 (c doubled)","i10_l2",5,-0.166666666666667,0.9,0.894101037764082,0.378737488133094
"10 items, lambda = 2 (c doubled)","i10_l2",5,-0.166666666666667,0.92,0.897829145532023,0.366927883861043
"10 items, lambda = 2 (c doubled)","i10_l2",5,-0.166666666666667,0.94,0.901440475185246,0.355382179532177
"10 items, lambda = 2 (c doubled)","i10_l2",5,-0.166666666666667,0.96,0.904937674013448,0.344101920658315
"10 items, lambda = 2 (c doubled)","i10_l2",5,-0.166666666666667,0.98,0.908323401457895,0.33308799928742
"10 items, lambda = 2 (c doubled)","i10_l2",5,-0.166666666666667,1,0.911600322792942,0.322340697106985
"10 items, lambda = 2 (c doubled)","i10_l2",5,-0.166666666666667,1.02,0.91477110323443,0.311859727686773
"10 items, lambda = 2 (c doubled)","i10_l2",5,-0.166666666666667,1.04,0.917838402465532,0.30164427770021
"10 items, lambda = 2 (c doubled)","i10_l2",5,-0.166666666666667,1.06,0.920804869569113,0.291693046987689
"10 items, lambda = 2 (c doubled)","i10_l2",5,-0.166666666666667,1.08,0.923673138354465,0.282004287347514
"10 items, lambda = 2 (c doubled)","i10_l2",5,-0.166666666666667,1.1,0.926445823065181,0.272575839961041
"10 items, lambda = 2 (c doubled)","i10_l2",5,-0.166666666666667,1.12,0.929125514454137,0.26340517137789
"10 items, lambda = 2 (c doubled)","i10_l2",5,-0.166666666666667,1.14,0.931714776210884,0.254489408004746
"10 items, lambda = 2 (c doubled)","i10_l2",5,-0.166666666666667,1.16,0.934216141726275,0.245825369057391
"10 items, lambda = 2 (c doubled)","i10_l2",5,-0.166666666666667,1.18,0.93663211117881,0.237409597950142
"10 items, lambda = 2 (c doubled)","i10_l2",5,-0.166666666666667,1.2,0.938965148927008,0.229238392109959
"10 items, lambda = 2 (c doubled)","i10_l2",5,-0.166666666666667,1.22,0.941217681192034,0.221307831214099
"10 items, lambda = 2 (c doubled)","i10_l2",5,-0.166666666666667,1.24,0.943392094014851,0.213613803860503
"10 items, lambda = 2 (c doubled)","i10_l2",5,-0.166666666666667,1.26,0.945490731472316,0.206152032689045
"10 items, lambda = 2 (c doubled)","i10_l2",5,-0.166666666666667,1.28,0.947515894136847,0.198918097979594
"10 items, lambda = 2 (c doubled)","i10_l2",5,-0.166666666666667,1.3,0.949469837764586,0.191907459759505
"10 items, lambda = 2 (c doubled)","i10_l2",5,-0.166666666666667,1.32,0.951354772197345,0.185115478458732
"10 items, lambda = 2 (c doubled)","i10_l2",5,-0.166666666666667,1.34,0.95317286046401,0.178537434155468
"10 items, lambda = 2 (c doubled)","i10_l2",5,-0.166666666666667,1.36,0.95492621806756,0.172168544458988
"10 items, lambda = 2 (c doubled)","i10_l2",5,-0.166666666666667,1.38,0.956616912444295,0.166003981079355
"10 items, lambda = 2 (c doubled)","i10_l2",5,-0.166666666666667,1.4,0.958246962582418,0.160038885135952
"10 items, lambda = 2 (c doubled)","i10_l2",5,-0.166666666666667,1.42,0.959818338787613,0.1542683812584
"10 items, lambda = 2 (c doubled)","i10_l2",5,-0.166666666666667,1.44,0.961332962583828,0.148687590534513
"10 items, lambda = 2 (c doubled)","i10_l2",5,-0.166666666666667,1.46,0.962792706737999,0.143291642360466
"10 items, lambda = 2 (c doubled)","i10_l2",5,-0.166666666666667,1.48,0.964199395398017,0.138075685248463
"10 items, lambda = 2 (c doubled)","i10_l2",5,-0.166666666666667,1.5,0.965554804333789,0.13303489664691
"10 items, lambda = 2 (c doubled)","i10_l2",5,-0.166666666666667,1.52,0.966860661271792,0.128164491827461
"10 items, lambda = 2 (c doubled)","i10_l2",5,-0.166666666666667,1.54,0.968118646314052,0.123459731892397
"10 items, lambda = 2 (c doubled)","i10_l2",5,-0.166666666666667,1.56,0.96933039243302,0.11891593095467
"10 items, lambda = 2 (c doubled)","i10_l2",5,-0.166666666666667,1.58,0.97049748603432,0.11452846254154
"10 items, lambda = 2 (c doubled)","i10_l2",5,-0.166666666666667,1.6,0.971621467579864,0.11029276527126
"10 items, lambda = 2 (c doubled)","i10_l2",5,-0.166666666666667,1.62,0.972703832264297,0.106204347850591
"10 items, lambda = 2 (c doubled)","i10_l2",5,-0.166666666666667,1.64,0.973746030738208,0.102258793439173
"10 items, lambda = 2 (c doubled)","i10_l2",5,-0.166666666666667,1.66,0.974749469872013,0.0984517634249694
"10 items, lambda = 2 (c doubled)","i10_l2",5,-0.166666666666667,1.68,0.975715513554822,0.0947790006530883
"10 items, lambda = 2 (c doubled)","i10_l2",5,-0.166666666666667,1.7,0.976645483523023,0.0912363321484147
"10 items, lambda = 2 (c doubled)","i10_l2",5,-0.166666666666667,1.72,0.977540660213734,0.0878196713705226
"10 items, lambda = 2 (c doubled)","i10_l2",5,-0.166666666666667,1.74,0.978402283638613,0.0845250200374414
"10 items, lambda = 2 (c doubled)","i10_l2",5,-0.166666666666667,1.76,0.979231554273891,0.0813484695529236
"10 items, lambda = 2 (c doubled)","i10_l2",5,-0.166666666666667,1.78,0.980029633962841,0.0782862020700017
"10 items, lambda = 2 (c doubled)","i10_l2",5,-0.166666666666667,1.8,0.980797646827191,0.0753344912217439
"10 items, lambda = 2 (c doubled)","i10_l2",5,-0.166666666666667,1.82,0.981536680184294,0.0724897025483555
"10 items, lambda = 2 (c doubled)","i10_l2",5,-0.166666666666667,1.84,0.982247785467181,0.0697482936480001
"10 items, lambda = 2 (c doubled)","i10_l2",5,-0.166666666666667,1.86,0.982931979144835,0.0671068140770124
"10 items, lambda = 2 (c doubled)","i10_l2",5,-0.166666666666667,1.88,0.983590243640321,0.0645619050235786
"10 items, lambda = 2 (c doubled)","i10_l2",5,-0.166666666666667,1.9,0.984223528244618,0.0621102987773341
"10 items, lambda = 2 (c doubled)","i10_l2",5,-0.166666666666667,1.92,0.984832750024203,0.0597488180158743
"10 items, lambda = 2 (c doubled)","i10_l2",5,-0.166666666666667,1.94,0.98541879472068,0.0574743749276913
"10 items, lambda = 2 (c doubled)","i10_l2",5,-0.166666666666667,1.96,0.985982517640885,0.0552839701897065
"10 items, lambda = 2 (c doubled)","i10_l2",5,-0.166666666666667,1.98,0.986524744536124,0.0531746918162387
"10 items, lambda = 2 (c doubled)","i10_l2",5,-0.166666666666667,2,0.987046272469304,0.0511437138950256
"10 items, lambda = 2 (c doubled)","i10_l2",5,-0.166666666666667,2.02,0.987547870668941,0.049188295224725
"10 items, lambda = 2 (c doubled)","i10_l2",5,-0.166666666666667,2.04,0.988030281369091,0.0473057778672222
"10 items, lambda = 2 (c doubled)","i10_l2",5,-0.166666666666667,2.06,0.988494220634436,0.0454935856270193
"10 items, lambda = 2 (c doubled)","i10_l2",5,-0.166666666666667,2.08,0.988940379169846,0.0437492224689871
"10 items, lambda = 2 (c doubled)","i10_l2",5,-0.166666666666667,2.1,0.989369423113856,0.0420702708848467
"10 items, lambda = 2 (c doubled)","i10_l2",5,-0.166666666666667,2.12,0.989781994815584,0.0404543902178675
"10 items, lambda = 2 (c doubled)","i10_l2",5,-0.166666666666667,2.14,0.990178713594735,0.0388993149544427
"10 items, lambda = 2 (c doubled)","i10_l2",5,-0.166666666666667,2.16,0.990560176484376,0.0374028529904715
"10 items, lambda = 2 (c doubled)","i10_l2",5,-0.166666666666667,2.18,0.990926958956289,0.0359628838797205
"10 items, lambda = 2 (c doubled)","i10_l2",5,-0.166666666666667,2.2,0.99127961562874,0.0345773570707099
"10 items, lambda = 2 (c doubled)","i10_l2",5,-0.166666666666667,2.22,0.991618680956585,0.0332442901380312
"10 items, lambda = 2 (c doubled)","i10_l2",5,-0.166666666666667,2.24,0.991944669903684,0.0319617670134215
"10 items, lambda = 2 (c doubled)","i10_l2",5,-0.166666666666667,2.26,0.992258078597647,0.0307279362214123
"10 items, lambda = 2 (c doubled)","i10_l2",5,-0.166666666666667,2.28,0.992559384966972,0.0295410091238325
"10 items, lambda = 2 (c doubled)","i10_l2",5,-0.166666666666667,2.3,0.992849049360697,0.0283992581770309
"10 items, lambda = 2 (c doubled)","i10_l2",5,-0.166666666666667,2.32,0.99312751515069,0.027301015205225
"10 items, lambda = 2 (c doubled)","i10_l2",5,-0.166666666666667,2.34,0.99339520931678,0.0262446696930019
"10 items, lambda = 2 (c doubled)","i10_l2",5,-0.166666666666667,2.36,0.993652543014911,0.025228667099644
"10 items, lambda = 2 (c doubled)","i10_l2",5,-0.166666666666667,2.38,0.993899912128558,0.024251507197609
"10 items, lambda = 2 (c doubled)","i10_l2",5,-0.166666666666667,2.4,0.994137697803662,0.0233117424371885
"10 items, lambda = 2 (c doubled)","i10_l2",5,-0.166666666666667,2.42,0.994366266967344,0.0224079763390894
"10 items, lambda = 2 (c doubled)","i10_l2",5,-0.166666666666667,2.44,0.994585972830701,0.0215388619164349
"10 items, lambda = 2 (c doubled)","i10_l2",5,-0.166666666666667,2.46,0.99479715537596,0.020703100127431
"10 items, lambda = 2 (c doubled)","i10_l2",5,-0.166666666666667,2.48,0.995000141828327,0.019899438359743
"10 items, lambda = 2 (c doubled)","i10_l2",5,-0.166666666666667,2.5,0.99519524711284,0.0191266689474115
"10 items, lambda = 2 (c doubled)","i10_l2",5,-0.166666666666667,2.52,0.995382774296554,0.0183836277209992
"10 items, lambda = 2 (c doubled)","i10_l2",5,-0.166666666666667,2.54,0.995563015016395,0.0176691925914402
"10 items, lambda = 2 (c doubled)","i10_l2",5,-0.166666666666667,2.56,0.995736249893031,0.0169822821679773
"10 items, lambda = 2 (c doubled)","i10_l2",5,-0.166666666666667,2.58,0.995902748931082,0.0163218544103868
"10 items, lambda = 2 (c doubled)","i10_l2",5,-0.166666666666667,2.6,0.996062771906031,0.0156869053156203
"10 items, lambda = 2 (c doubled)","i10_l2",5,-0.166666666666667,2.62,0.996216568738175,0.0150764676388473
"10 items, lambda = 2 (c doubled)","i10_l2",5,-0.166666666666667,2.64,0.996364379853953,0.014489609648804
"10 items, lambda = 2 (c doubled)","i10_l2",5,-0.166666666666667,2.66,0.996506436534999,0.013925433917267
"10 items, lambda = 2 (c doubled)","i10_l2",5,-0.166666666666667,2.68,0.996642961255267,0.0133830761423971
"10 items, lambda = 2 (c doubled)","i10_l2",5,-0.166666666666667,2.7,0.996774168006544,0.0128617040056224
"10 items, lambda = 2 (c doubled)","i10_l2",5,-0.166666666666667,2.72,0.996900262612712,0.0123605160616717
"10 items, lambda = 2 (c doubled)","i10_l2",5,-0.166666666666667,2.74,0.997021443033062,0.0118787406613293
"10 items, lambda = 2 (c doubled)","i10_l2",5,-0.166666666666667,2.76,0.997137899655009,0.0114156349064266
"10 items, lambda = 2 (c doubled)","i10_l2",5,-0.166666666666667,2.78,0.997249815576502,0.0109704836365401
"10 items, lambda = 2 (c doubled)","i10_l2",5,-0.166666666666667,2.8,0.997357366878473,0.0105425984468477
"10 items, lambda = 2 (c doubled)","i10_l2",5,-0.166666666666667,2.82,0.997460722887606,0.0101313167365627
"10 items, lambda = 2 (c doubled)","i10_l2",5,-0.166666666666667,2.84,0.997560046429743,0.00973600078732908
"10 items, lambda = 2 (c doubled)","i10_l2",5,-0.166666666666667,2.86,0.997655494074226,0.00935603687095186
"10 items, lambda = 2 (c doubled)","i10_l2",5,-0.166666666666667,2.88,0.997747216369456,0.00899083438583109
"10 items, lambda = 2 (c doubled)","i10_l2",5,-0.166666666666667,2.9,0.997835358069958,0.00863982502142531
"10 items, lambda = 2 (c doubled)","i10_l2",5,-0.166666666666667,2.92,0.997920058355228,0.00830246195010355
"10 items, lambda = 2 (c doubled)","i10_l2",5,-0.166666666666667,2.94,0.998001451040634,0.00797821904569126
"10 items, lambda = 2 (c doubled)","i10_l2",5,-0.166666666666667,2.96,0.99807966478063,0.00766659012805995
"10 items, lambda = 2 (c doubled)","i10_l2",5,-0.166666666666667,2.98,0.998154823264548,0.00736708823306837
"10 items, lambda = 2 (c doubled)","i10_l2",5,-0.166666666666667,3,0.998227045405208,0.00707924490718806
"10 items, lambda = 2 (c doubled)","i10_l2",5,-0.166666666666667,3.02,0.9982964455206,0.00680260952614226
"10 items, lambda = 2 (c doubled)","i10_l2",5,-0.166666666666667,3.04,0.998363133508866,0.00653674863689563
"10 items, lambda = 2 (c doubled)","i10_l2",5,-0.166666666666667,3.06,0.998427215016818,0.00628124532231483
"10 items, lambda = 2 (c doubled)","i10_l2",5,-0.166666666666667,3.08,0.99848879160221,0.00603569858787405
"10 items, lambda = 2 (c doubled)","i10_l2",5,-0.166666666666667,3.1,0.99854796088999,0.00579972276973119
"10 items, lambda = 2 (c doubled)","i10_l2",5,-0.166666666666667,3.12,0.998604816722733,0.00557294696356093
"10 items, lambda = 2 (c doubled)","i10_l2",5,-0.166666666666667,3.14,0.998659449305462,0.00535501447349252
"10 items, lambda = 2 (c doubled)","i10_l2",5,-0.166666666666667,3.16,0.998711945345064,0.00514558228056794
"10 items, lambda = 2 (c doubled)","i10_l2",5,-0.166666666666667,3.18,0.998762388184474,0.00494432053007965
"10 items, lambda = 2 (c doubled)","i10_l2",5,-0.166666666666667,3.2,0.998810857931836,0.00475091203722114
"10 items, lambda = 2 (c doubled)","i10_l2",5,-0.166666666666667,3.22,0.998857431584802,0.00456505181045791
"10 items, lambda = 2 (c doubled)","i10_l2",5,-0.166666666666667,3.24,0.998902183150152,0.00438644659204743
"10 items, lambda = 2 (c doubled)","i10_l2",5,-0.166666666666667,3.26,0.998945183758908,0.00421481441515875
"10 items, lambda = 2 (c doubled)","i10_l2",5,-0.166666666666667,3.28,0.99898650177709,0.00404988417704718
"10 items, lambda = 2 (c doubled)","i10_l2",5,-0.166666666666667,3.3,0.999026202912294,0.00389139522775082
"10 items, lambda = 2 (c doubled)","i10_l2",5,-0.166666666666667,3.32,0.999064350316222,0.00373909697379083
"10 items, lambda = 2 (c doubled)","i10_l2",5,-0.166666666666667,3.34,0.999101004683325,0.00359274849638385
"10 items, lambda = 2 (c doubled)","i10_l2",5,-0.166666666666667,3.36,0.999136224345704,0.00345211818366136
"10 items, lambda = 2 (c doubled)","i10_l2",5,-0.166666666666667,3.38,0.999170065364393,0.00331698337643088
"10 items, lambda = 2 (c doubled)","i10_l2",5,-0.166666666666667,3.4,0.999202581617171,0.00318713002700507
"10 items, lambda = 2 (c doubled)","i10_l2",5,-0.166666666666667,3.42,0.999233824883025,0.00306235237066082
"10 items, lambda = 2 (c doubled)","i10_l2",5,-0.166666666666667,3.44,0.999263844923383,0.00294245260927916
"10 items, lambda = 2 (c doubled)","i10_l2",5,-0.166666666666667,3.46,0.999292689560255,0.00282724060674878
"10 items, lambda = 2 (c doubled)","i10_l2",5,-0.166666666666667,3.48,0.999320404751369,0.00271653359571453
"10 items, lambda = 2 (c doubled)","i10_l2",5,-0.166666666666667,3.5,0.999347034662447,0.00261015589528289
"10 items, lambda = 2 (c doubled)","i10_l2",5,-0.166666666666667,3.52,0.999372621736695,0.00250793863927827
"10 items, lambda = 2 (c doubled)","i10_l2",5,-0.166666666666667,3.54,0.999397206761638,0.00240971951469686
"10 items, lambda = 2 (c doubled)","i10_l2",5,-0.166666666666667,3.56,0.999420828933382,0.00231534250997384
"10 items, lambda = 2 (c doubled)","i10_l2",5,-0.166666666666667,3.58,0.999443525918415,0.00222465767272694
"10 items, lambda = 2 (c doubled)","i10_l2",5,-0.166666666666667,3.6,0.999465333913018,0.00213752087662904
"10 items, lambda = 2 (c doubled)","i10_l2",5,-0.166666666666667,3.62,0.999486287700404,0.00205379359707592
"10 items, lambda = 2 (c doubled)","i10_l2",5,-0.166666666666667,3.64,0.999506420705644,0.00197334269534564
"10 items, lambda = 2 (c doubled)","i10_l2",5,-0.166666666666667,3.66,0.999525765048482,0.00189604021091368
"10 items, lambda = 2 (c doubled)","i10_l2",5,-0.166666666666667,3.68,0.999544351594114,0.00182176316166339
"10 items, lambda = 2 (c doubled)","i10_l2",5,-0.166666666666667,3.7,0.999562210002002,0.00175039335166232
"10 items, lambda = 2 (c doubled)","i10_l2",5,-0.166666666666667,3.72,0.999579368772805,0.00168181718626346
"10 items, lambda = 2 (c doubled)","i10_l2",5,-0.166666666666667,3.74,0.9995958552935,0.00161592549422691
"10 items, lambda = 2 (c doubled)","i10_l2",5,-0.166666666666667,3.76,0.99961169588075,0.0015526133566428
"10 items, lambda = 2 (c doubled)","i10_l2",5,-0.166666666666667,3.78,0.999626915822607,0.0014917799423597
"10 items, lambda = 2 (c doubled)","i10_l2",5,-0.166666666666667,3.8,0.999641539418583,0.00143332834971329
"10 items, lambda = 2 (c doubled)","i10_l2",5,-0.166666666666667,3.82,0.999655590018188,0.00137716545430376
"10 items, lambda = 2 (c doubled)","i10_l2",5,-0.166666666666667,3.84,0.999669090057961,0.00132320176259834
"10 items, lambda = 2 (c doubled)","i10_l2",5,-0.166666666666667,3.86,0.999682061097069,0.00127135127114167
"10 items, lambda = 2 (c doubled)","i10_l2",5,-0.166666666666667,3.88,0.99969452385153,0.00122153133116992
"10 items, lambda = 2 (c doubled)","i10_l2",5,-0.166666666666667,3.9,0.999706498227105,0.00117366251841723
"10 items, lambda = 2 (c doubled)","i10_l2",5,-0.166666666666667,3.92,0.999718003350909,0.00112766850792542
"10 items, lambda = 2 (c doubled)","i10_l2",5,-0.166666666666667,3.94,0.9997290576018,0.00108347595366886
"10 items, lambda = 2 (c doubled)","i10_l2",5,-0.166666666666667,3.96,0.999739678639587,0.00104101437280742
"10 items, lambda = 2 (c doubled)","i10_l2",5,-0.166666666666667,3.98,0.999749883433103,0.00100021603439851
"10 items, lambda = 2 (c doubled)","i10_l2",5,-0.166666666666667,4,0.999759688287181,0.00096101585239836
"10 items, lambda = 2 (c doubled)","i10_l2",6,0.166666666666667,-4,0.000240311712818927,0.000961015852398435
"10 items, lambda = 2 (c doubled)","i10_l2",6,0.166666666666667,-3.98,0.000250116566896597,0.00100021603439824
"10 items, lambda = 2 (c doubled)","i10_l2",6,0.166666666666667,-3.96,0.000260321360412527,0.00104101437280736
"10 items, lambda = 2 (c doubled)","i10_l2",6,0.166666666666667,-3.94,0.00027094239820043,0.00108347595366915
"10 items, lambda = 2 (c doubled)","i10_l2",6,0.166666666666667,-3.92,0.000281996649091517,0.00112766850792567
"10 items, lambda = 2 (c doubled)","i10_l2",6,0.166666666666667,-3.9,0.000293501772894987,0.00117366251841718
"10 items, lambda = 2 (c doubled)","i10_l2",6,0.166666666666667,-3.88,0.0003054761484698,0.00122153133117006
"10 items, lambda = 2 (c doubled)","i10_l2",6,0.166666666666667,-3.86,0.000317938902931481,0.00127135127114193
"10 items, lambda = 2 (c doubled)","i10_l2",6,0.166666666666667,-3.84,0.000330909942039377,0.00132320176259855
"10 items, lambda = 2 (c doubled)","i10_l2",6,0.166666666666667,-3.82,0.000344409981811607,0.00137716545430414
"10 items, lambda = 2 (c doubled)","i10_l2",6,0.166666666666667,-3.8,0.000358460581416756,0.00143332834971331
"10 items, lambda = 2 (c doubled)","i10_l2",6,0.166666666666667,-3.78,0.000373084177393308,0.00149177994235955
"10 items, lambda = 2 (c doubled)","i10_l2",6,0.166666666666667,-3.76,0.000388304119249786,0.00155261335664304
"10 items, lambda = 2 (c doubled)","i10_l2",6,0.166666666666667,-3.74,0.000404144706500642,0.0016159254942274
"10 items, lambda = 2 (c doubled)","i10_l2",6,0.166666666666667,-3.72,0.000420631227195059,0.00168181718626307
"10 items, lambda = 2 (c doubled)","i10_l2",6,0.166666666666667,-3.7,0.000437789997998056,0.00175039335166284
"10 items, lambda = 2 (c doubled)","i10_l2",6,0.166666666666667,-3.68,0.000455648405885583,0.00182176316166319
"10 items, lambda = 2 (c doubled)","i10_l2",6,0.166666666666667,-3.66,0.00047423495151766,0.00189604021091368
"10 items, lambda = 2 (c doubled)","i10_l2",6,0.166666666666667,-3.64,0.000493579294356091,0.0019733426953451
"10 items, lambda = 2 (c doubled)","i10_l2",6,0.166666666666667,-3.62,0.000513712299595839,0.00205379359707633
"10 items, lambda = 2 (c doubled)","i10_l2",6,0.166666666666667,-3.6,0.00053466608698177,0.00213752087662881
"10 items, lambda = 2 (c doubled)","i10_l2",6,0.166666666666667,-3.58,0.000556474081585245,0.00222465767272708
"10 items, lambda = 2 (c doubled)","i10_l2",6,0.166666666666667,-3.56,0.000579171066617838,0.00231534250997372
"10 items, lambda = 2 (c doubled)","i10_l2",6,0.166666666666667,-3.54,0.000602793238362418,0.00240971951469681
"10 items, lambda = 2 (c doubled)","i10_l2",6,0.166666666666667,-3.52,0.000627378263304847,0.00250793863927832
"10 items, lambda = 2 (c doubled)","i10_l2",6,0.166666666666667,-3.5,0.000652965337552692,0.00261015589528259
"10 items, lambda = 2 (c doubled)","i10_l2",6,0.166666666666667,-3.48,0.000679595248630591,0.00271653359571452
"10 items, lambda = 2 (c doubled)","i10_l2",6,0.166666666666667,-3.46,0.000707310439745266,0.00282724060674837
"10 items, lambda = 2 (c doubled)","i10_l2",6,0.166666666666667,-3.44,0.000736155076616638,0.00294245260927924
"10 items, lambda = 2 (c doubled)","i10_l2",6,0.166666666666667,-3.42,0.00076617511697508,0.00306235237066083
"10 items, lambda = 2 (c doubled)","i10_l2",6,0.166666666666667,-3.4,0.000797418382828546,0.00318713002700509
"10 items, lambda = 2 (c doubled)","i10_l2",6,0.166666666666667,-3.38,0.000829934635607098,0.00331698337643087
"10 items, lambda = 2 (c doubled)","i10_l2",6,0.166666666666667,-3.36,0.000863775654296345,0.00345211818366156
"10 items, lambda = 2 (c doubled)","i10_l2",6,0.166666666666667,-3.34,0.0008989953166753,0.00359274849638358
"10 items, lambda = 2 (c doubled)","i10_l2",6,0.166666666666667,-3.32,0.000935649683778398,0.00373909697379057
"10 items, lambda = 2 (c doubled)","i10_l2",6,0.166666666666667,-3.3,0.000973797087705699,0.0038913952277507
"10 items, lambda = 2 (c doubled)","i10_l2",6,0.166666666666667,-3.28,0.00101349822290975,0.00404988417704765
"10 items, lambda = 2 (c doubled)","i10_l2",6,0.166666666666667,-3.26,0.00105481624109217,0.0042148144151588
"10 items, lambda = 2 (c doubled)","i10_l2",6,0.166666666666667,-3.24,0.00109781684984763,0.00438644659204729
"10 items, lambda = 2 (c doubled)","i10_l2",6,0.166666666666667,-3.22,0.00114256841519794,0.00456505181045814
"10 items, lambda = 2 (c doubled)","i10_l2",6,0.166666666666667,-3.2,0.00118914206816364,0.00475091203722144
"10 items, lambda = 2 (c doubled)","i10_l2",6,0.166666666666667,-3.18,0.00123761181552582,0.00494432053007956
"10 items, lambda = 2 (c doubled)","i10_l2",6,0.166666666666667,-3.16,0.00128805465493608,0.00514558228056791
"10 items, lambda = 2 (c doubled)","i10_l2",6,0.166666666666667,-3.14,0.00134055069453776,0.00535501447349256
"10 items, lambda = 2 (c doubled)","i10_l2",6,0.166666666666667,-3.12,0.00139518327726729,0.00557294696356049
"10 items, lambda = 2 (c doubled)","i10_l2",6,0.166666666666667,-3.1,0.00145203911000991,0.00579972276973166
"10 items, lambda = 2 (c doubled)","i10_l2",6,0.166666666666667,-3.08,0.00151120839779003,0.00603569858787393
"10 items, lambda = 2 (c doubled)","i10_l2",6,0.166666666666667,-3.06,0.00157278498318204,0.00628124532231487
"10 items, lambda = 2 (c doubled)","i10_l2",6,0.166666666666667,-3.04,0.00163686649113366,0.00653674863689546
"10 items, lambda = 2 (c doubled)","i10_l2",6,0.166666666666667,-3.02,0.00170355447939994,0.00680260952614264
"10 items, lambda = 2 (c doubled)","i10_l2",6,0.166666666666667,-3,0.00177295459479214,0.00707924490718779
"10 items, lambda = 2 (c doubled)","i10_l2",6,0.166666666666667,-2.98,0.0018451767354522,0.00736708823306859
"10 items, lambda = 2 (c doubled)","i10_l2",6,0.166666666666667,-2.96,0.00192033521936983,0.00766659012806032
"10 items, lambda = 2 (c doubled)","i10_l2",6,0.166666666666667,-2.94,0.00199854895936579,0.00797821904569123
"10 items, lambda = 2 (c doubled)","i10_l2",6,0.166666666666667,-2.92,0.00207994164477148,0.00830246195010329
"10 items, lambda = 2 (c doubled)","i10_l2",6,0.166666666666667,-2.9,0.00216464193004166,0.00863982502142547
"10 items, lambda = 2 (c doubled)","i10_l2",6,0.166666666666667,-2.88,0.00225278363054378,0.00899083438583093
"10 items, lambda = 2 (c doubled)","i10_l2",6,0.166666666666667,-2.86,0.00234450592577403,0.00935603687095217
"10 items, lambda = 2 (c doubled)","i10_l2",6,0.166666666666667,-2.84,0.00243995357025725,0.00973600078732897
"10 items, lambda = 2 (c doubled)","i10_l2",6,0.166666666666667,-2.82,0.00253927711239421,0.0101313167365627
"10 items, lambda = 2 (c doubled)","i10_l2",6,0.166666666666667,-2.8,0.00264263312152682,0.0105425984468473
"10 items, lambda = 2 (c doubled)","i10_l2",6,0.166666666666667,-2.78,0.00275018442349819,0.0109704836365398
"10 items, lambda = 2 (c doubled)","i10_l2",6,0.166666666666667,-2.76,0.00286210034499154,0.011415634906427
"10 items, lambda = 2 (c doubled)","i10_l2",6,0.166666666666667,-2.74,0.00297855696693768,0.0118787406613295
"10 items, lambda = 2 (c doubled)","i10_l2",6,0.166666666666667,-2.72,0.00309973738728804,0.0123605160616716
"10 items, lambda = 2 (c doubled)","i10_l2",6,0.166666666666667,-2.7,0.00322583199345567,0.0128617040056227
"10 items, lambda = 2 (c doubled)","i10_l2",6,0.166666666666667,-2.68,0.00335703874473299,0.0133830761423974
"10 items, lambda = 2 (c doubled)","i10_l2",6,0.166666666666667,-2.66,0.00349356346500066,0.0139254339172667
"10 items, lambda = 2 (c doubled)","i10_l2",6,0.166666666666667,-2.64,0.0036356201460473,0.0144896096488038
"10 items, lambda = 2 (c doubled)","i10_l2",6,0.166666666666667,-2.62,0.00378343126182483,0.0150764676388475
"10 items, lambda = 2 (c doubled)","i10_l2",6,0.166666666666667,-2.6,0.00393722809396901,0.0156869053156203
"10 items, lambda = 2 (c doubled)","i10_l2",6,0.166666666666667,-2.58,0.00409725106891838,0.0163218544103865
"10 items, lambda = 2 (c doubled)","i10_l2",6,0.166666666666667,-2.56,0.00426375010696902,0.0169822821679774
"10 items, lambda = 2 (c doubled)","i10_l2",6,0.166666666666667,-2.54,0.00443698498360494,0.0176691925914408
"10 items, lambda = 2 (c doubled)","i10_l2",6,0.166666666666667,-2.52,0.00461722570344633,0.0183836277209991
"10 items, lambda = 2 (c doubled)","i10_l2",6,0.166666666666667,-2.5,0.00480475288715952,0.0191266689474114
"10 items, lambda = 2 (c doubled)","i10_l2",6,0.166666666666667,-2.48,0.00499985817167248,0.0198994383597425
"10 items, lambda = 2 (c doubled)","i10_l2",6,0.166666666666667,-2.46,0.00520284462403973,0.0207031001274313
"10 items, lambda = 2 (c doubled)","i10_l2",6,0.166666666666667,-2.44,0.00541402716929855,0.0215388619164346
"10 items, lambda = 2 (c doubled)","i10_l2",6,0.166666666666667,-2.42,0.00563373303265553,0.0224079763390892
"10 items, lambda = 2 (c doubled)","i10_l2",6,0.166666666666667,-2.4,0.00586230219633834,0.0233117424371886
"10 items, lambda = 2 (c doubled)","i10_l2",6,0.166666666666667,-2.38,0.00610008787144162,0.0242515071976092
"10 items, lambda = 2 (c doubled)","i10_l2",6,0.166666666666667,-2.36,0.00634745698508847,0.0252286670996437
"10 items, lambda = 2 (c doubled)","i10_l2",6,0.166666666666667,-2.34,0.00660479068321951,0.0262446696930015
"10 items, lambda = 2 (c doubled)","i10_l2",6,0.166666666666667,-2.32,0.00687248484931026,0.027301015205225
"10 items, lambda = 2 (c doubled)","i10_l2",6,0.166666666666667,-2.3,0.00715095063930353,0.0283992581770311
"10 items, lambda = 2 (c doubled)","i10_l2",6,0.166666666666667,-2.28,0.00744061503302778,0.0295410091238322
"10 items, lambda = 2 (c doubled)","i10_l2",6,0.166666666666667,-2.26,0.00774192140235327,0.0307279362214122
"10 items, lambda = 2 (c doubled)","i10_l2",6,0.166666666666667,-2.24,0.00805533009631606,0.0319617670134218
"10 items, lambda = 2 (c doubled)","i10_l2",6,0.166666666666667,-2.22,0.00838131904341528,0.0332442901380311
"10 items, lambda = 2 (c doubled)","i10_l2",6,0.166666666666667,-2.2,0.00872038437126005,0.0345773570707101
"10 items, lambda = 2 (c doubled)","i10_l2",6,0.166666666666667,-2.18,0.00907304104371097,0.0359628838797204
"10 items, lambda = 2 (c doubled)","i10_l2",6,0.166666666666667,-2.16,0.00943982351562403,0.0374028529904716
"10 items, lambda = 2 (c doubled)","i10_l2",6,0.166666666666667,-2.14,0.00982128640526498,0.0388993149544429
"10 items, lambda = 2 (c doubled)","i10_l2",6,0.166666666666667,-2.12,0.0102180051844156,0.0404543902178674
"10 items, lambda = 2 (c doubled)","i10_l2",6,0.166666666666667,-2.1,0.010630576886144,0.0420702708848471
"10 items, lambda = 2 (c doubled)","i10_l2",6,0.166666666666667,-2.08,0.0110596208301535,0.043749222468987
"10 items, lambda = 2 (c doubled)","i10_l2",6,0.166666666666667,-2.06,0.0115057793655639,0.0454935856270193
"10 items, lambda = 2 (c doubled)","i10_l2",6,0.166666666666667,-2.04,0.0119697186309087,0.0473057778672223
"10 items, lambda = 2 (c doubled)","i10_l2",6,0.166666666666667,-2.02,0.0124521293310586,0.0491882952247248
"10 items, lambda = 2 (c doubled)","i10_l2",6,0.166666666666667,-2,0.0129537275306959,0.0511437138950254
"10 items, lambda = 2 (c doubled)","i10_l2",6,0.166666666666667,-1.98,0.0134752554638764,0.0531746918162386
"10 items, lambda = 2 (c doubled)","i10_l2",6,0.166666666666667,-1.96,0.0140174823591147,0.0552839701897065
"10 items, lambda = 2 (c doubled)","i10_l2",6,0.166666666666667,-1.94,0.0145812052793206,0.0574743749276915
"10 items, lambda = 2 (c doubled)","i10_l2",6,0.166666666666667,-1.92,0.0151672499757969,0.0597488180158743
"10 items, lambda = 2 (c doubled)","i10_l2",6,0.166666666666667,-1.9,0.0157764717553819,0.0621102987773341
"10 items, lambda = 2 (c doubled)","i10_l2",6,0.166666666666667,-1.88,0.0164097563596786,0.0645619050235784
"10 items, lambda = 2 (c doubled)","i10_l2",6,0.166666666666667,-1.86,0.0170680208551655,0.0671068140770125
"10 items, lambda = 2 (c doubled)","i10_l2",6,0.166666666666667,-1.84,0.0177522145328192,0.069748293648
"10 items, lambda = 2 (c doubled)","i10_l2",6,0.166666666666667,-1.82,0.018463319815706,0.072489702548356
"10 items, lambda = 2 (c doubled)","i10_l2",6,0.166666666666667,-1.8,0.0192023531728092,0.0753344912217437
"10 items, lambda = 2 (c doubled)","i10_l2",6,0.166666666666667,-1.78,0.0199703660371585,0.0782862020700017
"10 items, lambda = 2 (c doubled)","i10_l2",6,0.166666666666667,-1.76,0.0207684457261093,0.0813484695529236
"10 items, lambda = 2 (c doubled)","i10_l2",6,0.166666666666667,-1.74,0.0215977163613872,0.084525020037441
"10 items, lambda = 2 (c doubled)","i10_l2",6,0.166666666666667,-1.72,0.0224593397862656,0.0878196713705228
"10 items, lambda = 2 (c doubled)","i10_l2",6,0.166666666666667,-1.7,0.0233545164769771,0.0912363321484149
"10 items, lambda = 2 (c doubled)","i10_l2",6,0.166666666666667,-1.68,0.0242844864451781,0.0947790006530883
"10 items, lambda = 2 (c doubled)","i10_l2",6,0.166666666666667,-1.66,0.0252505301279867,0.0984517634249692
"10 items, lambda = 2 (c doubled)","i10_l2",6,0.166666666666667,-1.64,0.0262539692617924,0.102258793439173
"10 items, lambda = 2 (c doubled)","i10_l2",6,0.166666666666667,-1.62,0.0272961677357034,0.106204347850591
"10 items, lambda = 2 (c doubled)","i10_l2",6,0.166666666666667,-1.6,0.0283785324201358,0.11029276527126
"10 items, lambda = 2 (c doubled)","i10_l2",6,0.166666666666667,-1.58,0.0295025139656803,0.11452846254154
"10 items, lambda = 2 (c doubled)","i10_l2",6,0.166666666666667,-1.56,0.0306696075669801,0.11891593095467
"10 items, lambda = 2 (c doubled)","i10_l2",6,0.166666666666667,-1.54,0.0318813536859477,0.123459731892397
"10 items, lambda = 2 (c doubled)","i10_l2",6,0.166666666666667,-1.52,0.033139338728208,0.12816449182746
"10 items, lambda = 2 (c doubled)","i10_l2",6,0.166666666666667,-1.5,0.0344451956662112,0.13303489664691
"10 items, lambda = 2 (c doubled)","i10_l2",6,0.166666666666667,-1.48,0.0358006046019833,0.138075685248463
"10 items, lambda = 2 (c doubled)","i10_l2",6,0.166666666666667,-1.46,0.0372072932620011,0.143291642360466
"10 items, lambda = 2 (c doubled)","i10_l2",6,0.166666666666667,-1.44,0.038667037416172,0.148687590534513
"10 items, lambda = 2 (c doubled)","i10_l2",6,0.166666666666667,-1.42,0.0401816612123871,0.1542683812584
"10 items, lambda = 2 (c doubled)","i10_l2",6,0.166666666666667,-1.4,0.0417530374175819,0.160038885135952
"10 items, lambda = 2 (c doubled)","i10_l2",6,0.166666666666667,-1.38,0.0433830875557046,0.166003981079355
"10 items, lambda = 2 (c doubled)","i10_l2",6,0.166666666666667,-1.36,0.0450737819324401,0.172168544458988
"10 items, lambda = 2 (c doubled)","i10_l2",6,0.166666666666667,-1.34,0.0468271395359902,0.178537434155468
"10 items, lambda = 2 (c doubled)","i10_l2",6,0.166666666666667,-1.32,0.0486452278026553,0.185115478458732
"10 items, lambda = 2 (c doubled)","i10_l2",6,0.166666666666667,-1.3,0.0505301622354135,0.191907459759505
"10 items, lambda = 2 (c doubled)","i10_l2",6,0.166666666666667,-1.28,0.052484105863153,0.198918097979594
"10 items, lambda = 2 (c doubled)","i10_l2",6,0.166666666666667,-1.26,0.0545092685276843,0.206152032689044
"10 items, lambda = 2 (c doubled)","i10_l2",6,0.166666666666667,-1.24,0.0566079059851495,0.213613803860504
"10 items, lambda = 2 (c doubled)","i10_l2",6,0.166666666666667,-1.22,0.0587823188079662,0.221307831214099
"10 items, lambda = 2 (c doubled)","i10_l2",6,0.166666666666667,-1.2,0.061034851072992,0.229238392109959
"10 items, lambda = 2 (c doubled)","i10_l2",6,0.166666666666667,-1.18,0.0633678888211903,0.237409597950142
"10 items, lambda = 2 (c doubled)","i10_l2",6,0.166666666666667,-1.16,0.0657838582737253,0.245825369057391
"10 items, lambda = 2 (c doubled)","i10_l2",6,0.166666666666667,-1.14,0.0682852237891162,0.254489408004746
"10 items, lambda = 2 (c doubled)","i10_l2",6,0.166666666666667,-1.12,0.0708744855458633,0.26340517137789
"10 items, lambda = 2 (c doubled)","i10_l2",6,0.166666666666667,-1.1,0.073554176934819,0.272575839961041
"10 items, lambda = 2 (c doubled)","i10_l2",6,0.166666666666667,-1.08,0.0763268616455351,0.282004287347514
"10 items, lambda = 2 (c doubled)","i10_l2",6,0.166666666666667,-1.06,0.0791951304308875,0.291693046987689
"10 items, lambda = 2 (c doubled)","i10_l2",6,0.166666666666667,-1.04,0.0821615975344684,0.30164427770021
"10 items, lambda = 2 (c doubled)","i10_l2",6,0.166666666666667,-1.02,0.0852288967655696,0.311859727686774
"10 items, lambda = 2 (c doubled)","i10_l2",6,0.166666666666667,-1,0.0883996772070584,0.322340697106985
"10 items, lambda = 2 (c doubled)","i10_l2",6,0.166666666666667,-0.98,0.0916765985421053,0.33308799928742
"10 items, lambda = 2 (c doubled)","i10_l2",6,0.166666666666667,-0.96,0.0950623259865524,0.344101920658315
"10 items, lambda = 2 (c doubled)","i10_l2",6,0.166666666666667,-0.94,0.0985595248147546,0.355382179532177
"10 items, lambda = 2 (c doubled)","i10_l2",6,0.166666666666667,-0.92,0.102170854467977,0.366927883861043
"10 items, lambda = 2 (c doubled)","i10_l2",6,0.166666666666667,-0.9,0.105898962235918,0.378737488133094
"10 items, lambda = 2 (c doubled)","i10_l2",6,0.166666666666667,-0.88,0.109746476503655,0.390808749594751
"10 items, lambda = 2 (c doubled)","i10_l2",6,0.166666666666667,-0.86,0.113715999558323,0.403138684011097
"10 items, lambda = 2 (c doubled)","i10_l2",6,0.166666666666667,-0.84,0.11781009995207,0.415723521205412
"10 items, lambda = 2 (c doubled)","i10_l2",6,0.166666666666667,-0.82,0.122031304420423,0.428558660647493
"10 items, lambda = 2 (c doubled)","i10_l2",6,0.166666666666667,-0.8,0.126382089358013,0.441638627390065
"10 items, lambda = 2 (c doubled)","i10_l2",6,0.166666666666667,-0.78,0.13086487185676,0.454957028682696
"10 items, lambda = 2 (c doubled)","i10_l2",6,0.166666666666667,-0.76,0.13548200031508,0.468506511622819
"10 items, lambda = 2 (c doubled)","i10_l2",6,0.166666666666667,-0.74,0.140235744630388,0.482278722233393
"10 items, lambda = 2 (c doubled)","i10_l2",6,0.166666666666667,-0.72,0.145128285991251,0.49626426638597
"10 items, lambda = 2 (c doubled)","i10_l2",6,0.166666666666667,-0.7,0.150161706289847,0.510452673015876
"10 items, lambda = 2 (c doubled)","i10_l2",6,0.166666666666667,-0.68,0.155337977179998,0.524832360102497
"10 items, lambda = 2 (c doubled)","i10_l2",6,0.166666666666667,-0.66,0.160658948810883,0.539390603911461
"10 items, lambda = 2 (c doubled)","i10_l2",6,0.166666666666667,-0.64,0.166126338271651,0.554113512016415
"10 items, lambda = 2 (c doubled)","i10_l2",6,0.166666666666667,-0.62,0.171741717787347,0.568986000635193
"10 items, lambda = 2 (c doubled)","i10_l2",6,0.166666666666667,-0.6,0.177506502712074,0.583991776828009
"10 items, lambda = 2 (c doubled)","i10_l2",6,0.166666666666667,-0.58,0.18342193937074,0.599113326112865
"10 items, lambda = 2 (c doubled)","i10_l2",6,0.166666666666667,-0.56,0.189489092806376,0.61433190605517
"10 items, lambda = 2 (c doubled)","i10_l2",6,0.166666666666667,-0.54,0.195708834495526,0.629627546383715
"10 items, lambda = 2 (c doubled)","i10_l2",6,0.166666666666667,-0.52,0.20208183009968,0.644979056172976
"10 items, lambda = 2 (c doubled)","i10_l2",6,0.166666666666667,-0.5,0.208608527326045,0.660364038611615
"10 items, lambda = 2 (c doubled)","i10_l2",6,0.166666666666667,-0.48,0.215289143975987,0.675758913848294
"10 items, lambda = 2 (c doubled)","i10_l2",6,0.166666666666667,-0.46,0.222123656264228,0.691138950368156
"10 items, lambda = 2 (c doubled)","i10_l2",6,0.166666666666667,-0.44,0.229111787496175,0.706478305305931
"10 items, lambda = 2 (c doubled)","i10_l2",6,0.166666666666667,-0.42,0.236252997194544,0.721750074044555
"10 items, lambda = 2 (c doubled)","i10_l2",6,0.166666666666667,-0.4,0.243546470769596,0.736926349381081
"10 items, lambda = 2 (c doubled)","i10_l2",6,0.166666666666667,-0.38,0.250991109829767,0.751978290464756
"10 items, lambda = 2 (c doubled)","i10_l2",6,0.166666666666667,-0.36,0.258585523231065,0.766876201625525
"10 items, lambda = 2 (c doubled)","i10_l2",6,0.166666666666667,-0.34,0.266328018964337,0.781589621115474
"10 items, lambda = 2 (c doubled)","i10_l2",6,0.166666666666667,-0.32,0.274216596979228,0.796087419681439
"10 items, lambda = 2 (c doubled)","i10_l2",6,0.166666666666667,-0.3,0.28224894304226,0.810337908775149
"10 items, lambda = 2 (c doubled)","i10_l2",6,0.166666666666667,-0.28,0.290422423723946,0.824308958089019
"10 items, lambda = 2 (c doubled)","i10_l2",6,0.166666666666667,-0.26,0.298734082606138,0.837968121982428
"10 items, lambda = 2 (c doubled)","i10_l2",6,0.166666666666667,-0.24,0.307180637795797,0.851282774236658
"10 items, lambda = 2 (c doubled)","i10_l2",6,0.166666666666667,-0.22,0.315758480825138,0.864220250448556
"10 items, lambda = 2 (c doubled)","i10_l2",6,0.166666666666667,-0.2,0.324463677010546,0.876747997245368
"10 items, lambda = 2 (c doubled)","i10_l2",6,0.166666666666667,-0.18,0.333291967333877,0.888833727378364
"10 items, lambda = 2 (c doubled)","i10_l2",6,0.166666666666667,-0.16,0.342238771899708,0.90044557963315
"10 items, lambda = 2 (c doubled)","i10_l2",6,0.166666666666667,-0.14,0.351299195010923,0.911552282382402
"10 items, lambda = 2 (c doubled)","i10_l2",6,0.166666666666667,-0.12,0.360468031892768,0.922123319504489
"10 items, lambda = 2 (c doubled)","i10_l2",6,0.166666666666667,-0.1,0.369739777082249,0.932129097301671
"10 items, lambda = 2 (c doubled)","i10_l2",6,0.166666666666667,-0.0800000000000001,0.379108634485743,0.941541110976393
"10 items, lambda = 2 (c doubled)","i10_l2",6,0.166666666666667,-0.06,0.388568529092927,0.950332109165945
"10 items, lambda = 2 (c doubled)","i10_l2",6,0.166666666666667,-0.04,0.398113120319943,0.958476254996247
"10 items, lambda = 2 (c doubled)","i10_l2",6,0.166666666666667,-0.02,0.407735816939209,0.965949282096499
"10 items, lambda = 2 (c doubled)","i10_l2",6,0.166666666666667,0,0.417429793537685,0.972728644019083
"10 items, lambda = 2 (c doubled)","i10_l2",6,0.166666666666667,0.0200000000000005,0.427188008429986,0.978793655534433
"10 items, lambda = 2 (c doubled)","i10_l2",6,0.166666666666667,0.04,0.4370032229376,0.984125624319001
"10 items, lambda = 2 (c doubled)","i10_l2",6,0.166666666666667,0.0600000000000005,0.446868021931049,0.988707971625922
"10 items, lambda = 2 (c doubled)","i10_l2",6,0.166666666666667,0.0800000000000001,0.456774835518142,0.992526340622065
"10 items, lambda = 2 (c doubled)","i10_l2",6,0.166666666666667,0.0999999999999996,0.466715961748869,0.995568691190789
"10 items, lambda = 2 (c doubled)","i10_l2",6,0.166666666666667,0.12,0.47668359019615,0.997825380135436
"10 items, lambda = 2 (c doubled)","i10_l2",6,0.166666666666667,0.14,0.486669826261767,0.999289225872434
"10 items, lambda = 2 (c doubled)","i10_l2",6,0.166666666666667,0.16,0.496666716048505,0.999955556872395
"10 items, lambda = 2 (c doubled)","i10_l2",6,0.166666666666667,0.18,0.506666271633029,0.999822243290059
"10 items, lambda = 2 (c doubled)","i10_l2",6,0.166666666666667,0.2,0.516660496569412,0.998889711416242
"10 items, lambda = 2 (c doubled)","i10_l2",6,0.166666666666667,0.22,0.526641411450484,0.997160940783704
"10 items, lambda = 2 (c doubled)","i10_l2",6,0.166666666666667,0.24,0.536601079353591,0.994641443960609
"10 items, lambda = 2 (c doubled)","i10_l2",6,0.166666666666667,0.26,0.5465316309986,0.99133922926644
"10 items, lambda = 2 (c doubled)","i10_l2",6,0.166666666666667,0.28,0.55642528944941,0.987264746842201
"10 items, lambda = 2 (c doubled)","i10_l2",6,0.166666666666667,0.3,0.566274394195439,0.98243081869611
"10 items, lambda = 2 (c doubled)","i10_l2",6,0.166666666666667,0.32,0.576071424456712,0.976852553524507
"10 items, lambda = 2 (c doubled)","i10_l2",6,0.166666666666667,0.34,0.585809021564985,0.97054724727224
"10 items, lambda = 2 (c doubled)","i10_l2",6,0.166666666666667,0.36,0.595480010283749,0.963534270544861
"10 items, lambda = 2 (c doubled)","i10_l2",6,0.166666666666667,0.38,0.605077418941737,0.95583494411417
"10 items, lambda = 2 (c doubled)","i10_l2",6,0.166666666666667,0.4,0.61459449826755,0.947472403867234
"10 items, lambda = 2 (c doubled)","i10_l2",6,0.166666666666667,0.42,0.624024738826925,0.938471456635652
"10 items, lambda = 2 (c doubled)","i10_l2",6,0.166666666666667,0.44,0.633361886978954,0.928858428405651
"10 items, lambda = 2 (c doubled)","i10_l2",6,0.166666666666667,0.46,0.642599959282703,0.918661006450286
"10 items, lambda = 2 (c doubled)","i10_l2",6,0.166666666666667,0.48,0.651733255301262,0.907908076942729
"10 items, lambda = 2 (c doubled)","i10_l2",6,0.166666666666667,0.5,0.660756368765817,0.896629559604914
"10 items, lambda = 2 (c doubled)","i10_l2",6,0.166666666666667,0.52,0.669664197077775,0.884856240919815
"10 items, lambda = 2 (c doubled)","i10_l2",6,0.166666666666667,0.54,0.678451949142018,0.872619607389658
"10 items, lambda = 2 (c doubled)","i10_l2",6,0.166666666666667,0.56,0.687115151538922,0.859951680258265
"10 items, lambda = 2 (c doubled)","i10_l2",6,0.166666666666667,0.58,0.695649653056521,0.846884853035451
"10 items, lambda = 2 (c doubled)","i10_l2",6,0.166666666666667,0.6,0.704051627617163,0.833451733067147
"10 items, lambda = 2 (c doubled)","i10_l2",6,0.166666666666667,0.62,0.712317575644865,0.819684988289148
"10 items, lambda = 2 (c doubled)","i10_l2",6,0.166666666666667,0.64,0.720444323930458,0.805617200187374
"10 items, lambda = 2 (c doubled)","i10_l2",6,0.166666666666667,0.66,0.728429024061152,0.791280723865878
"10 items, lambda = 2 (c doubled)","i10_l2",6,0.166666666666667,0.68,0.736269149489623,0.776707555997801
"10 items, lambda = 2 (c doubled)","i10_l2",6,0.166666666666667,0.7,0.743962491324758,0.761929211306469
"10 items, lambda = 2 (c doubled)","i10_l2",6,0.166666666666667,0.72,0.751507152932089,0.746976608095979
"10 items, lambda = 2 (c doubled)","i10_l2",6,0.166666666666667,0.74,0.758901543436468,0.731879963224858
"10 items, lambda = 2 (c doubled)","i10_l2",6,0.166666666666667,0.76,0.766144370222876,0.716668696794674
"10 items, lambda = 2 (c doubled)","i10_l2",6,0.166666666666667,0.78,0.773234630533388,0.701371346709132
"10 items, lambda = 2 (c doubled)","i10_l2",6,0.166666666666667,0.8,0.780171602259317,0.686015493149787
"10 items, lambda = 2 (c doubled)","i10_l2",6,0.166666666666667,0.82,0.786954834027511,0.670627692912975
"10 items, lambda = 2 (c doubled)","i10_l2",6,0.166666666666667,0.84,0.793584134678733,0.655233423459758
"10 items, lambda = 2 (c doubled)","i10_l2",6,0.166666666666667,0.86,0.800059562234191,0.639857036447302
"10 items, lambda = 2 (c doubled)","i10_l2",6,0.166666666666667,0.88,0.806381412443527,0.624521720436438
"10 items, lambda = 2 (c doubled)","i10_l2",6,0.166666666666667,0.9,0.812550207004259,0.60924947240638
"10 items, lambda = 2 (c doubled)","i10_l2",6,0.166666666666667,0.92,0.818566681538662,0.594061077653778
"10 items, lambda = 2 (c doubled)","i10_l2",6,0.166666666666667,0.94,0.824431773409634,0.57897609760912
"10 items, lambda = 2 (c doubled)","i10_l2",6,0.166666666666667,0.96,0.830146609452223,0.564012865068806
"10 items, lambda = 2 (c doubled)","i10_l2",6,0.166666666666667,0.98,0.835712493692382,0.549188486315371
"10 items, lambda = 2 (c doubled)","i10_l2",6,0.166666666666667,1,0.841130895119085,0.534518849581008
"10 items, lambda = 2 (c doubled)","i10_l2",6,0.166666666666667,1.02,0.846403435570498,0.520018639299824
"10 items, lambda = 2 (c doubled)","i10_l2",6,0.166666666666667,1.04,0.851531877789286,0.505701355591755
"10 items, lambda = 2 (c doubled)","i10_l2",6,0.166666666666667,1.06,0.856518113696613,0.491579338424836
"10 items, lambda = 2 (c doubled)","i10_l2",6,0.166666666666667,1.08,0.861364152928887,0.477663795911952
"10 items, lambda = 2 (c doubled)","i10_l2",6,0.166666666666667,1.1,0.866072111675927,0.463964836212512
"10 items, lambda = 2 (c doubled)","i10_l2",6,0.166666666666667,1.12,0.870644201854033,0.450491502527948
"10 items, lambda = 2 (c doubled)","i10_l2",6,0.166666666666667,1.14,0.875082720642438,0.437251810701867
"10 items, lambda = 2 (c doubled)","i10_l2",6,0.166666666666667,1.16,0.879390040406833,0.424252788960407
"10 items, lambda = 2 (c doubled)","i10_l2",6,0.166666666666667,1.18,0.883568599029161,0.411500519355227
"10 items, lambda = 2 (c doubled)","i10_l2",6,0.166666666666667,1.2,0.887620890658643,0.3990001805
"10 items, lambda = 2 (c doubled)","i10_l2",6,0.166666666666667,1.22,0.891549456895037,0.386756091220807
"10 items, lambda = 2 (c doubled)","i10_l2",6,0.166666666666667,1.24,0.895356878411502,0.374771754770851
"10 items, lambda = 2 (c doubled)","i10_l2",6,0.166666666666667,1.26,0.899045767021092,0.363049903290194
"10 items, lambda = 2 (c doubled)","i10_l2",6,0.166666666666667,1.28,0.902618758187847,0.351592542221104
"10 items, lambda = 2 (c doubled)","i10_l2",6,0.166666666666667,1.3,0.906078503980729,0.340400994419093
"10 items, lambda = 2 (c doubled)","i10_l2",6,0.166666666666667,1.32,0.909427666466163,0.329475943728291
"10 items, lambda = 2 (c doubled)","i10_l2",6,0.166666666666667,1.34,0.912668911532797,0.318817477817345
"10 items, lambda = 2 (c doubled)","i10_l2",6,0.166666666666667,1.36,0.915804903140179,0.308425130098347
"10 items, lambda = 2 (c doubled)","i10_l2",6,0.166666666666667,1.38,0.918838297981376,0.298297920576256
"10 items, lambda = 2 (c doubled)","i10_l2",6,0.166666666666667,1.4,0.921771740548216,0.288434395499713
"10 items, lambda = 2 (c doubled)","i10_l2",6,0.166666666666667,1.42,0.924607858586567,0.278832665706118
"10 items, lambda = 2 (c doubled)","i10_l2",6,0.166666666666667,1.44,0.927349258928187,0.269490443574119
"10 items, lambda = 2 (c doubled)","i10_l2",6,0.166666666666667,1.46,0.929998523684828,0.260405078515473
"10 items, lambda = 2 (c doubled)","i10_l2",6,0.166666666666667,1.48,0.932558206789754,0.251573590955329
"10 items, lambda = 2 (c doubled)","i10_l2",6,0.166666666666667,1.5,0.935030830871336,0.24299270476558
"10 items, lambda = 2 (c doubled)","i10_l2",6,0.166666666666667,1.52,0.937418884443159,0.23465887813001
"10 items, lambda = 2 (c doubled)","i10_l2",6,0.166666666666667,1.54,0.939724819394896,0.226568332832503
"10 items, lambda = 2 (c doubled)","i10_l2",6,0.166666666666667,1.56,0.94195104876819,0.21871708197079
"10 items, lambda = 2 (c doubled)","i10_l2",6,0.166666666666667,1.58,0.944099944801836,0.211100956108026
"10 items, lambda = 2 (c doubled)","i10_l2",6,0.166666666666667,1.6,0.946173837230771,0.203715627883079
"10 items, lambda = 2 (c doubled)","i10_l2",6,0.166666666666667,1.62,0.948175011823556,0.196556635107822
"10 items, lambda = 2 (c doubled)","i10_l2",6,0.166666666666667,1.64,0.950105709143423,0.189619402385985
"10 items, lambda = 2 (c doubled)","i10_l2",6,0.166666666666667,1.66,0.951968123518272,0.18289926129349
"10 items, lambda = 2 (c doubled)","i10_l2",6,0.166666666666667,1.68,0.953764402205465,0.176391469164467
"10 items, lambda = 2 (c doubled)","i10_l2",6,0.166666666666667,1.7,0.955496644737713,0.170091226530743
"10 items, lambda = 2 (c doubled)","i10_l2",6,0.166666666666667,1.72,0.957166902436821,0.16399369326529
"10 items, lambda = 2 (c doubled)","i10_l2",6,0.166666666666667,1.74,0.958777178082617,0.158094003482203
"10 items, lambda = 2 (c doubled)","i10_l2",6,0.166666666666667,1.76,0.960329425724886,0.152387279247188
"10 items, lambda = 2 (c doubled)","i10_l2",6,0.166666666666667,1.78,0.961825550626682,0.146868643153448
"10 items, lambda = 2 (c doubled)","i10_l2",6,0.166666666666667,1.8,0.96326740932797,0.141533229818203
"10 items, lambda = 2 (c doubled)","i10_l2",6,0.166666666666667,1.82,0.964656809819052,0.136376196355124
"10 items, lambda = 2 (c doubled)","i10_l2",6,0.166666666666667,1.84,0.965995511813836,0.131392731877443
"10 items, lambda = 2 (c doubled)","i10_l2",6,0.166666666666667,1.86,0.96728522711351,0.126578066085903
"10 items, lambda = 2 (c doubled)","i10_l2",6,0.166666666666667,1.88,0.968527620051742,0.121927476994602
"10 items, lambda = 2 (c doubled)","i10_l2",6,0.166666666666667,1.9,0.96972430801305,0.117436297846647
"10 items, lambda = 2 (c doubled)","i10_l2",6,0.166666666666667,1.92,0.970876862016478,0.113099923270058
"10 items, lambda = 2 (c doubled)","i10_l2",6,0.166666666666667,1.94,0.97198680735725,0.108913814722839
"10 items, lambda = 2 (c doubled)","i10_l2",6,0.166666666666667,1.96,0.973055624299504,0.104873505274426
"10 items, lambda = 2 (c doubled)","i10_l2",6,0.166666666666667,1.98,0.974084748813723,0.100974603768915
"10 items, lambda = 2 (c doubled)","i10_l2",6,0.166666666666667,2,0.975075573352886,0.0972127984137066
"10 items, lambda = 2 (c doubled)","i10_l2",6,0.166666666666667,2.02,0.976029447661805,0.0935838598351887
"10 items, lambda = 2 (c doubled)","i10_l2",6,0.166666666666667,2.04,0.976947679614523,0.0900836436412893
"10 items, lambda = 2 (c doubled)","i10_l2",6,0.166666666666667,2.06,0.977831536075032,0.0867080925287002
"10 items, lambda = 2 (c doubled)","i10_l2",6,0.166666666666667,2.08,0.978682243776932,0.083453237970726
"10 items, lambda = 2 (c doubled)","i10_l2",6,0.166666666666667,2.1,0.979500990218018,0.0803152015197593
"10 items, lambda = 2 (c doubled)","i10_l2",6,0.166666666666667,2.12,0.980288924566099,0.07729019575656
"10 items, lambda = 2 (c doubled)","i10_l2",6,0.166666666666667,2.14,0.98104715857267,0.0743745249166441
"10 items, lambda = 2 (c doubled)","i10_l2",6,0.166666666666667,2.16,0.981776767491353,0.0715645852223324
"10 items, lambda = 2 (c doubled)","i10_l2",6,0.166666666666667,2.18,0.982478790998302,0.0688568649472654
"10 items, lambda = 2 (c doubled)","i10_l2",6,0.166666666666667,2.2,0.983154234112019,0.066247944238513
"10 items, lambda = 2 (c doubled)","i10_l2",6,0.166666666666667,2.22,0.983804068110273,0.0637344947198026
"10 items, lambda = 2 (c doubled)","i10_l2",6,0.166666666666667,2.24,0.984429231442056,0.0613132788978346
"10 items, lambda = 2 (c doubled)","i10_l2",6,0.166666666666667,2.26,0.985030630632705,0.0589811493921602
"10 items, lambda = 2 (c doubled)","i10_l2",6,0.166666666666667,2.28,0.985609141180511,0.0567350480077056
"10 items, lambda = 2 (c doubled)","i10_l2",6,0.166666666666667,2.3,0.986165608443347,0.0545720046676391
"10 items, lambda = 2 (c doubled)","i10_l2",6,0.166666666666667,2.32,0.986700848514,0.0524891362230107
"10 items, lambda = 2 (c doubled)","i10_l2",6,0.166666666666667,2.34,0.987215649083034,0.0504836451543926
"10 items, lambda = 2 (c doubled)","i10_l2",6,0.166666666666667,2.36,0.987710770288203,0.04855281817955
"10 items, lambda = 2 (c doubled)","i10_l2",6,0.166666666666667,2.38,0.988186945549517,0.0466940247801303
"10 items, lambda = 2 (c doubled)","i10_l2",6,0.166666666666667,2.4,0.98864488238922,0.0449047156593001
"10 items, lambda = 2 (c doubled)","i10_l2",6,0.166666666666667,2.42,0.989085263236049,0.0431824211412997
"10 items, lambda = 2 (c doubled)","i10_l2",6,0.166666666666667,2.44,0.989508746213235,0.0415247495229853
"10 items, lambda = 2 (c doubled)","i10_l2",6,0.166666666666667,2.46,0.989915965909829,0.0399293853865571
"10 items, lambda = 2 (c doubled)","i10_l2",6,0.166666666666667,2.48,0.99030753413498,0.0383940878819001
"10 items, lambda = 2 (c doubled)","i10_l2",6,0.166666666666667,2.5,0.990684040654933,0.036916688986191
"10 items, lambda = 2 (c doubled)","i10_l2",6,0.166666666666667,2.52,0.991046053912528,0.0354950917477395
"10 items, lambda = 2 (c doubled)","i10_l2",6,0.166666666666667,2.54,0.991394121729088,0.0341272685203937
"10 items, lambda = 2 (c doubled)","i10_l2",6,0.166666666666667,2.56,0.991728771988632,0.032811259194208
"10 items, lambda = 2 (c doubled)","i10_l2",6,0.166666666666667,2.58,0.992050513304392,0.0315451694275375
"10 items, lambda = 2 (c doubled)","i10_l2",6,0.166666666666667,2.6,0.99235983566768,0.0303271688851808
"10 items, lambda = 2 (c doubled)","i10_l2",6,0.166666666666667,2.62,0.992657211079185,0.0291554894867186
"10 items, lambda = 2 (c doubled)","i10_l2",6,0.166666666666667,2.64,0.992943094162817,0.0280284236687534
"10 items, lambda = 2 (c doubled)","i10_l2",6,0.166666666666667,2.66,0.993217922762261,0.0269443226643207
"10 items, lambda = 2 (c doubled)","i10_l2",6,0.166666666666667,2.68,0.993482118520421,0.025901594802389
"10 items, lambda = 2 (c doubled)","i10_l2",6,0.166666666666667,2.7,0.993736087441967,0.0248987038299926
"10 items, lambda = 2 (c doubled)","i10_l2",6,0.166666666666667,2.72,0.993980220439234,0.0239341672592251
"10 items, lambda = 2 (c doubled)","i10_l2",6,0.166666666666667,2.74,0.994214893861712,0.0230065547410282
"10 items, lambda = 2 (c doubled)","i10_l2",6,0.166666666666667,2.76,0.994440470009428,0.0221144864674227
"10 items, lambda = 2 (c doubled)","i10_l2",6,0.166666666666667,2.78,0.994657297630489,0.0212566316036071
"10 items, lambda = 2 (c doubled)","i10_l2",6,0.166666666666667,2.8,0.994865712403102,0.0204317067510833
"10 items, lambda = 2 (c doubled)","i10_l2",6,0.166666666666667,2.82,0.995066037402385,0.0196384744427997
"10 items, lambda = 2 (c doubled)","i10_l2",6,0.166666666666667,2.84,0.9952585835523,0.0188757416710787
"10 items, lambda = 2 (c doubled)","i10_l2",6,0.166666666666667,2.86,0.995443650063015,0.018142358448945
"10 items, lambda = 2 (c doubled)","i10_l2",6,0.166666666666667,2.88,0.995621524854069,0.0174372164053091
"10 items, lambda = 2 (c doubled)","i10_l2",6,0.166666666666667,2.9,0.995792484963641,0.0167592474143116
"10 items, lambda = 2 (c doubled)","i10_l2",6,0.166666666666667,2.92,0.995956796944296,0.0161074222590167
"10 items, lambda = 2 (c doubled)","i10_l2",6,0.166666666666667,2.94,0.996114717245537,0.0154807493295247
"10 items, lambda = 2 (c doubled)","i10_l2",6,0.166666666666667,2.96,0.996266492583505,0.0148782733554653
"10 items, lambda = 2 (c doubled)","i10_l2",6,0.166666666666667,2.98,0.996412360298184,0.0142990741727455
"10 items, lambda = 2 (c doubled)","i10_l2",6,0.166666666666667,3,0.996552548698436,0.013742265524348
"10 items, lambda = 2 (c doubled)","i10_l2",6,0.166666666666667,3.02,0.996687277395222,0.0132069938948876
"10 items, lambda = 2 (c doubled)","i10_l2",6,0.166666666666667,3.04,0.996816757623322,0.0126924373785982
"10 items, lambda = 2 (c doubled)","i10_l2",6,0.166666666666667,3.06,0.996941192551916,0.012197804580318
"10 items, lambda = 2 (c doubled)","i10_l2",6,0.166666666666667,3.08,0.997060777584329,0.0117223335490503
"10 items, lambda = 2 (c doubled)","i10_l2",6,0.166666666666667,3.1,0.997175700647271,0.0112652907435789
"10 items, lambda = 2 (c doubled)","i10_l2",6,0.166666666666667,3.12,0.997286142469902,0.0108259700296182
"10 items, lambda = 2 (c doubled)","i10_l2",6,0.166666666666667,3.14,0.997392276853006,0.0104036917079304
"10 items, lambda = 2 (c doubled)","i10_l2",6,0.166666666666667,3.16,0.997494270928618,0.00999780157281098
"10 items, lambda = 2 (c doubled)","i10_l2",6,0.166666666666667,3.18,0.997592285410371,0.00960767000033407
"10 items, lambda = 2 (c doubled)","i10_l2",6,0.166666666666667,3.2,0.99768647483488,0.00923269106572258
"10 items, lambda = 2 (c doubled)","i10_l2",6,0.166666666666667,3.22,0.997776987794433,0.00887228168920262
"10 items, lambda = 2 (c doubled)","i10_l2",6,0.166666666666667,3.24,0.997863967161296,0.00852588080966305
"10 items, lambda = 2 (c doubled)","i10_l2",6,0.166666666666667,3.26,0.997947550303873,0.0081929485854877
"10 items, lambda = 2 (c doubled)","i10_l2",6,0.166666666666667,3.28,0.998027869295019,0.00787296562185314
"10 items, lambda = 2 (c doubled)","i10_l2",6,0.166666666666667,3.3,0.998105051112754,0.00756543222384403
"10 items, lambda = 2 (c doubled)","i10_l2",6,0.166666666666667,3.32,0.998179217833628,0.00726986767469824
"10 items, lambda = 2 (c doubled)","i10_l2",6,0.166666666666667,3.34,0.998250486819001,0.00698580953851239
"10 items, lambda = 2 (c doubled)","i10_l2",6,0.166666666666667,3.36,0.998318970894462,0.00671281298673566
"10 items, lambda = 2 (c doubled)","i10_l2",6,0.166666666666667,3.38,0.998384778522632,0.00645045014778966
"10 items, lambda = 2 (c doubled)","i10_l2",6,0.166666666666667,3.4,0.998448013969573,0.00619830947915498
"10 items, lambda = 2 (c doubled)","i10_l2",6,0.166666666666667,3.42,0.998508777465035,0.00595599516126365
"10 items, lambda = 2 (c doubled)","i10_l2",6,0.166666666666667,3.44,0.998567165356743,0.00572312651256854
"10 items, lambda = 2 (c doubled)","i10_l2",6,0.166666666666667,3.46,0.998623270258932,0.00549933742515027
"10 items, lambda = 2 (c doubled)","i10_l2",6,0.166666666666667,3.48,0.998677181195354,0.00528427582022482
"10 items, lambda = 2 (c doubled)","i10_l2",6,0.166666666666667,3.5,0.998728983736919,0.00507760312296132
"10 items, lambda = 2 (c doubled)","i10_l2",6,0.166666666666667,3.52,0.998778760134191,0.00487899375599583
"10 items, lambda = 2 (c doubled)","i10_l2",6,0.166666666666667,3.54,0.998826589444908,0.00468813465104485
"10 items, lambda = 2 (c doubled)","i10_l2",6,0.166666666666667,3.56,0.998872547656699,0.00450472477806022
"10 items, lambda = 2 (c doubled)","i10_l2",6,0.166666666666667,3.58,0.998916707805185,0.00432847469134199
"10 items, lambda = 2 (c doubled)","i10_l2",6,0.166666666666667,3.6,0.998959140087625,0.00415910609206997
"10 items, lambda = 2 (c doubled)","i10_l2",6,0.166666666666667,3.62,0.99899991197226,0.00399635140670792
"10 items, lambda = 2 (c doubled)","i10_l2",6,0.166666666666667,3.64,0.999039088303521,0.00383995338076115
"10 items, lambda = 2 (c doubled)","i10_l2",6,0.166666666666667,3.66,0.999076731403256,0.00368966468736937
"10 items, lambda = 2 (c doubled)","i10_l2",6,0.166666666666667,3.68,0.999112901168102,0.00354524755024122
"10 items, lambda = 2 (c doubled)","i10_l2",6,0.166666666666667,3.7,0.99914765516317,0.00340647338043673
"10 items, lambda = 2 (c doubled)","i10_l2",6,0.166666666666667,3.72,0.999181048712153,0.00327312242654024
"10 items, lambda = 2 (c doubled)","i10_l2",6,0.166666666666667,3.74,0.99921313498401,0.00314498343774827
"10 items, lambda = 2 (c doubled)","i10_l2",6,0.166666666666667,3.76,0.999243965076336,0.00302185333943256
"10 items, lambda = 2 (c doubled)","i10_l2",6,0.166666666666667,3.78,0.999273588095557,0.00290353692075279
"10 items, lambda = 2 (c doubled)","i10_l2",6,0.166666666666667,3.8,0.999302051234049,0.00278984653388477
"10 items, lambda = 2 (c doubled)","i10_l2",6,0.166666666666667,3.82,0.999329399844316,0.00268060180446251
"10 items, lambda = 2 (c doubled)","i10_l2",6,0.166666666666667,3.84,0.999355677510317,0.00257562935284845
"10 items, lambda = 2 (c doubled)","i10_l2",6,0.166666666666667,3.86,0.999380926116069,0.00247476252582765
"10 items, lambda = 2 (c doubled)","i10_l2",6,0.166666666666667,3.88,0.999405185911608,0.00237784113836995
"10 items, lambda = 2 (c doubled)","i10_l2",6,0.166666666666667,3.9,0.99942849557642,0.00228471122509711
"10 items, lambda = 2 (c doubled)","i10_l2",6,0.166666666666667,3.92,0.999450892280435,0.00219522480110819
"10 items, lambda = 2 (c doubled)","i10_l2",6,0.166666666666667,3.94,0.999472411742677,0.00210923963181679
"10 items, lambda = 2 (c doubled)","i10_l2",6,0.166666666666667,3.96,0.999493088287644,0.00202661901148598
"10 items, lambda = 2 (c doubled)","i10_l2",6,0.166666666666667,3.98,0.999512954899535,0.00194723155014019
"10 items, lambda = 2 (c doubled)","i10_l2",6,0.166666666666667,4,0.999532043274367,0.00187095096854303
"10 items, lambda = 2 (c doubled)","i10_l2",7,0.5,-4,0.000123394575986232,0.000493517399059396
"10 items, lambda = 2 (c doubled)","i10_l2",7,0.5,-3.98,0.00012842975741318,0.000513653052842363
"10 items, lambda = 2 (c doubled)","i10_l2",7,0.5,-3.96,0.000133670374633635,0.000534610027458321
"10 items, lambda = 2 (c doubled)","i10_l2",7,0.5,-3.94,0.000139124807156558,0.000556421805778367
"10 items, lambda = 2 (c doubled)","i10_l2",7,0.5,-3.92,0.00014480177609175,0.000579123234149562
"10 items, lambda = 2 (c doubled)","i10_l2",7,0.5,-3.9,0.000150710358059757,0.000602750577790924
"10 items, lambda = 2 (c doubled)","i10_l2",7,0.5,-3.88,0.000156859999666872,0.000627341578429505
"10 items, lambda = 2 (c doubled)","i10_l2",7,0.5,-3.86,0.000163260532568057,0.00065293551426625
"10 items, lambda = 2 (c doubled)","i10_l2",7,0.5,-3.84,0.000169922189141574,0.000679573262364846
"10 items, lambda = 2 (c doubled)","i10_l2",7,0.5,-3.82,0.000176855618800013,0.000707297363560447
"10 items, lambda = 2 (c doubled)","i10_l2",7,0.5,-3.8,0.000184071904963424,0.000736152089988909
"10 items, lambda = 2 (c doubled)","i10_l2",7,0.5,-3.78,0.000191582582721282,0.000766183515341121
"10 items, lambda = 2 (c doubled)","i10_l2",7,0.5,-3.76,0.000199399657211071,0.0007974395879511
"10 items, lambda = 2 (c doubled)","i10_l2",7,0.5,-3.74,0.000207535622742381,0.000829970206830696
"10 items, lambda = 2 (c doubled)","i10_l2",7,0.5,-3.72,0.000216003482696581,0.000863827300768178
"10 items, lambda = 2 (c doubled)","i10_l2",7,0.5,-3.7,0.000224816770233295,0.000899064910612469
"10 items, lambda = 2 (c doubled)","i10_l2",7,0.5,-3.68,0.000233989569836177,0.000935739274869538
"10 items, lambda = 2 (c doubled)","i10_l2",7,0.5,-3.66,0.000243536539731752,0.000973908918742271
"10 items, lambda = 2 (c doubled)","i10_l2",7,0.5,-3.64,0.000253472935216451,0.00101363474675025
"10 items, lambda = 2 (c doubled)","i10_l2",7,0.5,-3.62,0.000263814632928312,0.00105498013907106
"10 items, lambda = 2 (c doubled)","i10_l2",7,0.5,-3.6,0.000274578156101333,0.0010980110517501
"10 items, lambda = 2 (c doubled)","i10_l2",7,0.5,-3.58,0.000285780700841879,0.00114279612093162
"10 items, lambda = 2 (c doubled)","i10_l2",7,0.5,-3.56,0.000297440163468183,0.00118940677126935
"10 items, lambda = 2 (c doubled)","i10_l2",7,0.5,-3.54,0.000309575168955516,0.00123791732868113
"10 items, lambda = 2 (c doubled)","i10_l2",7,0.5,-3.52,0.000322205100531344,0.00128840513761814
"10 items, lambda = 2 (c doubled)","i10_l2",7,0.5,-3.5,0.000335350130466478,0.0013409506830259
"10 items, lambda = 2 (c doubled)","i10_l2",7,0.5,-3.48,0.000349031252110061,0.00139563771718045
"10 items, lambda = 2 (c doubled)","i10_l2",7,0.5,-3.46,0.000363270313218078,0.00145255339159045
"10 items, lambda = 2 (c doubled)","i10_l2",7,0.5,-3.44,0.000378090050627038,0.00151178839416262
"10 items, lambda = 2 (c doubled)","i10_l2",7,0.5,-3.42,0.000393514126326483,0.00157343709183546
"10 items, lambda = 2 (c doubled)","i10_l2",7,0.5,-3.4,0.00040956716498605,0.00163759767889366
"10 items, lambda = 2 (c doubled)","i10_l2",7,0.5,-3.38,0.000426274792995001,0.00170437233118343
"10 items, lambda = 2 (c doubled)","i10_l2",7,0.5,-3.36,0.00044366367907435,0.00177386736645688
"10 items, lambda = 2 (c doubled)","i10_l2",7,0.5,-3.34,0.000461761576524075,0.00184619341108209
"10 items, lambda = 2 (c doubled)","i10_l2",7,0.5,-3.32,0.000480597367170261,0.00192146557336372
"10 items, lambda = 2 (c doubled)","i10_l2",7,0.5,-3.3,0.000500201107079564,0.00199980362372816
"10 items, lambda = 2 (c doubled)","i10_l2",7,0.5,-3.28,0.000520604074110942,0.00208133218203585
"10 items, lambda = 2 (c doubled)","i10_l2",7,0.5,-3.26,0.00054183881737727,0.00216618091229301
"10 items, lambda = 2 (c doubled)","i10_l2",7,0.5,-3.24,0.000563939208692237,0.00225448472504455
"10 items, lambda = 2 (c doubled)","i10_l2",7,0.5,-3.22,0.000586940496080803,0.00234638398773945
"10 items, lambda = 2 (c doubled)","i10_l2",7,0.5,-3.2,0.000610879359434401,0.00244202474337047
"10 items, lambda = 2 (c doubled)","i10_l2",7,0.5,-3.18,0.000635793968395229,0.00254155893769992
"10 items, lambda = 2 (c doubled)","i10_l2",7,0.5,-3.16,0.000661724042557044,0.00264514465539419
"10 items, lambda = 2 (c doubled)","i10_l2",7,0.5,-3.14,0.000688710914073256,0.00275294636540037
"10 items, lambda = 2 (c doubled)","i10_l2",7,0.5,-3.12,0.000716797592766404,0.00286513517590963
"10 items, lambda = 2 (c doubled)","i10_l2",7,0.5,-3.1,0.000746028833836697,0.00298188909926313
"10 items, lambda = 2 (c doubled)","i10_l2",7,0.5,-3.08,0.000776451208270843,0.00310339332716807
"10 items, lambda = 2 (c doubled)","i10_l2",7,0.5,-3.06,0.000808113176056172,0.00322984051660342
"10 items, lambda = 2 (c doubled)","i10_l2",7,0.5,-3.04,0.000841065162308881,0.00336143108680652
"10 items, lambda = 2 (c doubled)","i10_l2",7,0.5,-3.02,0.000875359636429237,0.00349837352774459
"10 items, lambda = 2 (c doubled)","i10_l2",7,0.5,-3,0.000911051194400645,0.00364088472048731
"10 items, lambda = 2 (c doubled)","i10_l2",7,0.5,-2.98,0.000948196644353725,0.00378919026990945
"10 items, lambda = 2 (c doubled)","i10_l2",7,0.5,-2.96,0.000986855095520908,0.00394352485016541
"10 items, lambda = 2 (c doubled)","i10_l2",7,0.5,-2.94,0.00102708805071152,0.00410413256339043
"10 items, lambda = 2 (c doubled)","i10_l2",7,0.5,-2.92,0.00106895950244196,0.00427126731209641
"10 items, lambda = 2 (c doubled)","i10_l2",7,0.5,-2.9,0.00111253603286032,0.00444519318574364
"10 items, lambda = 2 (c doubled)","i10_l2",7,0.5,-2.88,0.00115788691760962,0.00462618486198258
"10 items, lambda = 2 (c doubled)","i10_l2",7,0.5,-2.86,0.00120508423377895,0.00481452802307378
"10 items, lambda = 2 (c doubled)","i10_l2",7,0.5,-2.84,0.00125420297209689,0.00501051978800668
"10 items, lambda = 2 (c doubled)","i10_l2",7,0.5,-2.82,0.00130532115352677,0.00521446916085171
"10 items, lambda = 2 (c doubled)","i10_l2",7,0.5,-2.8,0.00135851995042896,0.00542669749589298
"10 items, lambda = 2 (c doubled)","i10_l2",7,0.5,-2.78,0.00141388381246065,0.00564753898010204
"10 items, lambda = 2 (c doubled)","i10_l2",7,0.5,-2.76,0.00147150059738953,0.00587734113352564
"10 items, lambda = 2 (c doubled)","i10_l2",7,0.5,-2.74,0.00153146170700328,0.00611646532817307
"10 items, lambda = 2 (c doubled)","i10_l2",7,0.5,-2.72,0.00159386222830301,0.0063652873260008
"10 items, lambda = 2 (c doubled)","i10_l2",7,0.5,-2.7,0.00165880108017442,0.00662419783660333
"10 items, lambda = 2 (c doubled)","i10_l2",7,0.5,-2.68,0.00172638116573715,0.00689360309523097
"10 items, lambda = 2 (c doubled)","i10_l2",7,0.5,-2.66,0.00179670953057844,0.00717392546176469
"10 items, lambda = 2 (c doubled)","i10_l2",7,0.5,-2.64,0.00186989752708405,0.00746560404128902
"10 items, lambda = 2 (c doubled)","i10_l2",7,0.5,-2.62,0.00194606098508556,0.00776909532691154
"10 items, lambda = 2 (c doubled)","i10_l2",7,0.5,-2.6,0.00202532038904988,0.00808487386548633
"10 items, lambda = 2 (c doubled)","i10_l2",7,0.5,-2.58,0.00210780106204325,0.0084134329469044
"10 items, lambda = 2 (c doubled)","i10_l2",7,0.5,-2.56,0.00219363335670875,0.00875528531762032
"10 items, lambda = 2 (c doubled)","i10_l2",7,0.5,-2.54,0.00228295285350306,0.00911096391908697
"10 items, lambda = 2 (c doubled)","i10_l2",7,0.5,-2.52,0.00237590056644499,0.00948102265177341
"10 items, lambda = 2 (c doubled)","i10_l2",7,0.5,-2.5,0.00247262315663477,0.00986603716544019
"10 items, lambda = 2 (c doubled)","i10_l2",7,0.5,-2.48,0.00257327315381037,0.010266605676345
"10 items, lambda = 2 (c doubled)","i10_l2",7,0.5,-2.46,0.00267800918621312,0.0106833498120467
"10 items, lambda = 2 (c doubled)","i10_l2",7,0.5,-2.44,0.00278699621904228,0.0111169154844693
"10 items, lambda = 2 (c doubled)","i10_l2",7,0.5,-2.42,0.0029004058017842,0.0115679737918767
"10 items, lambda = 2 (c doubled)","i10_l2",7,0.5,-2.4,0.00301841632470842,0.0120372219503966
"10 items, lambda = 2 (c doubled)","i10_l2",7,0.5,-2.38,0.00314121328482943,0.0125253842557146
"10 items, lambda = 2 (c doubled)","i10_l2",7,0.5,-2.36,0.00326898956163862,0.0130332130755381
"10 items, lambda = 2 (c doubled)","i10_l2",7,0.5,-2.34,0.00340194570291726,0.0135614898734067
"10 items, lambda = 2 (c doubled)","i10_l2",7,0.5,-2.32,0.0035402902209465,0.0141110262643919
"10 items, lambda = 2 (c doubled)","i10_l2",7,0.5,-2.3,0.00368423989943599,0.0146826651031976
"10 items, lambda = 2 (c doubled)","i10_l2",7,0.5,-2.28,0.00383402011149744,0.0152772816051283
"10 items, lambda = 2 (c doubled)","i10_l2",7,0.5,-2.26,0.0039898651489941,0.0158957845003478
"10 items, lambda = 2 (c doubled)","i10_l2",7,0.5,-2.24,0.00415201856360064,0.0165391172217926
"10 items, lambda = 2 (c doubled)","i10_l2",7,0.5,-2.22,0.00432073351991192,0.0172082591270473
"10 items, lambda = 2 (c doubled)","i10_l2",7,0.5,-2.2,0.00449627316094118,0.0179042267544135
"10 items, lambda = 2 (c doubled)","i10_l2",7,0.5,-2.18,0.00467891098635071,0.01862807511333
"10 items, lambda = 2 (c doubled)","i10_l2",7,0.5,-2.16,0.00486893124375864,0.0193808990092088
"10 items, lambda = 2 (c doubled)","i10_l2",7,0.5,-2.14,0.00506662933346626,0.0201638344026541
"10 items, lambda = 2 (c doubled)","i10_l2",7,0.5,-2.12,0.00527231222694867,0.020978059802921
"10 items, lambda = 2 (c doubled)","i10_l2",7,0.5,-2.1,0.00548629889945041,0.0218247976953452
"10 items, lambda = 2 (c doubled)","i10_l2",7,0.5,-2.08,0.00570892077702334,0.0227053160023401
"10 items, lambda = 2 (c doubled)","i10_l2",7,0.5,-2.06,0.00594052219834037,0.0236209295774056
"10 items, lambda = 2 (c doubled)","i10_l2",7,0.5,-2.04,0.00618146089161114,0.0245730017314265
"10 items, lambda = 2 (c doubled)","i10_l2",7,0.5,-2.02,0.00643210846691863,0.0255629457903537
"10 items, lambda = 2 (c doubled)","i10_l2",7,0.5,-2,0.00669285092428486,0.0265922266831606
"10 items, lambda = 2 (c doubled)","i10_l2",7,0.5,-1.98,0.00696408917776209,0.0276623625587451
"10 items, lambda = 2 (c doubled)","i10_l2",7,0.5,-1.96,0.00724623959583143,0.0287749264302049
"10 items, lambda = 2 (c doubled)","i10_l2",7,0.5,-1.94,0.00753973455837339,0.0299315478446507
"10 items, lambda = 2 (c doubled)","i10_l2",7,0.5,-1.92,0.00784502303045563,0.031133914576429
"10 items, lambda = 2 (c doubled)","i10_l2",7,0.5,-1.9,0.0081625711531599,0.032383774341318
"10 items, lambda = 2 (c doubled)","i10_l2",7,0.5,-1.88,0.00849286285164435,0.03368293652891
"10 items, lambda = 2 (c doubled)","i10_l2",7,0.5,-1.86,0.00883640046060772,0.03503327395003
"10 items, lambda = 2 (c doubled)","i10_l2",7,0.5,-1.84,0.00919370536728809,0.0364367245956304
"10 items, lambda = 2 (c doubled)","i10_l2",7,0.5,-1.82,0.00956531867209168,0.037895293403172
"10 items, lambda = 2 (c doubled)","i10_l2",7,0.5,-1.8,0.00995180186690432,0.0394110540260248
"10 items, lambda = 2 (c doubled)","i10_l2",7,0.5,-1.78,0.0103537375310918,0.0409861506009161
"10 items, lambda = 2 (c doubled)","i10_l2",7,0.5,-1.76,0.0107717300451416,0.0426227995079049
"10 items, lambda = 2 (c doubled)","i10_l2",7,0.5,-1.74,0.0112064063218429,0.0443232911167705
"10 items, lambda = 2 (c doubled)","i10_l2",7,0.5,-1.72,0.0116584165548331,0.0460899915130684
"10 items, lambda = 2 (c doubled)","i10_l2",7,0.5,-1.7,0.0121284349842742,0.0479253441964259
"10 items, lambda = 2 (c doubled)","i10_l2",7,0.5,-1.68,0.0126171606793387,0.0498318717429218
"10 items, lambda = 2 (c doubled)","i10_l2",7,0.5,-1.66,0.0131253183371028,0.05181217742261
"10 items, lambda = 2 (c doubled)","i10_l2",7,0.5,-1.64,0.0136536590973509,0.0538689467624169
"10 items, lambda = 2 (c doubled)","i10_l2",7,0.5,-1.62,0.0142029613726911,0.0560049490437479
"10 items, lambda = 2 (c doubled)","i10_l2",7,0.5,-1.6,0.0147740316932731,0.0582230387231969
"10 items, lambda = 2 (c doubled)","i10_l2",7,0.5,-1.58,0.0153677055652755,0.0605261567637382
"10 items, lambda = 2 (c doubled)","i10_l2",7,0.5,-1.56,0.0159848483422026,0.0629173318627175
"10 items, lambda = 2 (c doubled)","i10_l2",7,0.5,-1.54,0.0166263561078816,0.0653996815618221
"10 items, lambda = 2 (c doubled)","i10_l2",7,0.5,-1.52,0.0172931565699054,0.0679764132230166
"10 items, lambda = 2 (c doubled)","i10_l2",7,0.5,-1.5,0.0179862099620916,0.0706508248531645
"10 items, lambda = 2 (c doubled)","i10_l2",7,0.5,-1.48,0.0187065099543546,0.0734263057587289
"10 items, lambda = 2 (c doubled)","i10_l2",7,0.5,-1.46,0.019455084568193,0.07630633701055
"10 items, lambda = 2 (c doubled)","i10_l2",7,0.5,-1.44,0.0202329970957854,0.0792944916972294
"10 items, lambda = 2 (c doubled)","i10_l2",7,0.5,-1.42,0.0210413470204683,0.08239443494413
"10 items, lambda = 2 (c doubled)","i10_l2",7,0.5,-1.4,0.0218812709361305,0.0856099236734005
"10 items, lambda = 2 (c doubled)","i10_l2",7,0.5,-1.38,0.022753943462804,0.0889448060787821
"10 items, lambda = 2 (c doubled)","i10_l2",7,0.5,-1.36,0.0236605781554612,0.0924030207872421
"10 items, lambda = 2 (c doubled)","i10_l2",7,0.5,-1.34,0.0246024284027394,0.0959885956777101
"10 items, lambda = 2 (c doubled)","i10_l2",7,0.5,-1.32,0.0255807883120077,0.0997056463253758
"10 items, lambda = 2 (c doubled)","i10_l2",7,0.5,-1.3,0.0265969935768659,0.103558374038152
"10 items, lambda = 2 (c doubled)","i10_l2",7,0.5,-1.28,0.0276524223228231,0.107551063450014
"10 items, lambda = 2 (c doubled)","i10_l2",7,0.5,-1.26,0.02874849592654,0.111688079634007
"10 items, lambda = 2 (c doubled)","i10_l2",7,0.5,-1.24,0.0298866798036363,0.115973864695805
"10 items, lambda = 2 (c doubled)","i10_l2",7,0.5,-1.22,0.0310684841596674,0.120412933806752
"10 items, lambda = 2 (c doubled)","i10_l2",7,0.5,-1.2,0.0322954646984505,0.125009870633447
"10 items, lambda = 2 (c doubled)","i10_l2",7,0.5,-1.18,0.0335692232814825,0.129769322119042
"10 items, lambda = 2 (c doubled)","i10_l2",7,0.5,-1.16,0.0348914085317368,0.134695992569633
"10 items, lambda = 2 (c doubled)","i10_l2",7,0.5,-1.14,0.0362637163746483,0.13979463699739
"10 items, lambda = 2 (c doubled)","i10_l2",7,0.5,-1.12,0.0376878905086059,0.145070053670469
"10 items, lambda = 2 (c doubled)","i10_l2",7,0.5,-1.1,0.0391657227967644,0.150527075818285
"10 items, lambda = 2 (c doubled)","i10_l2",7,0.5,-1.08,0.0406990535714665,0.156170562439414
"10 items, lambda = 2 (c doubled)","i10_l2",7,0.5,-1.06,0.0422897718420338,0.16200538815833
"10 items, lambda = 2 (c doubled)","i10_l2",7,0.5,-1.04,0.0439398153961413,0.168036432076377
"10 items, lambda = 2 (c doubled)","i10_l2",7,0.5,-1.02,0.0456511707844437,0.174268565561813
"10 items, lambda = 2 (c doubled)","i10_l2",7,0.5,-1,0.0474258731775668,0.180706638923649
"10 items, lambda = 2 (c doubled)","i10_l2",7,0.5,-0.98,0.0492660060840267,0.187355466914221
"10 items, lambda = 2 (c doubled)","i10_l2",7,0.5,-0.96,0.0511737009170917,0.194219813006159
"10 items, lambda = 2 (c doubled)","i10_l2",7,0.5,-0.94,0.0531511363980637,0.201304372390633
"10 items, lambda = 2 (c doubled)","i10_l2",7,0.5,-0.92,0.0552005377829343,0.208613753645637
"10 items, lambda = 2 (c doubled)","i10_l2",7,0.5,-0.9,0.0573241758988688,0.216152459025537
"10 items, lambda = 2 (c doubled)","i10_l2",7,0.5,-0.88,0.0595243659765015,0.223924863326388
"10 items, lambda = 2 (c doubled)","i10_l2",7,0.5,-0.86,0.0618034662635886,0.231935191285576
"10 items, lambda = 2 (c doubled)","i10_l2",7,0.5,-0.84,0.064163876405174,0.240187493479342
"10 items, lambda = 2 (c doubled)","i10_l2",7,0.5,-0.82,0.0666080355750907,0.248685620687673
"10 items, lambda = 2 (c doubled)","i10_l2",7,0.5,-0.8,0.0691384203433468,0.257433196703094
"10 items, lambda = 2 (c doubled)","i10_l2",7,0.5,-0.78,0.0717575422637514,0.266433589568069
"10 items, lambda = 2 (c doubled)","i10_l2",7,0.5,-0.76,0.0744679451660281,0.27568988123511
"10 items, lambda = 2 (c doubled)","i10_l2",7,0.5,-0.74,0.0772722021366599,0.285204835654444
"10 items, lambda = 2 (c doubled)","i10_l2",7,0.5,-0.72,0.0801729121728124,0.294980865306172
"10 items, lambda = 2 (c doubled)","i10_l2",7,0.5,-0.7,0.0831726964939224,0.305019996207409
"10 items, lambda = 2 (c doubled)","i10_l2",7,0.5,-0.68,0.0862741944959167,0.31532383143999
"10 items, lambda = 2 (c doubled)","i10_l2",7,0.5,-0.66,0.0894800593335614,0.325893513260895
"10 items, lambda = 2 (c doubled)","i10_l2",7,0.5,-0.64,0.092792953117157,0.336729683875816
"10 items, lambda = 2 (c doubled)","i10_l2",7,0.5,-0.62,0.0962155417106928,0.347832444976043
"10 items, lambda = 2 (c doubled)","i10_l2",7,0.5,-0.6,0.0997504891196851,0.359201316160275
"10 items, lambda = 2 (c doubled)","i10_l2",7,0.5,-0.58,0.10340045145825,0.370835192385919
"10 items, lambda = 2 (c doubled)","i10_l2",7,0.5,-0.56,0.107168070486528,0.382732300618891
"10 items, lambda = 2 (c doubled)","i10_l2",7,0.5,-0.54,0.111055966711408,0.394890155876809
"10 items, lambda = 2 (c doubled)","i10_l2",7,0.5,-0.52,0.11506673204555,0.40730551688763
"10 items, lambda = 2 (c doubled)","i10_l2",7,0.5,-0.5,0.119202922022118,0.419974341614026
"10 items, lambda = 2 (c doubled)","i10_l2",7,0.5,-0.48,0.123467047565224,0.432891742923003
"10 items, lambda = 2 (c doubled)","i10_l2",7,0.5,-0.46,0.127861566319081,0.44605194471005
"10 items, lambda = 2 (c doubled)","i10_l2",7,0.5,-0.44,0.132388873542065,0.459448238817314
"10 items, lambda = 2 (c doubled)","i10_l2",7,0.5,-0.42,0.13705129257546,0.473072943115422
"10 items, lambda = 2 (c doubled)","i10_l2",7,0.5,-0.4,0.141851064900488,0.486917361148342
"10 items, lambda = 2 (c doubled)","i10_l2",7,0.5,-0.38,0.146790339801382,0.500971743769508
"10 items, lambda = 2 (c doubled)","i10_l2",7,0.5,-0.36,0.151871163656659,0.515225253224926
"10 items, lambda = 2 (c doubled)","i10_l2",7,0.5,-0.34,0.157095468885453,0.52966593016445
"10 items, lambda = 2 (c doubled)","i10_l2",7,0.5,-0.32,0.162465062580696,0.544280664085386
"10 items, lambda = 2 (c doubled)","i10_l2",7,0.5,-0.3,0.167981614866076,0.559055167732244
"10 items, lambda = 2 (c doubled)","i10_l2",7,0.5,-0.28,0.173646647019005,0.573973955992249
"10 items, lambda = 2 (c doubled)","i10_l2",7,0.5,-0.26,0.179461519407327,0.589020329837362
"10 items, lambda = 2 (c doubled)","i10_l2",7,0.5,-0.24,0.185427419292982,0.604176365869307
"10 items, lambda = 2 (c doubled)","i10_l2",7,0.5,-0.22,0.191545348561468,0.619422912023734
"10 items, lambda = 2 (c doubled)","i10_l2",7,0.5,-0.2,0.197816111441418,0.634739589982459
"10 items, lambda = 2 (c doubled)","i10_l2",7,0.5,-0.18,0.204240302284092,0.650104804827979
"10 items, lambda = 2 (c doubled)","i10_l2",7,0.5,-0.16,0.210818293477747,0.66549576245151
"10 items, lambda = 2 (c doubled)","i10_l2",7,0.5,-0.14,0.217550223576887,0.680888495194135
"10 items, lambda = 2 (c doubled)","i10_l2",7,0.5,-0.12,0.224435985730927,0.696257896159655
"10 items, lambda = 2 (c doubled)","i10_l2",7,0.5,-0.1,0.231475216500982,0.711577762587223
"10 items, lambda = 2 (c doubled)","i10_l2",7,0.5,-0.0800000000000001,0.23866728515709,0.726820848611336
"10 items, lambda = 2 (c doubled)","i10_l2",7,0.5,-0.06,0.246011283551052,0.741958927666463
"10 items, lambda = 2 (c doubled)","i10_l2",7,0.5,-0.04,0.253506016662338,0.756962864713329
"10 items, lambda = 2 (c doubled)","i10_l2",7,0.5,-0.02,0.261149993915751,0.771802698374217
"10 items, lambda = 2 (c doubled)","i10_l2",7,0.5,0,0.268941421369995,0.786447732965927
"10 items, lambda = 2 (c doubled)","i10_l2",7,0.5,0.0200000000000005,0.27687819487561,0.800866640312136
"10 items, lambda = 2 (c doubled)","i10_l2",7,0.5,0.04,0.28495789429901,0.815027571102737
"10 items, lambda = 2 (c doubled)","i10_l2",7,0.5,0.0600000000000005,0.293177778906433,0.828898275447694
"10 items, lambda = 2 (c doubled)","i10_l2",7,0.5,0.0800000000000001,0.301534783997461,0.842446232148263
"10 items, lambda = 2 (c doubled)","i10_l2",7,0.5,0.0999999999999996,0.310025518872387,0.855638786081177
"10 items, lambda = 2 (c doubled)","i10_l2",7,0.5,0.12,0.318646266210975,0.868443292963117
"10 items, lambda = 2 (c doubled)","i10_l2",7,0.5,0.14,0.327392982932239,0.880827270635879
"10 items, lambda = 2 (c doubled)","i10_l2",7,0.5,0.16,0.336261302595647,0.892758555889304
"10 items, lambda = 2 (c doubled)","i10_l2",7,0.5,0.18,0.345246539393681,0.904205465721473
"10 items, lambda = 2 (c doubled)","i10_l2",7,0.5,0.2,0.354343693774205,0.915136961826629
"10 items, lambda = 2 (c doubled)","i10_l2",7,0.5,0.22,0.363547459718433,0.92552281700283
"10 items, lambda = 2 (c doubled)","i10_l2",7,0.5,0.24,0.372852233686805,0.93533378208626
"10 items, lambda = 2 (c doubled)","i10_l2",7,0.5,0.26,0.382252125230751,0.944541751949301
"10 items, lambda = 2 (c doubled)","i10_l2",7,0.5,0.28,0.391740969253486,0.953119929047301
"10 items, lambda = 2 (c doubled)","i10_l2",7,0.5,0.3,0.401312339887548,0.961042982966116
"10 items, lambda = 2 (c doubled)","i10_l2",7,0.5,0.32,0.410959565941335,0.968287204410578
"10 items, lambda = 2 (c doubled)","i10_l2",7,0.5,0.34,0.42067574785125,0.974830652084166
"10 items, lambda = 2 (c doubled)","i10_l2",7,0.5,0.36,0.430453776060771,0.980653290943178
"10 items, lambda = 2 (c doubled)","i10_l2",7,0.5,0.38,0.440286350732807,0.985737120364779
"10 items, lambda = 2 (c doubled)","i10_l2",7,0.5,0.4,0.450166002687522,0.99006629084744
"10 items, lambda = 2 (c doubled)","i10_l2",7,0.5,0.42,0.460085115444434,0.993627207963663
"10 items, lambda = 2 (c doubled)","i10_l2",7,0.5,0.44,0.470035948235428,0.9964086224074
"10 items, lambda = 2 (c doubled)","i10_l2",7,0.5,0.46,0.480010659844418,0.998401705120578
"10 items, lambda = 2 (c doubled)","i10_l2",7,0.5,0.48,0.490001333120035,0.999600106642494
"10 items, lambda = 2 (c doubled)","i10_l2",7,0.5,0.5,0.5,1
"10 items, lambda = 2 (c doubled)","i10_l2",7,0.5,0.52,0.509998666879966,0.999600106642494
"10 items, lambda = 2 (c doubled)","i10_l2",7,0.5,0.54,0.519989340155582,0.998401705120578
"10 items, lambda = 2 (c doubled)","i10_l2",7,0.5,0.56,0.529964051764572,0.9964086224074
"10 items, lambda = 2 (c doubled)","i10_l2",7,0.5,0.58,0.539914884555566,0.993627207963663
"10 items, lambda = 2 (c doubled)","i10_l2",7,0.5,0.6,0.549833997312478,0.99006629084744
"10 items, lambda = 2 (c doubled)","i10_l2",7,0.5,0.62,0.559713649267193,0.985737120364779
"10 items, lambda = 2 (c doubled)","i10_l2",7,0.5,0.64,0.569546223939229,0.980653290943178
"10 items, lambda = 2 (c doubled)","i10_l2",7,0.5,0.66,0.57932425214875,0.974830652084166
"10 items, lambda = 2 (c doubled)","i10_l2",7,0.5,0.68,0.589040434058665,0.968287204410578
"10 items, lambda = 2 (c doubled)","i10_l2",7,0.5,0.7,0.598687660112452,0.961042982966117
"10 items, lambda = 2 (c doubled)","i10_l2",7,0.5,0.72,0.608259030746514,0.953119929047301
"10 items, lambda = 2 (c doubled)","i10_l2",7,0.5,0.74,0.617747874769249,0.944541751949301
"10 items, lambda = 2 (c doubled)","i10_l2",7,0.5,0.76,0.627147766313195,0.93533378208626
"10 items, lambda = 2 (c doubled)","i10_l2",7,0.5,0.78,0.636452540281566,0.92552281700283
"10 items, lambda = 2 (c doubled)","i10_l2",7,0.5,0.8,0.645656306225795,0.915136961826629
"10 items, lambda = 2 (c doubled)","i10_l2",7,0.5,0.82,0.654753460606319,0.904205465721473
"10 items, lambda = 2 (c doubled)","i10_l2",7,0.5,0.84,0.663738697404353,0.892758555889304
"10 items, lambda = 2 (c doubled)","i10_l2",7,0.5,0.86,0.672607017067761,0.880827270635879
"10 items, lambda = 2 (c doubled)","i10_l2",7,0.5,0.88,0.681353733789026,0.868443292963117
"10 items, lambda = 2 (c doubled)","i10_l2",7,0.5,0.9,0.689974481127613,0.855638786081177
"10 items, lambda = 2 (c doubled)","i10_l2",7,0.5,0.92,0.698465216002539,0.842446232148263
"10 items, lambda = 2 (c doubled)","i10_l2",7,0.5,0.94,0.706822221093568,0.828898275447694
"10 items, lambda = 2 (c doubled)","i10_l2",7,0.5,0.96,0.71504210570099,0.815027571102737
"10 items, lambda = 2 (c doubled)","i10_l2",7,0.5,0.98,0.72312180512439,0.800866640312135
"10 items, lambda = 2 (c doubled)","i10_l2",7,0.5,1,0.731058578630005,0.786447732965927
"10 items, lambda = 2 (c doubled)","i10_l2",7,0.5,1.02,0.738850006084249,0.771802698374216
"10 items, lambda = 2 (c doubled)","i10_l2",7,0.5,1.04,0.746493983337662,0.756962864713329
"10 items, lambda = 2 (c doubled)","i10_l2",7,0.5,1.06,0.753988716448948,0.741958927666463
"10 items, lambda = 2 (c doubled)","i10_l2",7,0.5,1.08,0.76133271484291,0.726820848611336
"10 items, lambda = 2 (c doubled)","i10_l2",7,0.5,1.1,0.768524783499018,0.711577762587222
"10 items, lambda = 2 (c doubled)","i10_l2",7,0.5,1.12,0.775564014269074,0.696257896159655
"10 items, lambda = 2 (c doubled)","i10_l2",7,0.5,1.14,0.782449776423112,0.680888495194135
"10 items, lambda = 2 (c doubled)","i10_l2",7,0.5,1.16,0.789181706522253,0.66549576245151
"10 items, lambda = 2 (c doubled)","i10_l2",7,0.5,1.18,0.795759697715908,0.650104804827978
"10 items, lambda = 2 (c doubled)","i10_l2",7,0.5,1.2,0.802183888558582,0.634739589982458
"10 items, lambda = 2 (c doubled)","i10_l2",7,0.5,1.22,0.808454651438532,0.619422912023734
"10 items, lambda = 2 (c doubled)","i10_l2",7,0.5,1.24,0.814572580707018,0.604176365869307
"10 items, lambda = 2 (c doubled)","i10_l2",7,0.5,1.26,0.820538480592673,0.589020329837362
"10 items, lambda = 2 (c doubled)","i10_l2",7,0.5,1.28,0.826353352980995,0.573973955992248
"10 items, lambda = 2 (c doubled)","i10_l2",7,0.5,1.3,0.832018385133924,0.559055167732244
"10 items, lambda = 2 (c doubled)","i10_l2",7,0.5,1.32,0.837534937419304,0.544280664085386
"10 items, lambda = 2 (c doubled)","i10_l2",7,0.5,1.34,0.842904531114547,0.52966593016445
"10 items, lambda = 2 (c doubled)","i10_l2",7,0.5,1.36,0.848128836343341,0.515225253224925
"10 items, lambda = 2 (c doubled)","i10_l2",7,0.5,1.38,0.853209660198618,0.500971743769508
"10 items, lambda = 2 (c doubled)","i10_l2",7,0.5,1.4,0.858148935099512,0.486917361148341
"10 items, lambda = 2 (c doubled)","i10_l2",7,0.5,1.42,0.86294870742454,0.473072943115421
"10 items, lambda = 2 (c doubled)","i10_l2",7,0.5,1.44,0.867611126457935,0.459448238817313
"10 items, lambda = 2 (c doubled)","i10_l2",7,0.5,1.46,0.872138433680919,0.44605194471005
"10 items, lambda = 2 (c doubled)","i10_l2",7,0.5,1.48,0.876532952434776,0.432891742923002
"10 items, lambda = 2 (c doubled)","i10_l2",7,0.5,1.5,0.880797077977882,0.419974341614026
"10 items, lambda = 2 (c doubled)","i10_l2",7,0.5,1.52,0.88493326795445,0.407305516887629
"10 items, lambda = 2 (c doubled)","i10_l2",7,0.5,1.54,0.888944033288592,0.394890155876809
"10 items, lambda = 2 (c doubled)","i10_l2",7,0.5,1.56,0.892831929513472,0.382732300618891
"10 items, lambda = 2 (c doubled)","i10_l2",7,0.5,1.58,0.89659954854175,0.370835192385919
"10 items, lambda = 2 (c doubled)","i10_l2",7,0.5,1.6,0.900249510880315,0.359201316160274
"10 items, lambda = 2 (c doubled)","i10_l2",7,0.5,1.62,0.903784458289307,0.347832444976043
"10 items, lambda = 2 (c doubled)","i10_l2",7,0.5,1.64,0.907207046882843,0.336729683875817
"10 items, lambda = 2 (c doubled)","i10_l2",7,0.5,1.66,0.910519940666439,0.325893513260895
"10 items, lambda = 2 (c doubled)","i10_l2",7,0.5,1.68,0.913725805504083,0.31532383143999
"10 items, lambda = 2 (c doubled)","i10_l2",7,0.5,1.7,0.916827303506078,0.305019996207409
"10 items, lambda = 2 (c doubled)","i10_l2",7,0.5,1.72,0.919827087827188,0.294980865306171
"10 items, lambda = 2 (c doubled)","i10_l2",7,0.5,1.74,0.92272779786334,0.285204835654444
"10 items, lambda = 2 (c doubled)","i10_l2",7,0.5,1.76,0.925532054833972,0.27568988123511
"10 items, lambda = 2 (c doubled)","i10_l2",7,0.5,1.78,0.928242457736249,0.266433589568069
"10 items, lambda = 2 (c doubled)","i10_l2",7,0.5,1.8,0.930861579656653,0.257433196703094
"10 items, lambda = 2 (c doubled)","i10_l2",7,0.5,1.82,0.933391964424909,0.248685620687672
"10 items, lambda = 2 (c doubled)","i10_l2",7,0.5,1.84,0.935836123594826,0.240187493479342
"10 items, lambda = 2 (c doubled)","i10_l2",7,0.5,1.86,0.938196533736411,0.231935191285576
"10 items, lambda = 2 (c doubled)","i10_l2",7,0.5,1.88,0.940475634023498,0.223924863326388
"10 items, lambda = 2 (c doubled)","i10_l2",7,0.5,1.9,0.942675824101131,0.216152459025537
"10 items, lambda = 2 (c doubled)","i10_l2",7,0.5,1.92,0.944799462217066,0.208613753645637
"10 items, lambda = 2 (c doubled)","i10_l2",7,0.5,1.94,0.946848863601936,0.201304372390633
"10 items, lambda = 2 (c doubled)","i10_l2",7,0.5,1.96,0.948826299082908,0.194219813006159
"10 items, lambda = 2 (c doubled)","i10_l2",7,0.5,1.98,0.950733993915973,0.187355466914221
"10 items, lambda = 2 (c doubled)","i10_l2",7,0.5,2,0.952574126822433,0.180706638923648
"10 items, lambda = 2 (c doubled)","i10_l2",7,0.5,2.02,0.954348829215556,0.174268565561813
"10 items, lambda = 2 (c doubled)","i10_l2",7,0.5,2.04,0.956060184603859,0.168036432076377
"10 items, lambda = 2 (c doubled)","i10_l2",7,0.5,2.06,0.957710228157966,0.16200538815833
"10 items, lambda = 2 (c doubled)","i10_l2",7,0.5,2.08,0.959300946428534,0.156170562439413
"10 items, lambda = 2 (c doubled)","i10_l2",7,0.5,2.1,0.960834277203236,0.150527075818285
"10 items, lambda = 2 (c doubled)","i10_l2",7,0.5,2.12,0.962312109491394,0.145070053670469
"10 items, lambda = 2 (c doubled)","i10_l2",7,0.5,2.14,0.963736283625352,0.13979463699739
"10 items, lambda = 2 (c doubled)","i10_l2",7,0.5,2.16,0.965108591468263,0.134695992569633
"10 items, lambda = 2 (c doubled)","i10_l2",7,0.5,2.18,0.966430776718518,0.129769322119042
"10 items, lambda = 2 (c doubled)","i10_l2",7,0.5,2.2,0.96770453530155,0.125009870633446
"10 items, lambda = 2 (c doubled)","i10_l2",7,0.5,2.22,0.968931515840333,0.120412933806752
"10 items, lambda = 2 (c doubled)","i10_l2",7,0.5,2.24,0.970113320196364,0.115973864695804
"10 items, lambda = 2 (c doubled)","i10_l2",7,0.5,2.26,0.97125150407346,0.111688079634007
"10 items, lambda = 2 (c doubled)","i10_l2",7,0.5,2.28,0.972347577677177,0.107551063450013
"10 items, lambda = 2 (c doubled)","i10_l2",7,0.5,2.3,0.973403006423134,0.103558374038152
"10 items, lambda = 2 (c doubled)","i10_l2",7,0.5,2.32,0.974419211687992,0.0997056463253754
"10 items, lambda = 2 (c doubled)","i10_l2",7,0.5,2.34,0.97539757159726,0.0959885956777104
"10 items, lambda = 2 (c doubled)","i10_l2",7,0.5,2.36,0.976339421844539,0.092403020787242
"10 items, lambda = 2 (c doubled)","i10_l2",7,0.5,2.38,0.977246056537196,0.0889448060787826
"10 items, lambda = 2 (c doubled)","i10_l2",7,0.5,2.4,0.978118729063869,0.0856099236734009
"10 items, lambda = 2 (c doubled)","i10_l2",7,0.5,2.42,0.978958652979532,0.0823944349441303
"10 items, lambda = 2 (c doubled)","i10_l2",7,0.5,2.44,0.979767002904215,0.0792944916972294
"10 items, lambda = 2 (c doubled)","i10_l2",7,0.5,2.46,0.980544915431807,0.0763063370105503
"10 items, lambda = 2 (c doubled)","i10_l2",7,0.5,2.48,0.981293490045645,0.0734263057587286
"10 items, lambda = 2 (c doubled)","i10_l2",7,0.5,2.5,0.982013790037908,0.0706508248531644
"10 items, lambda = 2 (c doubled)","i10_l2",7,0.5,2.52,0.982706843430095,0.0679764132230165
"10 items, lambda = 2 (c doubled)","i10_l2",7,0.5,2.54,0.983373643892118,0.0653996815618223
"10 items, lambda = 2 (c doubled)","i10_l2",7,0.5,2.56,0.984015151657797,0.0629173318627175
"10 items, lambda = 2 (c doubled)","i10_l2",7,0.5,2.58,0.984632294434724,0.0605261567637382
"10 items, lambda = 2 (c doubled)","i10_l2",7,0.5,2.6,0.985225968306727,0.0582230387231969
"10 items, lambda = 2 (c doubled)","i10_l2",7,0.5,2.62,0.985797038627309,0.056004949043748
"10 items, lambda = 2 (c doubled)","i10_l2",7,0.5,2.64,0.986346340902649,0.0538689467624171
"10 items, lambda = 2 (c doubled)","i10_l2",7,0.5,2.66,0.986874681662897,0.0518121774226102
"10 items, lambda = 2 (c doubled)","i10_l2",7,0.5,2.68,0.987382839320661,0.0498318717429218
"10 items, lambda = 2 (c doubled)","i10_l2",7,0.5,2.7,0.987871565015726,0.0479253441964261
"10 items, lambda = 2 (c doubled)","i10_l2",7,0.5,2.72,0.988341583445167,0.046089991513068
"10 items, lambda = 2 (c doubled)","i10_l2",7,0.5,2.74,0.988793593678157,0.0443232911167706
"10 items, lambda = 2 (c doubled)","i10_l2",7,0.5,2.76,0.989228269954858,0.0426227995079045
"10 items, lambda = 2 (c doubled)","i10_l2",7,0.5,2.78,0.989646262468908,0.0409861506009159
"10 items, lambda = 2 (c doubled)","i10_l2",7,0.5,2.8,0.990048198133096,0.0394110540260245
"10 items, lambda = 2 (c doubled)","i10_l2",7,0.5,2.82,0.990434681327908,0.0378952934031719
"10 items, lambda = 2 (c doubled)","i10_l2",7,0.5,2.84,0.990806294632712,0.0364367245956301
"10 items, lambda = 2 (c doubled)","i10_l2",7,0.5,2.86,0.991163599539392,0.03503327395003
"10 items, lambda = 2 (c doubled)","i10_l2",7,0.5,2.88,0.991507137148356,0.0336829365289098
"10 items, lambda = 2 (c doubled)","i10_l2",7,0.5,2.9,0.99183742884684,0.0323837743413179
"10 items, lambda = 2 (c doubled)","i10_l2",7,0.5,2.92,0.992154976969544,0.0311339145764295
"10 items, lambda = 2 (c doubled)","i10_l2",7,0.5,2.94,0.992460265441627,0.0299315478446508
"10 items, lambda = 2 (c doubled)","i10_l2",7,0.5,2.96,0.992753760404169,0.0287749264302051
"10 items, lambda = 2 (c doubled)","i10_l2",7,0.5,2.98,0.993035910822238,0.0276623625587453
"10 items, lambda = 2 (c doubled)","i10_l2",7,0.5,3,0.993307149075715,0.0265922266831601
"10 items, lambda = 2 (c doubled)","i10_l2",7,0.5,3.02,0.993567891533081,0.0255629457903543
"10 items, lambda = 2 (c doubled)","i10_l2",7,0.5,3.04,0.993818539108389,0.0245730017314263
"10 items, lambda = 2 (c doubled)","i10_l2",7,0.5,3.06,0.99405947780166,0.0236209295774053
"10 items, lambda = 2 (c doubled)","i10_l2",7,0.5,3.08,0.994291079222977,0.0227053160023405
"10 items, lambda = 2 (c doubled)","i10_l2",7,0.5,3.1,0.99451370110055,0.0218247976953456
"10 items, lambda = 2 (c doubled)","i10_l2",7,0.5,3.12,0.994727687773051,0.020978059802921
"10 items, lambda = 2 (c doubled)","i10_l2",7,0.5,3.14,0.994933370666534,0.020163834402654
"10 items, lambda = 2 (c doubled)","i10_l2",7,0.5,3.16,0.995131068756241,0.0193808990092088
"10 items, lambda = 2 (c doubled)","i10_l2",7,0.5,3.18,0.995321089013649,0.0186280751133303
"10 items, lambda = 2 (c doubled)","i10_l2",7,0.5,3.2,0.995503726839059,0.0179042267544134
"10 items, lambda = 2 (c doubled)","i10_l2",7,0.5,3.22,0.995679266480088,0.0172082591270473
"10 items, lambda = 2 (c doubled)","i10_l2",7,0.5,3.24,0.995847981436399,0.0165391172217929
"10 items, lambda = 2 (c doubled)","i10_l2",7,0.5,3.26,0.996010134851006,0.0158957845003475
"10 items, lambda = 2 (c doubled)","i10_l2",7,0.5,3.28,0.996165979888503,0.015277281605128
"10 items, lambda = 2 (c doubled)","i10_l2",7,0.5,3.3,0.996315760100564,0.0146826651031972
"10 items, lambda = 2 (c doubled)","i10_l2",7,0.5,3.32,0.996459709779054,0.0141110262643918
"10 items, lambda = 2 (c doubled)","i10_l2",7,0.5,3.34,0.996598054297083,0.0135614898734068
"10 items, lambda = 2 (c doubled)","i10_l2",7,0.5,3.36,0.996731010438361,0.0130332130755379
"10 items, lambda = 2 (c doubled)","i10_l2",7,0.5,3.38,0.996858786715171,0.0125253842557145
"10 items, lambda = 2 (c doubled)","i10_l2",7,0.5,3.4,0.996981583675292,0.0120372219503963
"10 items, lambda = 2 (c doubled)","i10_l2",7,0.5,3.42,0.997099594198216,0.0115679737918767
"10 items, lambda = 2 (c doubled)","i10_l2",7,0.5,3.44,0.997213003780958,0.011116915484469
"10 items, lambda = 2 (c doubled)","i10_l2",7,0.5,3.46,0.997321990813787,0.0106833498120461
"10 items, lambda = 2 (c doubled)","i10_l2",7,0.5,3.48,0.99742672684619,0.0102666056763447
"10 items, lambda = 2 (c doubled)","i10_l2",7,0.5,3.5,0.997527376843365,0.00986603716543972
"10 items, lambda = 2 (c doubled)","i10_l2",7,0.5,3.52,0.997624099433555,0.00948102265177342
"10 items, lambda = 2 (c doubled)","i10_l2",7,0.5,3.54,0.997717047146497,0.00911096391908671
"10 items, lambda = 2 (c doubled)","i10_l2",7,0.5,3.56,0.997806366643291,0.00875528531762032
"10 items, lambda = 2 (c doubled)","i10_l2",7,0.5,3.58,0.997892198937957,0.00841343294690474
"10 items, lambda = 2 (c doubled)","i10_l2",7,0.5,3.6,0.99797467961095,0.0080848738654864
"10 items, lambda = 2 (c doubled)","i10_l2",7,0.5,3.62,0.998053939014914,0.00776909532691192
"10 items, lambda = 2 (c doubled)","i10_l2",7,0.5,3.64,0.998130102472916,0.00746560404128925
"10 items, lambda = 2 (c doubled)","i10_l2",7,0.5,3.66,0.998203290469422,0.0071739254617646
"10 items, lambda = 2 (c doubled)","i10_l2",7,0.5,3.68,0.998273618834263,0.00689360309523115
"10 items, lambda = 2 (c doubled)","i10_l2",7,0.5,3.7,0.998341198919826,0.00662419783660351
"10 items, lambda = 2 (c doubled)","i10_l2",7,0.5,3.72,0.998406137771697,0.00636528732600093
"10 items, lambda = 2 (c doubled)","i10_l2",7,0.5,3.74,0.998468538292997,0.00611646532817336
"10 items, lambda = 2 (c doubled)","i10_l2",7,0.5,3.76,0.99852849940261,0.00587734113352569
"10 items, lambda = 2 (c doubled)","i10_l2",7,0.5,3.78,0.998586116187539,0.00564753898010208
"10 items, lambda = 2 (c doubled)","i10_l2",7,0.5,3.8,0.998641480049571,0.00542669749589277
"10 items, lambda = 2 (c doubled)","i10_l2",7,0.5,3.82,0.998694678846473,0.00521446916085216
"10 items, lambda = 2 (c doubled)","i10_l2",7,0.5,3.84,0.998745797027903,0.00501051978800667
"10 items, lambda = 2 (c doubled)","i10_l2",7,0.5,3.86,0.998794915766221,0.00481452802307384
"10 items, lambda = 2 (c doubled)","i10_l2",7,0.5,3.88,0.99884211308239,0.00462618486198272
"10 items, lambda = 2 (c doubled)","i10_l2",7,0.5,3.9,0.99888746396714,0.0044451931857432
"10 items, lambda = 2 (c doubled)","i10_l2",7,0.5,3.92,0.998931040497558,0.00427126731209661
"10 items, lambda = 2 (c doubled)","i10_l2",7,0.5,3.94,0.998972911949289,0.00410413256339034
"10 items, lambda = 2 (c doubled)","i10_l2",7,0.5,3.96,0.999013144904479,0.00394352485016573
"10 items, lambda = 2 (c doubled)","i10_l2",7,0.5,3.98,0.999051803355646,0.00378919026990954
"10 items, lambda = 2 (c doubled)","i10_l2",7,0.5,4,0.999088948805599,0.00364088472048714
"10 items, lambda = 2 (c doubled)","i10_l2",8,0.833333333333333,-4,6.33566917498358e-05,0.000253410710717785
"10 items, lambda = 2 (c doubled)","i10_l2",8,0.833333333333333,-3.98,6.59421568880241e-05,0.000263751234079876
"10 items, lambda = 2 (c doubled)","i10_l2",8,0.833333333333333,-3.96,6.86331226604796e-05,0.000274513648619814
"10 items, lambda = 2 (c doubled)","i10_l2",8,0.833333333333333,-3.94,7.14338934472401e-05,0.000285715162584428
"10 items, lambda = 2 (c doubled)","i10_l2",8,0.833333333333333,-3.92,7.4348949194952e-05,0.000297373685714823
"10 items, lambda = 2 (c doubled)","i10_l2",8,0.833333333333333,-3.9,7.73829525736797e-05,0.000309507857809323
"10 items, lambda = 2 (c doubled)","i10_l2",8,0.833333333333333,-3.88,8.05407564251078e-05,0.000322137078446649
"10 items, lambda = 2 (c doubled)","i10_l2",8,0.833333333333333,-3.86,8.38274115139709e-05,0.000335281537916199
"10 items, lambda = 2 (c doubled)","i10_l2",8,0.833333333333333,-3.84,8.72481745950235e-05,0.000348962249404214
"10 items, lambda = 2 (c doubled)","i10_l2",8,0.833333333333333,-3.82,9.08085168083616e-05,0.000363201082486547
"10 items, lambda = 2 (c doubled)","i10_l2",8,0.833333333333333,-3.8,9.45141324164239e-05,0.00037802079798079
"10 items, lambda = 2 (c doubled)","i10_l2",8,0.833333333333333,-3.78,9.83709478965398e-05,0.000393445084212599
"10 items, lambda = 2 (c doubled)","i10_l2",8,0.833333333333333,-3.76,0.000102385131403447,0.000409498594753258
"10 items, lambda = 2 (c doubled)","i10_l2",8,0.833333333333333,-3.74,0.000106563102616787,0.000426206987687791
"10 items, lambda = 2 (c doubled)","i10_l2",8,0.833333333333333,-3.72,0.000110911542989192,0.000443596966475296
"10 items, lambda = 2 (c doubled)","i10_l2",8,0.833333333333333,-3.7,0.0001154374064112,0.000461696322465606
"10 items, lambda = 2 (c doubled)","i10_l2",8,0.833333333333333,-3.68,0.000120147930309899,0.000480533979138964
"10 items, lambda = 2 (c doubled)","i10_l2",8,0.833333333333333,-3.66,0.000125050647198862,0.00050014003813799
"10 items, lambda = 2 (c doubled)","i10_l2",8,0.833333333333333,-3.64,0.000130153396697676,0.000520545827164016
"10 items, lambda = 2 (c doubled)","i10_l2",8,0.833333333333333,-3.62,0.000135464338040052,0.000541783949812684
"10 items, lambda = 2 (c doubled)","i10_l2",8,0.833333333333333,-3.6,0.000140991963090321,0.000563888337426658
"10 items, lambda = 2 (c doubled)","i10_l2",8,0.833333333333333,-3.58,0.000146745109888875,0.000586894303046395
"10 items, lambda = 2 (c doubled)","i10_l2",8,0.833333333333333,-3.56,0.000152732976747955,0.000610838597543075
"10 items, lambda = 2 (c doubled)","i10_l2",8,0.833333333333333,-3.54,0.000158965136920041,0.000635759468021139
"10 items, lambda = 2 (c doubled)","i10_l2",8,0.833333333333333,-3.52,0.000165451553861995,0.000661696718581277
"10 items, lambda = 2 (c doubled)","i10_l2",8,0.833333333333333,-3.5,0.000172202597119026,0.000688691773538286
"10 items, lambda = 2 (c doubled)","i10_l2",8,0.833333333333333,-3.48,0.000179229058853518,0.000716787743191922
"10 items, lambda = 2 (c doubled)","i10_l2",8,0.833333333333333,-3.46,0.000186542171044749,0.000746029492252682
"10 items, lambda = 2 (c doubled)","i10_l2",8,0.833333333333333,-3.44,0.000194153623386588,0.000776463711028456
"10 items, lambda = 2 (c doubled)","i10_l2",8,0.833333333333333,-3.42,0.000202075581911319,0.000808138989482055
"10 items, lambda = 2 (c doubled)","i10_l2",8,0.833333333333333,-3.4,0.000210320708368862,0.000841105894273971
"10 items, lambda = 2 (c doubled)","i10_l2",8,0.833333333333333,-3.38,0.000218902180391851,0.000875417048909083
"10 items, lambda = 2 (c doubled)","i10_l2",8,0.833333333333333,-3.36,0.000227833712478205,0.000911127217110655
"10 items, lambda = 2 (c doubled)","i10_l2",8,0.833333333333333,-3.34,0.000237129577824108,0.000948293389549714
"10 items, lambda = 2 (c doubled)","i10_l2",8,0.833333333333333,-3.32,0.000246804631041607,0.000986974874062812
"10 items, lambda = 2 (c doubled)","i10_l2",8,0.833333333333333,-3.3,0.000256874331796414,0.00102723338949631
"10 items, lambda = 2 (c doubled)","i10_l2",8,0.833333333333333,-3.28,0.000267354769402872,0.0010691331633206
"10 items, lambda = 2 (c doubled)","i10_l2",8,0.833333333333333,-3.26,0.000278262688414525,0.00111274103316304
"10 items, lambda = 2 (c doubled)","i10_l2",8,0.833333333333333,-3.24,0.000289615515250264,0.00115812655241436
"10 items, lambda = 2 (c doubled)","i10_l2",8,0.833333333333333,-3.22,0.000301431385897566,0.00120536210006865
"10 items, lambda = 2 (c doubled)","i10_l2",8,0.833333333333333,-3.2,0.000313729174735985,0.00125452299496362
"10 items, lambda = 2 (c doubled)","i10_l2",8,0.833333333333333,-3.18,0.000326528524525774,0.00130568761459378
"10 items, lambda = 2 (c doubled)","i10_l2",8,0.833333333333333,-3.16,0.000339849877608243,0.00135893751867573
"10 items, lambda = 2 (c doubled)","i10_l2",8,0.833333333333333,-3.14,0.000353714508366299,0.00141435757765148
"10 items, lambda = 2 (c doubled)","i10_l2",8,0.833333333333333,-3.12,0.000368144556995516,0.00147203610632268
"10 items, lambda = 2 (c doubled)","i10_l2",8,0.833333333333333,-3.1,0.000383163064638031,0.00153206500281571
"10 items, lambda = 2 (c doubled)","i10_l2",8,0.833333333333333,-3.08,0.000398794009933599,0.00159453989308496
"10 items, lambda = 2 (c doubled)","i10_l2",8,0.833333333333333,-3.06,0.000415062347044272,0.00165956028116935
"10 items, lambda = 2 (c doubled)","i10_l2",8,0.833333333333333,-3.04,0.000431994045211336,0.00172722970542495
"10 items, lambda = 2 (c doubled)","i10_l2",8,0.833333333333333,-3.02,0.000449616129905402,0.00179765590096452
"10 items, lambda = 2 (c doubled)","i10_l2",8,0.833333333333333,-3,0.000467956725632936,0.00187095096854348
"10 items, lambda = 2 (c doubled)","i10_l2",8,0.833333333333333,-2.98,0.000487045100464897,0.00194723155014004
"10 items, lambda = 2 (c doubled)","i10_l2",8,0.833333333333333,-2.96,0.000506911712355724,0.0020266190114864
"10 items, lambda = 2 (c doubled)","i10_l2",8,0.833333333333333,-2.94,0.000527588257323482,0.00210923963181686
"10 items, lambda = 2 (c doubled)","i10_l2",8,0.833333333333333,-2.92,0.000549107719564731,0.00219522480110818
"10 items, lambda = 2 (c doubled)","i10_l2",8,0.833333333333333,-2.9,0.000571504423580431,0.00228471122509704
"10 items, lambda = 2 (c doubled)","i10_l2",8,0.833333333333333,-2.88,0.000594814088392141,0.00237784113836957
"10 items, lambda = 2 (c doubled)","i10_l2",8,0.833333333333333,-2.86,0.000619073883930731,0.00247476252582786
"10 items, lambda = 2 (c doubled)","i10_l2",8,0.833333333333333,-2.84,0.000644322489682959,0.00257562935284899
"10 items, lambda = 2 (c doubled)","i10_l2",8,0.833333333333333,-2.82,0.000670600155684459,0.00268060180446262
"10 items, lambda = 2 (c doubled)","i10_l2",8,0.833333333333333,-2.8,0.000697948765950992,0.0027898465338844
"10 items, lambda = 2 (c doubled)","i10_l2",8,0.833333333333333,-2.78,0.000726411904443251,0.00290353692075334
"10 items, lambda = 2 (c doubled)","i10_l2",8,0.833333333333333,-2.76,0.000756034923664075,0.0030218533394331
"10 items, lambda = 2 (c doubled)","i10_l2",8,0.833333333333333,-2.74,0.000786865015990511,0.00314498343774849
"10 items, lambda = 2 (c doubled)","i10_l2",8,0.833333333333333,-2.72,0.000818951287847034,0.00327312242654067
"10 items, lambda = 2 (c doubled)","i10_l2",8,0.833333333333333,-2.7,0.000852344836830033,0.00340647338043665
"10 items, lambda = 2 (c doubled)","i10_l2",8,0.833333333333333,-2.68,0.000887098831897781,0.0035452475502409
"10 items, lambda = 2 (c doubled)","i10_l2",8,0.833333333333333,-2.66,0.000923268596744156,0.00368966468736969
"10 items, lambda = 2 (c doubled)","i10_l2",8,0.833333333333333,-2.64,0.000960911696478744,0.00383995338076126
"10 items, lambda = 2 (c doubled)","i10_l2",8,0.833333333333333,-2.62,0.00100008802774024,0.00399635140670805
"10 items, lambda = 2 (c doubled)","i10_l2",8,0.833333333333333,-2.6,0.00104085991237474,0.00415910609207021
"10 items, lambda = 2 (c doubled)","i10_l2",8,0.833333333333333,-2.58,0.00108329219481498,0.00432847469134254
"10 items, lambda = 2 (c doubled)","i10_l2",8,0.833333333333333,-2.56,0.00112745234330158,0.00450472477806066
"10 items, lambda = 2 (c doubled)","i10_l2",8,0.833333333333333,-2.54,0.00117341055509208,0.00468813465104513
"10 items, lambda = 2 (c doubled)","i10_l2",8,0.833333333333333,-2.52,0.00122123986580877,0.00487899375599573
"10 items, lambda = 2 (c doubled)","i10_l2",8,0.833333333333333,-2.5,0.00127101626308136,0.00507760312296137
"10 items, lambda = 2 (c doubled)","i10_l2",8,0.833333333333333,-2.48,0.00132281880464599,0.00528427582022427
"10 items, lambda = 2 (c doubled)","i10_l2",8,0.833333333333333,-2.46,0.00137672974106746,0.0054993374251501
"10 items, lambda = 2 (c doubled)","i10_l2",8,0.833333333333333,-2.44,0.00143283464325711,0.00572312651256877
"10 items, lambda = 2 (c doubled)","i10_l2",8,0.833333333333333,-2.42,0.00149122253496455,0.00595599516126307
"10 items, lambda = 2 (c doubled)","i10_l2",8,0.833333333333333,-2.4,0.00155198603042734,0.00619830947915478
"10 items, lambda = 2 (c doubled)","i10_l2",8,0.833333333333333,-2.38,0.0016152214773684,0.00645045014778978
"10 items, lambda = 2 (c doubled)","i10_l2",8,0.833333333333333,-2.36,0.00168102910553745,0.00671281298673515
"10 items, lambda = 2 (c doubled)","i10_l2",8,0.833333333333333,-2.34,0.00174951318099849,0.006985809538512
"10 items, lambda = 2 (c doubled)","i10_l2",8,0.833333333333333,-2.32,0.00182078216637191,0.00726986767469813
"10 items, lambda = 2 (c doubled)","i10_l2",8,0.833333333333333,-2.3,0.00189494888724625,0.00756543222384389
"10 items, lambda = 2 (c doubled)","i10_l2",8,0.833333333333333,-2.28,0.00197213070498077,0.00787296562185298
"10 items, lambda = 2 (c doubled)","i10_l2",8,0.833333333333333,-2.26,0.00205244969612703,0.0081929485854876
"10 items, lambda = 2 (c doubled)","i10_l2",8,0.833333333333333,-2.24,0.00213603283870378,0.00852588080966304
"10 items, lambda = 2 (c doubled)","i10_l2",8,0.833333333333333,-2.22,0.00222301220556665,0.0088722816892022
"10 items, lambda = 2 (c doubled)","i10_l2",8,0.833333333333333,-2.2,0.00231352516512039,0.009232691065723
"10 items, lambda = 2 (c doubled)","i10_l2",8,0.833333333333333,-2.18,0.00240771458962858,0.00960767000033389
"10 items, lambda = 2 (c doubled)","i10_l2",8,0.833333333333333,-2.16,0.002505729071382,0.00999780157281131
"10 items, lambda = 2 (c doubled)","i10_l2",8,0.833333333333333,-2.14,0.00260772314699409,0.0104036917079309
"10 items, lambda = 2 (c doubled)","i10_l2",8,0.833333333333333,-2.12,0.00271385753009825,0.0108259700296183
"10 items, lambda = 2 (c doubled)","i10_l2",8,0.833333333333333,-2.1,0.00282429935272848,0.0112652907435786
"10 items, lambda = 2 (c doubled)","i10_l2",8,0.833333333333333,-2.08,0.00293922241567137,0.0117223335490503
"10 items, lambda = 2 (c doubled)","i10_l2",8,0.833333333333333,-2.06,0.003058807448084,0.0121978045803182
"10 items, lambda = 2 (c doubled)","i10_l2",8,0.833333333333333,-2.04,0.00318324237667821,0.0126924373785981
"10 items, lambda = 2 (c doubled)","i10_l2",8,0.833333333333333,-2.02,0.00331272260477817,0.0132069938948879
"10 items, lambda = 2 (c doubled)","i10_l2",8,0.833333333333333,-2,0.00344745130156357,0.0137422655243477
"10 items, lambda = 2 (c doubled)","i10_l2",8,0.833333333333333,-1.98,0.00358763970181651,0.0142990741727459
"10 items, lambda = 2 (c doubled)","i10_l2",8,0.833333333333333,-1.96,0.00373350741649537,0.0148782733554654
"10 items, lambda = 2 (c doubled)","i10_l2",8,0.833333333333333,-1.94,0.00388528275446328,0.0154807493295246
"10 items, lambda = 2 (c doubled)","i10_l2",8,0.833333333333333,-1.92,0.00404320305570373,0.0161074222590163
"10 items, lambda = 2 (c doubled)","i10_l2",8,0.833333333333333,-1.9,0.00420751503635901,0.0167592474143113
"10 items, lambda = 2 (c doubled)","i10_l2",8,0.833333333333333,-1.88,0.00437847514593086,0.0174372164053093
"10 items, lambda = 2 (c doubled)","i10_l2",8,0.833333333333333,-1.86,0.00455634993698457,0.0181423584489452
"10 items, lambda = 2 (c doubled)","i10_l2",8,0.833333333333333,-1.84,0.00474141644770018,0.0188757416710786
"10 items, lambda = 2 (c doubled)","i10_l2",8,0.833333333333333,-1.82,0.00493396259761456,0.0196384744427996
"10 items, lambda = 2 (c doubled)","i10_l2",8,0.833333333333333,-1.8,0.00513428759689842,0.020431706751083
"10 items, lambda = 2 (c doubled)","i10_l2",8,0.833333333333333,-1.78,0.00534270236951087,0.0212566316036068
"10 items, lambda = 2 (c doubled)","i10_l2",8,0.833333333333333,-1.76,0.0055595299905718,0.0221144864674229
"10 items, lambda = 2 (c doubled)","i10_l2",8,0.833333333333333,-1.74,0.00578510613828835,0.0230065547410284
"10 items, lambda = 2 (c doubled)","i10_l2",8,0.833333333333333,-1.72,0.00601977956076662,0.0239341672592256
"10 items, lambda = 2 (c doubled)","i10_l2",8,0.833333333333333,-1.7,0.00626391255803282,0.0248987038299925
"10 items, lambda = 2 (c doubled)","i10_l2",8,0.833333333333333,-1.68,0.00651788147957907,0.0259015948023889
"10 items, lambda = 2 (c doubled)","i10_l2",8,0.833333333333333,-1.66,0.00678207723773883,0.0269443226643207
"10 items, lambda = 2 (c doubled)","i10_l2",8,0.833333333333333,-1.64,0.00705690583718326,0.0280284236687535
"10 items, lambda = 2 (c doubled)","i10_l2",8,0.833333333333333,-1.62,0.00734278892081532,0.0291554894867187
"10 items, lambda = 2 (c doubled)","i10_l2",8,0.833333333333333,-1.6,0.00764016433231995,0.0303271688851804
"10 items, lambda = 2 (c doubled)","i10_l2",8,0.833333333333333,-1.58,0.00794948669560803,0.0315451694275375
"10 items, lambda = 2 (c doubled)","i10_l2",8,0.833333333333333,-1.56,0.00827122801136806,0.0328112591942081
"10 items, lambda = 2 (c doubled)","i10_l2",8,0.833333333333333,-1.54,0.00860587827091222,0.0341272685203938
"10 items, lambda = 2 (c doubled)","i10_l2",8,0.833333333333333,-1.52,0.0089539460874723,0.0354950917477398
"10 items, lambda = 2 (c doubled)","i10_l2",8,0.833333333333333,-1.5,0.00931595934506669,0.036916688986191
"10 items, lambda = 2 (c doubled)","i10_l2",8,0.833333333333333,-1.48,0.00969246586501965,0.0383940878819003
"10 items, lambda = 2 (c doubled)","i10_l2",8,0.833333333333333,-1.46,0.0100840340901709,0.0399293853865568
"10 items, lambda = 2 (c doubled)","i10_l2",8,0.833333333333333,-1.44,0.0104912537867646,0.0415247495229851
"10 items, lambda = 2 (c doubled)","i10_l2",8,0.833333333333333,-1.42,0.0109147367639513,0.0431824211412999
"10 items, lambda = 2 (c doubled)","i10_l2",8,0.833333333333333,-1.4,0.0113551176107796,0.0449047156593
"10 items, lambda = 2 (c doubled)","i10_l2",8,0.833333333333333,-1.38,0.0118130544504826,0.0466940247801303
"10 items, lambda = 2 (c doubled)","i10_l2",8,0.833333333333333,-1.36,0.0122892297117968,0.0485528181795499
"10 items, lambda = 2 (c doubled)","i10_l2",8,0.833333333333333,-1.34,0.0127843509169663,0.0504836451543928
"10 items, lambda = 2 (c doubled)","i10_l2",8,0.833333333333333,-1.32,0.0132991514860003,0.052489136223011
"10 items, lambda = 2 (c doubled)","i10_l2",8,0.833333333333333,-1.3,0.0138343915566525,0.0545720046676389
"10 items, lambda = 2 (c doubled)","i10_l2",8,0.833333333333333,-1.28,0.0143908588194889,0.0567350480077059
"10 items, lambda = 2 (c doubled)","i10_l2",8,0.833333333333333,-1.26,0.0149693693672945,0.05898114939216
"10 items, lambda = 2 (c doubled)","i10_l2",8,0.833333333333333,-1.24,0.0155707685579437,0.0613132788978345
"10 items, lambda = 2 (c doubled)","i10_l2",8,0.833333333333333,-1.22,0.0161959318897275,0.0637344947198032
"10 items, lambda = 2 (c doubled)","i10_l2",8,0.833333333333333,-1.2,0.0168457658879809,0.066247944238513
"10 items, lambda = 2 (c doubled)","i10_l2",8,0.833333333333333,-1.18,0.0175212090016974,0.0688568649472651
"10 items, lambda = 2 (c doubled)","i10_l2",8,0.833333333333333,-1.16,0.0182232325086472,0.0715645852223321
"10 items, lambda = 2 (c doubled)","i10_l2",8,0.833333333333333,-1.14,0.0189528414273305,0.0743745249166439
"10 items, lambda = 2 (c doubled)","i10_l2",8,0.833333333333333,-1.12,0.019711075433901,0.0772901957565603
"10 items, lambda = 2 (c doubled)","i10_l2",8,0.833333333333333,-1.1,0.0204990097819817,0.0803152015197597
"10 items, lambda = 2 (c doubled)","i10_l2",8,0.833333333333333,-1.08,0.0213177562230677,0.0834532379707262
"10 items, lambda = 2 (c doubled)","i10_l2",8,0.833333333333333,-1.06,0.0221684639249677,0.0867080925287005
"10 items, lambda = 2 (c doubled)","i10_l2",8,0.833333333333333,-1.04,0.023052320385477,0.0900836436412891
"10 items, lambda = 2 (c doubled)","i10_l2",8,0.833333333333333,-1.02,0.0239705523381954,0.0935838598351889
"10 items, lambda = 2 (c doubled)","i10_l2",8,0.833333333333333,-1,0.024924426647114,0.0972127984137067
"10 items, lambda = 2 (c doubled)","i10_l2",8,0.833333333333333,-0.98,0.0259152511862768,0.100974603768916
"10 items, lambda = 2 (c doubled)","i10_l2",8,0.833333333333333,-0.96,0.0269443757004958,0.104873505274426
"10 items, lambda = 2 (c doubled)","i10_l2",8,0.833333333333333,-0.94,0.0280131926427498,0.10891381472284
"10 items, lambda = 2 (c doubled)","i10_l2",8,0.833333333333333,-0.92,0.0291231379835217,0.113099923270058
"10 items, lambda = 2 (c doubled)","i10_l2",8,0.833333333333333,-0.9,0.0302756919869505,0.117436297846647
"10 items, lambda = 2 (c doubled)","i10_l2",8,0.833333333333333,-0.88,0.0314723799482582,0.121927476994603
"10 items, lambda = 2 (c doubled)","i10_l2",8,0.833333333333333,-0.86,0.0327147728864904,0.126578066085903
"10 items, lambda = 2 (c doubled)","i10_l2",8,0.833333333333333,-0.84,0.0340044881861638,0.131392731877443
"10 items, lambda = 2 (c doubled)","i10_l2",8,0.833333333333333,-0.82,0.0353431901809475,0.136376196355124
"10 items, lambda = 2 (c doubled)","i10_l2",8,0.833333333333333,-0.8,0.0367325906720298,0.141533229818204
"10 items, lambda = 2 (c doubled)","i10_l2",8,0.833333333333333,-0.78,0.0381744493733179,0.146868643153447
"10 items, lambda = 2 (c doubled)","i10_l2",8,0.833333333333333,-0.76,0.0396705742751146,0.152387279247189
"10 items, lambda = 2 (c doubled)","i10_l2",8,0.833333333333333,-0.74,0.041222821917383,0.158094003482203
"10 items, lambda = 2 (c doubled)","i10_l2",8,0.833333333333333,-0.72,0.0428330975631794,0.16399369326529
"10 items, lambda = 2 (c doubled)","i10_l2",8,0.833333333333333,-0.7,0.0445033552622871,0.170091226530743
"10 items, lambda = 2 (c doubled)","i10_l2",8,0.833333333333333,-0.68,0.0462355977945348,0.176391469164467
"10 items, lambda = 2 (c doubled)","i10_l2",8,0.833333333333333,-0.66,0.0480318764817286,0.18289926129349
"10 items, lambda = 2 (c doubled)","i10_l2",8,0.833333333333333,-0.64,0.0498942908565771,0.189619402385985
"10 items, lambda = 2 (c doubled)","i10_l2",8,0.833333333333333,-0.62,0.051824988176444,0.196556635107822
"10 items, lambda = 2 (c doubled)","i10_l2",8,0.833333333333333,-0.6,0.0538261627692296,0.20371562788308
"10 items, lambda = 2 (c doubled)","i10_l2",8,0.833333333333333,-0.58,0.0559000551981643,0.211100956108026
"10 items, lambda = 2 (c doubled)","i10_l2",8,0.833333333333333,-0.56,0.0580489512318107,0.21871708197079
"10 items, lambda = 2 (c doubled)","i10_l2",8,0.833333333333333,-0.54,0.0602751806051037,0.226568332832503
"10 items, lambda = 2 (c doubled)","i10_l2",8,0.833333333333333,-0.52,0.0625811155568413,0.23465887813001
"10 items, lambda = 2 (c doubled)","i10_l2",8,0.833333333333333,-0.5,0.0649691691286641,0.242992704765581
"10 items, lambda = 2 (c doubled)","i10_l2",8,0.833333333333333,-0.48,0.067441793210246,0.25157359095533
"10 items, lambda = 2 (c doubled)","i10_l2",8,0.833333333333333,-0.46,0.070001476315172,0.260405078515474
"10 items, lambda = 2 (c doubled)","i10_l2",8,0.833333333333333,-0.44,0.0726507410718134,0.269490443574119
"10 items, lambda = 2 (c doubled)","i10_l2",8,0.833333333333333,-0.42,0.0753921414134325,0.278832665706118
"10 items, lambda = 2 (c doubled)","i10_l2",8,0.833333333333333,-0.4,0.078228259451784,0.288434395499714
"10 items, lambda = 2 (c doubled)","i10_l2",8,0.833333333333333,-0.38,0.0811617020186238,0.298297920576256
"10 items, lambda = 2 (c doubled)","i10_l2",8,0.833333333333333,-0.36,0.0841950968598215,0.308425130098347
"10 items, lambda = 2 (c doubled)","i10_l2",8,0.833333333333333,-0.34,0.0873310884672027,0.318817477817345
"10 items, lambda = 2 (c doubled)","i10_l2",8,0.833333333333333,-0.32,0.0905723335338376,0.329475943728292
"10 items, lambda = 2 (c doubled)","i10_l2",8,0.833333333333333,-0.3,0.0939214960192712,0.340400994419093
"10 items, lambda = 2 (c doubled)","i10_l2",8,0.833333333333333,-0.28,0.0973812418121531,0.351592542221104
"10 items, lambda = 2 (c doubled)","i10_l2",8,0.833333333333333,-0.26,0.100954232978908,0.363049903290195
"10 items, lambda = 2 (c doubled)","i10_l2",8,0.833333333333333,-0.24,0.104643121588498,0.374771754770851
"10 items, lambda = 2 (c doubled)","i10_l2",8,0.833333333333333,-0.22,0.108450543104963,0.386756091220807
"10 items, lambda = 2 (c doubled)","i10_l2",8,0.833333333333333,-0.2,0.112379109341357,0.399000180500001
"10 items, lambda = 2 (c doubled)","i10_l2",8,0.833333333333333,-0.18,0.116431400970839,0.411500519355227
"10 items, lambda = 2 (c doubled)","i10_l2",8,0.833333333333333,-0.16,0.120609959593167,0.424252788960407
"10 items, lambda = 2 (c doubled)","i10_l2",8,0.833333333333333,-0.14,0.124917279357562,0.437251810701867
"10 items, lambda = 2 (c doubled)","i10_l2",8,0.833333333333333,-0.12,0.129355798145968,0.450491502527949
"10 items, lambda = 2 (c doubled)","i10_l2",8,0.833333333333333,-0.1,0.133927888324074,0.463964836212513
"10 items, lambda = 2 (c doubled)","i10_l2",8,0.833333333333333,-0.0800000000000001,0.138635847071113,0.477663795911952
"10 items, lambda = 2 (c doubled)","i10_l2",8,0.833333333333333,-0.06,0.143481886303387,0.491579338424837
"10 items, lambda = 2 (c doubled)","i10_l2",8,0.833333333333333,-0.04,0.148468122210715,0.505701355591756
"10 items, lambda = 2 (c doubled)","i10_l2",8,0.833333333333333,-0.02,0.153596564429502,0.520018639299824
"10 items, lambda = 2 (c doubled)","i10_l2",8,0.833333333333333,0,0.158869104880915,0.534518849581008
"10 items, lambda = 2 (c doubled)","i10_l2",8,0.833333333333333,0.0200000000000005,0.164287506307619,0.549188486315372
"10 items, lambda = 2 (c doubled)","i10_l2",8,0.833333333333333,0.04,0.169853390547777,0.564012865068806
"10 items, lambda = 2 (c doubled)","i10_l2",8,0.833333333333333,0.0600000000000005,0.175568226590367,0.578976097609121
"10 items, lambda = 2 (c doubled)","i10_l2",8,0.833333333333333,0.0800000000000001,0.181433318461338,0.594061077653778
"10 items, lambda = 2 (c doubled)","i10_l2",8,0.833333333333333,0.0999999999999996,0.187449792995741,0.60924947240638
"10 items, lambda = 2 (c doubled)","i10_l2",8,0.833333333333333,0.12,0.193618587556473,0.624521720436438
"10 items, lambda = 2 (c doubled)","i10_l2",8,0.833333333333333,0.14,0.199940437765809,0.639857036447302
"10 items, lambda = 2 (c doubled)","i10_l2",8,0.833333333333333,0.16,0.206415865321267,0.655233423459758
"10 items, lambda = 2 (c doubled)","i10_l2",8,0.833333333333333,0.18,0.213045165972489,0.670627692912976
"10 items, lambda = 2 (c doubled)","i10_l2",8,0.833333333333333,0.2,0.219828397740683,0.686015493149788
"10 items, lambda = 2 (c doubled)","i10_l2",8,0.833333333333333,0.22,0.226765369466612,0.701371346709132
"10 items, lambda = 2 (c doubled)","i10_l2",8,0.833333333333333,0.24,0.233855629777124,0.716668696794675
"10 items, lambda = 2 (c doubled)","i10_l2",8,0.833333333333333,0.26,0.241098456563532,0.731879963224858
"10 items, lambda = 2 (c doubled)","i10_l2",8,0.833333333333333,0.28,0.248492847067911,0.746976608095979
"10 items, lambda = 2 (c doubled)","i10_l2",8,0.833333333333333,0.3,0.256037508675242,0.76192921130647
"10 items, lambda = 2 (c doubled)","i10_l2",8,0.833333333333333,0.32,0.263730850510377,0.776707555997801
"10 items, lambda = 2 (c doubled)","i10_l2",8,0.833333333333333,0.34,0.271570975938848,0.791280723865878
"10 items, lambda = 2 (c doubled)","i10_l2",8,0.833333333333333,0.36,0.279555676069543,0.805617200187374
"10 items, lambda = 2 (c doubled)","i10_l2",8,0.833333333333333,0.38,0.287682424355135,0.819684988289148
"10 items, lambda = 2 (c doubled)","i10_l2",8,0.833333333333333,0.4,0.295948372382838,0.833451733067148
"10 items, lambda = 2 (c doubled)","i10_l2",8,0.833333333333333,0.42,0.304350346943479,0.846884853035452
"10 items, lambda = 2 (c doubled)","i10_l2",8,0.833333333333333,0.44,0.312884848461079,0.859951680258266
"10 items, lambda = 2 (c doubled)","i10_l2",8,0.833333333333333,0.46,0.321548050857982,0.872619607389658
"10 items, lambda = 2 (c doubled)","i10_l2",8,0.833333333333333,0.48,0.330335802922225,0.884856240919816
"10 items, lambda = 2 (c doubled)","i10_l2",8,0.833333333333333,0.5,0.339243631234183,0.896629559604915
"10 items, lambda = 2 (c doubled)","i10_l2",8,0.833333333333333,0.52,0.348266744698739,0.907908076942729
"10 items, lambda = 2 (c doubled)","i10_l2",8,0.833333333333333,0.54,0.357400040717297,0.918661006450286
"10 items, lambda = 2 (c doubled)","i10_l2",8,0.833333333333333,0.56,0.366638113021046,0.928858428405651
"10 items, lambda = 2 (c doubled)","i10_l2",8,0.833333333333333,0.58,0.375975261173076,0.938471456635653
"10 items, lambda = 2 (c doubled)","i10_l2",8,0.833333333333333,0.6,0.385405501732451,0.947472403867235
"10 items, lambda = 2 (c doubled)","i10_l2",8,0.833333333333333,0.62,0.394922581058263,0.955834944114171
"10 items, lambda = 2 (c doubled)","i10_l2",8,0.833333333333333,0.64,0.404519989716252,0.963534270544861
"10 items, lambda = 2 (c doubled)","i10_l2",8,0.833333333333333,0.66,0.414190978435015,0.97054724727224
"10 items, lambda = 2 (c doubled)","i10_l2",8,0.833333333333333,0.68,0.423928575543288,0.976852553524507
"10 items, lambda = 2 (c doubled)","i10_l2",8,0.833333333333333,0.7,0.433725605804561,0.98243081869611
"10 items, lambda = 2 (c doubled)","i10_l2",8,0.833333333333333,0.72,0.44357471055059,0.987264746842201
"10 items, lambda = 2 (c doubled)","i10_l2",8,0.833333333333333,0.74,0.4534683690014,0.991339229266441
"10 items, lambda = 2 (c doubled)","i10_l2",8,0.833333333333333,0.76,0.463398920646409,0.994641443960609
"10 items, lambda = 2 (c doubled)","i10_l2",8,0.833333333333333,0.78,0.473358588549516,0.997160940783704
"10 items, lambda = 2 (c doubled)","i10_l2",8,0.833333333333333,0.8,0.483339503430589,0.998889711416242
"10 items, lambda = 2 (c doubled)","i10_l2",8,0.833333333333333,0.82,0.493333728366971,0.999822243290059
"10 items, lambda = 2 (c doubled)","i10_l2",8,0.833333333333333,0.84,0.503333283951495,0.999955556872395
"10 items, lambda = 2 (c doubled)","i10_l2",8,0.833333333333333,0.86,0.513330173738233,0.999289225872434
"10 items, lambda = 2 (c doubled)","i10_l2",8,0.833333333333333,0.88,0.52331640980385,0.997825380135436
"10 items, lambda = 2 (c doubled)","i10_l2",8,0.833333333333333,0.9,0.533284038251132,0.995568691190789
"10 items, lambda = 2 (c doubled)","i10_l2",8,0.833333333333333,0.92,0.543225164481858,0.992526340622065
"10 items, lambda = 2 (c doubled)","i10_l2",8,0.833333333333333,0.94,0.553131978068952,0.988707971625922
"10 items, lambda = 2 (c doubled)","i10_l2",8,0.833333333333333,0.96,0.562996777062401,0.984125624319001
"10 items, lambda = 2 (c doubled)","i10_l2",8,0.833333333333333,0.98,0.572811991570014,0.978793655534433
"10 items, lambda = 2 (c doubled)","i10_l2",8,0.833333333333333,1,0.582570206462315,0.972728644019083
"10 items, lambda = 2 (c doubled)","i10_l2",8,0.833333333333333,1.02,0.592264183060792,0.965949282096499
"10 items, lambda = 2 (c doubled)","i10_l2",8,0.833333333333333,1.04,0.601886879680057,0.958476254996247
"10 items, lambda = 2 (c doubled)","i10_l2",8,0.833333333333333,1.06,0.611431470907073,0.950332109165945
"10 items, lambda = 2 (c doubled)","i10_l2",8,0.833333333333333,1.08,0.620891365514257,0.941541110976393
"10 items, lambda = 2 (c doubled)","i10_l2",8,0.833333333333333,1.1,0.630260222917752,0.932129097301671
"10 items, lambda = 2 (c doubled)","i10_l2",8,0.833333333333333,1.12,0.639531968107233,0.922123319504489
"10 items, lambda = 2 (c doubled)","i10_l2",8,0.833333333333333,1.14,0.648700804989077,0.911552282382402
"10 items, lambda = 2 (c doubled)","i10_l2",8,0.833333333333333,1.16,0.657761228100293,0.90044557963315
"10 items, lambda = 2 (c doubled)","i10_l2",8,0.833333333333333,1.18,0.666708032666123,0.888833727378363
"10 items, lambda = 2 (c doubled)","i10_l2",8,0.833333333333333,1.2,0.675536322989454,0.876747997245368
"10 items, lambda = 2 (c doubled)","i10_l2",8,0.833333333333333,1.22,0.684241519174862,0.864220250448555
"10 items, lambda = 2 (c doubled)","i10_l2",8,0.833333333333333,1.24,0.692819362204203,0.851282774236657
"10 items, lambda = 2 (c doubled)","i10_l2",8,0.833333333333333,1.26,0.701265917393862,0.837968121982428
"10 items, lambda = 2 (c doubled)","i10_l2",8,0.833333333333333,1.28,0.709577576276054,0.824308958089018
"10 items, lambda = 2 (c doubled)","i10_l2",8,0.833333333333333,1.3,0.71775105695774,0.810337908775148
"10 items, lambda = 2 (c doubled)","i10_l2",8,0.833333333333333,1.32,0.725783403020772,0.796087419681439
"10 items, lambda = 2 (c doubled)","i10_l2",8,0.833333333333333,1.34,0.733671981035664,0.781589621115474
"10 items, lambda = 2 (c doubled)","i10_l2",8,0.833333333333333,1.36,0.741414476768936,0.766876201625524
"10 items, lambda = 2 (c doubled)","i10_l2",8,0.833333333333333,1.38,0.749008890170233,0.751978290464756
"10 items, lambda = 2 (c doubled)","i10_l2",8,0.833333333333333,1.4,0.756453529230405,0.73692634938108
"10 items, lambda = 2 (c doubled)","i10_l2",8,0.833333333333333,1.42,0.763747002805456,0.721750074044554
"10 items, lambda = 2 (c doubled)","i10_l2",8,0.833333333333333,1.44,0.770888212503825,0.70647830530593
"10 items, lambda = 2 (c doubled)","i10_l2",8,0.833333333333333,1.46,0.777876343735772,0.691138950368156
"10 items, lambda = 2 (c doubled)","i10_l2",8,0.833333333333333,1.48,0.784710856024014,0.675758913848294
"10 items, lambda = 2 (c doubled)","i10_l2",8,0.833333333333333,1.5,0.791391472673955,0.660364038611615
"10 items, lambda = 2 (c doubled)","i10_l2",8,0.833333333333333,1.52,0.79791816990032,0.644979056172975
"10 items, lambda = 2 (c doubled)","i10_l2",8,0.833333333333333,1.54,0.804291165504474,0.629627546383714
"10 items, lambda = 2 (c doubled)","i10_l2",8,0.833333333333333,1.56,0.810510907193625,0.614331906055169
"10 items, lambda = 2 (c doubled)","i10_l2",8,0.833333333333333,1.58,0.816578060629261,0.599113326112865
"10 items, lambda = 2 (c doubled)","i10_l2",8,0.833333333333333,1.6,0.822493497287926,0.583991776828009
"10 items, lambda = 2 (c doubled)","i10_l2",8,0.833333333333333,1.62,0.828258282212653,0.568986000635193
"10 items, lambda = 2 (c doubled)","i10_l2",8,0.833333333333333,1.64,0.833873661728349,0.554113512016415
"10 items, lambda = 2 (c doubled)","i10_l2",8,0.833333333333333,1.66,0.839341051189117,0.539390603911461
"10 items, lambda = 2 (c doubled)","i10_l2",8,0.833333333333333,1.68,0.844662022820002,0.524832360102496
"10 items, lambda = 2 (c doubled)","i10_l2",8,0.833333333333333,1.7,0.849838293710153,0.510452673015876
"10 items, lambda = 2 (c doubled)","i10_l2",8,0.833333333333333,1.72,0.85487171400875,0.496264266385969
"10 items, lambda = 2 (c doubled)","i10_l2",8,0.833333333333333,1.74,0.859764255369613,0.482278722233393
"10 items, lambda = 2 (c doubled)","i10_l2",8,0.833333333333333,1.76,0.86451799968492,0.468506511622819
"10 items, lambda = 2 (c doubled)","i10_l2",8,0.833333333333333,1.78,0.86913512814324,0.454957028682696
"10 items, lambda = 2 (c doubled)","i10_l2",8,0.833333333333333,1.8,0.873617910641987,0.441638627390064
"10 items, lambda = 2 (c doubled)","i10_l2",8,0.833333333333333,1.82,0.877968695579577,0.428558660647492
"10 items, lambda = 2 (c doubled)","i10_l2",8,0.833333333333333,1.84,0.88218990004793,0.415723521205412
"10 items, lambda = 2 (c doubled)","i10_l2",8,0.833333333333333,1.86,0.886284000441678,0.403138684011096
"10 items, lambda = 2 (c doubled)","i10_l2",8,0.833333333333333,1.88,0.890253523496345,0.390808749594751
"10 items, lambda = 2 (c doubled)","i10_l2",8,0.833333333333333,1.9,0.894101037764082,0.378737488133094
"10 items, lambda = 2 (c doubled)","i10_l2",8,0.833333333333333,1.92,0.897829145532023,0.366927883861043
"10 items, lambda = 2 (c doubled)","i10_l2",8,0.833333333333333,1.94,0.901440475185246,0.355382179532177
"10 items, lambda = 2 (c doubled)","i10_l2",8,0.833333333333333,1.96,0.904937674013448,0.344101920658315
"10 items, lambda = 2 (c doubled)","i10_l2",8,0.833333333333333,1.98,0.908323401457895,0.33308799928742
"10 items, lambda = 2 (c doubled)","i10_l2",8,0.833333333333333,2,0.911600322792942,0.322340697106985
"10 items, lambda = 2 (c doubled)","i10_l2",8,0.833333333333333,2.02,0.91477110323443,0.311859727686773
"10 items, lambda = 2 (c doubled)","i10_l2",8,0.833333333333333,2.04,0.917838402465532,0.30164427770021
"10 items, lambda = 2 (c doubled)","i10_l2",8,0.833333333333333,2.06,0.920804869569113,0.291693046987688
"10 items, lambda = 2 (c doubled)","i10_l2",8,0.833333333333333,2.08,0.923673138354465,0.282004287347514
"10 items, lambda = 2 (c doubled)","i10_l2",8,0.833333333333333,2.1,0.926445823065181,0.272575839961041
"10 items, lambda = 2 (c doubled)","i10_l2",8,0.833333333333333,2.12,0.929125514454137,0.26340517137789
"10 items, lambda = 2 (c doubled)","i10_l2",8,0.833333333333333,2.14,0.931714776210884,0.254489408004746
"10 items, lambda = 2 (c doubled)","i10_l2",8,0.833333333333333,2.16,0.934216141726275,0.245825369057391
"10 items, lambda = 2 (c doubled)","i10_l2",8,0.833333333333333,2.18,0.93663211117881,0.237409597950142
"10 items, lambda = 2 (c doubled)","i10_l2",8,0.833333333333333,2.2,0.938965148927008,0.229238392109958
"10 items, lambda = 2 (c doubled)","i10_l2",8,0.833333333333333,2.22,0.941217681192034,0.221307831214099
"10 items, lambda = 2 (c doubled)","i10_l2",8,0.833333333333333,2.24,0.943392094014851,0.213613803860503
"10 items, lambda = 2 (c doubled)","i10_l2",8,0.833333333333333,2.26,0.945490731472316,0.206152032689045
"10 items, lambda = 2 (c doubled)","i10_l2",8,0.833333333333333,2.28,0.947515894136847,0.198918097979593
"10 items, lambda = 2 (c doubled)","i10_l2",8,0.833333333333333,2.3,0.949469837764586,0.191907459759505
"10 items, lambda = 2 (c doubled)","i10_l2",8,0.833333333333333,2.32,0.951354772197345,0.185115478458732
"10 items, lambda = 2 (c doubled)","i10_l2",8,0.833333333333333,2.34,0.95317286046401,0.178537434155468
"10 items, lambda = 2 (c doubled)","i10_l2",8,0.833333333333333,2.36,0.95492621806756,0.172168544458988
"10 items, lambda = 2 (c doubled)","i10_l2",8,0.833333333333333,2.38,0.956616912444295,0.166003981079355
"10 items, lambda = 2 (c doubled)","i10_l2",8,0.833333333333333,2.4,0.958246962582418,0.160038885135951
"10 items, lambda = 2 (c doubled)","i10_l2",8,0.833333333333333,2.42,0.959818338787613,0.1542683812584
"10 items, lambda = 2 (c doubled)","i10_l2",8,0.833333333333333,2.44,0.961332962583828,0.148687590534513
"10 items, lambda = 2 (c doubled)","i10_l2",8,0.833333333333333,2.46,0.962792706737999,0.143291642360466
"10 items, lambda = 2 (c doubled)","i10_l2",8,0.833333333333333,2.48,0.964199395398017,0.138075685248463
"10 items, lambda = 2 (c doubled)","i10_l2",8,0.833333333333333,2.5,0.965554804333789,0.13303489664691
"10 items, lambda = 2 (c doubled)","i10_l2",8,0.833333333333333,2.52,0.966860661271792,0.128164491827461
"10 items, lambda = 2 (c doubled)","i10_l2",8,0.833333333333333,2.54,0.968118646314052,0.123459731892396
"10 items, lambda = 2 (c doubled)","i10_l2",8,0.833333333333333,2.56,0.96933039243302,0.11891593095467
"10 items, lambda = 2 (c doubled)","i10_l2",8,0.833333333333333,2.58,0.97049748603432,0.11452846254154
"10 items, lambda = 2 (c doubled)","i10_l2",8,0.833333333333333,2.6,0.971621467579864,0.11029276527126
"10 items, lambda = 2 (c doubled)","i10_l2",8,0.833333333333333,2.62,0.972703832264297,0.106204347850591
"10 items, lambda = 2 (c doubled)","i10_l2",8,0.833333333333333,2.64,0.973746030738208,0.102258793439173
"10 items, lambda = 2 (c doubled)","i10_l2",8,0.833333333333333,2.66,0.974749469872013,0.0984517634249694
"10 items, lambda = 2 (c doubled)","i10_l2",8,0.833333333333333,2.68,0.975715513554822,0.0947790006530883
"10 items, lambda = 2 (c doubled)","i10_l2",8,0.833333333333333,2.7,0.976645483523023,0.0912363321484147
"10 items, lambda = 2 (c doubled)","i10_l2",8,0.833333333333333,2.72,0.977540660213734,0.0878196713705226
"10 items, lambda = 2 (c doubled)","i10_l2",8,0.833333333333333,2.74,0.978402283638613,0.0845250200374406
"10 items, lambda = 2 (c doubled)","i10_l2",8,0.833333333333333,2.76,0.979231554273891,0.0813484695529236
"10 items, lambda = 2 (c doubled)","i10_l2",8,0.833333333333333,2.78,0.980029633962841,0.0782862020700017
"10 items, lambda = 2 (c doubled)","i10_l2",8,0.833333333333333,2.8,0.980797646827191,0.0753344912217439
"10 items, lambda = 2 (c doubled)","i10_l2",8,0.833333333333333,2.82,0.981536680184294,0.0724897025483555
"10 items, lambda = 2 (c doubled)","i10_l2",8,0.833333333333333,2.84,0.982247785467181,0.0697482936480001
"10 items, lambda = 2 (c doubled)","i10_l2",8,0.833333333333333,2.86,0.982931979144835,0.0671068140770124
"10 items, lambda = 2 (c doubled)","i10_l2",8,0.833333333333333,2.88,0.983590243640321,0.0645619050235786
"10 items, lambda = 2 (c doubled)","i10_l2",8,0.833333333333333,2.9,0.984223528244618,0.0621102987773341
"10 items, lambda = 2 (c doubled)","i10_l2",8,0.833333333333333,2.92,0.984832750024203,0.0597488180158743
"10 items, lambda = 2 (c doubled)","i10_l2",8,0.833333333333333,2.94,0.98541879472068,0.0574743749276913
"10 items, lambda = 2 (c doubled)","i10_l2",8,0.833333333333333,2.96,0.985982517640885,0.0552839701897065
"10 items, lambda = 2 (c doubled)","i10_l2",8,0.833333333333333,2.98,0.986524744536124,0.0531746918162387
"10 items, lambda = 2 (c doubled)","i10_l2",8,0.833333333333333,3,0.987046272469304,0.0511437138950256
"10 items, lambda = 2 (c doubled)","i10_l2",8,0.833333333333333,3.02,0.987547870668941,0.049188295224725
"10 items, lambda = 2 (c doubled)","i10_l2",8,0.833333333333333,3.04,0.988030281369091,0.0473057778672222
"10 items, lambda = 2 (c doubled)","i10_l2",8,0.833333333333333,3.06,0.988494220634436,0.0454935856270193
"10 items, lambda = 2 (c doubled)","i10_l2",8,0.833333333333333,3.08,0.988940379169846,0.0437492224689871
"10 items, lambda = 2 (c doubled)","i10_l2",8,0.833333333333333,3.1,0.989369423113856,0.0420702708848467
"10 items, lambda = 2 (c doubled)","i10_l2",8,0.833333333333333,3.12,0.989781994815584,0.0404543902178675
"10 items, lambda = 2 (c doubled)","i10_l2",8,0.833333333333333,3.14,0.990178713594735,0.0388993149544427
"10 items, lambda = 2 (c doubled)","i10_l2",8,0.833333333333333,3.16,0.990560176484376,0.0374028529904715
"10 items, lambda = 2 (c doubled)","i10_l2",8,0.833333333333333,3.18,0.990926958956289,0.0359628838797205
"10 items, lambda = 2 (c doubled)","i10_l2",8,0.833333333333333,3.2,0.99127961562874,0.0345773570707099
"10 items, lambda = 2 (c doubled)","i10_l2",8,0.833333333333333,3.22,0.991618680956585,0.0332442901380312
"10 items, lambda = 2 (c doubled)","i10_l2",8,0.833333333333333,3.24,0.991944669903684,0.0319617670134215
"10 items, lambda = 2 (c doubled)","i10_l2",8,0.833333333333333,3.26,0.992258078597647,0.0307279362214123
"10 items, lambda = 2 (c doubled)","i10_l2",8,0.833333333333333,3.28,0.992559384966972,0.0295410091238325
"10 items, lambda = 2 (c doubled)","i10_l2",8,0.833333333333333,3.3,0.992849049360697,0.0283992581770309
"10 items, lambda = 2 (c doubled)","i10_l2",8,0.833333333333333,3.32,0.99312751515069,0.027301015205225
"10 items, lambda = 2 (c doubled)","i10_l2",8,0.833333333333333,3.34,0.99339520931678,0.0262446696930019
"10 items, lambda = 2 (c doubled)","i10_l2",8,0.833333333333333,3.36,0.993652543014911,0.025228667099644
"10 items, lambda = 2 (c doubled)","i10_l2",8,0.833333333333333,3.38,0.993899912128558,0.024251507197609
"10 items, lambda = 2 (c doubled)","i10_l2",8,0.833333333333333,3.4,0.994137697803662,0.0233117424371885
"10 items, lambda = 2 (c doubled)","i10_l2",8,0.833333333333333,3.42,0.994366266967344,0.0224079763390894
"10 items, lambda = 2 (c doubled)","i10_l2",8,0.833333333333333,3.44,0.994585972830701,0.0215388619164349
"10 items, lambda = 2 (c doubled)","i10_l2",8,0.833333333333333,3.46,0.99479715537596,0.020703100127431
"10 items, lambda = 2 (c doubled)","i10_l2",8,0.833333333333333,3.48,0.995000141828327,0.019899438359743
"10 items, lambda = 2 (c doubled)","i10_l2",8,0.833333333333333,3.5,0.99519524711284,0.0191266689474115
"10 items, lambda = 2 (c doubled)","i10_l2",8,0.833333333333333,3.52,0.995382774296554,0.0183836277209992
"10 items, lambda = 2 (c doubled)","i10_l2",8,0.833333333333333,3.54,0.995563015016395,0.0176691925914402
"10 items, lambda = 2 (c doubled)","i10_l2",8,0.833333333333333,3.56,0.995736249893031,0.0169822821679773
"10 items, lambda = 2 (c doubled)","i10_l2",8,0.833333333333333,3.58,0.995902748931082,0.0163218544103868
"10 items, lambda = 2 (c doubled)","i10_l2",8,0.833333333333333,3.6,0.996062771906031,0.0156869053156203
"10 items, lambda = 2 (c doubled)","i10_l2",8,0.833333333333333,3.62,0.996216568738175,0.0150764676388473
"10 items, lambda = 2 (c doubled)","i10_l2",8,0.833333333333333,3.64,0.996364379853953,0.014489609648804
"10 items, lambda = 2 (c doubled)","i10_l2",8,0.833333333333333,3.66,0.996506436534999,0.013925433917267
"10 items, lambda = 2 (c doubled)","i10_l2",8,0.833333333333333,3.68,0.996642961255267,0.0133830761423971
"10 items, lambda = 2 (c doubled)","i10_l2",8,0.833333333333333,3.7,0.996774168006544,0.0128617040056224
"10 items, lambda = 2 (c doubled)","i10_l2",8,0.833333333333333,3.72,0.996900262612712,0.0123605160616717
"10 items, lambda = 2 (c doubled)","i10_l2",8,0.833333333333333,3.74,0.997021443033062,0.0118787406613293
"10 items, lambda = 2 (c doubled)","i10_l2",8,0.833333333333333,3.76,0.997137899655009,0.0114156349064266
"10 items, lambda = 2 (c doubled)","i10_l2",8,0.833333333333333,3.78,0.997249815576502,0.0109704836365401
"10 items, lambda = 2 (c doubled)","i10_l2",8,0.833333333333333,3.8,0.997357366878473,0.0105425984468477
"10 items, lambda = 2 (c doubled)","i10_l2",8,0.833333333333333,3.82,0.997460722887606,0.0101313167365627
"10 items, lambda = 2 (c doubled)","i10_l2",8,0.833333333333333,3.84,0.997560046429743,0.00973600078732908
"10 items, lambda = 2 (c doubled)","i10_l2",8,0.833333333333333,3.86,0.997655494074226,0.00935603687095186
"10 items, lambda = 2 (c doubled)","i10_l2",8,0.833333333333333,3.88,0.997747216369456,0.00899083438583109
"10 items, lambda = 2 (c doubled)","i10_l2",8,0.833333333333333,3.9,0.997835358069958,0.00863982502142531
"10 items, lambda = 2 (c doubled)","i10_l2",8,0.833333333333333,3.92,0.997920058355228,0.00830246195010355
"10 items, lambda = 2 (c doubled)","i10_l2",8,0.833333333333333,3.94,0.998001451040634,0.00797821904569126
"10 items, lambda = 2 (c doubled)","i10_l2",8,0.833333333333333,3.96,0.99807966478063,0.00766659012805995
"10 items, lambda = 2 (c doubled)","i10_l2",8,0.833333333333333,3.98,0.998154823264548,0.00736708823306837
"10 items, lambda = 2 (c doubled)","i10_l2",8,0.833333333333333,4,0.998227045405208,0.00707924490718806
"10 items, lambda = 2 (c doubled)","i10_l2",9,1.16666666666667,-4,3.25294129755402e-05,0.000130113419251327
"10 items, lambda = 2 (c doubled)","i10_l2",9,1.16666666666667,-3.98,3.38569185563258e-05,0.000135423089061567
"10 items, lambda = 2 (c doubled)","i10_l2",9,1.16666666666667,-3.96,3.52385969242552e-05,0.000140949420662168
"10 items, lambda = 2 (c doubled)","i10_l2",9,1.16666666666667,-3.94,3.66766586009559e-05,0.000146701253694679
"10 items, lambda = 2 (c doubled)","i10_l2",9,1.16666666666667,-3.92,3.81734042951912e-05,0.000152687788345583
"10 items, lambda = 2 (c doubled)","i10_l2",9,1.16666666666667,-3.9,3.9731228581305e-05,0.000158918600043122
"10 items, lambda = 2 (c doubled)","i10_l2",9,1.16666666666667,-3.88,4.13526237276066e-05,0.00016540365475247
"10 items, lambda = 2 (c doubled)","i10_l2",9,1.16666666666667,-3.86,4.30401836808001e-05,0.000172153324893555
"10 items, lambda = 2 (c doubled)","i10_l2",9,1.16666666666667,-3.84,4.47966082128098e-05,0.00017917840590681
"10 items, lambda = 2 (c doubled)","i10_l2",9,1.16666666666667,-3.82,4.66247072366116e-05,0.000186490133493147
"10 items, lambda = 2 (c doubled)","i10_l2",9,1.16666666666667,-3.8,4.85274052979502e-05,0.000194100201555541
"10 items, lambda = 2 (c doubled)","i10_l2",9,1.16666666666667,-3.78,5.05077462500969e-05,0.000202020780870663
"10 items, lambda = 2 (c doubled)","i10_l2",9,1.16666666666667,-3.76,5.25688981190973e-05,0.000210264538520191
"10 items, lambda = 2 (c doubled)","i10_l2",9,1.16666666666667,-3.74,5.47141581672583e-05,0.000218844658112617
"10 items, lambda = 2 (c doubled)","i10_l2",9,1.16666666666667,-3.72,5.69469581629396e-05,0.000227774860827582
"10 items, lambda = 2 (c doubled)","i10_l2",9,1.16666666666667,-3.7,5.92708698650381e-05,0.000237069427316094
"10 items, lambda = 2 (c doubled)","i10_l2",9,1.16666666666667,-3.68,6.16896107308988e-05,0.000246743220491307
"10 items, lambda = 2 (c doubled)","i10_l2",9,1.16666666666667,-3.66,6.42070498567356e-05,0.000256811709245937
"10 items, lambda = 2 (c doubled)","i10_l2",9,1.16666666666667,-3.64,6.6827214160015e-05,0.00026729099313385
"10 items, lambda = 2 (c doubled)","i10_l2",9,1.16666666666667,-3.62,6.955429481364e-05,0.000278197828054852
"10 items, lambda = 2 (c doubled)","i10_l2",9,1.16666666666667,-3.6,7.23926539421641e-05,0.000289549652983277
"10 items, lambda = 2 (c doubled)","i10_l2",9,1.16666666666667,-3.58,7.53468315906872e-05,0.000301364617782626
"10 items, lambda = 2 (c doubled)","i10_l2",9,1.16666666666667,-3.56,7.84215529775096e-05,0.000313661612150153
"10 items, lambda = 2 (c doubled)","i10_l2",9,1.16666666666667,-3.54,8.1621736042072e-05,0.00032646029573711
"10 items, lambda = 2 (c doubled)","i10_l2",9,1.16666666666667,-3.52,8.49524993001725e-05,0.000339781129492141
"10 items, lambda = 2 (c doubled)","i10_l2",9,1.16666666666667,-3.5,8.84191700189386e-05,0.000353645408277247
"10 items, lambda = 2 (c doubled)","i10_l2",9,1.16666666666667,-3.48,9.20272927245353e-05,0.000368075294807716
"10 items, lambda = 2 (c doubled)","i10_l2",9,1.16666666666667,-3.46,9.57826380561144e-05,0.000383093854969445
"10 items, lambda = 2 (c doubled)","i10_l2",9,1.16666666666667,-3.44,9.96912119800536e-05,0.00039872509456923
"10 items, lambda = 2 (c doubled)","i10_l2",9,1.16666666666667,-3.42,0.000103759265379104,0.000414993997575807
"10 items, lambda = 2 (c doubled)","i10_l2",9,1.16666666666667,-3.4,0.00010799330403165,0.000431926565911737
"10 items, lambda = 2 (c doubled)","i10_l2",9,1.16666666666667,-3.38,0.000112400098996904,0.000449549860858599
"10 items, lambda = 2 (c doubled)","i10_l2",9,1.16666666666667,-3.36,0.000116986697422488,0.000467892046140456
"10 items, lambda = 2 (c doubled)","i10_l2",9,1.16666666666667,-3.34,0.000121760433791517,0.00048698243275312
"10 items, lambda = 2 (c doubled)","i10_l2",9,1.16666666666667,-3.32,0.000126728941627005,0.000506851525609436
"10 items, lambda = 2 (c doubled)","i10_l2",9,1.16666666666667,-3.3,0.000131900165672098,0.000527531072073573
"10 items, lambda = 2 (c doubled)","i10_l2",9,1.16666666666667,-3.28,0.000137282374565413,0.000549054112460188
"10 items, lambda = 2 (c doubled)","i10_l2",9,1.16666666666667,-3.26,0.000142884174031526,0.000571455032577349
"10 items, lambda = 2 (c doubled)","i10_l2",9,1.16666666666667,-3.24,0.000148714520607433,0.000594769618395174
"10 items, lambda = 2 (c doubled)","i10_l2",9,1.16666666666667,-3.22,0.0001547827359267,0.000619035112925435
"10 items, lambda = 2 (c doubled)","i10_l2",9,1.16666666666667,-3.2,0.000161098521583814,0.00064429027540063
"10 items, lambda = 2 (c doubled)","i10_l2",9,1.16666666666667,-3.18,0.000167671974602215,0.000670575442844593
"10 items, lambda = 2 (c doubled)","i10_l2",9,1.16666666666667,-3.16,0.000174513603530381,0.000697932594130257
"10 items, lambda = 2 (c doubled)","i10_l2",9,1.16666666666667,-3.14,0.000181634345191347,0.000726405416623977
"10 items, lambda = 2 (c doubled)","i10_l2",9,1.16666666666667,-3.12,0.000189045582112021,0.000756039375519621
"10 items, lambda = 2 (c doubled)","i10_l2",9,1.16666666666667,-3.1,0.000196759160659739,0.000786881785969744
"10 items, lambda = 2 (c doubled)","i10_l2",9,1.16666666666667,-3.08,0.00020478740991458,0.000818981888125283
"10 items, lambda = 2 (c doubled)","i10_l2",9,1.16666666666667,-3.06,0.000213143161307098,0.000852390925199546
"10 items, lambda = 2 (c doubled)","i10_l2",9,1.16666666666667,-3.04,0.00022183976905232,0.000887162224676748
"10 items, lambda = 2 (c doubled)","i10_l2",9,1.16666666666667,-3.02,0.000230891131412064,0.000923351282789997
"10 items, lambda = 2 (c doubled)","i10_l2",9,1.16666666666667,-3,0.000240311712818927,0.000961015852398435
"10 items, lambda = 2 (c doubled)","i10_l2",9,1.16666666666667,-2.98,0.000250116566896597,0.00100021603439824
"10 items, lambda = 2 (c doubled)","i10_l2",9,1.16666666666667,-2.96,0.000260321360412527,0.00104101437280736
"10 items, lambda = 2 (c doubled)","i10_l2",9,1.16666666666667,-2.94,0.00027094239820043,0.00108347595366915
"10 items, lambda = 2 (c doubled)","i10_l2",9,1.16666666666667,-2.92,0.000281996649091517,0.00112766850792567
"10 items, lambda = 2 (c doubled)","i10_l2",9,1.16666666666667,-2.9,0.000293501772894987,0.00117366251841718
"10 items, lambda = 2 (c doubled)","i10_l2",9,1.16666666666667,-2.88,0.0003054761484698,0.00122153133117006
"10 items, lambda = 2 (c doubled)","i10_l2",9,1.16666666666667,-2.86,0.000317938902931481,0.00127135127114193
"10 items, lambda = 2 (c doubled)","i10_l2",9,1.16666666666667,-2.84,0.000330909942039377,0.00132320176259855
"10 items, lambda = 2 (c doubled)","i10_l2",9,1.16666666666667,-2.82,0.000344409981811607,0.00137716545430414
"10 items, lambda = 2 (c doubled)","i10_l2",9,1.16666666666667,-2.8,0.000358460581416756,0.00143332834971331
"10 items, lambda = 2 (c doubled)","i10_l2",9,1.16666666666667,-2.78,0.000373084177393308,0.00149177994235955
"10 items, lambda = 2 (c doubled)","i10_l2",9,1.16666666666667,-2.76,0.000388304119249786,0.00155261335664304
"10 items, lambda = 2 (c doubled)","i10_l2",9,1.16666666666667,-2.74,0.000404144706500642,0.0016159254942274
"10 items, lambda = 2 (c doubled)","i10_l2",9,1.16666666666667,-2.72,0.000420631227195059,0.00168181718626307
"10 items, lambda = 2 (c doubled)","i10_l2",9,1.16666666666667,-2.7,0.000437789997998056,0.00175039335166284
"10 items, lambda = 2 (c doubled)","i10_l2",9,1.16666666666667,-2.68,0.000455648405885584,0.00182176316166319
"10 items, lambda = 2 (c doubled)","i10_l2",9,1.16666666666667,-2.66,0.00047423495151766,0.00189604021091368
"10 items, lambda = 2 (c doubled)","i10_l2",9,1.16666666666667,-2.64,0.000493579294356092,0.0019733426953451
"10 items, lambda = 2 (c doubled)","i10_l2",9,1.16666666666667,-2.62,0.000513712299595839,0.00205379359707633
"10 items, lambda = 2 (c doubled)","i10_l2",9,1.16666666666667,-2.6,0.000534666086981771,0.00213752087662881
"10 items, lambda = 2 (c doubled)","i10_l2",9,1.16666666666667,-2.58,0.000556474081585245,0.00222465767272708
"10 items, lambda = 2 (c doubled)","i10_l2",9,1.16666666666667,-2.56,0.000579171066617838,0.00231534250997372
"10 items, lambda = 2 (c doubled)","i10_l2",9,1.16666666666667,-2.54,0.000602793238362418,0.00240971951469681
"10 items, lambda = 2 (c doubled)","i10_l2",9,1.16666666666667,-2.52,0.000627378263304847,0.00250793863927832
"10 items, lambda = 2 (c doubled)","i10_l2",9,1.16666666666667,-2.5,0.000652965337552692,0.00261015589528259
"10 items, lambda = 2 (c doubled)","i10_l2",9,1.16666666666667,-2.48,0.000679595248630591,0.00271653359571452
"10 items, lambda = 2 (c doubled)","i10_l2",9,1.16666666666667,-2.46,0.000707310439745266,0.00282724060674837
"10 items, lambda = 2 (c doubled)","i10_l2",9,1.16666666666667,-2.44,0.000736155076616638,0.00294245260927924
"10 items, lambda = 2 (c doubled)","i10_l2",9,1.16666666666667,-2.42,0.00076617511697508,0.00306235237066083
"10 items, lambda = 2 (c doubled)","i10_l2",9,1.16666666666667,-2.4,0.000797418382828546,0.00318713002700509
"10 items, lambda = 2 (c doubled)","i10_l2",9,1.16666666666667,-2.38,0.000829934635607098,0.00331698337643087
"10 items, lambda = 2 (c doubled)","i10_l2",9,1.16666666666667,-2.36,0.000863775654296345,0.00345211818366156
"10 items, lambda = 2 (c doubled)","i10_l2",9,1.16666666666667,-2.34,0.0008989953166753,0.00359274849638358
"10 items, lambda = 2 (c doubled)","i10_l2",9,1.16666666666667,-2.32,0.000935649683778397,0.00373909697379057
"10 items, lambda = 2 (c doubled)","i10_l2",9,1.16666666666667,-2.3,0.000973797087705699,0.0038913952277507
"10 items, lambda = 2 (c doubled)","i10_l2",9,1.16666666666667,-2.28,0.00101349822290975,0.00404988417704765
"10 items, lambda = 2 (c doubled)","i10_l2",9,1.16666666666667,-2.26,0.00105481624109217,0.0042148144151588
"10 items, lambda = 2 (c doubled)","i10_l2",9,1.16666666666667,-2.24,0.00109781684984763,0.00438644659204729
"10 items, lambda = 2 (c doubled)","i10_l2",9,1.16666666666667,-2.22,0.00114256841519794,0.00456505181045814
"10 items, lambda = 2 (c doubled)","i10_l2",9,1.16666666666667,-2.2,0.00118914206816364,0.00475091203722144
"10 items, lambda = 2 (c doubled)","i10_l2",9,1.16666666666667,-2.18,0.00123761181552582,0.00494432053007956
"10 items, lambda = 2 (c doubled)","i10_l2",9,1.16666666666667,-2.16,0.00128805465493608,0.00514558228056791
"10 items, lambda = 2 (c doubled)","i10_l2",9,1.16666666666667,-2.14,0.00134055069453777,0.00535501447349256
"10 items, lambda = 2 (c doubled)","i10_l2",9,1.16666666666667,-2.12,0.00139518327726729,0.00557294696356049
"10 items, lambda = 2 (c doubled)","i10_l2",9,1.16666666666667,-2.1,0.00145203911000991,0.00579972276973166
"10 items, lambda = 2 (c doubled)","i10_l2",9,1.16666666666667,-2.08,0.00151120839779003,0.00603569858787393
"10 items, lambda = 2 (c doubled)","i10_l2",9,1.16666666666667,-2.06,0.00157278498318204,0.00628124532231487
"10 items, lambda = 2 (c doubled)","i10_l2",9,1.16666666666667,-2.04,0.00163686649113366,0.00653674863689546
"10 items, lambda = 2 (c doubled)","i10_l2",9,1.16666666666667,-2.02,0.00170355447939994,0.00680260952614264
"10 items, lambda = 2 (c doubled)","i10_l2",9,1.16666666666667,-2,0.00177295459479214,0.00707924490718779
"10 items, lambda = 2 (c doubled)","i10_l2",9,1.16666666666667,-1.98,0.0018451767354522,0.00736708823306859
"10 items, lambda = 2 (c doubled)","i10_l2",9,1.16666666666667,-1.96,0.00192033521936983,0.00766659012806032
"10 items, lambda = 2 (c doubled)","i10_l2",9,1.16666666666667,-1.94,0.00199854895936579,0.00797821904569123
"10 items, lambda = 2 (c doubled)","i10_l2",9,1.16666666666667,-1.92,0.00207994164477148,0.00830246195010329
"10 items, lambda = 2 (c doubled)","i10_l2",9,1.16666666666667,-1.9,0.00216464193004166,0.00863982502142547
"10 items, lambda = 2 (c doubled)","i10_l2",9,1.16666666666667,-1.88,0.00225278363054378,0.00899083438583093
"10 items, lambda = 2 (c doubled)","i10_l2",9,1.16666666666667,-1.86,0.00234450592577403,0.00935603687095217
"10 items, lambda = 2 (c doubled)","i10_l2",9,1.16666666666667,-1.84,0.00243995357025725,0.00973600078732897
"10 items, lambda = 2 (c doubled)","i10_l2",9,1.16666666666667,-1.82,0.00253927711239422,0.0101313167365628
"10 items, lambda = 2 (c doubled)","i10_l2",9,1.16666666666667,-1.8,0.00264263312152682,0.0105425984468473
"10 items, lambda = 2 (c doubled)","i10_l2",9,1.16666666666667,-1.78,0.0027501844234982,0.0109704836365398
"10 items, lambda = 2 (c doubled)","i10_l2",9,1.16666666666667,-1.76,0.00286210034499154,0.011415634906427
"10 items, lambda = 2 (c doubled)","i10_l2",9,1.16666666666667,-1.74,0.00297855696693768,0.0118787406613296
"10 items, lambda = 2 (c doubled)","i10_l2",9,1.16666666666667,-1.72,0.00309973738728804,0.0123605160616716
"10 items, lambda = 2 (c doubled)","i10_l2",9,1.16666666666667,-1.7,0.00322583199345567,0.0128617040056227
"10 items, lambda = 2 (c doubled)","i10_l2",9,1.16666666666667,-1.68,0.00335703874473299,0.0133830761423974
"10 items, lambda = 2 (c doubled)","i10_l2",9,1.16666666666667,-1.66,0.00349356346500066,0.0139254339172667
"10 items, lambda = 2 (c doubled)","i10_l2",9,1.16666666666667,-1.64,0.00363562014604729,0.0144896096488038
"10 items, lambda = 2 (c doubled)","i10_l2",9,1.16666666666667,-1.62,0.00378343126182483,0.0150764676388475
"10 items, lambda = 2 (c doubled)","i10_l2",9,1.16666666666667,-1.6,0.003937228093969,0.0156869053156203
"10 items, lambda = 2 (c doubled)","i10_l2",9,1.16666666666667,-1.58,0.00409725106891838,0.0163218544103865
"10 items, lambda = 2 (c doubled)","i10_l2",9,1.16666666666667,-1.56,0.00426375010696902,0.0169822821679774
"10 items, lambda = 2 (c doubled)","i10_l2",9,1.16666666666667,-1.54,0.00443698498360494,0.0176691925914408
"10 items, lambda = 2 (c doubled)","i10_l2",9,1.16666666666667,-1.52,0.00461722570344633,0.0183836277209991
"10 items, lambda = 2 (c doubled)","i10_l2",9,1.16666666666667,-1.5,0.00480475288715952,0.0191266689474114
"10 items, lambda = 2 (c doubled)","i10_l2",9,1.16666666666667,-1.48,0.00499985817167248,0.0198994383597425
"10 items, lambda = 2 (c doubled)","i10_l2",9,1.16666666666667,-1.46,0.00520284462403973,0.0207031001274313
"10 items, lambda = 2 (c doubled)","i10_l2",9,1.16666666666667,-1.44,0.00541402716929855,0.0215388619164346
"10 items, lambda = 2 (c doubled)","i10_l2",9,1.16666666666667,-1.42,0.00563373303265553,0.0224079763390892
"10 items, lambda = 2 (c doubled)","i10_l2",9,1.16666666666667,-1.4,0.00586230219633834,0.0233117424371886
"10 items, lambda = 2 (c doubled)","i10_l2",9,1.16666666666667,-1.38,0.00610008787144162,0.0242515071976092
"10 items, lambda = 2 (c doubled)","i10_l2",9,1.16666666666667,-1.36,0.00634745698508847,0.0252286670996437
"10 items, lambda = 2 (c doubled)","i10_l2",9,1.16666666666667,-1.34,0.00660479068321951,0.0262446696930015
"10 items, lambda = 2 (c doubled)","i10_l2",9,1.16666666666667,-1.32,0.00687248484931027,0.0273010152052251
"10 items, lambda = 2 (c doubled)","i10_l2",9,1.16666666666667,-1.3,0.00715095063930353,0.0283992581770311
"10 items, lambda = 2 (c doubled)","i10_l2",9,1.16666666666667,-1.28,0.00744061503302779,0.0295410091238323
"10 items, lambda = 2 (c doubled)","i10_l2",9,1.16666666666667,-1.26,0.00774192140235327,0.0307279362214122
"10 items, lambda = 2 (c doubled)","i10_l2",9,1.16666666666667,-1.24,0.00805533009631606,0.0319617670134218
"10 items, lambda = 2 (c doubled)","i10_l2",9,1.16666666666667,-1.22,0.00838131904341528,0.0332442901380311
"10 items, lambda = 2 (c doubled)","i10_l2",9,1.16666666666667,-1.2,0.00872038437126006,0.0345773570707102
"10 items, lambda = 2 (c doubled)","i10_l2",9,1.16666666666667,-1.18,0.00907304104371096,0.0359628838797204
"10 items, lambda = 2 (c doubled)","i10_l2",9,1.16666666666667,-1.16,0.00943982351562403,0.0374028529904716
"10 items, lambda = 2 (c doubled)","i10_l2",9,1.16666666666667,-1.14,0.00982128640526497,0.0388993149544429
"10 items, lambda = 2 (c doubled)","i10_l2",9,1.16666666666667,-1.12,0.0102180051844156,0.0404543902178674
"10 items, lambda = 2 (c doubled)","i10_l2",9,1.16666666666667,-1.1,0.010630576886144,0.0420702708848471
"10 items, lambda = 2 (c doubled)","i10_l2",9,1.16666666666667,-1.08,0.0110596208301535,0.043749222468987
"10 items, lambda = 2 (c doubled)","i10_l2",9,1.16666666666667,-1.06,0.0115057793655639,0.0454935856270193
"10 items, lambda = 2 (c doubled)","i10_l2",9,1.16666666666667,-1.04,0.0119697186309087,0.0473057778672223
"10 items, lambda = 2 (c doubled)","i10_l2",9,1.16666666666667,-1.02,0.0124521293310586,0.0491882952247248
"10 items, lambda = 2 (c doubled)","i10_l2",9,1.16666666666667,-1,0.0129537275306959,0.0511437138950254
"10 items, lambda = 2 (c doubled)","i10_l2",9,1.16666666666667,-0.98,0.0134752554638764,0.0531746918162386
"10 items, lambda = 2 (c doubled)","i10_l2",9,1.16666666666667,-0.96,0.0140174823591147,0.0552839701897065
"10 items, lambda = 2 (c doubled)","i10_l2",9,1.16666666666667,-0.94,0.0145812052793206,0.0574743749276915
"10 items, lambda = 2 (c doubled)","i10_l2",9,1.16666666666667,-0.92,0.0151672499757969,0.0597488180158743
"10 items, lambda = 2 (c doubled)","i10_l2",9,1.16666666666667,-0.9,0.0157764717553819,0.0621102987773341
"10 items, lambda = 2 (c doubled)","i10_l2",9,1.16666666666667,-0.88,0.0164097563596786,0.0645619050235784
"10 items, lambda = 2 (c doubled)","i10_l2",9,1.16666666666667,-0.86,0.0170680208551655,0.0671068140770125
"10 items, lambda = 2 (c doubled)","i10_l2",9,1.16666666666667,-0.84,0.0177522145328192,0.069748293648
"10 items, lambda = 2 (c doubled)","i10_l2",9,1.16666666666667,-0.82,0.018463319815706,0.072489702548356
"10 items, lambda = 2 (c doubled)","i10_l2",9,1.16666666666667,-0.8,0.0192023531728092,0.0753344912217437
"10 items, lambda = 2 (c doubled)","i10_l2",9,1.16666666666667,-0.78,0.0199703660371585,0.0782862020700017
"10 items, lambda = 2 (c doubled)","i10_l2",9,1.16666666666667,-0.76,0.0207684457261093,0.0813484695529236
"10 items, lambda = 2 (c doubled)","i10_l2",9,1.16666666666667,-0.74,0.0215977163613872,0.084525020037441
"10 items, lambda = 2 (c doubled)","i10_l2",9,1.16666666666667,-0.72,0.0224593397862656,0.0878196713705228
"10 items, lambda = 2 (c doubled)","i10_l2",9,1.16666666666667,-0.7,0.0233545164769771,0.0912363321484149
"10 items, lambda = 2 (c doubled)","i10_l2",9,1.16666666666667,-0.68,0.0242844864451781,0.0947790006530884
"10 items, lambda = 2 (c doubled)","i10_l2",9,1.16666666666667,-0.66,0.0252505301279867,0.0984517634249692
"10 items, lambda = 2 (c doubled)","i10_l2",9,1.16666666666667,-0.64,0.0262539692617924,0.102258793439173
"10 items, lambda = 2 (c doubled)","i10_l2",9,1.16666666666667,-0.62,0.0272961677357034,0.106204347850591
"10 items, lambda = 2 (c doubled)","i10_l2",9,1.16666666666667,-0.6,0.0283785324201358,0.11029276527126
"10 items, lambda = 2 (c doubled)","i10_l2",9,1.16666666666667,-0.58,0.0295025139656803,0.11452846254154
"10 items, lambda = 2 (c doubled)","i10_l2",9,1.16666666666667,-0.56,0.0306696075669801,0.11891593095467
"10 items, lambda = 2 (c doubled)","i10_l2",9,1.16666666666667,-0.54,0.0318813536859477,0.123459731892397
"10 items, lambda = 2 (c doubled)","i10_l2",9,1.16666666666667,-0.52,0.033139338728208,0.12816449182746
"10 items, lambda = 2 (c doubled)","i10_l2",9,1.16666666666667,-0.5,0.0344451956662112,0.13303489664691
"10 items, lambda = 2 (c doubled)","i10_l2",9,1.16666666666667,-0.48,0.0358006046019833,0.138075685248463
"10 items, lambda = 2 (c doubled)","i10_l2",9,1.16666666666667,-0.46,0.0372072932620011,0.143291642360466
"10 items, lambda = 2 (c doubled)","i10_l2",9,1.16666666666667,-0.44,0.038667037416172,0.148687590534513
"10 items, lambda = 2 (c doubled)","i10_l2",9,1.16666666666667,-0.42,0.0401816612123871,0.1542683812584
"10 items, lambda = 2 (c doubled)","i10_l2",9,1.16666666666667,-0.4,0.0417530374175819,0.160038885135952
"10 items, lambda = 2 (c doubled)","i10_l2",9,1.16666666666667,-0.38,0.0433830875557046,0.166003981079355
"10 items, lambda = 2 (c doubled)","i10_l2",9,1.16666666666667,-0.36,0.0450737819324401,0.172168544458988
"10 items, lambda = 2 (c doubled)","i10_l2",9,1.16666666666667,-0.34,0.0468271395359902,0.178537434155468
"10 items, lambda = 2 (c doubled)","i10_l2",9,1.16666666666667,-0.32,0.0486452278026553,0.185115478458732
"10 items, lambda = 2 (c doubled)","i10_l2",9,1.16666666666667,-0.3,0.0505301622354135,0.191907459759505
"10 items, lambda = 2 (c doubled)","i10_l2",9,1.16666666666667,-0.28,0.052484105863153,0.198918097979594
"10 items, lambda = 2 (c doubled)","i10_l2",9,1.16666666666667,-0.26,0.0545092685276843,0.206152032689044
"10 items, lambda = 2 (c doubled)","i10_l2",9,1.16666666666667,-0.24,0.0566079059851495,0.213613803860504
"10 items, lambda = 2 (c doubled)","i10_l2",9,1.16666666666667,-0.22,0.0587823188079662,0.221307831214099
"10 items, lambda = 2 (c doubled)","i10_l2",9,1.16666666666667,-0.2,0.061034851072992,0.229238392109959
"10 items, lambda = 2 (c doubled)","i10_l2",9,1.16666666666667,-0.18,0.0633678888211903,0.237409597950142
"10 items, lambda = 2 (c doubled)","i10_l2",9,1.16666666666667,-0.16,0.0657838582737253,0.245825369057391
"10 items, lambda = 2 (c doubled)","i10_l2",9,1.16666666666667,-0.14,0.0682852237891162,0.254489408004746
"10 items, lambda = 2 (c doubled)","i10_l2",9,1.16666666666667,-0.12,0.0708744855458633,0.26340517137789
"10 items, lambda = 2 (c doubled)","i10_l2",9,1.16666666666667,-0.1,0.073554176934819,0.272575839961041
"10 items, lambda = 2 (c doubled)","i10_l2",9,1.16666666666667,-0.0800000000000001,0.0763268616455351,0.282004287347514
"10 items, lambda = 2 (c doubled)","i10_l2",9,1.16666666666667,-0.06,0.0791951304308875,0.291693046987689
"10 items, lambda = 2 (c doubled)","i10_l2",9,1.16666666666667,-0.04,0.0821615975344684,0.30164427770021
"10 items, lambda = 2 (c doubled)","i10_l2",9,1.16666666666667,-0.02,0.0852288967655696,0.311859727686774
"10 items, lambda = 2 (c doubled)","i10_l2",9,1.16666666666667,0,0.0883996772070584,0.322340697106985
"10 items, lambda = 2 (c doubled)","i10_l2",9,1.16666666666667,0.0200000000000005,0.0916765985421054,0.33308799928742
"10 items, lambda = 2 (c doubled)","i10_l2",9,1.16666666666667,0.04,0.0950623259865524,0.344101920658315
"10 items, lambda = 2 (c doubled)","i10_l2",9,1.16666666666667,0.0600000000000005,0.0985595248147547,0.355382179532178
"10 items, lambda = 2 (c doubled)","i10_l2",9,1.16666666666667,0.0800000000000001,0.102170854467977,0.366927883861043
"10 items, lambda = 2 (c doubled)","i10_l2",9,1.16666666666667,0.0999999999999996,0.105898962235918,0.378737488133094
"10 items, lambda = 2 (c doubled)","i10_l2",9,1.16666666666667,0.12,0.109746476503655,0.390808749594751
"10 items, lambda = 2 (c doubled)","i10_l2",9,1.16666666666667,0.14,0.113715999558323,0.403138684011097
"10 items, lambda = 2 (c doubled)","i10_l2",9,1.16666666666667,0.16,0.11781009995207,0.415723521205412
"10 items, lambda = 2 (c doubled)","i10_l2",9,1.16666666666667,0.18,0.122031304420423,0.428558660647492
"10 items, lambda = 2 (c doubled)","i10_l2",9,1.16666666666667,0.2,0.126382089358013,0.441638627390065
"10 items, lambda = 2 (c doubled)","i10_l2",9,1.16666666666667,0.22,0.13086487185676,0.454957028682696
"10 items, lambda = 2 (c doubled)","i10_l2",9,1.16666666666667,0.24,0.13548200031508,0.468506511622819
"10 items, lambda = 2 (c doubled)","i10_l2",9,1.16666666666667,0.26,0.140235744630387,0.482278722233393
"10 items, lambda = 2 (c doubled)","i10_l2",9,1.16666666666667,0.28,0.145128285991251,0.49626426638597
"10 items, lambda = 2 (c doubled)","i10_l2",9,1.16666666666667,0.3,0.150161706289847,0.510452673015876
"10 items, lambda = 2 (c doubled)","i10_l2",9,1.16666666666667,0.32,0.155337977179998,0.524832360102497
"10 items, lambda = 2 (c doubled)","i10_l2",9,1.16666666666667,0.34,0.160658948810883,0.539390603911461
"10 items, lambda = 2 (c doubled)","i10_l2",9,1.16666666666667,0.36,0.166126338271651,0.554113512016415
"10 items, lambda = 2 (c doubled)","i10_l2",9,1.16666666666667,0.38,0.171741717787347,0.568986000635193
"10 items, lambda = 2 (c doubled)","i10_l2",9,1.16666666666667,0.4,0.177506502712074,0.58399177682801
"10 items, lambda = 2 (c doubled)","i10_l2",9,1.16666666666667,0.42,0.18342193937074,0.599113326112865
"10 items, lambda = 2 (c doubled)","i10_l2",9,1.16666666666667,0.44,0.189489092806376,0.61433190605517
"10 items, lambda = 2 (c doubled)","i10_l2",9,1.16666666666667,0.46,0.195708834495526,0.629627546383715
"10 items, lambda = 2 (c doubled)","i10_l2",9,1.16666666666667,0.48,0.20208183009968,0.644979056172977
"10 items, lambda = 2 (c doubled)","i10_l2",9,1.16666666666667,0.5,0.208608527326045,0.660364038611615
"10 items, lambda = 2 (c doubled)","i10_l2",9,1.16666666666667,0.52,0.215289143975987,0.675758913848295
"10 items, lambda = 2 (c doubled)","i10_l2",9,1.16666666666667,0.54,0.222123656264228,0.691138950368156
"10 items, lambda = 2 (c doubled)","i10_l2",9,1.16666666666667,0.56,0.229111787496176,0.706478305305931
"10 items, lambda = 2 (c doubled)","i10_l2",9,1.16666666666667,0.58,0.236252997194544,0.721750074044555
"10 items, lambda = 2 (c doubled)","i10_l2",9,1.16666666666667,0.6,0.243546470769596,0.736926349381081
"10 items, lambda = 2 (c doubled)","i10_l2",9,1.16666666666667,0.62,0.250991109829767,0.751978290464756
"10 items, lambda = 2 (c doubled)","i10_l2",9,1.16666666666667,0.64,0.258585523231064,0.766876201625524
"10 items, lambda = 2 (c doubled)","i10_l2",9,1.16666666666667,0.66,0.266328018964337,0.781589621115474
"10 items, lambda = 2 (c doubled)","i10_l2",9,1.16666666666667,0.68,0.274216596979228,0.796087419681439
"10 items, lambda = 2 (c doubled)","i10_l2",9,1.16666666666667,0.7,0.28224894304226,0.810337908775149
"10 items, lambda = 2 (c doubled)","i10_l2",9,1.16666666666667,0.72,0.290422423723946,0.824308958089019
"10 items, lambda = 2 (c doubled)","i10_l2",9,1.16666666666667,0.74,0.298734082606138,0.837968121982428
"10 items, lambda = 2 (c doubled)","i10_l2",9,1.16666666666667,0.76,0.307180637795797,0.851282774236657
"10 items, lambda = 2 (c doubled)","i10_l2",9,1.16666666666667,0.78,0.315758480825138,0.864220250448556
"10 items, lambda = 2 (c doubled)","i10_l2",9,1.16666666666667,0.8,0.324463677010546,0.876747997245368
"10 items, lambda = 2 (c doubled)","i10_l2",9,1.16666666666667,0.82,0.333291967333877,0.888833727378364
"10 items, lambda = 2 (c doubled)","i10_l2",9,1.16666666666667,0.84,0.342238771899708,0.90044557963315
"10 items, lambda = 2 (c doubled)","i10_l2",9,1.16666666666667,0.86,0.351299195010923,0.911552282382402
"10 items, lambda = 2 (c doubled)","i10_l2",9,1.16666666666667,0.88,0.360468031892768,0.922123319504489
"10 items, lambda = 2 (c doubled)","i10_l2",9,1.16666666666667,0.9,0.369739777082249,0.932129097301671
"10 items, lambda = 2 (c doubled)","i10_l2",9,1.16666666666667,0.92,0.379108634485743,0.941541110976393
"10 items, lambda = 2 (c doubled)","i10_l2",9,1.16666666666667,0.94,0.388568529092927,0.950332109165945
"10 items, lambda = 2 (c doubled)","i10_l2",9,1.16666666666667,0.96,0.398113120319943,0.958476254996247
"10 items, lambda = 2 (c doubled)","i10_l2",9,1.16666666666667,0.98,0.407735816939209,0.965949282096499
"10 items, lambda = 2 (c doubled)","i10_l2",9,1.16666666666667,1,0.417429793537685,0.972728644019083
"10 items, lambda = 2 (c doubled)","i10_l2",9,1.16666666666667,1.02,0.427188008429986,0.978793655534433
"10 items, lambda = 2 (c doubled)","i10_l2",9,1.16666666666667,1.04,0.4370032229376,0.984125624319001
"10 items, lambda = 2 (c doubled)","i10_l2",9,1.16666666666667,1.06,0.446868021931049,0.988707971625922
"10 items, lambda = 2 (c doubled)","i10_l2",9,1.16666666666667,1.08,0.456774835518142,0.992526340622065
"10 items, lambda = 2 (c doubled)","i10_l2",9,1.16666666666667,1.1,0.466715961748869,0.995568691190789
"10 items, lambda = 2 (c doubled)","i10_l2",9,1.16666666666667,1.12,0.47668359019615,0.997825380135436
"10 items, lambda = 2 (c doubled)","i10_l2",9,1.16666666666667,1.14,0.486669826261767,0.999289225872434
"10 items, lambda = 2 (c doubled)","i10_l2",9,1.16666666666667,1.16,0.496666716048505,0.999955556872395
"10 items, lambda = 2 (c doubled)","i10_l2",9,1.16666666666667,1.18,0.506666271633029,0.999822243290059
"10 items, lambda = 2 (c doubled)","i10_l2",9,1.16666666666667,1.2,0.516660496569412,0.998889711416242
"10 items, lambda = 2 (c doubled)","i10_l2",9,1.16666666666667,1.22,0.526641411450484,0.997160940783704
"10 items, lambda = 2 (c doubled)","i10_l2",9,1.16666666666667,1.24,0.536601079353591,0.994641443960609
"10 items, lambda = 2 (c doubled)","i10_l2",9,1.16666666666667,1.26,0.5465316309986,0.99133922926644
"10 items, lambda = 2 (c doubled)","i10_l2",9,1.16666666666667,1.28,0.55642528944941,0.987264746842201
"10 items, lambda = 2 (c doubled)","i10_l2",9,1.16666666666667,1.3,0.566274394195439,0.98243081869611
"10 items, lambda = 2 (c doubled)","i10_l2",9,1.16666666666667,1.32,0.576071424456712,0.976852553524507
"10 items, lambda = 2 (c doubled)","i10_l2",9,1.16666666666667,1.34,0.585809021564985,0.97054724727224
"10 items, lambda = 2 (c doubled)","i10_l2",9,1.16666666666667,1.36,0.595480010283749,0.963534270544861
"10 items, lambda = 2 (c doubled)","i10_l2",9,1.16666666666667,1.38,0.605077418941737,0.95583494411417
"10 items, lambda = 2 (c doubled)","i10_l2",9,1.16666666666667,1.4,0.61459449826755,0.947472403867234
"10 items, lambda = 2 (c doubled)","i10_l2",9,1.16666666666667,1.42,0.624024738826925,0.938471456635652
"10 items, lambda = 2 (c doubled)","i10_l2",9,1.16666666666667,1.44,0.633361886978954,0.928858428405651
"10 items, lambda = 2 (c doubled)","i10_l2",9,1.16666666666667,1.46,0.642599959282703,0.918661006450286
"10 items, lambda = 2 (c doubled)","i10_l2",9,1.16666666666667,1.48,0.651733255301262,0.907908076942729
"10 items, lambda = 2 (c doubled)","i10_l2",9,1.16666666666667,1.5,0.660756368765817,0.896629559604914
"10 items, lambda = 2 (c doubled)","i10_l2",9,1.16666666666667,1.52,0.669664197077775,0.884856240919815
"10 items, lambda = 2 (c doubled)","i10_l2",9,1.16666666666667,1.54,0.678451949142018,0.872619607389658
"10 items, lambda = 2 (c doubled)","i10_l2",9,1.16666666666667,1.56,0.687115151538922,0.859951680258265
"10 items, lambda = 2 (c doubled)","i10_l2",9,1.16666666666667,1.58,0.695649653056521,0.846884853035451
"10 items, lambda = 2 (c doubled)","i10_l2",9,1.16666666666667,1.6,0.704051627617163,0.833451733067147
"10 items, lambda = 2 (c doubled)","i10_l2",9,1.16666666666667,1.62,0.712317575644865,0.819684988289148
"10 items, lambda = 2 (c doubled)","i10_l2",9,1.16666666666667,1.64,0.720444323930458,0.805617200187374
"10 items, lambda = 2 (c doubled)","i10_l2",9,1.16666666666667,1.66,0.728429024061152,0.791280723865878
"10 items, lambda = 2 (c doubled)","i10_l2",9,1.16666666666667,1.68,0.736269149489623,0.776707555997801
"10 items, lambda = 2 (c doubled)","i10_l2",9,1.16666666666667,1.7,0.743962491324758,0.761929211306469
"10 items, lambda = 2 (c doubled)","i10_l2",9,1.16666666666667,1.72,0.751507152932089,0.746976608095979
"10 items, lambda = 2 (c doubled)","i10_l2",9,1.16666666666667,1.74,0.758901543436468,0.731879963224858
"10 items, lambda = 2 (c doubled)","i10_l2",9,1.16666666666667,1.76,0.766144370222876,0.716668696794674
"10 items, lambda = 2 (c doubled)","i10_l2",9,1.16666666666667,1.78,0.773234630533388,0.701371346709132
"10 items, lambda = 2 (c doubled)","i10_l2",9,1.16666666666667,1.8,0.780171602259317,0.686015493149787
"10 items, lambda = 2 (c doubled)","i10_l2",9,1.16666666666667,1.82,0.786954834027511,0.670627692912975
"10 items, lambda = 2 (c doubled)","i10_l2",9,1.16666666666667,1.84,0.793584134678733,0.655233423459758
"10 items, lambda = 2 (c doubled)","i10_l2",9,1.16666666666667,1.86,0.800059562234191,0.639857036447302
"10 items, lambda = 2 (c doubled)","i10_l2",9,1.16666666666667,1.88,0.806381412443527,0.624521720436438
"10 items, lambda = 2 (c doubled)","i10_l2",9,1.16666666666667,1.9,0.812550207004259,0.60924947240638
"10 items, lambda = 2 (c doubled)","i10_l2",9,1.16666666666667,1.92,0.818566681538662,0.594061077653778
"10 items, lambda = 2 (c doubled)","i10_l2",9,1.16666666666667,1.94,0.824431773409634,0.57897609760912
"10 items, lambda = 2 (c doubled)","i10_l2",9,1.16666666666667,1.96,0.830146609452223,0.564012865068806
"10 items, lambda = 2 (c doubled)","i10_l2",9,1.16666666666667,1.98,0.835712493692382,0.549188486315371
"10 items, lambda = 2 (c doubled)","i10_l2",9,1.16666666666667,2,0.841130895119085,0.534518849581008
"10 items, lambda = 2 (c doubled)","i10_l2",9,1.16666666666667,2.02,0.846403435570498,0.520018639299824
"10 items, lambda = 2 (c doubled)","i10_l2",9,1.16666666666667,2.04,0.851531877789286,0.505701355591755
"10 items, lambda = 2 (c doubled)","i10_l2",9,1.16666666666667,2.06,0.856518113696613,0.491579338424836
"10 items, lambda = 2 (c doubled)","i10_l2",9,1.16666666666667,2.08,0.861364152928887,0.477663795911952
"10 items, lambda = 2 (c doubled)","i10_l2",9,1.16666666666667,2.1,0.866072111675927,0.463964836212512
"10 items, lambda = 2 (c doubled)","i10_l2",9,1.16666666666667,2.12,0.870644201854033,0.450491502527948
"10 items, lambda = 2 (c doubled)","i10_l2",9,1.16666666666667,2.14,0.875082720642438,0.437251810701867
"10 items, lambda = 2 (c doubled)","i10_l2",9,1.16666666666667,2.16,0.879390040406833,0.424252788960407
"10 items, lambda = 2 (c doubled)","i10_l2",9,1.16666666666667,2.18,0.883568599029161,0.411500519355227
"10 items, lambda = 2 (c doubled)","i10_l2",9,1.16666666666667,2.2,0.887620890658643,0.3990001805
"10 items, lambda = 2 (c doubled)","i10_l2",9,1.16666666666667,2.22,0.891549456895037,0.386756091220807
"10 items, lambda = 2 (c doubled)","i10_l2",9,1.16666666666667,2.24,0.895356878411502,0.374771754770851
"10 items, lambda = 2 (c doubled)","i10_l2",9,1.16666666666667,2.26,0.899045767021092,0.363049903290194
"10 items, lambda = 2 (c doubled)","i10_l2",9,1.16666666666667,2.28,0.902618758187847,0.351592542221104
"10 items, lambda = 2 (c doubled)","i10_l2",9,1.16666666666667,2.3,0.906078503980729,0.340400994419093
"10 items, lambda = 2 (c doubled)","i10_l2",9,1.16666666666667,2.32,0.909427666466163,0.329475943728291
"10 items, lambda = 2 (c doubled)","i10_l2",9,1.16666666666667,2.34,0.912668911532797,0.318817477817345
"10 items, lambda = 2 (c doubled)","i10_l2",9,1.16666666666667,2.36,0.915804903140179,0.308425130098347
"10 items, lambda = 2 (c doubled)","i10_l2",9,1.16666666666667,2.38,0.918838297981376,0.298297920576256
"10 items, lambda = 2 (c doubled)","i10_l2",9,1.16666666666667,2.4,0.921771740548216,0.288434395499713
"10 items, lambda = 2 (c doubled)","i10_l2",9,1.16666666666667,2.42,0.924607858586567,0.278832665706118
"10 items, lambda = 2 (c doubled)","i10_l2",9,1.16666666666667,2.44,0.927349258928187,0.269490443574119
"10 items, lambda = 2 (c doubled)","i10_l2",9,1.16666666666667,2.46,0.929998523684828,0.260405078515473
"10 items, lambda = 2 (c doubled)","i10_l2",9,1.16666666666667,2.48,0.932558206789754,0.251573590955329
"10 items, lambda = 2 (c doubled)","i10_l2",9,1.16666666666667,2.5,0.935030830871336,0.24299270476558
"10 items, lambda = 2 (c doubled)","i10_l2",9,1.16666666666667,2.52,0.937418884443159,0.23465887813001
"10 items, lambda = 2 (c doubled)","i10_l2",9,1.16666666666667,2.54,0.939724819394896,0.226568332832503
"10 items, lambda = 2 (c doubled)","i10_l2",9,1.16666666666667,2.56,0.94195104876819,0.21871708197079
"10 items, lambda = 2 (c doubled)","i10_l2",9,1.16666666666667,2.58,0.944099944801836,0.211100956108026
"10 items, lambda = 2 (c doubled)","i10_l2",9,1.16666666666667,2.6,0.946173837230771,0.203715627883079
"10 items, lambda = 2 (c doubled)","i10_l2",9,1.16666666666667,2.62,0.948175011823556,0.196556635107822
"10 items, lambda = 2 (c doubled)","i10_l2",9,1.16666666666667,2.64,0.950105709143423,0.189619402385985
"10 items, lambda = 2 (c doubled)","i10_l2",9,1.16666666666667,2.66,0.951968123518272,0.18289926129349
"10 items, lambda = 2 (c doubled)","i10_l2",9,1.16666666666667,2.68,0.953764402205465,0.176391469164467
"10 items, lambda = 2 (c doubled)","i10_l2",9,1.16666666666667,2.7,0.955496644737713,0.170091226530743
"10 items, lambda = 2 (c doubled)","i10_l2",9,1.16666666666667,2.72,0.957166902436821,0.16399369326529
"10 items, lambda = 2 (c doubled)","i10_l2",9,1.16666666666667,2.74,0.958777178082617,0.158094003482203
"10 items, lambda = 2 (c doubled)","i10_l2",9,1.16666666666667,2.76,0.960329425724886,0.152387279247188
"10 items, lambda = 2 (c doubled)","i10_l2",9,1.16666666666667,2.78,0.961825550626682,0.146868643153448
"10 items, lambda = 2 (c doubled)","i10_l2",9,1.16666666666667,2.8,0.96326740932797,0.141533229818203
"10 items, lambda = 2 (c doubled)","i10_l2",9,1.16666666666667,2.82,0.964656809819052,0.136376196355124
"10 items, lambda = 2 (c doubled)","i10_l2",9,1.16666666666667,2.84,0.965995511813836,0.131392731877443
"10 items, lambda = 2 (c doubled)","i10_l2",9,1.16666666666667,2.86,0.96728522711351,0.126578066085903
"10 items, lambda = 2 (c doubled)","i10_l2",9,1.16666666666667,2.88,0.968527620051742,0.121927476994602
"10 items, lambda = 2 (c doubled)","i10_l2",9,1.16666666666667,2.9,0.96972430801305,0.117436297846647
"10 items, lambda = 2 (c doubled)","i10_l2",9,1.16666666666667,2.92,0.970876862016478,0.113099923270058
"10 items, lambda = 2 (c doubled)","i10_l2",9,1.16666666666667,2.94,0.97198680735725,0.108913814722839
"10 items, lambda = 2 (c doubled)","i10_l2",9,1.16666666666667,2.96,0.973055624299504,0.104873505274426
"10 items, lambda = 2 (c doubled)","i10_l2",9,1.16666666666667,2.98,0.974084748813723,0.100974603768915
"10 items, lambda = 2 (c doubled)","i10_l2",9,1.16666666666667,3,0.975075573352886,0.0972127984137066
"10 items, lambda = 2 (c doubled)","i10_l2",9,1.16666666666667,3.02,0.976029447661805,0.0935838598351887
"10 items, lambda = 2 (c doubled)","i10_l2",9,1.16666666666667,3.04,0.976947679614523,0.0900836436412893
"10 items, lambda = 2 (c doubled)","i10_l2",9,1.16666666666667,3.06,0.977831536075032,0.0867080925287002
"10 items, lambda = 2 (c doubled)","i10_l2",9,1.16666666666667,3.08,0.978682243776932,0.083453237970726
"10 items, lambda = 2 (c doubled)","i10_l2",9,1.16666666666667,3.1,0.979500990218018,0.0803152015197593
"10 items, lambda = 2 (c doubled)","i10_l2",9,1.16666666666667,3.12,0.980288924566099,0.07729019575656
"10 items, lambda = 2 (c doubled)","i10_l2",9,1.16666666666667,3.14,0.98104715857267,0.0743745249166441
"10 items, lambda = 2 (c doubled)","i10_l2",9,1.16666666666667,3.16,0.981776767491353,0.0715645852223324
"10 items, lambda = 2 (c doubled)","i10_l2",9,1.16666666666667,3.18,0.982478790998302,0.0688568649472654
"10 items, lambda = 2 (c doubled)","i10_l2",9,1.16666666666667,3.2,0.983154234112019,0.066247944238513
"10 items, lambda = 2 (c doubled)","i10_l2",9,1.16666666666667,3.22,0.983804068110273,0.0637344947198026
"10 items, lambda = 2 (c doubled)","i10_l2",9,1.16666666666667,3.24,0.984429231442056,0.0613132788978346
"10 items, lambda = 2 (c doubled)","i10_l2",9,1.16666666666667,3.26,0.985030630632705,0.0589811493921602
"10 items, lambda = 2 (c doubled)","i10_l2",9,1.16666666666667,3.28,0.985609141180511,0.0567350480077056
"10 items, lambda = 2 (c doubled)","i10_l2",9,1.16666666666667,3.3,0.986165608443347,0.0545720046676391
"10 items, lambda = 2 (c doubled)","i10_l2",9,1.16666666666667,3.32,0.986700848514,0.0524891362230107
"10 items, lambda = 2 (c doubled)","i10_l2",9,1.16666666666667,3.34,0.987215649083034,0.0504836451543926
"10 items, lambda = 2 (c doubled)","i10_l2",9,1.16666666666667,3.36,0.987710770288203,0.04855281817955
"10 items, lambda = 2 (c doubled)","i10_l2",9,1.16666666666667,3.38,0.988186945549517,0.0466940247801303
"10 items, lambda = 2 (c doubled)","i10_l2",9,1.16666666666667,3.4,0.98864488238922,0.0449047156593001
"10 items, lambda = 2 (c doubled)","i10_l2",9,1.16666666666667,3.42,0.989085263236049,0.0431824211412997
"10 items, lambda = 2 (c doubled)","i10_l2",9,1.16666666666667,3.44,0.989508746213235,0.0415247495229853
"10 items, lambda = 2 (c doubled)","i10_l2",9,1.16666666666667,3.46,0.989915965909829,0.0399293853865571
"10 items, lambda = 2 (c doubled)","i10_l2",9,1.16666666666667,3.48,0.99030753413498,0.0383940878819001
"10 items, lambda = 2 (c doubled)","i10_l2",9,1.16666666666667,3.5,0.990684040654933,0.036916688986191
"10 items, lambda = 2 (c doubled)","i10_l2",9,1.16666666666667,3.52,0.991046053912528,0.0354950917477395
"10 items, lambda = 2 (c doubled)","i10_l2",9,1.16666666666667,3.54,0.991394121729088,0.0341272685203937
"10 items, lambda = 2 (c doubled)","i10_l2",9,1.16666666666667,3.56,0.991728771988632,0.032811259194208
"10 items, lambda = 2 (c doubled)","i10_l2",9,1.16666666666667,3.58,0.992050513304392,0.0315451694275375
"10 items, lambda = 2 (c doubled)","i10_l2",9,1.16666666666667,3.6,0.99235983566768,0.0303271688851808
"10 items, lambda = 2 (c doubled)","i10_l2",9,1.16666666666667,3.62,0.992657211079185,0.0291554894867186
"10 items, lambda = 2 (c doubled)","i10_l2",9,1.16666666666667,3.64,0.992943094162817,0.0280284236687534
"10 items, lambda = 2 (c doubled)","i10_l2",9,1.16666666666667,3.66,0.993217922762261,0.0269443226643207
"10 items, lambda = 2 (c doubled)","i10_l2",9,1.16666666666667,3.68,0.993482118520421,0.025901594802389
"10 items, lambda = 2 (c doubled)","i10_l2",9,1.16666666666667,3.7,0.993736087441967,0.0248987038299926
"10 items, lambda = 2 (c doubled)","i10_l2",9,1.16666666666667,3.72,0.993980220439234,0.0239341672592251
"10 items, lambda = 2 (c doubled)","i10_l2",9,1.16666666666667,3.74,0.994214893861712,0.0230065547410282
"10 items, lambda = 2 (c doubled)","i10_l2",9,1.16666666666667,3.76,0.994440470009428,0.0221144864674227
"10 items, lambda = 2 (c doubled)","i10_l2",9,1.16666666666667,3.78,0.994657297630489,0.0212566316036071
"10 items, lambda = 2 (c doubled)","i10_l2",9,1.16666666666667,3.8,0.994865712403102,0.0204317067510833
"10 items, lambda = 2 (c doubled)","i10_l2",9,1.16666666666667,3.82,0.995066037402385,0.0196384744427997
"10 items, lambda = 2 (c doubled)","i10_l2",9,1.16666666666667,3.84,0.9952585835523,0.0188757416710787
"10 items, lambda = 2 (c doubled)","i10_l2",9,1.16666666666667,3.86,0.995443650063015,0.018142358448945
"10 items, lambda = 2 (c doubled)","i10_l2",9,1.16666666666667,3.88,0.995621524854069,0.0174372164053091
"10 items, lambda = 2 (c doubled)","i10_l2",9,1.16666666666667,3.9,0.995792484963641,0.0167592474143116
"10 items, lambda = 2 (c doubled)","i10_l2",9,1.16666666666667,3.92,0.995956796944296,0.0161074222590167
"10 items, lambda = 2 (c doubled)","i10_l2",9,1.16666666666667,3.94,0.996114717245537,0.0154807493295247
"10 items, lambda = 2 (c doubled)","i10_l2",9,1.16666666666667,3.96,0.996266492583505,0.0148782733554653
"10 items, lambda = 2 (c doubled)","i10_l2",9,1.16666666666667,3.98,0.996412360298184,0.0142990741727455
"10 items, lambda = 2 (c doubled)","i10_l2",9,1.16666666666667,4,0.996552548698436,0.013742265524348
"10 items, lambda = 2 (c doubled)","i10_l2",10,1.5,-4,1.67014218480952e-05,6.68045716424137e-05
"10 items, lambda = 2 (c doubled)","i10_l2",10,1.5,-3.98,1.73830079556069e-05,6.95308231465653e-05
"10 items, lambda = 2 (c doubled)","i10_l2",10,1.5,-3.96,1.80924091330591e-05,7.23683271911636e-05
"10 items, lambda = 2 (c doubled)","i10_l2",10,1.5,-3.94,1.88307604528061e-05,7.53216234210674e-05
"10 items, lambda = 2 (c doubled)","i10_l2",10,1.5,-3.92,1.95992433035389e-05,7.83954366928033e-05
"10 items, lambda = 2 (c doubled)","i10_l2",10,1.5,-3.9,2.03990872799214e-05,8.15946846286381e-05
"10 items, lambda = 2 (c doubled)","i10_l2",10,1.5,-3.88,2.12315721492952e-05,8.49244854785572e-05
"10 items, lambda = 2 (c doubled)","i10_l2",10,1.5,-3.86,2.20980298985972e-05,8.83901663026871e-05
"10 items, lambda = 2 (c doubled)","i10_l2",10,1.5,-3.84,2.29998468647563e-05,9.19972714872018e-05
"10 items, lambda = 2 (c doubled)","i10_l2",10,1.5,-3.82,2.39384659519744e-05,9.57515716072889e-05
"10 items, lambda = 2 (c doubled)","i10_l2",10,1.5,-3.8,2.49153889394299e-05,9.96590726512957e-05
"10 items, lambda = 2 (c doubled)","i10_l2",10,1.5,-3.78,2.59321788830901e-05,0.000103726025620754
"10 items, lambda = 2 (c doubled)","i10_l2",10,1.5,-3.76,2.6990462615466e-05,0.000107958936521575
"10 items, lambda = 2 (c doubled)","i10_l2",10,1.5,-3.74,2.80919333473022e-05,0.000112364576762332
"10 items, lambda = 2 (c doubled)","i10_l2",10,1.5,-3.72,2.92383533753526e-05,0.000116949993976178
"10 items, lambda = 2 (c doubled)","i10_l2",10,1.5,-3.7,3.04315569005653e-05,0.00012172252328364
"10 items, lambda = 2 (c doubled)","i10_l2",10,1.5,-3.68,3.16734529611748e-05,0.000126689799014209
"10 items, lambda = 2 (c doubled)","i10_l2",10,1.5,-3.66,3.29660284853802e-05,0.000131859766905384
"10 items, lambda = 2 (c doubled)","i10_l2",10,1.5,-3.64,3.43113514684832e-05,0.000137240696798575
"10 items, lambda = 2 (c doubled)","i10_l2",10,1.5,-3.62,3.57115742795525e-05,0.00014284119585206
"10 items, lambda = 2 (c doubled)","i10_l2",10,1.5,-3.6,3.71689371028895e-05,0.000148670222292016
"10 items, lambda = 2 (c doubled)","i10_l2",10,1.5,-3.58,3.86857715197867e-05,0.000154737099723474
"10 items, lambda = 2 (c doubled)","i10_l2",10,1.5,-3.56,4.02645042362892e-05,0.000161051532023951
"10 items, lambda = 2 (c doubled)","i10_l2",10,1.5,-3.54,4.1907660962904e-05,0.000167623618843427
"10 items, lambda = 2 (c doubled)","i10_l2",10,1.5,-3.52,4.36178704524425e-05,0.000174463871735279
"10 items, lambda = 2 (c doubled)","i10_l2",10,1.5,-3.5,4.53978687024344e-05,0.000181583230943807
"10 items, lambda = 2 (c doubled)","i10_l2",10,1.5,-3.48,4.72505033288101e-05,0.000188993082874981
"10 items, lambda = 2 (c doubled)","i10_l2",10,1.5,-3.46,4.91787381178214e-05,0.000196705278278154
"10 items, lambda = 2 (c doubled)","i10_l2",10,1.5,-3.44,5.1185657763454e-05,0.000204732151167573
"10 items, lambda = 2 (c doubled)","i10_l2",10,1.5,-3.42,5.32744727978787e-05,0.000213086538513707
"10 items, lambda = 2 (c doubled)","i10_l2",10,1.5,-3.4,5.54485247227949e-05,0.000221781800735604
"10 items, lambda = 2 (c doubled)","i10_l2",10,1.5,-3.38,5.77112913498371e-05,0.000230831843026752
"10 items, lambda = 2 (c doubled)","i10_l2",10,1.5,-3.36,6.00663923585477e-05,0.000240251137548227
"10 items, lambda = 2 (c doubled)","i10_l2",10,1.5,-3.34,6.25175950807634e-05,0.000250054746524275
"10 items, lambda = 2 (c doubled)","i10_l2",10,1.5,-3.32,6.50688205206228e-05,0.000260258346276876
"10 items, lambda = 2 (c doubled)","i10_l2",10,1.5,-3.3,6.77241496197702e-05,0.000270878252237314
"10 items, lambda = 2 (c doubled)","i10_l2",10,1.5,-3.28,7.04878297777252e-05,0.000281931444974314
"10 items, lambda = 2 (c doubled)","i10_l2",10,1.5,-3.26,7.3364281637788e-05,0.000293435597279871
"10 items, lambda = 2 (c doubled)","i10_l2",10,1.5,-3.24,7.63581061492676e-05,0.000305409102355572
"10 items, lambda = 2 (c doubled)","i10_l2",10,1.5,-3.22,7.9474091917262e-05,0.000317871103143904
"10 items, lambda = 2 (c doubled)","i10_l2",10,1.5,-3.2,8.27172228516664e-05,0.00033084152285084
"10 items, lambda = 2 (c doubled)","i10_l2",10,1.5,-3.18,8.6092686127566e-05,0.000344341096707845
"10 items, lambda = 2 (c doubled)","i10_l2",10,1.5,-3.16,8.96058804696512e-05,0.000358391405023346
"10 items, lambda = 2 (c doubled)","i10_l2",10,1.5,-3.14,9.32624247738129e-05,0.000373014907575753
"10 items, lambda = 2 (c doubled)","i10_l2",10,1.5,-3.12,9.70681670795996e-05,0.000388234979402158
"10 items, lambda = 2 (c doubled)","i10_l2",10,1.5,-3.1,0.000101029193907773,0.000404075948039005
"10 items, lambda = 2 (c doubled)","i10_l2",10,1.5,-3.08,0.000105151839977774,0.000420563132273292
"10 items, lambda = 2 (c doubled)","i10_l2",10,1.5,-3.06,0.000109442698320505,0.000437722882465158
"10 items, lambda = 2 (c doubled)","i10_l2",10,1.5,-3.04,0.000113908630802462,0.000455582622505162
"10 items, lambda = 2 (c doubled)","i10_l2",10,1.5,-3.02,0.000118556779077876,0.000474170893472044
"10 items, lambda = 2 (c doubled)","i10_l2",10,1.5,-3,0.000123394575986232,0.000493517399059396
"10 items, lambda = 2 (c doubled)","i10_l2",10,1.5,-2.98,0.00012842975741318,0.000513653052842363
"10 items, lambda = 2 (c doubled)","i10_l2",10,1.5,-2.96,0.000133670374633635,0.000534610027458321
"10 items, lambda = 2 (c doubled)","i10_l2",10,1.5,-2.94,0.000139124807156558,0.000556421805778367
"10 items, lambda = 2 (c doubled)","i10_l2",10,1.5,-2.92,0.00014480177609175,0.000579123234149562
"10 items, lambda = 2 (c doubled)","i10_l2",10,1.5,-2.9,0.000150710358059757,0.000602750577790924
"10 items, lambda = 2 (c doubled)","i10_l2",10,1.5,-2.88,0.000156859999666872,0.000627341578429505
"10 items, lambda = 2 (c doubled)","i10_l2",10,1.5,-2.86,0.000163260532568057,0.00065293551426625
"10 items, lambda = 2 (c doubled)","i10_l2",10,1.5,-2.84,0.000169922189141574,0.000679573262364846
"10 items, lambda = 2 (c doubled)","i10_l2",10,1.5,-2.82,0.000176855618800013,0.000707297363560447
"10 items, lambda = 2 (c doubled)","i10_l2",10,1.5,-2.8,0.000184071904963424,0.000736152089988909
"10 items, lambda = 2 (c doubled)","i10_l2",10,1.5,-2.78,0.000191582582721282,0.00076618351534112
"10 items, lambda = 2 (c doubled)","i10_l2",10,1.5,-2.76,0.000199399657211071,0.0007974395879511
"10 items, lambda = 2 (c doubled)","i10_l2",10,1.5,-2.74,0.000207535622742381,0.000829970206830696
"10 items, lambda = 2 (c doubled)","i10_l2",10,1.5,-2.72,0.000216003482696581,0.000863827300768178
"10 items, lambda = 2 (c doubled)","i10_l2",10,1.5,-2.7,0.000224816770233295,0.000899064910612469
"10 items, lambda = 2 (c doubled)","i10_l2",10,1.5,-2.68,0.000233989569836177,0.000935739274869538
"10 items, lambda = 2 (c doubled)","i10_l2",10,1.5,-2.66,0.000243536539731752,0.000973908918742271
"10 items, lambda = 2 (c doubled)","i10_l2",10,1.5,-2.64,0.000253472935216451,0.00101363474675025
"10 items, lambda = 2 (c doubled)","i10_l2",10,1.5,-2.62,0.000263814632928312,0.00105498013907106
"10 items, lambda = 2 (c doubled)","i10_l2",10,1.5,-2.6,0.000274578156101333,0.0010980110517501
"10 items, lambda = 2 (c doubled)","i10_l2",10,1.5,-2.58,0.000285780700841879,0.00114279612093162
"10 items, lambda = 2 (c doubled)","i10_l2",10,1.5,-2.56,0.000297440163468183,0.00118940677126935
"10 items, lambda = 2 (c doubled)","i10_l2",10,1.5,-2.54,0.000309575168955516,0.00123791732868113
"10 items, lambda = 2 (c doubled)","i10_l2",10,1.5,-2.52,0.000322205100531344,0.00128840513761814
"10 items, lambda = 2 (c doubled)","i10_l2",10,1.5,-2.5,0.000335350130466478,0.0013409506830259
"10 items, lambda = 2 (c doubled)","i10_l2",10,1.5,-2.48,0.000349031252110061,0.00139563771718045
"10 items, lambda = 2 (c doubled)","i10_l2",10,1.5,-2.46,0.000363270313218078,0.00145255339159045
"10 items, lambda = 2 (c doubled)","i10_l2",10,1.5,-2.44,0.000378090050627038,0.00151178839416262
"10 items, lambda = 2 (c doubled)","i10_l2",10,1.5,-2.42,0.000393514126326483,0.00157343709183546
"10 items, lambda = 2 (c doubled)","i10_l2",10,1.5,-2.4,0.00040956716498605,0.00163759767889366
"10 items, lambda = 2 (c doubled)","i10_l2",10,1.5,-2.38,0.000426274792995001,0.00170437233118343
"10 items, lambda = 2 (c doubled)","i10_l2",10,1.5,-2.36,0.00044366367907435,0.00177386736645688
"10 items, lambda = 2 (c doubled)","i10_l2",10,1.5,-2.34,0.000461761576524075,0.00184619341108209
"10 items, lambda = 2 (c doubled)","i10_l2",10,1.5,-2.32,0.000480597367170261,0.00192146557336372
"10 items, lambda = 2 (c doubled)","i10_l2",10,1.5,-2.3,0.000500201107079564,0.00199980362372816
"10 items, lambda = 2 (c doubled)","i10_l2",10,1.5,-2.28,0.000520604074110942,0.00208133218203585
"10 items, lambda = 2 (c doubled)","i10_l2",10,1.5,-2.26,0.00054183881737727,0.00216618091229301
"10 items, lambda = 2 (c doubled)","i10_l2",10,1.5,-2.24,0.000563939208692237,0.00225448472504455
"10 items, lambda = 2 (c doubled)","i10_l2",10,1.5,-2.22,0.000586940496080803,0.00234638398773945
"10 items, lambda = 2 (c doubled)","i10_l2",10,1.5,-2.2,0.000610879359434401,0.00244202474337047
"10 items, lambda = 2 (c doubled)","i10_l2",10,1.5,-2.18,0.000635793968395229,0.00254155893769992
"10 items, lambda = 2 (c doubled)","i10_l2",10,1.5,-2.16,0.000661724042557044,0.00264514465539419
"10 items, lambda = 2 (c doubled)","i10_l2",10,1.5,-2.14,0.000688710914073257,0.00275294636540037
"10 items, lambda = 2 (c doubled)","i10_l2",10,1.5,-2.12,0.000716797592766404,0.00286513517590963
"10 items, lambda = 2 (c doubled)","i10_l2",10,1.5,-2.1,0.000746028833836698,0.00298188909926313
"10 items, lambda = 2 (c doubled)","i10_l2",10,1.5,-2.08,0.000776451208270843,0.00310339332716807
"10 items, lambda = 2 (c doubled)","i10_l2",10,1.5,-2.06,0.000808113176056172,0.00322984051660342
"10 items, lambda = 2 (c doubled)","i10_l2",10,1.5,-2.04,0.000841065162308881,0.00336143108680652
"10 items, lambda = 2 (c doubled)","i10_l2",10,1.5,-2.02,0.000875359636429237,0.00349837352774459
"10 items, lambda = 2 (c doubled)","i10_l2",10,1.5,-2,0.000911051194400645,0.00364088472048731
"10 items, lambda = 2 (c doubled)","i10_l2",10,1.5,-1.98,0.000948196644353725,0.00378919026990945
"10 items, lambda = 2 (c doubled)","i10_l2",10,1.5,-1.96,0.000986855095520908,0.00394352485016541
"10 items, lambda = 2 (c doubled)","i10_l2",10,1.5,-1.94,0.00102708805071152,0.00410413256339043
"10 items, lambda = 2 (c doubled)","i10_l2",10,1.5,-1.92,0.00106895950244196,0.00427126731209641
"10 items, lambda = 2 (c doubled)","i10_l2",10,1.5,-1.9,0.00111253603286032,0.00444519318574364
"10 items, lambda = 2 (c doubled)","i10_l2",10,1.5,-1.88,0.00115788691760962,0.00462618486198258
"10 items, lambda = 2 (c doubled)","i10_l2",10,1.5,-1.86,0.00120508423377895,0.00481452802307378
"10 items, lambda = 2 (c doubled)","i10_l2",10,1.5,-1.84,0.00125420297209689,0.00501051978800668
"10 items, lambda = 2 (c doubled)","i10_l2",10,1.5,-1.82,0.00130532115352677,0.00521446916085171
"10 items, lambda = 2 (c doubled)","i10_l2",10,1.5,-1.8,0.00135851995042896,0.00542669749589298
"10 items, lambda = 2 (c doubled)","i10_l2",10,1.5,-1.78,0.00141388381246065,0.00564753898010205
"10 items, lambda = 2 (c doubled)","i10_l2",10,1.5,-1.76,0.00147150059738953,0.00587734113352564
"10 items, lambda = 2 (c doubled)","i10_l2",10,1.5,-1.74,0.00153146170700329,0.00611646532817308
"10 items, lambda = 2 (c doubled)","i10_l2",10,1.5,-1.72,0.00159386222830301,0.0063652873260008
"10 items, lambda = 2 (c doubled)","i10_l2",10,1.5,-1.7,0.00165880108017442,0.00662419783660334
"10 items, lambda = 2 (c doubled)","i10_l2",10,1.5,-1.68,0.00172638116573715,0.00689360309523096
"10 items, lambda = 2 (c doubled)","i10_l2",10,1.5,-1.66,0.00179670953057844,0.00717392546176469
"10 items, lambda = 2 (c doubled)","i10_l2",10,1.5,-1.64,0.00186989752708405,0.00746560404128902
"10 items, lambda = 2 (c doubled)","i10_l2",10,1.5,-1.62,0.00194606098508556,0.00776909532691154
"10 items, lambda = 2 (c doubled)","i10_l2",10,1.5,-1.6,0.00202532038904988,0.00808487386548632
"10 items, lambda = 2 (c doubled)","i10_l2",10,1.5,-1.58,0.00210780106204325,0.0084134329469044
"10 items, lambda = 2 (c doubled)","i10_l2",10,1.5,-1.56,0.00219363335670875,0.00875528531762032
"10 items, lambda = 2 (c doubled)","i10_l2",10,1.5,-1.54,0.00228295285350306,0.00911096391908697
"10 items, lambda = 2 (c doubled)","i10_l2",10,1.5,-1.52,0.00237590056644499,0.00948102265177341
"10 items, lambda = 2 (c doubled)","i10_l2",10,1.5,-1.5,0.00247262315663477,0.00986603716544019
"10 items, lambda = 2 (c doubled)","i10_l2",10,1.5,-1.48,0.00257327315381037,0.010266605676345
"10 items, lambda = 2 (c doubled)","i10_l2",10,1.5,-1.46,0.00267800918621312,0.0106833498120467
"10 items, lambda = 2 (c doubled)","i10_l2",10,1.5,-1.44,0.00278699621904228,0.0111169154844693
"10 items, lambda = 2 (c doubled)","i10_l2",10,1.5,-1.42,0.0029004058017842,0.0115679737918767
"10 items, lambda = 2 (c doubled)","i10_l2",10,1.5,-1.4,0.00301841632470842,0.0120372219503966
"10 items, lambda = 2 (c doubled)","i10_l2",10,1.5,-1.38,0.00314121328482943,0.0125253842557146
"10 items, lambda = 2 (c doubled)","i10_l2",10,1.5,-1.36,0.00326898956163862,0.0130332130755381
"10 items, lambda = 2 (c doubled)","i10_l2",10,1.5,-1.34,0.00340194570291726,0.0135614898734067
"10 items, lambda = 2 (c doubled)","i10_l2",10,1.5,-1.32,0.00354029022094651,0.0141110262643919
"10 items, lambda = 2 (c doubled)","i10_l2",10,1.5,-1.3,0.00368423989943599,0.0146826651031976
"10 items, lambda = 2 (c doubled)","i10_l2",10,1.5,-1.28,0.00383402011149745,0.0152772816051283
"10 items, lambda = 2 (c doubled)","i10_l2",10,1.5,-1.26,0.0039898651489941,0.0158957845003478
"10 items, lambda = 2 (c doubled)","i10_l2",10,1.5,-1.24,0.00415201856360065,0.0165391172217926
"10 items, lambda = 2 (c doubled)","i10_l2",10,1.5,-1.22,0.00432073351991192,0.0172082591270473
"10 items, lambda = 2 (c doubled)","i10_l2",10,1.5,-1.2,0.00449627316094118,0.0179042267544135
"10 items, lambda = 2 (c doubled)","i10_l2",10,1.5,-1.18,0.0046789109863507,0.01862807511333
"10 items, lambda = 2 (c doubled)","i10_l2",10,1.5,-1.16,0.00486893124375864,0.0193808990092088
"10 items, lambda = 2 (c doubled)","i10_l2",10,1.5,-1.14,0.00506662933346625,0.0201638344026541
"10 items, lambda = 2 (c doubled)","i10_l2",10,1.5,-1.12,0.00527231222694867,0.020978059802921
"10 items, lambda = 2 (c doubled)","i10_l2",10,1.5,-1.1,0.0054862988994504,0.0218247976953452
"10 items, lambda = 2 (c doubled)","i10_l2",10,1.5,-1.08,0.00570892077702334,0.0227053160023401
"10 items, lambda = 2 (c doubled)","i10_l2",10,1.5,-1.06,0.00594052219834037,0.0236209295774056
"10 items, lambda = 2 (c doubled)","i10_l2",10,1.5,-1.04,0.00618146089161114,0.0245730017314265
"10 items, lambda = 2 (c doubled)","i10_l2",10,1.5,-1.02,0.00643210846691863,0.0255629457903537
"10 items, lambda = 2 (c doubled)","i10_l2",10,1.5,-1,0.00669285092428486,0.0265922266831606
"10 items, lambda = 2 (c doubled)","i10_l2",10,1.5,-0.98,0.00696408917776209,0.0276623625587451
"10 items, lambda = 2 (c doubled)","i10_l2",10,1.5,-0.96,0.00724623959583143,0.0287749264302049
"10 items, lambda = 2 (c doubled)","i10_l2",10,1.5,-0.94,0.00753973455837339,0.0299315478446507
"10 items, lambda = 2 (c doubled)","i10_l2",10,1.5,-0.92,0.00784502303045563,0.031133914576429
"10 items, lambda = 2 (c doubled)","i10_l2",10,1.5,-0.9,0.0081625711531599,0.032383774341318
"10 items, lambda = 2 (c doubled)","i10_l2",10,1.5,-0.88,0.00849286285164435,0.03368293652891
"10 items, lambda = 2 (c doubled)","i10_l2",10,1.5,-0.86,0.00883640046060772,0.03503327395003
"10 items, lambda = 2 (c doubled)","i10_l2",10,1.5,-0.84,0.00919370536728809,0.0364367245956304
"10 items, lambda = 2 (c doubled)","i10_l2",10,1.5,-0.82,0.00956531867209168,0.037895293403172
"10 items, lambda = 2 (c doubled)","i10_l2",10,1.5,-0.8,0.00995180186690432,0.0394110540260248
"10 items, lambda = 2 (c doubled)","i10_l2",10,1.5,-0.78,0.0103537375310918,0.0409861506009161
"10 items, lambda = 2 (c doubled)","i10_l2",10,1.5,-0.76,0.0107717300451416,0.0426227995079049
"10 items, lambda = 2 (c doubled)","i10_l2",10,1.5,-0.74,0.0112064063218429,0.0443232911167705
"10 items, lambda = 2 (c doubled)","i10_l2",10,1.5,-0.72,0.0116584165548331,0.0460899915130684
"10 items, lambda = 2 (c doubled)","i10_l2",10,1.5,-0.7,0.0121284349842742,0.0479253441964259
"10 items, lambda = 2 (c doubled)","i10_l2",10,1.5,-0.68,0.0126171606793387,0.0498318717429218
"10 items, lambda = 2 (c doubled)","i10_l2",10,1.5,-0.66,0.0131253183371028,0.05181217742261
"10 items, lambda = 2 (c doubled)","i10_l2",10,1.5,-0.64,0.0136536590973509,0.0538689467624169
"10 items, lambda = 2 (c doubled)","i10_l2",10,1.5,-0.62,0.0142029613726911,0.0560049490437479
"10 items, lambda = 2 (c doubled)","i10_l2",10,1.5,-0.6,0.0147740316932731,0.0582230387231969
"10 items, lambda = 2 (c doubled)","i10_l2",10,1.5,-0.58,0.0153677055652755,0.0605261567637382
"10 items, lambda = 2 (c doubled)","i10_l2",10,1.5,-0.56,0.0159848483422026,0.0629173318627175
"10 items, lambda = 2 (c doubled)","i10_l2",10,1.5,-0.54,0.0166263561078816,0.0653996815618221
"10 items, lambda = 2 (c doubled)","i10_l2",10,1.5,-0.52,0.0172931565699054,0.0679764132230166
"10 items, lambda = 2 (c doubled)","i10_l2",10,1.5,-0.5,0.0179862099620916,0.0706508248531645
"10 items, lambda = 2 (c doubled)","i10_l2",10,1.5,-0.48,0.0187065099543546,0.0734263057587289
"10 items, lambda = 2 (c doubled)","i10_l2",10,1.5,-0.46,0.019455084568193,0.07630633701055
"10 items, lambda = 2 (c doubled)","i10_l2",10,1.5,-0.44,0.0202329970957854,0.0792944916972294
"10 items, lambda = 2 (c doubled)","i10_l2",10,1.5,-0.42,0.0210413470204683,0.08239443494413
"10 items, lambda = 2 (c doubled)","i10_l2",10,1.5,-0.4,0.0218812709361305,0.0856099236734005
"10 items, lambda = 2 (c doubled)","i10_l2",10,1.5,-0.38,0.022753943462804,0.0889448060787821
"10 items, lambda = 2 (c doubled)","i10_l2",10,1.5,-0.36,0.0236605781554612,0.0924030207872421
"10 items, lambda = 2 (c doubled)","i10_l2",10,1.5,-0.34,0.0246024284027394,0.0959885956777101
"10 items, lambda = 2 (c doubled)","i10_l2",10,1.5,-0.32,0.0255807883120077,0.0997056463253758
"10 items, lambda = 2 (c doubled)","i10_l2",10,1.5,-0.3,0.0265969935768659,0.103558374038152
"10 items, lambda = 2 (c doubled)","i10_l2",10,1.5,-0.28,0.0276524223228231,0.107551063450014
"10 items, lambda = 2 (c doubled)","i10_l2",10,1.5,-0.26,0.02874849592654,0.111688079634007
"10 items, lambda = 2 (c doubled)","i10_l2",10,1.5,-0.24,0.0298866798036363,0.115973864695805
"10 items, lambda = 2 (c doubled)","i10_l2",10,1.5,-0.22,0.0310684841596674,0.120412933806752
"10 items, lambda = 2 (c doubled)","i10_l2",10,1.5,-0.2,0.0322954646984505,0.125009870633447
"10 items, lambda = 2 (c doubled)","i10_l2",10,1.5,-0.18,0.0335692232814825,0.129769322119042
"10 items, lambda = 2 (c doubled)","i10_l2",10,1.5,-0.16,0.0348914085317368,0.134695992569633
"10 items, lambda = 2 (c doubled)","i10_l2",10,1.5,-0.14,0.0362637163746483,0.13979463699739
"10 items, lambda = 2 (c doubled)","i10_l2",10,1.5,-0.12,0.0376878905086059,0.145070053670469
"10 items, lambda = 2 (c doubled)","i10_l2",10,1.5,-0.1,0.0391657227967644,0.150527075818285
"10 items, lambda = 2 (c doubled)","i10_l2",10,1.5,-0.0800000000000001,0.0406990535714665,0.156170562439414
"10 items, lambda = 2 (c doubled)","i10_l2",10,1.5,-0.06,0.0422897718420338,0.16200538815833
"10 items, lambda = 2 (c doubled)","i10_l2",10,1.5,-0.04,0.0439398153961413,0.168036432076377
"10 items, lambda = 2 (c doubled)","i10_l2",10,1.5,-0.02,0.0456511707844437,0.174268565561813
"10 items, lambda = 2 (c doubled)","i10_l2",10,1.5,0,0.0474258731775668,0.180706638923649
"10 items, lambda = 2 (c doubled)","i10_l2",10,1.5,0.0200000000000005,0.0492660060840267,0.187355466914221
"10 items, lambda = 2 (c doubled)","i10_l2",10,1.5,0.04,0.0511737009170917,0.194219813006159
"10 items, lambda = 2 (c doubled)","i10_l2",10,1.5,0.0600000000000005,0.0531511363980638,0.201304372390633
"10 items, lambda = 2 (c doubled)","i10_l2",10,1.5,0.0800000000000001,0.0552005377829343,0.208613753645637
"10 items, lambda = 2 (c doubled)","i10_l2",10,1.5,0.0999999999999996,0.0573241758988687,0.216152459025537
"10 items, lambda = 2 (c doubled)","i10_l2",10,1.5,0.12,0.0595243659765015,0.223924863326388
"10 items, lambda = 2 (c doubled)","i10_l2",10,1.5,0.14,0.0618034662635885,0.231935191285576
"10 items, lambda = 2 (c doubled)","i10_l2",10,1.5,0.16,0.064163876405174,0.240187493479342
"10 items, lambda = 2 (c doubled)","i10_l2",10,1.5,0.18,0.0666080355750906,0.248685620687672
"10 items, lambda = 2 (c doubled)","i10_l2",10,1.5,0.2,0.0691384203433468,0.257433196703094
"10 items, lambda = 2 (c doubled)","i10_l2",10,1.5,0.22,0.0717575422637513,0.266433589568069
"10 items, lambda = 2 (c doubled)","i10_l2",10,1.5,0.24,0.0744679451660281,0.27568988123511
"10 items, lambda = 2 (c doubled)","i10_l2",10,1.5,0.26,0.0772722021366598,0.285204835654444
"10 items, lambda = 2 (c doubled)","i10_l2",10,1.5,0.28,0.0801729121728124,0.294980865306172
"10 items, lambda = 2 (c doubled)","i10_l2",10,1.5,0.3,0.0831726964939224,0.305019996207409
"10 items, lambda = 2 (c doubled)","i10_l2",10,1.5,0.32,0.0862741944959167,0.31532383143999
"10 items, lambda = 2 (c doubled)","i10_l2",10,1.5,0.34,0.0894800593335614,0.325893513260895
"10 items, lambda = 2 (c doubled)","i10_l2",10,1.5,0.36,0.0927929531171571,0.336729683875817
"10 items, lambda = 2 (c doubled)","i10_l2",10,1.5,0.38,0.0962155417106928,0.347832444976043
"10 items, lambda = 2 (c doubled)","i10_l2",10,1.5,0.4,0.0997504891196852,0.359201316160275
"10 items, lambda = 2 (c doubled)","i10_l2",10,1.5,0.42,0.10340045145825,0.370835192385919
"10 items, lambda = 2 (c doubled)","i10_l2",10,1.5,0.44,0.107168070486528,0.382732300618891
"10 items, lambda = 2 (c doubled)","i10_l2",10,1.5,0.46,0.111055966711408,0.394890155876809
"10 items, lambda = 2 (c doubled)","i10_l2",10,1.5,0.48,0.11506673204555,0.40730551688763
"10 items, lambda = 2 (c doubled)","i10_l2",10,1.5,0.5,0.119202922022118,0.419974341614026
"10 items, lambda = 2 (c doubled)","i10_l2",10,1.5,0.52,0.123467047565224,0.432891742923003
"10 items, lambda = 2 (c doubled)","i10_l2",10,1.5,0.54,0.127861566319081,0.44605194471005
"10 items, lambda = 2 (c doubled)","i10_l2",10,1.5,0.56,0.132388873542065,0.459448238817314
"10 items, lambda = 2 (c doubled)","i10_l2",10,1.5,0.58,0.13705129257546,0.473072943115422
"10 items, lambda = 2 (c doubled)","i10_l2",10,1.5,0.6,0.141851064900488,0.486917361148342
"10 items, lambda = 2 (c doubled)","i10_l2",10,1.5,0.62,0.146790339801382,0.500971743769508
"10 items, lambda = 2 (c doubled)","i10_l2",10,1.5,0.64,0.151871163656659,0.515225253224926
"10 items, lambda = 2 (c doubled)","i10_l2",10,1.5,0.66,0.157095468885453,0.52966593016445
"10 items, lambda = 2 (c doubled)","i10_l2",10,1.5,0.68,0.162465062580696,0.544280664085386
"10 items, lambda = 2 (c doubled)","i10_l2",10,1.5,0.7,0.167981614866076,0.559055167732244
"10 items, lambda = 2 (c doubled)","i10_l2",10,1.5,0.72,0.173646647019005,0.573973955992248
"10 items, lambda = 2 (c doubled)","i10_l2",10,1.5,0.74,0.179461519407327,0.589020329837362
"10 items, lambda = 2 (c doubled)","i10_l2",10,1.5,0.76,0.185427419292982,0.604176365869307
"10 items, lambda = 2 (c doubled)","i10_l2",10,1.5,0.78,0.191545348561468,0.619422912023734
"10 items, lambda = 2 (c doubled)","i10_l2",10,1.5,0.8,0.197816111441418,0.634739589982458
"10 items, lambda = 2 (c doubled)","i10_l2",10,1.5,0.82,0.204240302284092,0.650104804827979
"10 items, lambda = 2 (c doubled)","i10_l2",10,1.5,0.84,0.210818293477747,0.66549576245151
"10 items, lambda = 2 (c doubled)","i10_l2",10,1.5,0.86,0.217550223576888,0.680888495194135
"10 items, lambda = 2 (c doubled)","i10_l2",10,1.5,0.88,0.224435985730927,0.696257896159655
"10 items, lambda = 2 (c doubled)","i10_l2",10,1.5,0.9,0.231475216500982,0.711577762587223
"10 items, lambda = 2 (c doubled)","i10_l2",10,1.5,0.92,0.23866728515709,0.726820848611336
"10 items, lambda = 2 (c doubled)","i10_l2",10,1.5,0.94,0.246011283551052,0.741958927666464
"10 items, lambda = 2 (c doubled)","i10_l2",10,1.5,0.96,0.253506016662338,0.756962864713329
"10 items, lambda = 2 (c doubled)","i10_l2",10,1.5,0.98,0.261149993915751,0.771802698374217
"10 items, lambda = 2 (c doubled)","i10_l2",10,1.5,1,0.268941421369995,0.786447732965927
"10 items, lambda = 2 (c doubled)","i10_l2",10,1.5,1.02,0.27687819487561,0.800866640312136
"10 items, lambda = 2 (c doubled)","i10_l2",10,1.5,1.04,0.28495789429901,0.815027571102737
"10 items, lambda = 2 (c doubled)","i10_l2",10,1.5,1.06,0.293177778906433,0.828898275447694
"10 items, lambda = 2 (c doubled)","i10_l2",10,1.5,1.08,0.301534783997461,0.842446232148263
"10 items, lambda = 2 (c doubled)","i10_l2",10,1.5,1.1,0.310025518872388,0.855638786081178
"10 items, lambda = 2 (c doubled)","i10_l2",10,1.5,1.12,0.318646266210975,0.868443292963117
"10 items, lambda = 2 (c doubled)","i10_l2",10,1.5,1.14,0.327392982932239,0.880827270635879
"10 items, lambda = 2 (c doubled)","i10_l2",10,1.5,1.16,0.336261302595647,0.892758555889304
"10 items, lambda = 2 (c doubled)","i10_l2",10,1.5,1.18,0.345246539393681,0.904205465721473
"10 items, lambda = 2 (c doubled)","i10_l2",10,1.5,1.2,0.354343693774205,0.915136961826629
"10 items, lambda = 2 (c doubled)","i10_l2",10,1.5,1.22,0.363547459718433,0.92552281700283
"10 items, lambda = 2 (c doubled)","i10_l2",10,1.5,1.24,0.372852233686805,0.93533378208626
"10 items, lambda = 2 (c doubled)","i10_l2",10,1.5,1.26,0.382252125230751,0.944541751949301
"10 items, lambda = 2 (c doubled)","i10_l2",10,1.5,1.28,0.391740969253486,0.953119929047301
"10 items, lambda = 2 (c doubled)","i10_l2",10,1.5,1.3,0.401312339887548,0.961042982966116
"10 items, lambda = 2 (c doubled)","i10_l2",10,1.5,1.32,0.410959565941335,0.968287204410578
"10 items, lambda = 2 (c doubled)","i10_l2",10,1.5,1.34,0.42067574785125,0.974830652084166
"10 items, lambda = 2 (c doubled)","i10_l2",10,1.5,1.36,0.430453776060771,0.980653290943178
"10 items, lambda = 2 (c doubled)","i10_l2",10,1.5,1.38,0.440286350732807,0.985737120364779
"10 items, lambda = 2 (c doubled)","i10_l2",10,1.5,1.4,0.450166002687522,0.99006629084744
"10 items, lambda = 2 (c doubled)","i10_l2",10,1.5,1.42,0.460085115444434,0.993627207963663
"10 items, lambda = 2 (c doubled)","i10_l2",10,1.5,1.44,0.470035948235428,0.9964086224074
"10 items, lambda = 2 (c doubled)","i10_l2",10,1.5,1.46,0.480010659844418,0.998401705120578
"10 items, lambda = 2 (c doubled)","i10_l2",10,1.5,1.48,0.490001333120035,0.999600106642494
"10 items, lambda = 2 (c doubled)","i10_l2",10,1.5,1.5,0.5,1
"10 items, lambda = 2 (c doubled)","i10_l2",10,1.5,1.52,0.509998666879966,0.999600106642494
"10 items, lambda = 2 (c doubled)","i10_l2",10,1.5,1.54,0.519989340155582,0.998401705120578
"10 items, lambda = 2 (c doubled)","i10_l2",10,1.5,1.56,0.529964051764572,0.9964086224074
"10 items, lambda = 2 (c doubled)","i10_l2",10,1.5,1.58,0.539914884555566,0.993627207963663
"10 items, lambda = 2 (c doubled)","i10_l2",10,1.5,1.6,0.549833997312478,0.99006629084744
"10 items, lambda = 2 (c doubled)","i10_l2",10,1.5,1.62,0.559713649267193,0.985737120364779
"10 items, lambda = 2 (c doubled)","i10_l2",10,1.5,1.64,0.569546223939229,0.980653290943178
"10 items, lambda = 2 (c doubled)","i10_l2",10,1.5,1.66,0.57932425214875,0.974830652084166
"10 items, lambda = 2 (c doubled)","i10_l2",10,1.5,1.68,0.589040434058665,0.968287204410578
"10 items, lambda = 2 (c doubled)","i10_l2",10,1.5,1.7,0.598687660112452,0.961042982966117
"10 items, lambda = 2 (c doubled)","i10_l2",10,1.5,1.72,0.608259030746514,0.953119929047301
"10 items, lambda = 2 (c doubled)","i10_l2",10,1.5,1.74,0.617747874769249,0.944541751949301
"10 items, lambda = 2 (c doubled)","i10_l2",10,1.5,1.76,0.627147766313195,0.93533378208626
"10 items, lambda = 2 (c doubled)","i10_l2",10,1.5,1.78,0.636452540281566,0.92552281700283
"10 items, lambda = 2 (c doubled)","i10_l2",10,1.5,1.8,0.645656306225795,0.915136961826629
"10 items, lambda = 2 (c doubled)","i10_l2",10,1.5,1.82,0.654753460606319,0.904205465721473
"10 items, lambda = 2 (c doubled)","i10_l2",10,1.5,1.84,0.663738697404353,0.892758555889304
"10 items, lambda = 2 (c doubled)","i10_l2",10,1.5,1.86,0.672607017067761,0.880827270635879
"10 items, lambda = 2 (c doubled)","i10_l2",10,1.5,1.88,0.681353733789026,0.868443292963117
"10 items, lambda = 2 (c doubled)","i10_l2",10,1.5,1.9,0.689974481127613,0.855638786081177
"10 items, lambda = 2 (c doubled)","i10_l2",10,1.5,1.92,0.698465216002539,0.842446232148263
"10 items, lambda = 2 (c doubled)","i10_l2",10,1.5,1.94,0.706822221093568,0.828898275447694
"10 items, lambda = 2 (c doubled)","i10_l2",10,1.5,1.96,0.71504210570099,0.815027571102737
"10 items, lambda = 2 (c doubled)","i10_l2",10,1.5,1.98,0.72312180512439,0.800866640312135
"10 items, lambda = 2 (c doubled)","i10_l2",10,1.5,2,0.731058578630005,0.786447732965927
"10 items, lambda = 2 (c doubled)","i10_l2",10,1.5,2.02,0.738850006084249,0.771802698374216
"10 items, lambda = 2 (c doubled)","i10_l2",10,1.5,2.04,0.746493983337662,0.756962864713329
"10 items, lambda = 2 (c doubled)","i10_l2",10,1.5,2.06,0.753988716448948,0.741958927666463
"10 items, lambda = 2 (c doubled)","i10_l2",10,1.5,2.08,0.76133271484291,0.726820848611336
"10 items, lambda = 2 (c doubled)","i10_l2",10,1.5,2.1,0.768524783499018,0.711577762587222
"10 items, lambda = 2 (c doubled)","i10_l2",10,1.5,2.12,0.775564014269074,0.696257896159655
"10 items, lambda = 2 (c doubled)","i10_l2",10,1.5,2.14,0.782449776423113,0.680888495194135
"10 items, lambda = 2 (c doubled)","i10_l2",10,1.5,2.16,0.789181706522253,0.66549576245151
"10 items, lambda = 2 (c doubled)","i10_l2",10,1.5,2.18,0.795759697715908,0.650104804827978
"10 items, lambda = 2 (c doubled)","i10_l2",10,1.5,2.2,0.802183888558582,0.634739589982458
"10 items, lambda = 2 (c doubled)","i10_l2",10,1.5,2.22,0.808454651438532,0.619422912023734
"10 items, lambda = 2 (c doubled)","i10_l2",10,1.5,2.24,0.814572580707018,0.604176365869307
"10 items, lambda = 2 (c doubled)","i10_l2",10,1.5,2.26,0.820538480592673,0.589020329837362
"10 items, lambda = 2 (c doubled)","i10_l2",10,1.5,2.28,0.826353352980995,0.573973955992248
"10 items, lambda = 2 (c doubled)","i10_l2",10,1.5,2.3,0.832018385133924,0.559055167732244
"10 items, lambda = 2 (c doubled)","i10_l2",10,1.5,2.32,0.837534937419304,0.544280664085386
"10 items, lambda = 2 (c doubled)","i10_l2",10,1.5,2.34,0.842904531114547,0.52966593016445
"10 items, lambda = 2 (c doubled)","i10_l2",10,1.5,2.36,0.848128836343341,0.515225253224925
"10 items, lambda = 2 (c doubled)","i10_l2",10,1.5,2.38,0.853209660198618,0.500971743769508
"10 items, lambda = 2 (c doubled)","i10_l2",10,1.5,2.4,0.858148935099512,0.486917361148341
"10 items, lambda = 2 (c doubled)","i10_l2",10,1.5,2.42,0.86294870742454,0.473072943115421
"10 items, lambda = 2 (c doubled)","i10_l2",10,1.5,2.44,0.867611126457935,0.459448238817313
"10 items, lambda = 2 (c doubled)","i10_l2",10,1.5,2.46,0.872138433680919,0.44605194471005
"10 items, lambda = 2 (c doubled)","i10_l2",10,1.5,2.48,0.876532952434776,0.432891742923002
"10 items, lambda = 2 (c doubled)","i10_l2",10,1.5,2.5,0.880797077977882,0.419974341614026
"10 items, lambda = 2 (c doubled)","i10_l2",10,1.5,2.52,0.88493326795445,0.407305516887629
"10 items, lambda = 2 (c doubled)","i10_l2",10,1.5,2.54,0.888944033288592,0.394890155876809
"10 items, lambda = 2 (c doubled)","i10_l2",10,1.5,2.56,0.892831929513472,0.382732300618891
"10 items, lambda = 2 (c doubled)","i10_l2",10,1.5,2.58,0.89659954854175,0.370835192385919
"10 items, lambda = 2 (c doubled)","i10_l2",10,1.5,2.6,0.900249510880315,0.359201316160274
"10 items, lambda = 2 (c doubled)","i10_l2",10,1.5,2.62,0.903784458289307,0.347832444976043
"10 items, lambda = 2 (c doubled)","i10_l2",10,1.5,2.64,0.907207046882843,0.336729683875816
"10 items, lambda = 2 (c doubled)","i10_l2",10,1.5,2.66,0.910519940666439,0.325893513260895
"10 items, lambda = 2 (c doubled)","i10_l2",10,1.5,2.68,0.913725805504083,0.31532383143999
"10 items, lambda = 2 (c doubled)","i10_l2",10,1.5,2.7,0.916827303506078,0.305019996207409
"10 items, lambda = 2 (c doubled)","i10_l2",10,1.5,2.72,0.919827087827188,0.294980865306171
"10 items, lambda = 2 (c doubled)","i10_l2",10,1.5,2.74,0.92272779786334,0.285204835654444
"10 items, lambda = 2 (c doubled)","i10_l2",10,1.5,2.76,0.925532054833972,0.27568988123511
"10 items, lambda = 2 (c doubled)","i10_l2",10,1.5,2.78,0.928242457736249,0.266433589568069
"10 items, lambda = 2 (c doubled)","i10_l2",10,1.5,2.8,0.930861579656653,0.257433196703094
"10 items, lambda = 2 (c doubled)","i10_l2",10,1.5,2.82,0.933391964424909,0.248685620687672
"10 items, lambda = 2 (c doubled)","i10_l2",10,1.5,2.84,0.935836123594826,0.240187493479342
"10 items, lambda = 2 (c doubled)","i10_l2",10,1.5,2.86,0.938196533736411,0.231935191285576
"10 items, lambda = 2 (c doubled)","i10_l2",10,1.5,2.88,0.940475634023498,0.223924863326388
"10 items, lambda = 2 (c doubled)","i10_l2",10,1.5,2.9,0.942675824101131,0.216152459025537
"10 items, lambda = 2 (c doubled)","i10_l2",10,1.5,2.92,0.944799462217066,0.208613753645637
"10 items, lambda = 2 (c doubled)","i10_l2",10,1.5,2.94,0.946848863601936,0.201304372390633
"10 items, lambda = 2 (c doubled)","i10_l2",10,1.5,2.96,0.948826299082908,0.194219813006159
"10 items, lambda = 2 (c doubled)","i10_l2",10,1.5,2.98,0.950733993915973,0.187355466914221
"10 items, lambda = 2 (c doubled)","i10_l2",10,1.5,3,0.952574126822433,0.180706638923648
"10 items, lambda = 2 (c doubled)","i10_l2",10,1.5,3.02,0.954348829215556,0.174268565561813
"10 items, lambda = 2 (c doubled)","i10_l2",10,1.5,3.04,0.956060184603859,0.168036432076377
"10 items, lambda = 2 (c doubled)","i10_l2",10,1.5,3.06,0.957710228157966,0.16200538815833
"10 items, lambda = 2 (c doubled)","i10_l2",10,1.5,3.08,0.959300946428534,0.156170562439413
"10 items, lambda = 2 (c doubled)","i10_l2",10,1.5,3.1,0.960834277203236,0.150527075818285
"10 items, lambda = 2 (c doubled)","i10_l2",10,1.5,3.12,0.962312109491394,0.145070053670469
"10 items, lambda = 2 (c doubled)","i10_l2",10,1.5,3.14,0.963736283625352,0.13979463699739
"10 items, lambda = 2 (c doubled)","i10_l2",10,1.5,3.16,0.965108591468263,0.134695992569633
"10 items, lambda = 2 (c doubled)","i10_l2",10,1.5,3.18,0.966430776718518,0.129769322119042
"10 items, lambda = 2 (c doubled)","i10_l2",10,1.5,3.2,0.96770453530155,0.125009870633446
"10 items, lambda = 2 (c doubled)","i10_l2",10,1.5,3.22,0.968931515840333,0.120412933806752
"10 items, lambda = 2 (c doubled)","i10_l2",10,1.5,3.24,0.970113320196364,0.115973864695804
"10 items, lambda = 2 (c doubled)","i10_l2",10,1.5,3.26,0.97125150407346,0.111688079634007
"10 items, lambda = 2 (c doubled)","i10_l2",10,1.5,3.28,0.972347577677177,0.107551063450013
"10 items, lambda = 2 (c doubled)","i10_l2",10,1.5,3.3,0.973403006423134,0.103558374038152
"10 items, lambda = 2 (c doubled)","i10_l2",10,1.5,3.32,0.974419211687992,0.0997056463253754
"10 items, lambda = 2 (c doubled)","i10_l2",10,1.5,3.34,0.97539757159726,0.0959885956777104
"10 items, lambda = 2 (c doubled)","i10_l2",10,1.5,3.36,0.976339421844539,0.092403020787242
"10 items, lambda = 2 (c doubled)","i10_l2",10,1.5,3.38,0.977246056537196,0.0889448060787826
"10 items, lambda = 2 (c doubled)","i10_l2",10,1.5,3.4,0.978118729063869,0.0856099236734009
"10 items, lambda = 2 (c doubled)","i10_l2",10,1.5,3.42,0.978958652979532,0.0823944349441303
"10 items, lambda = 2 (c doubled)","i10_l2",10,1.5,3.44,0.979767002904215,0.0792944916972294
"10 items, lambda = 2 (c doubled)","i10_l2",10,1.5,3.46,0.980544915431807,0.0763063370105503
"10 items, lambda = 2 (c doubled)","i10_l2",10,1.5,3.48,0.981293490045645,0.0734263057587286
"10 items, lambda = 2 (c doubled)","i10_l2",10,1.5,3.5,0.982013790037908,0.0706508248531644
"10 items, lambda = 2 (c doubled)","i10_l2",10,1.5,3.52,0.982706843430095,0.0679764132230165
"10 items, lambda = 2 (c doubled)","i10_l2",10,1.5,3.54,0.983373643892118,0.0653996815618223
"10 items, lambda = 2 (c doubled)","i10_l2",10,1.5,3.56,0.984015151657797,0.0629173318627175
"10 items, lambda = 2 (c doubled)","i10_l2",10,1.5,3.58,0.984632294434724,0.0605261567637382
"10 items, lambda = 2 (c doubled)","i10_l2",10,1.5,3.6,0.985225968306727,0.0582230387231969
"10 items, lambda = 2 (c doubled)","i10_l2",10,1.5,3.62,0.985797038627309,0.056004949043748
"10 items, lambda = 2 (c doubled)","i10_l2",10,1.5,3.64,0.986346340902649,0.0538689467624171
"10 items, lambda = 2 (c doubled)","i10_l2",10,1.5,3.66,0.986874681662897,0.0518121774226102
"10 items, lambda = 2 (c doubled)","i10_l2",10,1.5,3.68,0.987382839320661,0.0498318717429218
"10 items, lambda = 2 (c doubled)","i10_l2",10,1.5,3.7,0.987871565015726,0.0479253441964261
"10 items, lambda = 2 (c doubled)","i10_l2",10,1.5,3.72,0.988341583445167,0.046089991513068
"10 items, lambda = 2 (c doubled)","i10_l2",10,1.5,3.74,0.988793593678157,0.0443232911167706
"10 items, lambda = 2 (c doubled)","i10_l2",10,1.5,3.76,0.989228269954858,0.0426227995079045
"10 items, lambda = 2 (c doubled)","i10_l2",10,1.5,3.78,0.989646262468908,0.0409861506009159
"10 items, lambda = 2 (c doubled)","i10_l2",10,1.5,3.8,0.990048198133096,0.0394110540260245
"10 items, lambda = 2 (c doubled)","i10_l2",10,1.5,3.82,0.990434681327908,0.0378952934031719
"10 items, lambda = 2 (c doubled)","i10_l2",10,1.5,3.84,0.990806294632712,0.0364367245956301
"10 items, lambda = 2 (c doubled)","i10_l2",10,1.5,3.86,0.991163599539392,0.03503327395003
"10 items, lambda = 2 (c doubled)","i10_l2",10,1.5,3.88,0.991507137148356,0.0336829365289098
"10 items, lambda = 2 (c doubled)","i10_l2",10,1.5,3.9,0.99183742884684,0.0323837743413179
"10 items, lambda = 2 (c doubled)","i10_l2",10,1.5,3.92,0.992154976969544,0.0311339145764295
"10 items, lambda = 2 (c doubled)","i10_l2",10,1.5,3.94,0.992460265441627,0.0299315478446508
"10 items, lambda = 2 (c doubled)","i10_l2",10,1.5,3.96,0.992753760404169,0.0287749264302051
"10 items, lambda = 2 (c doubled)","i10_l2",10,1.5,3.98,0.993035910822238,0.0276623625587453
"10 items, lambda = 2 (c doubled)","i10_l2",10,1.5,4,0.993307149075715,0.0265922266831601
