"dataset","item","difficulty","SE"
"ALSECYPIAMH_WU_2022_NEI","X1",0.212997396085418,0.0516592038452472
"ALSECYPIAMH_WU_2022_NEI","X2",-0.324929754540659,0.0475229084378333
"ALSECYPIAMH_WU_2022_NEI","X3",0.27518617411235,0.0523984416237677
"ALSECYPIAMH_WU_2022_NEI","X4",-0.539080152496146,0.0470329233299874
"ALSECYPIAMH_WU_2022_NEI","X5",0.375826336839037,0.0537135107492071
"ALSECYPIAMH_WU_2022_PEI","X1",0.648275063717265,0.0429894846553749
"ALSECYPIAMH_WU_2022_PEI","X2",0.535180695044985,0.0439078216383164
"ALSECYPIAMH_WU_2022_PEI","X3",-0.821166076291107,0.0664507386169155
"ALSECYPIAMH_WU_2022_PEI","X4",-0.45718507309105,0.0580539261445821
"ALSECYPIAMH_WU_2022_PEI","X5",0.0948953906199075,0.0488109377523298
"art","X1",0.16604361475394,0.0927507428575518
"art","X2",0.246752344009207,0.0946970797884979
"art","X3",0.666675790093322,0.108210642354211
"art","X4",0.359663106230456,0.0977509517347223
"art","X5",-0.200042400547741,0.086118518773887
"art","X6",-0.608854976524002,0.08227642108938
"art","X7",-0.91640991519961,0.0814662708748578
"art","X8",-1.14962977303177,0.0819752893178678
"art","X9",0.176318741410745,0.0929879989321314
"art","X10",-0.925863719202339,0.0814680217931896
"art","X11",-0.989740840881595,0.0815213758642212
"art","X12",0.569063525132844,0.104522952700861
"art","X13",0.200578399475753,0.0935602356934506
"art","X14",0.514289654197784,0.102605369867837
"art","X15",-0.681298301057524,0.0819326948319335
"art","X16",-1.04195345725885,0.0816189421159356
"art","X17",0.309555849670898,0.0963466274003131
"art","X18",0.0415296277289238,0.0901092788857391
"art","X19",0.636483047067793,0.1070322882501
"art","X20",-0.537862576384971,0.082707278560936
"art","X21",0.646455561873984,0.107417714994669
"art","X22",-0.0324854518745716,0.0887344367698992
"art","X23",0.43245483848116,0.0999358957030231
"art","X24",0.457700968871516,0.100734935060306
"art","X25",0.545924880772286,0.103699839769292
"art","X26",0.0478457594549534,0.0902331701915619
"art","X27",-0.911683363572201,0.0814659886858874
"art","X28",-0.249423671305112,0.0854710225895972
"art","X29",0.411806294363339,0.0992983166775758
"art","X30",0.514289654197784,0.102605369864087
"art","X31",0.371507011162064,0.0980946315310089
"art","X32",0.279638945451793,0.0955457597963284
"art","X33",-0.0415210937257118,0.0885761223543751
"art","X34",0.395531217530072,0.0988057747232148
"art","X35",0.432454838481161,0.0999358956977724
"art","X36",0.324770053316694,0.0967646130448797
"art","X37",0.035237450872544,0.0899868998705485
"art","X38",0.735118497612438,0.111009845694398
"art","X39",-1.44860678234258,0.0841121267547172
"art","X40",0.34403917557765,0.0973044980822683
"art","X41",-0.702873869072696,0.0818487647144579
"art","X42",0.500989373518038,0.102155759925637
"art","X43",-0.135275613864761,0.0870511006335373
"art","X44",-0.425185701852683,0.0835880275035401
"art","X45",0.0289689008922853,0.0898660106660663
"art","X46",0.671789709322728,0.108413621757433
"art","X47",-0.657246430359589,0.0820361942191746
"art","X48",0.159232946706614,0.092595144077352
"art","X49",0.671789709322728,0.10841362175267
"art","X50",-0.238541549495187,0.0856090863690959
"artistic_preferences","X1",-1.79767039457237,0.0831424848570063
"artistic_preferences","X2",-1.01108210113207,0.0595266513022656
"artistic_preferences","X3",0.865355410637598,0.0428869382787595
"artistic_preferences","X4",-1.79437227277219,0.0830114930790803
"artistic_preferences","X5",-1.38682975354239,0.0690658128449045
"artistic_preferences","X6",2.51172126971024,0.0625125406382723
"artistic_preferences","X7",1.83926104091522,0.0497296329657435
"artistic_preferences","X8",1.09820892735176,0.0435679926309359
"artistic_preferences","X9",2.77656274747722,0.0704727221346739
"artistic_preferences","X10",-1.75883845550447,0.0816203700058951
"artistic_preferences","X11",1.6312756978267,0.0473237795264694
"artistic_preferences","X12",1.96170343885844,0.0514380944876086
"artistic_preferences","X13",0.0345603045156657,0.0450218819103239
"artistic_preferences","X14",-1.01262565932175,0.0595603004249973
"artistic_preferences","X15",-1.63144336320017,0.0769240272013787
"artistic_preferences","X16",-2.32578683724744,0.108969129087346
"BAFACALO_Golino_2013_BVPS","X1",-0.364537030345336,0.238155208332765
"BAFACALO_Golino_2013_BVPS","X2",-0.57114743361681,0.259419505671461
"BAFACALO_Golino_2013_BVPS","X3",-0.482569130804831,0.252360397362346
"BAFACALO_Golino_2013_BVPS","X4",-0.106955130969945,0.225274251092104
"BAFACALO_Golino_2013_BVPS","X5",0.702226933865819,0.199725276357536
"BAFACALO_Golino_2013_BVPS","X6",0.390648117331383,0.213949263052247
"BAFACALO_Golino_2013_BVPS","X7",0.486414395150803,0.216276162489076
"BAFACALO_Golino_2013_BVPS","X8",0.348467392158101,0.225661323920437
"BAFACALO_Golino_2013_BVPS","X9",-0.635514242807193,0.262971557024378
"BAFACALO_Golino_2013_BVPS","X10",-0.1619632729967,0.226403902693335
"BAFACALO_Golino_2013_BVPS","X11",-1.09977573862082,0.337395745487073
"BAFACALO_Golino_2013_BVPS","X12",0.928434410068291,0.19579663765787
"BAFACALO_Golino_2013_BVPS","X13",0.582685314528169,0.201782181064041
"BAFACALO_Golino_2013_BVPS","X14",-1.38269064111456,0.430004593957601
"BAFACALO_Golino_2013_BVPS","X15",0.445924968544728,0.217314072487952
"BAFACALO_Golino_2013_BVPS","X16",-0.0611847490766877,0.246211531107581
"BAFACALO_Golino_2013_BVPS","X17",0.505875218169651,0.199711934147349
"BAFACALO_Golino_2013_BVPS","X18",-1.35012860205051,0.387313855264517
"BAFACALO_Golino_2013_BVPS","X19",0.185856707670775,0.21411637060561
"BAFACALO_Golino_2013_BVPS","X20",0.889267862517433,0.194522065582325
"BAFACALO_Golino_2013_BVPS","X21",0.328544493102335,0.21057159495235
"BAFACALO_Golino_2013_BVPS","X22",0.285854443546658,0.221203630220533
"BAFACALO_Golino_2013_BVPS","X23",0.247755970774141,0.234691223181919
"BAFACALO_Golino_2013_BVPS","X24",0.798760897191982,0.206835325251125
"BAFACALO_Golino_2013_BVPS","X25",-0.310564004166757,0.238613996390602
"BAFACALO_Golino_2013_BVPS","X26",-0.391147138448217,0.246248827465361
"BAFACALO_Golino_2013_BVPS","X27",0.357882909527561,0.205859966254418
"BAFACALO_Golino_2013_BVPS","X28",0.714487892468848,0.199056493224355
"BAFACALO_Golino_2013_BVPS","X29",0.833934577458868,0.199372491889283
"BAFACALO_Golino_2013_BVPS","X30",0.384452107472996,0.215704520121469
"BAFACALO_Golino_2013_BVPS","X31",0.254392696099499,0.231826095129146
"BAFACALO_Golino_2013_BVPS","X32",0.583966561577173,0.214579375901341
"BAFACALO_Golino_2013_BVPS","X33",-0.835490318138001,0.28838552148303
"BAFACALO_Golino_2013_BVPS","X34",-0.605215327009303,0.262179012628065
"BAFACALO_Golino_2013_BVPS","X35",-0.0780762884399882,0.221451227069854
"BAFACALO_Golino_2013_BVPS","X36",-0.660562420782897,0.270693022058753
"BAFACALO_Golino_2013_BVPS","X37",-0.272117849417815,0.233136912889623
"BAFACALO_Golino_2013_BVPS","X38",-0.640204490278329,0.26656963902948
"BAFACALO_Golino_2013_BVPS","X39",1.0297956191894,0.191445437460886
"BAFACALO_Golino_2013_BVPS","X40",-0.150111281761792,0.226144282142174
"BAFACALO_Golino_2013_BVPS","X41",-0.18079106040709,0.227094785292554
"BAFACALO_Golino_2013_BVPS","X42",-0.835690781977282,0.290379735219992
"BAFACALO_Golino_2013_BVPS","X43",-0.158699155911118,0.23607884669759
"BAFACALO_Golino_2013_BVPS","X44",-0.567907443878371,0.269985018981215
"BAFACALO_Golino_2013_BVPS","X45",1.31920273546234,0.195549688155223
"BAFACALO_Golino_2013_BVPS","X46",1.25468884008696,0.196194374394499
"BAFACALO_Golino_2013_BVPS","X47",-0.188866552515451,0.244236749901456
"BAFACALO_Golino_2013_BVPS","X48",-0.33315681633153,0.273305767138355
"BAFACALO_Golino_2013_BVPS","X49",0.612911789107883,0.208549852699659
"BAFACALO_Golino_2013_BVPS","X50",-0.302145258755069,0.273511404272993
"BAFACALO_Golino_2013_BVPS","X51",-0.666187123531276,0.329855162188655
"BAFACALO_Golino_2013_BVPS","X52",0.737196672727719,0.204478450100287
"BAFACALO_Golino_2013_BVPS","X53",0.417090211446266,0.221971107939991
"BAFACALO_Golino_2013_BVPS","X54",-0.604231659419817,0.329455232380046
"BAFACALO_Golino_2013_BVPS","X55",0.426977743088926,0.224566037676535
"BAFACALO_Golino_2013_BVPS","X56",-0.241576162249748,0.277182759723134
"BAFACALO_Golino_2013_BVPS","X57",-1.26253544322635,0.500165504506237
"BAFACALO_Golino_2013_BVPS","X58",0.16290075170656,0.249347575368055
"BAFACALO_Golino_2013_BVPS","X59",0.423709663687983,0.232759134736772
"BAFACALO_Golino_2013_BVPS","X60",-0.965991354206225,0.440158699894533
"BAFACALO_Golino_2013_BVPS","X61",-0.0655170266340503,0.278478519174728
"BAFACALO_Golino_2013_BVPS","X62",-0.107056965839383,0.276700166036402
"BAFACALO_Golino_2013_SMS","X1",0.607703219017021,0.206010994377175
"BAFACALO_Golino_2013_SMS","X2",0.889819309038019,0.202499086376418
"BAFACALO_Golino_2013_SMS","X3",0.837785922684137,0.205089682887637
"BAFACALO_Golino_2013_SMS","X4",0.48900578396866,0.214659393759966
"BAFACALO_Golino_2013_SMS","X5",0.909114758871768,0.21775703556951
"BAFACALO_Golino_2013_SMS","X6",1.09123316846948,0.206639968767183
"BAFACALO_Golino_2013_SMS","X7",0.404449993704663,0.245652393144207
"BAFACALO_Golino_2013_SMS","X8",0.00453421489741634,0.213407186882735
"BAFACALO_Golino_2013_SMS","X9",0.177680466587869,0.226587226542236
"BAFACALO_Golino_2013_SMS","X10",1.15198584859202,0.217330891811007
"BAFACALO_Golino_2013_SMS","X11",1.12615936964775,0.212647476786919
"BAFACALO_Golino_2013_SMS","X12",-0.489259617477688,0.259673048042425
"BAFACALO_Golino_2013_SMS","X13",-0.0818548821326399,0.223090963296329
"BAFACALO_Golino_2013_SMS","X14",0.883175878716412,0.208699429875723
"BAFACALO_Golino_2013_SMS","X15",0.844742521396772,0.205570635586886
"BAFACALO_Golino_2013_SMS","X16",0.124461842774374,0.242530678387418
"BAFACALO_Golino_2013_SMS","X17",-0.742275221873033,0.300254773357482
"BAFACALO_Golino_2013_SMS","X18",-0.0219319783775132,0.306993326763856
"BAFACALO_Golino_2013_SMS","X19",-0.323424070068173,0.295745942140294
"BAFACALO_Golino_2013_SMS","X20",0.0864673076028737,0.282026219833628
"BAFACALO_Golino_2013_SMS","X21",-0.149711005641244,0.294131319592888
"BAFACALO_Golino_2013_SMS","X22",-0.57151574470785,0.325058525488984
"BAFACALO_Golino_2013_SMS","X23",-1.02023544659942,0.3462561366413
"BAFACALO_Golino_2013_SMS","X24",0.039288018589398,0.27031716171655
"BAFACALO_Golino_2013_SMS","X25",-0.00518007151841249,0.26317783980879
"BAFACALO_Golino_2013_SMS","X26",-0.561389793434901,0.236058982007884
"BAFACALO_Golino_2013_SMS","X27",-0.344078993020675,0.222150246453614
"BAFACALO_Golino_2013_SMS","X28",-0.117432105128803,0.212477284988812
"BAFACALO_Golino_2013_SMS","X29",-0.152821793599483,0.206492534047415
"BAFACALO_Golino_2013_SMS","X30",-0.331285009577153,0.223166952456706
"BAFACALO_Golino_2013_SMS","X31",-0.640436864884286,0.240236196392989
"BAFACALO_Golino_2013_SMS","X32",-0.194172656770316,0.216836571753791
"BAFACALO_Golino_2013_SMS","X33",-1.21355371556623,0.297154554693816
"BAFACALO_Golino_2013_SMS","X34",-2.16959417777541,0.467430217512132
"BAFACALO_Golino_2013_SMS","X35",-0.226776700420973,0.211236347734054
"BAFACALO_Golino_2013_SMS","X36",0.00383274548148149,0.199189603427448
"BAFACALO_Golino_2013_SMS","X37",-0.31451052146591,0.219844114605712
"borges_brazil_residency_2024_cbt","X1",-1.60876078952615,0.0434050570245409
"borges_brazil_residency_2024_cbt","X2",4.2904122452839,0.052403995949939
"borges_brazil_residency_2024_cbt","X3",2.97287473935505,0.0431206693082155
"borges_brazil_residency_2024_cbt","X4",1.95133026630317,0.0391635320940285
"borges_brazil_residency_2024_cbt","X5",1.17109102288102,0.0377552434724519
"borges_brazil_residency_2024_cbt","X6",1.75539448063795,0.0386846961267627
"borges_brazil_residency_2024_cbt","X7",1.30502488055749,0.0379035217949379
"borges_brazil_residency_2024_cbt","X8",-4.9686589589325,0.0800422178392463
"borges_brazil_residency_2024_cbt","X9",-2.15776814705837,0.0467121635725901
"borges_brazil_residency_2024_cbt","X10",-4.75378298928153,0.0762805928515127
"borges_brazil_residency_2024_cbt","X11",-1.74280896880038,0.04413599061128
"borges_brazil_residency_2024_cbt","X12",0.915805551441388,0.037577537871637
"borges_brazil_residency_2024_cbt","X13",0.861017075284608,0.037557237919736
"borges_brazil_residency_2024_cbt","X14",-0.664970806091096,0.0395433769350531
"borges_brazil_residency_2024_cbt","X15",-2.79310063496668,0.0516481440185149
"borges_brazil_residency_2024_cbt","X16",-3.91618813023193,0.0637892318181082
"borges_brazil_residency_2024_cbt","X17",-2.34835291556603,0.0480618003474339
"borges_brazil_residency_2024_cbt","X18",-2.16960389539973,0.0467928432893695
"borges_brazil_residency_2024_cbt","X19",0.287735607109876,0.037721556139498
"borges_brazil_residency_2024_cbt","X20",3.54809820122375,0.0465352800287854
"borges_brazil_residency_2024_cbt","X21",-2.28628899848469,0.047610376968573
"borges_brazil_residency_2024_cbt","X22",-0.0474041628127743,0.0381380873623697
"borges_brazil_residency_2024_cbt","X23",-0.161157326310432,0.0383340575018086
"borges_brazil_residency_2024_cbt","X24",-1.71839955705997,0.0439993081729593
"borges_brazil_residency_2024_cbt","X25",0.537701925950349,0.0375653075893742
"borges_brazil_residency_2024_cbt","X26",2.75549700225892,0.0420630671132375
"borges_brazil_residency_2024_cbt","X27",1.68939694651531,0.0385426134255401
"borges_brazil_residency_2024_cbt","X28",-3.14418945103848,0.0549416189960842
"borges_brazil_residency_2024_cbt","X29",1.87018685755798,0.0389548152269934
"borges_brazil_residency_2024_cbt","X30",-1.4013618003315,0.0423672265047673
"borges_brazil_residency_2024_cbt","X31",0.562597705733012,0.0375569182787337
"borges_brazil_residency_2024_cbt","X32",0.100828846052438,0.0379244002013798
"borges_brazil_residency_2024_cbt","X33",-2.85191444209504,0.0521704094531624
"borges_brazil_residency_2024_cbt","X34",0.724235685196307,0.0375339775499931
"borges_brazil_residency_2024_cbt","X35",-0.723553586478249,0.0397209928110592
"borges_brazil_residency_2024_cbt","X36",-8.25028525082877,0.178557259859197
"borges_brazil_residency_2024_cbt","X37",-4.64855560519886,0.0745262366777437
"borges_brazil_residency_2024_cbt","X38",-2.74977548285732,0.051270790573931
"borges_brazil_residency_2024_cbt","X39",2.21786751226241,0.0399546457032624
"borges_brazil_residency_2024_cbt","X40",-0.449168600466928,0.0389562937390358
"borges_brazil_residency_2024_cbt","X41",0.599921464991702,0.0375467701914432
"borges_brazil_residency_2024_cbt","X42",-3.05743903447509,0.0540879695033657
"borges_brazil_residency_2024_cbt","X43",-3.33852518954109,0.0569526786269068
"borges_brazil_residency_2024_cbt","X44",-2.07223779155558,0.0461412580563047
"borges_brazil_residency_2024_cbt","X45",-2.77376384683697,0.0514789557983936
"borges_brazil_residency_2024_cbt","X46",1.61345707499738,0.0383909637167491
"borges_brazil_residency_2024_cbt","X47",-0.305254990465595,0.0386226073742743
"borges_brazil_residency_2024_cbt","X48",-0.210679765368587,0.0384281204126219
"borges_brazil_residency_2024_cbt","X49",-0.788372763470473,0.0399267221140297
"borges_brazil_residency_2024_cbt","X50",1.45562708021204,0.0381159329265866
"borges_brazil_residency_2024_cbt","X51",1.86749764453374,0.0389481511823175
"borges_brazil_residency_2024_cbt","X52",1.06064839880492,0.0376615308931134
"borges_brazil_residency_2024_cbt","X53",0.29275953236924,0.037717122778995
"borges_brazil_residency_2024_cbt","X54",0.669548011401264,0.0375356251006627
"borges_brazil_residency_2024_cbt","X55",2.84497094562307,0.0424835761653037
"borges_brazil_residency_2024_cbt","X56",2.93969461035916,0.0429512874549548
"borges_brazil_residency_2024_cbt","X57",0.192023068377525,0.0378161917798477
"borges_brazil_residency_2024_cbt","X58",-0.813933087508208,0.0400105237186808
"borges_brazil_residency_2024_cbt","X59",-2.1854514726483,0.0469015133841576
"borges_brazil_residency_2024_cbt","X60",4.10660541056438,0.050785067273728
"borges_brazil_residency_2024_cbt","X61",-2.27810473509913,0.0475517141324966
"borges_brazil_residency_2024_cbt","X62",0.754065991468555,0.0375357141788597
"borges_brazil_residency_2024_cbt","X63",-0.435730563283613,0.0389231932401751
"borges_brazil_residency_2024_cbt","X64",0.761524146609396,0.0375364391041813
"borges_brazil_residency_2024_cbt","X65",7.17036539128137,0.0966959993080678
"borges_brazil_residency_2024_cbt","X66",-1.43359379001387,0.042521228960884
"borges_brazil_residency_2024_cbt","X67",1.3686225445074,0.0379872975887918
"borges_brazil_residency_2024_cbt","X68",0.589970516486471,0.0375491909218764
"borges_brazil_residency_2024_cbt","X69",0.161685950003392,0.0378502307191835
"borges_brazil_residency_2024_cbt","X70",0.910822070782109,0.0375754314235544
"borges_brazil_residency_2024_cbt","X71",1.10325100772286,0.0376946315689808
"borges_brazil_residency_2024_cbt","X72",1.80590853635378,0.0387999499795625
"borges_brazil_residency_2024_cbt","X73",4.53056319321885,0.0546955179834761
"borges_brazil_residency_2024_cbt","X74",0.460435705492703,0.037599607396681
"borges_brazil_residency_2024_cbt","X75",-0.516731777878814,0.0391288227146358
"borges_brazil_residency_2024_cbt","X76",2.23207410641896,0.0400014245158404
"borges_brazil_residency_2024_cbt","X77",0.232385589273905,0.0377739239124612
"borges_brazil_residency_2024_cbt","X78",2.36158445217094,0.0404497971273869
"borges_brazil_residency_2024_cbt","X79",2.15857510285521,0.0397644958247523
"borges_brazil_residency_2024_cbt","X80",-0.473418748308053,0.0390170449522326
"borges_brazil_residency_2024_cbt","X81",1.9133489785892,0.0390639928324708
"borges_brazil_residency_2024_cbt","X82",-1.8420832948777,0.044708561175213
"borges_brazil_residency_2024_cbt","X83",0.372983066482782,0.0376535279801165
"borges_brazil_residency_2024_cbt","X84",2.6399979555672,0.0415502932483378
"borges_brazil_residency_2024_cbt","X85",-3.51028759877918,0.0588476015137509
"borges_brazil_residency_2024_cbt","X86",-0.379549017522735,0.0387891510654991
"borges_brazil_residency_2024_cbt","X87",3.63921241071191,0.0471629093231044
"borges_brazil_residency_2024_cbt","X88",4.74075439951002,0.0568729225624921
"borges_brazil_residency_2024_cbt","X89",0.347943726898429,0.0376719237697501
"borges_brazil_residency_2024_cbt","X90",-0.106711462453999,0.038236776494004
"borges_brazil_residency_2024_cbt","X91",0.0652071565302529,0.0379714679100042
"borges_brazil_residency_2024_cbt","X92",1.78992219961718,0.0387628630782794
"borges_brazil_residency_2024_cbt","X93",0.935745632864412,0.0375864871132665
"borges_brazil_residency_2024_cbt","X94",1.686767602369,0.038537151488389
"borges_brazil_residency_2024_cbt","X95",3.74956862929418,0.0479565278492028
"borges_brazil_residency_2024_cbt","X96",-0.777048678987749,0.0398900801250025
"borges_brazil_residency_2024_cbt","X97",0.607383811319499,0.0375450907320214
"borges_brazil_residency_2024_cbt","X98",-1.88911054396087,0.0449892365371023
"borges_brazil_residency_2024_cbt","X99",-1.44006985308828,0.042552491620066
"borges_brazil_residency_2024_cbt","X100",0.412994649047486,0.0376268664196637
"borges_brazil_residency_2024_cbt","X101",-2.31096874970285,0.047788493590577
"borges_brazil_residency_2024_cbt","X102",0.843596450655103,0.037552100398564
"borges_brazil_residency_2024_cbt","X103",-0.593183434059175,0.0393364091190798
"borges_brazil_residency_2024_cbt","X104",-1.86371181016387,0.0448368882366737
"borges_brazil_residency_2024_cbt","X105",-0.127418217587715,0.0382730189757389
"borges_brazil_residency_2024_cbt","X106",-3.66066984544717,0.0606006277607449
"borges_brazil_residency_2024_cbt","X107",-1.57512264058048,0.0432291247691694
"borges_brazil_residency_2024_cbt","X108",-2.44166431696064,0.0487625717205708
"borges_brazil_residency_2024_cbt","X109",2.9562504432007,0.0430354412700421
"borges_brazil_residency_2024_cbt","X110",-0.631739051176306,0.0394461105498171
"borges_brazil_residency_2024_cbt","X111",-3.20550670428364,0.0555612523500704
"borges_brazil_residency_2024_cbt","X112",-0.47881860992714,0.0390307513052779
"borges_brazil_residency_2024_cbt","X113",1.52260602636621,0.0382260586066529
"borges_brazil_residency_2024_cbt","X114",-3.14970568837138,0.0549968078623136
"borges_brazil_residency_2024_cbt","X115",1.96494518438305,0.0392000063406083
"borges_brazil_residency_2024_cbt","X116",0.4654253947646,0.0375970146570043
"borges_brazil_residency_2024_cbt","X117",-0.215907831423643,0.0384383617123287
"borges_brazil_residency_2024_cbt","X118",-0.174164702732455,0.038358248113018
"borges_brazil_residency_2024_cbt","X119",0.76898263152162,0.0375372803685259
"borges_brazil_residency_2024_cbt","X120",1.42740966017969,0.0380724330273568
"borges_brazil_residency_2024_pbt","X1",0.109571057026203,0.0491508456344098
"borges_brazil_residency_2024_pbt","X2",2.08929328292265,0.0498236015549607
"borges_brazil_residency_2024_pbt","X3",-0.0128144140971774,0.049482840801823
"borges_brazil_residency_2024_pbt","X4",-4.34088222567715,0.0993653688372101
"borges_brazil_residency_2024_pbt","X5",1.97754039874771,0.0494807437621145
"borges_brazil_residency_2024_pbt","X6",-2.7751114454439,0.0709006526709066
"borges_brazil_residency_2024_pbt","X7",-0.000495237947294558,0.0494473886009778
"borges_brazil_residency_2024_pbt","X8",0.841420690475324,0.0480822492264673
"borges_brazil_residency_2024_pbt","X9",-0.349274960537333,0.0506301770802116
"borges_brazil_residency_2024_pbt","X10",-2.7751114454439,0.0709006526703166
"borges_brazil_residency_2024_pbt","X11",-1.70093159126142,0.0590351764601756
"borges_brazil_residency_2024_pbt","X12",-0.956523827046917,0.0536142049569492
"borges_brazil_residency_2024_pbt","X13",-3.81882212869,0.0881362330609302
"borges_brazil_residency_2024_pbt","X14",2.59706969897459,0.0518720139202464
"borges_brazil_residency_2024_pbt","X15",-1.33401999595862,0.0561053339853994
"borges_brazil_residency_2024_pbt","X16",1.55576529244215,0.0485237459930686
"borges_brazil_residency_2024_pbt","X17",-5.96146786465838,0.14876136133503
"borges_brazil_residency_2024_pbt","X18",0.0281774285053019,0.0493666422141135
"borges_brazil_residency_2024_pbt","X19",-1.76112488880383,0.0595663955303095
"borges_brazil_residency_2024_pbt","X20",-2.40962771174873,0.0662676760143095
"borges_brazil_residency_2024_pbt","X21",1.47714627551596,0.0484032122040745
"borges_brazil_residency_2024_pbt","X22",1.71043025127544,0.048813548828731
"borges_brazil_residency_2024_pbt","X23",0.141922462574946,0.0490705597206832
"borges_brazil_residency_2024_pbt","X24",2.5159506090631,0.0514894585368797
"borges_brazil_residency_2024_pbt","X25",-1.54372780975697,0.0577160297325189
"borges_brazil_residency_2024_pbt","X26",2.98016679753311,0.0539764414109956
"borges_brazil_residency_2024_pbt","X27",1.1310877647736,0.048084875637253
"borges_brazil_residency_2024_pbt","X28",1.44581009518441,0.0483601711230173
"borges_brazil_residency_2024_pbt","X29",-0.310564291022386,0.0504803630299672
"borges_brazil_residency_2024_pbt","X30",-1.07007359245271,0.0543100158373569
"borges_brazil_residency_2024_pbt","X31",3.7569355410432,0.0598717498407605
"borges_brazil_residency_2024_pbt","X32",2.22403203389936,0.050287924724005
"borges_brazil_residency_2024_pbt","X33",-0.841159726519916,0.0529530007072593
"borges_brazil_residency_2024_pbt","X34",-0.578136044000853,0.0516129367818517
"borges_brazil_residency_2024_pbt","X35",-0.650553643913028,0.051959066717855
"borges_brazil_residency_2024_pbt","X36",-0.0622834494360067,0.0496298156790813
"borges_brazil_residency_2024_pbt","X37",-0.696349357449433,0.0521868352574533
"borges_brazil_residency_2024_pbt","X38",2.81540529479642,0.0530101224448929
"borges_brazil_residency_2024_pbt","X39",-1.75505444648956,0.0595121567905273
"borges_brazil_residency_2024_pbt","X40",-1.45945084903463,0.0570485949477734
"borges_brazil_residency_2024_pbt","X41",1.15042091112752,0.0480935899732163
"borges_brazil_residency_2024_pbt","X42",-0.860179614580019,0.0530588793404244
"borges_brazil_residency_2024_pbt","X43",-4.03362838301158,0.0925234926425846
"borges_brazil_residency_2024_pbt","X44",-1.63014265545738,0.0584290687191602
"borges_brazil_residency_2024_pbt","X45",-6.12588979729094,0.155269498894227
"borges_brazil_residency_2024_pbt","X46",-3.61076590261599,0.0841791091271752
"borges_brazil_residency_2024_pbt","X47",-1.64183541069641,0.0585278083779042
"borges_brazil_residency_2024_pbt","X48",-0.310564291022386,0.0504803630332453
"borges_brazil_residency_2024_pbt","X49",-1.71887163313492,0.0591919692745597
"borges_brazil_residency_2024_pbt","X50",-1.45945084903463,0.0570485949471459
"borges_brazil_residency_2024_pbt","X51",-2.92799225546612,0.0730390164750101
"borges_brazil_residency_2024_pbt","X52",-2.75772311972256,0.0706651346612046
"borges_brazil_residency_2024_pbt","X53",-0.587132660104717,0.0516550067132107
"borges_brazil_residency_2024_pbt","X54",-4.04873823619502,0.0928440682392206
"borges_brazil_residency_2024_pbt","X55",0.558046136460774,0.0483120168227924
"borges_brazil_residency_2024_pbt","X56",1.1310877647736,0.0480848756340268
"borges_brazil_residency_2024_pbt","X57",0.682627472375668,0.0481826204956997
"borges_brazil_residency_2024_pbt","X58",2.9261678690098,0.0536493586648513
"borges_brazil_residency_2024_pbt","X59",0.0485976812867901,0.0493106405878257
"borges_brazil_residency_2024_pbt","X60",-2.81911378773538,0.0715036066298967
"borges_brazil_residency_2024_pbt","X61",1.591286865687,0.0485841088097652
"borges_brazil_residency_2024_pbt","X62",1.28602769914646,0.0481848181660337
"borges_brazil_residency_2024_pbt","X63",-1.74294807865775,0.0594044349767608
"borges_brazil_residency_2024_pbt","X64",0.810488070532042,0.0480961401436481
"borges_brazil_residency_2024_pbt","X65",4.44515415835606,0.0671644403080031
"borges_brazil_residency_2024_pbt","X66",-1.74899553113162,0.0594581705111859
"borges_brazil_residency_2024_pbt","X67",3.2615891655424,0.0558495095120449
"borges_brazil_residency_2024_pbt","X68",-1.76112488880383,0.0595663955310335
"borges_brazil_residency_2024_pbt","X69",-1.20237652609806,0.0551783293420036
"borges_brazil_residency_2024_pbt","X70",1.92429428669588,0.0493307050307634
"borges_brazil_residency_2024_pbt","X71",0.432623440037176,0.0484875100467401
"borges_brazil_residency_2024_pbt","X72",-0.49342067434414,0.051229635005381
"borges_brazil_residency_2024_pbt","X73",0.926408087109099,0.0480581660131373
"borges_brazil_residency_2024_pbt","X74",2.68413426483282,0.0523067200460269
"borges_brazil_residency_2024_pbt","X75",3.25098696040041,0.0557737138190764
"borges_brazil_residency_2024_pbt","X76",3.79400310494773,0.0602120769320992
"borges_brazil_residency_2024_pbt","X77",0.651547049184894,0.04821072432516
"borges_brazil_residency_2024_pbt","X78",3.4467358555159,0.0572412067981157
"borges_brazil_residency_2024_pbt","X79",2.77751757678827,0.0528011221014378
"borges_brazil_residency_2024_pbt","X80",0.444424573158376,0.0484690562739677
"borges_brazil_residency_2024_pbt","X81",0.314041547483352,0.0486954355594128
"borges_brazil_residency_2024_pbt","X82",4.98075811304698,0.0744014209520062
"borges_brazil_residency_2024_pbt","X83",0.651547049184895,0.0482107243276273
"borges_brazil_residency_2024_pbt","X84",0.841420690475324,0.0480822492276563
"borges_brazil_residency_2024_pbt","X85",0.456216229024623,0.0484510208946222
"borges_brazil_residency_2024_pbt","X86",0.0322654389824488,0.0493553309240168
"borges_brazil_residency_2024_pbt","X87",-2.21915026321379,0.0641063893104805
"borges_brazil_residency_2024_pbt","X88",-2.01419655829425,0.0619635387230095
"borges_brazil_residency_2024_pbt","X89",1.01520436093065,0.0480550498455887
"borges_brazil_residency_2024_pbt","X90",0.995901145131787,0.0480538109812724
"borges_brazil_residency_2024_pbt","X91",2.20704161295295,0.0502262763348237
"borges_brazil_residency_2024_pbt","X92",1.19298313577214,0.0481165461813241
"borges_brazil_residency_2024_pbt","X93",-0.533382251238786,0.051407559069103
"borges_brazil_residency_2024_pbt","X94",-0.578136044000853,0.0516129367823081
"borges_brazil_residency_2024_pbt","X95",4.52432694453873,0.0681429592342223
"borges_brazil_residency_2024_pbt","X96",-2.25478107791824,0.0644980137692012
"borges_brazil_residency_2024_pbt","X97",-0.23384970072338,0.0501972802761227
"borges_brazil_residency_2024_pbt","X98",0.471924075370347,0.0484276218339824
"borges_brazil_residency_2024_pbt","X99",-0.0128144140971782,0.0494828408020758
"borges_brazil_residency_2024_pbt","X100",1.18524124136365,0.0481119844487867
"chile_2023_children-adolescents-survey_cp_c","X1",-0.593920559871256,0.0617498414275337
"chile_2023_children-adolescents-survey_cp_c","X2",1.549174386363,0.142269271301052
"chile_2023_children-adolescents-survey_cp_c","X3",-0.587197407557042,0.061764533349643
"chile_2023_children-adolescents-survey_cp_c","X4",-0.587197407557042,0.0617645333494643
"chile_2023_children-adolescents-survey_cp_c","X5",-0.587197407557042,0.061764533349709
"chile_2023_children-adolescents-survey_cp_c","X6",-0.612725112747014,0.06171185677108
"chile_2023_children-adolescents-survey_cp_c","X7",-0.587197407557041,0.0617645333504127
"chile_2023_children-adolescents-survey_cp_c","X8",-0.584507020457381,0.0617705784579476
"chile_2023_children-adolescents-survey_cp_c","X9",1.87812851208801,0.184570771108547
"chile_2023_children-adolescents-survey_cp_c","X10",-0.593920559871256,0.0617498414281092
"chile_2023_children-adolescents-survey_cp_c","X11",-0.588542357335978,0.0617615469773136
"chile_2023_children-adolescents-survey_cp_c","X12",0.892386479522573,0.0928189457593476
"chile_2023_children-adolescents-survey_cp_c","X13",-0.863863432375293,0.047432145024145
"chile_2023_children-adolescents-survey_cp_c","X14",-0.0144241745332984,0.0506821913750603
"chile_2023_children-adolescents-survey_cp_c","X15",0.236306147735408,0.0533733354587424
"chile_2023_children-adolescents-survey_cp_c","X16",0.333239152933766,0.0546739861518053
"chile_2023_children-adolescents-survey_cp_c","X17",0.440221164629883,0.0562924945920614
"chile_2023_children-adolescents-survey_cp_c","X18",-0.365227641301225,0.0483399255276665
"chile_2023_children-adolescents-survey_cp_c","X19",0.187796248814739,0.0527789932285587
"chile_2023_children-adolescents-survey_cp_c","X20",0.657905073075253,0.0602240392470605
"chile_2023_children-adolescents-survey_cp_c","X21",0.390763323558237,0.0555197362774354
"csft_ye_2025","X1",-2.70091415290683,0.400074235490778
"csft_ye_2025","X2",0.195434121578909,0.210351047452985
"csft_ye_2025","X3",-2.91111569696872,0.442379406268264
"csft_ye_2025","X4",-2.45083192878385,0.357787590496225
"csft_ye_2025","X5",0.797442763320001,0.225958717070203
"csft_ye_2025","X6",0.260282843947577,0.211221817499836
"csft_ye_2025","X7",-0.668176765361014,0.21598134783848
"csft_ye_2025","X8",0.0886053300140626,0.209315894041289
"csft_ye_2025","X9",2.07523342031834,0.334874650270906
"csft_ye_2025","X10",0.238590573276576,0.210909956548833
"csft_ye_2025","X11",0.109871909467188,0.20948269482228
"csft_ye_2025","X12",-2.61058694137233,0.383868524904442
"csft_ye_2025","X13",0.414842781784714,0.214053711396382
"csft_ye_2025","X14",0.00387516423930424,0.208843476035993
"csft_ye_2025","X15",2.68260852473554,0.444247751424229
"csft_ye_2025","X16",-0.335354969529033,0.210006103154041
"csft_ye_2025","X17",2.01188759279752,0.32611110696132
"csft_ye_2025","X18",0.152542916785805,0.209876122015221
"csft_ye_2025","X19",1.48022593179882,0.268172581952436
"csft_ye_2025","X20",1.16553658085742,0.244922459988081
"difnlr_msatb","X1",-0.509620412492875,0.067217545681661
"difnlr_msatb","X2",-1.43413735642396,0.0783648352478832
"difnlr_msatb","X3",1.47437361229278,0.0706218157724788
"difnlr_msatb","X4",1.51711788038235,0.0710908377744209
"difnlr_msatb","X5",0.978364848624103,0.0664942280483018
"difnlr_msatb","X6",-0.184555993478443,0.0654035577894335
"difnlr_msatb","X7",1.68591701995588,0.073131458097515
"difnlr_msatb","X8",2.09094464667475,0.0793476707184402
"difnlr_msatb","X9",-0.675582568506687,0.0685315240515763
"difnlr_msatb","X10",0.897632799490502,0.0660398572275477
"difnlr_msatb","X11",-0.528555779035966,0.0673538049105546
"difnlr_msatb","X12",-2.54886188633677,0.108222659132818
"difnlr_msatb","X13",-1.77291406588602,0.0851640669224877
"difnlr_msatb","X14",-1.0176119244611,0.0721382866506708
"difnlr_msatb","X15",0.394444050920344,0.0644941771302773
"difnlr_msatb","X16",-0.483254513670161,0.0670335684619088
"difnlr_msatb","X17",0.711206882110463,0.0652115255601574
"difnlr_msatb","X18",0.0777704693428543,0.0646330732772699
"difnlr_msatb","X19",0.0466196372505232,0.0646931562995892
"difnlr_msatb","X20",-0.719297346752568,0.0689234751388064
"dscore_macarthur_weber_2019","X1",-2.57131958916889,0.573460624881752
"dscore_macarthur_weber_2019","X2",-0.194022730087956,0.248970357732087
"dscore_macarthur_weber_2019","X3",0.720323054460812,0.261009029667631
"dscore_macarthur_weber_2019","X4",0.0451987912808437,0.262699086476673
"dscore_macarthur_weber_2019","X5",0.247218047215667,0.251807667960279
"dscore_macarthur_weber_2019","X6",1.75260242629952,0.353017659126253
"EEN_Lacey_2024_Parent","X1",1.33787838661743,0.0602573407130075
"EEN_Lacey_2024_Parent","X2",0.419425358566766,0.0511099395055027
"EEN_Lacey_2024_Parent","X3",-1.48113479987267,0.044709384321712
"EEN_Lacey_2024_Parent","X4",-0.220858821815801,0.0472325877730848
"EEN_Lacey_2024_Parent","X5",-2.04740807853775,0.0456725385185505
"EEN_Lacey_2024_Parent","X6",0.763054041479058,0.0539984495933054
"EEN_Lacey_2024_Parent","X7",1.12960568481096,0.0577696974505546
"EEN_Lacey_2024_Parent","X8",0.945869194104066,0.05578613530981
"EEN_Lacey_2024_Parent","X9",-0.850765022154872,0.0456058162929486
"EEN_Lacey_2024_Parent","X10",0.706680602127017,0.0542580939155523
"EEN_Lacey_2024_Parent","X11",0.470081693401507,0.0514985440556847
"EEN_Lacey_2024_Parent","X12",-3.37541194851004,0.0533817942696144
"EEN_Lacey_2024_Parent","X13",2.20298370978434,0.0736929285361953
"erf_breuer_2017_frmmc","X1",-3.3177164546052,0.366891
"erf_breuer_2017_frmmc","X2",-3.77032257641975,0.419903
"erf_breuer_2017_frmmc","X3",1.8110463470764,0.145401
"erf_breuer_2017_frmmc","X4",-1.65363531704481,0.234341
"erf_breuer_2017_frmmc","X5",2.12771039972122,0.145328
"erf_breuer_2017_frmmc","X6",-2.66762124319256,0.304756
"erf_breuer_2017_frmmc","X7",0.270242941321635,0.162908
"erf_breuer_2017_frmmc","X8",0.882506890473133,0.152413
"erf_breuer_2017_frmmc","X9",-1.1651124275807,0.209622
"erf_breuer_2017_frmmc","X10",1.31356120913826,0.147877
"erf_breuer_2017_frmmc","X11",3.1478906457506,0.15314
"erf_breuer_2017_frmmc","X12",-2.09286841043909,0.261367
"erf_breuer_2017_frmmc","X13",0.882506890473133,0.152413
"erf_breuer_2017_frmmc","X14",2.95804915133409,0.15073
"erf_breuer_2017_frmmc","X15",4.67562666322963,0.190851
"erf_breuer_2017_frmmc","X16",4.38537085064397,0.180907
"erf_breuer_2017_frmmc","X17",3.96082026097165,0.168861
"erf_breuer_2017_frmmc","X18",3.55105467314492,0.159803
"erf_breuer_2017_frmmc","X19",-1.5020255413703,0.226104
"erf_breuer_2017_frmmc","X20",-2.41548646450113,0.284511
"erf_breuer_2017_frmmc","X21",-1.43022085476926,0.222385
"erf_breuer_2017_frmmc","X22",-2.53710254752567,0.294029
"erf_breuer_2017_frmmc","X23",-4.3998399086795,0.509613
"erf_breuer_2017_frmmc","X24",-1.36079986010587,0.218898
"erf_breuer_2017_frmmc","X25",-1.65363531704481,0.234341
"experimental_iq","X1",-2.11635521207109,0.186352
"experimental_iq","X2",-2.3235496819886,0.199394
"experimental_iq","X3",-1.17598953280444,0.144967
"experimental_iq","X4",0.526036671063451,0.129662
"experimental_iq","X5",-0.864107740990476,0.136912
"experimental_iq","X6",-0.536825835358019,0.132577
"experimental_iq","X7",1.21753277467865,0.149855
"experimental_iq","X8",-0.0660532792295614,0.128225
"experimental_iq","X9",-1.59864901582467,0.159019
"experimental_iq","X10",-0.156882413774063,0.131487
"experimental_iq","X11",-0.621274995523458,0.133942
"experimental_iq","X12",0.743105446135534,0.132829
"experimental_iq","X13",0.877140520658949,0.140585
"experimental_iq","X14",0.0108680732535914,0.130595
"experimental_iq","X15",-0.63924473194809,0.134091
"experimental_iq","X16",-1.02818357178177,0.141036
"experimental_iq","X17",1.022418893347,0.148835
"experimental_iq","X18",1.14122035274185,0.146733
"experimental_iq","X19",-0.0227598327424197,0.129944
"experimental_iq","X20",0.861847861820352,0.143312
"experimental_iq","X21",1.99484801713374,0.192481
"experimental_iq","X22",2.45216571441035,0.207268
"experimental_iq","X23",0.473726036468466,0.130807
"experimental_iq","X24",0.405435651980561,0.130794
"experimental_iq","X25",-0.57647016965583,0.133021
"face_memory_test","X1",4.6108264792233,0.195593
"face_memory_test","X2",4.28302354619604,0.173268
"face_memory_test","X3",3.62845114181688,0.137041
"face_memory_test","X4",-4.1993547560361,0.092306
"face_memory_test","X5",4.87042335690581,0.215153
"face_memory_test","X6",-4.41297646525031,0.098355
"face_memory_test","X7",5.82334498415135,0.308318
"face_memory_test","X8",-5.30286299597926,0.131122
"face_memory_test","X9",-4.58235235230542,0.103582
"face_memory_test","X10",4.92875023898383,0.219848
"face_memory_test","X11",5.34141887919065,0.25674
"face_memory_test","X12",5.26305086138973,0.249259
"face_memory_test","X13",-1.6620007175171,0.056074
"face_memory_test","X14",5.34338637063591,0.25673
"face_memory_test","X15",1.49261034067134,0.071957
"face_memory_test","X16",-5.55138364535433,0.142831
"face_memory_test","X17",-2.84893820965483,0.06616
"face_memory_test","X18",-5.14797429284989,0.124345
"face_memory_test","X19",3.65595670966778,0.138127
"face_memory_test","X20",-3.45147757739181,0.075484
"face_memory_test","X21",4.87328090225719,0.215139
"face_memory_test","X22",-1.63797233655325,0.055923
"face_memory_test","X23",5.26535136942091,0.249247
"face_memory_test","X24",2.68822774950823,0.100008
"face_memory_test","X25",2.2115559897683,0.086709
"face_memory_test","X26",-1.73056251329145,0.056364
"face_memory_test","X27",2.37779767703422,0.090996
"face_memory_test","X28",-2.62323835552636,0.063463
"face_memory_test","X29",2.25607301602084,0.087822
"face_memory_test","X30",2.94620859111417,0.108567
"face_memory_test","X31",-1.55842998772406,0.055568
"face_memory_test","X32",3.27537462716126,0.121107
"face_memory_test","X33",-2.81580864724873,0.065718
"face_memory_test","X34",2.16019923157613,0.08544
"face_memory_test","X35",-5.28481202443294,0.130194
"face_memory_test","X36",3.01813933104983,0.111149
"face_memory_test","X37",3.40414445613269,0.126542
"face_memory_test","X38",0.283189664394258,0.058025
"face_memory_test","X39",-2.99219124120379,0.068064
"face_memory_test","X40",-1.78413446149993,0.056627
"face_memory_test","X41",3.58897721521429,0.134902
"face_memory_test","X42",-3.26538676285822,0.072228
"face_memory_test","X43",1.27542640021234,0.068529
"face_memory_test","X44",-1.3114878907696,0.054756
"face_memory_test","X45",-1.38637565787152,0.054965
"face_memory_test","X46",1.61550675527068,0.074056
"face_memory_test","X47",-6.50958136099678,0.201767
"face_memory_test","X48",-4.90978576643828,0.11488
"face_memory_test","X49",-5.55315194190613,0.142823
"face_memory_test","X50",1.17667726649276,0.067126
"face_memory_test","X51",2.76148375871363,0.10232
"face_memory_test","X52",-2.72527636765455,0.064613
"face_memory_test","X53",-5.22493798253308,0.127574
"face_memory_test","X54",3.15720227617546,0.116388
"face_memory_test","X55",0.845323029935142,0.063031
"face_memory_test","X56",-2.17613785211889,0.059219
"face_memory_test","X57",2.864245985685,0.105728
"face_memory_test","X58",-1.61906387528141,0.055822
"face_memory_test","X59",-3.2241283382975,0.071556
"face_memory_test","X60",-5.26457551857507,0.129301
"face_memory_test","X61",1.77949442340783,0.077136
"face_memory_test","X62",2.33989260596173,0.089969
"face_memory_test","X63",1.66000624225597,0.074864
"face_memory_test","X64",-1.52167071580989,0.055425
"face_memory_test","X65",-4.28489711828139,0.094536
"face_memory_test","X66",1.35118209908729,0.069665
"face_memory_test","X67",3.29307588760506,0.121836
"face_memory_test","X68",1.55976144812199,0.073073
"face_memory_test","X69",1.8071259286519,0.077683
"face_memory_test","X70",-0.18505467269128,0.055494
"face_memory_test","X71",-3.88496312408124,0.084373
"face_memory_test","X72",1.66000624225597,0.074864
"face_memory_test","X73",-4.38247811885759,0.097333
"face_memory_test","X74",2.864245985685,0.105728
"face_memory_test","X75",-4.58499542016076,0.103567
"fisher_temperment","X1",1.92395675296014,0.03225
"fisher_temperment","X2",2.57354460650687,0.033632
"fisher_temperment","X3",-0.884875138358863,0.042758
"fisher_temperment","X4",1.96343140213852,0.032295
"fisher_temperment","X5",0.774127042445321,0.033157
"fisher_temperment","X6",1.30411168671704,0.032209
"fisher_temperment","X7",-3.40559968758477,0.088169
"fisher_temperment","X8",-3.18687770048614,0.081956
"fisher_temperment","X9",1.03288760319849,0.032579
"fisher_temperment","X10",-3.67511291639915,0.096646
"fisher_temperment","X11",-3.33835215200213,0.086198
"fisher_temperment","X12",4.45973050425478,0.046959
"fisher_temperment","X13",2.50993332144016,0.033434
"fisher_temperment","X14",1.47976653889336,0.032096
"fisher_temperment","X15",5.94719779046399,0.072328
"fisher_temperment","X16",-3.7606594368962,0.099541
"fisher_temperment","X17",2.74253218542457,0.034226
"fisher_temperment","X18",3.67652477343337,0.039481
"fisher_temperment","X19",-0.94470322112689,0.043327
"fisher_temperment","X20",-2.77523003587564,0.071713
"fisher_temperment","X21",-3.74811861772606,0.09911
"fisher_temperment","X22",-4.66821530142077,0.137375
"florida_twins_dbi","X1",-2.12218534538181,0.155396
"florida_twins_dbi","X2",-0.255127212570598,0.348307
"florida_twins_dbi","X3",0.560963128616756,0.608614
"florida_twins_dbi","X4",0.385814233837643,0.534691
"florida_twins_dbi","X5",0.802155243643105,0.733852
"florida_twins_dbi","X6",-0.462472749492478,0.308463
"florida_twins_dbi","X7",1.2129842153115,1.019749
"florida_twins_dbi","X8",0.248119226650466,0.484611
"florida_twins_dbi","X9",0.386011241544556,0.534673
"florida_twins_dbi","X10",1.2129842153115,1.019749
"florida_twins_dbi","X11",-1.08900662147643,0.225349
"florida_twins_dbi","X12",-0.415804586391459,0.31677
"florida_twins_dbi","X13",-0.257584704117337,0.348388
"florida_twins_dbi","X14",-0.506689457371102,0.300988
"florida_twins_dbi","X15",0.386011241544556,0.534673
"florida_twins_dbi","X16",1.2128064803233,1.019759
"florida_twins_dbi","X17",1.2129842153115,1.019749
"florida_twins_dbi","X18",1.2129842153115,1.019749
"florida_twins_dbi","X19",-0.0481628708143864,0.396617
"florida_twins_dbi","X20",-0.728000008016426,0.267442
"florida_twins_dbi","X21",-1.37799073064359,0.200008
"florida_twins_dbi","X22",-1.8953902847045,0.166697
"florida_twins_dbi","X23",0.804331205112123,0.73376
"florida_twins_dbi","X24",0.804331205112121,0.73376
"florida_twins_dbi","X25",0.386011241544555,0.534673
"florida_twins_dbi","X26",0.803402014262651,0.733818
"florida_twins_dbi","X27",-1.39429530960194,0.198806
"florida_twins_dbi","X28",0.248322123031328,0.484592
"florida_twins_dbi","X29",-1.68706362185525,0.178507
"florida_twins_dbi","X30",-0.660825388240122,0.276894
"florida_twins_dbi","X31",1.2129842153115,1.019749
"florida_twins_dbi","X32",-0.192600771103209,0.361922
"florida_twins_media","X1",0.505146655544606,0.135064
"florida_twins_media","X2",0.931760639214293,0.134412
"florida_twins_media","X3",0.367483530895866,0.137519
"florida_twins_media","X4",-1.14581891278889,0.215987
"florida_twins_media","X5",-0.658571912865876,0.178354
"gcbs_brotherton_2013_vcl","X1",-1.91778045694212,0.144721
"gcbs_brotherton_2013_vcl","X2",-1.78536899133219,0.134884
"gcbs_brotherton_2013_vcl","X3",1.6915010666286,0.062614
"gcbs_brotherton_2013_vcl","X4",2.36567744571942,0.073106
"gcbs_brotherton_2013_vcl","X5",-0.134620590918262,0.069086
"gcbs_brotherton_2013_vcl","X6",-1.13057680689581,0.098273
"gcbs_brotherton_2013_vcl","X7",-1.87481064420651,0.141422
"gcbs_brotherton_2013_vcl","X8",-2.2688201914262,0.176041
"gcbs_brotherton_2013_vcl","X9",-1.33022636560733,0.107583
"gcbs_brotherton_2013_vcl","X10",0.838909753112889,0.059529
"gcbs_brotherton_2013_vcl","X11",-2.01088824181414,0.152239
"gcbs_brotherton_2013_vcl","X12",-1.49813538365853,0.116591
"gcbs_brotherton_2013_vcl","X13",2.78366865879055,0.084567
"gcbs_brotherton_2013_vcl","X14",1.8577563603788,0.064457
"gcbs_brotherton_2013_vcl","X15",1.17664681088897,0.059522
"gcbs_brotherton_2013_vcl","X16",3.23706757728186,0.103325
"gilbert_meta_100","X1",-0.329288815863732,0.062479
"gilbert_meta_100","X2",0.0763785554275953,0.06113
"gilbert_meta_100","X3",-1.27772379560209,0.074097
"gilbert_meta_100","X4",0.135254846618577,0.061096
"gilbert_meta_100","X5",0.466750993737933,0.061673
"gilbert_meta_100","X6",-0.276589489764704,0.062193
"gilbert_meta_100","X7",1.40470561018411,0.07144
"gilbert_meta_100","X8",-0.306627222731289,0.062352
"gilbert_meta_100","X9",0.378183728093536,0.061389
"gilbert_meta_100","X10",0.655170228366409,0.062607
"gilbert_meta_100","X11",-0.604492845053003,0.064538
"gilbert_meta_100","X12",-0.321721793413342,0.062436
"gilbert_meta_102","X1",-0.630913200326292,0.062741
"gilbert_meta_102","X2",-0.132611921442846,0.059685
"gilbert_meta_102","X3",0.8134776063401,0.059841
"gilbert_meta_102","X4",-0.154959659052925,0.059846
"gilbert_meta_102","X5",-0.205037373142938,0.060066
"gilbert_meta_102","X6",-0.282282652629616,0.06045
"gilbert_meta_102","X7",-0.731339595595405,0.063793
"gilbert_meta_102","X8",0.231903727151801,0.058879
"gilbert_meta_102","X9",-0.207433520123239,0.060077
"gilbert_meta_102","X10",-1.08052927564968,0.067897
"gilbert_meta_102","X11",1.79564993145094,0.069253
"gilbert_meta_102","X12",-0.729761406725419,0.063798
"gilbert_meta_102","X13",-0.647562546120532,0.062971
"gilbert_meta_102","X14",0.0103335784656964,0.0593
"gilbert_meta_102","X15",0.459303337062719,0.058954
"gilbert_meta_102","X16",-0.942606354357202,0.066197
"gilbert_meta_102","X17",-0.997762664832649,0.066883
"gilbert_meta_102","X18",0.608919536299772,0.059247
"gilbert_meta_102","X19",-0.00210193906542494,0.059393
"gilbert_meta_102","X20",-1.30486474838938,0.071423
"gilbert_meta_102","X21",0.713748571880689,0.05955
"gilbert_meta_102","X22",-1.37869671013412,0.072712
"gilbert_meta_102","X23",-1.07017245960287,0.067892
"gilbert_meta_102","X24",-1.36448906532532,0.072269
"gilbert_meta_102","X25",1.08455104931526,0.06146
"gilbert_meta_102","X26",0.879637980325534,0.060247
"gilbert_meta_102","X27",0.805365487041255,0.059909
"gilbert_meta_102","X28",-0.452211372989639,0.061625
"gilbert_meta_102","X29",2.34510813267761,0.080435
"gilbert_meta_102","X30",0.944039920744991,0.060611
"gilbert_meta_102","X31",2.23911894489393,0.077746
"gilbert_meta_102","X32",-0.196936010257147,0.05999
"gilbert_meta_102","X33",-0.332508206803852,0.060687
"gilbert_meta_102","X34",0.534880053984565,0.058989
"gilbert_meta_102","X35",-0.399927970947228,0.061108
"gilbert_meta_102","X36",-0.221329204121145,0.060114
"gilbert_meta_103","X1",0.149500109484267,0.055993
"gilbert_meta_103","X2",-0.182759308727461,0.055491
"gilbert_meta_103","X3",-0.20709565785626,0.055877
"gilbert_meta_103","X4",0.545119491616353,0.058127
"gilbert_meta_103","X5",0.022107172906488,0.056239
"gilbert_meta_103","X6",0.636497504410132,0.058864
"gilbert_meta_103","X7",-0.631285743587227,0.056748
"gilbert_meta_103","X8",0.0645695774967724,0.056531
"gilbert_meta_103","X9",-0.229289346755378,0.055248
"gilbert_meta_103","X10",1.16621125515733,0.063382
"gilbert_meta_103","X11",0.184901114251235,0.056933
"gilbert_meta_103","X12",0.279050698182764,0.057345
"gilbert_meta_103","X13",-0.52354130580343,0.056749
"gilbert_meta_103","X14",0.172640077566543,0.057356
"gilbert_meta_103","X15",1.07207286589765,0.06307
"gilbert_meta_103","X16",0.2745578605578,0.057822
"gilbert_meta_103","X17",-0.168079374455307,0.056942
"gilbert_meta_103","X18",-0.629628654387024,0.055795
"gilbert_meta_103","X19",0.483833051820993,0.058814
"gilbert_meta_103","X20",-0.653995119013982,0.057598
"gilbert_meta_103","X21",0.0438248004563341,0.057283
"gilbert_meta_103","X22",-0.926852842268028,0.058816
"gilbert_meta_103","X23",-0.344771207803626,0.057057
"gilbert_meta_103","X24",0.126824718431,0.055769
"gilbert_meta_103","X25",-0.345381234890339,0.055372
"gilbert_meta_103","X26",0.585238596440977,0.057737
"gilbert_meta_103","X27",-0.220639755193684,0.055392
"gilbert_meta_103","X28",-0.400841526239045,0.055519
"gilbert_meta_103","X29",-0.342787817695845,0.055479
"gilbert_meta_104","X1",-0.992104608037693,0.055517
"gilbert_meta_104","X2",-0.0512806239213509,0.052218
"gilbert_meta_104","X3",0.00554013619939926,0.052181
"gilbert_meta_104","X4",-0.470312217341829,0.053529
"gilbert_meta_104","X5",-0.581363955298978,0.053921
"gilbert_meta_104","X6",0.472041506077347,0.053031
"gilbert_meta_104","X7",0.863132444811718,0.055326
"gilbert_meta_104","X8",1.08392646696587,0.05647
"gilbert_meta_104","X9",-0.329579149454484,0.05411
"gilbert_meta_55","X1",-1.46283692635634,0.112584
"gilbert_meta_55","X2",0.928354484576683,0.072561
"gilbert_meta_55","X3",-0.698451139241718,0.086118
"gilbert_meta_55","X4",-0.803853503244074,0.088691
"gilbert_meta_55","X5",-0.233149151288047,0.077735
"gilbert_meta_55","X6",0.802503285546254,0.072163
"gilbert_meta_55","X7",0.0618191611367451,0.074503
"gilbert_meta_55","X8",-0.40773437915047,0.080362
"gilbert_meta_55","X9",-0.00736323720607834,0.075134
"gilbert_meta_55","X10",0.354793045312927,0.07263
"gilbert_meta_55","X11",0.143059617194412,0.073856
"gilbert_meta_55","X12",1.15712240147755,0.073924
"gilbert_meta_55","X13",0.222688489725608,0.073318
"gilbert_meta_55","X14",-0.0096953586880123,0.075156
"gilbert_meta_55","X15",-0.0472567897954349,0.075532
"gilbert_meta_90","X1",1.21270871317274,0.058879
"gilbert_meta_90","X2",1.40702455670078,0.060934
"gilbert_meta_90","X3",-0.237203343611267,0.052815
"gilbert_meta_90","X4",0.845618507771546,0.0573
"gilbert_meta_90","X5",-7.44863971234637,0.182838
"gilbert_meta_90","X6",-3.13528331426068,0.064456
"gilbert_meta_90","X7",-0.66956755982637,0.05233
"gilbert_meta_90","X8",-1.26981732986162,0.053128
"gilbert_meta_90","X9",0.085693084828972,0.053665
"gilbert_meta_90","X10",1.59861618651961,0.062733
"gilbert_meta_90","X11",-0.045894319593814,0.052935
"gilbert_meta_90","X12",-0.260704660087269,0.05251
"gilbert_meta_90","X13",-1.29800716822327,0.052932
"gilbert_meta_90","X14",-1.765379922883,0.05446
"gilbert_meta_90","X15",-0.415130603617922,0.052337
"gilbert_meta_90","X16",6.69880021366968,0.22084
"gilbert_meta_90","X17",-2.55153573888251,0.059072
"gilbert_meta_90","X18",-0.142060837980497,0.053141
"gilbert_meta_90","X19",3.25051724449712,0.086231
"gilbert_meta_90","X20",1.18817800898825,0.059107
"gilbert_meta_90","X21",2.95206799502589,0.080793
"idcr_martinez_2023_analogies","X1",-2.19903317577017,0.337161
"idcr_martinez_2023_analogies","X2",-0.241038119101714,0.189448
"idcr_martinez_2023_analogies","X3",-0.467956855662632,0.199306
"idcr_martinez_2023_analogies","X4",1.04999839990804,0.156716
"idcr_martinez_2023_analogies","X5",1.44342101692776,0.153401
"idcr_martinez_2023_analogies","X6",0.496240143517101,0.166367
"idcr_martinez_2023_analogies","X7",2.00768234433745,0.153559
"idcr_martinez_2023_analogies","X8",2.00768234433745,0.153559
"idcr_martinez_2023_analogies","X9",2.93529232686052,0.166778
"idcr_martinez_2023_analogies","X10",3.04603126446896,0.169523
"idcr_martinez_2023_analogies","X11",-1.53423589355015,0.268501
"idcr_martinez_2023_analogies","X12",-1.32262254062753,0.25127
"idcr_martinez_2023_analogies","X13",-2.62991925458702,0.395938
"idcr_martinez_2023_analogies","X14",-0.770928741021752,0.214841
"idcr_martinez_2023_analogies","X15",-1.07926347978228,0.233787
"idcr_martinez_2023_analogies","X16",-1.13669646229569,0.237701
"idcr_martinez_2023_analogies","X17",-1.13669646229569,0.237701
"idcr_martinez_2023_analogies","X18",-0.467956855662632,0.199306
"idcr_martinez_2023_info","X1",-3.54889359755,0.513897
"idcr_martinez_2023_info","X2",0.0729307138904731,0.170933
"idcr_martinez_2023_info","X3",0.269187616198593,0.166081
"idcr_martinez_2023_info","X4",-0.106675028445332,0.176104
"idcr_martinez_2023_info","X5",-0.9624038825537,0.211829
"idcr_martinez_2023_info","X6",-1.50209340307923,0.246004
"idcr_martinez_2023_info","X7",0.454292996477123,0.162228
"idcr_martinez_2023_info","X8",-4.35196262175878,0.717202
"idcr_martinez_2023_info","X9",-0.0758920213943519,0.175167
"idcr_martinez_2023_info","X10",1.68852809104399,0.152754
"idcr_martinez_2023_info","X11",0.606004818836003,0.15957
"idcr_martinez_2023_info","X12",-2.22545855269583,0.310965
"idcr_martinez_2023_info","X13",2.48971616919044,0.161277
"idcr_martinez_2023_info","X14",0.428429678768764,0.162725
"idcr_martinez_2023_info","X15",-1.56725759536034,0.250876
"idcr_martinez_2023_info","X16",-1.00937394842303,0.2144
"idcr_martinez_2023_info","X17",-0.510280316308842,0.190502
"idcr_martinez_2023_info","X18",-0.0454665182291507,0.174261
"idcr_martinez_2023_info","X19",1.17189871385383,0.153416
"idcr_martinez_2023_info","X20",0.296247850847399,0.165474
"idcr_martinez_2023_info","X21",1.86943635537826,0.153637
"idcr_martinez_2023_info","X22",-0.916615608112938,0.209391
"idcr_martinez_2023_info","X23",-1.15822657011673,0.223029
"idcr_martinez_2023_info","X24",1.98402914060397,0.154502
"idcr_martinez_2023_info","X25",-0.43786893131864,0.187618
"idcr_martinez_2023_info","X26",-0.916615608112938,0.209391
"idcr_martinez_2023_info","X27",1.80130937205989,0.153236
"idcr_martinez_2023_info","X28",1.7560981883247,0.153016
"idcr_martinez_2023_info","X29",0.776664112888017,0.157101
"idcr_martinez_2023_info","X30",2.19487307437623,0.156728
"idcr_martinez_2023_info","X31",2.10031166154755,0.155626
"idcr_martinez_2023_info","X32",2.6455350701459,0.164394
"idcr_martinez_2023_info","X33",3.75035014790609,0.203143
"idcr_martinez_2023_info","X34",-0.547424080764822,0.192035
"idcr_martinez_2023_info","X35",3.5495823522978,0.193647
"idcr_martinez_2023_info","X36",-1.78110810099879,0.268139
"idcr_martinez_2023_info","X37",-1.43951098849168,0.241486
"idcr_martinez_2023_info","X38",-1.70643161541494,0.261882
"idcr_martinez_2023_info","X39",-0.74390451374619,0.200777
"idcr_martinez_2023_info","X40",-4.35196262175878,0.717202
"idcr_martinez_2023_numSeries","X1",0.04244825176537,0.192388
"idcr_martinez_2023_numSeries","X2",-0.216368521827282,0.202314
"idcr_martinez_2023_numSeries","X3",0.442376378165496,0.1822
"idcr_martinez_2023_numSeries","X4",0.332887482923597,0.184414
"idcr_martinez_2023_numSeries","X5",0.893996491949982,0.177327
"idcr_martinez_2023_numSeries","X6",0.961959766066673,0.17717
"idcr_martinez_2023_numSeries","X7",1.2868792768511,0.178496
"idcr_martinez_2023_numSeries","X8",2.08609405204285,0.197393
"idcr_martinez_2023_numSeries","X9",2.96845836390161,0.250811
"idcr_martinez_2023_numSeries","X10",-1.89958843063436,0.373088
"idcr_martinez_2023_numSeries","X11",-1.81187750119382,0.357265
"idcr_martinez_2023_numSeries","X12",-1.15979013659132,0.268688
"idcr_martinez_2023_numSeries","X13",-1.65768257476955,0.331966
"idcr_martinez_2023_numSeries","X14",-0.0405418599292198,0.195265
"idcr_martinez_2023_numSeries","X15",-2.22925103872113,0.443209
"idcr_martinez_2023_ps","X1",-3.45377700732089,0.742281
"idcr_martinez_2023_ps","X2",-1.77602419337631,0.314735
"idcr_martinez_2023_ps","X3",1.91511722566923,0.190596
"idcr_martinez_2023_ps","X4",-1.59158325349909,0.291643
"idcr_martinez_2023_ps","X5",3.13821591855897,0.269898
"idcr_martinez_2023_ps","X6",2.16551155885828,0.200494
"idcr_martinez_2023_ps","X7",-1.64971271960947,0.298586
"idcr_martinez_2023_ps","X8",0.560195629773449,0.175437
"idcr_martinez_2023_ps","X9",-1.99884069215299,0.347109
"idcr_martinez_2023_ps","X10",0.6660609823327,0.174528
"idcr_martinez_2023_ps","X11",-0.756244948574314,0.219446
"idcr_martinez_2023_ps","X12",-1.64971271960947,0.298586
"idcr_martinez_2023_ps","X13",1.66902492483419,0.183284
"idcr_martinez_2023_ps","X14",1.01393357626729,0.173975
"idcr_martinez_2023_ps","X15",-0.88078228742461,0.227437
"idcr_martinez_2023_ps","X16",1.91511722566923,0.190596
"idcr_martinez_2023_ps","X17",1.01149857970363,0.174162
"idcr_martinez_2023_ps","X18",-0.29799780009982,0.196999
"idcr_martinez_2023_raco","X1",-0.88580727466746,0.279012
"idcr_martinez_2023_raco","X2",0.644821096606989,0.275129
"idcr_martinez_2023_raco","X3",1.5395501419018,0.262491
"idcr_martinez_2023_raco","X4",-0.402618443563643,0.259196
"idcr_martinez_2023_raco","X5",-0.758631646530726,0.286203
"idcr_martinez_2023_raco","X6",0.0172131024577691,0.268916
"idcr_martinez_2023_raco","X7",-0.156104511030427,0.230736
"idcr_martinez_2023_raco","X8",-1.11419183709838,0.30311
"idcr_martinez_2023_raco","X9",0.172162285352846,0.259283
"idcr_martinez_2023_raco","X10",0.429969456275808,0.239586
"idcr_martinez_2023_raco","X11",-0.176537280386442,0.293464
"idcr_martinez_2023_raco","X12",0.690174910681866,0.280147
"idcr_martinez_2023_ravens","X1",-2.35082765818336,0.281845
"idcr_martinez_2023_ravens","X2",-2.28396249185985,0.275042
"idcr_martinez_2023_ravens","X3",-0.20783742928739,0.166979
"idcr_martinez_2023_ravens","X4",-0.903184235653566,0.185712
"idcr_martinez_2023_ravens","X5",-1.0448863192235,0.191291
"idcr_martinez_2023_ravens","X6",-0.0801834957633698,0.16494
"idcr_martinez_2023_ravens","X7",0.584333913985772,0.160615
"idcr_martinez_2023_ravens","X8",0.623934513544231,0.160681
"idcr_martinez_2023_ravens","X9",0.326776064477447,0.161065
"idcr_martinez_2023_ravens","X10",1.38947368368306,0.169274
"idcr_martinez_2023_ravens","X11",2.40868982328646,0.205458
"idcr_martinez_2023_ravens","X12",-2.28396249185985,0.275042
"idcr_martinez_2023_ravens","X13",2.15232158596418,0.193238
"idcr_martinez_2023_ravens","X14",2.40868982328646,0.205458
"idcr_martinez_2023_ravens","X15",3.24778845818042,0.2648
"idcr_martinez_2023_ravens","X16",-1.94160957814345,0.244456
"idcr_martinez_2023_ravens","X17",-0.499509743578983,0.173201
"idcr_martinez_2023_ravens","X18",-1.5460444228547,0.216792
"idcr_martinez_2023_Story_Recall_2","X1",-1.54584667831006,0.272216
"idcr_martinez_2023_Story_Recall_2","X2",0.260258208493888,0.175882
"idcr_martinez_2023_Story_Recall_2","X3",1.46783016882933,0.172456
"idcr_martinez_2023_Story_Recall_2","X4",2.95026978468173,0.229465
"idcr_martinez_2023_Story_Recall_2","X5",-0.723029670987923,0.2154
"idcr_martinez_2023_Story_Recall_2","X6",0.15254548872396,0.177326
"idcr_martinez_2023_Story_Recall_2","X7",-0.717260640468319,0.227577
"idcr_martinez_2023_Story_Recall_2","X8",-1.62262943445515,0.27733
"idcr_martinez_2023_Story_Recall_2","X9",-3.098419448325,0.531198
"idcr_martinez_2023_Story_Recall_2","X10",1.69012036753001,0.17294
"idcr_martinez_2023_Story_Recall_2","X11",-0.621876071671055,0.214234
"idcr_martinez_2023_Story_Recall_2","X12",0.446933979195976,0.174325
"idcr_martinez_2023_Story_Recall_2","X13",-0.262951102290982,0.241942
"idcr_martinez_2023_Story_Recall_2","X14",2.0646006810723,0.186378
"idcr_martinez_2023_Story_Recall_2","X15",0.9345061032052,0.171941
"idcr_martinez_2023_Story_Recall_2","X16",-0.921043618037449,0.222389
"idcr_martinez_2023_Story_Recall_2","X17",-0.755693455662673,0.231589
"idcr_martinez_2023_Story_Recall_2","X18",0.249908525808721,0.175801
"idcr_martinez_2023_Story_Recall_2","X19",1.73307218061617,0.173314
"idcr_martinez_2023_Story_Recall_2","X20",2.82284574576465,0.213344
"idcr_martinez_2023_Story_Recall_2","X21",-0.46042948231041,0.197643
"idcr_martinez_2023_Story_Recall_2","X22",1.70131499455533,0.172205
"idcr_martinez_2023_Story_Recall_2","X23",0.110005385226742,0.179529
"idcr_martinez_2023_Story_Recall_2","X24",-0.80727970258443,0.216028
"idcr_martinez_2023_Story_Recall_2","X25",0.876938180740039,0.166797
"idcr_martinez_2023_Story_Recall_2","X26",0.666088668523248,0.182958
"idcr_martinez_2023_Story_Recall_2","X27",1.15773039427664,0.169455
"idcr_martinez_2023_Story_Recall_2","X28",1.57940727784914,0.169897
"idcr_martinez_2023_Story_Recall_2","X29",0.0190501607079221,0.185076
"idcr_martinez_2023_Story_Recall_2","X30",1.83273339028825,0.174287
"idcr_martinez_2023_Story_Recall_2","X31",-0.71297863780599,0.212186
"idcr_martinez_2023_Story_Recall_2","X32",0.929144314772931,0.168187
"idcr_martinez_2023_Story_Recall_2","X33",1.00162012604864,0.166459
"idcr_martinez_2023_Story_Recall_2","X34",-1.00661056495495,0.234117
"idcr_martinez_2023_Story_Recall_2","X35",-2.60076997242533,0.486879
"idcr_martinez_2023_Story_Recall_2","X36",-1.60713087562685,0.293826
"idcr_martinez_2023_Story_Recall_2","X37",-0.650191781118276,0.209353
"idcr_martinez_2023_Story_Recall_2","X38",0.0403314065276812,0.182391
"idcr_martinez_2023_Story_Recall_2","X39",-1.66720263134233,0.313497
"idcr_martinez_2023_Story_Recall_2","X40",-2.04597498394631,0.327026
"idcr_martinez_2023_Story_Recall_2","X41",-0.404231260010214,0.194923
"idcr_martinez_2023_Story_Recall_2","X42",0.67143708778238,0.168527
"idcr_martinez_2023_Story_Recall_2","X43",-1.45235171500612,0.341255
"idcr_martinez_2023_Story_Recall_2","X44",-0.921821449680735,0.247876
"idcr_martinez_2023_Story_Recall_2","X45",-1.37720965949892,0.262589
"idcr_martinez_2023_Story_Recall_2","X46",-2.0418822648477,0.327191
"idcr_martinez_2023_Story_Recall_2","X47",1.74338069176185,0.176573
"idcr_martinez_2023_Story_Recall_2","X48",0.922741788384456,0.174751
"idcr_martinez_2023_Story_Recall_3","X1",0.108823589246557,0.197696
"idcr_martinez_2023_Story_Recall_3","X2",0.415199086010689,0.191143
"idcr_martinez_2023_Story_Recall_3","X3",0.524988933211065,0.19287
"idcr_martinez_2023_Story_Recall_3","X4",-1.97516306687494,0.40467
"idcr_martinez_2023_Story_Recall_3","X5",1.42986112649257,0.193493
"idcr_martinez_2023_Story_Recall_3","X6",-1.10522381302256,0.274361
"idcr_martinez_2023_Story_Recall_3","X7",-0.127185743990876,0.206426
"idcr_martinez_2023_Story_Recall_3","X8",0.579777446388273,0.189466
"idcr_martinez_2023_Story_Recall_3","X9",-0.705353500565658,0.237776
"idcr_martinez_2023_Story_Recall_3","X10",-0.437228697522293,0.247044
"idcr_martinez_2023_Story_Recall_3","X11",1.20772990504927,0.189065
"idcr_martinez_2023_Story_Recall_3","X12",-0.866048467660592,0.250446
"idcr_martinez_2023_Story_Recall_3","X13",-0.13724950788247,0.208964
"idcr_martinez_2023_Story_Recall_3","X14",-1.32458916560651,0.293904
"idcr_martinez_2023_Story_Recall_3","X15",1.41067930166887,0.194736
"idcr_martinez_2023_Story_Recall_3","X16",-2.34894746633207,0.494221
"idcr_martinez_2023_Story_Recall_3","X17",0.920057076078106,0.187083
"idcr_martinez_2023_Story_Recall_3","X18",0.420385718526359,0.193215
"idcr_martinez_2023_Story_Recall_3","X19",-0.585713225780931,0.228532
"idcr_martinez_2023_Story_Recall_3","X20",0.608312135871871,0.19527
"idcr_martinez_2023_Story_Recall_3","X21",0.8542142037713,0.188463
"idcr_martinez_2023_Story_Recall_3","X22",-0.661941401391908,0.241925
"idcr_martinez_2023_Story_Recall_3","X23",1.24746720014683,0.203245
"idcr_martinez_2023_Story_Recall_3","X24",1.08379486905373,0.187963
"idcr_martinez_2023_Story_Recall_3","X25",-0.793501502584649,0.241895
"idcr_martinez_2023_Story_Recall_3","X26",0.107114725429725,0.222349
"idcr_martinez_2023_Story_Recall_3","X27",0.674091793297584,0.211273
"idcr_martinez_2023_Story_Recall_3","X28",-2.34860153240564,0.494253
"idcr_martinez_2023_Story_Recall_3","X29",1.1801663274879,0.190085
"idcr_martinez_2023_Story_Recall_3","X30",-0.123841084514364,0.205535
"idcr_martinez_2023_Story_Recall_3","X31",-0.172995318932816,0.208734
"idcr_martinez_2023_Story_Recall_3","X32",0.94092005733756,0.187625
"idcr_martinez_2023_vocab","X1",0.461740556166989,0.148298
"idcr_martinez_2023_vocab","X2",-0.422113733666208,0.1608
"idcr_martinez_2023_vocab","X3",-1.88055321724264,0.209869
"idcr_martinez_2023_vocab","X4",-0.169845184495989,0.15609
"idcr_martinez_2023_vocab","X5",-0.990985306046114,0.17516
"idcr_martinez_2023_vocab","X6",2.28580220898923,0.155154
"idcr_martinez_2023_vocab","X7",2.19616997574182,0.153782
"idcr_martinez_2023_vocab","X8",1.25930697985442,0.145989
"idcr_martinez_2023_vocab","X9",-6.8109285100468,1.004939
"idcr_martinez_2023_vocab","X10",-0.62350080914825,0.165268
"idcr_martinez_2023_vocab","X11",-0.875774670942974,0.171807
"idcr_martinez_2023_vocab","X12",1.10119868158066,0.145801
"idcr_martinez_2023_vocab","X13",-2.40563297535504,0.238998
"idcr_martinez_2023_vocab","X14",2.66505853782242,0.16228
"idcr_martinez_2023_vocab","X15",-0.838397373557272,0.170769
"idcr_martinez_2023_vocab","X16",1.60580290808871,0.14752
"idcr_martinez_2023_vocab","X17",-1.32542402946343,0.186292
"idcr_martinez_2023_vocab","X18",-1.82374729905677,0.207137
"idcr_martinez_2023_vocab","X19",-0.62350080914825,0.165268
"idcr_martinez_2023_vocab","X20",1.39167007125466,0.146392
"idcr_martinez_2023_vocab","X21",2.34656701015875,0.156151
"idcr_martinez_2023_vocab","X22",-1.88055321724264,0.209869
"idcr_martinez_2023_vocab","X23",-1.99916065427525,0.215825
"idcr_martinez_2023_vocab","X24",0.434371024985274,0.148524
"idcr_martinez_2023_vocab","X25",-1.1113223842225,0.178921
"idcr_martinez_2023_vocab","X26",0.18327593396681,0.151056
"idcr_martinez_2023_vocab","X27",-4.86380356710077,0.509445
"idcr_martinez_2023_vocab","X28",-3.69387527430425,0.347279
"idcr_martinez_2023_vocab","X29",-1.19476588496797,0.181688
"idcr_martinez_2023_vocab","X30",4.5870158727166,0.239339
"idcr_martinez_2023_vocab","X31",2.50248508989133,0.158959
"idcr_martinez_2023_vocab","X32",3.16896986361923,0.17531
"idcr_martinez_2023_vocab","X33",1.6328538637576,0.147705
"idcr_martinez_2023_vocab","X34",1.85238742102228,0.149562
"idcr_martinez_2023_vocab","X35",0.379347300461131,0.149006
"idcr_martinez_2023_vocab","X36",-1.56062870120937,0.195457
"idcr_martinez_2023_vocab","X37",0.323913214552015,0.149533
"idcr_martinez_2023_vocab","X38",3.73986056280816,0.195687
"idcr_martinez_2023_vocab","X39",2.37727574336752,0.156676
"idcr_martinez_2023_vocab","X40",1.36512942007354,0.146293
"idcr_martinez_2023_vocab","X41",3.59554526013901,0.189919
"idcr_martinez_2023_vocab","X42",-4.86380356710077,0.509445
"idcr_martinez_2023_vocab","X43",0.570372862154807,0.147502
"idcr_martinez_2023_vocab","X44",1.88028778413335,0.149844
"idcr_martinez_2023_vocab","X45",-4.86380356710077,0.509445
"idcr_martinez_2023_vocab","X46",0.54333307353053,0.147686
"idcr_martinez_2023_vocab","X47",-0.62350080914825,0.165268
"idcr_martinez_2023_vocab","X48",0.995880324005441,0.145853
"lec5_xiong_2025","X1",-1.41533547070011,0.05223
"lec5_xiong_2025","X2",1.59377810063075,0.25065
"lec5_xiong_2025","X3",1.07019034245123,0.172916
"lec5_xiong_2025","X4",-0.242459563164609,0.080738
"lec5_xiong_2025","X5",-0.190740964140841,0.082727
"lec5_xiong_2025","X6",0.542684248805753,0.123073
"lec5_xiong_2025","X7",0.260862180722405,0.104461
"lec5_xiong_2025","X8",0.189392290136091,0.100426
"lec5_xiong_2025","X9",0.24943573401718,0.103798
"lec5_xiong_2025","X10",-1.11220805728489,0.057353
"lec5_xiong_2025","X11",-1.75866418171313,0.04766
"lec5_xiong_2025","X12",-0.139315990969089,0.084793
"lec5_xiong_2025","X13",0.914827041742496,0.155809
"lec5_xiong_2025","X14",-1.14994427240098,0.056652
"lec5_xiong_2025","X15",-0.0578603472762169,0.088261
"lec5_xiong_2025","X16",0.972901048578195,0.161937
"lec5_xiong_2025","X17",0.272457860565761,0.105139
"lys_2020_rape_3_sds","X1",0.730544360506459,0.121205
"lys_2020_rape_3_sds","X2",-0.463854456035679,0.118309
"lys_2020_rape_3_sds","X3",-1.15257310363073,0.123795
"lys_2020_rape_3_sds","X4",-0.10373922846289,0.11757
"lys_2020_rape_3_sds","X5",2.4176453916502,0.156316
"lys_2020_rape_3_sds","X6",0.300448265675342,0.118584
"lys_2020_rape_3_sds","X7",1.60262572752836,0.13465
"lys_2020_rape_3_sds","X8",1.23480148388252,0.127934
"lys_2020_rape_3_sds","X9",-2.09760067830806,0.141254
"lys_2020_rape_3_sds","X10",-0.675010800555604,0.119883
"lys_2020_rape_3_sds","X11",-3.00040383107605,0.171133
"lys_2020_rape_3_sds","X12",-1.99586183978851,0.13819
"lys_2020_rape_3_sds","X13",-0.7324560125953,0.120135
"lys_2020_rape_3_sds","X14",0.848989901018976,0.12269
"lys_2020_rape_3_sds","X15",1.61183220537118,0.134501
"lys_2020_rape_3_sds","X16",0.795595553046362,0.122137
"lys_2020_rape_3_sds","X17",-0.478845905843378,0.118694
"lys_2020_rape_3_sds","X18",-0.0789834103742239,0.118028
"lys_2020_rape_3_sds","X19",2.03537335717028,0.144548
"lys_2020_rape_3_sds","X20",-0.679983122742199,0.119777
"lys_2020_rape_3_sds","X21",1.8627229513401,0.140123
"lys_2020_rape_3_sds","X22",-4.20361955588641,0.238029
"lys_2020_rape_3_sds","X23",1.37389929500192,0.129522
"lys_2020_rape_3_sds","X24",-0.158356722385453,0.117741
"lys_2020_rape_3_sds","X25",1.09717169308027,0.125404
"lys_2020_rape_3_sds","X26",-0.241691097642592,0.117526
"lys_2020_rape_3_sds","X27",3.52711444652625,0.205641
"lys_2020_rape_3_sds","X28",0.0867910686648124,0.117896
"lys_2020_rape_3_sds","X29",-3.46257593513595,0.191952
"MGSISGCLQ_Hollyhead_2018","X1",0.281097800235658,1.035774
"MGSISGCLQ_Hollyhead_2018","X2",-0.00352526635756489,0.927094
"MGSISGCLQ_Hollyhead_2018","X3",-0.00352526635756512,0.927094
"MGSISGCLQ_Hollyhead_2018","X4",-0.407838028523867,0.809387
"MGSISGCLQ_Hollyhead_2018","X5",0.281097800235657,1.035774
"MGSISGCLQ_Hollyhead_2018","X6",-0.00352526635756512,0.927094
"MGSISGCLQ_Hollyhead_2018","X7",-1.18319771690685,0.675607
"MGSISGCLQ_Hollyhead_2018","X8",0.702761153180276,1.271618
"MGSISGCLQ_Hollyhead_2018","X9",0.281097800235658,1.035774
"MGSISGCLQ_Hollyhead_2018","X10",-0.00352526635756534,0.927094
"MGSISGCLQ_Hollyhead_2018","X11",-0.00352526635756512,0.927094
"MGSISGCLQ_Hollyhead_2018","X12",-0.407838028523867,0.809387
"MGSISGCLQ_Hollyhead_2018","X13",0.281097800235657,1.035774
"MGSISGCLQ_Hollyhead_2018","X14",0.281097800235658,1.035774
"MGSISGCLQ_Hollyhead_2018","X15",-0.566427280400958,0.772822
"MGSISGCLQ_Hollyhead_2018","X16",-0.00352526635756489,0.927094
"MGSISGCLQ_Hollyhead_2018","X17",0.702761153180275,1.271618
"MGSISGCLQ_Hollyhead_2018","X18",-0.224558655037909,0.858197
"much_tte_2025_actionorientation","X1",0.765641952015603,0.083718
"much_tte_2025_actionorientation","X2",-0.312324943731468,0.075156
"much_tte_2025_actionorientation","X3",-0.452656670200011,0.075233
"much_tte_2025_actionorientation","X4",1.2545856579648,0.093897
"much_tte_2025_actionorientation","X5",-0.31884677544375,0.075153
"much_tte_2025_actionorientation","X6",-1.00124277546088,0.078138
"much_tte_2025_actionorientation","X7",-0.168538077151638,0.07535
"much_tte_2025_actionorientation","X8",0.217769437620244,0.077261
"much_tte_2025_actionorientation","X9",0.556786924842188,0.0807
"much_tte_2025_actionorientation","X10",-0.0862713701127506,0.075586
"much_tte_2025_actionorientation","X11",-0.250331908388952,0.075205
"much_tte_2025_actionorientation","X12",-0.204571451953383,0.075275
"much_tte_2025_concentrationtask","X1",0.187022824379501,0.079337
"much_tte_2025_concentrationtask","X2",0.213720858471199,0.078963
"much_tte_2025_concentrationtask","X3",0.146454572593775,0.079924
"much_tte_2025_concentrationtask","X4",-0.0699756044522171,0.083479
"much_tte_2025_concentrationtask","X5",-0.420446475492568,0.090629
"much_tte_2025_concentrationtask","X6",0.851769690229464,0.072727
"much_tte_2025_concentrationtask","X7",-1.30832636550398,0.119387
"much_tte_2025_concentrationtask","X8",0.611421063091837,0.074482
"much_tte_2025_concentrationtask","X9",-0.211640563317005,0.086113
"much_tte_2025_matrixreasoning","X1",-1.21511960331576,0.124273
"much_tte_2025_matrixreasoning","X2",-0.123741772215374,0.122477
"much_tte_2025_matrixreasoning","X3",-0.430324031129733,0.122455
"much_tte_2025_matrixreasoning","X4",-0.232663061122703,0.122471
"much_tte_2025_matrixreasoning","X5",0.150161258890133,0.122509
"much_tte_2025_matrixreasoning","X6",0.0343245381906764,0.122373
"much_tte_2025_matrixreasoning","X7",0.307173532347557,0.122831
"much_tte_2025_matrixreasoning","X8",0.161635063287324,0.122475
"much_tte_2025_matrixreasoning","X9",0.407951593029407,0.12338
"much_tte_2025_matrixreasoning","X10",0.662525592586541,0.126413
"much_tte_2025_matrixreasoning","X11",-0.850278414066724,0.122233
"much_tte_2025_matrixreasoning","X12",-0.563124776854826,0.122242
"much_tte_2025_matrixreasoning","X13",-0.261759220914373,0.122542
"much_tte_2025_matrixreasoning","X14",0.624659151731543,0.125779
"much_tte_2025_matrixreasoning","X15",0.0526447983691102,0.124361
"much_tte_2025_matrixreasoning","X16",-0.10632012254061,0.122419
"much_tte_2025_matrixreasoning","X17",0.345875656299989,0.123033
"much_tte_2025_matrixreasoning","X18",0.172772410957138,0.122447
"much_tte_2025_matrixreasoning","X19",0.304452082728952,0.122823
"much_tte_2025_matrixreasoning","X20",0.559155323741735,0.124836
"nature_relatedness","X1",-1.83522921181034,0.170802
"nature_relatedness","X2",-1.27567255261196,0.131046
"nature_relatedness","X3",0.828575628972042,0.077972
"nature_relatedness","X4",-1.78000897267904,0.166161
"nature_relatedness","X5",-1.44661073396343,0.141593
"nature_relatedness","X6",2.54505621664735,0.108505
"nature_relatedness","X7",1.74917509760102,0.085598
"nature_relatedness","X8",1.05785188419377,0.07834
"nature_relatedness","X9",3.10119851933759,0.140159
"nature_relatedness","X10",-1.79350066937303,0.167279
"nature_relatedness","X11",1.76847585014372,0.085943
"nature_relatedness","X12",2.1907116620183,0.095867
"nature_relatedness","X13",-0.10816159656601,0.087368
"nature_relatedness","X14",-1.03914331372212,0.118466
"nature_relatedness","X15",-1.74069795827201,0.162963
"nature_relatedness","X16",-2.22201984991585,0.208955
"nerdy_personality","X1",-1.8660207556939,0.092545
"nerdy_personality","X2",-1.21021710458629,0.068162
"nerdy_personality","X3",0.839258046647564,0.041304
"nerdy_personality","X4",-1.98833506216069,0.098519
"nerdy_personality","X5",-1.5192699557772,0.078216
"nerdy_personality","X6",2.75721100159479,0.05864
"nerdy_personality","X7",1.98778360838693,0.046279
"nerdy_personality","X8",1.17578204496402,0.041423
"nerdy_personality","X9",3.11322227758181,0.068332
"nerdy_personality","X10",-1.76237994737268,0.08788
"nerdy_personality","X11",1.8046656510417,0.044575
"nerdy_personality","X12",2.02427677821986,0.046666
"nerdy_personality","X13",-0.103232853695829,0.046947
"nerdy_personality","X14",-1.04336587461349,0.063623
"nerdy_personality","X15",-1.87060635318344,0.092759
"nerdy_personality","X16",-2.33877150135316,0.118932
"neurodegenerative_huizinga_2019_sims","X1",-1.21690837048072,0.11458
"neurodegenerative_huizinga_2019_sims","X2",-4.95140708227258,0.063601
"neurodegenerative_huizinga_2019_sims","X3",2.51792023993822,0.303966
"neurodegenerative_huizinga_2019_sims","X4",2.87167085431191,0.335557
"neurodegenerative_huizinga_2019_sims","X5",0.0359518458919608,0.155617
"neurodegenerative_huizinga_2019_sims","X6",1.13229265275474,0.207733
"neurodegenerative_huizinga_2019_sims","X7",-0.23539617091613,0.145254
"neurodegenerative_huizinga_2019_sims","X8",-2.89512450790186,0.081435
"neurodegenerative_huizinga_2019_sims","X9",-0.74320580807423,0.128142
"neurodegenerative_huizinga_2019_sims","X10",-0.714975302349669,0.12902
"neurodegenerative_huizinga_2019_sims","X11",-2.24963837021616,0.091772
"neurodegenerative_huizinga_2019_sims","X12",-3.06625038291745,0.079128
"neurodegenerative_huizinga_2019_sims","X13",2.22276957025265,0.280016
"neurodegenerative_huizinga_2019_sims","X14",3.90418511105426,0.448882
"neurodegenerative_huizinga_2019_sims","X15",0.988805330261712,0.19987
"neurodegenerative_huizinga_2019_sims","X16",-4.10610856134586,0.068494
"neurodegenerative_huizinga_2019_sims","X17",-2.60461108001793,0.085756
"neurodegenerative_huizinga_2019_sims","X18",2.68603571886607,0.31857
"neurodegenerative_huizinga_2019_sims","X19",-1.11579130991218,0.117698
"neurodegenerative_huizinga_2019_sims","X20",1.11954426662392,0.20775
"neurodegenerative_huizinga_2019_sims","X21",2.50532842253873,0.303978
"neurodegenerative_huizinga_2019_sims","X22",2.0789855335453,0.27004
"neurodegenerative_huizinga_2019_sims","X23",0.988805330261712,0.19987
"neurodegenerative_huizinga_2019_sims","X24",-0.699604888749424,0.129949
"neurodegenerative_huizinga_2019_sims","X25",0.718606616758613,0.186622
"neurodegenerative_huizinga_2019_sims","X26",-3.87778625282324,0.070593
"neurodegenerative_huizinga_2019_sims","X27",0.976032609802243,0.199888
"neurodegenerative_huizinga_2019_sims","X28",0.659452063303004,0.183719
"neurodegenerative_huizinga_2019_sims","X29",-0.0585480275544663,0.152435
"neurodegenerative_huizinga_2019_sims","X30",-0.699604888749424,0.129949
"neurodegenerative_huizinga_2019_sims","X31",0.546473236587339,0.17832
"neurodegenerative_huizinga_2019_sims","X32",3.30115914088308,0.37994
"neurodegenerative_huizinga_2019_sims","X33",1.19572356952313,0.212065
"neurodegenerative_huizinga_2019_sims","X34",-4.22724759734224,0.0676
"neurodegenerative_huizinga_2019_sims","X35",3.30115914088308,0.37994
"neurodegenerative_huizinga_2019_sims","X36",0.718606616758613,0.186622
"neurodegenerative_huizinga_2019_sims","X37",1.0463931744881,0.2037
"neurodegenerative_huizinga_2019_sims","X38",-4.17712567317608,0.068182
"neurodegenerative_huizinga_2019_sims","X39",0.0650399640211159,0.15733
"neurodegenerative_huizinga_2019_sims","X40",2.21015386841173,0.280029
"neurodegenerative_huizinga_2019_sims","X41",-4.50024971150606,0.066039
"neurodegenerative_huizinga_2019_sims","X42",1.53672099749614,0.232647
"neurodegenerative_huizinga_2019_sims","X43",3.0664047334879,0.355662
"neurodegenerative_huizinga_2019_sims","X44",3.30115914088308,0.37994
"neurodegenerative_huizinga_2019_sims","X45",-2.70102757812491,0.084264
"neurodegenerative_huizinga_2019_sims","X46",3.30115914088308,0.37994
"neurodegenerative_huizinga_2019_sims","X47",2.64533756582282,0.318615
"neurodegenerative_huizinga_2019_sims","X48",-6.42244077258979,0.0627
"neurodegenerative_huizinga_2019_sims","X49",-1.43293606598579,0.110328
"neurodegenerative_huizinga_2019_sims","X50",-3.10677035437696,0.079485
"neurodegenerative_huizinga_2019_sims","X51",-4.52971520026683,0.06638
"neurodegenerative_huizinga_2019_sims","X52",-0.99972364293031,0.121903
"neurodegenerative_huizinga_2019_sims","X53",2.83101780046788,0.3356
"neurodegenerative_huizinga_2019_sims","X54",-2.05871060799563,0.096443
"neurodegenerative_huizinga_2019_sims","X55",-1.07431729648323,0.119786
"neurodegenerative_huizinga_2019_sims","X56",-0.473636598431287,0.136872
"neurodegenerative_huizinga_2019_sims","X57",-1.99526668092578,0.097711
"neurodegenerative_huizinga_2019_sims","X58",5.46718187320555,0.708235
"neurodegenerative_huizinga_2019_sims","X59",4.7582527290266,0.578686
"neurodegenerative_huizinga_2019_sims","X60",-1.53376249634783,0.107875
"neurodegenerative_huizinga_2019_sims","X61",0.517584023759862,0.17838
"neurodegenerative_huizinga_2019_sims","X62",3.27314044529655,0.379968
"neurodegenerative_huizinga_2019_sims","X63",-0.610633186615972,0.133852
"neurodegenerative_huizinga_2019_sims","X64",1.32979680014091,0.221661
"neurodegenerative_huizinga_2019_sims","X65",-2.70215642898275,0.085193
"neurodegenerative_huizinga_2019_sims","X66",5.46718187320555,0.708235
"neurodegenerative_huizinga_2019_sims","X67",-2.64118068865145,0.085183
"neurodegenerative_huizinga_2019_sims","X68",2.18193586113905,0.280067
"neurodegenerative_huizinga_2019_sims","X69",-1.09860082381352,0.119108
"neurodegenerative_huizinga_2019_sims","X70",-5.60858574746497,0.062522
"neurodegenerative_huizinga_2019_sims","X71",0.0788697361592252,0.159147
"neurodegenerative_huizinga_2019_sims","X72",2.83101780046788,0.3356
"neurodegenerative_huizinga_2019_sims","X73",0.214170120865396,0.164798
"neurodegenerative_huizinga_2019_sims","X74",2.51792023993822,0.303966
"neurodegenerative_huizinga_2019_sims","X75",-1.9808976036742,0.096907
"nomt_hooper_2024_study1","X1",-3.01701474533265,0.356595
"nomt_hooper_2024_study1","X2",-2.14069477986781,0.288428
"nomt_hooper_2024_study1","X3",-2.84099924919226,0.340768
"nomt_hooper_2024_study1","X4",-2.3926300983602,0.305417
"nomt_hooper_2024_study1","X5",-3.01701474533265,0.356595
"nomt_hooper_2024_study1","X6",-1.70975128304617,0.263665
"nomt_hooper_2024_study1","X7",-3.21150749124818,0.375471
"nomt_hooper_2024_study1","X8",-2.26289965669263,0.296425
"nomt_hooper_2024_study1","X9",-2.14069477986781,0.288428
"nomt_hooper_2024_study1","X10",-2.84099924919226,0.340768
"nomt_hooper_2024_study1","X11",-3.01701474533265,0.356595
"nomt_hooper_2024_study1","X12",-1.61333662542295,0.258814
"nomt_hooper_2024_study1","X13",-2.14069477986781,0.288428
"nomt_hooper_2024_study1","X14",-2.26289965669263,0.296425
"nomt_hooper_2024_study1","X15",-2.53111596877527,0.31561
"nomt_hooper_2024_study1","X16",-3.96891667750081,0.464524
"nomt_hooper_2024_study1","X17",-3.21150749124818,0.375471
"nomt_hooper_2024_study1","X18",-3.67815944307662,0.427213
"nomt_hooper_2024_study1","X19",0.1517395405164,0.206535
"nomt_hooper_2024_study1","X20",-0.526495825949858,0.219204
"nomt_hooper_2024_study1","X21",0.883088819109982,0.201684
"nomt_hooper_2024_study1","X22",-0.269338702665518,0.213418
"nomt_hooper_2024_study1","X23",2.14794761359841,0.213609
"nomt_hooper_2024_study1","X24",1.15961378538559,0.202091
"nomt_hooper_2024_study1","X25",1.15961378538559,0.202091
"nomt_hooper_2024_study1","X26",-0.269338702665518,0.213418
"nomt_hooper_2024_study1","X27",1.90313714442618,0.209254
"nomt_hooper_2024_study1","X28",1.27087960229874,0.202597
"nomt_hooper_2024_study1","X29",1.10418069824918,0.201912
"nomt_hooper_2024_study1","X30",0.66161410330605,0.202236
"nomt_hooper_2024_study1","X31",-0.593303349181835,0.220914
"nomt_hooper_2024_study1","X32",1.15961378538559,0.202091
"nomt_hooper_2024_study1","X33",1.4392370892797,0.203738
"nomt_hooper_2024_study1","X34",0.938324359976789,0.201668
"nomt_hooper_2024_study1","X35",0.437841462493318,0.203596
"nomt_hooper_2024_study1","X36",0.993565363852659,0.201701
"nomt_hooper_2024_study1","X37",0.0933083600617681,0.207305
"nomt_hooper_2024_study1","X38",1.27087960229874,0.202597
"nomt_hooper_2024_study1","X39",1.72590116725089,0.206731
"nomt_hooper_2024_study1","X40",1.61011768490487,0.205362
"nomt_hooper_2024_study1","X41",0.267276272330404,0.205184
"nomt_hooper_2024_study1","X42",1.38288157818279,0.203306
"nomt_hooper_2024_study1","X43",0.437841462493318,0.203596
"nomt_hooper_2024_study1","X44",0.827829503079687,0.201748
"nomt_hooper_2024_study1","X45",0.827829503079686,0.201748
"nomt_hooper_2024_study1","X46",0.55013882517282,0.202812
"nomt_hooper_2024_study1","X47",2.21100303123391,0.214898
"nomt_hooper_2024_study1","X48",1.21517004772523,0.202319
"nomt_hooper_2024_study1","X49",1.55282091484014,0.204765
"nomt_hooper_2024_study1","X50",1.72590116725089,0.206731
"nomt_hooper_2024_study1","X51",0.324459915750834,0.204597
"nomt_hooper_2024_study1","X52",0.66161410330605,0.202236
"nomt_hooper_2024_study1","X53",0.0343802358681673,0.208141
"nomt_hooper_2024_study1","X54",0.550138825172821,0.202812
"nomt_hooper_2024_study1","X55",0.49410894980812,0.203177
"nomt_hooper_2024_study1","X56",2.14794761359841,0.213609
"nomt_hooper_2024_study1","X57",1.84352869793794,0.208347
"nomt_hooper_2024_study1","X58",1.72590116725089,0.206731
"nomt_hooper_2024_study1","X59",1.38288157818279,0.203306
"nomt_hooper_2024_study1","X60",1.21517004772523,0.202319
"nomt_hooper_2024_study1","X61",1.55282091484014,0.204765
"nomt_hooper_2024_study1","X62",1.38288157818279,0.203306
"nomt_hooper_2024_study1","X63",1.96333451697094,0.210231
"nomt_hooper_2024_study1","X64",0.49410894980812,0.203177
"nomt_hooper_2024_study1","X65",2.21100303123391,0.214898
"nomt_hooper_2024_study1","X66",1.27087960229874,0.202597
"nomt_hooper_2024_study1","X67",0.66161410330605,0.202236
"nomt_hooper_2024_study1","X68",0.55013882517282,0.202812
"nomt_hooper_2024_study1","X69",2.02416816363975,0.21128
"nomt_hooper_2024_study1","X70",1.72590116725089,0.206731
"nomt_hooper_2024_study1","X71",1.15961378538559,0.202091
"nomt_hooper_2024_study1","X72",2.27491469714438,0.216276
"nomt_hooper_2024_study1","X73",-4.32066611081553,0.515485
"nomt_hooper_2024_study1","X74",-4.76890346811656,0.590771
"nomt_hooper_2024_study1","X75",-5.39333135091576,0.718093
"nomt_hooper_2024_study1","X76",-3.96891667750081,0.464524
"nomt_hooper_2024_study1","X77",-3.67815944307661,0.427213
"nomt_hooper_2024_study1","X78",-2.67990777523281,0.327273
"nomt_hooper_2024_study1","X79",-1.02223135147415,0.234041
"nomt_hooper_2024_study1","X80",-1.8101706443448,0.268977
"nomt_hooper_2024_study1","X81",-1.8101706443448,0.268977
"nomt_hooper_2024_study1","X82",-1.61333662542295,0.258814
"nomt_hooper_2024_study1","X83",-2.02502331527225,0.281267
"nomt_hooper_2024_study1","X84",-2.53111596877527,0.31561
"nomt_hooper_2024_study1","X85",-2.53111596877527,0.31561
"nomt_hooper_2024_study1","X86",-2.14069477986781,0.288428
"nomt_hooper_2024_study1","X87",-1.70975128304617,0.263665
"nomt_hooper_2024_study1","X88",-2.02502331527225,0.281267
"nomt_hooper_2024_study1","X89",-2.26289965669263,0.296425
"nomt_hooper_2024_study1","X90",0.605963371390715,0.202498
"nomt_hooper_2024_study1","X91",0.605963371390715,0.202498
"nomt_hooper_2024_study1","X92",1.84352869793794,0.208347
"nomt_hooper_2024_study1","X93",1.32677304860369,0.202926
"nomt_hooper_2024_study1","X94",0.883088819109982,0.201684
"nomt_hooper_2024_study1","X95",2.21100303123391,0.214898
"nomt_hooper_2024_study1","X96",0.717121886893943,0.202024
"nomt_hooper_2024_study1","X97",2.47245661090271,0.220997
"nomt_hooper_2024_study1","X98",1.32677304860369,0.202926
"nomt_hooper_2024_study1","X99",2.68034524856105,0.226741
"nomt_hooper_2024_study1","X100",1.04884104624116,0.201782
"nomt_hooper_2024_study1","X101",1.10418069824918,0.201912
"nomt_hooper_2024_study1","X102",0.55013882517282,0.202812
"nomt_hooper_2024_study1","X103",1.32677304860369,0.202926
"nomt_hooper_2024_study1","X104",1.3267730486037,0.202926
"nomt_hooper_2024_study1","X105",1.38288157818279,0.203306
"nomt_hooper_2024_study1","X106",2.4055695761214,0.219319
"nomt_hooper_2024_study1","X107",0.437841462493318,0.203596
"nomt_hooper_2024_study1","X108",1.04884104624116,0.201782
"nomt_hooper_2024_study1","X109",0.717121886893943,0.202024
"nomt_hooper_2024_study1","X110",0.49410894980812,0.203177
"nomt_hooper_2024_study1","X111",1.4392370892797,0.203738
"nomt_hooper_2024_study1","X112",2.54048877676366,0.222787
"nomt_hooper_2024_study1","X113",2.02416816363975,0.21128
"nomt_hooper_2024_study1","X114",1.72590116725089,0.206731
"nomt_hooper_2024_study1","X115",0.993565363852659,0.201701
"nomt_hooper_2024_study1","X116",1.21517004772523,0.202319
"nomt_hooper_2024_study1","X117",1.66779863161895,0.206016
"nomt_hooper_2024_study1","X118",1.78446427511842,0.207507
"nomt_hooper_2024_study1","X119",0.772517052467745,0.201862
"nomt_hooper_2024_study1","X120",0.883088819109982,0.201684
"nomt_hooper_2024_study1","X121",1.4958723076667,0.204224
"nomt_hooper_2024_study1","X122",1.61011768490487,0.205362
"nomt_hooper_2024_study1","X123",0.381303186316981,0.204069
"nomt_hooper_2024_study1","X124",1.4392370892797,0.203738
"nomt_hooper_2024_study1","X125",1.90313714442618,0.209254
"nomt_hooper_2024_study1","X126",1.4392370892797,0.203738
"nomt_hooper_2024_study1","X127",1.10418069824918,0.201912
"nomt_hooper_2024_study1","X128",1.04884104624116,0.201782
"nomt_hooper_2024_study1","X129",1.84352869793794,0.208347
"nomt_hooper_2024_study1","X130",1.04884104624116,0.201782
"nomt_hooper_2024_study1","X131",2.08568815833964,0.212405
"nomt_hooper_2024_study1","X132",0.993565363852659,0.201701
"nomt_hooper_2024_study1","X133",0.0933083600617681,0.207305
"nomt_hooper_2024_study1","X134",2.68034524856105,0.226741
"nomt_hooper_2024_study1","X135",0.938324359976788,0.201668
"nomt_hooper_2024_study1","X136",1.66779863161895,0.206016
"nomt_hooper_2024_study1","X137",0.0933083600617681,0.207305
"nomt_hooper_2024_study1","X138",1.10418069824918,0.201912
"nomt_hooper_2024_study1","X139",0.550138825172821,0.202812
"nomt_hooper_2024_study1","X140",2.4055695761214,0.219319
"nomt_hooper_2024_study1","X141",1.3267730486037,0.202926
"nomt_hooper_2024_study1","X142",1.21517004772523,0.202319
"nomt_hooper_2024_study1","X143",1.4392370892797,0.203738
"nomt_hooper_2024_study1","X144",-2.84099924919226,0.340768
"nomt_hooper_2024_study1","X145",-1.91507307917782,0.274817
"nomt_hooper_2024_study1","X146",-2.02502331527225,0.281267
"nomt_hooper_2024_study1","X147",-3.01701474533265,0.356595
"nomt_hooper_2024_study1","X148",-3.01701474533265,0.356595
"nomt_hooper_2024_study1","X149",-3.01701474533265,0.356595
"nomt_hooper_2024_study1","X150",-3.67815944307661,0.427213
"nomt_hooper_2024_study1","X151",-1.61333662542295,0.258814
"nomt_hooper_2024_study1","X152",-2.02502331527225,0.281267
"nomt_hooper_2024_study1","X153",-2.26289965669263,0.296425
"nomt_hooper_2024_study1","X154",-1.26033637495786,0.243034
"nomt_hooper_2024_study1","X155",-1.91507307917782,0.274817
"nomt_hooper_2024_study1","X156",-2.3926300983602,0.305417
"nomt_hooper_2024_study1","X157",-2.14069477986781,0.288428
"nomt_hooper_2024_study1","X158",-2.53111596877527,0.31561
"nomt_hooper_2024_study1","X159",-2.67990777523281,0.327273
"nomt_hooper_2024_study1","X160",-2.02502331527225,0.281267
"nomt_hooper_2024_study1","X161",-1.61333662542295,0.258814
"nomt_hooper_2024_study1","X162",0.55013882517282,0.202812
"nomt_hooper_2024_study1","X163",-0.396051014588396,0.216114
"nomt_hooper_2024_study1","X164",-0.593303349181836,0.220914
"nomt_hooper_2024_study1","X165",0.381303186316982,0.204069
"nomt_hooper_2024_study1","X166",-0.730514537281844,0.224702
"nomt_hooper_2024_study1","X167",-0.801111525562669,0.226799
"nomt_hooper_2024_study1","X168",0.772517052467745,0.201862
"nomt_hooper_2024_study1","X169",-0.593303349181835,0.220914
"nomt_hooper_2024_study1","X170",-0.80111152556267,0.226799
"nomt_hooper_2024_study1","X171",0.0343802358681674,0.208141
"nomt_hooper_2024_study1","X172",-0.269338702665519,0.213418
"nomt_hooper_2024_study1","X173",0.49410894980812,0.203177
"nomt_hooper_2024_study1","X174",0.49410894980812,0.203177
"nomt_hooper_2024_study1","X175",0.717121886893943,0.202024
"nomt_hooper_2024_study1","X176",1.10418069824918,0.201912
"nomt_hooper_2024_study1","X177",0.49410894980812,0.203177
"nomt_hooper_2024_study1","X178",0.209715548892223,0.205829
"nomt_hooper_2024_study1","X179",0.151739540516399,0.206535
"nomt_hooper_2024_study1","X180",-1.52051777114632,0.254368
"nomt_hooper_2024_study1","X181",-0.593303349181835,0.220914
"nomt_hooper_2024_study1","X182",-0.332262667275415,0.214719
"nomt_hooper_2024_study1","X183",-1.02223135147415,0.234041
"nomt_hooper_2024_study1","X184",0.0933083600617679,0.207305
"nomt_hooper_2024_study1","X185",-0.661278772249031,0.222744
"nomt_hooper_2024_study1","X186",-0.873180231281684,0.229046
"nomt_hooper_2024_study1","X187",1.38288157818279,0.203306
"nomt_hooper_2024_study1","X188",1.38288157818279,0.203306
"nomt_hooper_2024_study1","X189",-0.332262667275415,0.214719
"nomt_hooper_2024_study1","X190",-1.34430434971822,0.246515
"nomt_hooper_2024_study1","X191",0.827829503079687,0.201748
"nomt_hooper_2024_study1","X192",-0.661278772249031,0.222744
"nomt_hooper_2024_study1","X193",0.49410894980812,0.203177
"nomt_hooper_2024_study1","X194",-0.593303349181835,0.220914
"nomt_hooper_2024_study1","X195",-0.0250887111733146,0.209046
"nomt_hooper_2024_study1","X196",-0.396051014588396,0.216114
"nomt_hooper_2024_study1","X197",1.32677304860369,0.202926
"nomt_hooper_2024_study1","X198",0.55013882517282,0.202812
"nomt_hooper_2024_study1","X199",0.66161410330605,0.202236
"nomt_hooper_2024_study1","X200",1.21517004772523,0.202319
"nomt_hooper_2024_study1","X201",0.324459915750834,0.204597
"nomt_hooper_2024_study1","X202",-0.269338702665518,0.213418
"nomt_hooper_2024_study1","X203",0.324459915750834,0.204597
"nomt_hooper_2024_study1","X204",-0.207216273228358,0.212204
"nomt_hooper_2024_study1","X205",-0.207216273228358,0.212204
"nomt_hooper_2024_study1","X206",0.772517052467744,0.201862
"nomt_hooper_2024_study1","X207",-0.526495825949858,0.219204
"nomt_hooper_2024_study1","X208",1.4392370892797,0.203738
"nomt_hooper_2024_study1","X209",-0.460771194307803,0.217607
"nomt_hooper_2024_study1","X210",0.0933083600617676,0.207305
"nomt_hooper_2024_study1","X211",1.15961378538559,0.202091
"nomt_hooper_2024_study1","X212",0.55013882517282,0.202812
"nomt_hooper_2024_study1","X213",1.66779863161895,0.206016
"nomt_hooper_2024_study1","X214",1.90313714442618,0.209254
"nomt_hooper_2024_study1","X215",0.324459915750834,0.204597
"nomt_hooper_2024_study2","X1",-2.6137745536934,0.268534
"nomt_hooper_2024_study2","X2",-2.42053218246279,0.253502
"nomt_hooper_2024_study2","X3",-2.71967874926954,0.277263
"nomt_hooper_2024_study2","X4",-4.26453433933349,0.453306
"nomt_hooper_2024_study2","X5",-3.76534289849687,0.385135
"nomt_hooper_2024_study2","X6",-0.0749588511636343,0.14166
"nomt_hooper_2024_study2","X7",-6.61944954503942,1.003077
"nomt_hooper_2024_study2","X8",-3.76534289849687,0.385135
"nomt_hooper_2024_study2","X9",-2.6137745536934,0.268534
"nomt_hooper_2024_study2","X10",-3.08688557197071,0.310426
"nomt_hooper_2024_study2","X11",-2.16719147632156,0.235448
"nomt_hooper_2024_study2","X12",-3.38945312093867,0.341429
"nomt_hooper_2024_study2","X13",-3.56599763771214,0.361202
"nomt_hooper_2024_study2","X14",-2.83298919164465,0.287005
"nomt_hooper_2024_study2","X15",-3.99454246677103,0.414903
"nomt_hooper_2024_study2","X16",-2.33176304845859,0.246969
"nomt_hooper_2024_study2","X17",-2.51431989962206,0.260656
"nomt_hooper_2024_study2","X18",-2.6137745536934,0.268534
"nomt_hooper_2024_study2","X19",-0.15809050558394,0.143905
"nomt_hooper_2024_study2","X20",-1.69056562616512,0.206083
"nomt_hooper_2024_study2","X21",-0.522966228194808,0.154973
"nomt_hooper_2024_study2","X22",0.00551689834536306,0.139578
"nomt_hooper_2024_study2","X23",-0.15809050558394,0.143905
"nomt_hooper_2024_study2","X24",-0.273517139873901,0.147189
"nomt_hooper_2024_study2","X25",1.9222457487205,0.112649
"nomt_hooper_2024_study2","X26",-0.333395178567351,0.14897
"nomt_hooper_2024_study2","X27",-0.960163222073419,0.171073
"nomt_hooper_2024_study2","X28",0.906626662672566,0.121913
"nomt_hooper_2024_study2","X29",-0.102362204562173,0.142389
"nomt_hooper_2024_study2","X30",0.0317921227857703,0.138918
"nomt_hooper_2024_study2","X31",-0.65893585373565,0.159631
"nomt_hooper_2024_study2","X32",1.0805064823789,0.119585
"nomt_hooper_2024_study2","X33",0.305045075229335,0.132595
"nomt_hooper_2024_study2","X34",0.328612866454596,0.132095
"nomt_hooper_2024_study2","X35",0.886837593088668,0.122198
"nomt_hooper_2024_study2","X36",-0.880645108100165,0.167897
"nomt_hooper_2024_study2","X37",-1.17400674311838,0.1802
"nomt_hooper_2024_study2","X38",-0.333395178567352,0.14897
"nomt_hooper_2024_study2","X39",-0.333395178567352,0.14897
"nomt_hooper_2024_study2","X40",-0.556175094849332,0.156082
"nomt_hooper_2024_study2","X41",0.806640764460827,0.1234
"nomt_hooper_2024_study2","X42",-0.589892667755146,0.157228
"nomt_hooper_2024_study2","X43",-0.65893585373565,0.159631
"nomt_hooper_2024_study2","X44",2.62643678664262,0.111991
"nomt_hooper_2024_study2","X45",1.5498105575993,0.114863
"nomt_hooper_2024_study2","X46",-0.215113586135084,0.145503
"nomt_hooper_2024_study2","X47",-2.16719147632156,0.235448
"nomt_hooper_2024_study2","X48",0.886837593088669,0.122198
"nomt_hooper_2024_study2","X49",0.443714662305719,0.129752
"nomt_hooper_2024_study2","X50",0.443714662305718,0.129752
"nomt_hooper_2024_study2","X51",-0.556175094849332,0.156082
"nomt_hooper_2024_study2","X52",0.0835645553197417,0.137644
"nomt_hooper_2024_study2","X53",-0.394851160900188,0.150855
"nomt_hooper_2024_study2","X54",1.49761112054732,0.11528
"nomt_hooper_2024_study2","X55",1.35621822124474,0.116543
"nomt_hooper_2024_study2","X56",1.42733658285218,0.115883
"nomt_hooper_2024_study2","X57",0.61941868732487,0.126485
"nomt_hooper_2024_study2","X58",0.351991955509539,0.131606
"nomt_hooper_2024_study2","X59",0.532774067348475,0.12805
"nomt_hooper_2024_study2","X60",0.0317921227857711,0.138918
"nomt_hooper_2024_study2","X61",1.26600566142308,0.117453
"nomt_hooper_2024_study2","X62",-0.130069565940834,0.143137
"nomt_hooper_2024_study2","X63",1.70413224302503,0.113785
"nomt_hooper_2024_study2","X64",-0.522966228194808,0.154973
"nomt_hooper_2024_study2","X65",2.33254456685188,0.111711
"nomt_hooper_2024_study2","X66",-1.26656403693045,0.184425
"nomt_hooper_2024_study2","X67",0.109076364269534,0.13703
"nomt_hooper_2024_study2","X68",0.806640764460827,0.1234
"nomt_hooper_2024_study2","X69",0.786319407762124,0.123715
"nomt_hooper_2024_study2","X70",1.11820230745881,0.119123
"nomt_hooper_2024_study2","X71",3.31899250900488,0.115843
"nomt_hooper_2024_study2","X72",0.159385585165873,0.135844
"nomt_hooper_2024_study2","X73",-3.08688557197071,0.310426
"nomt_hooper_2024_study2","X74",-1.87915750116486,0.217025
"nomt_hooper_2024_study2","X75",-2.16719147632156,0.235448
"nomt_hooper_2024_study2","X76",-2.83298919164465,0.287005
"nomt_hooper_2024_study2","X77",-2.95489252920715,0.297968
"nomt_hooper_2024_study2","X78",-1.81403526142083,0.21315
"nomt_hooper_2024_study2","X79",-4.5936497978922,0.505471
"nomt_hooper_2024_study2","X80",-2.71967874926954,0.277263
"nomt_hooper_2024_study2","X81",-3.08688557197071,0.310426
"nomt_hooper_2024_study2","X82",-4.26453433933349,0.453306
"nomt_hooper_2024_study2","X83",-3.99454246677103,0.414903
"nomt_hooper_2024_study2","X84",-3.56599763771214,0.361202
"nomt_hooper_2024_study2","X85",-5.60952672518266,0.711097
"nomt_hooper_2024_study2","X86",-3.23089388511168,0.324744
"nomt_hooper_2024_study2","X87",-3.99454246677103,0.414903
"nomt_hooper_2024_study2","X88",-3.76534289849687,0.385135
"nomt_hooper_2024_study2","X89",-2.95489252920715,0.297968
"nomt_hooper_2024_study2","X90",-3.99454246677103,0.414903
"nomt_hooper_2024_study2","X91",1.4625743183802,0.115574
"nomt_hooper_2024_study2","X92",-0.45799931932798,0.152852
"nomt_hooper_2024_study2","X93",0.532774067348474,0.12805
"nomt_hooper_2024_study2","X94",0.375187127831722,0.131128
"nomt_hooper_2024_study2","X95",2.02150606440048,0.112279
"nomt_hooper_2024_study2","X96",2.41405153335326,0.111709
"nomt_hooper_2024_study2","X97",1.88898784441731,0.112793
"nomt_hooper_2024_study2","X98",0.375187127831722,0.131128
"nomt_hooper_2024_study2","X99",2.20198587100029,0.111841
"nomt_hooper_2024_study2","X100",2.69212056180917,0.112162
"nomt_hooper_2024_study2","X101",1.68713818599372,0.113893
"nomt_hooper_2024_study2","X102",1.24777391780036,0.117647
"nomt_hooper_2024_study2","X103",0.576383864302599,0.127252
"nomt_hooper_2024_study2","X104",1.83891624921177,0.11303
"nomt_hooper_2024_study2","X105",2.02150606440047,0.112279
"nomt_hooper_2024_study2","X106",2.12014001512744,0.112002
"nomt_hooper_2024_study2","X107",1.26600566142308,0.117453
"nomt_hooper_2024_study2","X108",2.6100485085233,0.111954
"nomt_hooper_2024_study2","X109",0.554652565139782,0.127647
"nomt_hooper_2024_study2","X110",1.6016107844317,0.114476
"nomt_hooper_2024_study2","X111",2.99157008335363,0.113453
"nomt_hooper_2024_study2","X112",2.82428834869582,0.112629
"nomt_hooper_2024_study2","X113",1.24777391780036,0.117647
"nomt_hooper_2024_study2","X114",1.51505719231528,0.115137
"nomt_hooper_2024_study2","X115",1.83891624921177,0.11303
"nomt_hooper_2024_study2","X116",1.49761112054732,0.11528
"nomt_hooper_2024_study2","X117",1.15558680124044,0.118679
"nomt_hooper_2024_study2","X118",1.39188797427981,0.116205
"nomt_hooper_2024_study2","X119",2.79112944620999,0.112496
"nomt_hooper_2024_study2","X120",1.70413224302503,0.113785
"nomt_hooper_2024_study2","X121",1.3740813963517,0.116372
"nomt_hooper_2024_study2","X122",2.52826248535228,0.111809
"nomt_hooper_2024_study2","X123",1.7549098992875,0.113481
"nomt_hooper_2024_study2","X124",2.20198587100029,0.111841
"nomt_hooper_2024_study2","X125",1.6016107844317,0.114476
"nomt_hooper_2024_study2","X126",0.984810138356009,0.120826
"nomt_hooper_2024_study2","X127",1.6530417610146,0.114117
"nomt_hooper_2024_study2","X128",3.74193203622414,0.120515
"nomt_hooper_2024_study2","X129",1.78860109556911,0.113292
"nomt_hooper_2024_study2","X130",2.02150606440048,0.112279
"nomt_hooper_2024_study2","X131",2.2509863833262,0.111773
"nomt_hooper_2024_study2","X132",2.16927828921144,0.111898
"nomt_hooper_2024_study2","X133",2.4792862907083,0.111751
"nomt_hooper_2024_study2","X134",1.67010836676585,0.114003
"nomt_hooper_2024_study2","X135",1.7549098992875,0.113481
"nomt_hooper_2024_study2","X136",2.38144860098663,0.111702
"nomt_hooper_2024_study2","X137",3.40798132750589,0.116674
"nomt_hooper_2024_study2","X138",1.72109154968627,0.113681
"nomt_hooper_2024_study2","X139",1.6016107844317,0.114476
"nomt_hooper_2024_study2","X140",1.77177090721749,0.113385
"nomt_hooper_2024_study2","X141",3.83935497605938,0.121858
"nomt_hooper_2024_study2","X142",2.20198587100029,0.111841
"nomt_hooper_2024_study2","X143",2.20198587100029,0.111841
"nomt_hooper_2024_study2","X144",3.68455980562091,0.119772
"paampsmartsud_saba_2023_attendance","X1",0.254677339132336,0.385708
"paampsmartsud_saba_2023_attendance","X2",0.408312271862201,0.374701
"paampsmartsud_saba_2023_attendance","X3",0.332901944875036,0.37988
"paampsmartsud_saba_2023_attendance","X4",-0.959348694852648,0.553823
"paampsmartsud_saba_2023_attendance","X5",-0.146058176735369,0.422991
"paampsmartsud_saba_2023_attendance","X6",-0.0483448341415926,0.412698
"paampsmartsud_saba_2023_attendance","X7",-0.0964357560584588,0.41766
"paampsmartsud_saba_2023_attendance","X8",-0.00165497084375044,0.408067
"paampsmartsud_saba_2023_attendance","X9",0.173203826030848,0.392268
"paampsmartsud_saba_2023_attendance","X10",0.131091884872991,0.395856
"paampsmartsud_saba_2023_attendance","X11",-0.0483448341415929,0.412698
"pechorro_impulsivity_2021_rpq","X1",-0.245709977046141,0.285732
"pechorro_impulsivity_2021_rpq","X2",-0.272628307861312,0.282794
"pechorro_impulsivity_2021_rpq","X3",0.351176760754451,0.366812
"pechorro_impulsivity_2021_rpq","X4",0.533711419197744,0.400386
"pechorro_impulsivity_2021_rpq","X5",-0.609297534501819,0.249289
"pechorro_impulsivity_2021_rpq","X6",-0.754286843510145,0.236325
"pechorro_impulsivity_2021_rpq","X7",0.997034482967223,0.515603
"pinheiro_2023_srq","X1",-0.411420854460146,0.194781
"pinheiro_2023_srq","X2",0.432552550806207,0.219517
"pinheiro_2023_srq","X3",-0.364260466711245,0.195346
"pinheiro_2023_srq","X4",-0.187883540658981,0.198223
"pinheiro_2023_srq","X5",0.175440177150668,0.208339
"pinheiro_2023_srq","X6",1.06435203883481,0.266735
"pinheiro_2023_srq","X7",0.411449281529392,0.218455
"pinheiro_2023_srq","X8",1.48735716651798,0.321414
"pinheiro_2023_srq","X9",0.736837403031157,0.238177
"pinheiro_2023_srq","X10",-0.876147862745289,0.193598
"pinheiro_2023_srq","X11",-0.204196557713515,0.197905
"pinheiro_2023_srq","X12",0.736837403031157,0.238177
"pinheiro_2023_srq","X13",-1.11406652606751,0.19605
"pinheiro_2023_srq","X14",-0.986053667131631,0.194467
"pinheiro_2023_srq","X15",0.13861836948335,0.207032
"pinheiro_2023_srq","X16",1.0304029006304,0.26329
"pinheiro_2023_srq","X17",-1.52543465143452,0.205603
"pinheiro_2023_srq","X18",-0.300830939866722,0.196239
"pinheiro_2023_srq","X19",-0.0884977779088026,0.200402
"pinheiro_2023_srq","X20",-0.155054446316757,0.198897
"pks_probability","X1",-0.0538818097779921,0.172853
"pks_probability","X2",-0.559396514429077,0.20348
"pks_probability","X3",-0.319058703321911,0.187176
"pks_probability","X4",0.364452303844101,0.156773
"pks_probability","X5",0.195661994365626,0.162385
"pks_probability","X6",-0.256617273552856,0.183479
"pks_probability","X7",-0.256617273552856,0.183479
"pks_probability","X8",-0.559396514429077,0.20348
"pks_probability","X9",0.643318488008878,0.149854
"pks_probability","X10",0.842838637280921,0.146595
"pks_probability","X11",1.11670576739135,0.14436
"pks_probability","X12",0.88939405426961,0.146032
"pks_probability","X13",-0.675072791844138,0.28978
"pks_probability","X14",-0.996818719827453,0.357574
"pks_probability","X15",-0.425000130872943,0.251578
"pks_probability","X16",-0.00616103324749417,0.207538
"pks_probability","X17",0.0752726482802093,0.201202
"pks_probability","X18",-0.398618962832114,0.248139
"pks_probability","X19",-0.753027128093211,0.304048
"pks_probability","X20",-0.604565444259651,0.277904
"pks_probability","X21",0.460711258266189,0.178604
"pks_probability","X22",0.262758384460828,0.188806
"pks_probability","X23",0.635522379363749,0.171716
"pks_probability","X24",0.377596384509312,0.182557
"PPSRS_Caliciuri_2024","X1",0.369944885184684,0.123734
"PPSRS_Caliciuri_2024","X2",1.3596538460852,0.124612
"PPSRS_Caliciuri_2024","X3",0.853923571840546,0.122706
"PPSRS_Caliciuri_2024","X4",-0.414206604219028,0.131434
"PPSRS_Caliciuri_2024","X5",-0.560964712508181,0.133746
"PPSRS_Caliciuri_2024","X6",0.424272085631674,0.123479
"PPSRS_Caliciuri_2024","X7",-0.212902164593881,0.128721
"PPSRS_Caliciuri_2024","X8",-0.539661594937392,0.133392
"PPSRS_Caliciuri_2024","X9",-0.252475634261382,0.129213
"PPSRS_Caliciuri_2024","X10",-0.87346833516543,0.139654
"PPSRS_Caliciuri_2024","X11",-0.154115343056805,0.128027
"preschool_sel_akt","X1",0.0376065270441159,0.100397
"preschool_sel_akt","X2",-0.310716670093741,0.107165
"preschool_sel_akt","X3",-0.573691942405286,0.114295
"preschool_sel_akt","X4",1.66548752873946,0.098506
"preschool_sel_akt","X5",-0.0533017992689546,0.102279
"preschool_sel_akt","X6",-0.463319386772884,0.111747
"preschool_sel_akt","X7",-1.28298227141669,0.14867
"preschool_sel_akt","X8",-0.100676304944193,0.103506
"preschool_sel_akt","X9",-0.101426211115868,0.104366
"preschool_sel_akt","X10",-0.0395346312184176,0.101921
"preschool_sel_akt","X11",-0.121723985219247,0.10337
"preschool_sel_akt","X12",-0.262331164297374,0.106949
"preschool_sel_akt","X13",-0.1921949378891,0.105474
"preschool_sel_akt","X14",0.164781492572945,0.099562
"preschool_sel_akt","X15",-0.117250995531812,0.104338
"preschool_sel_akt","X16",1.14160608897827,0.094913
"preschool_sel_akt","X17",0.60966866283878,0.095673
"preschool_sel_box","X1",-1.20556807998457,0.107689
"preschool_sel_box","X2",-0.0280195273824545,0.0914
"preschool_sel_box","X3",-1.24717216658258,0.108654
"preschool_sel_box","X4",0.123628416789097,0.090537
"preschool_sel_box","X5",0.220947182726159,0.090227
"preschool_sel_box","X6",-0.428789107343497,0.094948
"preschool_sel_box","X7",-0.478869039700904,0.095345
"preschool_sel_box","X8",-0.125760751817013,0.092328
"preschool_sel_box","X9",-0.234387774345184,0.093172
"preschool_sel_box","X10",0.198986615634565,0.089896
"preschool_sel_box","X11",-0.10608383320279,0.091687
"preschool_sel_box","X12",0.279818635878228,0.089434
"preschool_sel_box","X13",0.0375332361813844,0.090657
"preschool_sel_box","X14",0.359171050746963,0.089172
"preschool_sel_box","X15",0.119152273614624,0.090173
"preschool_sel_box","X16",0.808836537038774,0.088968
"preschool_sel_box","X17",0.594999280633098,0.088793
"preschool_sel_box","X18",0.473804418266038,0.088914
"preschool_sel_box","X19",0.192557990317457,0.089801
"preschool_sel_box","X20",0.445214642532599,0.088965
"preschool_sel_dn","X1",-0.233898636251222,0.134482
"preschool_sel_dn","X2",-0.0147188859760646,0.133233
"preschool_sel_dn","X3",0.0781275568228316,0.133048
"preschool_sel_dn","X4",0.232748232361417,0.134718
"preschool_sel_dn","X5",0.0362748090167812,0.13312
"preschool_sel_dn","X6",0.148534798619669,0.133751
"preschool_sel_dn","X7",-0.218348561296257,0.13407
"preschool_sel_dn","X8",-0.0973315874804111,0.134118
"preschool_sel_dn","X9",-0.152928765489746,0.133954
"preschool_sel_dn","X10",-0.0489342569878129,0.133465
"preschool_sel_dn","X11",0.124671437385962,0.133719
"preschool_sel_dn","X12",0.101599743357448,0.133427
"preschool_sel_dn","X13",-0.0427583478582289,0.13295
"preschool_sel_dn","X14",0.0869624637756338,0.133193
"preschool_sel_htks","X1",0.0304292970627023,0.153579
"preschool_sel_htks","X2",0.0359851596120822,0.155157
"preschool_sel_htks","X3",-0.119601162706824,0.148333
"preschool_sel_htks","X4",0.0750758628028749,0.155304
"preschool_sel_htks","X5",0.0748519097795921,0.155379
"preschool_sel_htks","X6",-0.0480324754913479,0.151429
"preschool_sel_htks","X7",-0.0690860013615829,0.151028
"preschool_sel_htks","X8",-0.0105541622900249,0.152738
"preschool_sel_htks","X9",-0.00288367628357777,0.153187
"preschool_sel_htks","X10",0.0338152488761057,0.15462
"project_kids_told_grade","X1",-1.10273365368923,0.148248
"project_kids_told_grade","X2",0.477979940253768,0.111162
"project_kids_told_grade","X3",-0.360637321950015,0.123595
"project_kids_told_grade","X4",-0.736413299419036,0.135968
"project_kids_told_grade","X5",-0.225670763019521,0.12157
"project_kids_told_grade","X6",0.313959275914917,0.113369
"project_kids_told_grade","X7",0.170960226907267,0.115075
"project_kids_told_grade","X8",0.443218227322669,0.113
"project_kids_told_grade","X9",0.0653051713683674,0.117524
"project_kids_told_grade","X10",-0.145031469209391,0.122393
"project_kids_told_grade","X11",-1.22397807066833,0.149709
"project_kids_told_grade","X12",0.153022071293961,0.117701
"project_kids_told_grade","X13",0.656939540895222,0.113594
"project_kids_told_grade","X14",-0.448158233055013,0.133914
"project_kids_told_grade","X15",0.46237734394811,0.115206
"project_kids_told_grade","X16",0.949880071650781,0.114794
"project_kids_told_grade","X17",1.49010098181883,0.120332
"project_kids_told_grade","X18",2.25850388761126,0.141908
"project_kids_told_grade","X19",1.24195448026976,0.118613
"project_kids_told_grade","X20",1.48484449082688,0.124811
"project_kids_told_grade","X21",-0.791984590358165,0.132348
"project_kids_told_grade","X22",-0.911716444388902,0.136544
"project_kids_told_grade","X23",-0.422245019369663,0.121982
"project_kids_told_grade","X24",-1.40236241761449,0.158844
"project_kids_told_grade","X25",-1.23507213421125,0.151798
"project_kids_told_grade","X26",-0.73891261952134,0.132311
"project_kids_told_grade","X27",-0.749503091849892,0.133115
"project_kids_told_grade","X28",0.325373418242447,0.111749
"project_kids_topel","X1",0.566157453398982,0.110047
"project_kids_topel","X2",0.363683294210314,0.119
"project_kids_topel","X3",0.147615882789391,0.13434
"project_kids_topel","X4",-0.50963436336752,0.14624
"project_kids_topel","X5",-0.417016717344763,0.140666
"project_kids_topel","X6",0.296082575070154,0.110471
"project_kids_topel","X7",1.22019664163287,0.093193
"project_kids_topel","X8",0.013470069214282,0.12269
"project_kids_topel","X9",-0.0503806417177182,0.126816
"project_kids_topel","X10",-0.0840436093921519,0.132101
"project_kids_topel","X11",0.913089631604552,0.100386
"project_kids_topel","X12",0.365564495208421,0.116352
"project_kids_topel","X13",-0.887104503347766,0.174511
"project_kids_topel","X14",-1.10540171865453,0.195894
"project_kids_topel","X15",-0.825004169285412,0.169166
"project_kids_topel","X16",-0.508317839199616,0.147673
"project_kids_topel","X17",-0.560617115519172,0.151446
"project_kids_topel","X18",-0.396708967986277,0.142817
"project_kids_topel","X19",-0.386082695990568,0.143803
"project_kids_topel","X20",0.120934171381507,0.118546
"project_kids_topel","X21",-0.0445267406502279,0.126825
"project_kids_topel","X22",-0.0457908383180408,0.129061
"project_kids_topel","X23",-0.14043042406029,0.126868
"project_kids_topel","X24",-0.262397342268534,0.132701
"project_kids_topel","X25",-0.117512407743436,0.125843
"project_kids_topel","X26",0.182947975620869,0.116792
"project_kids_topel","X27",-0.467575087943518,0.156077
"project_kids_topel","X28",-0.0327140996506079,0.129874
"project_kids_topel","X29",0.187090183025419,0.121071
"project_kids_topel","X30",0.209425867017979,0.120622
"project_kids_topel","X31",0.483572433504464,0.111503
"project_kids_topel","X32",1.07476610099505,0.098083
"project_kids_topel","X33",0.056193271125889,0.132829
"project_kids_topel","X34",0.0867191400070018,0.132366
"project_kids_topel","X35",0.249110568105008,0.124065
"project_kids_topel","X36",0.304639528527986,0.122568
"protestant_workethic","X1",-1.88088874002294,0.185628
"protestant_workethic","X2",-1.03215413688074,0.126262
"protestant_workethic","X3",0.839704902860613,0.081205
"protestant_workethic","X4",-1.97387021104799,0.194522
"protestant_workethic","X5",-1.39480047359303,0.147421
"protestant_workethic","X6",2.76758247249849,0.117048
"protestant_workethic","X7",1.58305412757427,0.084405
"protestant_workethic","X8",0.721540395816891,0.081673
"protestant_workethic","X9",3.13334352257987,0.138585
"protestant_workethic","X10",-1.78050030163955,0.176654
"protestant_workethic","X11",1.42176483946088,0.082793
"protestant_workethic","X12",2.29767234774838,0.098809
"protestant_workethic","X13",-0.124475788968604,0.093393
"protestant_workethic","X14",-0.846515985570482,0.117418
"protestant_workethic","X15",-1.67561793415886,0.167922
"protestant_workethic","X16",-2.05583903665719,0.202867
"psychoneurotic_inventory","X1",-2.1022506359578,0.03073
"psychoneurotic_inventory","X2",-1.53653495461488,0.030212
"psychoneurotic_inventory","X3",1.44755750093624,0.036429
"psychoneurotic_inventory","X4",1.16643192638854,0.035116
"psychoneurotic_inventory","X5",-0.73463998320567,0.030361
"psychoneurotic_inventory","X6",2.16080299631504,0.040462
"psychoneurotic_inventory","X7",3.41150076077904,0.050929
"psychoneurotic_inventory","X8",-1.20838465274589,0.030169
"psychoneurotic_inventory","X9",0.522312380140451,0.032812
"psychoneurotic_inventory","X10",-3.87613359555483,0.036197
"psychoneurotic_inventory","X11",-0.0170746775566217,0.03142
"psychoneurotic_inventory","X12",0.295847045273185,0.032156
"psychoneurotic_inventory","X13",-0.0176760732108461,0.031408
"psychoneurotic_inventory","X14",2.03962862515189,0.039829
"psychoneurotic_inventory","X15",1.98623354804827,0.039436
"psychoneurotic_inventory","X16",1.21221643678199,0.035432
"psychoneurotic_inventory","X17",0.684219391399603,0.033353
"psychoneurotic_inventory","X18",-1.75879966730611,0.030443
"psychoneurotic_inventory","X19",-1.38734855248729,0.03021
"psychoneurotic_inventory","X20",-0.137300312702507,0.031262
"psychoneurotic_inventory","X21",-0.289933073075952,0.030974
"psychoneurotic_inventory","X22",-0.0554976772740334,0.031404
"psychoneurotic_inventory","X23",0.988818078153777,0.034496
"psychoneurotic_inventory","X24",0.435207371217928,0.032601
"psychoneurotic_inventory","X25",0.929845702005915,0.034301
"psychoneurotic_inventory","X26",5.53551464348155,0.081624
"psychoneurotic_inventory","X27",3.03238604854665,0.047316
"psychoneurotic_inventory","X28",4.4166531969572,0.063097
"psychoneurotic_inventory","X29",2.00156364298054,0.039545
"psychoneurotic_inventory","X30",-2.66983268472215,0.031938
"psychoneurotic_inventory","X31",-0.723770035724863,0.030473
"psychoneurotic_inventory","X32",1.33062937988517,0.035916
"psychoneurotic_inventory","X33",-1.61965269029084,0.03028
"psychoneurotic_inventory","X34",-3.90437090619593,0.036358
"psychoneurotic_inventory","X35",-2.06866851744203,0.030728
"psychoneurotic_inventory","X36",1.42715269404123,0.036356
"psychoneurotic_inventory","X37",-1.82628512679313,0.030471
"psychoneurotic_inventory","X38",-1.84230776614144,0.030499
"psychoneurotic_inventory","X39",-4.33781816339585,0.038769
"psychoneurotic_inventory","X40",-4.08608793112071,0.037357
"psychoneurotic_inventory","X41",1.61190764171212,0.037315
"psychoneurotic_inventory","X42",0.245010173915375,0.032031
"psychoneurotic_inventory","X43",-1.3967168639357,0.030229
"psychoneurotic_inventory","X44",-1.99609821891807,0.030652
"psychoneurotic_inventory","X45",-3.02504905960965,0.032903
"psychoneurotic_inventory","X46",-3.12662754207025,0.033224
"psychoneurotic_inventory","X47",2.58463562486862,0.043657
"psychoneurotic_inventory","X48",1.75533544584916,0.038197
"psychoneurotic_inventory","X49",1.30196220167116,0.035895
"psychoneurotic_inventory","X50",2.12110861841373,0.040362
"psychoneurotic_inventory","X51",2.59952820165389,0.043729
"psychoneurotic_inventory","X52",2.61110978454046,0.043846
"psychoneurotic_inventory","X53",-0.410818259127205,0.030782
"psychoneurotic_inventory","X54",0.703403009832957,0.033422
"psychoneurotic_inventory","X55",1.22881526857777,0.035499
"psychoneurotic_inventory","X56",1.14250969599921,0.03505
"psychoneurotic_inventory","X57",3.75417706717729,0.054695
"psychoneurotic_inventory","X58",0.640836899905867,0.033253
"psychoneurotic_inventory","X59",-1.00929877777651,0.030269
"psychoneurotic_inventory","X60",-0.854535538198327,0.030343
"psychoneurotic_inventory","X61",-0.151738196551762,0.031218
"psychoneurotic_inventory","X62",1.34493656146032,0.036009
"psychoneurotic_inventory","X63",1.46376952673163,0.036604
"psychoneurotic_inventory","X64",1.65363358717566,0.037534
"psychoneurotic_inventory","X65",2.02018338028443,0.039718
"psychoneurotic_inventory","X66",1.72249898678915,0.037957
"psychoneurotic_inventory","X67",-1.58443108893845,0.030325
"psychoneurotic_inventory","X68",-2.23644373591194,0.031025
"psychoneurotic_inventory","X69",-2.57118969974203,0.031721
"psychoneurotic_inventory","X70",-1.67564125597597,0.030354
"psychoneurotic_inventory","X71",-1.9181471987948,0.030568
"psychoneurotic_inventory","X72",-0.179942273141691,0.031162
"psychoneurotic_inventory","X73",-1.7062319344664,0.030386
"psychoneurotic_inventory","X74",-1.91023771735216,0.030572
"psychoneurotic_inventory","X75",-1.85090019258283,0.03052
"psychoneurotic_inventory","X76",-3.42244903216664,0.03428
"psychoneurotic_inventory","X77",0.851629274422672,0.033937
"psychoneurotic_inventory","X78",0.0753726200996736,0.031658
"psychoneurotic_inventory","X79",0.503626403976499,0.032795
"psychoneurotic_inventory","X80",1.18045444945072,0.035294
"psychoneurotic_inventory","X81",-0.546260229615131,0.030585
"psychoneurotic_inventory","X82",3.01614963478861,0.047212
"psychoneurotic_inventory","X83",1.57734584013194,0.037182
"psychoneurotic_inventory","X84",2.33214105440452,0.041817
"psychoneurotic_inventory","X85",-1.34079053593408,0.030248
"psychoneurotic_inventory","X86",1.92503357643026,0.039164
"psychoneurotic_inventory","X87",1.16962293880772,0.035252
"psychoneurotic_inventory","X88",2.35037396226596,0.041872
"psychoneurotic_inventory","X89",-1.29358163512373,0.030222
"psychoneurotic_inventory","X90",-3.94430452185069,0.036583
"psychoneurotic_inventory","X91",-4.138950168077,0.037666
"psychoneurotic_inventory","X92",-0.396697543816328,0.030819
"psychoneurotic_inventory","X93",-1.90150980186001,0.030603
"psychoneurotic_inventory","X94",-1.91135558061457,0.030627
"psychoneurotic_inventory","X95",-0.579533594684164,0.030587
"psychoneurotic_inventory","X96",-2.95479506964082,0.03271
"psychoneurotic_inventory","X97",-1.07322682752126,0.030235
"psychoneurotic_inventory","X98",-0.564865614654687,0.030601
"psychoneurotic_inventory","X99",-0.473012063464842,0.030724
"psychoneurotic_inventory","X100",-0.386379410408249,0.030826
"psychoneurotic_inventory","X101",7.76706139375037,0.141508
"psychoneurotic_inventory","X102",4.2069926595599,0.060389
"psychoneurotic_inventory","X103",6.09012976860861,0.093366
"psychoneurotic_inventory","X104",3.24197449124474,0.049413
"psychoneurotic_inventory","X105",-0.282454960937212,0.031059
"psychoneurotic_inventory","X106",-0.649935853195277,0.030516
"psychoneurotic_inventory","X107",0.11533105102568,0.031797
"psychoneurotic_inventory","X108",-1.21506688119619,0.030226
"psychoneurotic_inventory","X109",0.891676888317658,0.034084
"psychoneurotic_inventory","X110",2.3599808501356,0.041942
"psychoneurotic_inventory","X111",0.205953482290751,0.032023
"psychoneurotic_inventory","X112",-0.937326529262474,0.030289
"psychoneurotic_inventory","X113",-4.76229767507887,0.041479
"psychoneurotic_inventory","X114",-4.22484582195615,0.038074
"psychoneurotic_inventory","X115",-1.7216543507302,0.030369
"psychoneurotic_inventory","X116",-2.86502445235317,0.032383
"PTAM_Kretzschmar_2017_Reasoning","X1",0.491638683239441,0.159083
"PTAM_Kretzschmar_2017_Reasoning","X2",-0.0315196839134392,0.162577
"PTAM_Kretzschmar_2017_Reasoning","X3",0.662818423759418,0.159159
"PTAM_Kretzschmar_2017_Reasoning","X4",2.37145480327311,0.195999
"PTAM_Kretzschmar_2017_Reasoning","X5",-1.6802376979419,0.21752
"PTAM_Kretzschmar_2017_Reasoning","X6",-0.940603340315515,0.183274
"PTAM_Kretzschmar_2017_Reasoning","X7",-0.687429716464076,0.175442
"PTAM_Kretzschmar_2017_Reasoning","X8",2.23838282241125,0.190368
"PTAM_Kretzschmar_2017_Reasoning","X9",0.662818423759418,0.159159
"PTAM_Kretzschmar_2017_Reasoning","X10",0.448815950707757,0.159157
"PTAM_Kretzschmar_2017_Reasoning","X11",-0.582108220177867,0.172683
"PTAM_Kretzschmar_2017_Reasoning","X12",-0.940603340315516,0.183274
"PTAM_Kretzschmar_2017_Reasoning","X13",-0.285410346557188,0.166373
"PTAM_Kretzschmar_2017_Reasoning","X14",-0.309226036204983,0.166803
"PTAM_Kretzschmar_2017_Reasoning","X15",0.448815950707757,0.159157
"PTAM_Kretzschmar_2017_Reasoning","X16",0.662818423759418,0.159159
"PTAM_Kretzschmar_2017_Reasoning","X17",-1.63325837251209,0.225539
"PTAM_Kretzschmar_2017_Reasoning","X18",-0.297760967594245,0.174214
"PTAM_Kretzschmar_2017_Reasoning","X19",0.17798171731378,0.167516
"PTAM_Kretzschmar_2017_Reasoning","X20",0.368681075445411,0.166242
"PTAM_Kretzschmar_2017_Reasoning","X21",0.486553018061089,0.165846
"PTAM_Kretzschmar_2017_Reasoning","X22",0.368681075445411,0.166242
"PTAM_Kretzschmar_2017_Reasoning","X23",0.887139695230141,0.166722
"PTAM_Kretzschmar_2017_Reasoning","X24",0.69800814177241,0.165879
"PTAM_Kretzschmar_2017_Reasoning","X25",1.05523514732084,0.168124
"PTAM_Kretzschmar_2017_Reasoning","X26",1.4839069461003,0.174605
"PTAM_Kretzschmar_2017_Reasoning","X27",-0.117306833880562,0.171065
"PTAM_Kretzschmar_2017_Reasoning","X28",-2.1222644383542,0.260774
"PTAM_Kretzschmar_2017_Reasoning","X29",3.72619467887701,0.304612
"PTAM_Kretzschmar_2017_Reasoning","X30",-2.05957250291517,0.255614
"PTAM_Kretzschmar_2017_Reasoning","X31",-0.658514491152275,0.182896
"PTAM_Kretzschmar_2017_Reasoning","X32",-0.778851056448937,0.186551
"PTAM_Kretzschmar_2017_Reasoning","X33",-1.14383084038901,0.200211
"PTAM_Kretzschmar_2017_Reasoning","X34",-0.937675814710892,0.192001
"PTAM_Kretzschmar_2017_Reasoning","X35",-1.25492022088716,0.205204
"PTAM_Kretzschmar_2017_Reasoning","X36",-0.778851056448937,0.186551
"rdatasets_gssabortion","X1",0.688472092902901,0.078431
"rdatasets_gssabortion","X2",-0.590547391314251,0.078417
"rdatasets_gssabortion","X3",-1.08174959458123,0.089081
"rdatasets_gssabortion","X4",0.57626868394679,0.072792
"rdatasets_gssabortion","X5",0.457929868851258,0.072434
"rdatasets_gssabortion","X6",-0.670282286532044,0.080306
"rdatasets_gssabortion","X7",0.619908626726575,0.073141
"rightwing_authoritariansim","X1",-1.69356890710044,0.095056
"rightwing_authoritariansim","X2",-1.22762112194708,0.075963
"rightwing_authoritariansim","X3",0.768323886896653,0.043359
"rightwing_authoritariansim","X4",-1.73414490505124,0.097047
"rightwing_authoritariansim","X5",-1.38653290029244,0.081762
"rightwing_authoritariansim","X6",2.71896441863288,0.05982
"rightwing_authoritariansim","X7",1.46065258994445,0.043825
"rightwing_authoritariansim","X8",0.938596114413212,0.04301
"rightwing_authoritariansim","X9",3.16363569405257,0.073146
"rightwing_authoritariansim","X10",-1.69798634011713,0.09527
"rightwing_authoritariansim","X11",1.40770013394875,0.043612
"rightwing_authoritariansim","X12",2.31852701372105,0.052
"rightwing_authoritariansim","X13",-0.333514207367718,0.053736
"rightwing_authoritariansim","X14",-0.891544965352274,0.065731
"rightwing_authoritariansim","X15",-1.63392658118461,0.092235
"rightwing_authoritariansim","X16",-2.17755992319664,0.1234
"roar_gijbels2024","X1",-0.983078911283828,0.289287
"roar_gijbels2024","X2",-0.128810425149294,0.212934
"roar_gijbels2024","X3",-0.128810425149294,0.212934
"roar_gijbels2024","X4",0.257814870643832,0.193396
"roar_gijbels2024","X5",-0.0233100015886476,0.206896
"roar_gijbels2024","X6",-0.242308824310874,0.220102
"roar_gijbels2024","X7",0.27936235040246,0.192502
"roar_gijbels2024","X8",-0.128810425149294,0.212934
"roar_gijbels2024","X9",0.191642804763831,0.196262
"roar_gijbels2024","X10",-0.0490198686963585,0.208315
"roar_gijbels2024","X11",0.910465526229735,0.173503
"roar_gijbels2024","X12",0.521462250000412,0.183654
"roar_gijbels2024","X13",-0.376727166615102,0.247819
"roar_gijbels2024","X14",-0.272144622363987,0.22211
"roar_gijbels2024","X15",-0.501797991073456,0.239471
"roar_gijbels2024","X16",-0.614478273546014,0.249354
"roar_gijbels2024","X17",-0.272144622363987,0.22211
"roar_gijbels2024","X18",-0.398435421027065,0.231222
"roar_gijbels2024","X19",-0.302633531898707,0.224217
"roar_gijbels2024","X20",-0.50984123936972,0.239152
"roar_gijbels2024","X21",-0.311307428418324,0.223884
"roar_gijbels2024","X22",-0.474555848633979,0.23624
"roar_gijbels2024","X23",-0.88580945840593,0.27639
"roar_gijbels2024","X24",0.0169917719576795,0.203865
"roar_gijbels2024","X25",-0.280922624183649,0.221774
"roar_gijbels2024","X26",0.509231041153811,0.18326
"roar_gijbels2024","X27",-0.790896346976213,0.265824
"roar_gijbels2024","X28",-0.37419823161621,0.228435
"roar_gijbels2024","X29",0.0414259263046321,0.202599
"roar_gijbels2024","X30",-0.311307428418324,0.223884
"roar_gijbels2024","X31",-0.165562106209303,0.214264
"roar_gijbels2024","X32",0.246895092576694,0.193025
"roar_gijbels2024","X33",0.0655026742334306,0.20138
"roar_gijbels2024","X34",-0.936587973911617,0.282405
"roar_gijbels2024","X35",-0.583579847634924,0.245534
"roar_gijbels2024","X36",-0.474555848633979,0.23624
"roar_gijbels2024","X37",-0.0330144603259193,0.206544
"roar_gijbels2024","X38",0.812616524911587,0.174874
"roar_gijbels2024","X39",0.392283587718194,0.187299
"roar_gijbels2024","X40",0.691910528504568,0.177868
"roar_gijbels2024","X41",1.42174818905568,0.165924
"roar_gijbels2024","X42",0.620450106508801,0.17985
"roar_gijbels2024","X43",0.761510103728324,0.176089
"roar_gijbels2024","X44",-0.00781594398869312,0.205179
"roar_gijbels2024","X45",0.181025578410708,0.195895
"roar_gijbels2024","X46",-0.111145667309707,0.210983
"roar_gijbels2024","X47",-0.583579847634924,0.245534
"roar_gijbels2024","X48",0.310525845338924,0.190419
"roar_gijbels2024","X49",0.268341813081787,0.192128
"roar_gijbels2024","X50",0.372151590826667,0.188044
"roar_gijbels2024","X51",-0.00781594398869312,0.205179
"roar_gijbels2024","X52",-0.0586222007316965,0.207964
"roar_gijbels2024","X53",0.656427239153751,0.178832
"roar_gijbels2024","X54",0.0655026742334306,0.20138
"roar_gijbels2024","X55",0.691910528504568,0.177868
"roar_gijbels2024","X56",0.470940875428887,0.184529
"roar_gijbels2024","X57",0.565489462935322,0.181484
"spelling_assessment_study1","X1",0.630883609879803,0.100892
"spelling_assessment_study1","X2",-0.357702897816315,0.103669
"spelling_assessment_study1","X3",-1.35528023521489,0.125182
"spelling_assessment_study1","X4",-0.832989624906343,0.111113
"spelling_assessment_study1","X5",0.526216295928303,0.100381
"spelling_assessment_study1","X6",0.334291204011308,0.100016
"spelling_assessment_study1","X7",1.31130232859868,0.108318
"spelling_assessment_study1","X8",-0.730865273448031,0.109124
"spelling_assessment_study1","X9",-1.57246310080884,0.133335
"spelling_assessment_study1","X10",-0.968152955666242,0.114324
"spelling_assessment_study1","X11",-0.398765449432865,0.104127
"spelling_assessment_study1","X12",-1.57322097575974,0.133314
"spelling_assessment_study1","X13",0.51245491750136,0.100385
"spelling_assessment_study1","X14",0.551158639534168,0.100472
"spelling_assessment_study1","X15",-0.0197830981666278,0.100889
"spelling_assessment_study1","X16",1.7568334604934,0.118311
"spelling_assessment_study1","X17",0.519989574855867,0.10036
"spelling_assessment_study1","X18",-1.08932328032433,0.117149
"spelling_assessment_study1","X19",-0.618160614389239,0.107185
"spelling_assessment_study1","X20",-1.57322097575974,0.133314
"spelling_assessment_study1","X21",-1.39862226988364,0.126682
"spelling_assessment_study1","X22",0.61379918326959,0.100744
"spelling_assessment_study1","X23",0.972401936623278,0.103631
"spelling_assessment_study1","X24",0.653102550332938,0.101003
"spelling_assessment_study1","X25",-0.453908866889965,0.10481
"spelling_assessment_study1","X26",0.468216607121523,0.100275
"spelling_assessment_study1","X27",0.61887607057701,0.100817
"spelling_assessment_study1","X28",0.24409272978768,0.100117
"spelling_assessment_study1","X29",-0.798696951240319,0.110512
"spelling_assessment_study1","X30",-0.277020442599362,0.102847
"spelling_assessment_study1","X31",0.79864568701074,0.101923
"spelling_assessment_study1","X32",-0.324333448268894,0.103294
"spelling_assessment_study1","X33",0.379504368916462,0.100114
"spelling_assessment_study1","X34",-0.761028214939481,0.109728
"spelling_assessment_study1","X35",0.569905527087485,0.100547
"spelling_assessment_study1","X36",2.37970191269685,0.140653
"spelling_assessment_study1","X37",0.549870614492256,0.100516
"spelling_assessment_study1","X38",0.963552855784878,0.103462
"spelling_assessment_study1","X39",-1.48917151398958,0.13
"spelling_assessment_study1","X40",1.01976253756014,0.104166
"spelling_assessment_study1","X41",-0.0450617503667404,0.101029
"spelling_assessment_study1","X42",0.470287537611076,0.100214
"spelling_assessment_study1","X43",-0.146849896124104,0.101716
"spelling_assessment_study1","X44",-0.632905201216508,0.107424
"spelling_assessment_study1","X45",1.39539099327589,0.109866
"spelling_assessment_study1","X46",1.86521861383505,0.121389
"spelling_assessment_study1","X47",0.65161280384219,0.100939
"spelling_assessment_study1","X48",-0.759305557141676,0.109749
"spelling_assessment_study1","X49",0.632682380242372,0.100839
"spelling_assessment_study1","X50",-0.906545259446276,0.112687
"spelling_assessment_study1","X51",0.632682380242372,0.100839
"spelling_assessment_study1","X52",-0.198965076063964,0.102112
"spelling_assessment_study1","X53",-0.00641824356537041,0.100852
"spelling_assessment_study1","X54",0.664260803176916,0.10101
"spelling_assessment_study1","X55",-1.0528712841372,0.11621
"spelling_assessment_study1","X56",0.457889365632913,0.100183
"spelling_assessment_study1","X57",0.501329047582397,0.1003
"spelling_assessment_study1","X58",-0.185970355072643,0.102005
"spelling_assessment_study1","X59",-0.257381595326279,0.102652
"spelling_assessment_study1","X60",-1.10627681610056,0.117998
"spelling_assessment_study1","X61",0.36006659060229,0.100074
"spelling_assessment_study1","X62",0.0242510330353144,0.10067
"spelling_assessment_study1","X63",-1.02646084246737,0.115523
"spelling_assessment_study1","X64",0.396022722455217,0.100069
"spelling_assessment_study1","X65",1.10076851652481,0.105108
"spelling_assessment_study1","X66",-2.54627929965263,0.192607
"spelling_assessment_study1","X67",-0.446455243132009,0.104739
"spelling_assessment_study1","X68",-0.841039689454102,0.111279
"spelling_assessment_study1","X69",0.571092859719256,0.100598
"spelling_assessment_study1","X70",-0.777437471404416,0.110003
"spelling_assessment_study1","X71",-0.385117934097983,0.103967
"spelling_assessment_study1","X72",1.04219536443606,0.104567
"spelling_assessment_study1","X73",-1.80126611563539,0.143544
"spelling_assessment_study1","X74",0.433120234241098,0.10013
"spelling_assessment_study1","X75",-0.371522872154195,0.10381
"spelling_assessment_study1","X76",0.0820382055357738,0.100486
"spelling_assessment_study1","X77",-0.366721097050176,0.103886
"spelling_assessment_study1","X78",-0.270767078547117,0.102771
"spelling_assessment_study1","X79",-0.61771689158651,0.107201
"spelling_assessment_study1","X80",0.414564082518757,0.100097
"spelling_assessment_study1","X81",0.297276721562399,0.100013
"spelling_assessment_study1","X82",1.28875351976327,0.107933
"spelling_assessment_study1","X83",0.880036140787809,0.102705
"spelling_assessment_study1","X84",0.496090169608615,0.100398
"spelling_assessment_study1","X85",0.85567676295524,0.102473
"spelling_assessment_study1","X86",-0.426223541151996,0.10446
"spelling_assessment_study1","X87",0.284937988231119,0.100017
"spelling_assessment_study1","X88",1.54105664042956,0.112844
"spelling_assessment_study1","X89",-0.031777783705031,0.100982
"spelling_assessment_study1","X90",1.68427828317734,0.116386
"spelling_assessment_study1","X91",-1.09543542783406,0.117462
"spelling_assessment_study1","X92",1.45917572894407,0.111102
"spelling_assessment_study1","X93",-0.327063028894207,0.103403
"spelling_assessment_study1","X94",0.0680583384002442,0.100484
"spelling_assessment_study1","X95",1.06594055811236,0.104658
"spelling_assessment_study1","X96",-1.02293912257508,0.115559
"spelling_assessment_study1","X97",0.987845734265615,0.103811
"spelling_assessment_study1","X98",0.0179751952257302,0.100699
"spelling_assessment_study1","X99",-1.92395265656966,0.149862
"spelling_assessment_study1","X100",1.3801993678902,0.109558
"spelling_assessment_study1","X101",-0.0324111819867638,0.100957
"spelling_assessment_study1","X102",1.39512674836369,0.109873
"spelling_assessment_study1","X103",-1.27608944296482,0.122741
"spelling_assessment_study1","X104",0.421912992600066,0.100155
"spelling_assessment_study1","X105",0.923383091059349,0.103044
"spelling_assessment_study1","X106",-2.09662786015142,0.159827
"spelling_assessment_study1","X107",-1.94016260890407,0.150743
"spelling_assessment_study1","X108",-0.331038673003658,0.103365
"spelling_assessment_study1","X109",-1.27199304096172,0.122456
"spelling_assessment_study2","X1",0.559231441325595,0.097702
"spelling_assessment_study2","X2",-0.374676586678963,0.107181
"spelling_assessment_study2","X3",0.78399422045888,0.097727
"spelling_assessment_study2","X4",0.108249789864456,0.100225
"spelling_assessment_study2","X5",0.648905099790341,0.097605
"spelling_assessment_study2","X6",-0.486741422803856,0.109251
"spelling_assessment_study2","X7",-1.55984777944178,0.151701
"spelling_assessment_study2","X8",-1.14070953782244,0.129996
"spelling_assessment_study2","X9",-0.30280153038511,0.105717
"spelling_assessment_study2","X10",0.493676511035456,0.097804
"spelling_assessment_study2","X11",-0.0369106616434931,0.101713
"spelling_assessment_study2","X12",1.51324300496767,0.103701
"spelling_assessment_study2","X13",-0.0699859599367454,0.102141
"spelling_assessment_study2","X14",-1.15626027107351,0.130475
"spelling_assessment_study2","X15",1.0662700106176,0.098943
"spelling_assessment_study2","X16",0.46068874908885,0.097954
"spelling_assessment_study2","X17",0.600528201272918,0.097664
"spelling_assessment_study2","X18",0.0513699520127701,0.100678
"spelling_assessment_study2","X19",-0.928905589626766,0.121756
"spelling_assessment_study2","X20",-0.429385843323515,0.108103
"spelling_assessment_study2","X21",0.837392185364379,0.09779
"spelling_assessment_study2","X22",-0.21944334601286,0.104279
"spelling_assessment_study2","X23",0.200170713154936,0.099357
"spelling_assessment_study2","X24",-0.688418364073228,0.114487
"spelling_assessment_study2","X25",0.246618440074054,0.099007
"spelling_assessment_study2","X26",0.27240429712192,0.098881
"spelling_assessment_study2","X27",0.635352773733514,0.097633
"spelling_assessment_study2","X28",-1.82347676510638,0.169744
"spelling_assessment_study2","X29",0.734954410705258,0.097708
"spelling_assessment_study2","X30",0.651065153734485,0.097645
"spelling_assessment_study2","X31",-0.228225330444762,0.104454
"spelling_assessment_study2","X32",-0.743202239748501,0.115757
"spelling_assessment_study2","X33",1.39750482452528,0.102085
"spelling_assessment_study2","X34",1.40790496813788,0.102165
"spelling_assessment_study2","X35",0.323511938439232,0.098526
"spelling_assessment_study2","X36",-0.670564542883436,0.113826
"spelling_assessment_study2","X37",0.503460841335024,0.097786
"spelling_assessment_study2","X38",-0.254126278181156,0.104773
"spelling_assessment_study2","X39",-0.674968371594896,0.11388
"spelling_assessment_study2","X40",0.554928346461145,0.097685
"spelling_assessment_study2","X41",-0.805938076490739,0.117625
"spelling_assessment_study2","X42",-0.326644097346938,0.106052
"spelling_assessment_study2","X43",-0.271891043143267,0.105084
"spelling_assessment_study2","X44",0.258428289789812,0.098988
"spelling_assessment_study2","X45",-0.93957654974099,0.122017
"spelling_assessment_study2","X46",-0.837966520482799,0.118646
"spelling_assessment_study2","X47",0.580504845046995,0.097738
"spelling_assessment_study2","X48",-0.577193464910692,0.111435
"spelling_assessment_study2","X49",0.576325885048461,0.097702
"spelling_assessment_study2","X50",-0.365169655849435,0.106849
"spelling_assessment_study2","X51",-0.247902396335186,0.104684
"spelling_assessment_study2","X52",-0.5404434448095,0.110482
"spelling_assessment_study2","X53",0.510114071669058,0.097824
"spelling_assessment_study2","X54",0.04548013369384,0.100792
"spelling_assessment_study2","X55",0.698959520703885,0.097597
"spelling_assessment_study2","X56",-0.583292393095374,0.111637
"spelling_assessment_study2","X57",-0.267129905715614,0.105062
"spelling_assessment_study2","X58",0.783580412234165,0.097705
"spelling_assessment_study2","X59",0.256317974939346,0.098911
"spelling_assessment_study2","X60",-0.992164544062176,0.123967
"spelling_assessment_study2","X61",0.922715251136706,0.098089
"spelling_assessment_study2","X62",0.00204210233780666,0.101272
"spelling_assessment_study2","X63",0.838697758244178,0.097875
"spelling_assessment_study2","X64",-1.19224087422831,0.132263
"spelling_assessment_study2","X65",0.94796087167567,0.098201
"spelling_assessment_study2","X66",0.809743289416702,0.097809
"spelling_assessment_study2","X67",0.793976399291518,0.097748
"spelling_assessment_study2","X68",0.704502469021116,0.097635
"spelling_assessment_study2","X69",0.604622059452722,0.097622
"spelling_assessment_study2","X70",-1.74945081924583,0.164336
"spelling_assessment_study2","X71",-0.520193816340222,0.110006
"spelling_assessment_study2","X72",-1.37954918434516,0.14113
"SPQVS_Barnby_2017_OLIFE","X1",-0.336847362902453,0.173385
"SPQVS_Barnby_2017_OLIFE","X2",-0.806332048997447,0.170421
"SPQVS_Barnby_2017_OLIFE","X3",0.231123630136587,0.183107
"SPQVS_Barnby_2017_OLIFE","X4",-0.135453012420564,0.176029
"SPQVS_Barnby_2017_OLIFE","X5",-0.222625448102496,0.17478
"SPQVS_Barnby_2017_OLIFE","X6",-0.942309804121852,0.170374
"SPQVS_Barnby_2017_OLIFE","X7",-0.860733697992776,0.170359
"SPQVS_Barnby_2017_OLIFE","X8",-0.504808761327987,0.171819
"SPQVS_Barnby_2017_OLIFE","X9",-0.642570786539512,0.170958
"SPQVS_Barnby_2017_OLIFE","X10",-1.32664389632476,0.172201
"SPQVS_Barnby_2017_OLIFE","X11",0.10516599340159,0.180333
"SPQVS_Barnby_2017_OLIFE","X12",0.395435222474625,0.187296
"SPQVS_Barnby_2017_OLIFE","X13",-0.642570786539512,0.170958
"SPQVS_Barnby_2017_OLIFE","X14",-0.5601058114545,0.171428
"SPQVS_Barnby_2017_OLIFE","X15",-0.642570786539512,0.170958
"SPQVS_Barnby_2017_OLIFE","X16",0.0437296267956921,0.179112
"SPQVS_Barnby_2017_OLIFE","X17",0.679129607119965,0.196144
"SPQVS_Barnby_2017_OLIFE","X18",-0.193724268460771,0.175176
"SPQVS_Barnby_2017_OLIFE","X19",0.136251922136075,0.180983
"SPQVS_Barnby_2017_OLIFE","X20",-0.135453012420564,0.176029
"SPQVS_Barnby_2017_OLIFE","X21",0.56924070621025,0.192464
"SPQVS_Barnby_2017_OLIFE","X22",0.0437296267956923,0.179112
"SPQVS_Barnby_2017_OLIFE","X23",1.04279444894193,0.210805
"SPQVS_Barnby_2017_OLIFE","X24",-0.365093585425557,0.173082
"SPQVS_Barnby_2017_OLIFE","X25",0.56924070621025,0.192464
"SPQVS_Barnby_2017_OLIFE","X26",0.295846776861908,0.184679
"SPQVS_Barnby_2017_OLIFE","X27",-0.308484527922065,0.173706
"SPQVS_Barnby_2017_OLIFE","X28",2.07816318276768,0.278463
"SPQVS_Barnby_2017_OLIFE","X29",-0.106066510799167,0.176487
"SPQVS_Barnby_2017_OLIFE","X30",0.641976943396264,0.194863
"SPQVS_Barnby_2017_OLIFE","X31",0.199218154371504,0.18237
"SPQVS_Barnby_2017_OLIFE","X32",-0.8335381830949,0.170383
"SPQVS_Barnby_2017_OLIFE","X33",-0.942309804121851,0.170374
"SPQVS_Barnby_2017_OLIFE","X34",1.27540405388389,0.222381
"SPQVS_Barnby_2017_OLIFE","X35",-0.308484527922064,0.173706
"SPQVS_Barnby_2017_OLIFE","X36",0.231123630136587,0.183107
"SPQVS_Barnby_2017_OLIFE","X37",-0.279998085735559,0.174046
"SPQVS_Barnby_2017_OLIFE","X38",0.605356050731841,0.193637
"SPQVS_Barnby_2017_OLIFE","X39",-0.969516100634586,0.170408
"SPQVS_Barnby_2017_OLIFE","X40",1.37694130235542,0.228027
"SPQVS_Barnby_2017_OLIFE","X41",-0.308484527922064,0.173706
"SPQVS_Barnby_2017_OLIFE","X42",1.85485375299478,0.260043
"timss_tam","X1",-0.490083337030507,0.07505
"timss_tam","X2",-0.448010559123457,0.074666
"timss_tam","X3",-0.162038687468748,0.072059
"timss_tam","X4",-0.434845144557139,0.074678
"timss_tam","X5",0.22184208780759,0.070142
"timss_tam","X6",0.545985754308229,0.074468
"timss_tam","X7",0.767149886064033,0.077223
"tma","X1",0.0858669968010313,0.035712
"tma","X2",0.686877845299929,0.03443
"tma","X3",-1.17706967231543,0.044713
"tma","X4",0.29096108272053,0.035128
"tma","X5",1.88795156825202,0.036922
"tma","X6",1.56038668559578,0.035551
"tma","X7",0.486974977409363,0.034751
"tma","X8",0.671175666701653,0.034494
"tma","X9",0.222625469691215,0.035329
"tma","X10",-0.390695876036818,0.038051
"tma","X11",1.16489461574207,0.03455
"tma","X12",1.38235909354325,0.034978
"tma","X13",1.07237832886012,0.03448
"tma","X14",0.961489351543324,0.034435
"tma","X15",-0.713179660172717,0.040357
"tma","X16",0.437197046259299,0.034783
"tma","X17",0.553222282290612,0.034547
"tma","X18",0.0165834033097467,0.035996
"tma","X19",-0.789323475642689,0.041002
"tma","X20",-1.75143958676057,0.052549
"tma","X21",-1.07334585930185,0.043668
"tma","X22",0.145659532196239,0.035538
"tma","X23",-0.107453741027257,0.036506
"tma","X24",0.641069159775572,0.034511
"tma","X25",-0.80677292423756,0.041148
"tma","X26",0.0636907820114547,0.0359
"tma","X27",-0.301435036481246,0.037583
"tma","X28",0.605721888407533,0.034528
"tma","X29",-0.158681336343696,0.036806
"tma","X30",-1.0508562015274,0.043488
"tma","X31",-1.47110859069098,0.048397
"tma","X32",-0.779210776429152,0.040898
"tma","X33",0.205111534461457,0.035378
"tma","X34",0.908767463481599,0.034325
"tma","X35",-0.715020777121269,0.040364
"tma","X36",-0.105072547167704,0.036587
"tma","X37",-1.28510642361023,0.046042
"tma","X38",-0.785316778809022,0.040998
"tma","X39",0.387086447643331,0.034972
"tma","X40",0.00726822850161091,0.036112
"tma","X41",-0.241074523106287,0.037284
"tma","X42",-0.238054282841442,0.037244
"tma","X43",-0.461852522395092,0.038582
"tma","X44",0.191845187649449,0.03542
"tma","X45",-0.0109481284695746,0.03609
"tma","X46",-1.31182848514456,0.046318
"tma","X47",-0.718280122220119,0.040341
"tma","X48",-0.510937200351061,0.038812
"tma","X49",1.32535278512471,0.034889
"tma","X50",0.991547104930844,0.034402
"Veterans_Affairs_SSVF_Survey_2018-20","X1",1.36391994010321,0.03935
"Veterans_Affairs_SSVF_Survey_2018-20","X2",2.50531695581157,0.064166
"Veterans_Affairs_SSVF_Survey_2018-20","X3",1.97050658953937,0.045482
"Veterans_Affairs_SSVF_Survey_2018-20","X4",1.80173765727929,0.04404
"Veterans_Affairs_SSVF_Survey_2018-20","X5",0.505027563239682,0.036236
"Veterans_Affairs_SSVF_Survey_2018-20","X6",-0.0334291301004002,0.036077
"Veterans_Affairs_SSVF_Survey_2018-20","X7",-0.0601705103854976,0.03654
"Veterans_Affairs_SSVF_Survey_2018-20","X8",0.181638929434979,0.037021
"Veterans_Affairs_SSVF_Survey_2018-20","X9",0.0624603350145465,0.037068
"Veterans_Affairs_SSVF_Survey_2018-20","X10",-0.0577932675200066,0.037091
"Veterans_Affairs_SSVF_Survey_2018-20","X11",0.727431563766918,0.038006
"Veterans_Affairs_SSVF_Survey_2018-20","X12",-0.990025310971501,0.040598
"Veterans_Affairs_SSVF_Survey_2018-20","X13",-2.75905054951031,0.065283
"Veterans_Affairs_SSVF_Survey_2018-20","X14",0.768373973709605,0.038089
"Veterans_Affairs_SSVF_Survey_2018-20","X15",-0.534722607340996,0.038028
"Veterans_Affairs_SSVF_Survey_2018-20","X16",-0.420516740523974,0.038126
"Veterans_Affairs_SSVF_Survey_2018-20","X17",-0.38588731742401,0.038018
"Veterans_Affairs_SSVF_Survey_2018-20","X18",-0.715110792631303,0.039278
"Veterans_Affairs_SSVF_Survey_2018-20","X19",-0.146351637028924,0.037551
"Veterans_Affairs_SSVF_Survey_2018-20","X20",-1.88195824572961,0.049574
"Veterans_Affairs_SSVF_Survey_2018-20","X21",-3.42982129578306,0.085196
"Veterans_Affairs_SSVF_Survey_2018-20","X22",0.40245549591951,0.037573
"Veterans_Affairs_SSVF_Survey_2018-20","X23",2.12212824093659,0.049444
"Veterans_Affairs_SSVF_Survey_2018-20","X24",0.37533488457108,0.037498
"Veterans_Affairs_SSVF_Survey_2018-20","X25",1.02289747605568,0.039614
"Veterans_Affairs_SSVF_Survey_2018-20","X26",-0.592387823055507,0.038779
"Veterans_Affairs_SSVF_Survey_2018-20","X27",-0.234390606434803,0.03775
"Veterans_Affairs_SSVF_Survey_2018-20","X28",1.12975120183744,0.040119
"Veterans_Affairs_SSVF_Survey_2018-20","X29",-0.460426523975683,0.038424
"Veterans_Affairs_SSVF_Survey_2018-20","X30",0.335836189924202,0.037597
"Veterans_Affairs_SSVF_Survey_2018-20","X31",-1.67287956196918,0.047085
"Veterans_Affairs_SSVF_Survey_2018-20","X32",-1.01670538865494,0.0412
"Veterans_Affairs_SSVF_Survey_2018-20","X33",0.116810311896045,0.037261
"vocabulary_iq","X1",-1.9373122560117,0.127166
"vocabulary_iq","X2",-0.437479645989141,0.064208
"vocabulary_iq","X3",-1.74879795947,0.116632
"vocabulary_iq","X4",1.82437277920635,0.040829
"vocabulary_iq","X5",-1.77224767382426,0.118275
"vocabulary_iq","X6",0.142984206109551,0.05321
"vocabulary_iq","X7",1.72766287354642,0.040321
"vocabulary_iq","X8",0.180021189613942,0.052674
"vocabulary_iq","X9",0.148385292005131,0.054738
"vocabulary_iq","X10",-1.23433062225066,0.089368
"vocabulary_iq","X11",-1.34434213635802,0.094566
"vocabulary_iq","X12",-0.336629905215849,0.062367
"vocabulary_iq","X13",-0.877173368991047,0.084867
"vocabulary_iq","X14",-1.85073366777503,0.124011
"vocabulary_iq","X15",-0.0945547660595283,0.058683
"vocabulary_iq","X16",-1.69541603720709,0.113193
"vocabulary_iq","X17",-1.06540164468988,0.08472
"vocabulary_iq","X18",1.22173269798005,0.045621
"vocabulary_iq","X19",0.567760891224254,0.056623
"vocabulary_iq","X20",0.0444539936948827,0.058813
"vocabulary_iq","X21",1.13331995752291,0.04688
"vocabulary_iq","X22",-1.39863747947008,0.097169
"vocabulary_iq","X23",-1.14977104350641,0.086376
"vocabulary_iq","X24",-0.173249756542288,0.061387
"vocabulary_iq","X25",1.32239769979132,0.042052
"vocabulary_iq","X26",-0.384208592840062,0.062164
"vocabulary_iq","X27",1.9926117166417,0.04855
"vocabulary_iq","X28",0.382706506300409,0.054884
"vocabulary_iq","X29",-0.0325849672868179,0.057303
"vocabulary_iq","X30",-0.523581119175745,0.066645
"vocabulary_iq","X31",-1.69858116773845,0.113554
"vocabulary_iq","X32",-0.764731078851536,0.072778
"vocabulary_iq","X33",-0.569576566055713,0.070397
"vocabulary_iq","X34",0.434891959547446,0.050064
"vocabulary_iq","X35",0.457726090763357,0.048004
"vocabulary_iq","X36",0.507635669266045,0.056223
"vocabulary_iq","X37",-0.737018731214035,0.078825
"vocabulary_iq","X38",1.38456732892482,0.052015
"vocabulary_iq","X39",0.670679455953549,0.047063
"vocabulary_iq","X40",1.55860631281269,0.042102
"vocabulary_iq","X41",0.873431864003632,0.045293
"vocabulary_iq","X42",1.27311419853385,0.044953
"vocabulary_iq","X43",1.91359393194828,0.051208
"vocabulary_iq","X44",1.38653344653896,0.044642
"vocabulary_iq","X45",0.677170124593767,0.044091
"wang_onlineriskexp_2025_interpersonalsecurity","X1",0.023707287068916,0.120221
"wang_onlineriskexp_2025_interpersonalsecurity","X2",-0.0438817244377336,0.121644
"wang_onlineriskexp_2025_interpersonalsecurity","X3",0.145367079309769,0.118016
"wang_onlineriskexp_2025_interpersonalsecurity","X4",0.956689658216553,0.114368
"wang_onlineriskexp_2025_interpersonalsecurity","X5",0.303800326018231,0.115809
"wang_onlineriskexp_2025_interpersonalsecurity","X6",-0.0825660671811094,0.122524
"wang_onlineriskexp_2025_interpersonalsecurity","X7",0.66879002678452,0.113466
"wang_onlineriskexp_2025_interpersonalsecurity","X8",-0.175112396387534,0.124827
"wang_onlineriskexp_2025_interpersonalsecurity","X9",-0.11416117072743,0.123279
"wang_onlineriskexp_2025_interpersonalsecurity","X10",-0.179260961794026,0.124937
"wang_onlineriskexp_2025_interpersonalsecurity","X11",-0.374500279836898,0.13076
"wang_onlineriskexp_2025_interpersonalsecurity","X12",-0.175112396387534,0.124827
"wang_onlineriskexp_2025_interpersonalsecurity","X13",-0.0669881483689898,0.122164
"wang_onlineriskexp_2025_interpersonalsecurity","X14",-0.360289457056218,0.130292
"wang_onlineriskexp_2025_interpersonalsecurity","X15",-0.00228387136528063,0.120751
"wang_onlineriskexp_2025_interpersonalsecurity","X16",0.113836621849392,0.118544
"wang_onlineriskexp_2025_interpersonalsecurity","X17",-0.835019381084714,0.149699
"wang_onlineriskexp_2025_interpersonalsecurity","X18",0.196984855380087,0.117216
"wooly_hartman2022","X1",0.0460164282090296,0.06081
"wooly_hartman2022","X2",0.234869285051821,0.061152
"wooly_hartman2022","X3",0.0209874449245134,0.060787
"wooly_hartman2022","X4",1.199637915172,0.067646
"wooly_hartman2022","X5",-0.250911686698958,0.060858
"wooly_hartman2022","X6",0.568618874233823,0.062474
"wooly_hartman2022","X7",1.78413732911209,0.076022
"wooly_hartman2022","X8",0.352946958158207,0.061514
"wooly_hartman2022","X9",0.825543289958802,0.06414
"wooly_hartman2022","X10",-2.60308396565655,0.118488
"wooly_hartman2022","X11",0.717458557414247,0.063368
"wooly_hartman2022","X12",1.5593765133997,0.072348
"wooly_hartman2022","X13",0.741608891579973,0.063532
"wooly_hartman2022","X14",0.662770087818843,0.063017
"wooly_hartman2022","X15",-0.0133954022990224,0.060763
"wooly_hartman2022","X16",-0.468947779954627,0.061349
"wooly_hartman2022","X17",-2.35186056323095,0.106934
"wooly_hartman2022","X18",-1.94094852089772,0.08489
"wooly_hartman2022","X19",-1.08482365629523,0.080053
"4thgrade_math_sirt","X1",-2.1062652311628,0.139957207282358
"4thgrade_math_sirt","X2",-0.20756014085598,0.0989878414809809
"4thgrade_math_sirt","X3",-0.0485887667051658,0.0984905566889606
"4thgrade_math_sirt","X4",0.48742810725824,0.0995951948129825
"4thgrade_math_sirt","X5",-0.535561646793245,0.10122297662721
"4thgrade_math_sirt","X6",-0.45176015518006,0.100493910820226
"4thgrade_math_sirt","X7",0.736632833368417,0.10162049223642
"4thgrade_math_sirt","X8",0.722439713388743,0.101477948645844
"4thgrade_math_sirt","X9",-1.22235620632605,0.111673524453225
"4thgrade_math_sirt","X10",0.148549570748805,0.0983956714159264
"4thgrade_math_sirt","X11",-0.671669264707744,0.102645961272232
"4thgrade_math_sirt","X12",-0.174264505051442,0.0988524581522006
"4thgrade_math_sirt","X13",-0.767745548418007,0.103833551569574
"4thgrade_math_sirt","X14",-1.12639104740941,0.109695282528415
"4thgrade_math_sirt","X15",-0.396661065142872,0.100074336568284
"4thgrade_math_sirt","X16",-0.403517993575557,0.100123990803285
"4thgrade_math_sirt","X17",-0.843605330384964,0.10488170953255
"4thgrade_math_sirt","X18",0.534981797668437,0.0999048005253149
"4thgrade_math_sirt","X19",-0.234282523325427,0.0991085287624536
"4thgrade_math_sirt","X20",0.413367750046252,0.0991833525224446
"4thgrade_math_sirt","X21",0.772333707748604,0.101993974178936
"4thgrade_math_sirt","X22",0.346624853716073,0.0988846760469101
"4thgrade_math_sirt","X23",0.487428107258239,0.099595194815254
"4thgrade_math_sirt","X24",0.0763089336266626,0.0983634355531652
"4thgrade_math_sirt","X25",0.638237318157291,0.100700798648789
"4thgrade_math_sirt","X26",0.39329235835229,0.0990863313550373
"4thgrade_math_sirt","X27",0.815611845181267,0.10247566957864
"4thgrade_math_sirt","X28",0.830150372376739,0.102644678961237
"4thgrade_math_sirt","X29",0.227504890241704,0.0985199069993008
"4thgrade_math_sirt","X30",1.55933726590096,0.116279069557767
"alcoholresearch_sumscore","X1",-0.56375131815266,0.191122294687004
"alcoholresearch_sumscore","X2",0.470635977304252,0.242043131899587
"alcoholresearch_sumscore","X3",0.891632501126839,0.282515484234747
"alcoholresearch_sumscore","X4",-0.171941255700137,0.204078073564481
"alcoholresearch_sumscore","X5",-1.16086144560597,0.182686974740078
"alcoholresearch_sumscore","X6",-1.12793437372329,0.182826651806791
"alcoholresearch_sumscore","X7",-0.193200393855607,0.20320284547008
"alcoholresearch_sumscore","X8",0.536938126145884,0.24745539272845
"alcoholresearch_sumscore","X9",0.030953166332671,0.213542414983465
"alcoholresearch_sumscore","X10",1.42948435404394,0.360898143351767
"alcoholresearch_sumscore","X11",0.261764453511641,0.227004355598349
"alcoholresearch_sumscore","X12",-1.83566350298821,0.188216569732966
"alcoholresearch_sumscore","X13",0.891632501126839,0.282515484235587
"alcoholresearch_sumscore","X14",0.571455745473605,0.25040423292004
"alcoholresearch_sumscore","X15",-0.0392304364900635,0.210033779222124
"alcoholresearch_sumscore","X16",0.571455745473605,0.250404232916653
"alcoholresearch_sumscore","X17",-1.92634264005974,0.190249334477579
"alcoholresearch_sumscore","X18",0.681342034658582,0.260421761017039
"alcoholresearch_sumscore","X19",-0.599980671213747,0.190241422904555
"alcoholresearch_sumscore","X20",1.28161143259156,0.335701895057016
"balance_mokken","X1",2.22131411959691,0.103609952953345
"balance_mokken","X2",2.08290182658091,0.102479676295476
"balance_mokken","X3",1.50678226694158,0.0991329689172165
"balance_mokken","X4",1.76524244405029,0.100367987647293
"balance_mokken","X5",2.29177557400342,0.104235435326647
"balance_mokken","X6",3.87048815633199,0.128065272295283
"balance_mokken","X7",4.44559025525643,0.142183889845572
"balance_mokken","X8",4.58498529847512,0.146124209752858
"balance_mokken","X9",4.03909031829475,0.131863227214408
"balance_mokken","X10",1.41139753232916,0.0987845388628868
"balance_mokken","X11",0.895127760543638,0.0978860971224011
"balance_mokken","X12",0.426875819328794,0.0985003342987591
"balance_mokken","X13",1.28519446452425,0.0984115073950668
"balance_mokken","X14",-1.62655109487997,0.118204979372507
"balance_mokken","X15",-2.12555807746182,0.127803611612323
"balance_mokken","X16",-0.710967898150198,0.105795116110691
"balance_mokken","X17",-0.584459943502716,0.104560770524073
"balance_mokken","X18",-0.974381245827699,0.10872573935338
"balance_mokken","X19",-0.710967898150198,0.105795116110254
"balance_mokken","X20",-0.747703660021041,0.106174354121423
"balance_mokken","X21",-3.6799213726416,0.173786498834748
"balance_mokken","X22",-4.71763462141625,0.222110251584951
"balance_mokken","X23",-5.08865733197447,0.243793780015273
"balance_mokken","X24",-4.55535795516952,0.213412579870239
"balance_mokken","X25",-5.30460473706175,0.257645479785345
"big5_sirt","X1",0.93272762767935,0.486536876632992
"big5_sirt","X2",-0.100222725853623,0.288892343496702
"big5_sirt","X3",0.796557357507533,0.450383112659686
"big5_sirt","X4",-1.03730526423332,0.201549006574596
"big5_sirt","X5",-1.03730526423331,0.201549006574376
"big5_sirt","X6",-0.668502023597806,0.230159592061258
"big5_sirt","X7",0.489339442086901,0.38185732202415
"big5_sirt","X8",-0.00993232544687972,0.300552913535756
"big5_sirt","X9",0.145303734004257,0.322546875730969
"big5_sirt","X10",0.489339442086901,0.381857322028518
"cdm_ecpe","X1",-0.502650663848684,0.0520834115996249
"cdm_ecpe","X2",0.443167232898978,0.0452153149499366
"cdm_ecpe","X3",0.0692970605122198,0.0472527570787202
"cdm_ecpe","X4",1.64887072166757,0.0437374140189838
"cdm_ecpe","X5",-0.153007525458246,0.0488675912487819
"cdm_ecpe","X6",0.484183870802949,0.0450404991832524
"cdm_ecpe","X7",-1.24864996117665,0.0622303516758674
"cdm_ecpe","X8",0.171638283556193,0.0466132302182351
"cdm_ecpe","X9",-1.29285450073131,0.0629956985309634
"cdm_ecpe","X10",-0.871711817195663,0.0564881237761548
"cdm_ecpe","X11",0.133624005645221,0.0468433646869908
"cdm_ecpe","X12",-0.732175986474646,0.0546911805830425
"cdm_ecpe","X13",1.50199825762747,0.0435229326038817
"cdm_ecpe","X14",-0.16236044118507,0.0489425598236101
"cdm_ecpe","X15",0.599552523937228,0.0445982170998423
"cdm_ecpe","X16",-0.576465223718504,0.0528767065460379
"cdm_ecpe","X17",1.1143038658651,0.0434784374709393
"cdm_ecpe","X18",0.663873489165627,0.044382810516581
"cdm_ecpe","X19",0.182124418348621,0.04655127306369
"cdm_ecpe","X20",1.57794370050168,0.043620180176976
"cdm_ecpe","X21",-0.641381409405342,0.0536094711320215
"cdm_ecpe","X22",0.878854809469627,0.0438209941014563
"cdm_ecpe","X23",0.163226726893028,0.0466634049721716
"cdm_ecpe","X24",-1.30922329155716,0.0632843140523624
"cdm_ecpe","X25",-0.947117371217652,0.0575299831538396
"cdm_ecpe","X26",0.0671308934941748,0.0472669845817471
"cdm_ecpe","X27",-1.44640957683023,0.0658171065542757
"cdm_ecpe","X28",0.184217908413489,0.0465389822241873
"cdm_hr","X1",-2.04078595632144,0.0618133339116163
"cdm_hr","X2",0.0489681090865086,0.054995237079183
"cdm_hr","X3",2.91095572691485,0.0729873638888862
"cdm_hr","X4",-0.173419145180046,0.0549521343378688
"cdm_hr","X5",-1.97454220453908,0.0613326522845236
"cdm_hr","X6",-0.75641032299925,0.0556812363622438
"cdm_hr","X7",-3.7042569564415,0.081033897673509
"cdm_hr","X8",-2.56188368152366,0.0662897179143184
"cdm_hr","X9",-0.263346653335806,0.0549849263676118
"cdm_hr","X10",1.98805958666364,0.0632564699049327
"cdm_hr","X11",-0.67398576091146,0.0555036005222043
"cdm_hr","X12",-1.56431054358618,0.0587715669900737
"cdm_hr","X13",4.45868103650164,0.100924129641015
"cdm_hr","X14",-2.01053962940052,0.0615914781734694
"cdm_hr","X15",-0.775888955017979,0.0557268432065985
"cdm_hr","X16",-0.315479216523925,0.0550171860605842
"cdm_hr","X17",-0.539323338941857,0.0552665285119544
"cdm_hr","X18",1.3145842190057,0.0586930063960926
"cdm_hr","X19",-0.410472699448518,0.0551010088379308
"cdm_hr","X20",0.940910413986536,0.0569710943004942
"cdm_hr","X21",1.1379550706173,0.0578103884668389
"cdm_hr","X22",2.15111283132509,0.0646656086448217
"cdm_hr","X23",-2.33752034019784,0.064207283914958
"cdm_hr","X24",2.24592215898325,0.0655430974461737
"cdm_hr","X25",-0.234935387756786,0.0549714405029383
"cdm_hr","X26",0.339527835835852,0.0553189644811898
"cdm_hr","X27",-0.0599062703228775,0.0549520298933633
"cdm_hr","X28",1.96264963436034,0.0630480275911673
"cdm_hr","X29",1.21219848604218,0.0581661756601708
"cdm_hr","X30",-2.49228272213243,0.0656177949698527
"cdm_hr","X31",-0.587277865737011,0.0553434197045595
"cdm_hr","X32",2.05237769532652,0.0637974317858721
"cdm_hr","X33",1.30371321500629,0.0586350613448186
"cdm_hr","X34",-1.13356782121108,0.0568141274834585
"cdm_hr","X35",0.542519451873571,0.0557267025450602
"cdm_pisa00R","X1",-0.222974092020018,0.0815697162534244
"cdm_pisa00R","X2",0.16749658018554,0.0801547231660075
"cdm_pisa00R","X3",0.99798790637735,0.083745781410795
"cdm_pisa00R","X4",-0.855363250611091,0.0883183468047291
"cdm_pisa00R","X5",0.00488049299608781,0.0805061726854619
"cdm_pisa00R","X6",-0.789415807476828,0.0873272806868795
"cdm_pisa00R","X7",0.0542435115495292,0.0803639556494689
"cdm_pisa00R","X8",1.29318783527493,0.0874511240472434
"cdm_pisa00R","X9",0.533490118150844,0.0805960553319336
"cdm_pisa00R","X10",-0.242672646560567,0.0816936237914793
"cdm_pisa00R","X11",-0.322262932835831,0.0822473510182866
"cdm_pisa00R","X12",0.00868564662842075,0.0804941039718873
"cdm_pisa00R","X13",-1.1738636465894,0.0942038162073201
"cdm_pisa00R","X14",-1.11356915355753,0.092941269592354
"cdm_pisa00R","X15",-0.427945388269961,0.0831167768874587
"cdm_pisa00R","X16",-0.689149146564568,0.0859576283243478
"cdm_pisa00R","X17",-0.684680108074495,0.0859003264305243
"cdm_pisa00R","X18",0.156201146041789,0.0801682885706286
"cdm_pisa00R","X19",0.730721246158384,0.0815620797564392
"cdm_pisa00R","X20",0.874333600481005,0.0826053175969937
"cdm_pisa00R","X21",-0.362588079078885,0.0825608144153829
"cdm_pisa00R","X22",0.438537135328268,0.080315864844995
"cdm_pisa00R","X23",1.62471903246703,0.093487728323818
"cdm_timss03","X1",-0.239651411725196,0.0927443257184705
"cdm_timss03","X2",-0.887950571535883,0.0990471588065245
"cdm_timss03","X3",0.2754514342778,0.0919914492869228
"cdm_timss03","X4",-0.167713273787426,0.0924254065822442
"cdm_timss03","X5",-0.221611533939195,0.0926576575290841
"cdm_timss03","X6",-1.48425668014973,0.111342643703438
"cdm_timss03","X7",-1.00283046468092,0.100875341010979
"cdm_timss03","X8",-0.522797779313857,0.0947093268312292
"cdm_timss03","X9",-1.27485432378623,0.106196051733469
"cdm_timss03","X10",0.792656245162161,0.0947751598808483
"cdm_timss03","X11",-0.638221803268707,0.0958503460326146
"cdm_timss03","X12",0.122136720759741,0.0918478246531072
"cdm_timss03","X13",0.234100884166747,0.0919223538711408
"cdm_timss03","X14",0.151579484600158,0.0918514780486578
"cdm_timss03","X15",-0.239651411725196,0.0927443257183431
"cdm_timss03","X16",-0.281906306115121,0.0929650163899021
"cdm_timss03","X17",0.287281750867459,0.0920153419801455
"cdm_timss03","X18",0.779960499783192,0.0946631867247737
"cdm_timss03","X19",1.48915940083922,0.104680515588098
"cdm_timss03","X20",2.04906569991176,0.119066260669986
"cdm_timss03","X21",1.35664013190053,0.102184592430864
"cdm_timss03","X22",-0.80478646521843,0.0978677042345165
"cdm_timss03","X23",0.228199772977118,0.0919143209892501
"cdm_timss07","X1",0.0153711688096228,0.0962043911930501
"cdm_timss07","X2",-0.767678059169171,0.0990924138693422
"cdm_timss07","X3",-0.975734765690322,0.101454837235114
"cdm_timss07","X4",-0.363378930907087,0.0964518831920831
"cdm_timss07","X5",-0.727303598021918,0.0987151252254954
"cdm_timss07","X6",-0.236810366629999,0.0961324495438376
"cdm_timss07","X7",-0.407946514795312,0.0966211614580397
"cdm_timss07","X8",2.83089175384317,0.183270061791343
"cdm_timss07","X9",3.92979297243957,0.30345544672683
"cdm_timss07","X10",-1.68243756564237,0.115333264207973
"cdm_timss07","X11",-0.891141471241759,0.100408527126882
"cdm_timss07","X12",-1.51724620583203,0.150985130391759
"cdm_timss07","X13",0.874047429867805,0.143733430529821
"cdm_timss07","X14",2.28828222599256,0.213519170329293
"cdm_timss07","X15",0.858523368509344,0.143346175547558
"cdm_timss07","X16",0.454063098157766,0.135456354319129
"cdm_timss07","X17",-0.743563828309506,0.134132692404908
"cdm_timss07","X18",-0.343528519038323,0.131071732893606
"cdm_timss07","X19",-0.878643912621895,0.13598558546995
"cdm_timss07","X20",-0.961899851755715,0.137343209479768
"cdm_timss07","X21",-0.255227026803628,0.130869989644393
"cdm_timss07","X22",0.440455520334211,0.135261172359692
"cdm_timss07","X23",-0.167093388480905,0.130837190167647
"cdm_timss07","X24",-1.35050316303918,0.145999927551504
"cdm_timss07","X25",0.578709630025068,0.137451013698486
"chess_lnirt","X1",-3.02090144120474,0.311639244662871
"chess_lnirt","X2",0.432970203760137,0.165035311806821
"chess_lnirt","X3",-0.635810369040686,0.165807700185644
"chess_lnirt","X4",0.974549302365543,0.175971870927671
"chess_lnirt","X5",0.0923141810549055,0.162238563789536
"chess_lnirt","X6",0.556672888215843,0.166793523336743
"chess_lnirt","X7",2.37228036738801,0.258901415690737
"chess_lnirt","X8",1.35036051473661,0.189162433921278
"chess_lnirt","X9",0.432970203760136,0.165035311808039
"chess_lnirt","X10",1.69740832693846,0.206464305860398
"chess_lnirt","X11",2.14743325865583,0.238194031749554
"chess_lnirt","X12",-2.94972640102515,0.30226835631809
"chess_lnirt","X13",1.18765147915636,0.182812292006818
"chess_lnirt","X14",-2.54771064232824,0.257421994032151
"chess_lnirt","X15",0.380852338458795,0.164416131160452
"chess_lnirt","X16",-1.14672204678215,0.176541917725435
"chess_lnirt","X17",1.14341626258704,0.181259972211226
"chess_lnirt","X18",1.35036051473661,0.18916243392223
"chess_lnirt","X19",1.58279812557383,0.200138610454208
"chess_lnirt","X20",1.47567796070057,0.194785594213185
"chess_lnirt","X21",1.03648684587219,0.177797261375803
"chess_lnirt","X22",2.47564562665442,0.269693009479692
"chess_lnirt","X23",-2.76009023233849,0.279491399789875
"chess_lnirt","X24",2.86011375733887,0.317990023347542
"chess_lnirt","X25",-4.09085391415895,0.524181368228409
"chess_lnirt","X26",-2.1353493292174,0.223390124359478
"chess_lnirt","X27",-2.20823489863523,0.228648962454059
"chess_lnirt","X28",-1.36191516009112,0.183446291004687
"chess_lnirt","X29",-0.275200405600056,0.162419147316751
"chess_lnirt","X30",1.63907113347453,0.203164584595513
"chess_lnirt","X31",1.47567796070057,0.194785594213479
"chess_lnirt","X32",0.380852338458796,0.164416131160379
"chess_lnirt","X33",1.14341626258704,0.181259972212694
"chess_lnirt","X34",-1.14672204678215,0.176541917725314
"chess_lnirt","X35",0.874488162268758,0.173289540129674
"chess_lnirt","X36",-2.40972170810704,0.244828598131928
"chess_lnirt","X37",-1.04569130282237,0.173817313828685
"chess_lnirt","X38",-0.928988611639053,0.17105418642928
"chess_lnirt","X39",-0.275200405600056,0.162419147317734
"chess_lnirt","X40",-0.124629100070974,0.161950279618428
"CPDMMC_Kunnari_2020_PDP","X1",2.43653770442959,0.0792020620271523
"CPDMMC_Kunnari_2020_PDP","X2",4.4840969800004,0.126682504320421
"CPDMMC_Kunnari_2020_PDP","X3",-0.381485472636149,0.0759709016645226
"CPDMMC_Kunnari_2020_PDP","X4",2.24065201100762,0.0770239806499943
"CPDMMC_Kunnari_2020_PDP","X5",-2.07354661399589,0.105305573624925
"CPDMMC_Kunnari_2020_PDP","X6",0.452929441389622,0.0708487601993302
"CPDMMC_Kunnari_2020_PDP","X7",-2.22509807292017,0.109521606320059
"CPDMMC_Kunnari_2020_PDP","X8",2.46552862368473,0.0795526882292041
"CPDMMC_Kunnari_2020_PDP","X9",-4.11274651167359,0.196352329929647
"CPDMMC_Kunnari_2020_PDP","X10",-3.01341231347993,0.137133049956239
"CPDMMC_Kunnari_2020_PDP","X11",-4.06534437346774,0.19317442136254
"CPDMMC_Kunnari_2020_PDP","X12",-1.25898528551357,0.0875320401904035
"CPDMMC_Kunnari_2020_PDP","X13",-0.627433082519006,0.0785233769929207
"CPDMMC_Kunnari_2020_PDP","X14",1.46008535458308,0.0714235322555333
"CPDMMC_Kunnari_2020_PDP","X15",-0.461566804017912,0.0767469114550284
"CPDMMC_Kunnari_2020_PDP","X16",1.1866648865237,0.0705481115250539
"CPDMMC_Kunnari_2020_PDP","X17",-0.23250104224446,0.0746648837307959
"CPDMMC_Kunnari_2020_PDP","X18",3.72562457084969,0.102936243514425
"criticalperiod_syntax","X1",-0.285232502506137,0.076283173665227
"criticalperiod_syntax","X2",-2.8734858837878,0.290083429465774
"criticalperiod_syntax","X3",-2.56062972927145,0.24421620919906
"criticalperiod_syntax","X4",-0.164255855401967,0.0723583035978891
"criticalperiod_syntax","X5",1.96861471375382,0.0385889223894532
"criticalperiod_syntax","X6",0.313954542750701,0.0596473089976162
"criticalperiod_syntax","X7",-1.05181844654795,0.109746263223072
"criticalperiod_syntax","X8",0.687390283274598,0.0523099665284185
"criticalperiod_syntax","X9",1.46703228241692,0.0423007624481822
"criticalperiod_syntax","X10",-1.90849848941063,0.171431292557239
"criticalperiod_syntax","X11",-1.03110132702855,0.108613940831706
"criticalperiod_syntax","X12",-1.08374584305749,0.111519789461437
"criticalperiod_syntax","X13",-0.971464955759258,0.105434048034138
"criticalperiod_syntax","X14",-1.85803582558302,0.166865134331446
"criticalperiod_syntax","X15",-0.509140849189371,0.0844266157130013
"criticalperiod_syntax","X16",-1.74273513774001,0.156925607662079
"criticalperiod_syntax","X17",-1.4798477380497,0.136641352757718
"criticalperiod_syntax","X18",-1.19848473801848,0.118187359787018
"criticalperiod_syntax","X19",-0.915250168702371,0.102542188524684
"criticalperiod_syntax","X20",-0.625013260332766,0.0891284388628317
"criticalperiod_syntax","X21",-0.771408012942453,0.0955879345754234
"criticalperiod_syntax","X22",1.68351879205343,0.0404844550811634
"criticalperiod_syntax","X23",-0.377742963169118,0.0795038851465718
"criticalperiod_syntax","X24",1.38005755339683,0.0431323814279387
"criticalperiod_syntax","X25",0.711209120052827,0.0519065476549895
"criticalperiod_syntax","X26",1.22542364082114,0.0447685874975325
"criticalperiod_syntax","X27",-1.51318436945571,0.139041647761476
"criticalperiod_syntax","X28",1.88117717499914,0.0391144450470376
"criticalperiod_syntax","X29",0.284479603295517,0.0603146849178669
"criticalperiod_syntax","X30",-0.173099274668748,0.0726346075538533
"criticalperiod_syntax","X31",0.381943391109655,0.0581601268149788
"criticalperiod_syntax","X32",-0.182014632761095,0.0729148205475493
"criticalperiod_syntax","X33",-2.2883524761786,0.210468136712421
"criticalperiod_syntax","X34",-1.09462600148819,0.112132153843218
"criticalperiod_syntax","X35",-0.853477526526833,0.0994788834752546
"criticalperiod_syntax","X36",-1.4636113716242,0.135489498197477
"criticalperiod_syntax","X37",0.665374459393549,0.0526892548513923
"criticalperiod_syntax","X38",1.27845716976567,0.0441838301534701
"criticalperiod_syntax","X39",1.25289739847705,0.0444625021204418
"criticalperiod_syntax","X40",-0.410464327996858,0.0806906815071067
"criticalperiod_syntax","X41",-0.091820158792641,0.0701558505356812
"criticalperiod_syntax","X42",0.578304588356741,0.0542512516842236
"criticalperiod_syntax","X43",1.02815127754065,0.0471760755095749
"criticalperiod_syntax","X44",-0.485068301939855,0.0834930503612749
"criticalperiod_syntax","X45",0.832518593740309,0.0499600033601803
"criticalperiod_syntax","X46",1.27397326606872,0.0442322967120634
"criticalperiod_syntax","X47",-1.02090564098076,0.108061964920645
"criticalperiod_syntax","X48",1.84379353683304,0.0393538126318199
"criticalperiod_syntax","X49",-2.56062972927145,0.244216209199803
"criticalperiod_syntax","X50",0.957247307412096,0.0481369165630378
"criticalperiod_syntax","X51",-0.659674010330861,0.0906040107592402
"criticalperiod_syntax","X52",-0.591492484770914,0.0877321265921413
"criticalperiod_syntax","X53",-3.23680824685105,0.354685299736914
"criticalperiod_syntax","X54",-0.591492484770914,0.0877321265925225
"criticalperiod_syntax","X55",-1.26142783437476,0.122047882288508
"criticalperiod_syntax","X56",0.49273236429747,0.0558866186649319
"criticalperiod_syntax","X57",-0.256091884587058,0.0753086975338147
"criticalperiod_syntax","X58",0.882905527031367,0.0492025195831402
"criticalperiod_syntax","X59",-1.32880664499753,0.126346857086968
"criticalperiod_syntax","X60",-0.521390095025111,0.0849072619062957
"criticalperiod_syntax","X61",1.3644573869301,0.0432881107455232
"criticalperiod_syntax","X62",0.892401619093879,0.049062993116318
"criticalperiod_syntax","X63",1.28292984108566,0.0441356624758271
"criticalperiod_syntax","X64",-0.942955710872703,0.103954840472341
"criticalperiod_syntax","X65",0.852102907071101,0.0496621290687146
"criticalperiod_syntax","X66",1.16435466994629,0.0454738196577886
"criticalperiod_syntax","X67",0.613348890514701,0.0536104996863046
"criticalperiod_syntax","X68",0.0292763412451924,0.0667066566766356
"criticalperiod_syntax","X69",-0.432858010900789,0.0815176282889948
"criticalperiod_syntax","X70",0.676426420232881,0.0524980768397589
"criticalperiod_syntax","X71",-1.53030609338377,0.140293116218311
"criticalperiod_syntax","X72",0.960870576863742,0.048086524388556
"criticalperiod_syntax","X73",-0.853477526526833,0.099478883475091
"criticalperiod_syntax","X74",0.443804380007885,0.0568683526308919
"criticalperiod_syntax","X75",0.998410193110696,0.047572665483004
"criticalperiod_syntax","X76",1.58760517462296,0.0412462490652771
"criticalperiod_syntax","X77",0.525172393408329,0.055254632172292
"criticalperiod_syntax","X78",1.09268639187807,0.0463466464582325
"criticalperiod_syntax","X79",1.88567259311441,0.039086260946444
"criticalperiod_syntax","X80",0.573561699998509,0.0543392435963116
"criticalperiod_syntax","X81",0.909344021244503,0.0488165633153263
"criticalperiod_syntax","X82",1.92247539925533,0.0388603092809517
"criticalperiod_syntax","X83",1.58378158999295,0.0412780022648557
"criticalperiod_syntax","X84",-0.346004249792385,0.0783767669196997
"criticalperiod_syntax","X85",0.92979558277711,0.0485233293661833
"criticalperiod_syntax","X86",0.65199330716581,0.052922828957921
"criticalperiod_syntax","X87",0.899955238719776,0.0489527292398747
"criticalperiod_syntax","X88",0.191487977835336,0.0625133832400067
"criticalperiod_syntax","X89",-0.86206957712308,0.0998979268486436
"criticalperiod_syntax","X90",1.65653551751759,0.0406921068803105
"criticalperiod_syntax","X91",0.642999069938552,0.0530811323022831
"criticalperiod_syntax","X92",-0.725216922425376,0.0934847540446021
"criticalperiod_syntax","X93",-0.079514306815307,0.069792254872208
"criticalperiod_syntax","X94",-0.351228500882157,0.0785606826327604
"criticalperiod_syntax","X95",0.713354352201466,0.0518705644629244
"DART_Brysbaert_2020_1","X1",-0.349068686490851,0.208732204675391
"DART_Brysbaert_2020_1","X2",-1.45977591051097,0.20080103208757
"DART_Brysbaert_2020_1","X3",1.38065444965713,0.343469511406736
"DART_Brysbaert_2020_1","X4",-0.150213823540848,0.215076882576411
"DART_Brysbaert_2020_1","X5",-2.19391913304582,0.224413410475696
"DART_Brysbaert_2020_1","X6",0.642086661914084,0.259334612932822
"DART_Brysbaert_2020_1","X7",-1.42159999386157,0.200283218050233
"DART_Brysbaert_2020_1","X8",0.929913757552075,0.285700936069363
"DART_Brysbaert_2020_1","X9",-2.47569135402209,0.241889030618872
"DART_Brysbaert_2020_1","X10",-0.574492209965099,0.203403124462787
"DART_Brysbaert_2020_1","X11",-0.74933907334454,0.20057081378431
"DART_Brysbaert_2020_1","X12",-1.63573674722654,0.204009360817965
"DART_Brysbaert_2020_1","X13",-0.730224115330866,0.200825944744101
"DART_Brysbaert_2020_1","X14",0.228215514881933,0.231938756635788
"DART_Brysbaert_2020_1","X15",-0.262628891485821,0.21129424538777
"DART_Brysbaert_2020_1","X16",-0.633539222516644,0.2023211652304
"DART_Brysbaert_2020_1","X17",0.502063149103226,0.248836094013855
"DART_Brysbaert_2020_1","X18",0.285129569968086,0.235091054143479
"DART_Brysbaert_2020_1","X19",-2.19391913304582,0.224413410478975
"DART_Brysbaert_2020_1","X20",0.535782980800253,0.251239601102944
"DART_Brysbaert_2020_1","X21",0.0424183262678226,0.222817397056058
"DART_Brysbaert_2020_1","X22",0.228215514881934,0.23193875664248
"DART_Brysbaert_2020_1","X23",0.436876952653349,0.244401698188386
"DART_Brysbaert_2020_1","X24",-2.06970290388012,0.218368201497714
"DART_Brysbaert_2020_1","X25",0.20046023531935,0.230464736807991
"DART_Brysbaert_2020_1","X26",1.18886837217271,0.316062745177083
"DART_Brysbaert_2020_1","X27",0.502063149103226,0.248836094015162
"DART_Brysbaert_2020_1","X28",0.0678404179875909,0.223964997341918
"DART_Brysbaert_2020_1","X29",0.642086661914084,0.259334612930904
"DART_Brysbaert_2020_1","X30",-0.691784129824618,0.201379435586813
"DART_Brysbaert_2020_1","X31",1.13201204264671,0.308784344126483
"DART_Brysbaert_2020_1","X32",1.18886837217271,0.316062745181429
"DART_Brysbaert_2020_1","X33",0.977178576375416,0.290730866279239
"DART_Brysbaert_2020_1","X34",0.977178576375417,0.29073086627461
"DART_Brysbaert_2020_1","X35",-0.806309693152619,0.199889579337425
"DART_Brysbaert_2020_1","X36",-0.653037627046596,0.2019920567631
"DART_Brysbaert_2020_1","X37",1.0779813862211,0.302199213148783
"DART_Brysbaert_2020_1","X38",0.535782980800253,0.251239601104422
"DART_Brysbaert_2020_1","X39",-0.240560136298394,0.211996048777605
"DART_Brysbaert_2020_1","X40",0.535782980800253,0.251239601100501
"DART_Brysbaert_2020_1","X41",0.88447115520691,0.28106349181528
"DART_Brysbaert_2020_1","X42",0.0173255877525742,0.221714459639702
"DART_Brysbaert_2020_1","X43",-1.10428467614807,0.198272154628536
"DART_Brysbaert_2020_1","X44",-0.633539222516644,0.202321165229616
"DART_Brysbaert_2020_1","X45",0.840683921182669,0.276772491440515
"DART_Brysbaert_2020_1","X46",0.570321214751127,0.253781834825961
"DART_Brysbaert_2020_1","X47",-3.01184316775492,0.292443605782369
"DART_Brysbaert_2020_1","X48",-0.787378116823199,0.200102803601116
"DART_Brysbaert_2020_1","X49",0.0678404179875909,0.223964997348304
"DART_Brysbaert_2020_1","X50",0.14624013034413,0.227700877345536
"DART_Brysbaert_2020_1","X51",0.119734591796431,0.226404016300845
"DART_Brysbaert_2020_1","X52",-0.150213823540847,0.215076882595124
"DART_Brysbaert_2020_1","X53",-0.306201234448902,0.209965876867725
"DART_Brysbaert_2020_1","X54",0.228215514881934,0.231938756647857
"DART_Brysbaert_2020_1","X55",-3.50172156295985,0.363479421172409
"DART_Brysbaert_2020_1","X56",-1.75819408701371,0.207082754401732
"DART_Brysbaert_2020_1","X57",0.173142123672581,0.229053331817246
"DART_Brysbaert_2020_1","X58",-0.262628891485821,0.211294245390146
"DART_Brysbaert_2020_1","X59",0.717893557417242,0.265617042826396
"DART_Brysbaert_2020_1","X60",0.469110117650353,0.246560116871264
"DART_Brysbaert_2020_1","X61",0.679446891752988,0.262375652531361
"DART_Brysbaert_2020_1","X62",1.71314941474336,0.403122289015812
"DART_Brysbaert_2020_1","X63",0.757514150829031,0.269080012316821
"DART_Brysbaert_2020_1","X64",0.88447115520691,0.281063491815737
"DART_Brysbaert_2020_1","X65",0.228215514881934,0.231938756638546
"DART_Brysbaert_2020_1","X66",-0.3702552676844,0.20814896515245
"DART_Brysbaert_2020_1","X67",0.977178576375416,0.290730866265108
"DART_Brysbaert_2020_1","X68",0.929913757552075,0.285700936075393
"DART_Brysbaert_2020_1","X69",1.0779813862211,0.302199213146261
"DART_Brysbaert_2020_1","X70",-0.993253805512413,0.198489808260713
"DART_Brysbaert_2020_1","X71",1.93901587138137,0.454277914590694
"DART_Brysbaert_2020_1","X72",0.605734772213174,0.256475413435888
"DART_Brysbaert_2020_1","X73",-0.74933907334454,0.200570813786547
"DART_Brysbaert_2020_1","X74",1.13201204264671,0.308784344126316
"DART_Brysbaert_2020_1","X75",0.717893557417242,0.265617042816501
"DART_Brysbaert_2020_1","X76",0.0936071054043583,0.225159667327401
"DART_Brysbaert_2020_1","X77",0.173142123672581,0.229053331815536
"DART_Brysbaert_2020_1","X78",0.798407144018326,0.272789035581883
"DART_Brysbaert_2020_1","X79",-3.50172156295985,0.363479421156361
"DART_Brysbaert_2020_1","X80",0.642086661914084,0.259334612932784
"DART_Brysbaert_2020_1","X81",-0.262628891485821,0.211294245391877
"DART_Brysbaert_2020_1","X82",0.502063149103226,0.24883609401271
"DART_Brysbaert_2020_1","X83",0.757514150829031,0.269080012313712
"DART_Brysbaert_2020_1","X84",0.798407144018326,0.27278903558682
"DART_Brysbaert_2020_1","X85",0.88447115520691,0.281063491811158
"DART_Brysbaert_2020_1","X86",-0.730224115330867,0.200825944733817
"DART_Brysbaert_2020_1","X87",0.798407144018326,0.272789035586026
"DART_Brysbaert_2020_1","X88",0.929913757552075,0.285700936074429
"DART_Brysbaert_2020_1","X89",0.717893557417242,0.265617042818994
"DART_Brysbaert_2020_1","X90",0.20046023531935,0.230464736810051
"DART_Brysbaert_2020_1","X91",-0.453501400454328,0.206024468934267
"DART_Brysbaert_2020_1","X92",0.173142123672582,0.229053331819694
"DART_Brysbaert_2020_1","X93",-1.42159999386157,0.200283218053927
"DART_Brysbaert_2020_1","X94",0.679446891752988,0.262375652541206
"DART_Brysbaert_2020_1","X95",0.535782980800253,0.251239601098819
"DART_Brysbaert_2020_1","X96",-0.711040436545055,0.201095414906882
"DART_Brysbaert_2020_1","X97",0.929913757552075,0.285700936070432
"DART_Brysbaert_2020_1","X98",-3.169313302518,0.312395539981522
"DART_Brysbaert_2020_1","X99",0.977178576375416,0.290730866273317
"DART_Brysbaert_2020_1","X100",0.929913757552075,0.285700936064325
"DART_Brysbaert_2020_1","X101",0.374402579785745,0.240402815731164
"DART_Brysbaert_2020_1","X102",0.929913757552075,0.285700936069407
"DART_Brysbaert_2020_1","X103",-2.47569135402209,0.241889030618129
"DART_Brysbaert_2020_1","X104",1.0779813862211,0.302199213143557
"DART_Brysbaert_2020_1","X105",1.13201204264671,0.308784344125064
"DART_Brysbaert_2020_1","X106",0.798407144018326,0.272789035584344
"DART_Brysbaert_2020_1","X107",0.642086661914084,0.259334612936823
"DART_Brysbaert_2020_1","X108",0.20046023531935,0.230464736809088
"DART_Brysbaert_2020_1","X109",0.929913757552075,0.285700936066484
"DART_Brysbaert_2020_1","X110",-0.0800273174735109,0.21770727583631
"DART_Brysbaert_2020_1","X111",0.0678404179875909,0.223964997355946
"DART_Brysbaert_2020_1","X112",0.679446891752988,0.262375652541435
"DART_Brysbaert_2020_1","X113",-2.21988174544253,0.225798710751386
"DART_Brysbaert_2020_1","X114",-1.06730607626118,0.198293161700242
"DART_Brysbaert_2020_1","X115",0.798407144018326,0.272789035583179
"DART_Brysbaert_2020_1","X116",-0.3702552676844,0.208148965158653
"DART_Brysbaert_2020_1","X117",-0.218292636458479,0.212724170309997
"DART_Brysbaert_2020_1","X118",-1.25251462784729,0.19871426269076
"DART_Brysbaert_2020_1","X119",0.344086238873885,0.238547180834146
"DART_Brysbaert_2020_1","X120",-0.554611121161529,0.203796396234851
"DART_Brysbaert_2020_1","X121",0.679446891752988,0.26237565254077
"DART_Brysbaert_2020_1","X122",-0.0319284675039931,0.219633845758391
"DART_Brysbaert_2020_1","X123",-2.3281814669565,0.232055391410417
"DART_Brysbaert_2020_1","X124",1.53246549111001,0.36862601285221
"DART_Brysbaert_2020_1","X125",0.344086238873885,0.238547180839885
"DART_Brysbaert_2020_1","X126",-0.349068686490851,0.208732204684801
"DART_Brysbaert_2020_1","X127",0.717893557417242,0.265617042816132
"DART_Brysbaert_2020_1","X128",-0.327719567090792,0.209337598800354
"DART_Brysbaert_2020_1","X129",-0.195818196765464,0.213479618414247
"DART_Brysbaert_2020_1","X130",-0.103673473376094,0.216797411938192
"DART_Brysbaert_2020_1","X131",0.929913757552075,0.285700936071079
"DART_Brysbaert_2020_1","X132",0.929913757552075,0.285700936066859
"dd_rotation","X1",0.348247612539736,0.334403529325701
"dd_rotation","X2",-0.309905552661031,0.421714728404496
"dd_rotation","X3",0.230072767229536,0.347589520551154
"dd_rotation","X4",0.811834547466791,0.301121561221317
"dd_rotation","X5",-0.425692283186475,0.439295738493745
"dd_rotation","X6",0.0449037536212886,0.370323952056603
"dd_rotation","X7",-0.117850830315076,0.392398922619003
"dd_rotation","X8",-1.0024435220458,0.571098788516115
"dd_rotation","X9",0.108931051751286,0.362989594413574
"dd_rotation","X10",0.311902455599744,0.348582487525414
"difNLR_msatb","X1",-0.509620412581007,0.0672175456837132
"difNLR_msatb","X2",-1.43413735721664,0.078364835317525
"difNLR_msatb","X3",1.47437361295929,0.0706218157415074
"difNLR_msatb","X4",1.51711788105712,0.0710908377560658
"difNLR_msatb","X5",0.978364849113168,0.0664942280314672
"difNLR_msatb","X6",-0.184555993456357,0.0654035578012136
"difNLR_msatb","X7",1.68591702065369,0.0731314580567867
"difNLR_msatb","X8",2.09094464743702,0.0793476706798346
"difNLR_msatb","X9",-0.675582568665098,0.068531524069471
"difNLR_msatb","X10",0.897632799942947,0.0660398572058991
"difNLR_msatb","X11",-0.52855577913126,0.0673538049228467
"difNLR_msatb","X12",-2.54886188803235,0.108222659144731
"difNLR_msatb","X13",-1.77291406699526,0.0851640669085089
"difNLR_msatb","X14",-1.01761192484801,0.072138286669765
"difNLR_msatb","X15",0.394444051155843,0.0644941771280641
"difNLR_msatb","X16",-0.483254513748585,0.0670335684677955
"difNLR_msatb","X17",0.711206882479182,0.0652115255415573
"difNLR_msatb","X18",0.0777704694565307,0.0646330732787829
"difNLR_msatb","X19",0.0466196373528539,0.064693156314006
"difNLR_msatb","X20",-0.719297346933085,0.0689234751418923
"EEN_Lacey_2024_Children","X1",2.99190336872119,0.0854548930475863
"EEN_Lacey_2024_Children","X2",-0.00260697705649315,0.0478449266524928
"EEN_Lacey_2024_Children","X3",-0.828252840500191,0.0464554937951098
"EEN_Lacey_2024_Children","X4",-1.45624953913557,0.0476641966941001
"EEN_Lacey_2024_Children","X5",2.37049036447434,0.072415004928809
"EEN_Lacey_2024_Children","X6",-0.595210020013602,0.0465044166644674
"EEN_Lacey_2024_Children","X7",-4.56260067893411,0.0869981369470204
"EEN_Lacey_2024_Children","X8",2.08252632244444,0.0675049311635493
"FACIT_YOUNT_2021_clinic10","X1",-1.53124437839107,0.0938999783738539
"FACIT_YOUNT_2021_clinic10","X2",-0.652843471694357,0.100456776333978
"FACIT_YOUNT_2021_clinic10","X3",-1.69635132937619,0.093564826705975
"FACIT_YOUNT_2021_clinic10","X4",-1.29866032763104,0.0948442134210617
"FACIT_YOUNT_2021_clinic10","X5",-2.00703479254839,0.0936848943430022
"FACIT_YOUNT_2021_clinic10","X6",0.443894761948362,0.121513144271227
"FACIT_YOUNT_2021_clinic10","X7",-1.42951960882361,0.0942447014149459
"FACIT_YOUNT_2021_clinic10","X8",-0.147280006700746,0.108174676542525
"FACIT_YOUNT_2021_clinic10","X9",0.70068746599226,0.128989619376887
"FACIT_YOUNT_2021_clinic10","X10",1.55065746149326,0.162769130743296
"FACIT_YOUNT_2021_clinic10","X11",-1.15611980807672,0.0956990693224794
"FACIT_YOUNT_2021_clinic10","X12",-0.588306459051719,0.101270999207294
"FACIT_YOUNT_2021_clinic10","X13",2.78685194099351,0.246174345347146
"FACIT_YOUNT_2021_clinic10","X14",-0.0967409848741827,0.109122744647795
"FACIT_YOUNT_2021_clinic10","X15",2.21661078603137,0.20156520062356
"FACIT_YOUNT_2021_clinic10","X16",0.411971673198438,0.120659759731325
"FACIT_YOUNT_2021_clinic10","X17",0.682493097570614,0.12842283305885
"FACIT_YOUNT_2021_clinic10","X18",1.81093397994021,0.176442663074005
"fictionexposure_wimmer","X1",1.12459011765653,0.378857236546916
"fictionexposure_wimmer","X2",2.69963791171022,1.01017050374417
"fictionexposure_wimmer","X3",0.729217459591021,0.30738790744024
"fictionexposure_wimmer","X4",0.729217459591021,0.307387907438002
"fictionexposure_wimmer","X5",0.86729931614077,0.329883054350542
"fictionexposure_wimmer","X6",2.18691414512538,0.721273810375606
"fictionexposure_wimmer","X7",0.161070590102406,0.236957823045778
"fictionexposure_wimmer","X8",0.161070590102406,0.236957823051788
"fictionexposure_wimmer","X9",2.18691414512538,0.721273810374264
"fictionexposure_wimmer","X10",0.60894387190374,0.289694000595876
"fictionexposure_wimmer","X11",-1.07896066316506,0.16348980158283
"fictionexposure_wimmer","X12",-1.77280503784266,0.149979734767259
"fictionexposure_wimmer","X13",-1.37827353580972,0.155920806402562
"fictionexposure_wimmer","X14",-3.07302953278201,0.157935838962887
"fictionexposure_wimmer","X15",-1.7484078415083,0.150226709470304
"fictionexposure_wimmer","X16",-1.84541497769272,0.149333628245435
"fictionexposure_wimmer","X17",-2.4612974305371,0.148983555819001
"fictionexposure_wimmer","X18",-1.71160593315994,0.150628076865846
"fictionexposure_wimmer","X19",0.452693936798293,0.269096386158482
"fictionexposure_wimmer","X20",1.35151401872459,0.430918193946196
"fictionexposure_wimmer","X21",0.945066795869953,0.343665971364878
"fictionexposure_wimmer","X22",-1.09410598624241,0.163035672261241
"fictionexposure_wimmer","X23",-0.576478629389371,0.183621797103066
"fictionexposure_wimmer","X24",-0.937409409902104,0.168133476965306
"fictionexposure_wimmer","X25",0.86729931614077,0.329883054351923
"fictionexposure_wimmer","X26",0.729217459591021,0.307387907443186
"fictionexposure_wimmer","X27",-1.95301220834882,0.148616639620615
"fictionexposure_wimmer","X28",-0.493281820776133,0.188036035098977
"fictionexposure_wimmer","X29",-1.32389374580942,0.157084996707238
"fictionexposure_wimmer","X30",-0.181953260010319,0.207879119015965
"fictionexposure_wimmer","X31",0.452693936798293,0.269096386150547
"fictionexposure_wimmer","X32",-0.358567002225222,0.195946018329381
"fictionexposure_wimmer","X33",-0.334760823592172,0.197447349400585
"fictionexposure_wimmer","X34",1.12459011765653,0.378857236550779
"fictionexposure_wimmer","X35",-2.65567384295321,0.15076573637956
"fictionexposure_wimmer","X36",1.12459011765653,0.37885723655482
"fictionexposure_wimmer","X37",-0.310518532567452,0.199009487708722
"fictionexposure_wimmer","X38",1.12459011765653,0.37885723655064
"fictionexposure_wimmer","X39",1.35151401872459,0.430918193941065
"fictionexposure_wimmer","X40",2.18691414512538,0.721273810367671
"fictionexposure_wimmer","X41",2.69963791171022,1.01017050373684
"fictionexposure_wimmer","X42",0.945066795869953,0.34366597137131
"fictionexposure_wimmer","X43",2.69963791171022,1.0101705037374
"fictionexposure_wimmer","X44",1.35151401872459,0.430918193940653
"fictionexposure_wimmer","X45",1.88292551587099,0.594342149196227
"fictionexposure_wimmer","X46",1.49313129695663,0.468292262528242
"fictionexposure_wimmer","X47",1.23049596580175,0.402028122859693
"fictionexposure_wimmer","X48",2.18691414512538,0.721273810368003
"fictionexposure_wimmer","X49",2.18691414512538,0.7212738103628
"fictionexposure_wimmer","X50",2.18691414512538,0.721273810367571
"fictionexposure_wimmer","X51",1.88292551587099,0.594342149194739
"fictionexposure_wimmer","X52",2.18691414512538,0.721273810361678
"fictionexposure_wimmer","X53",0.667174485053873,0.298050239347108
"fictionexposure_wimmer","X54",1.35151401872459,0.430918193938769
"fictionexposure_wimmer","X55",2.69963791171022,1.01017050374685
"fictionexposure_wimmer","X56",1.88292551587099,0.594342149194021
"fictionexposure_wimmer","X57",1.35151401872459,0.430918193940766
"fictionexposure_wimmer","X58",2.69963791171022,1.0101705037526
"fictionexposure_wimmer","X59",1.88292551587099,0.594342149192344
"fictionexposure_wimmer","X60",1.23049596580175,0.402028122859705
"fictionexposure_wimmer","X61",1.12459011765653,0.378857236552212
"fictionexposure_wimmer","X62",1.66453294552351,0.519223158518663
"fictionexposure_wimmer","X63",1.03025410761368,0.359754553892759
"fictionexposure_wimmer","X64",2.18691414512538,0.72127381037031
"fictionexposure_wimmer","X65",2.69963791171022,1.01017050372924
"fictionexposure_wimmer","X66",1.88292551587099,0.594342149192649
"fictionexposure_wimmer","X67",2.18691414512538,0.721273810362714
"fictionexposure_wimmer","X68",1.49313129695663,0.468292262533804
"fictionexposure_wimmer","X69",2.69963791171022,1.01017050373933
"fictionexposure_wimmer","X70",2.69963791171022,1.01017050374374
"fictionexposure_wimmer","X71",1.66453294552351,0.51922315851965
"fictionexposure_wimmer","X72",1.88292551587099,0.594342149201887
"fictionexposure_wimmer","X73",1.66453294552351,0.519223158518439
"fictionexposure_wimmer","X74",-1.78496511440179,0.149862282619178
"fictionexposure_wimmer","X75",0.161070590102407,0.236957823048295
"fictionexposure_wimmer","X76",-1.22601389250457,0.15941017137127
"fictionexposure_wimmer","X77",-0.126581080046666,0.212017435129757
"fictionexposure_wimmer","X78",1.03025410761368,0.35975455390036
"fictionexposure_wimmer","X79",-0.358567002225222,0.195946018334066
"fictionexposure_wimmer","X80",-0.953644822778211,0.167563174692612
"fictionexposure_wimmer","X81",-0.985712975224672,0.166465962021153
"fictionexposure_wimmer","X82",-1.56143232113359,0.152633956891961
"fictionexposure_wimmer","X83",-0.15458056431521,0.209900039933492
"fictionexposure_wimmer","X84",1.23049596580175,0.402028122857406
"fictionexposure_wimmer","X85",-0.126581080046666,0.212017435140042
"fictionexposure_wimmer","X86",-2.20080008180459,0.148028151178533
"fictionexposure_wimmer","X87",0.729217459591021,0.307387907443189
"fictionexposure_wimmer","X88",0.667174485053873,0.298050239348876
"fictionexposure_wimmer","X89",1.66453294552351,0.519223158515108
"fictionexposure_wimmer","X90",1.23049596580175,0.402028122856392
"fictionexposure_wimmer","X91",1.49313129695663,0.468292262525427
"fictionexposure_wimmer","X92",-0.535470664156395,0.185754444501889
"fictionexposure_wimmer","X93",-0.854051004971289,0.171222772540757
"fictionexposure_wimmer","X94",-0.493281820776131,0.188036035091956
"fictionexposure_wimmer","X95",-3.85814681358939,0.187176903298945
"fictionexposure_wimmer","X96",0.667174485053872,0.298050239349414
"fictionexposure_wimmer","X97",2.18691414512538,0.721273810369341
"fictionexposure_wimmer","X98",-0.181953260010318,0.207879119020996
"fictionexposure_wimmer","X99",0.125251282299872,0.233514233626943
"fictionexposure_wimmer","X100",-2.29503843167089,0.148187365322095
"fictionexposure_wimmer","X101",1.66453294552351,0.519223158508763
"fictionexposure_wimmer","X102",2.18691414512538,0.721273810375396
"fictionexposure_wimmer","X103",1.66453294552351,0.51922315851776
"fictionexposure_wimmer","X104",-0.234951807984897,0.204100760450209
"fictionexposure_wimmer","X105",0.502067168341892,0.275329037641895
"fictionexposure_wimmer","X106",-0.635968337828946,0.180672375501192
"fictionexposure_wimmer","X107",-1.18287038524557,0.160532172600304
"fictionexposure_wimmer","X108",0.452693936798293,0.269096386154649
"fictionexposure_wimmer","X109",1.88292551587099,0.594342149185118
"fictionexposure_wimmer","X110",-1.94112019246673,0.148681954301326
"fictionexposure_wimmer","X111",-1.57415455080131,0.152440607517771
"fictionexposure_wimmer","X112",0.0905590710278408,0.230275332701129
"fictionexposure_wimmer","X113",-3.96791157847347,0.193419457870326
"fictionexposure_wimmer","X114",-0.0384342846385297,0.219026048601873
"fictionexposure_wimmer","X115",1.23049596580175,0.402028122856395
"fictionexposure_wimmer","X116",0.729217459591021,0.307387907440333
"fictionexposure_wimmer","X117",0.554040565272034,0.28216170586856
"fictionexposure_wimmer","X118",0.667174485053873,0.298050239344404
"fictionexposure_wimmer","X119",1.35151401872459,0.430918193935721
"fictionexposure_wimmer","X120",1.23049596580175,0.402028122856182
"fictionexposure_wimmer","X121",0.452693936798293,0.269096386156238
"fictionexposure_wimmer","X122",1.49313129695663,0.468292262526067
"fictionexposure_wimmer","X123",1.23049596580175,0.402028122859563
"fictionexposure_wimmer","X124",0.554040565272034,0.282161705878683
"fictionexposure_wimmer","X125",0.729217459591021,0.307387907441667
"fictionexposure_wimmer","X126",-1.52300535854349,0.153244947124883
"fictionexposure_wimmer","X127",-3.53474264323838,0.172172761170224
"fictionexposure_wimmer","X128",-0.126581080046666,0.21201743514029
"fictionexposure_wimmer","X129",0.276254587737651,0.248747137485467
"fictionexposure_wimmer","X130",1.12459011765653,0.378857236559819
"fictionexposure_wimmer","X131",-0.208733216640747,0.205948032441388
"fictionexposure_wimmer","X132",0.360683418622805,0.258122105219416
"fictionexposure_wimmer","X133",-1.06370745949386,0.16395530053554
"fictionexposure_wimmer","X134",-0.0384342846385302,0.219026048601703
"fictionexposure_wimmer","X135",-1.71160593315994,0.150628076873622
"fictionexposure_wimmer","X136",-0.260638007206338,0.202331831202601
"fictionexposure_wimmer","X137",0.317611153393072,0.25325892022117
"fictionexposure_wimmer","X138",-2.1066689782286,0.148079214945403
"fictionexposure_wimmer","X139",-0.871028532587959,0.170571315754502
"fictionexposure_wimmer","X140",-1.21171807094609,0.159775233814426
"fictionexposure_wimmer","X141",0.452693936798293,0.269096386159477
"fictionexposure_wimmer","X142",-0.556116465552899,0.184670409921389
"fictionexposure_wimmer","X143",-0.00752150166510512,0.221611427862831
"fictionexposure_wimmer","X144",-3.36934550578055,0.166203422298637
"fictionexposure_wimmer","X145",-1.04834333552846,0.164432513383587
"fictionexposure_wimmer","X146",-0.310518532567453,0.199009487715344
"fictionexposure_wimmer","X147",-3.51753019519528,0.171501873789229
"fictionexposure_wimmer","X148",-2.54558901528914,0.149641839931584
"fictionexposure_wimmer","X149",-1.79710068149997,0.149748793419987
"fictionexposure_wimmer","X150",-1.7361689338715,0.150356327371037
"fictionexposure_wimmer","X151",0.502067168341892,0.275329037639855
"fictionexposure_wimmer","X152",1.03025410761368,0.359754553902181
"fictionexposure_wimmer","X153",0.60894387190374,0.289694000594842
"fictionexposure_wimmer","X154",-1.62464055202598,0.151716544399551
"fictionexposure_wimmer","X155",-0.0384342846385297,0.2190260486044
"fictionexposure_wimmer","X156",-0.730347878684031,0.176328947741896
"fictionexposure_wimmer","X157",0.405644182333398,0.263382883294556
"fictionexposure_wimmer","X158",1.35151401872459,0.430918193944284
"fictionexposure_wimmer","X159",-0.260638007206338,0.202331831196599
"fictionexposure_wimmer","X160",0.236463713976382,0.244547727283375
"fictionexposure_wimmer","X161",1.03025410761368,0.35975455390247
"fictionexposure_wimmer","X162",0.317611153393072,0.253258920218658
"fictionexposure_wimmer","X163",0.60894387190374,0.289694000592484
"fictionexposure_wimmer","X164",-1.16831390288821,0.16092452720937
"fictionexposure_wimmer","X165",-0.766617042622702,0.174764840009508
"fictionexposure_wimmer","X166",0.79567352625781,0.317909940760853
"fictionexposure_wimmer","X167",-1.33758722782031,0.156783418119558
"fictionexposure_wimmer","X168",-0.514529811705276,0.186875682866428
"fictionexposure_wimmer","X169",-1.03286514441296,0.164921800177312
"fictionexposure_wimmer","X170",-1.54866750755995,0.152832404324318
"fictionexposure_wimmer","X171",-1.94112019246673,0.148681954300711
"fictionexposure_wimmer","X172",1.12459011765653,0.378857236550729
"fictionexposure_wimmer","X173",0.198107455000462,0.240627455434069
"fictionexposure_wimmer","X174",-1.33758722782031,0.156783418115725
"fictionexposure_wimmer","X175",-0.819602982097121,0.172580488197028
"fictionexposure_wimmer","X176",-3.58740284892942,0.174300500129072
"fictionexposure_wimmer","X177",-3.04528360758547,0.157305995858997
"fictionexposure_wimmer","X178",0.60894387190374,0.289694000595323
"fictionexposure_wimmer","X179",-0.535470664156395,0.185754444497475
"fictionexposure_wimmer","X180",-2.27144930102933,0.148127764856866
"fictionexposure_wimmer","X181",-1.69927997243503,0.150770315432698
"fictionexposure_wimmer","X182",-0.836910887483977,0.171892270084459
"fictionexposure_wimmer","X183",1.23049596580175,0.402028122859688
"fictionexposure_wimmer","X184",0.502067168341892,0.275329037643808
"fictionexposure_wimmer","X185",-1.71160593315994,0.150628076867751
"fictionexposure_wimmer","X186",-2.99060777166102,0.156132147078814
"fictionexposure_wimmer","X187",-2.54558901528914,0.149641839923015
"fictionexposure_wimmer","X188",0.60894387190374,0.289694000597909
"fictionexposure_wimmer","X189",-2.1066689782286,0.1480792149367
"fictionexposure_wimmer","X190",-0.953644822778211,0.167563174691895
"fictionexposure_wimmer","X191",1.23049596580175,0.402028122858454
"fictionexposure_wimmer","X192",-2.73042323016607,0.151703699680206
"fictionexposure_wimmer","X193",-2.91043889591467,0.154568034656662
"fictionexposure_wimmer","X194",0.161070590102406,0.236957823051929
"fictionexposure_wimmer","X195",-1.22601389250457,0.159410171371766
"fictionexposure_wimmer","X196",-2.78098306021351,0.152420380544955
"fictionexposure_wimmer","X197",-2.02411185297626,0.148297529228708
"fictionexposure_wimmer","X198",-2.49730143522855,0.149243532663463
"fims_tam","X1",-1.51761300239965,0.0394281124948413
"fims_tam","X2",-1.62962000859346,0.0403158837560065
"fims_tam","X3",0.699785490050946,0.0358532085498894
"fims_tam","X4",0.420307249587094,0.0349570622085481
"fims_tam","X5",1.17051608297447,0.038300450213034
"fims_tam","X6",-0.620015420022927,0.0349805038843258
"fims_tam","X7",1.55365336779704,0.0412561744319998
"fims_tam","X8",-1.43825811351761,0.0388479042432941
"fims_tam","X9",1.32027598642879,0.039345840676306
"fims_tam","X10",1.69527788850531,0.0425936678029833
"fims_tam","X11",-1.04819152419314,0.0365453365513234
"fims_tam","X12",-2.09676003476178,0.0449682961091519
"fims_tam","X13",-0.404875942235183,0.0345458170876255
"fims_tam","X14",1.8955179803801,0.0447327084598553
"frac20","X1",0.0133364208825492,0.155401469719284
"frac20","X2",0.521963734152013,0.157207685763885
"frac20","X3",0.208432141950973,0.155469714127629
"frac20","X4",-0.681359407039383,0.163009267331094
"frac20","X5",0.838911770959695,0.161515235286591
"frac20","X6",-0.652927170222082,0.162372741635189
"frac20","X7",0.284350377358606,0.155701069797096
"frac20","X8",-0.555638433019863,0.160451390845548
"frac20","X9",0.34795119949293,0.155984488103613
"frac20","X10",0.227377938538614,0.155516710678568
"frac20","X11",0.783143312264512,0.16052344010896
"frac20","X12",-0.137988494453716,0.155899098808104
"frac20","X13",0.489426271897105,0.156925930642106
"frac20","X14",0.0699202892276306,0.155342256589909
"frac20","X15",0.0259125227058967,0.155382578731904
"frac20","X16",-0.163340804619105,0.156034088870079
"frac20","X17",-0.947094538539277,0.170857993144693
"frac20","X18",0.463510756309907,0.156719676245733
"frac20","X19",-0.753908095452385,0.164798941819472
"frac20","X20",-0.381979792394621,0.157904743440443
"g308_sirt","X1",-0.581846503516774,0.121552880120998
"g308_sirt","X2",-1.58544640684485,0.171922970386131
"g308_sirt","X3",-1.33114456146699,0.153816750559036
"g308_sirt","X4",-0.333687626089291,0.11571554202139
"g308_sirt","X5",-0.18620484536563,0.1130840335057
"g308_sirt","X6",-0.691357553981022,0.124764026747736
"g308_sirt","X7",-0.58848658815898,0.121735779665473
"g308_sirt","X8",0.402081937039378,0.10774019937285
"g308_sirt","X9",-1.39197421974526,0.157735135692708
"g308_sirt","X10",0.607389222855731,0.107600344381481
"g308_sirt","X11",-0.0356013839784458,0.110969563377006
"g308_sirt","X12",-0.0779154564392261,0.111508000060969
"g308_sirt","X13",-1.60090375774735,0.173179155691064
"g308_sirt","X14",0.254374236968284,0.108371922148471
"g308_sirt","X15",1.34033488980724,0.114237845492625
"g308_sirt","X16",1.39859111629219,0.115286698561142
"g308_sirt","X17",1.48869175850515,0.117079487204094
"g308_sirt","X18",1.7080454550137,0.122370429482506
"g308_sirt","X19",0.563357578350908,0.107558776813082
"g308_sirt","X20",0.641702708501232,0.10765977801759
"GART_Grolig_2020","X1",-2.3482233498709,0.306013911769575
"GART_Grolig_2020","X2",-0.118980479325326,0.271463717738585
"GART_Grolig_2020","X3",2.17752889358038,0.618266082718418
"GART_Grolig_2020","X4",2.95202697178731,1.02467242737774
"GART_Grolig_2020","X5",0.232632890314755,0.285927624107009
"GART_Grolig_2020","X6",-0.504032874853188,0.262576808056438
"GART_Grolig_2020","X7",-2.7453521862211,0.344031396191661
"GART_Grolig_2020","X8",2.95202697178731,1.02467242739119
"GART_Grolig_2020","X9",-2.25159966712053,0.299008521691535
"GART_Grolig_2020","X10",1.96609692262168,0.546334369175647
"GART_Grolig_2020","X11",2.95202697178731,1.02467242738121
"GART_Grolig_2020","X12",1.96609692262168,0.546334369178102
"GART_Grolig_2020","X13",-1.98884109490845,0.283562299042923
"GART_Grolig_2020","X14",-0.227508896487168,0.268300701598046
"GART_Grolig_2020","X15",2.46816754440834,0.741235939709625
"GART_Grolig_2020","X16",2.9520269717873,1.02467242739185
"GART_Grolig_2020","X17",-0.402108513967998,0.264317775957699
"GART_Grolig_2020","X18",2.95202697178731,1.02467242737147
"GART_Grolig_2020","X19",-1.3635232900256,0.263348634184575
"GART_Grolig_2020","X20",2.46816754440834,0.741235939711706
"GART_Grolig_2020","X21",-3.13326829896819,0.399507689566662
"GART_Grolig_2020","X22",1.65765006564375,0.463085194727563
"GART_Grolig_2020","X23",-2.16002187694009,0.293057034117994
"GART_Grolig_2020","X24",-0.604416040611078,0.261257944130268
"GART_Grolig_2020","X25",0.454097502639402,0.29901431490757
"GART_Grolig_2020","X26",-2.68106537272973,0.336745598769151
"GART_Grolig_2020","X27",-0.262994680867997,0.267384176163849
"GART_Grolig_2020","X28",1.79811699721171,0.498101916323642
"GART_Grolig_2020","X29",-1.06392665121699,0.259959664391844
"GART_Grolig_2020","X30",-2.61982839540765,0.330242519737503
"GART_Grolig_2020","X31",-0.191694965843114,0.269283544148793
"GART_Grolig_2020","X32",-1.53622490294775,0.266984556874418
"GART_Grolig_2020","X33",-1.19584703032718,0.261019901318985
"GART_Grolig_2020","X34",0.191050529721091,0.283842735999694
"GART_Grolig_2020","X35",0.454097502639401,0.299014314905808
"GART_Grolig_2020","X36",2.17752889358038,0.618266082725564
"GART_Grolig_2020","X37",-2.39875185020692,0.309994127948337
"GART_Grolig_2020","X38",-0.86761989531533,0.259575815065909
"GART_Grolig_2020","X39",1.96609692262168,0.546334369183235
"GART_Grolig_2020","X40",-0.504032874853187,0.262576808047264
"GART_Grolig_2020","X41",1.96609692262168,0.546334369173593
"GART_Grolig_2020","X42",1.96609692262168,0.546334369176704
"GART_Grolig_2020","X43",-0.262994680867997,0.267384176168489
"GART_Grolig_2020","X44",-1.86863734245916,0.278041734240121
"GART_Grolig_2020","X45",-0.998387993193812,0.259675011207557
"GART_Grolig_2020","X46",-0.637607505849163,0.260905704617611
"GART_Grolig_2020","X47",2.46816754440834,0.741235939718539
"GART_Grolig_2020","X48",-0.262994680867997,0.267384176163863
"GART_Grolig_2020","X49",-1.98884109490845,0.283562299042604
"GART_Grolig_2020","X50",0.110058893382387,0.280088126298313
"GART_Grolig_2020","X51",-1.06392665121699,0.259959664387979
"GART_Grolig_2020","X52",2.46816754440834,0.741235939696087
"GART_Grolig_2020","X53",-0.298175912797064,0.266530554893683
"GART_Grolig_2020","X54",-2.3482233498709,0.306013911769881
"GART_Grolig_2020","X55",2.46816754440834,0.741235939705481
"GART_Grolig_2020","X56",2.46816754440834,0.741235939717988
"GART_Grolig_2020","X57",0.454097502639402,0.299014314897718
"GART_Grolig_2020","X58",0.275019690618315,0.288167807709209
"GART_Grolig_2020","X59",-0.769407275458003,0.259908258791841
"GART_Grolig_2020","X60",-1.19584703032718,0.261019901326114
"GART_Grolig_2020","X61",-0.67068850975305,0.260595393865135
"GART_Grolig_2020","X62",-1.29597429245646,0.262274018268772
"GART_Grolig_2020","X63",0.031617749787319,0.27681679813988
"GART_Grolig_2020","X64",-1.19584703032718,0.261019901324168
"GART_Grolig_2020","X65",-2.50506719927662,0.319130583823873
"GART_Grolig_2020","X66",-1.3635232900256,0.263348634188205
"GART_Grolig_2020","X67",0.454097502639402,0.299014314905818
"GART_Grolig_2020","X68",-0.436282097442516,0.263687823679615
"GART_Grolig_2020","X69",0.763245686017984,0.323898348872134
"GART_Grolig_2020","X70",-0.298175912797064,0.266530554889567
"geiser_tam","X1",-0.639264907172084,0.109344617419479
"geiser_tam","X2",0.913193645400166,0.137360368017748
"geiser_tam","X3",2.08028682031954,0.19834142527663
"geiser_tam","X4",1.60320014949719,0.167580034753916
"geiser_tam","X5",-1.99712494130093,0.117336697359573
"geiser_tam","X6",-0.87184264937554,0.108647193524136
"geiser_tam","X7",0.167548889156252,0.118348050483309
"geiser_tam","X8",0.0193315637077666,0.11588287391058
"geiser_tam","X9",0.453871833959877,0.12426558523888
"geiser_tam","X10",-0.278219764133422,0.112068680662093
"geiser_tam","X11",-0.239806036473716,0.112479141259695
"geiser_tam","X12",-0.278219764133422,0.11206868066126
"geiser_tam","X13",0.267005587277344,0.120225609907361
"geiser_tam","X14",0.189342694251799,0.118743817190481
"geiser_tam","X15",0.657199847152187,0.129474335617486
"geiser_tam","X16",0.809532060973552,0.133978459169144
"geiser_tam","X17",0.553161799611743,0.126698874514483
"geiser_tam","X18",-2.05081230526303,0.11830475426722
"geiser_tam","X19",-1.35499420988243,0.109836060486473
"geiser_tam","X20",-0.161933698431727,0.113384632929557
"geiser_tam","X21",-0.171748852235813,0.113265042741369
"geiser_tam","X22",-0.969568023291854,0.108598490015131
"geiser_tam","X23",-0.621195247025248,0.109433147615259
"geiser_tam","X24",1.9210555074118,0.187004866124296
"gilbert_meta_1","X1",-0.98889320233745,0.0411145141185823
"gilbert_meta_1","X2",-0.0702832889467152,0.0376797229107481
"gilbert_meta_1","X3",0.258385269838056,0.0376595289553503
"gilbert_meta_1","X4",0.71413418272523,0.0385909490424787
"gilbert_meta_1","X5",0.265762402015757,0.037727456551949
"gilbert_meta_1","X6",0.193601372182517,0.0377039496515061
"gilbert_meta_1","X7",-0.501364107634927,0.0387492451817
"gilbert_meta_1","X8",-0.340215296023995,0.0382748387865159
"gilbert_meta_1","X9",0.389671778978021,0.0379092372647936
"gilbert_meta_1","X10",-0.192677911314628,0.0379947343699556
"gilbert_meta_1","X11",0.0629204736933844,0.0367802499567157
"gilbert_meta_1","X12",-0.449906417496568,0.0376078220367067
"gilbert_meta_1","X13",-0.149072943928586,0.0369819723479056
"gilbert_meta_1","X14",0.461306352540501,0.0371668893086144
"gilbert_meta_1","X15",-0.463781045890676,0.0376943763928497
"gilbert_meta_1","X16",-0.256248574005076,0.037207742999039
"gilbert_meta_1","X17",-0.367245269594654,0.0374816271892555
"gilbert_meta_1","X18",-0.196375500033336,0.0371534418585766
"gilbert_meta_1","X19",0.116815566632032,0.0369472008491954
"gilbert_meta_1","X20",-0.285538726981206,0.0373736589541536
"gilbert_meta_1","X21",-0.584898990799246,0.0384978970434885
"gilbert_meta_1","X22",0.170991654930611,0.0372141472451652
"gilbert_meta_1","X23",1.20455096937568,0.0405558653944685
"gilbert_meta_1","X24",-0.247023046139572,0.0375636095971373
"gilbert_meta_1","X25",0.0374420178130782,0.0372562344680189
"gilbert_meta_1","X26",0.673028980066698,0.0380742844719683
"gilbert_meta_1","X27",0.564842505116914,0.0377922319893382
"gilbert_meta_1","X28",0.0302503812725595,0.0372978287396471
"gilbert_meta_1","X29",-0.71801484799551,0.039233778025901
"gilbert_meta_1","X30",0.667835261941105,0.0381315593410166
"gilbert_meta_11","X1",0.229697813305011,0.0489964112516409
"gilbert_meta_11","X2",-0.574907821713768,0.0482971352478779
"gilbert_meta_11","X3",1.63135151911657,0.0612367808497226
"gilbert_meta_11","X4",0.50641555612006,0.0502319655311429
"gilbert_meta_11","X5",-0.00511405142223892,0.0483658519285066
"gilbert_meta_11","X6",-1.94627020227935,0.05713455706123
"gilbert_meta_11","X7",0.889386271270211,0.0527872953773212
"gilbert_meta_11","X8",-1.16643865624274,0.0504360583500153
"gilbert_meta_11","X9",-1.60533603563218,0.053608869418297
"gilbert_meta_11","X10",0.166233216338222,0.0487905562619924
"gilbert_meta_11","X11",1.72188560321133,0.0626324783342609
"gilbert_meta_11","X12",1.35035904924966,0.0574421907787191
"gilbert_meta_11","X13",-0.341333655112352,0.0482316883832719
"gilbert_meta_11","X14",1.05532767604152,0.0543235531249055
"gilbert_meta_11","X15",-1.00670959695851,0.0498279532427593
"gilbert_meta_11","X16",0.938402407986781,0.0532767225101677
"gilbert_meta_11","X17",0.375946504572118,0.0496862892383249
"gilbert_meta_11","X18",1.13217531201886,0.0550661187477921
"gilbert_meta_11","X19",-0.558511132234934,0.0484362277483707
"gilbert_meta_11","X20",0.918571569716353,0.0531100958959784
"gilbert_meta_11","X21",-0.710827429179291,0.048768487414732
"gilbert_meta_11","X22",-0.332099757335498,0.0482384926406898
"gilbert_meta_11","X23",-1.15693869627491,0.0505920592454161
"gilbert_meta_11","X24",-1.51126546456093,0.0530368987025313
"gilbert_meta_12","X1",-0.410659785399282,0.0540938169503995
"gilbert_meta_12","X2",0.457274299938375,0.0503645060607618
"gilbert_meta_12","X3",-0.544033421579762,0.0552647505948605
"gilbert_meta_12","X4",-0.897029878557928,0.059101673963242
"gilbert_meta_12","X5",-0.441388629283213,0.0543405126577233
"gilbert_meta_12","X6",-0.49546296381221,0.0547953582113791
"gilbert_meta_12","X7",0.0318716291981887,0.051433129315448
"gilbert_meta_12","X8",0.0786515587442125,0.0512446430176116
"gilbert_meta_12","X9",-0.80134522185264,0.0578937625418095
"gilbert_meta_12","X10",1.7427118494581,0.055783428709734
"gilbert_meta_12","X11",-0.8377814164836,0.0583675603383811
"gilbert_meta_12","X12",0.527616657248035,0.0503149229860206
"gilbert_meta_12","X13",-0.892369613979869,0.0608569771240597
"gilbert_meta_12","X14",-0.282132371014731,0.0548325653367416
"gilbert_meta_12","X15",1.56026745807765,0.0559799493681646
"gilbert_meta_12","X16",-0.771419089797522,0.0593735663607278
"gilbert_meta_12","X17",-0.294049660018035,0.0549044362367396
"gilbert_meta_12","X18",0.432454508025873,0.0519790911165164
"gilbert_meta_12","X19",0.161236514532422,0.0525702951485037
"gilbert_meta_12","X20",0.957409126860535,0.0524890579831968
"gilbert_meta_12","X21",-0.672500537706176,0.0582634385810603
"gilbert_meta_12","X22",0.311386025963583,0.0521787779445278
"gilbert_meta_12","X23",0.0708003463205873,0.0529063781505627
"gilbert_meta_12","X24",1.0084926151174,0.0526631771711329
"gilbert_meta_15","X1",1.92980115066689,0.0489820887819009
"gilbert_meta_15","X2",2.22230866211407,0.0524655768982101
"gilbert_meta_15","X3",-2.2294252889278,0.0661312034490068
"gilbert_meta_15","X4",-1.65605016086349,0.055674642274811
"gilbert_meta_15","X5",-1.63324762392332,0.0553311107902708
"gilbert_meta_15","X6",-1.15288498146361,0.049199161294054
"gilbert_meta_15","X7",-0.130808216729281,0.0421404922891215
"gilbert_meta_15","X8",1.74308240152516,0.047140965752594
"gilbert_meta_15","X9",-0.116786522216526,0.042093706885278
"gilbert_meta_15","X10",1.0240105798179,0.0424854205434987
"gilbert_meta_16","X1",-1.99405826251711,0.051884111566058
"gilbert_meta_16","X2",-2.40227681528839,0.0596581092470676
"gilbert_meta_16","X3",-0.907097940331899,0.041946453305688
"gilbert_meta_16","X4",0.322605789873347,0.0400400011760311
"gilbert_meta_16","X5",-0.258722969414793,0.0398209335118041
"gilbert_meta_16","X6",-1.30448270329418,0.0446126067010598
"gilbert_meta_16","X7",-0.321987052321543,0.0399163400705967
"gilbert_meta_16","X8",-0.195449664707095,0.0395244544580285
"gilbert_meta_16","X9",-1.41373131491123,0.0458298190298585
"gilbert_meta_16","X10",-0.0705461578628523,0.0396752875004472
"gilbert_meta_16","X11",0.957087786851792,0.0424481090552823
"gilbert_meta_16","X12",-0.558987769757169,0.0406789719181083
"gilbert_meta_16","X13",-0.405110167626986,0.0400775100274567
"gilbert_meta_16","X14",2.41995928392512,0.0622821415103395
"gilbert_meta_16","X15",0.269142829228956,0.0399364712156241
"gilbert_meta_16","X16",1.25684933812387,0.0449167261875582
"gilbert_meta_16","X17",3.17642046214114,0.084745628194711
"gilbert_meta_16","X18",1.02106657876323,0.0430880142843718
"gilbert_meta_16","X19",0.539612259570444,0.040640858721411
"gilbert_meta_16","X20",-0.525220791981865,0.0403830361220108
"gilbert_meta_16","X21",0.0265417257996198,0.0396807852057991
"gilbert_meta_16","X22",1.44396983657377,0.0467056956349172
"gilbert_meta_16","X23",-0.967811913740349,0.0422819670579629
"gilbert_meta_16","X24",-0.121916269913118,0.0396945847549447
"gilbert_meta_16","X25",-0.491535034011652,0.0400521956892686
"gilbert_meta_16","X26",-1.39800140498223,0.045686234875271
"gilbert_meta_16","X27",-0.932413915355292,0.0418197186187275
"gilbert_meta_16","X28",-2.31096781918566,0.0579212365693535
"gilbert_meta_16","X29",0.864718248737415,0.0421141661999256
"gilbert_meta_16","X30",0.684170910969513,0.0447817300063837
"gilbert_meta_16","X31",-0.493727932807098,0.0438371524834035
"gilbert_meta_16","X32",0.762462388016245,0.0451960607615115
"gilbert_meta_16","X33",0.370714305908964,0.043585094352166
"gilbert_meta_16","X34",-0.20772087261631,0.0431889773948466
"gilbert_meta_16","X35",-0.244688861391948,0.0432410844392729
"gilbert_meta_16","X36",-0.110927818695545,0.0430965558923494
"gilbert_meta_16","X37",0.803819494658067,0.0454344253813171
"gilbert_meta_16","X38",0.800738247335887,0.0454161952643162
"gilbert_meta_16","X39",-0.354992436157032,0.0434521314546167
"gilbert_meta_16","X40",-0.831878485646636,0.0453545460652092
"gilbert_meta_16","X41",-0.586656448330736,0.0441709448841653
"gilbert_meta_16","X42",-0.00632091863088803,0.0430680726961243
"gilbert_meta_16","X43",-0.233723988718594,0.0432246574996757
"gilbert_meta_16","X44",-0.142230259463894,0.0431194889633112
"gilbert_meta_16","X45",-0.095970143491711,0.0430879420472177
"gilbert_meta_16","X46",-0.622875278883814,0.0443178282561983
"gilbert_meta_16","X47",1.26387533306178,0.0490672246308732
"gilbert_meta_16","X48",1.09873637065742,0.0475461358228894
"gilbert_meta_16","X49",-0.164032641646415,0.0431393878729395
"gilbert_meta_16","X50",-0.0198993936426544,0.0430675839579238
"gilbert_meta_16","X51",-0.76191418994361,0.0449710411034735
"gilbert_meta_16","X52",1.11766411494853,0.0477075687649852
"gilbert_meta_16","X53",0.556210480834978,0.040699031710122
"gilbert_meta_16","X54",0.306644807411652,0.040007281997007
"gilbert_meta_16","X55",1.87771133002482,0.0572566163047179
"gilbert_meta_16","X56",1.04449053479485,0.0471013854445023
"gilbert_meta_16","X57",1.33130508165385,0.0497639728266517
"gilbert_meta_16","X58",0.334488205300626,0.0434926559836433
"gilbert_meta_16","X59",1.51690478638974,0.0519242849388954
"gilbert_meta_16","X60",-0.247431675249348,0.0432453218450447
"gilbert_meta_16","X61",-0.0647152220317108,0.0430748345234766
"gilbert_meta_16","X62",0.381898725500116,0.0436155080968683
"gilbert_meta_16","X63",0.37910087445059,0.0436078167245856
"gilbert_meta_16","X64",0.462702097839973,0.0401802584797176
"gilbert_meta_16","X65",0.510989500196915,0.0407338163004573
"gilbert_meta_16","X66",-0.532223010031112,0.0404035247576839
"gilbert_meta_16","X67",-0.0850576410810701,0.039679182515603
"gilbert_meta_16","X68",-1.55047395155279,0.0468621574669309
"gilbert_meta_16","X69",-0.0136366731483474,0.0396718450599891
"gilbert_meta_16","X70",-1.19823424911502,0.043501961710997
"gilbert_meta_16","X71",-2.75295167006355,0.0674158606256116
"gilbert_meta_2","X1",-1.68268949509891,0.0643478219586229
"gilbert_meta_2","X2",1.18351495788271,0.0538903241342197
"gilbert_meta_2","X3",0.200060826063203,0.0511571394709062
"gilbert_meta_2","X4",0.87745928418557,0.0523545394100685
"gilbert_meta_2","X5",1.28623584515298,0.0545544927800888
"gilbert_meta_2","X6",-0.357380517267096,0.0523679335822226
"gilbert_meta_2","X7",-0.313742731714936,0.0522001328895414
"gilbert_meta_2","X8",-0.599024929846435,0.0535318334038334
"gilbert_meta_2","X9",0.130782034428496,0.0511992926451639
"gilbert_meta_2","X10",0.250808634772686,0.0511455081226356
"gilbert_meta_2","X11",0.0613280438867259,0.0512720618860562
"gilbert_meta_2","X12",0.377730484650869,0.0511876306634231
"gilbert_meta_2","X13",0.308470752858365,0.0511520295066319
"gilbert_meta_2","X14",0.48427251078608,0.0513017043165439
"gilbert_meta_2","X15",-0.933358507835721,0.055832160939841
"gilbert_meta_2","X16",-0.277611819703772,0.0520707997704583
"gilbert_meta_2","X17",-0.222586910907356,0.0518904126646262
"gilbert_meta_2","X18",-0.205923567276133,0.0518397106051037
"gilbert_meta_2","X19",0.0357987702854662,0.0513065089121196
"gilbert_meta_2","X20",-0.604143665302794,0.05356088309431
"gilbert_meta_37","X1",2.02763405689362,0.0925568497114975
"gilbert_meta_37","X2",0.592761600765797,0.0807209101742441
"gilbert_meta_37","X3",-2.01459593909821,0.113398206463165
"gilbert_meta_37","X4",1.70584803027703,0.0879738130775029
"gilbert_meta_37","X5",4.73786079997439,0.205142176446635
"gilbert_meta_37","X6",1.60815657819744,0.0868217110636918
"gilbert_meta_37","X7",-0.920552003342109,0.0901772885234288
"gilbert_meta_37","X8",-1.83779925033412,0.108464975370782
"gilbert_meta_37","X9",2.25989158002976,0.0966705016880234
"gilbert_meta_37","X10",-1.89902363416496,0.110115174699253
"gilbert_meta_37","X11",-2.65027183415149,0.135860198378019
"gilbert_meta_37","X12",-1.89902363416496,0.110115174699501
"gilbert_meta_37","X13",1.3021577405084,0.0838868394813771
"gilbert_meta_37","X14",0.21397890684071,0.0809946035240253
"gilbert_meta_37","X15",-0.628264072921376,0.0865406294312847
"gilbert_meta_37","X16",2.30729202807841,0.0975989412997155
"gilbert_meta_37","X17",-0.519387272772754,0.0854227831329804
"gilbert_meta_37","X18",-0.848849786015441,0.0891969739991126
"gilbert_meta_37","X19",1.17337349262562,0.0829443488897543
"gilbert_meta_37","X20",-2.6698777766606,0.136685128067996
"gilbert_meta_37","X21",-2.04130961056516,0.114189177293299
"gilbert_meta_38","X1",2.64151443847796,0.148664862702081
"gilbert_meta_38","X2",4.802036433929,0.286747030349496
"gilbert_meta_38","X3",0.562925483872971,0.0926599329049036
"gilbert_meta_38","X4",0.860333461877976,0.0979330094455036
"gilbert_meta_38","X5",-7.05890477994927,0.260549864611482
"gilbert_meta_38","X6",-6.47717927046719,0.216515575135204
"gilbert_meta_38","X7",-2.26519940120548,0.081751063793147
"gilbert_meta_38","X8",3.60126137785992,0.195726757850447
"gilbert_meta_38","X9",3.33321225560411,0.18069689376136
"gilbert_meta_39","X1",-3.5437054142996,0.0824470922253405
"gilbert_meta_39","X2",-1.23158386784965,0.0394186803486866
"gilbert_meta_39","X3",0.125150896154684,0.0365547324958263
"gilbert_meta_39","X4",0.316834481163297,0.0370915841143218
"gilbert_meta_39","X5",0.767966740653922,0.0393559807492905
"gilbert_meta_39","X6",-0.83674887667839,0.0371919445496377
"gilbert_meta_39","X7",-0.398628179506008,0.036174967933406
"gilbert_meta_39","X8",0.994843860459403,0.0410165027068151
"gilbert_meta_39","X9",1.6604362572819,0.048299824524161
"gilbert_meta_39","X10",2.14543410262044,0.0563790631313745
"gilbert_meta_40","X1",-2.51849225682989,0.0537422831632959
"gilbert_meta_40","X2",-2.70969612504335,0.0571571721416127
"gilbert_meta_40","X3",3.04907695036171,0.058694741049982
"gilbert_meta_40","X4",1.37725500454209,0.0386715378573732
"gilbert_meta_40","X5",-0.324771870890435,0.0354492522873706
"gilbert_meta_40","X6",1.64245203967097,0.0404967824445278
"gilbert_meta_40","X7",1.67869965389474,0.0408368539228545
"gilbert_meta_40","X8",1.60102643916127,0.0402610158902304
"gilbert_meta_40","X9",3.52817890588674,0.0697215439148899
"gilbert_meta_40","X10",3.14440138634674,0.0608168366541321
"gilbert_meta_40","X11",-1.9161509124922,0.047489770931458
"gilbert_meta_40","X12",-1.88421954729657,0.0509960278603402
"gilbert_meta_40","X13",-1.25096507039997,0.0434753241187584
"gilbert_meta_40","X14",-0.380478295345974,0.037523493047848
"gilbert_meta_40","X15",-1.23697247294166,0.0413143449983123
"gilbert_meta_40","X16",-1.20442893768802,0.0417721444138101
"gilbert_meta_40","X17",-1.08624021685648,0.0413107963652652
"gilbert_meta_40","X18",0.290790342363279,0.0373913456032818
"gilbert_meta_40","X19",-2.52521978552518,0.0562083589491758
"gilbert_meta_40","X20",-1.23412164819416,0.0423123929313206
"gilbert_meta_40","X21",0.163688295266555,0.0370124069431828
"gilbert_meta_40","X22",0.996217075741052,0.0404866323565435
"gilbert_meta_40","X23",-1.43236953223886,0.0428011252675979
"gilbert_meta_40","X24",-0.10627852330125,0.037158139726537
"gilbert_meta_40","X25",0.279623295716796,0.0371658707321005
"gilbert_meta_40","X26",0.582034506035149,0.037680464418807
"gilbert_meta_40","X27",0.0252684796416065,0.0370705317108013
"gilbert_meta_40","X28",0.220771290673677,0.037636283264509
"gilbert_meta_40","X29",0.27762398974663,0.0371457513034342
"gilbert_meta_40","X30",0.953297539994979,0.0394331384405548
"gilbert_meta_7","X1",-0.729372859066102,0.0753886262070607
"gilbert_meta_7","X2",-0.128396362617769,0.0702466895452133
"gilbert_meta_7","X3",0.890678044076214,0.0703341145716119
"gilbert_meta_7","X4",-0.187076702372082,0.0708363302651959
"gilbert_meta_7","X5",-0.256186437567711,0.0713004105003861
"gilbert_meta_7","X6",-0.359859021481599,0.0720549924015791
"gilbert_meta_7","X7",-0.847048529205932,0.0773124337290963
"gilbert_meta_7","X8",0.239636331749436,0.0693073361660999
"gilbert_meta_7","X9",-0.175208056437664,0.0708603677509305
"gilbert_meta_7","X10",-1.11020739160647,0.0815998173961481
"gilbert_meta_7","X11",1.83832968657302,0.0810622815949702
"gilbert_meta_7","X12",-0.712993521731569,0.0757209793453692
"gilbert_meta_7","X13",-0.669928843519948,0.0748029156557999
"gilbert_meta_7","X14",0.0270163721996547,0.069989569629297
"gilbert_meta_7","X15",0.48352080826065,0.0693642508668685
"gilbert_meta_7","X16",-1.0303488487837,0.0804540004144047
"gilbert_meta_7","X17",-1.0764030866207,0.081238445076249
"gilbert_meta_7","X18",0.595808942092617,0.069574159420096
"gilbert_meta_7","X19",-0.00204957683169987,0.0702006742303916
"gilbert_meta_7","X20",-1.37893840629325,0.0872607999855124
"gilbert_meta_7","X21",0.734817122010778,0.0699544151578155
"gilbert_meta_7","X22",-1.41300192490735,0.0881531542513547
"gilbert_meta_7","X23",-1.08928089878751,0.0816661708843409
"gilbert_meta_7","X24",-1.43978836043744,0.0878765256902687
"gilbert_meta_7","X25",1.19057548032881,0.0727503026786745
"gilbert_meta_7","X26",0.971293948039826,0.0711409213383121
"gilbert_meta_7","X27",0.877166015178135,0.0706212840262008
"gilbert_meta_7","X28",-0.447763512357894,0.0732191653624822
"gilbert_meta_7","X29",2.37930917612601,0.0937698857605598
"gilbert_meta_7","X30",0.969956318274059,0.0711680438229556
"gilbert_meta_7","X31",2.3210776103885,0.091664832103002
"gilbert_meta_7","X32",-0.199363533207918,0.0707744209446768
"gilbert_meta_7","X33",-0.276436574944817,0.0712927546958914
"gilbert_meta_7","X34",0.556218049491986,0.0691813939963177
"gilbert_meta_7","X35",-0.358274197874478,0.0719410025002848
"gilbert_meta_7","X36",-0.187477258136091,0.0707666218224551
"gilbert_meta_8","X1",0.147272376988819,0.0672634734403012
"gilbert_meta_8","X2",-0.21756979509378,0.0667201969649458
"gilbert_meta_8","X3",-0.217526610967822,0.0672054561475786
"gilbert_meta_8","X4",0.564183451924104,0.0698586608116256
"gilbert_meta_8","X5",0.0546001042447591,0.0676327074659138
"gilbert_meta_8","X6",0.572311241991013,0.0702031606792915
"gilbert_meta_8","X7",-0.688087591285554,0.0685933020250517
"gilbert_meta_8","X8",0.0991055426430521,0.068068261521717
"gilbert_meta_8","X9",-0.222829261028955,0.0664823166168961
"gilbert_meta_8","X10",1.24795448778431,0.0770815430572471
"gilbert_meta_8","X11",0.116069838294827,0.0681609524810382
"gilbert_meta_8","X12",0.24530023263023,0.0687651758630454
"gilbert_meta_8","X13",-0.554878299649071,0.0684812099615018
"gilbert_meta_8","X14",0.163550212033416,0.068984119631839
"gilbert_meta_8","X15",1.15130849285375,0.0767395408641204
"gilbert_meta_8","X16",0.297757345331166,0.0696541936787609
"gilbert_meta_8","X17",-0.173780148839989,0.0685759780758506
"gilbert_meta_8","X18",-0.690166182323464,0.067435732241314
"gilbert_meta_8","X19",0.516340015956187,0.0709200990248494
"gilbert_meta_8","X20",-0.639075959538821,0.0694314730675582
"gilbert_meta_8","X21",0.0516666671005997,0.0689717701719295
"gilbert_meta_8","X22",-0.915487842779762,0.0709818940386505
"gilbert_meta_8","X23",-0.315581476766911,0.0687356243933609
"gilbert_meta_8","X24",0.18090794504638,0.067228104331113
"gilbert_meta_8","X25",-0.348734765629889,0.0666581838790876
"gilbert_meta_8","X26",0.607649228989237,0.0695103069301895
"gilbert_meta_8","X27",-0.248162817343175,0.0666608738549954
"gilbert_meta_8","X28",-0.392846359418662,0.0668086575057447
"gilbert_meta_8","X29",-0.391250073145999,0.0667814905862372
"janssen2_tam","X1",-0.813606677119295,0.149061354245773
"janssen2_tam","X2",1.61577001080417,0.149097240306486
"janssen2_tam","X3",-0.763855536723783,0.147807706943504
"janssen2_tam","X4",-0.969261342655913,0.153396988730745
"janssen2_tam","X5",-0.698958879714912,0.146264926501063
"janssen2_tam","X6",-0.32204743519837,0.139248640065182
"janssen2_tam","X7",-0.0713909115440692,0.136284868586771
"janssen2_tam","X8",-0.00369976335577166,0.135703814350829
"janssen2_tam","X9",1.26885269640934,0.141559997996736
"janssen2_tam","X10",1.77194606325536,0.15346742816073
"janssen2_tam","X11",0.953912522243888,0.137075940629408
"janssen2_tam","X12",-0.898808996587142,0.151355420911225
"janssen2_tam","X13",2.12291481563833,0.165775389168496
"janssen2_tam","X14",-0.780332009918668,0.148215992415207
"janssen2_tam","X15",-1.1560638815648,0.159478824651742
"janssen2_tam","X16",-0.635557346334448,0.144856390881443
"janssen2_tam","X17",-0.66708069003704,0.145544680774462
"janssen2_tam","X18",-0.251117655918851,0.138277846722941
"janssen2_tam","X19",0.0231991114115643,0.135498243798988
"janssen2_tam","X20",0.275185906910408,0.13426148914451
"kfcovid_Li2020","X1",-0.964355998785764,1.12006677534998
"kfcovid_Li2020","X2",1.31017502762522,0.394243884638731
"kfcovid_Li2020","X3",0.625040975967166,0.483219420285686
"kfcovid_Li2020","X4",1.27557079474942,0.397988760900913
"kfcovid_Li2020","X5",-0.147306155687212,0.648853072986226
"kfcovid_Li2020","X6",1.50950708849708,0.374650859919751
"kfcovid_Li2020","X7",-0.425025509566272,0.754121865103742
"kfcovid_Li2020","X8",0.134487283123926,0.573650775201084
"kfcovid_Li2020","X9",-0.964355998785764,1.12006677538059
"kfcovid_Li2020","X10",-0.964355998785764,1.12006677536076
"kfcovid_Li2020","X11",-0.964355998785764,1.12006677538604
"kfcovid_Li2020","X12",-0.425025509566272,0.754121865078313
"lsat","X1",-1.66029321088568,0.130468777411505
"lsat","X2",0.629978086169292,0.0792002445278592
"lsat","X3",1.63371082547436,0.0717943635661379
"lsat","X4",0.222752875698354,0.0846625061017449
"lsat","X5",-0.826148576456328,0.105471945393709
"mcmi_mokken","X1",-0.331366800334395,0.0877953540291313
"mcmi_mokken","X2",-0.604683291804282,0.0884077713024866
"mcmi_mokken","X3",-0.598655615024114,0.0883829849256964
"mcmi_mokken","X4",-0.791627948069236,0.0894253072301847
"mcmi_mokken","X5",-0.396206788977154,0.0878444392770583
"mcmi_mokken","X6",-0.425747479603299,0.0878870009811559
"mcmi_mokken","X7",0.00324526885508891,0.0885799886586231
"mcmi_mokken","X8",-0.0894213693392482,0.0881783696478686
"mcmi_mokken","X9",-0.0923932718165673,0.0881679436908359
"mcmi_mokken","X10",1.13820868548983,0.110778068667481
"mcmi_mokken","X11",-0.717280924567822,0.0889627896642045
"mcmi_mokken","X12",-0.296048716116462,0.0877946904392544
"mcmi_mokken","X13",0.712021358522667,0.0977583441807927
"mcmi_mokken","X14",0.363847862814452,0.091726563066437
"mcmi_mokken","X15",0.57913615733803,0.0950480801427507
"mcmi_mokken","X16",-0.0357536580652956,0.0883926596887345
"mcmi_mokken","X17",-0.650070322286699,0.088610483455264
"mcmi_mokken","X18",0.0820085813012654,0.0890428183908322
"mcmi_mokken","X19",0.74393834197578,0.0984933975243765
"mcmi_mokken","X20",0.427648413507963,0.092584428787078
"mcmi_mokken","X21",0.514373521101717,0.0939180263271382
"mcmi_mokken","X22",-0.00577458198035724,0.0885342509473857
"mcmi_mokken","X23",1.17721093153767,0.112365623389386
"mcmi_mokken","X24",0.143458886904682,0.089485974345423
"mcmi_mokken","X25",-0.307819576581076,0.0877928424929301
"mcmi_mokken","X26",-0.104271926827674,0.0881277582804763
"mcmi_mokken","X27",-0.583609389287273,0.0883233007184823
"mcmi_mokken","X28",-1.09378928152084,0.0921232517052987
"mcmi_mokken","X29",-0.107239427766032,0.0881180891703596
"mcmi_mokken","X30",0.327625609203525,0.0912835211311596
"mcmi_mokken","X31",0.424248281456263,0.0925361452483152
"mcmi_mokken","X32",0.295103336372434,0.0909118701059079
"mcmi_mokken","X33",0.0183072103075014,0.0886596409980227
"mcmi_mokken","X34",0.327625609203525,0.0912835211278846
"mcmi_mokken","X35",-0.331366800334395,0.0877953540335692
"mcmi_mokken","X36",-0.0656115140497971,0.0882673195455683
"mcmi_mokken","X37",0.431053497566246,0.0926330778291355
"mcmi_mokken","X38",0.327625609203525,0.091283521133531
"mcmi_mokken","X39",0.272551043442218,0.0906682992497749
"mcmi_mokken","X40",-0.508819408079914,0.0880731424330853
"mcmi_mokken","X41",0.89667626760931,0.102508304257353
"mcmi_mokken","X42",-0.464241725491369,0.0879611465238729
"mcmi_mokken","X43",-0.482049948208685,0.0880025398216216
"mcmi_mokken","X44",-0.122064707581713,0.0880719841937819
"mental_health_malawi","X1",0.403970772415432,0.0885417431254578
"mental_health_malawi","X2",-0.186891644642482,0.098000389872533
"mental_health_malawi","X3",0.265250683662081,0.0902586474553691
"mental_health_malawi","X4",-0.22850545951991,0.0989183907528008
"mental_health_malawi","X5",-0.134201264452072,0.0970555257360797
"mental_health_malawi","X6",0.697437330830968,0.086284228823789
"mental_health_malawi","X7",-0.327806900032304,0.101342138742539
"mental_health_malawi","X8",0.0165248104111329,0.0941645122291524
"mental_health_malawi","X9",0.0743524133725757,0.0932067018276573
"mental_health_malawi","X10",-0.677794954930755,0.111512772836586
"mental_health_malawi","X11",0.0855278065818288,0.0932724853508096
"mental_health_malawi","X12",0.220155114267372,0.0908826695304723
"mental_health_malawi","X13",0.0218849661662168,0.0942744239647445
"mental_health_malawi","X14",0.138690410989634,0.0926347306982869
"mental_health_malawi","X15",0.52710926462701,0.0875760126610105
"mental_health_malawi","X16",-0.67721403502409,0.111891347298301
"mental_health_malawi","X17",-0.624121684945158,0.109964330038054
"mental_health_malawi","X18",-0.204080129676021,0.0990483214744201
"mental_health_malawi","X19",0.137996008551361,0.0920505920699632
"mental_health_malawi","X20",0.471716491347183,0.0881273708938938
"mobility","X1",-1.89243615553371,0.0588469295902678
"mobility","X2",-0.211871882642427,0.0516884481505216
"mobility","X3",-1.70446046773634,0.0556843634126041
"mobility","X4",-0.409960508001313,0.0500779017548712
"mobility","X5",1.14797395408005,0.0808789168971106
"mobility","X6",0.773286579785158,0.0694798995982545
"mobility","X7",1.33304325582842,0.0877208663316962
"mobility","X8",0.964425224220162,0.0749305608692013
"mpsycho_Rmotivation","X1",0.400677168438559,0.0825776017350843
"mpsycho_Rmotivation","X2",1.5252499270429,0.091001934670129
"mpsycho_Rmotivation","X3",2.40087473364948,0.110052166442907
"mpsycho_Rmotivation","X4",0.345934707208693,0.0836689475730435
"mpsycho_Rmotivation","X5",1.45930146228421,0.0909531935131969
"mpsycho_Rmotivation","X6",1.27274810808547,0.0886916076531629
"mpsycho_Rmotivation","X7",3.52465338579815,0.155931822163139
"mpsycho_Rmotivation","X8",-1.96920980948021,0.115057099937912
"mpsycho_Rmotivation","X9",-1.80665568096871,0.111352752688921
"mpsycho_Rmotivation","X10",0.78460013334014,0.0849400631240772
"mpsycho_Rmotivation","X11",2.40207976706469,0.10975450563445
"mpsycho_Rmotivation","X12",3.38466170886212,0.14861743294416
"mpsycho_Rmotivation","X13",-1.09623091664943,0.0943687501821075
"mpsycho_Rmotivation","X14",-1.4477872370513,0.101162720936686
"mpsycho_Rmotivation","X15",0.968741962432629,0.0859688224840926
"mpsycho_Rmotivation","X16",-0.414403100743337,0.0860025224200297
"mpsycho_Rmotivation","X17",-2.11056346749232,0.119792418813272
"mpsycho_Rmotivation","X18",1.49521901486749,0.0911359685439559
"mpsycho_Rmotivation","X19",-0.338825189366268,0.0855684279383036
"mpsycho_Rmotivation","X20",-1.2116317691324,0.0966594932980637
"mpsycho_Rmotivation","X21",-1.6143057307076,0.106424560417294
"mpsycho_Rmotivation","X22",-2.39122050461647,0.131258651122581
"mpsycho_Rmotivation","X23",-0.662295568081111,0.088643011828904
"mpsycho_Rmotivation","X24",0.343016348424538,0.0833154583226557
"mpsycho_Rmotivation","X25",-0.43807129444239,0.0870120134254741
"mpsycho_Rmotivation","X26",-0.642470128995728,0.0891413018009535
"mpsycho_Rmotivation","X27",-2.01138743367207,0.11676074728829
"mpsycho_Rmotivation","X28",0.949705058325528,0.0855049266784088
"mpsycho_Rmotivation","X29",-0.504082181395602,0.0868153405381107
"mpsycho_Rmotivation","X30",0.0645560470222921,0.0842054051934289
"mpsycho_Rmotivation","X31",1.45555367221227,0.0904900005755086
"mpsycho_Rmotivation","X32",-0.971755263440443,0.0933967206036025
"mpsycho_Rmotivation","X33",-2.18508307685041,0.122849883322345
"mpsycho_Rmotivation","X34",0.684689525943129,0.0844014408164081
"mpsycho_Rmotivation","X35",-1.42493979248878,0.101687147251397
"mpsycho_Rmotivation","X36",-0.221344585427691,0.0853267411945041
"mpsycho_rwdq","X1",0.189320329519452,0.0856264179998586
"mpsycho_rwdq","X2",0.761810223598209,0.078053416897124
"mpsycho_rwdq","X3",1.29271876182239,0.0822266427660802
"mpsycho_rwdq","X4",-0.34721425023039,0.10431349950808
"mpsycho_rwdq","X5",0.0453581782220116,0.0881934385442397
"mpsycho_rwdq","X6",0.991342527198631,0.083666922815322
"mpsycho_rwdq","X7",0.649254771295313,0.125103663144517
"mpsycho_rwdq","X8",-1.18599621067774,0.132214949263525
"mpsycho_rwdq","X9",-0.053808142441522,0.0894322457216663
"mpsycho_rwdq","X10",0.910512515256477,0.0844603160840185
"mpsycho_rwdq","X11",0.941974029849738,0.0769850465145648
"mpsycho_rwdq","X12",-2.05742442366951,0.181142598339748
"mpsycho_rwdq","X13",-1.37060782262097,0.128327365057382
"mpsycho_rwdq","X14",-1.51861144376602,0.134067987310002
"mpsycho_rwdq","X15",0.185362487816774,0.0855457135854235
"mpsycho_rwdq","X16",0.357992799413053,0.0905563067380476
"mpsycho_rwdq","X17",0.317905041708923,0.0901240045812987
"mpsycho_rwdq","X18",-0.109889372294826,0.0905252815360126
"mpsycho_wilmer","X1",-0.645567745665321,0.0619645691776602
"mpsycho_wilmer","X2",-0.521114627897048,0.0616499003600509
"mpsycho_wilmer","X3",-0.131506748492211,0.0614086181518848
"mpsycho_wilmer","X4",-0.0225172521875846,0.0615394822106136
"mpsycho_wilmer","X5",0.480704596935434,0.0632684136823716
"mpsycho_wilmer","X6",1.01266189467833,0.0671939750257387
"mpsycho_wilmer","X7",0.0233864361487608,0.0616203945995837
"mpsycho_wilmer","X8",-0.0084080577366365,0.0615627240427523
"mpsycho_wilmer","X9",-0.592054276992964,0.0618148964371948
"mpsycho_wilmer","X10",-0.0401366108603832,0.0615124862376332
"mpsycho_wilmer","X11",0.172897528176005,0.0619901248596926
"mpsycho_wilmer","X12",0.0801005492009985,0.0617414933163694
"mpsycho_wilmer","X13",-0.457592470233102,0.0615341882001139
"mpsycho_wilmer","X14",0.288489563919939,0.0623879269391812
"mpsycho_wilmer","X15",0.816093251606506,0.0654798071642292
"mpsycho_wilmer","X16",-0.135014305332845,0.0614058385589501
"mpsycho_wilmer","X17",-0.120981653917149,0.0614174951385286
"mpsycho_wilmer","X18",0.216045639173693,0.062127147611508
"mpsycho_wilmer","X19",-0.0330910674761266,0.0615230110043865
"mpsycho_wilmer","X20",0.0658970740432522,0.0617089713668393
"mpsycho_wilmer","X21",-0.60629631547032,0.0618526037936915
"mpsycho_wilmer","X22",-0.0189911321225762,0.0615451553423966
"mpsycho_wilmer","X23",0.0233864361487609,0.0616203946009567
"mpsycho_wilmer","X24",-0.138521477812355,0.0614031485851442
"mpsycho_wilmer","X25",0.29213077216494,0.0624020543008097
"mpsycho_zareki","X1",-1.38342935924967,0.283466553540653
"mpsycho_zareki","X2",-0.969324467947437,0.237816869496716
"mpsycho_zareki","X3",-0.47426233592505,0.198996731920691
"mpsycho_zareki","X4",-1.0905521891948,0.249760465096547
"mpsycho_zareki","X5",0.213918565294838,0.165191663869652
"mpsycho_zareki","X6",0.826995041407695,0.149035280353942
"mpsycho_zareki","X7",-0.217301663961899,0.184050565692481
"mpsycho_zareki","X8",1.2057349708491,0.144242516266298
"mpsycho_zareki","X9",-1.27649017896961,0.270307013405376
"mpsycho_zareki","X10",-0.351723719904764,0.191483007887443
"mpsycho_zareki","X11",1.53252244040742,0.143047961399246
"mpsycho_zareki","X12",-0.13389630885388,0.179835763768753
"mpsycho_zareki","X13",0.0210093295297051,0.172755899054424
"mpsycho_zareki","X14",0.567175664456019,0.154531699794308
"mpsycho_zareki","X15",1.4361116348186,0.143118247514499
"mpsycho_zareki","X16",0.093512577243742,0.169756785337757
"naep_multilcirt","X1",-0.636665386098048,0.0719222374356741
"naep_multilcirt","X2",-0.182600496429044,0.0675069703638932
"naep_multilcirt","X3",1.48983300485893,0.0703185472143193
"naep_multilcirt","X4",1.5319176312311,0.0707897958785803
"naep_multilcirt","X5",-0.677291660887088,0.0724373546689778
"naep_multilcirt","X6",-0.0388726151529747,0.0665924628377455
"naep_multilcirt","X7",-1.53313437727902,0.0887830149337514
"naep_multilcirt","X8",0.686993255446172,0.0652707991128093
"naep_multilcirt","X9",-0.625697088481704,0.0717867147806897
"naep_multilcirt","X10",-0.0635599797393068,0.0667337491961469
"naep_multilcirt","X11",0.397091479395331,0.0651477085956432
"naep_multilcirt","X12",-0.348013766864348,0.0688397877806648
"NAMPRB_Siwiak_2024_KON2066","X1",-0.0359916662790113,0.180500621807083
"NAMPRB_Siwiak_2024_KON2066","X2",-0.453855975979367,0.179702586061269
"NAMPRB_Siwiak_2024_KON2066","X3",-0.724449215473869,0.181230141685889
"NAMPRB_Siwiak_2024_KON2066","X4",0.0547245350219766,0.181181380680781
"NAMPRB_Siwiak_2024_KON2066","X5",0.493789108925159,0.187113054820671
"NAMPRB_Siwiak_2024_KON2066","X6",0.526591389232878,0.187737044010631
"NAMPRB_Siwiak_2024_KON2066","X7",-0.0058376663143821,0.180706635956141
"NAMPRB_Siwiak_2024_KON2066","X8",0.146327917351942,0.182055134730767
"NAMPRB_Siwiak_2024_KON2066","X9",-0.126041064020674,0.180004938664887
"NAMPRB_Siwiak_2024_KON2066","X10",-0.543499120883475,0.180029635651278
"NAMPRB_Siwiak_2024_KON2066","X11",0.177099504562575,0.182391006401798
"NAMPRB_Siwiak_2024_KON2066","X12",-0.940342286510143,0.183622696872484
"NAMPRB_Siwiak_2024_KON2066","X13",1.09702937844866,0.202943080853759
"NAMPRB_Siwiak_2024_KON2066","X14",0.364867720628863,0.184908908561184
"NAMPRB_Siwiak_2024_KON2066","X15",-0.155945940462947,0.179879805886106
"NAMPRB_Siwiak_2024_KON2066","X16",0.428895234592208,0.18595443213138
"NAMPRB_Siwiak_2024_KON2066","X17",-0.0660716586413204,0.180315152753055
"NAMPRB_Siwiak_2024_KON2066","X18",0.0243983517169598,0.180933458170117
"NAMPRB_Siwiak_2024_KON2066","X19",0.592971931312888,0.18907950345816
"NAMPRB_Siwiak_2024_KON2066","X20",-0.2454323125641,0.179622525909078
"NAMPRB_Siwiak_2024_KON2066","X21",-0.63362651638178,0.180536845275629
"NAMPRB_Siwiak_2024_KON2066","X22",0.0243983517169593,0.180933458171508
"novelobjectmatching","X1",-1.7011571561418,0.263186809197716
"novelobjectmatching","X2",-0.830618938213607,0.229127283277787
"novelobjectmatching","X3",-1.4259861699096,0.251359076915795
"novelobjectmatching","X4",-2.740468015755,0.317895411542437
"novelobjectmatching","X5",1.23350708559275,0.182040923182935
"novelobjectmatching","X6",-0.14311719441511,0.208647216670886
"novelobjectmatching","X7",-0.620131956786382,0.222294565204183
"novelobjectmatching","X8",-3.77579813106454,0.390931136070616
"novelobjectmatching","X9",0.742294709590604,0.189504886960499
"novelobjectmatching","X10",0.032001760983364,0.204245637334502
"novelobjectmatching","X11",-1.29742380942264,0.246179418925093
"novelobjectmatching","X12",-2.53672387732058,0.305824540189258
"novelobjectmatching","X13",-0.723735679749042,0.225593500802679
"novelobjectmatching","X14",0.440077275018804,0.195184731363218
"novelobjectmatching","X15",-3.20440305958252,0.34809255461969
"novelobjectmatching","X16",-1.17407215837019,0.241410160815044
"novelobjectmatching","X17",-2.53672387732058,0.305824540191283
"novelobjectmatching","X18",-6.53255044632253,0.713987622793415
"novelobjectmatching","X19",-2.00555535034042,0.277503588049783
"novelobjectmatching","X20",-2.17124309965567,0.285867915676732
"novelobjectmatching","X21",-2.74506430617779,0.318203237496645
"novelobjectmatching","X22",-3.20976906944533,0.348369076306833
"novelobjectmatching","X23",0.751502954911702,0.190162167883134
"novelobjectmatching","X24",0.447290185669737,0.195802750939329
"novelobjectmatching","X25",-1.70336569412023,0.263577253931321
"novelobjectmatching","X26",0.751502954911704,0.190162167883092
"novelobjectmatching","X27",-1.05555046297451,0.237454654524362
"novelobjectmatching","X28",3.73327481252078,0.175774327851666
"novelobjectmatching","X29",-0.940761810626968,0.233383066683693
"novelobjectmatching","X30",-1.70336569412023,0.263577253929876
"novelobjectmatching","X31",0.897198656729473,0.18776056202233
"novelobjectmatching","X32",-0.32356635617529,0.21412897719746
"novelobjectmatching","X33",-0.829872695845213,0.229600467843609
"novelobjectmatching","X34",1.17807422353953,0.183660846951136
"novelobjectmatching","X35",-3.20976906944533,0.348369076307502
"novelobjectmatching","X36",-1.05555046297452,0.2374546545274
"novelobjectmatching","X37",-1.70336569412023,0.263577253929584
"novelobjectmatching","X38",-1.85185955194599,0.270363139565812
"novelobjectmatching","X39",-1.85185955194599,0.270363139566843
"novelobjectmatching","X40",-2.54093055887241,0.306147177457957
"novelobjectmatching","X41",1.30059869259407,0.18118524061779
"novelobjectmatching","X42",-1.29742380942264,0.246179418924917
"novelobjectmatching","X43",-0.326536567976286,0.213601982422474
"novelobjectmatching","X44",-1.56033802128756,0.257005554070489
"novelobjectmatching","X45",0.440077275018802,0.195184731364325
"novelobjectmatching","X46",-3.47337977176222,0.367441393786974
"novelobjectmatching","X47",-0.326536567976287,0.213601982420702
"novelobjectmatching","X48",-2.00555535034042,0.277503588047732
"novelobjectmatching","X49",-0.941074298680635,0.232921072124105
"novelobjectmatching","X50",-4.12203205051208,0.420231456107929
"novelobjectmatching","X51",-0.421752104074071,0.216316682294665
"novelobjectmatching","X52",-0.519548011346246,0.219208642341435
"novelobjectmatching","X53",-0.0545915052661874,0.206382584320366
"novelobjectmatching","X54",-1.17407215837019,0.241410160816799
"novelobjectmatching","X55",-2.96178373358051,0.331816814509269
"novelobjectmatching","X56",1.09723891660367,0.1838983260441
"novelobjectmatching","X57",-0.421752104074072,0.216316682293992
"novelobjectmatching","X58",-4.12203205051209,0.420231456107643
"novelobjectmatching","X59",-1.4259861699096,0.251359076913169
"novelobjectmatching","X60",-2.740468015755,0.317895411539631
"novelobjectmatching","X61",-0.829872695845217,0.229600467842265
"novelobjectmatching","X62",-2.17466077410764,0.286218801897418
"novelobjectmatching","X63",-2.00857350325406,0.277868002608169
"novelobjectmatching","X64",-0.419233975223135,0.216833158838437
"novelobjectmatching","X65",-2.74506430617779,0.318203237499486
"novelobjectmatching","X66",1.24638589038054,0.182767124400543
"novelobjectmatching","X67",-0.323566356175291,0.214128977196726
"novelobjectmatching","X68",-1.05555046297452,0.237454654527
"novelobjectmatching","X69",-2.35153063415354,0.295576234519098
"novelobjectmatching","X70",0.122076766819058,0.202805389969867
"novelobjectmatching","X71",0.447290185669738,0.19580275094247
"novelobjectmatching","X72",-1.42737007810603,0.251774346586813
"novelobjectmatching","X73",-3.78192135433636,0.391173471070277
"novelobjectmatching","X74",-0.230288557332138,0.211587242556062
"novelobjectmatching","X75",-1.85185955194599,0.270363139563457
"novelobjectmatching","X76",-0.722551952475773,0.226077714526327
"novelobjectmatching","X77",1.24638589038054,0.182767124400502
"novelobjectmatching","X78",-0.829872695845217,0.229600467840614
"novelobjectmatching","X79",-1.56213618281387,0.257408550832285
"novelobjectmatching","X80",-1.05555046297451,0.237454654527526
"novelobjectmatching","X81",-1.29742380942264,0.246179418926034
"novelobjectmatching","X82",3.75434384066111,0.174904939193742
"novelobjectmatching","X83",3.69249335649275,0.174477829029958
"novelobjectmatching","X84",1.94190232515753,0.174908570340805
"novelobjectmatching","X85",0.116789669159603,0.202227168283816
"novelobjectmatching","X86",-3.20440305958253,0.348092554621728
"novelobjectmatching","X87",2.48958607818488,0.17218452450576
"novelobjectmatching","X88",2.30892424542449,0.172820277726548
"novelobjectmatching","X89",4.46272606197862,0.182034781675304
"novelobjectmatching","X90",2.24835677884656,0.173091056106456
"novelobjectmatching","X91",3.44789798088657,0.173088648870525
"novelobjectmatching","X92",0.517407486037134,0.193649910383831
"novelobjectmatching","X93",0.593506336340864,0.192194626303632
"novelobjectmatching","X94",4.59898882110702,0.18389173531258
"novelobjectmatching","X95",-2.53672387732058,0.305824540184952
"novelobjectmatching","X96",0.11678966915961,0.202227168281867
"novelobjectmatching","X97",-2.17124309965568,0.285867915670502
"novelobjectmatching","X98",0.517407486037126,0.193649910381942
"novelobjectmatching","X99",-0.233714533782078,0.211049831281224
"novelobjectmatching","X100",0.361437817797516,0.196804081819504
"novelobjectmatching","X101",0.824833174118101,0.188929567510207
"novelobjectmatching","X102",3.42361845856318,0.17400573797529
"novelobjectmatching","X103",0.287646743498314,0.199111674771339
"novelobjectmatching","X104",4.2471523294876,0.180406066202667
"novelobjectmatching","X105",-1.42737007810603,0.251774346585387
"novelobjectmatching","X106",-1.70336569412023,0.263577253928563
"novelobjectmatching","X107",-2.96676644204487,0.332109293554244
"novelobjectmatching","X108",7.12411699214483,0.251877208639016
"novelobjectmatching","X109",2.57513884569036,0.172991999634678
"novelobjectmatching","X110",2.02353519551734,0.175333331310579
"novelobjectmatching","X111",3.67079340082343,0.175356377123362
"novelobjectmatching","X112",1.64338063819576,0.178351270325417
"novelobjectmatching","X113",3.42361845856318,0.174005737975694
"novelobjectmatching","X114",4.72619232826801,0.186704899003118
"novelobjectmatching","X115",2.93767060695666,0.172742584277017
"novelobjectmatching","X116",0.67714891970668,0.191461822797974
"novelobjectmatching","X117",-0.13923171834854,0.209194951162249
"novelobjectmatching","X118",-1.17461571171568,0.241849224667262
"novelobjectmatching","X119",4.87010572240732,0.188986425083634
"novelobjectmatching","X120",2.57513884569036,0.172991999635889
"novelobjectmatching","X121",1.87972040890597,0.175369293890188
"novelobjectmatching","X122",1.16573434411825,0.182944587381314
"novelobjectmatching","X123",4.13332496259154,0.178200879123184
"novelobjectmatching","X124",-0.620131956786384,0.222294565203216
"novelobjectmatching","X125",0.361437817797515,0.196804081816613
"novelobjectmatching","X126",-0.620131956786383,0.222294565203668
"novelobjectmatching","X127",-2.740468015755,0.317895411542407
"novelobjectmatching","X128",2.54953156313,0.17203027944575
"novelobjectmatching","X129",1.36704863088348,0.180375610068609
"novelobjectmatching","X130",0.517407486037134,0.193649910378229
"novelobjectmatching","X131",1.56291536775017,0.178205909479457
"novelobjectmatching","X132",1.94190232515752,0.174908570341172
"novelobjectmatching","X133",1.87972040890597,0.175369293891242
"novelobjectmatching","X134",-0.0545915052661874,0.206382584318687
"novelobjectmatching","X135",0.199888536876217,0.200318918153695
"novelobjectmatching","X136",1.75426134315189,0.176394316261029
"novelobjectmatching","X137",0.66844624587339,0.190814333850616
"novelobjectmatching","X138",5.49628283044183,0.200309729706055
"novelobjectmatching","X139",2.66913587050994,0.171806686432632
"novelobjectmatching","X140",2.36930376610843,0.172579193071016
"novelobjectmatching","X141",-1.56213618281387,0.257408550829954
"novelobjectmatching","X142",-0.230288557332136,0.211587242556581
"novelobjectmatching","X143",3.17971606699245,0.17314237875646
"novelobjectmatching","X144",0.287646743498316,0.199111674770397
"novelobjectmatching","X145",0.287646743498316,0.199111674769474
"novelobjectmatching","X146",0.677148919706682,0.19146182279875
"novelobjectmatching","X147",3.30134879605945,0.17351495143869
"novelobjectmatching","X148",1.57856736666795,0.178982781314886
"novelobjectmatching","X149",1.17807422353952,0.183660846947901
"novelobjectmatching","X150",1.10904485346178,0.18460468916924
"novelobjectmatching","X151",2.57513884569036,0.172991999634259
"novelobjectmatching","X152",-2.74506430617779,0.318203237499907
"novelobjectmatching","X153",1.70772976753515,0.177758292051363
"novelobjectmatching","X154",3.05854654583411,0.172885495902528
"novelobjectmatching","X155",0.75150295491171,0.190162167882994
"novelobjectmatching","X156",2.14758925889728,0.174598556459495
"novelobjectmatching","X157",6.31458874340006,0.222881194670133
"novelobjectmatching","X158",4.31358775925901,0.181163193402231
"novelobjectmatching","X159",3.17971606699245,0.173142378757321
"novelobjectmatching","X160",3.24046378643686,0.173314065472389
"novelobjectmatching","X161",5.92985367591726,0.211039837649252
"novelobjectmatching","X162",3.44789798088657,0.173088648873893
"novelobjectmatching","X163",1.16573434411824,0.182944587380583
"novelobjectmatching","X164",0.0368177185720735,0.204813769599288
"novelobjectmatching","X165",3.8592390084265,0.176711687637559
"novelobjectmatching","X166",3.11908408560805,0.17299960193972
"novelobjectmatching","X167",-0.419233975223131,0.216833158840171
"novelobjectmatching","X168",1.36704863088349,0.180375610071829
"novelobjectmatching","X169",-1.4259861699096,0.251359076913244
"novelobjectmatching","X170",-0.230288557332138,0.211587242555825
"novelobjectmatching","X171",2.84813404132751,0.171681122912617
"novelobjectmatching","X172",0.205650818522328,0.200907165962192
"novelobjectmatching","X173",2.54953156312999,0.172030279447407
"novelobjectmatching","X174",-1.70336569412023,0.263577253928901
"novelobjectmatching","X175",-0.517478319026326,0.21971448969792
"novelobjectmatching","X176",0.517407486037128,0.193649910380392
"novelobjectmatching","X177",-0.139231718348538,0.209194951161171
"novelobjectmatching","X178",0.52511254900946,0.194277776486681
"novelobjectmatching","X179",1.96107395350221,0.175749520316846
"novelobjectmatching","X180",1.57856736666796,0.178982781312337
"novelobjectmatching","X181",0.968654840647912,0.186651980785978
"novelobjectmatching","X182",3.81652450875383,0.17536542254608
"novelobjectmatching","X183",-0.722551952475768,0.226077714524337
"novelobjectmatching","X184",2.24835677884655,0.173091056107083
"novelobjectmatching","X185",-2.74506430617779,0.318203237504502
"novelobjectmatching","X186",-0.519548011346243,0.219208642342162
"novelobjectmatching","X187",-2.17466077410764,0.286218801895922
"novelobjectmatching","X188",-2.96178373358051,0.331816814507088
"novelobjectmatching","X189",-1.05555046297451,0.23745465452494
"novelobjectmatching","X190",-2.96178373358052,0.331816814505669
"novelobjectmatching","X191",0.897198656729469,0.18776056202163
"novelobjectmatching","X192",0.886965471483333,0.187083696502348
"novelobjectmatching","X193",-0.941074298680636,0.232921072126521
"novelobjectmatching","X194",2.20923094611293,0.174278650944122
"novelobjectmatching","X195",0.968654840647911,0.186651980783586
"novelobjectmatching","X196",-0.326536567976286,0.213601982422165
"novelobjectmatching","X197",-2.00555535034042,0.277503588048264
"novelobjectmatching","X198",-3.20976906944533,0.348369076306539
"novelobjectmatching","X199",-0.421752104074073,0.216316682295655
"novelobjectmatching","X200",-4.53503030428083,0.458337591805798
"novelobjectmatching","X201",-1.7011571561418,0.263186809195403
"novelobjectmatching","X202",-2.96178373358052,0.331816814508629
"novelobjectmatching","X203",-0.830618938213604,0.229127283278273
"novelobjectmatching","X204",0.368162928224754,0.197412221188289
"novelobjectmatching","X205",-2.53672387732059,0.30582454018515
"novelobjectmatching","X206",2.18757907919909,0.173391990632605
"novelobjectmatching","X207",3.50867371534035,0.173389337325698
"novelobjectmatching","X208",4.39563652130978,0.181179321311048
"novelobjectmatching","X209",2.39289550404852,0.173502257610194
"novelobjectmatching","X210",-2.740468015755,0.3178954115399
"novelobjectmatching","X211",-1.56213618281387,0.257408550832943
"novelobjectmatching","X212",2.20923094611293,0.1742786509426
"novelobjectmatching","X213",4.06908381362928,0.177559208631949
"novelobjectmatching","X214",2.4295172092273,0.172367393967963
"novelobjectmatching","X215",2.81692125276438,0.172712698700784
"novelobjectmatching","X216",-2.17124309965567,0.28586791567179
"novelobjectmatching","X217",-0.139231718348539,0.209194951163658
"novelobjectmatching","X218",0.0320017609833649,0.204245637335118
"novelobjectmatching","X219",0.968654840647911,0.186651980784158
"novelobjectmatching","X220",-2.96676644204487,0.332109293554445
"novelobjectmatching","X221",-2.96178373358051,0.331816814507854
"novelobjectmatching","X222",-2.00857350325406,0.277868002607705
"novelobjectmatching","X223",-1.29742380942264,0.246179418928204
"novelobjectmatching","X224",0.205650818522329,0.200907165961701
"novelobjectmatching","X225",-0.233714533782086,0.211049831279446
"novelobjectmatching","X226",0.886965471483332,0.187083696502554
"novelobjectmatching","X227",-0.0502427276147337,0.206940556653998
"novelobjectmatching","X228",2.33186130224705,0.173730977956256
"novelobjectmatching","X229",-1.4259861699096,0.251359076915505
"novelobjectmatching","X230",-2.00555535034042,0.277503588046644
"novelobjectmatching","X231",-2.35153063415354,0.295576234517792
"novelobjectmatching","X232",-0.829872695845217,0.229600467841743
"novelobjectmatching","X233",-2.96178373358052,0.331816814507665
"novelobjectmatching","X234",-4.12852864887221,0.42045519808555
"novelobjectmatching","X235",-0.323566356175288,0.214128977198847
"novelobjectmatching","X236",1.49817196994584,0.178887523155102
"novelobjectmatching","X237",-0.620131956786381,0.222294565203671
"novelobjectmatching","X238",-0.618507068313908,0.222789662173652
"novelobjectmatching","X239",-1.42737007810603,0.251774346586829
"novelobjectmatching","X240",-2.74046801575501,0.317895411538539
"novelobjectmatching","X241",-1.42737007810603,0.251774346583032
"novelobjectmatching","X242",0.742294709590601,0.189504886959745
"novelobjectmatching","X243",0.287646743498314,0.199111674774133
"novelobjectmatching","X244",2.24835677884656,0.1730910561042
"novelobjectmatching","X245",0.815114775949923,0.188262497053961
"novelobjectmatching","X246",0.122076766819057,0.202805389970423
"novelobjectmatching","X247",-1.17461571171568,0.24184922466235
"novelobjectmatching","X248",0.525112549009457,0.194277776484614
"novelobjectmatching","X249",-2.96676644204488,0.332109293558739
"novelobjectmatching","X250",1.24638589038055,0.182767124400249
"novelobjectmatching","X251",-4.53503030428083,0.458337591802398
"novelobjectmatching","X252",-0.723735679749041,0.225593500805573
"novelobjectmatching","X253",-1.84924439810687,0.269985547782544
"novelobjectmatching","X254",1.38102063777084,0.181121862324128
"novelobjectmatching","X255",1.44742096938643,0.18036662960688
"novelobjectmatching","X256",-0.0545915052661905,0.206382584318718
"novelobjectmatching","X257",3.60861153483172,0.1749712041931
"novelobjectmatching","X258",-0.941074298680639,0.232921072126512
"novelobjectmatching","X259",-0.0545915052661883,0.206382584316961
"novelobjectmatching","X260",0.0320017609833614,0.204245637335751
"novelobjectmatching","X261",0.440077275018806,0.195184731363242
"novelobjectmatching","X262",-0.42175210407407,0.216316682295091
"novelobjectmatching","X263",1.49817196994584,0.178887523155464
"novelobjectmatching","X264",-1.29742380942264,0.246179418927164
"novelobjectmatching","X265",8.23260362922829,0.305813280531996
"novelobjectmatching","X266",0.0320017609833645,0.204245637332651
"novelobjectmatching","X267",-0.940761810626968,0.233383066683008
"novelobjectmatching","X268",-2.35153063415354,0.295576234515209
"novelobjectmatching","X269",0.96865484064791,0.186651980785827
"novelobjectmatching","X270",-0.519548011346243,0.21920864234059
"novelobjectmatching","X271",-0.618507068313911,0.222789662174061
"novelobjectmatching","X272",-0.421752104074075,0.21631668229605
"novelobjectmatching","X273",-0.519548011346243,0.219208642340602
"novelobjectmatching","X274",0.677148919706679,0.191461822796305
"novelobjectmatching","X275",-0.143117194415103,0.208647216672662
"novelobjectmatching","X276",-1.70115715614179,0.263186809194715
"novelobjectmatching","X277",5.48974377286111,0.200980362631173
"novelobjectmatching","X278",-1.1740721583702,0.241410160812878
"novelobjectmatching","X279",0.368162928224752,0.197412221190931
"novelobjectmatching","X280",-1.42737007810603,0.251774346586682
"novelobjectmatching","X281",-0.940761810626972,0.23338306668297
"novelobjectmatching","X282",-0.32356635617529,0.214128977198977
"novelobjectmatching","X283",-1.42737007810603,0.251774346584466
"novelobjectmatching","X284",-0.0545915052661861,0.206382584317219
"novelobjectmatching","X285",-0.61850706831391,0.222789662173319
"novelobjectmatching","X286",-3.20440305958253,0.348092554619051
"novelobjectmatching","X287",1.16573434411824,0.182944587382656
"novelobjectmatching","X288",0.525112549009461,0.194277776484957
"novelobjectmatching","X289",0.361437817797518,0.196804081818202
"novelobjectmatching","X290",0.205650818522332,0.200907165963197
"novelobjectmatching","X291",-1.85185955194599,0.27036313956718
"novelobjectmatching","X292",-3.77579813106453,0.390931136069069
"novelobjectmatching","X293",-0.0545915052661923,0.20638258432016
"novelobjectmatching","X294",-1.29742380942264,0.246179418926969
"novelobjectmatching","X295",-1.84924439810686,0.269985547782933
"novelobjectmatching","X296",-1.56213618281387,0.257408550831816
"novelobjectmatching","X297",0.122076766819065,0.202805389970915
"novelobjectmatching","X298",-3.77579813106453,0.390931136071197
"novelobjectmatching","X299",-2.00857350325406,0.277868002607417
"novelobjectmatching","X300",0.361437817797514,0.196804081817245
"novelobjectmatching","X301",-2.17124309965568,0.285867915672752
"novelobjectmatching","X302",-0.0502427276147355,0.206940556655972
"novelobjectmatching","X303",-0.41923397522313,0.21683315883913
"novelobjectmatching","X304",-1.70336569412023,0.263577253929317
"novelobjectmatching","X305",-1.05543299544764,0.237004027393651
"novelobjectmatching","X306",3.73327481252079,0.175774327850901
"novelobjectmatching","X307",-2.96676644204487,0.332109293557339
"novelobjectmatching","X308",-2.17124309965568,0.2858679156732
"novelobjectmatching","X309",1.69092932005411,0.17696054441935
"novelobjectmatching","X310",-1.1740721583702,0.241410160817339
"novelobjectmatching","X311",0.525112549009463,0.194277776484851
"novelobjectmatching","X312",-2.00555535034042,0.277503588046517
"novelobjectmatching","X313",-1.05555046297451,0.237454654524969
"novelobjectmatching","X314",1.03925386113925,0.185600914243895
"novelobjectmatching","X315",-1.42737007810603,0.251774346582594
"novelobjectmatching","X316",-0.618507068313912,0.222789662174064
"novelobjectmatching","X317",0.116789669159612,0.202227168283101
"novelobjectmatching","X318",-2.740468015755,0.317895411540933
"novelobjectmatching","X319",0.11678966915961,0.20222716828668
"novelobjectmatching","X320",1.77164503460446,0.177202668152829
"orev_bohn2024","X1",-1.15041825244791,0.41892852108217
"orev_bohn2024","X2",-1.52213699073975,0.508922957021726
"orev_bohn2024","X3",3.84400198285302,0.105085847397852
"orev_bohn2024","X4",1.69242330586869,0.130949666600236
"orev_bohn2024","X5",-0.503152709211132,0.302912384393739
"orev_bohn2024","X6",-2.77428575620867,1.00456150610233
"orev_bohn2024","X7",-2.15073670030811,0.713564587698333
"orev_bohn2024","X8",-2.15073670030811,0.713564587689357
"orev_bohn2024","X9",-2.77428575620866,1.00456150611563
"orev_bohn2024","X10",4.00385112127246,0.10624663569763
"orev_bohn2024","X11",-0.774061579906177,0.346010952093896
"orev_bohn2024","X12",3.60246043695892,0.104116635095617
"orev_bohn2024","X13",2.34211133537321,0.114211615762592
"orev_bohn2024","X14",3.54850606429556,0.104026487005294
"orev_bohn2024","X15",-0.883971530035245,0.365626198429649
"orev_bohn2024","X16",-1.78386538703053,0.585170223088349
"orev_bohn2024","X17",0.287610958368417,0.21166592121628
"orev_bohn2024","X18",-2.15073670030811,0.713564587694627
"orev_bohn2024","X19",-0.585493773505276,0.315264760941963
"orev_bohn2024","X20",3.0366643987916,0.105437797536817
"orev_bohn2024","X21",-1.78386538703053,0.585170223092072
"orev_bohn2024","X22",2.74337510778122,0.108129461215332
"orev_bohn2024","X23",-2.15073670030811,0.713564587700046
"orev_bohn2024","X24",3.49464533211786,0.103982024776423
"orev_bohn2024","X25",-1.52213699073975,0.508922957022296
"orev_bohn2024","X26",3.13124392007685,0.104866918396944
"orev_bohn2024","X27",1.43873177253481,0.140296994632388
"orev_bohn2024","X28",-1.78386538703053,0.585170223094837
"orev_bohn2024","X29",2.05871974890246,0.120363299872333
"orev_bohn2024","X30",-2.77428575620866,1.00456150611063
"orev_bohn2024","X31",-0.585493773505276,0.315264760938458
"orev_bohn2024","X32",1.92508519581881,0.123858771170052
"orev_bohn2024","X33",2.44517740599382,0.112369248747231
"orev_bohn2024","X34",-1.52213699073975,0.508922957024704
"orev_bohn2024","X35",0.996563538214181,0.161352055749431
"orev_bohn2024","X36",-0.883971530035245,0.365626198432432
"orev_bohn2024","X37",1.69242330586869,0.130949666598665
"orev_bohn2024","X38",0.394467068751318,0.202496437039628
"orev_bohn2024","X39",3.05251208183873,0.105332204653822
"orev_bohn2024","X40",-2.77428575620866,1.00456150611423
"orev_bohn2024","X41",-2.15073670030811,0.713564587691004
"orev_bohn2024","X42",-2.15073670030811,0.713564587685925
"orev_bohn2024","X43",-2.77428575620866,1.0045615061088
"orev_bohn2024","X44",-2.15073670030811,0.713564587690572
"orev_bohn2024","X45",0.46053072380456,0.197138471207801
"orev_bohn2024","X46",-2.77428575620866,1.00456150612194
"orev_bohn2024","X47",0.794336915880707,0.173365704951187
"pirlsmissing_sirt","X1",-1.00073809680421,0.0523325833328864
"pirlsmissing_sirt","X2",-0.199665769562779,0.0468533430232427
"pirlsmissing_sirt","X3",-0.502757824261076,0.0473731191621581
"pirlsmissing_sirt","X4",1.82039456647607,0.0511440120501451
"pirlsmissing_sirt","X5",0.319313829466395,0.0433827071298825
"pirlsmissing_sirt","X6",-0.447784630932542,0.046907661082883
"pirlsmissing_sirt","X7",0.257857646366875,0.0435840893711753
"pirlsmissing_sirt","X8",0.832971512101852,0.047507687410449
"pirlsmissing_sirt","X9",2.31168760531956,0.0579651718101
"pirlsmissing_sirt","X10",0.735584870813169,0.0465627319113007
"pirlsmissing_sirt","X11",0.155505456760095,0.0438690696448538
"pirlsmissing_sirt","X12",0.924266468890774,0.0451773654725283
"pirlsmissing_sirt","X13",0.0640195425165168,0.0442753714791881
"pirlsmissing_sirt","X14",1.30566362360833,0.0480702617991641
"pirlsmissing_sirt","X15",-0.243777657405844,0.0506991061431116
"pirlsmissing_sirt","X16",0.056260607986199,0.049361892799811
"pirlsmissing_sirt","X17",0.394985555961453,0.0479218191523174
"pirlsmissing_sirt","X18",-0.695637427086358,0.0542069542215698
"pirlsmissing_sirt","X19",-0.013192596469896,0.0456677065768561
"pirlsmissing_sirt","X20",-0.546179508642245,0.0477386403584962
"pirlsmissing_sirt","X21",-0.620028405349317,0.0490832124398013
"pirlsmissing_sirt","X22",-1.0541075143512,0.0547374036936324
"pirlsmissing_sirt","X23",0.79304462024156,0.042894972089543
"pirlsmissing_sirt","X24",0.597829960503788,0.0441033298597644
"pirlsmissing_sirt","X25",-0.830690744435059,0.0514349055943593
"pirlsmissing_sirt","X26",-0.772104363971786,0.0518745815660663
"pirlsmissing_sirt","X27",-0.933474209911854,0.0519309833062095
"pirlsmissing_sirt","X28",-1.18736084887684,0.0568487712078739
"pirlsmissing_sirt","X29",-1.58390487485743,0.0621513904816994
"pirlsmissing_sirt","X30",-0.37204125529917,0.0467699560554972
"pirlsmissing_sirt","X31",-0.0689438325626746,0.0450110197273082
"pirlsmissing_sirt","X32",-1.79411397071175,0.0667943031160356
"pirlsmissing_sirt","X33",0.186576733471131,0.0460511961503672
"pirlsmissing_sirt","X34",1.08371066742251,0.0455266826239669
"pirlsmissing_sirt","X35",1.02683026358576,0.0452765591068343
"pisa2003_problem_solving","X1",-0.729416376243386,0.0578403057815237
"pisa2003_problem_solving","X2",0.327848854476385,0.0509760318821365
"pisa2003_problem_solving","X3",0.423115891483512,0.0510766300041004
"pisa2003_problem_solving","X4",-0.603182624296987,0.0588501653618691
"pisa2003_problem_solving","X5",0.49741557607208,0.0516452954344623
"pisa2003_problem_solving","X6",-0.506655049768381,0.0614292850725138
"pisa2003_problem_solving","X7",0.403836476379524,0.052019337544366
"pisa2003_problem_solving","X8",0.187037251897254,0.0546246842577698
"pisa2003_science","X1",-0.25397045669334,0.049622141903774
"pisa2003_science","X2",1.20386235555184,0.0580874887615037
"pisa2003_science","X3",-0.427679820265143,0.0457308293287452
"pisa2003_science","X4",0.333178351400001,0.0447298386941078
"pisa2003_science","X5",-0.367650233627475,0.0455127865832323
"pisa2003_science","X6",0.555042994280842,0.045370227739134
"pisa2003_science","X7",0.179711305329015,0.0493628638097321
"pisa2003_science","X8",1.31622600447295,0.0531417480187421
"pisa2003_science","X9",-0.485666464294583,0.0471294490662998
"pisa2003_science","X10",0.830904737066653,0.0465647652018488
"pisa2003_science","X11",0.282113471074731,0.0450602750450601
"pisa2003_science","X12",0.750263416443617,0.046428942110145
"pisa2003_science","X13",-1.06204981116474,0.0508631866756593
"pisa2003_science","X14",0.177429223820737,0.0450692323720522
"pisa2003_science","X15",-0.723125515577385,0.0481431847780738
"pisa2003_science","X16",-0.290636135012178,0.0453911940107753
"pisa2003_science","X17",-2.17704699092248,0.0632636510280372
"pisa2003_science","X18",-1.00490774622944,0.0512327368124468
"pisa2003_science","X19",0.345932646466412,0.0530827992709694
"pisa2003_science","X20",-0.0524844129518992,0.0469560424732233
"pisa2003_science","X21",-0.629842910150916,0.0521641718820185
"pisa2003_science","X22",0.501102467431995,0.0501449966637298
"pisa2003_science","X23",1.03729910120733,0.0476659207379209
"pisa2003_science","X24",0.461099569805346,0.046548794035611
"pisa2003_science","X25",-0.353210298604754,0.0466413190432582
"pisa2003_science","X26",-0.815589310013665,0.0522437786484672
"pisa2003_science","X27",-0.800817263517213,0.0518206781624783
"pisa2003_science","X28",-0.00939565110832213,0.0460190905752608
"pisa2003_science","X29",1.82485703123242,0.0534761854303356
"pisa2003_science","X30",-0.344949655450359,0.0460038118236168
"PMT_Trzcinska_2023_finans","X1",-0.1660738872482,0.776697732966623
"PMT_Trzcinska_2023_finans","X2",-0.624009349023634,0.857541797291409
"PMT_Trzcinska_2023_finans","X3",0.339327568607308,0.738002013254181
"PMT_Trzcinska_2023_finans","X4",-0.1660738872482,0.776697732966254
"PMT_Trzcinska_2023_finans","X5",0.217389770816216,0.742995458495454
"PMT_Trzcinska_2023_finans","X6",-0.306190121796681,0.796263783828537
"PMT_Trzcinska_2023_finans","X7",0.705629905893192,0.740622427724334
"PMT_Trzcinska_2023_PMT","X1",0.671367014957298,0.143572410086264
"PMT_Trzcinska_2023_PMT","X2",2.77106837321086,0.152447600354227
"PMT_Trzcinska_2023_PMT","X3",0.797080481638665,0.143680730234994
"PMT_Trzcinska_2023_PMT","X4",-0.529079916013334,0.145215449649137
"PMT_Trzcinska_2023_PMT","X5",-0.0831525002298417,0.144037761094594
"PMT_Trzcinska_2023_PMT","X6",1.23962062653277,0.144485203811463
"PMT_Trzcinska_2023_PMT","X7",0.860021964029868,0.143754915637716
"PMT_Trzcinska_2023_PMT","X8",1.23962062653277,0.144485203812444
"PMT_Trzcinska_2023_PMT","X9",-1.8747112341944,0.152934440467921
"PMT_Trzcinska_2023_PMT","X10",2.56038577284442,0.150864561597224
"PMT_Trzcinska_2023_PMT","X11",-1.38683078654604,0.149399133126417
"PMT_Trzcinska_2023_PMT","X12",-1.52390497508659,0.150306271903841
"PMT_Trzcinska_2023_PMT","X13",0.106103584292018,0.143741184579396
"PMT_Trzcinska_2023_PMT","X14",-2.860439294293,0.162758961292675
"PMT_Trzcinska_2023_PMT","X15",-0.400884020491241,0.144807762066157
"PMT_Trzcinska_2023_PMT","X16",-0.918855288740023,0.14680046291183
"PMT_Trzcinska_2023_PMT","X17",0.420285135555111,0.143514913422967
"PMT_Trzcinska_2023_PMT","X18",0.106103584292018,0.143741184578711
"PMT_Trzcinska_2023_PMT","X19",1.17606045449971,0.144329033765694
"PMT_Trzcinska_2023_PMT","X20",0.483042066197032,0.143509445589287
"PMT_Trzcinska_2023_PMT","X21",-0.273370413488073,0.144457666143193
"PMT_Trzcinska_2023_PMT","X22",0.0431045741667914,0.143826508135617
"PMT_Trzcinska_2023_PMT","X23",0.734199481645206,0.143619912529188
"PMT_Trzcinska_2023_PMT","X24",1.55988571536946,0.14548050735745
"PMT_Trzcinska_2023_PMT","X25",2.15107669196043,0.148240297694207
"PMT_Trzcinska_2023_PMT","X26",-3.36636710068451,0.169267880714332
"PMT_Trzcinska_2023_PMT","X27",1.17606045449971,0.144329033767138
"PMT_Trzcinska_2023_PMT","X28",0.357517543284164,0.143533608961225
"PMT_Trzcinska_2023_PMT","X29",-5.3694325303815,0.205974286958228
"PMT_Trzcinska_2023_PMT","X30",-1.66275108355525,0.151293469787851
"PMT_Trzcinska_2023_PMT","X31",-0.722888971250903,0.145938345133683
"PMT_Trzcinska_2023_PMT","X32",1.23962062653277,0.144485203809795
"PMT_Trzcinska_2023_PMT","X33",-0.624597645031539,0.402366381954742
"PMT_Trzcinska_2023_PMT","X34",1.32131597004228,0.398726321725116
"PMT_Trzcinska_2023_PMT","X35",-1.13049918248921,0.408944098522463
"PMT_Trzcinska_2023_PMT","X36",-0.624597645031541,0.402366381956523
"PMT_Trzcinska_2023_PMT","X37",-0.62459764503154,0.40236638195541
"PMT_Trzcinska_2023_PMT","X38",-0.132116046832971,0.398226663212155
"PMT_Trzcinska_2023_PMT","X39",4.6708120176087,0.474107689056463
"PMT_Trzcinska_2023_PMT","X40",2.32364807780995,0.410102286467042
"PMT_Trzcinska_2023_PMT","X41",-0.62459764503154,0.402366381954926
"PMT_Trzcinska_2023_PMT","X42",0.835585889983096,0.396460822171827
"PMT_Trzcinska_2023_PMT","X43",-0.13211604683297,0.398226663210329
"PMT_Trzcinska_2023_PMT","X44",-1.13049918248921,0.408944098521933
"PMT_Trzcinska_2023_PMT","X45",0.352831902262766,0.396294075771918
"PMT_Trzcinska_2023_PMT","X46",-2.21191422730573,0.431202743708379
"PMT_Trzcinska_2023_PMT","X47",-0.62459764503154,0.402366381957307
"PMT_Trzcinska_2023_PMT","X48",-2.21191422730573,0.431202743707291
"PMT_Trzcinska_2023_PMT","X49",-0.13211604683297,0.398226663209679
"PMT_Trzcinska_2023_PMT","X50",-0.62459764503154,0.402366381956202
"PMT_Trzcinska_2023_PMT","X51",2.8530861411956,0.419829764128375
"PMT_Trzcinska_2023_PMT","X52",0.352831902262766,0.396294075768567
"PMT_Trzcinska_2023_PMT","X53",0.835585889983095,0.396460822173474
"PMT_Trzcinska_2023_PMT","X54",0.352831902262765,0.396294075769184
"PMT_Trzcinska_2023_PMT","X55",1.32131597004228,0.398726321722406
"PMT_Trzcinska_2023_PMT","X56",2.32364807780995,0.410102286465661
"PMT_Trzcinska_2023_PMT","X57",2.8530861411956,0.419829764126919
"PMT_Trzcinska_2023_PMT","X58",-3.45948499377384,0.471746347577381
"PMT_Trzcinska_2023_PMT","X59",1.81536945127176,0.403197083761134
"PMT_Trzcinska_2023_PMT","X60",1.81536945127176,0.403197083759153
"PMT_Trzcinska_2023_PMT","X61",-3.45948499377384,0.471746347578425
"PMT_Trzcinska_2023_PMT","X62",-1.65673121446807,0.41835007470415
"PMT_Trzcinska_2023_PMT","X63",-1.13049918248921,0.408944098521171
"PMT_Trzcinska_2023_PMT","X64",-2.21191422730573,0.431202743706595
"polca_carcinoma","X1",-0.319913153382878,0.409865221831504
"polca_carcinoma","X2",-0.717317525041802,0.416431460549703
"polca_carcinoma","X3",0.293289618456815,0.408841042499915
"polca_carcinoma","X4",0.662604683273287,0.418811632020046
"polca_carcinoma","X5",-0.47186141725981,0.41194673243199
"polca_carcinoma","X6",0.873110947337265,0.429645410987915
"polca_carcinoma","X7",-0.319913153382878,0.409865221828568
"preschool_sel","X1",-2.72043623459215,0.115826280390266
"preschool_sel","X2",-2.0916688670989,0.100232046033538
"preschool_sel","X3",-1.40375350442756,0.0862912025755006
"preschool_sel","X4",-2.06182012662613,0.097354877882668
"preschool_sel","X5",-2.83746016299481,0.123345993277526
"preschool_sel","X6",-2.6186875291973,0.115296586932832
"preschool_sel","X7",-2.0922652512158,0.0999991538746224
"preschool_sel","X8",-0.0488782138561755,0.0814682233599913
"preschool_sel","X9",-1.8404259427729,0.0946559879852241
"preschool_sel","X10",-1.02059203414291,0.0835915663413599
"preschool_sel","X11",-3.98461182802693,0.183794697962717
"preschool_sel","X12",-2.03982290137661,0.0975823931055334
"preschool_sel","X13",-2.91774521187581,0.123276356857526
"preschool_sel","X14",-2.92716184832821,0.123862317463691
"preschool_sel","X15",-1.51225557269149,0.0881295898024183
"preschool_sel","X16",-3.11490689725348,0.133273068712743
"preschool_sel","X17",-1.91627873076057,0.0949189507050633
"preschool_sel","X18",-2.19384531277721,0.101121696140246
"preschool_sel","X19",-1.7266142865472,0.0914229192862654
"preschool_sel","X20",-0.943880934461727,0.0824440338275519
"preschool_sel","X21",-0.894293492994794,0.115729285990092
"preschool_sel","X22",-0.684325980254357,0.11522612464475
"preschool_sel","X23",-1.56498511591461,0.127472843227818
"preschool_sel","X24",-1.92262985091935,0.136852019398435
"preschool_sel","X25",0.164156896083713,0.117312325569148
"preschool_sel","X26",-0.0588060704501625,0.115663418003392
"preschool_sel","X27",-0.519800619834608,0.115130708852198
"preschool_sel","X28",-0.649914697419016,0.115445777441226
"preschool_sel","X29",-0.276401289447842,0.114567171531018
"preschool_sel","X30",-0.475886031536951,0.114607127063088
"preschool_sel","X31",0.300356362589943,0.119399663945293
"preschool_sel","X32",-1.36894150513498,0.123367098921188
"preschool_sel","X33",-0.992218395733053,0.117465574306283
"preschool_sel","X34",-1.05436600938834,0.118660686291383
"preschool_sel","X35",-0.758100775086293,0.116259281828532
"preschool_sel","X36",-0.732193349844724,0.115862140494742
"preschool_sel","X37",-1.33747378359168,0.122330065024685
"preschool_sel","X38",0.798764602922201,0.128113532494423
"preschool_sel","X39",-0.636567984858217,0.115493418005502
"preschool_sel","X40",-2.0088682453178,0.139632875789076
"preschool_sel","X41",-0.534846778692128,0.114734234815098
"preschool_sel","X42",-0.712072131559587,0.115516843670913
"preschool_sel","X43",0.402403299480821,0.120793393720046
"preschool_sel","X44",-1.85433066124837,0.134895115839327
"preschool_sel","X45",-2.00786462868502,0.106638029961891
"preschool_sel","X46",-2.0454214047997,0.107648948915299
"preschool_sel","X47",-0.80690971902402,0.0900271322485748
"preschool_sel","X48",-0.718247414813875,0.0898465344584542
"preschool_sel","X49",-1.30733643178665,0.0942949442936364
"preschool_sel","X50",-1.35770076748552,0.0946790740845389
"preschool_sel","X51",-1.03614570372811,0.0917341229292638
"preschool_sel","X52",-1.13149608896204,0.0924705968986416
"preschool_sel","X53",-0.741889787096196,0.0894164240502645
"preschool_sel","X54",-0.948064951728227,0.0908689075623332
"preschool_sel","X55",-1.00415195512694,0.0910384990092775
"preschool_sel","X56",-0.874329928234089,0.09007399263031
"preschool_sel","X57",-0.583034644801165,0.0887261060536985
"preschool_sel","X58",-0.800485910514036,0.0896267883043775
"preschool_sel","X59",-0.174362684112187,0.0886745274477132
"preschool_sel","X60",-0.368919473073961,0.0884339338833146
"preschool_sel","X61",-0.479014335176017,0.0885111246339531
"preschool_sel","X62",-0.734030213911179,0.0892860840634709
"preschool_sel","X63",-0.504967492546251,0.0885518089061678
"preschool_sel","X64",-0.654976781009293,0.088956064276161
"preschool_sel","X65",1.20856091148509,0.0983051273556741
"preschool_sel","X66",0.98770504965084,0.0938534305923782
"preschool_sel","X67",1.27500698551256,0.099802285711863
"preschool_sel","X68",1.27836718184946,0.099788562240917
"preschool_sel","X69",1.09181072116415,0.0961635089540519
"preschool_sel","X70",1.05964110901436,0.0960065778947833
"preschool_sel","X71",1.14151428971681,0.097301298633812
"preschool_sel","X72",1.14936988725717,0.0976912192595193
"preschool_sel","X73",1.20364751178805,0.0989436295482749
"preschool_sel","X74",0.210188773925014,0.107810161404978
"preschool_sel","X75",0.227347013578087,0.108575141816098
"preschool_sel","X76",-0.134815100086792,0.106929041245499
"preschool_sel","X77",-0.0688650331451255,0.106859838135637
"preschool_sel","X78",-0.00696422792892487,0.106506912077176
"preschool_sel","X79",-0.762862204858501,0.107443174145086
"preschool_sel","X80",-1.09648895013814,0.111591030813607
"preschool_sel","X81",-1.46796640290973,0.117097473388535
"preschool_sel","X82",-1.53564540567085,0.117446880861145
"preschool_sel","X83",-0.34072066867582,0.105970661739629
"preschool_sel","X84",0.451074620190693,0.111537243929408
"preschool_sel","X85",-0.0292165926465739,0.107033274778055
"preschool_sel","X86",-0.666067675486224,0.106628084359429
"preschool_sel","X87",0.368776253653669,0.110249530037268
"preschool_sel","X88",1.03410542584121,0.122350220307851
"preschool_sel","X89",0.28137412407329,0.109405132034068
"preschool_sel","X90",-1.51055467721681,0.116988450619263
"preschool_sel","X91",-1.40486670156644,0.115304539115889
"preschool_sel","X92",-1.14029250102016,0.112175271302676
"preschool_sel","X93",-1.90326906353105,0.127567423543606
"preschool_sel","X94",-0.792401095898462,0.107516453730791
"preschool_sel","X95",0.110784224697377,0.107512228151032
"preschool_sel","X96",-1.30953846757659,0.114762685288023
"preschool_sel","X97",-0.861452128371243,0.108651850131133
"preschool_sel","X98",1.2169162245828,0.0995947878979656
"preschool_sel","X99",-0.810584411603509,0.0844240598176019
"preschool_sel","X100",-0.458958407229024,0.0834262630478237
"preschool_sel","X101",-0.333814534926217,0.083277166557195
"preschool_sel","X102",-0.0962360412660346,0.0846644664101863
"preschool_sel","X103",-0.387491568012295,0.0834103427971105
"preschool_sel","X104",-0.226924158565315,0.083860000882768
"preschool_sel","X105",-0.791306763093622,0.0840837565172193
"preschool_sel","X106",-0.603929835284853,0.0840425962226184
"preschool_sel","X107",-0.678983479311949,0.0839634808951387
"preschool_sel","X108",-0.518959706547475,0.0837828038081242
"preschool_sel","X109",-0.259984167487693,0.0836663343671403
"preschool_sel","X110",-0.276402298839571,0.0836396084302526
"preschool_sel","X111",-0.510020289190906,0.0830769318092545
"preschool_sel","X112",-0.320251680989915,0.0833967212878487
"preschool_sel","X113",-1.41958175028118,0.0879918063842294
"preschool_sel","X114",-1.53600050597325,0.0899326053386434
"preschool_sel","X115",-1.58607636763147,0.0919963247331827
"preschool_sel","X116",-1.76976461636599,0.0943531575734425
"preschool_sel","X117",-1.84498851097435,0.0946231404273426
"preschool_sel","X118",-2.03517422732574,0.0993221794488987
"preschool_sel","X119",-1.49983078679825,0.0894218709505135
"preschool_sel","X120",-1.6830299516047,0.0929030088470111
"preschool_sel","X121",-2.16874860085207,0.101747893317906
"preschool_sel","X122",-3.05817375439299,0.136733859498545
"preschool_sel","X123",-1.59418847030174,0.0907920675282702
"preschool_sel","X124",-1.24758768033793,0.0871906897580366
"preschool_sel","X125",0.534719037072556,0.0865380762097812
"preschool_sel","X126",-1.59087789577217,0.0911039721367573
"preschool_sel","X127",-1.59249340122573,0.0918237739526188
"preschool_sel","X128",-0.0760098700260592,0.0829097652741874
"preschool_sel","X129",-0.715686971380385,0.0834629161754274
"preschool_sel","X130",-1.96328352120592,0.0956015329993047
"preschool_sel","X131",-1.30976265792034,0.085602256211502
"preschool_sel","X132",-0.53739187248529,0.0807709697903929
"preschool_sel","X133",-0.802107638232562,0.0816429110525655
"preschool_sel","X134",-0.412023266128067,0.0806308008490822
"preschool_sel","X135",0.0226862696737761,0.0815331324288382
"preschool_sel","X136",0.25882729166906,0.0839824472036087
"preschool_sel","X137",0.23114247858642,0.0842015248001756
"preschool_sel","X138",0.546970962931023,0.0870378368542256
"preschool_sel","X139",0.2217971520256,0.084213357349876
"preschool_sel","X140",-1.95382198974891,0.0960615694461691
"preschool_sel","X141",-1.49611013435107,0.08828262924631
"preschool_sel","X142",-0.573978855695063,0.0812823846449716
"preschool_sel","X143",-0.74206340629988,0.0818052870732147
"preschool_sel","X144",-1.10890821083578,0.0841203338399919
"preschool_sel","X145",-0.97706207478406,0.0849019577975127
"preschool_sel","X146",-0.204188111641838,0.0823749390161442
"preschool_sel","X147",-0.851484193992712,0.0841705500501054
"preschool_sel","X148",-0.00736165748739781,0.0876636471238424
"preschool_sel","X149",0.0652944934123456,0.0878974026350257
"preschool_sel","X150",1.33255887423446,0.103345425960812
"preschool_sel","X151",1.33297320085567,0.107092381693393
"preschool_sel","X152",2.03461248095336,0.128560526508705
"preschool_sel","X153",1.69250715552245,0.117112720481461
"preschool_sel","X154",2.31550406136988,0.141587034037001
"preschool_sel","X155",1.19935850951661,0.13450200805057
"preschool_sel","X156",2.3488309520794,0.180395427764647
"preschool_sel","X157",2.68839770323562,0.202493549613014
"preschool_sel","X158",3.13362303724613,0.240584180421087
"preschool_sel","X159",1.68252424123125,0.117906911979603
"preschool_sel","X160",1.61542028804291,0.116214557937284
"preschool_sel","X161",1.69759873945039,0.118846562686073
"preschool_sel","X162",2.84684728692576,0.190236492949764
"preschool_sel","X163",3.55794155465295,0.255050287358585
"preschool_sel","X164",3.49595904057254,0.248541856337291
"preschool_sel","X165",2.64837270092966,0.177655874109968
"preschool_sel","X166",3.82594510834904,0.288738287369949
"preschool_sel","X167",4.07967073304044,0.326564647252582
"preschool_sel","X168",3.74175288444927,0.279106426382424
"preschool_sel","X169",3.90123559222864,0.29979842441949
"preschool_sel","X170",2.73967271061929,0.22184766385504
"preschool_sel","X171",2.62912989947095,0.259560045920366
"preschool_sel","X172",3.74115787859574,0.398194823158255
"preschool_sel","X173",5.68420900962602,1.00872152148245
"preschool_sel","X174",2.6667238033978,0.266276880331715
"preschool_sel","X175",3.16105302782664,0.452696750073816
"preschool_sel","X176",3.75317419751494,0.621052634128947
"preschool_sel","X177",2.41838492731996,0.400599497956035
"preschool_sel","X178",2.94319138230448,0.465269510789308
"preschool_sel","X179",2.94319138230448,0.465269510789475
"preschool_sel","X180",3.73142865588775,0.622450544941898
"preschool_sel","X181",2.94319138230448,0.465269510787478
"preschool_sel","X182",2.7498912245959,0.438532546196048
"preschool_sel","X183",3.7281379383766,0.605753320280233
"preschool_sel","X184",1.97360527199204,0.339680202148868
"preschool_sel","X185",3.92553663194613,1.0409822490988
"preschool_sel","X186",3.14698513329061,0.767953913477199
"preschool_sel","X187",-2.45531952645226,0.317570785086045
"preschool_sel","X188",-2.45531952645226,0.317570785084805
"preschool_sel","X189",-2.99654733852575,0.365068387782703
"preschool_sel","X190",-1.14397169365997,0.277232667524542
"preschool_sel","X191",-2.04933156925402,0.297425222036622
"preschool_sel","X192",-1.88712905693283,0.290617278257834
"preschool_sel","X193",-1.48049924296311,0.282256141418696
"preschool_sel","X194",-1.13253226849612,0.281903205623927
"preschool_sel","X195",-1.9031249821866,0.296559289899512
"preschool_sel","X196",-0.517395906928063,0.290948808982055
"preschool_sel","X197",-1.51176383126965,0.2858554990768
"preschool_sel","X198",-0.816723620700786,0.282966205171302
"preschool_sel","X199",-1.48399140881147,0.282866135119733
"preschool_sel","X200",-0.816723620700786,0.282966205171122
"preschool_sel","X201",-1.32170290951272,0.285986094823754
"preschool_sel","X202",-1.71380153403908,0.293516026711621
"preschool_sel","X203",-1.58884103349259,0.28743526830304
"preschool_sel","X204",-1.66687221860879,0.289347459836418
"preschool_sel","X205",-1.87090178018981,0.29289769221033
"preschool_sel","X206",2.03631388017067,0.669255540695592
"preschool_sel","X207",2.69918972021638,0.882953260244262
"preschool_sel","X208",2.04736571081525,0.785903962140341
"preschool_sel","X209",2.04736571081525,0.785903962143349
"preschool_sel","X210",2.04736571081525,0.785903962141052
"preschool_sel","X211",2.69918972021638,0.882953260242649
"preschool_sel","X212",1.49635373023892,0.743868983273425
"preschool_sel","X213",1.49635373023892,0.743868983272705
"preschool_sel","X214",1.54691146050689,0.905008731663754
"preschool_sel","X215",1.54691146050689,0.905008731658683
"preschool_sel","X216",3.40967834814849,1.18416612949357
"preschool_sel","X217",3.40967834814849,1.18416612948633
"preschool_sel","X218",3.40967834814849,1.18416612948646
"preschool_sel","X219",2.36077355990128,0.962104351816234
"preschool_sel","X220",2.36077355990129,0.962104351815101
"preschool_sel","X221",3.40967834814849,1.18416612949148
"preschool_sel","X222",-0.537510503480201,1.40061330610171
"preschool_sel","X223",2.67561145167112,1.37742687355586
"preschool_sel","X224",2.67561145167112,1.37742687355746
"preschool_sel","X225",1.08851620102513,1.25518396458972
"preschool_sel","X226",1.98615503265777,1.65229535301928
"previc_bohn2023","X1",-2.95832628233391,0.469541705698431
"previc_bohn2023","X2",-2.24969209813322,0.291194247799343
"previc_bohn2023","X3",1.23734905071173,0.0828785721736493
"previc_bohn2023","X4",-0.463906330133713,0.113223877766682
"previc_bohn2023","X5",2.12635510078176,0.0890484093024384
"previc_bohn2023","X6",-0.589266311099709,0.118672727390518
"previc_bohn2023","X7",2.32273307873554,0.0925447756594308
"previc_bohn2023","X8",1.28470548574714,0.0828600747552837
"previc_bohn2023","X9",1.83830777651951,0.0854562683324367
"previc_bohn2023","X10",-3.55612225290914,0.724526191861693
"previc_bohn2023","X11",2.38350858502479,0.0938207268109115
"previc_bohn2023","X12",1.42102830809057,0.083014350257362
"previc_bohn2023","X13",2.87333970082293,0.10812850108363
"previc_bohn2023","X14",-2.55893951199285,0.357174631057469
"previc_bohn2023","X15",0.912840341072605,0.0840155668064424
"previc_bohn2023","X16",0.480553560943593,0.088439620159088
"previc_bohn2023","X17",-0.924596733779577,0.13679585715955
"previc_bohn2023","X18",0.0899368729293426,0.0957554230297628
"previc_bohn2023","X19",-0.326953291777251,0.107970966914479
"previc_bohn2023","X20",-2.41944143448921,0.325480783662286
"previc_bohn2023","X21",2.2872573765327,0.0918439434078954
"previc_bohn2023","X22",-2.24969209813322,0.291194247800994
"previc_bohn2023","X23",-1.18050382613426,0.154849312993754
"previc_bohn2023","X24",1.75245973596365,0.084701371194415
"previc_bohn2023","X25",-2.35845961449777,0.31265096550749
"previc_bohn2023","X26",2.44658447912498,0.095249491617843
"previc_bohn2023","X27",-1.77538951367937,0.216071064546529
"previc_bohn2023","X28",-0.315232304894682,0.107552920061793
"previc_bohn2023","X29",2.62868554186771,0.100018504553843
"previc_bohn2023","X30",-0.412281728509485,0.111162030141227
"previc_bohn2023","X31",0.78150640971626,0.0849920544315685
"previc_bohn2023","X32",1.82866324005054,0.0853645975143077
"previc_bohn2023","X33",-0.626735882298254,0.120430213462406
"previc_bohn2023","X34",-2.55893951199285,0.357174631062262
"previc_bohn2023","X35",0.550435605884032,0.087481750540066
"previc_bohn2023","X36",-0.827615475625869,0.130969350373301
"previc_bohn2023","X37",1.1513047019445,0.0830074149783391
"previc_bohn2023","X38",1.45675958482396,0.0831059383892912
"previc_bohn2023","X39",2.45518499211853,0.0954528229006789
"previc_bohn2023","X40",1.80945735130321,0.0851872652318474
"previc_bohn2023","X41",-2.73137855116943,0.401374705449558
"previc_bohn2023","X42",1.39429305063719,0.0829597616364831
"previc_bohn2023","X43",-2.24969209813322,0.291194247794584
"previc_bohn2023","X44",-3.29485171433447,0.597151486226084
"previc_bohn2023","X45",-0.269408345009089,0.105963819183935
"previc_bohn2023","X46",1.58294607375988,0.0836016216354116
"previc_bohn2023","X47",-1.95906815233743,0.241908566707362
"previc_bohn2023","X48",-2.73137855116943,0.401374705447537
"previc_bohn2023","X49",-3.106453694631,0.521328205079696
"previc_bohn2023","X50",-1.42638981288623,0.176478595611971
"previc_bohn2023","X51",1.81584721468611,0.0852454956677615
"previc_bohn2023","X52",-2.41944143448921,0.325480783649459
"previc_bohn2023","X53",2.14079395109596,0.0892746771260394
"previc_bohn2023","X54",-2.73137855116943,0.401374705446443
"previc_bohn2023","X55",0.329986754218623,0.0908497719058184
"previc_bohn2023","X56",-0.764912771767282,0.127467705722498
"previc_bohn2023","X57",0.14154489483115,0.0945830530702681
"previc_bohn2023","X58",0.85707085006464,0.0843927325950772
"previc_bohn2023","X59",2.47252893347237,0.0958692175076091
"previc_bohn2023","X60",0.216087124614595,0.0930061506506619
"previc_bohn2023","X61",0.31083732306825,0.0911916198750199
"previc_bohn2023","X62",-1.67310095692258,0.203257449517926
"previc_bohn2023","X63",0.378919053029543,0.090013106103552
"previc_bohn2023","X64",-2.95832628233391,0.469541705723592
"previc_bohn2023","X65",0.553877002342045,0.0874371188529526
"previc_bohn2023","X66",3.24609575986866,0.125061829290518
"previc_bohn2023","X67",2.16630185660303,0.0896859353415995
"previc_bohn2023","X68",0.26407403657055,0.0920612505562964
"previc_bohn2023","X69",3.07154782891394,0.116368968048214
"previc_bohn2023","X70",2.66307925333338,0.101034334569946
"previc_bohn2023","X71",-0.764912771767282,0.127467705731502
"previc_bohn2023","X72",1.54667383527903,0.0834314239882825
"previc_bohn2023","X73",-0.269408345009089,0.105963819176715
"previc_bohn2023","X74",-3.106453694631,0.521328205081869
"previc_bohn2023","X75",2.18471645324401,0.0899921007039838
"previc_bohn2023","X76",-0.303619889028819,0.107143440176135
"previc_bohn2023","X77",0.1792220898596,0.0937691311364253
"previc_bohn2023","X78",1.71181811009181,0.0843911823099738
"previc_bohn2023","X79",1.1274817477671,0.0830648855926582
"previc_bohn2023","X80",-0.110565518881044,0.100983450088687
"previc_bohn2023","X81",-2.73137855116943,0.401374705446097
"previc_bohn2023","X82",2.04164213721581,0.0878134164203703
"previc_bohn2023","X83",-1.50072632603308,0.183970700913733
"previc_bohn2023","X84",1.00742819363775,0.0834997433203567
"previc_bohn2023","X85",-0.567381331021234,0.11767443270077
"previc_bohn2023","X86",1.0134772802006,0.0834719894487533
"previc_bohn2023","X87",-2.64007061655044,0.377232733032474
"previc_bohn2023","X88",0.0184166882358931,0.0974939609654418
"previc_bohn2023","X89",2.00381448850688,0.0873115600018657
"previc_bohn2023","X90",-1.29479711369262,0.164330861025153
"previc_bohn2023","X91",0.57442659248182,0.0871755008441869
"previc_bohn2023","X92",-0.649852326983755,0.12154557844779
"previc_bohn2023","X93",-1.09120294264451,0.14807666648894
"previc_bohn2023","X94",-2.48589642220989,0.340157882037801
"previc_bohn2023","X95",-2.64007061655044,0.377232733034486
"previc_bohn2023","X96",2.28335839845024,0.0917688479460883
"previc_bohn2023","X97",-0.25820493448422,0.105586077949121
"previc_bohn2023","X98",-1.77538951367937,0.216071064554468
"previc_bohn2023","X99",0.0545865793793399,0.0965978823583213
"previc_bohn2023","X100",-0.855726888916829,0.132605659430411
"previc_bohn2023","X101",1.16319914180544,0.0829822673290536
"previc_bohn2023","X102",-2.48589642220989,0.340157882044409
"previc_bohn2023","X103",2.77736256595834,0.104694739806712
"previc_bohn2023","X104",-1.48151370734662,0.181988776667794
"previc_bohn2023","X105",-1.72260547691223,0.209325210520899
"previc_bohn2023","X106",0.694509013369279,0.085810861931844
"previc_bohn2023","X107",-2.64007061655044,0.377232733034727
"previc_bohn2023","X108",1.22550192410265,0.0828890113910774
"previc_bohn2023","X109",1.69009733945472,0.0842375870797473
"previc_bohn2023","X110",1.38835797049647,0.0829492576196072
"previc_bohn2023","X111",0.216087124614595,0.0930061506558691
"previc_bohn2023","X112",-0.538853593255525,0.116403614694258
"previc_bohn2023","X113",3.07856640624958,0.116691285374765
"previc_bohn2023","X114",0.931280778844552,0.0839028525915171
"previc_bohn2023","X115",-2.30209871240742,0.301311046112116
"previc_bohn2023","X116",-1.20772671104468,0.157022335583006
"previc_bohn2023","X117",1.97665785680508,0.0869695976503634
"previc_bohn2023","X118",1.35574680073286,0.0829019880069466
"previc_bohn2023","X119",1.03460532638649,0.0833799444227823
"previc_bohn2023","X120",-0.649852326983755,0.121545578449744
"previc_bohn2023","X121",-0.457328095228887,0.112955453483242
"previc_bohn2023","X122",0.0138348610945334,0.0976099749484361
"previc_bohn2023","X123",1.1483294055503,0.0830140744590794
"previc_bohn2023","X124",0.111639334797662,0.095254194375796
"previc_bohn2023","X125",1.73991069676985,0.0846024016703408
"previc_bohn2023","X126",-0.560181000202005,0.117350451530898
"previc_bohn2023","X127",0.0456232175697857,0.0968166965480585
"previc_bohn2023","X128",0.775139240481795,0.085047261931687
"previc_bohn2023","X129",1.34686052072474,0.0828921682661407
"previc_bohn2023","X130",-2.35845961449777,0.312650965528225
"previc_bohn2023","X131",-1.39154598275207,0.173126991673797
"previc_bohn2023","X132",-0.504178330975564,0.114904344078175
"previc_bohn2023","X133",2.86747926429594,0.107908937707447
"previc_bohn2023","X134",-1.56119144504365,0.190422022193626
"previc_bohn2023","X135",-0.945198674747451,0.138100998916568
"previc_bohn2023","X136",1.04062995505781,0.0833550888249494
"previc_bohn2023","X137",-0.140877332809564,0.101873340049642
"previc_bohn2023","X138",1.86092409748189,0.0856781639029942
"previc_bohn2023","X139",0.768760459007272,0.0851033109672524
"previc_bohn2023","X140",0.608314459313227,0.0867622203996339
"previc_bohn2023","X141",1.02857549372166,0.0834054389179862
"previc_bohn2023","X142",-2.41944143448921,0.325480783670433
"previc_bohn2023","X143",1.54968890413993,0.0834447135246299
"previc_bohn2023","X144",1.25807211485296,0.0828659060585039
"previc_bohn2023","X145",0.508754859512266,0.0880411552276545
"previc_bohn2023","X146",-0.350731939157413,0.108833877606815
"previc_bohn2023","X147",-0.665543363922438,0.122316475381469
"previc_bohn2023","X148",1.56780781731233,0.083527848159728
"previc_bohn2023","X149",-2.24969209813322,0.291194247791477
"previc_bohn2023","X150",1.39429305063719,0.0829597616341154
"previc_bohn2023","X151",-2.03143187828575,0.253164259192224
"previc_bohn2023","X152",-2.11136135927117,0.266356097291311
"previc_bohn2023","X153",-0.818417267219837,0.130442999211068
"previc_bohn2023","X154",-1.52039378410809,0.186033171656528
"previc_bohn2023","X155",-0.156286175368326,0.102336341228336
"previc_bohn2023","X156",-2.07034933171943,0.259485367336179
"previc_bohn2023","X157",-0.424978261100347,0.111659704286807
"previc_bohn2023","X158",-2.95832628233391,0.469541705702514
"previc_bohn2023","X159",1.30837755715644,0.082864752360121
"previc_bohn2023","X160",-0.457328095228887,0.112955453484768
"previc_bohn2023","X161",-0.405983732973573,0.110917407175844
"previc_bohn2023","X162",2.14805029430871,0.0893901637552047
"previc_bohn2023","X163",0.771951312662338,0.08507518075963
"previc_bohn2023","X164",-2.15471602132375,0.273859338961433
"previc_bohn2023","X165",3.01696715894876,0.113936135674317
"previc_bohn2023","X166",1.65003351161455,0.0839762669538716
"previc_bohn2023","X167",1.57991546183356,0.083586537260872
"previc_bohn2023","X168",-2.20070817537689,0.282096676391293
"previc_bohn2023","X169",-0.626735882298254,0.120430213460531
"previc_bohn2023","X170",-0.25820493448422,0.105586077949348
"previc_bohn2023","X171",0.162580492173457,0.094124329620394
"previc_bohn2023","X172",-2.30209871240742,0.301311046111507
"previc_bohn2023","X173",-0.642091810545161,0.121168449953086
"previc_bohn2023","X174",-2.73137855116943,0.401374705450626
"previc_bohn2023","X175",-0.405983732973573,0.110917407170481
"previc_bohn2023","X176",-2.15471602132375,0.27385933896204
"previc_bohn2023","X177",1.19585980424488,0.0829253344023312
"previc_bohn2023","X178",1.07367820006211,0.0832296803740213
"previc_bohn2023","X179",-0.350731939157413,0.108833877601635
"previc_bohn2023","X180",-2.07034933171943,0.259485367336245
"previc_bohn2023","X181",-0.100605931904675,0.100697027210454
"previc_bohn2023","X182",1.74304419202416,0.0846268461177292
"previc_bohn2023","X183",1.59812219232628,0.0836795389815267
"previc_bohn2023","X184",-1.80316293319732,0.219738226777625
"previc_bohn2023","X185",-0.424978261100347,0.111659704284755
"previc_bohn2023","X186",0.74312552401859,0.0853360718086299
"previc_bohn2023","X187",0.4230675344848,0.0893027940093382
"previc_bohn2023","X188",-1.14115415667628,0.151798970786337
"previc_bohn2023","X189",1.16319914180544,0.0829822673335718
"previc_bohn2023","X190",1.08266754223831,0.0831987602238434
"previc_bohn2023","X191",-0.560181000202006,0.117350451525454
"previc_bohn2023","X192",-0.681467917418443,0.123110431716908
"previc_bohn2023","X193",2.13717507853245,0.089217526376878
"previc_bohn2023","X194",1.07067959084967,0.0832402976813256
"previc_bohn2023","X195",-0.418613085477782,0.111409445920879
"previc_bohn2023","X196",0.455587611996151,0.0888060249760681
"previc_bohn2023","X197",-1.80316293319732,0.219738226783735
"previc_bohn2023","X198",-2.73137855116943,0.401374705458787
"previc_bohn2023","X199",-1.14115415667628,0.151798970793899
"previc_bohn2023","X200",0.701034981959262,0.0857445696614002
"previc_bohn2023","X201",0.69777374027429,0.0857775982720536
"previc_bohn2023","X202",-2.20070817537689,0.282096676388604
"previc_bohn2023","X203",2.27946772322634,0.0916942894307108
"previc_bohn2023","X204",-2.20070817537689,0.282096676388501
"previc_bohn2023","X205",2.08360337026184,0.0884056298893255
"previc_bohn2023","X206",1.53161785640486,0.0833673803285725
"previc_bohn2023","X207",-0.538853593255526,0.116403614691377
"previc_bohn2023","X208",0.977093031410597,0.0836483675359368
"previc_bohn2023","X209",-1.86183889125696,0.227760632406325
"previc_bohn2023","X210",2.52576864047803,0.0972015038067258
"previc_bohn2023","X211",0.915918635522136,0.0839963388801965
"previc_bohn2023","X212",0.0767729422213979,0.0960653443080336
"previc_bohn2023","X213",1.29358229918659,0.0828607413495568
"previc_bohn2023","X214",-1.1158379276141,0.149891832530686
"previc_bohn2023","X215",2.119171859923,0.0889375818327677
"previc_bohn2023","X216",-0.497367961175109,0.114615623198554
"previc_bohn2023","X217",1.06767987428616,0.0832510706870875
"previc_bohn2023","X218",-0.0907161212532515,0.100415496661918
"previc_bohn2023","X219",0.519243104325752,0.0878970953780954
"previc_bohn2023","X220",1.99699824348747,0.0872243015394639
"previc_bohn2023","X221",1.24919203330946,0.0828704622604814
"previc_bohn2023","X222",0.797374712983205,0.0848576709155187
"previc_bohn2023","X223",1.98680798431636,0.0870956373701981
"previc_bohn2023","X224",0.759170113223697,0.0851889785818823
"previc_bohn2023","X225",2.04511039867632,0.0878609370612338
"previc_bohn2023","X226",-1.64944852698026,0.200444454281874
"previc_bohn2023","X227",-2.03143187828576,0.253164259191191
"previc_bohn2023","X228",0.813174346630713,0.0847283944699732
"previc_bohn2023","X229",1.25511226367894,0.0828672795376054
"previc_bohn2023","X230",2.01407364309388,0.0874447092088536
"previc_bohn2023","X231",1.80626687407978,0.0851584765756612
"previc_bohn2023","X232",2.30293766603509,0.0921497918517069
"previc_bohn2023","X233",1.87392095038908,0.0858101080642578
"previc_bohn2023","X234",-0.0808947087213239,0.10013873834712
"previc_bohn2023","X235",-2.03143187828576,0.253164259190404
"previc_bohn2023","X236",3.27121006844325,0.126434053467234
"previc_bohn2023","X237",1.34093776874679,0.0828863506413035
"previc_bohn2023","X238",1.4299512824282,0.0830352224430085
"previc_bohn2023","X239",-1.9943983101306,0.247324347715877
"previc_bohn2023","X240",1.09164748788097,0.0831692313951351
"previc_bohn2023","X241",-0.0711403547689398,0.0998666365219416
"previc_bohn2023","X242",-1.02099958355386,0.143117103999237
"previc_bohn2023","X243",1.46571018557815,0.0831322296046381
"previc_bohn2023","X244",-1.44436541570533,0.178247095086481
"previc_bohn2023","X245",2.63354638874687,0.100159748346274
"previc_bohn2023","X246",2.79928149826236,0.105449021153861
"previc_bohn2023","X247",-0.381116535943155,0.109965895342678
"previc_bohn2023","X248",1.34982231242862,0.0828952956487953
"previc_bohn2023","X249",0.0275392211080257,0.0972646606295229
"previc_bohn2023","X250",2.52576864047803,0.0972015038121588
"previc_bohn2023","X251",0.671556137705616,0.0860503845976813
"previc_bohn2023","X252",1.92647900438172,0.0863771361955169
"previc_bohn2023","X253",1.53462652479497,0.0833798697779214
"previc_bohn2023","X254",0.102993356596011,0.0954524360206593
"previc_bohn2023","X255",-1.80316293319732,0.219738226787324
"previc_bohn2023","X256",-1.1671958736678,0.153805823111748
"previc_bohn2023","X257",2.0625282991825,0.088103464207187
"previc_bohn2023","X258",0.329986754218623,0.0908497719092903
"previc_bohn2023","X259",0.228204901650713,0.0927624404549692
"previc_bohn2023","X260",-0.297853573477069,0.106941829914548
"previc_bohn2023","X261",-2.20070817537689,0.282096676388192
"previc_bohn2023","X262",-2.15471602132375,0.273859338965058
"previc_bohn2023","X263",-1.06720890787858,0.146346539573276
"previc_bohn2023","X264",-2.35845961449777,0.312650965527036
"previc_bohn2023","X265",2.98417196634091,0.112535765587645
"previc_bohn2023","X266",1.7087084322865,0.0843686749939292
"previc_bohn2023","X267",-0.894488805100642,0.134931749970111
"previc_bohn2023","X268",-1.95906815233743,0.241908566695383
"previc_bohn2023","X269",-0.418613085477782,0.111409445923997
"previc_bohn2023","X270",0.279792217015151,0.0917633815550417
"previc_bohn2023","X271",0.694509013369279,0.0858108619460333
"previc_bohn2023","X272",1.12450038797156,0.0830727459956637
"previc_bohn2023","X273",1.72427992328217,0.0844831218755685
"previc_bohn2023","X274",-1.23580671809837,0.159318847475357
"previc_bohn2023","X275",-0.405983732973573,0.110917407175252
"previc_bohn2023","X276",-2.24969209813322,0.291194247794685
"previc_bohn2023","X277",1.6561751930783,0.0840144881901655
"previc_bohn2023","X278",0.154197912346123,0.0943058183661606
"previc_bohn2023","X279",0.322349762737371,0.0909851217348606
"previc_bohn2023","X280",-1.74855883985182,0.212605877547495
"previc_bohn2023","X281",-2.41944143448921,0.325480783669044
"previc_bohn2023","X282",-0.966249647551364,0.139459901436543
"previc_bohn2023","X283",-1.6264695373625,0.197763732586326
"previc_bohn2023","X284",-2.83590263645244,0.431232683126022
"previc_bohn2023","X285",1.84152894565259,0.0854872776829365
"previc_bohn2023","X286",-1.9943983101306,0.247324347700061
"previc_bohn2023","X287",-2.41944143448921,0.325480783671146
"previc_bohn2023","X288",1.24623162485386,0.0828722716576782
"previc_bohn2023","X289",-2.15471602132375,0.273859338974192
"previc_bohn2023","X290",2.21453486190296,0.0905046285691749
"previc_bohn2023","X291",-0.44428141479496,0.112428047518104
"previc_bohn2023","X292",-1.92528562690776,0.236868880636378
"previc_bohn2023","X293",-1.60412413230149,0.195205489618726
"previc_bohn2023","X294",-1.44436541570533,0.178247095092616
"previc_bohn2023","X295",2.12995569923143,0.0891043953705153
"previc_bohn2023","X296",-1.86183889125696,0.227760632398832
"previc_bohn2023","X297",1.86741571173595,0.0857436609408791
"previc_bohn2023","X298",-0.764912771767282,0.127467705729984
"previc_bohn2023","X299",0.564172764966768,0.0873049976664846
"previc_bohn2023","X300",-0.437811944490526,0.112168952357512
"previc_bohn2023","X301",-0.884654854965548,0.134333835173437
"previc_bohn2023","X302",-2.41944143448921,0.325480783677486
"previc_bohn2023","X303",-1.92528562690776,0.236868880632123
"previc_bohn2023","X304",1.70870843228651,0.084368674998251
"previc_bohn2023","X305",-0.140877332809564,0.10187334004569
"previc_bohn2023","X306",-1.83195211859453,0.223627199619666
"previc_bohn2023","X307",2.18471645324401,0.0899921007096352
"previc_bohn2023","X308",-1.5823758910271,0.192760906753553
"previc_bohn2023","X309",0.437581074115219,0.0890783434086315
"previc_bohn2023","X310",-1.22165579785325,0.158154456891957
"previc_bohn2023","X311",-2.48589642220989,0.340157882034478
"previc_bohn2023","X312",1.75560334067284,0.084726612852429
"previc_bohn2023","X313",-1.39154598275207,0.173126991671923
"previc_bohn2023","X314",0.162580492173457,0.0941243296235938
"previc_bohn2023","X315",-1.83195211859453,0.223627199616332
"previc_bohn2023","X316",1.59812219232628,0.0836795389835357
"previc_bohn2023","X317",-0.115571920131699,0.101128534897908
"previc_bohn2023","X318",-0.524856267491808,0.115792479134735
"previc_bohn2023","X319",-0.642091810545161,0.121168449949801
"previc_bohn2023","X320",1.50159621271808,0.083251167989442
"previc_bohn2023","X321",-2.11136135927117,0.266356097293786
"previc_bohn2023","X322",0.860188045241888,0.0843702026691303
"previc_bohn2023","X323",0.401110049323159,0.0896508539561997
"previc_bohn2023","X324",1.37649355736068,0.0829300157326968
"previc_bohn2023","X325",2.62868554186771,0.100018504554359
"previc_bohn2023","X326",-1.72260547691223,0.209325210525306
"previc_bohn2023","X327",-1.42638981288623,0.176478595612
"previc_bohn2023","X328",-1.60412413230149,0.195205489618839
"previc_bohn2023","X329",-1.34181383450467,0.168513733205305
"previc_bohn2023","X330",1.50159621271808,0.0832511680011452
"previc_bohn2023","X331",-1.40878890735464,0.174773077982533
"previc_bohn2023","X332",-0.894488805100642,0.134931749971836
"previc_bohn2023","X333",1.56478452229694,0.0835135859645661
"previc_bohn2023","X334",1.79035810112295,0.085017757321774
"previc_bohn2023","X335",-1.26480679126085,0.161750578195693
"previc_bohn2023","X336",1.13642102076079,0.0830422086031786
"previc_bohn2023","X337",0.10299335659601,0.0954524360270034
"previc_bohn2023","X338",-1.1158379276141,0.149891832528388
"previc_bohn2023","X339",-0.418613085477782,0.111409445923595
"previc_bohn2023","X340",1.10659433341677,0.0831230884732102
"previc_bohn2023","X341",-0.252639503759113,0.105399978711462
"previc_bohn2023","X342",0.360240630842312,0.0903262823234989
"previc_bohn2023","X343",0.594811988211394,0.0869241983993642
"previc_bohn2023","X344",0.17092166124669,0.0939454500417479
"previc_bohn2023","X345",0.674845997023919,0.0860154432908988
"previc_bohn2023","X346",-0.463906330133713,0.113223877761696
"previc_bohn2023","X347",-2.35845961449777,0.312650965523178
"previc_bohn2023","X348",0.869525746871945,0.0843037438887579
"previc_bohn2023","X349",0.714045610852152,0.0856147816806367
"previc_bohn2023","X350",2.18841948983573,0.0900546171390038
"previc_bohn2023","X351",1.95982777553017,0.0867652335749433
"previc_bohn2023","X352",-0.604100800493614,0.119361165208204
"previc_bohn2023","X353",-1.9943983101306,0.247324347701702
"previc_bohn2023","X354",2.03472063305319,0.0877193426254512
"previc_bohn2023","X355",0.26407403657055,0.0920612505393317
"previc_bohn2023","X356",-1.42638981288623,0.176478595615705
"previc_bohn2023","X357",-1.37464541984005,0.1715370574615
"previc_bohn2023","X358",-1.92528562690776,0.236868880639327
"previc_bohn2023","X359",0.62509727096238,0.0865658257622454
"previc_bohn2023","X360",1.24919203330946,0.0828704622534298
"previc_bohn2023","X361",-1.00979401337556,0.142353888365397
"previc_bohn2023","X362",1.38539117110478,0.0829442265836779
"previc_bohn2023","X363",-1.1158379276141,0.149891832528029
"previc_bohn2023","X364",-2.24969209813322,0.291194247792303
"previc_bohn2023","X365",0.430336542519759,0.0891898239583822
"previc_bohn2023","X366",-1.83195211859453,0.223627199611031
"previc_bohn2023","X367",-1.27967347201773,0.1630212471936
"previc_bohn2023","X368",-0.326953291777251,0.107970966916816
"previc_bohn2023","X369",-2.11136135927117,0.266356097294831
"previc_bohn2023","X370",1.29062336212083,0.0828603741082529
"previc_bohn2023","X371",2.13356234326183,0.089160766813447
"previc_bohn2023","X372",1.59204706434235,0.0836478711818804
"previc_bohn2023","X373",-1.48151370734662,0.181988776671462
"previc_bohn2023","X374",-2.20070817537689,0.28209667638426
"previc_bohn2023","X375",2.13356234326183,0.089160766814537
"previc_bohn2023","X376",1.0134772802006,0.0834719894381675
"previc_bohn2023","X377",-1.77538951367937,0.216071064548874
"previc_bohn2023","X378",1.47466872853993,0.0831598910605983
"previc_bohn2023","X379",2.23340377780776,0.0908398228849602
"promis1wave1_physicalfunction","X1",-2.06821235725659,0.121742893489805
"promis1wave1_physicalfunction","X2",-2.68351255465301,0.161788256009863
"promis1wave1_physicalfunction","X3",-1.15436265470094,0.0843560185241898
"promis1wave1_physicalfunction","X4",2.18587149998364,0.0577960231693179
"promis1wave1_physicalfunction","X5",3.52299784744117,0.0835524073908593
"promis1wave1_physicalfunction","X6",-1.27064021909207,0.0853094495663905
"promis1wave1_physicalfunction","X7",0.261793042121016,0.0559796877871893
"promis1wave1_physicalfunction","X8",1.06003605988094,0.0519044174720668
"promis1wave1_physicalfunction","X9",1.80599582561589,0.0546539325789957
"promis1wave1_physicalfunction","X10",1.40525302271476,0.0527346546113277
"promis1wave1_physicalfunction","X11",-1.17693787708538,0.0826431376441847
"promis1wave1_physicalfunction","X12",-1.88828163496942,0.108803549665207
"psychtools_ability","X1",-0.379262286699716,0.0724532258955933
"psychtools_ability","X2",-0.533946005713968,0.0730083308778882
"psychtools_ability","X3",0.147037036900351,0.0715159997109896
"psychtools_ability","X4",-0.501111910894831,0.0731064975870274
"psychtools_ability","X5",-0.164385083721082,0.0711999542665859
"psychtools_ability","X6",-0.247150278119081,0.0712147961831945
"psychtools_ability","X7",-0.522601820259692,0.0727449907099173
"psychtools_ability","X8",0.465925710059265,0.0723325709603245
"psychtools_ability","X9",-0.912936311486928,0.0766458434132559
"psychtools_ability","X10",-0.968120912597324,0.0779384469651072
"psychtools_ability","X11",-0.548895432053218,0.073127958395185
"psychtools_ability","X12",-0.687754348783445,0.0745836993258226
"psychtools_ability","X13",1.36862626532011,0.0835758352125252
"psychtools_ability","X14",1.2565388375171,0.0813912769496247
"psychtools_ability","X15",0.809456724515634,0.0751155384161264
"psychtools_ability","X16",1.41857981601683,0.0846531338728894
"psychtools_blot","X1",-0.642047463370563,0.279668982540528
"psychtools_blot","X2",-0.158848573407984,0.246539200996948
"psychtools_blot","X3",0.153267118272985,0.231649255732662
"psychtools_blot","X4",-1.47767010760841,0.37671904236653
"psychtools_blot","X5",0.833361716994216,0.21312698921894
"psychtools_blot","X6",-0.586638386661749,0.275159593310222
"psychtools_blot","X7",0.833361716994216,0.213126989215983
"psychtools_blot","X8",-0.245139577784861,0.251492905840864
"psychtools_blot","X9",0.328843606701188,0.22516845828025
"psychtools_blot","X10",-0.0362953842794835,0.240147198934175
"psychtools_blot","X11",0.396012267286782,0.223020006797103
"psychtools_blot","X12",-0.586638386661749,0.275159593308767
"psychtools_blot","X13",-0.699620067959611,0.284570218556239
"psychtools_blot","X14",1.91571748192301,0.215966521027384
"psychtools_blot","X15",-0.88788250639659,0.302226506087079
"psychtools_blot","X16",0.294655039685476,0.226330876998864
"psychtools_blot","X17",0.189366364024828,0.230211446936482
"psychtools_blot","X18",0.429038048566916,0.222028188533099
"psychtools_blot","X19",0.651622098023273,0.216408058344748
"psychtools_blot","X20",-0.759591750555091,0.289917564277275
"psychtools_blot","X21",1.35519620163773,0.209772772205678
"psychtools_blot","X22",-0.382946216506578,0.260230100738845
"psychtools_blot","X23",0.620623684395356,0.217082636851011
"psychtools_blot","X24",0.892625581179274,0.212299901841222
"psychtools_blot","X25",0.153267118272985,0.231649255734442
"psychtools_blot","X26",0.951384562112779,0.211595010103529
"psychtools_blot","X27",-0.431488757857523,0.263562173391213
"psychtools_blot","X28",-0.335776629769598,0.25712136016176
"psychtools_blot","X29",-0.245139577784862,0.251492905838849
"psychtools_blot","X30",0.00295864078116792,0.238252720550868
"psychtools_blot","X31",-0.82223774006165,0.295776433797954
"psychtools_blot","X32",-2.03637582338497,0.482655282239432
"psychtools_blot","X33",-0.533189622545771,0.27099661688247
"psychtools_blot","X34",0.712958207471883,0.215173155850469
"psychtools_blot","X35",0.153267118272985,0.231649255733631
"psychtools_epi","X1",2.37593830116574,0.0402358741602817
"psychtools_epi","X2",-4.46605785664424,0.0500150211122258
"psychtools_epi","X3",2.15167737535746,0.0382777017481764
"psychtools_epi","X4",3.49862633203497,0.0435816917375374
"psychtools_epi","X5",0.59738509688998,0.0354628499175555
"psychtools_epi","X6",2.81450081084169,0.040523958958572
"psychtools_epi","X7",-3.19440141619147,0.0425825637912427
"psychtools_epi","X8",-0.0160379054468198,0.0352867668315779
"psychtools_epi","X9",3.1389075074531,0.0419164646455417
"psychtools_epi","X10",4.03539821566015,0.0466193316251927
"psychtools_epi","X11",3.25626083045925,0.0424173225413452
"psychtools_epi","X12",0.359617066055664,0.0353748946436886
"psychtools_epi","X13",3.0925304901952,0.041782016043526
"psychtools_epi","X14",1.5503274481442,0.0368076491139025
"psychtools_epi","X15",0.770903340710467,0.0357357620750831
"psychtools_epi","X16",-1.16839427603488,0.0362470451288524
"psychtools_epi","X17",-2.52292505450901,0.0397893356923549
"psychtools_epi","X18",2.08274146446964,0.0380551675501642
"psychtools_epi","X19",-2.00683529217353,0.0381915462245939
"psychtools_epi","X20",1.26154908952861,0.0364187049126263
"psychtools_epi","X21",1.59745326565766,0.0368753316816844
"psychtools_epi","X22",-1.66831649404831,0.0373032350374725
"psychtools_epi","X23",0.491353635944743,0.0353827204091309
"psychtools_epi","X24",3.75840500648127,0.0449986588862645
"psychtools_epi","X25",1.60474380556772,0.0370153969443704
"psychtools_epi","X26",-2.30779184896064,0.0391644418589341
"psychtools_epi","X27",-1.27109251297498,0.0364383895085658
"psychtools_epi","X28",1.01074012929702,0.0359871545136672
"psychtools_epi","X29",-4.33448098220732,0.0491380245907266
"psychtools_epi","X30",-2.24048338704962,0.0390032830101439
"psychtools_epi","X31",-1.23450798406762,0.036406851571892
"psychtools_epi","X32",-2.77955905909619,0.0408196778971081
"psychtools_epi","X33",0.422104992667821,0.0354216547226308
"psychtools_epi","X34",-0.663431618617396,0.0355448776038057
"psychtools_epi","X35",0.360178323606738,0.0353604164946333
"psychtools_epi","X36",-2.22234409366718,0.0387793449736985
"psychtools_epi","X37",3.42803466521678,0.0432331999295128
"psychtools_epi","X38",-3.58896142882155,0.0445599232129429
"psychtools_epi","X39",-5.31666754967491,0.0570046734508088
"psychtools_epi","X40",-3.24758620294599,0.0429038660590674
"psychtools_epi","X41",-0.379833115824035,0.0354089520414505
"psychtools_epi","X42",-2.81934582898432,0.0409509055170751
"psychtools_epi","X43",3.8454275018384,0.0455151607304891
"psychtools_epi","X44",3.93401130358256,0.0460611083788513
"psychtools_epi","X45",3.52819008137408,0.0437765064750825
"psychtools_epi","X46",0.429466533611654,0.0353811979485823
"psychtools_epi","X47",-2.85109879996956,0.0410787383356912
"psychtools_epi","X48",-1.51769410614086,0.0369765204186713
"psychtools_epi","X49",-0.806357335727543,0.0358354847083385
"psychtools_epi","X50",0.883502133404345,0.0357482188838138
"psychtools_epi","X51",-0.177738904979962,0.0352880509547835
"psychtools_epi","X52",-0.682804324853813,0.0356142319181085
"psychtools_epi","X53",-3.42422056355984,0.0437351822335518
"psychtools_epi","X54",0.753572221173767,0.0355590213504312
"psychtools_epi","X55",0.906309101905306,0.0357196857581096
"psychtools_epi","X56",-1.44655226865568,0.0367282195679034
"psychtools_epi","X57",0.415664141531296,0.0353318899851141
"PTAM_Kretzschmar_2017_Raven","X1",-2.73039958053605,0.294117778983653
"PTAM_Kretzschmar_2017_Raven","X2",-1.14840446150367,0.183850088126142
"PTAM_Kretzschmar_2017_Raven","X3",-0.869704365206357,0.176164061010926
"PTAM_Kretzschmar_2017_Raven","X4",-0.594331041374893,0.17095054065717
"PTAM_Kretzschmar_2017_Raven","X5",-1.14840446150367,0.1838500881248
"PTAM_Kretzschmar_2017_Raven","X6",-0.575341952384147,0.170672601837034
"PTAM_Kretzschmar_2017_Raven","X7",0.678923805722333,0.173818385259044
"PTAM_Kretzschmar_2017_Raven","X8",1.59038286426652,0.205199421943891
"PTAM_Kretzschmar_2017_Raven","X9",0.335770497681184,0.168771994263575
"PTAM_Kretzschmar_2017_Raven","X10",0.41006699042516,0.169588483516732
"PTAM_Kretzschmar_2017_Raven","X11",0.883212135234527,0.178432392464106
"PTAM_Kretzschmar_2017_Raven","X12",-0.651764369980545,0.171853832702034
"PTAM_Kretzschmar_2017_Raven","X13",1.34477667057269,0.193816949088563
"PTAM_Kretzschmar_2017_Raven","X14",-0.0090819294636537,0.166907049234923
"PTAM_Kretzschmar_2017_Raven","X15",-0.225054995534492,0.16733154351271
"PTAM_Kretzschmar_2017_Raven","X16",0.718798048034563,0.174621160286651
"PTAM_Kretzschmar_2017_Raven","X17",0.171231262010263,0.16749042818482
"PTAM_Kretzschmar_2017_Raven","X18",0.990762116632331,0.18137773175763
"PTAM_Kretzschmar_2017_Raven","X19",2.02262358422292,0.231764243462173
"PTAM_Kretzschmar_2017_Raven","X20",-1.19406081731502,0.18535936533806
"quantshort","X1",-0.626497217585456,0.0715856255354039
"quantshort","X2",-1.06860143314455,0.0732002910620914
"quantshort","X3",-0.52456262783785,0.0714055409609406
"quantshort","X4",-0.924905559931664,0.072524463037226
"quantshort","X5",-0.530544356243897,0.0714141556287184
"quantshort","X6",0.097540077902883,0.0718247202638479
"quantshort","X7",0.802346259108222,0.075483071519471
"quantshort","X8",0.863650801408278,0.0759680843391081
"quantshort","X9",0.5971320350163,0.0740583860263653
"quantshort","X10",0.788837474619944,0.0753799115163538
"quantshort","X11",0.393128796065194,0.0729383611581128
"quantshort","X12",0.597132035016302,0.0740583860238163
"quantshort","X13",0.121817902651607,0.0718938024557228
"quantshort","X14",-0.196680885907593,0.0713026475279088
"quantshort","X15",-1.53686922550925,0.0764637645481264
"quantshort","X16",-0.789866012809495,0.0720228658753108
"quantshort","X17",-1.02455419580559,0.0729773755209716
"quantshort","X18",-0.160877127499972,0.0713351421899197
"quantshort","X19",0.393128796065194,0.0729383611571802
"quantshort","X20",0.262553647552337,0.0723729276960575
"quantshort","X21",0.815895825151372,0.0755878868271001
"quantshort","X22",0.967843840527402,0.0768565090504405
"quantshort","X23",-0.494675990263768,0.0713661351022101
"quantshort","X24",1.17762714145406,0.0788963499315794
"RDatasets_gssabortion","X1",0.638459107858047,0.0777769838689706
"RDatasets_gssabortion","X2",-0.600298102814437,0.0794630386571916
"RDatasets_gssabortion","X3",-1.03391743896912,0.0889489065283049
"RDatasets_gssabortion","X4",0.55962744033957,0.0724302195938194
"RDatasets_gssabortion","X5",0.515970432612817,0.0723435155988823
"RDatasets_gssabortion","X6",-0.656689391005015,0.0808285863223063
"RDatasets_gssabortion","X7",0.576847951978141,0.072513403025506
"roar_lexical","X1",0.0187137924931782,0.258982564721514
"roar_lexical","X2",0.54594990048339,0.235747916154379
"roar_lexical","X3",0.991825705030132,0.22292833515414
"roar_lexical","X4",2.02954179030523,0.213091159543533
"roar_lexical","X5",2.81787242275528,0.223581604265541
"roar_lexical","X6",-0.502371009301021,0.29265005906834
"roar_lexical","X7",-1.3972172668349,0.384340251709353
"roar_lexical","X8",-0.998354365395993,0.337309560472426
"roar_lexical","X9",-0.116678557755752,0.266599407083517
"roar_lexical","X10",-0.998354365395993,0.337309560478641
"roar_lexical","X11",0.146152050771455,0.252466932800522
"roar_lexical","X12",-0.0478940514431478,0.262637588998767
"roar_lexical","X13",-0.338487919585999,0.280748084694364
"roar_lexical","X14",-0.683146347103844,0.307341196649673
"roar_lexical","X15",0.849328593388305,0.226413716334502
"roar_lexical","X16",0.54594990048339,0.235747916163026
"roar_lexical","X17",0.437780960865858,0.239747997898746
"roar_lexical","X18",-0.998354365395993,0.337309560480692
"roar_lexical","X19",-0.418575140970561,0.286403126095454
"roar_lexical","X20",-0.590364707619746,0.299588089263587
"roar_lexical","X21",-0.886130536146474,0.325967158015971
"roar_lexical","X22",1.56678489688224,0.214205480854669
"roar_lexical","X23",0.0187137924931782,0.258982564715523
"roar_lexical","X24",0.266928819689066,0.246843146863066
"roar_lexical","X25",-0.261699216697172,0.275604520250009
"roar_lexical","X26",0.437780960865858,0.239747997897369
"roar_lexical","X27",0.492382624224007,0.237682636936041
"roar_lexical","X28",-0.590364707619746,0.299588089265381
"roar_lexical","X29",0.207303944492091,0.249554358579721
"roar_lexical","X30",0.018713792493178,0.258982564712086
"roar_lexical","X31",-0.502371009301021,0.292650059055689
"roar_lexical","X32",0.207303944492091,0.249554358580631
"roar_lexical","X33",-0.683146347103844,0.30734119665274
"roar_lexical","X34",2.36944909296251,0.215629770540228
"roar_lexical","X35",-0.998354365395993,0.337309560479003
"roar_lexical","X36",0.598555788075173,0.233934262694158
"roar_lexical","X37",0.207303944492091,0.249554358570869
"roar_lexical","X38",0.849328593388305,0.226413716336482
"roar_lexical","X39",-0.116678557755752,0.266599407091457
"roar_lexical","X40",-0.781436961858158,0.316066617749777
"roar_lexical","X41",-0.683146347103844,0.307341196673738
"roar_lexical","X42",-0.886130536146474,0.325967158020852
"roar_lexical","X43",1.08420591019742,0.220959437337416
"roar_lexical","X44",0.146152050771455,0.252466932808385
"roar_lexical","X45",0.0833389624511736,0.255601657903108
"roar_lexical","X46",1.26390330331789,0.217762927234274
"roar_lexical","X47",-0.418575140970561,0.286403126100028
"roar_lexical","X48",0.54594990048339,0.235747916168257
"roar_lexical","X49",0.207303944492091,0.249554358568604
"roar_lexical","X50",-0.502371009301021,0.292650059065215
"roar_lexical","X51",-0.338487919586,0.280748084687471
"roar_lexical","X52",-0.338487919585999,0.280748084686102
"roar_lexical","X53",-0.781436961858158,0.31606661773168
"roar_lexical","X54",0.437780960865858,0.239747997911415
"roar_lexical","X55",0.382064934455448,0.24195479070559
"roar_lexical","X56",-0.781436961858158,0.316066617722541
"roar_lexical","X57",1.81984882155617,0.212951269151187
"roar_lexical","X58",0.54594990048339,0.235747916171882
"roar_lexical","X59",-0.116678557755752,0.266599407084723
"roar_lexical","X60",0.146152050771455,0.25246693281657
"roar_lexical","X61",-0.418575140970561,0.286403126092207
"roar_lexical","X62",0.0187137924931782,0.258982564696708
"roar_lexical","X63",-0.590364707619746,0.299588089256259
"roar_lexical","X64",0.382064934455448,0.241954790712945
"roar_lexical","X65",-0.116678557755753,0.26659940708745
"roar_lexical","X66",0.207303944492091,0.249554358564231
"roar_lexical","X67",-0.261699216697172,0.275604520261852
"roar_lexical","X68",-0.781436961858158,0.31606661772882
"roar_lexical","X69",-0.590364707619746,0.299588089252739
"roar_lexical","X70",-0.998354365395993,0.337309560491773
"roar_lexical","X71",0.146152050771455,0.252466932812269
"roar_lexical","X72",-1.11955827266591,0.350452789278033
"roar_lexical","X73",-0.338487919585999,0.280748084686921
"roar_lexical","X74",1.56678489688224,0.214205480839872
"roar_lexical","X75",0.598555788075173,0.233934262692985
"roar_lexical","X76",1.86178120621493,0.212893507720766
"roar_lexical","X77",-0.502371009301021,0.292650059080315
"roar_lexical","X78",-0.338487919585999,0.280748084680781
"roar_lexical","X79",-0.683146347103844,0.307341196669926
"roar_lexical","X80",-0.502371009301021,0.29265005907419
"roar_lexical","X81",0.944887599876612,0.224015569561214
"roar_lexical","X82",-0.0478940514431478,0.262637588994962
"roar_lexical","X83",1.17481640285434,0.219244413926681
"roar_lexical","X84",-0.781436961858158,0.316066617728593
"roar_lexical","X85",0.598555788075173,0.233934262692648
"roar_lexical","X86",0.146152050771455,0.252466932807329
"roar_lexical","X87",1.56678489688224,0.214205480871649
"roar_lexical","X88",-0.418575140970561,0.28640312609829
"roar_lexical","X89",1.60923844437423,0.213886577732165
"roar_lexical","X90",-0.683146347103844,0.307341196674734
"roar_lexical","X91",0.0833389624511738,0.25560165792209
"roar_lexical","X92",1.08420591019742,0.2209594373326
"roar_lexical","X93",-0.261699216697172,0.275604520260818
"roar_lexical","X94",0.146152050771455,0.25246693281219
"roar_lexical","X95",1.08420591019742,0.220959437334505
"roar_lexical","X96",1.03825342154215,0.22191071258809
"roar_lexical","X97",0.0833389624511738,0.255601657915442
"roar_lexical","X98",0.266928819689067,0.246843146853881
"roar_lexical","X99",-1.55988057102505,0.406849406513038
"roar_lexical","X100",-0.502371009301021,0.292650059066544
"roar_lexical","X101",-0.187861702135021,0.270906499251393
"roar_lexical","X102",-0.502371009301021,0.292650059055969
"roar_lexical","X103",1.26390330331789,0.217762927229765
"roar_lexical","X104",0.492382624224007,0.237682636963809
"roar_lexical","X105",0.382064934455448,0.241954790725801
"roar_lexical","X106",-0.261699216697172,0.27560452025356
"roar_lexical","X107",0.146152050771455,0.252466932820589
"roar_lexical","X108",-0.781436961858158,0.316066617737803
"roar_lexical","X109",-0.187861702135021,0.270906499248657
"roar_lexical","X110",-0.338487919585999,0.280748084687101
"roar_lexical","X111",-0.261699216697172,0.275604520260786
"roar_lexical","X112",-0.261699216697172,0.275604520245117
"roar_lexical","X113",0.0833389624511736,0.255601657932343
"roar_lexical","X114",-0.0478940514431478,0.262637588995064
"roar_lexical","X115",0.325146591487406,0.244315221567712
"roar_lexical","X116",0.70114548889752,0.230637006019011
"roar_lexical","X117",-0.590364707619746,0.299588089250621
"roar_lexical","X118",-0.998354365395993,0.337309560472449
"roar_lexical","X119",-0.187861702135021,0.270906499268048
"roar_lexical","X120",0.944887599876612,0.22401556955183
"roar_lexical","X121",0.897401797291855,0.225176029224207
"roar_lexical","X122",-0.781436961858158,0.316066617731782
"roar_lexical","X123",-1.11955827266591,0.350452789286241
"roar_lexical","X124",0.207303944492091,0.249554358562417
"roar_lexical","X125",1.03825342154215,0.221910712602045
"roar_lexical","X126",-0.0478940514431478,0.262637588992555
"roar_lexical","X127",-0.683146347103844,0.307341196661073
"roar_lexical","X128",-0.418575140970561,0.286403126084034
"roar_lexical","X129",0.437780960865858,0.239747997914283
"roar_lexical","X130",-0.886130536146474,0.325967158017626
"roar_lexical","X131",-0.886130536146474,0.325967158014583
"roar_lexical","X132",-0.338487919585999,0.28074808467729
"roar_lexical","X133",-0.998354365395993,0.337309560473039
"roar_lexical","X134",0.018713792493178,0.258982564700881
"roar_lexical","X135",-0.781436961858158,0.316066617730435
"roar_lexical","X136",-1.11955827266591,0.350452789277277
"roar_lexical","X137",-0.683146347103844,0.307341196669116
"roar_lexical","X138",-0.781436961858158,0.316066617726345
"roar_lexical","X139",-0.0478940514431478,0.26263758899271
"roar_lexical","X140",-0.590364707619746,0.299588089274889
"roar_lexical","X141",-0.0478940514431476,0.262637588995593
"roar_lexical","X142",-0.998354365395993,0.337309560478608
"roar_lexical","X143",-0.502371009301021,0.292650059073446
"roar_lexical","X144",-0.998354365395993,0.33730956048399
"roar_lexical","X145",1.17481640285434,0.219244413933403
"roar_lexical","X146",0.325146591487406,0.244315221570689
"roar_lexical","X147",1.17481640285434,0.219244413926128
"roar_lexical","X148",-0.116678557755752,0.266599407082228
"roar_lexical","X149",0.598555788075172,0.233934262695151
"roar_lexical","X150",-0.781436961858158,0.316066617731464
"roar_lexical","X151",-1.11955827266591,0.3504527892939
"roar_lexical","X152",-0.781436961858158,0.316066617737266
"roar_lexical","X153",1.3079460482292,0.217104459115018
"roar_lexical","X154",0.266928819689067,0.246843146866271
"roar_lexical","X155",-0.998354365395993,0.337309560473532
"roar_lexical","X156",1.03825342154215,0.221910712595432
"roar_lexical","X157",0.70114548889752,0.230637006010424
"roar_lexical","X158",-0.0478940514431481,0.262637588983477
"roar_lexical","X159",0.897401797291855,0.225176029211199
"roar_lexical","X160",-0.998354365395993,0.337309560481005
"roar_lexical","X161",-0.886130536146474,0.325967158024753
"roar_lexical","X162",-0.502371009301021,0.292650059051208
"roar_lexical","X163",0.650267159283607,0.232233159097556
"roar_lexical","X164",0.70114548889752,0.230637006027436
"roar_lexical","X165",0.492382624224007,0.23768263694695
"roar_lexical","X166",0.800625610407317,0.227733067460337
"roar_lexical","X167",-0.502371009301021,0.292650059053049
"roar_lexical","X168",1.43838285846089,0.215437569082279
"roar_lexical","X169",-0.261699216697172,0.27560452025407
"roar_lexical","X170",0.0833389624511738,0.255601657916876
"roar_lexical","X171",-0.261699216697172,0.275604520242693
"roar_lexical","X172",-0.338487919585999,0.280748084684601
"roar_lexical","X173",-0.502371009301021,0.292650059034783
"roar_lexical","X174",-0.502371009301021,0.292650059055974
"roar_lexical","X175",-0.418575140970561,0.286403126111175
"roar_lexical","X176",-1.25165099819947,0.365893234742174
"roar_lexical","X177",0.492382624224007,0.2376826369568
"roar_lexical","X178",0.0833389624511736,0.255601657919506
"roar_lexical","X179",0.266928819689067,0.246843146865089
"roar_lexical","X180",0.0833389624511738,0.255601657923752
"roar_lexical","X181",-0.590364707619746,0.299588089255031
"roar_lexical","X182",-0.683146347103844,0.307341196671844
"roar_lexical","X183",0.849328593388305,0.226413716321274
"roar_lexical","X184",1.21953585322989,0.218475593593867
"roar_lexical","X185",-0.116678557755753,0.266599407076267
"roar_lexical","X186",-0.187861702135022,0.270906499263116
"roar_lexical","X187",0.751247480955035,0.229139006504115
"roar_lexical","X188",-0.338487919586,0.280748084698835
"roar_lexical","X189",0.800625610407317,0.227733067470824
"roar_lexical","X190",-0.886130536146474,0.325967158020778
"roar_lexical","X191",0.54594990048339,0.235747916161527
"roar_lexical","X192",0.800625610407317,0.227733067474912
"roar_lexical","X193",-0.683146347103844,0.307341196670501
"roar_lexical","X194",0.207303944492091,0.24955435855921
"roar_lexical","X195",0.325146591487406,0.244315221570016
"roar_lexical","X196",-0.998354365395993,0.337309560487333
"roar_lexical","X197",-0.261699216697172,0.275604520247949
"roar_lexical","X198",-0.502371009301021,0.292650059058367
"roar_lexical","X199",-1.11955827266591,0.350452789282955
"roar_lexical","X200",-0.502371009301021,0.292650059064714
"roar_lexical","X201",-0.187861702135022,0.270906499275344
"roar_lexical","X202",2.58895167685345,0.218843589103596
"roar_lexical","X203",-0.683146347103844,0.307341196663657
"roar_lexical","X204",0.382064934455448,0.241954790715863
"roar_lexical","X205",0.146152050771455,0.252466932805345
"roar_lexical","X206",2.11372056960357,0.213450641966447
"roar_lexical","X207",0.800625610407317,0.227733067475748
"roar_lexical","X208",-0.590364707619746,0.299588089265155
"roar_lexical","X209",-0.590364707619746,0.299588089270477
"roar_lexical","X210",-1.11955827266591,0.35045278928918
"roar_lexical","X211",0.207303944492091,0.249554358559099
"roar_lexical","X212",-0.0478940514431478,0.262637588988629
"roar_lexical","X213",0.266928819689067,0.246843146860502
"roar_lexical","X214",1.48137899427237,0.214980080769979
"roar_lexical","X215",-0.418575140970561,0.286403126075211
"roar_lexical","X216",-0.116678557755752,0.266599407078274
"roar_lexical","X217",-0.187861702135021,0.270906499278028
"roar_lexical","X218",-0.418575140970561,0.286403126081107
"roar_lexical","X219",-0.261699216697172,0.275604520255675
"roar_lexical","X220",0.751247480955035,0.229139006478079
"roar_lexical","X221",2.72492215603502,0.221482333001444
"roar_lexical","X222",-0.886130536146474,0.325967158041922
"roar_lexical","X223",-0.781436961858158,0.316066617739678
"roar_lexical","X224",0.437780960865858,0.239747997885988
"roar_lexical","X225",-0.502371009301021,0.292650059046202
"roar_lexical","X226",-0.187861702135021,0.270906499262725
"roar_lexical","X227",-0.502371009301021,0.292650059050428
"roar_lexical","X228",0.650267159283607,0.232233159091483
"roar_lexical","X229",0.70114548889752,0.23063700602339
"roar_lexical","X230",0.70114548889752,0.230637006038744
"roar_lexical","X231",-0.187861702135021,0.270906499277008
"roar_lexical","X232",-0.998354365395993,0.337309560479766
"roar_lexical","X233",0.325146591487406,0.244315221571467
"roar_lexical","X234",-0.502371009301021,0.29265005906322
"roar_lexical","X235",0.598555788075173,0.233934262680768
"roar_lexical","X236",-0.683146347103844,0.307341196658888
"roar_lexical","X237",-0.998354365395993,0.337309560488793
"roar_lexical","X238",-0.683146347103844,0.30734119665921
"roar_lexical","X239",-0.781436961858158,0.316066617725534
"roar_lexical","X240",0.437780960865858,0.239747997889861
"roar_lexical","X241",-1.3972172668349,0.384340251776075
"roar_lexical","X242",1.52417228771369,0.214569705148634
"roar_lexical","X243",-0.590364707619746,0.299588089261883
"roar_lexical","X244",-0.338487919585999,0.280748084688053
"roar_lexical","X245",-0.886130536146474,0.32596715801894
"roar_lexical","X246",0.0187137924931782,0.258982564701834
"roar_lexical","X247",1.03825342154215,0.221910712603206
"roar_lexical","X248",0.266928819689067,0.246843146849184
"roar_lexical","X249",-0.338487919586,0.280748084706577
"roar_lexical","X250",-0.781436961858158,0.316066617720394
"roar_lexical","X251",0.598555788075173,0.233934262687615
"roar_lexical","X252",0.207303944492091,0.249554358565939
"roar_lexical","X253",-0.683146347103844,0.307341196657613
"roar_lexical","X254",0.54594990048339,0.235747916170574
"roar_lexical","X255",-0.502371009301021,0.292650059045682
"roar_lexical","X256",-0.886130536146474,0.32596715802829
"roar_lexical","X257",-1.25165099819947,0.365893234740396
"roar_lexical","X258",0.437780960865858,0.23974799790999
"roar_lexical","X259",-0.418575140970561,0.286403126087056
"roar_lexical","X260",-0.338487919585999,0.280748084699643
"roar_lexical","X261",-0.998354365395993,0.337309560476218
"roar_lexical","X262",-0.187861702135021,0.270906499273616
"roar_lexical","X263",-0.886130536146474,0.325967158021629
"roar_lexical","X264",1.60923844437423,0.213886577751185
"roar_lexical","X265",-0.683146347103844,0.307341196664929
"roar_lexical","X266",0.437780960865858,0.239747997903639
"roar_lexical","X267",-1.55988057102505,0.406849406555875
"roar_lexical","X268",-0.886130536146474,0.325967158022354
"roar_lexical","X269",1.08420591019742,0.220959437352326
"roar_lexical","X270",0.650267159283607,0.232233159092438
"roar_lexical","X271",-0.116678557755753,0.266599407086873
"roar_lexical","X272",-1.11955827266591,0.350452789259088
"roar_lexical","X273",0.0187137924931786,0.258982564695274
"roar_lexical","X274",1.12971640365097,0.220071559576406
"roar_lexical","X275",0.266928819689067,0.246843146856369
"roar_lexical","X276",0.146152050771455,0.252466932814176
"roar_lexical","X277",-0.418575140970561,0.286403126086205
"roar_lexical","X278",-1.11955827266591,0.350452789279872
"roar_lexical","X279",0.650267159283607,0.232233159085973
"roar_lexical","X280",-0.998354365395993,0.337309560492991
"roar_lexical","X281",-0.683146347103844,0.307341196668066
"roar_lexical","X282",-0.116678557755752,0.2665994070992
"roar_lexical","X283",0.650267159283607,0.232233159091966
"roar_lexical","X284",-1.55988057102505,0.406849406533565
"roar_lexical","X285",-0.590364707619746,0.299588089260917
"roar_lexical","X286",-0.418575140970561,0.28640312608079
"roar_lexical","X287",-1.3972172668349,0.38434025175861
"roar_lexical","X288",-0.116678557755753,0.266599407080439
"roar_lexical","X289",-0.998354365395993,0.337309560486328
"roar_lexical","X290",0.0187137924931782,0.258982564696008
"roar_lexical","X291",4.18001987677317,0.28704744541524
"roar_lexical","X292",-0.590364707619746,0.299588089250822
"roar_lexical","X293",0.54594990048339,0.235747916165014
"roar_lexical","X294",-1.25165099819947,0.365893234737767
"roar_lexical","X295",-1.11955827266591,0.350452789263374
"roar_lexical","X296",-0.998354365395993,0.337309560481441
"roar_lexical","X297",0.146152050771455,0.252466932810012
"roar_lexical","X298",-0.418575140970561,0.286403126094421
"roar_lexical","X299",0.018713792493178,0.258982564692403
"roar_lexical","X300",-0.0478940514431478,0.262637588998247
"roar_lexical","X301",-0.418575140970561,0.286403126084953
"roar_lexical","X302",0.0833389624511736,0.255601657924767
"roar_lexical","X303",-0.502371009301021,0.292650059051152
"roar_lexical","X304",-0.261699216697172,0.275604520253677
"roar_lexical","X305",-0.418575140970561,0.286403126103789
"roar_lexical","X306",-0.683146347103844,0.30734119666604
"roar_lexical","X307",-0.590364707619746,0.299588089260762
"roar_lexical","X308",-0.886130536146474,0.325967158033968
"roar_lexical","X309",-0.502371009301021,0.29265005904588
"roar_lexical","X310",-0.338487919585999,0.280748084698234
"roar_lexical","X311",-0.998354365395993,0.337309560477542
"roar_lexical","X312",-0.998354365395993,0.337309560483433
"roar_lexical","X313",-0.590364707619746,0.299588089259514
"roar_lexical","X314",-1.11955827266591,0.350452789283236
"roar_lexical","X315",-0.886130536146474,0.325967158022634
"roar_lexical","X316",-0.502371009301021,0.292650059053673
"roar_lexical","X317",1.12971640365097,0.220071559582141
"roar_lexical","X318",1.12971640365097,0.220071559571545
"roar_lexical","X319",0.492382624224007,0.237682636949322
"roar_lexical","X320",-0.418575140970561,0.286403126077837
"roar_lexical","X321",-0.590364707619746,0.29958808925805
"roar_lexical","X322",-0.683146347103844,0.307341196670552
"roar_lexical","X323",0.944887599876612,0.224015569546683
"roar_lexical","X324",0.0833389624511736,0.255601657919445
"roar_lexical","X325",-1.25165099819947,0.365893234752234
"roar_lexical","X326",1.3079460482292,0.217104459115061
"roar_lexical","X327",-0.261699216697172,0.275604520259709
"roar_lexical","X328",-0.261699216697172,0.275604520241801
"roar_lexical","X329",-0.116678557755752,0.266599407067543
"roar_lexical","X330",-0.683146347103844,0.307341196663666
"roar_lexical","X331",-0.886130536146474,0.325967158036415
"roar_lexical","X332",-1.55988057102505,0.406849406536364
"roar_lexical","X333",-1.3972172668349,0.384340251751827
"roar_lexical","X334",1.03825342154215,0.221910712607516
"roar_lexical","X335",-0.418575140970561,0.286403126093478
"roar_lexical","X336",2.15595586647223,0.213697157866883
"roar_lexical","X337",-0.502371009301021,0.292650059029055
"roar_lexical","X338",-0.418575140970561,0.286403126096711
"roar_lexical","X339",1.73585447831028,0.213195331776016
"roar_lexical","X340",-0.998354365395993,0.337309560477335
"roar_lexical","X341",-0.338487919585999,0.280748084695134
"roar_lexical","X342",0.751247480955035,0.229139006497746
"roar_lexical","X343",0.0833389624511738,0.255601657924865
"roar_lexical","X344",0.849328593388305,0.22641371633791
"roar_lexical","X345",1.26390330331789,0.217762927215773
"roar_lexical","X346",-0.0478940514431481,0.262637588986881
"roar_lexical","X347",-0.338487919586,0.280748084697034
"roar_lexical","X348",1.43838285846089,0.215437569077372
"roar_lexical","X349",-0.502371009301021,0.29265005903657
"roar_lexical","X350",1.9036968485855,0.212878501935246
"roar_lexical","X351",-0.886130536146474,0.325967158022952
"roar_lexical","X352",-0.418575140970561,0.286403126090672
"roar_lexical","X353",1.43838285846089,0.21543756908196
"roar_lexical","X354",1.03825342154215,0.221910712572485
"roar_lexical","X355",0.751247480955035,0.229139006497218
"roar_lexical","X356",0.0187137924931782,0.258982564695324
"roar_lexical","X357",2.54441743798586,0.218088474662968
"roar_lexical","X358",-0.886130536146474,0.325967158042819
"roar_lexical","X359",-0.418575140970561,0.28640312609849
"roar_lexical","X360",0.991825705030133,0.22292833515726
"roar_lexical","X361",-0.590364707619746,0.299588089245471
"roar_lexical","X362",0.437780960865858,0.23974799790791
"roar_lexical","X363",0.207303944492091,0.249554358561767
"roar_lexical","X364",0.0833389624511736,0.25560165791356
"roar_lexical","X365",1.3079460482292,0.217104459125035
"roar_lexical","X366",0.991825705030132,0.222928335158863
"roar_lexical","X367",0.207303944492091,0.249554358546217
"roar_lexical","X368",1.56678489688224,0.214205480844292
"roar_lexical","X369",-0.338487919585999,0.280748084710444
"roar_lexical","X370",-0.338487919585999,0.280748084698642
"roar_lexical","X371",0.897401797291855,0.225176029194233
"roar_lexical","X372",-0.781436961858158,0.316066617725139
"roar_lexical","X373",0.0187137924931782,0.258982564686613
"roar_lexical","X374",0.0833389624511736,0.255601657910389
"roar_lexical","X375",1.94561556255603,0.212906313798015
"roar_lexical","X376",-0.502371009301021,0.292650059042903
"roar_lexical","X377",0.492382624224007,0.237682636930589
"roar_lexical","X378",-0.116678557755752,0.266599407061224
"roar_lexical","X379",1.03825342154215,0.221910712583861
"roar_lexical","X380",0.800625610407317,0.227733067479371
"roar_lexical","X381",-0.502371009301021,0.292650059050471
"roar_lexical","X382",0.991825705030132,0.222928335172316
"roar_lexical","X383",-0.116678557755752,0.266599407079514
"roar_lexical","X384",2.15595586647223,0.213697157846076
"roar_lexical","X385",0.207303944492091,0.249554358546981
"roar_lexical","X386",-0.998354365395993,0.337309560495484
"roar_lexical","X387",0.266928819689067,0.246843146851617
"roar_lexical","X388",-0.683146347103844,0.307341196658112
"roar_lexical","X389",0.650267159283607,0.232233159099972
"roar_lexical","X390",-0.261699216697172,0.275604520251935
"roar_lexical","X391",1.81984882155617,0.212951269136567
"roar_lexical","X392",1.26390330331789,0.217762927216647
"roar_lexical","X393",-0.683146347103844,0.307341196656357
"roar_lexical","X394",-0.502371009301021,0.292650059053906
"roar_lexical","X395",-0.502371009301021,0.29265005905681
"roar_lexical","X396",1.21953585322989,0.218475593603137
"roar_lexical","X397",2.19831639938387,0.213989102708473
"roar_lexical","X398",-0.886130536146474,0.325967158037306
"roar_lexical","X399",2.0715894432216,0.213248841766716
"roar_lexical","X400",-0.886130536146474,0.3259671580318
"roar_lexical","X401",-0.187861702135021,0.270906499276038
"roar_lexical","X402",0.266928819689067,0.246843146867947
"roar_lexical","X403",1.26390330331789,0.217762927209339
"roar_lexical","X404",0.650267159283607,0.23223315911204
"roar_lexical","X405",-0.590364707619746,0.299588089255171
"roar_lexical","X406",-0.590364707619746,0.299588089263326
"roar_lexical","X407",-0.116678557755752,0.266599407085068
"roar_lexical","X408",-0.338487919585999,0.280748084689665
"roar_lexical","X409",2.36944909296251,0.21562977054927
"roar_lexical","X410",0.0187137924931782,0.258982564699933
"roar_lexical","X411",-0.418575140970561,0.286403126105416
"roar_lexical","X412",0.800625610407317,0.227733067468091
"roar_lexical","X413",0.0187137924931782,0.258982564689928
"roar_lexical","X414",-1.96064482620863,0.471781968394865
"roar_lexical","X415",-0.418575140970561,0.286403126092402
"roar_lexical","X416",1.08420591019742,0.220959437358491
"roar_lexical","X417",1.81984882155617,0.212951269136294
"roar_lexical","X418",-0.338487919586,0.280748084698067
"roar_lexical","X419",-0.590364707619746,0.299588089257508
"roar_lexical","X420",0.492382624224007,0.237682636954535
"roar_lexical","X421",0.207303944492091,0.249554358544608
"roar_lexical","X422",-0.590364707619746,0.299588089253705
"roar_lexical","X423",0.991825705030132,0.222928335150883
"roar_lexical","X424",1.08420591019742,0.22095943733907
"roar_lexical","X425",-0.590364707619746,0.299588089250055
"roar_lexical","X426",0.0187137924931784,0.258982564704227
"roar_lexical","X427",0.650267159283607,0.232233159086503
"roar_lexical","X428",-0.781436961858158,0.316066617722455
"roar_lexical","X429",0.437780960865858,0.239747997913605
"roar_lexical","X430",1.52417228771369,0.214569705125135
"roar_lexical","X431",1.3079460482292,0.217104459129855
"roar_lexical","X432",-0.502371009301021,0.292650059048919
"roar_lexical","X433",-0.502371009301021,0.292650059047531
"roar_lexical","X434",-0.781436961858158,0.316066617729871
"roar_lexical","X435",-0.187861702135021,0.270906499269775
"roar_lexical","X436",-0.683146347103844,0.307341196667628
"roar_lexical","X437",-0.998354365395993,0.337309560481139
"roar_lexical","X438",-0.781436961858158,0.316066617740521
"roar_lexical","X439",0.325146591487406,0.244315221582046
"roar_lexical","X440",-0.683146347103844,0.307341196667832
"roar_lexical","X441",-0.590364707619746,0.299588089266697
"roar_lexical","X442",0.382064934455448,0.241954790700789
"roar_lexical","X443",-1.3972172668349,0.384340251739765
"roar_lexical","X444",1.35169025991014,0.216498431699786
"roar_lexical","X445",0.437780960865858,0.239747997905091
"roar_lexical","X446",-0.418575140970561,0.28640312609464
"roar_lexical","X447",-0.261699216697172,0.275604520256186
"roar_lexical","X448",0.018713792493178,0.258982564717822
"roar_lexical","X449",-0.590364707619746,0.299588089256905
"roar_lexical","X450",1.03825342154215,0.221910712586019
"roar_lexical","X451",-0.261699216697172,0.275604520255565
"roar_lexical","X452",0.70114548889752,0.230637006030187
"roar_lexical","X453",-0.261699216697172,0.275604520247517
"roar_lexical","X454",-0.998354365395993,0.337309560506615
"roar_lexical","X455",-0.683146347103844,0.307341196676795
"roar_lexical","X456",-1.11955827266591,0.350452789269262
"roar_lexical","X457",-0.338487919585999,0.280748084703644
"roar_lexical","X458",-0.418575140970561,0.286403126094316
"roar_lexical","X459",1.08420591019742,0.220959437330066
"roar_lexical","X460",-0.338487919585999,0.280748084704225
"roar_lexical","X461",0.0187137924931782,0.258982564692207
"roar_lexical","X462",-0.781436961858158,0.316066617730435
"roar_lexical","X463",-1.25165099819947,0.365893234725369
"roar_lexical","X464",2.58895167685345,0.218843589129083
"roar_lexical","X465",-0.418575140970561,0.286403126084166
"roar_lexical","X466",0.650267159283607,0.232233159094817
"roar_lexical","X467",-0.886130536146474,0.325967158030862
"roar_lexical","X468",0.0187137924931782,0.258982564707555
"roar_lexical","X469",-0.502371009301021,0.29265005904817
"roar_lexical","X470",-0.781436961858158,0.316066617721834
"roar_lexical","X471",1.17481640285434,0.219244413937874
"roar_lexical","X472",0.650267159283607,0.232233159100326
"roar_lexical","X473",0.849328593388305,0.226413716332241
"roar_lexical","X474",0.0833389624511733,0.255601657909813
"roar_lexical","X475",-0.418575140970561,0.286403126094525
"roar_lexical","X476",-0.0478940514431478,0.26263758899869
"roar_lexical","X477",0.598555788075173,0.233934262694793
"roar_lexical","X478",-0.418575140970561,0.286403126106374
"roar_lexical","X479",-1.3972172668349,0.384340251757333
"roar_lexical","X480",-0.0478940514431478,0.262637589008958
"roar_lexical","X481",-0.338487919585999,0.280748084690268
"roar_lexical","X482",0.897401797291855,0.225176029212356
"roar_lexical","X483",-0.590364707619746,0.299588089264228
"roar_lexical","X484",-0.998354365395993,0.337309560493581
"roar_lexical","X485",-0.886130536146474,0.32596715802578
"roar_lexical","X486",-0.0478940514431478,0.26263758898793
"roar_lexical","X487",0.54594990048339,0.2357479161581
"roar_lexical","X488",-0.590364707619746,0.299588089262547
"roar_lexical","X489",-0.418575140970561,0.286403126093132
"roar_lexical","X490",0.598555788075173,0.233934262701073
"roar_lexical","X491",-0.683146347103844,0.307341196667503
"roar_lexical","X492",-1.11955827266591,0.350452789255346
"roar_lexical","X493",1.03825342154215,0.221910712586712
"roar_lexical","X494",-0.683146347103844,0.307341196667533
"roar_lexical","X495",2.96150408446311,0.227312958056984
"roar_lexical","X496",-0.418575140970561,0.286403126097097
"roar_lexical","X497",-0.418575140970561,0.286403126077357
"roar_lexical","X498",-1.11955827266591,0.350452789257573
"roar_lexical","X499",-0.781436961858158,0.31606661771661
"roar_lexical","X500",-0.781436961858158,0.31606661772229
"spidersBAT_grill2024","X1",-0.600745732054823,0.467073732404234
"spidersBAT_grill2024","X2",-0.221752301662926,0.476537663539033
"spidersBAT_grill2024","X3",-0.491946134486262,0.468782043998732
"spidersBAT_grill2024","X4",-0.437851420178651,0.469911454566363
"spidersBAT_grill2024","X5",0.301639093519896,0.514364277126641
"spidersBAT_grill2024","X6",0.596596592187265,0.558914669772815
"spidersBAT_grill2024","X7",-0.992466676443833,0.467262491006392
"spidersBAT_grill2024","X8",0.0566288705376723,0.491724033551423
"spidersBAT_grill2024","X9",0.368944199013784,0.522621963770879
"spidersBAT_grill2024","X10",-0.600745732054823,0.467073732397097
"spidersBAT_grill2024","X11",0.89649812197486,0.632187705862608
"spidersBAT_grill2024","X12",0.685325463436186,0.577187325043946
"spidersBAT_grill2024","X13",0.439875656211654,0.532460168084531
"tdri","X1",-2.752323419305,0.220795726390175
"tdri","X2",-2.18202134230209,0.16227819636897
"tdri","X3",-1.88476598941375,0.128349257306554
"tdri","X4",-1.92851945799385,0.132266300843735
"tdri","X5",-2.010365555942,0.146689315750094
"tdri","X6",-2.010365555942,0.146689315750645
"tdri","X7",-2.09624998877717,0.154002827242414
"tdri","X8",-2.02732617257502,0.138606174904613
"tdri","X9",-0.647318726760955,0.121055690543454
"tdri","X10",-0.7790276967056,0.125776563939103
"tdri","X11",-0.876592208369268,0.129475346691373
"tdri","X12",-2.61383837481227,0.186772637078023
"tdri","X13",-0.827720172679374,0.127520291493981
"tdri","X14",-0.435277926949795,0.116609327575687
"tdri","X15",-0.601956487640611,0.121127997635783
"tdri","X16",-0.628594129810376,0.122225618242545
"tdri","X17",-0.626452510439989,0.121901764937434
"tdri","X18",0.277587685525322,0.0812214342805115
"tdri","X19",0.220827801103936,0.0846765076690937
"tdri","X20",0.189622955145983,0.081876946810488
"tdri","X21",0.124122933407075,0.0842102192221405
"tdri","X22",0.201301409873216,0.0824391046239114
"tdri","X23",-2.67941521453503,0.194785574292584
"tdri","X24",0.0713774654720671,0.0859878114949703
"tdri","X25",0.204964221284247,0.0820304106559633
"tdri","X26",0.0854676523302422,0.0849104463342319
"tdri","X27",0.884950704758812,0.0894402550940926
"tdri","X28",0.8121569865877,0.0852994970171863
"tdri","X29",0.937366860147543,0.0903594582463345
"tdri","X30",0.793042644410837,0.0857943662292315
"tdri","X31",0.968798052223102,0.0889830581818357
"tdri","X32",0.908948355531912,0.0909059495740314
"tdri","X33",0.924556469258166,0.0903593510124988
"tdri","X34",-2.75387686554104,0.218661662307749
"tdri","X35",0.994405489810023,0.089232259812556
"tdri","X36",1.95048400206159,0.125172295613614
"tdri","X37",1.61838826970146,0.109998032019471
"tdri","X38",1.89919781683725,0.121116768300935
"tdri","X39",1.6426453369099,0.111309064107405
"tdri","X40",1.84309398791066,0.122617427827277
"tdri","X41",1.7565265177595,0.114574651732257
"tdri","X42",1.69917210539867,0.112630298589927
"tdri","X43",1.80172657803134,0.119708184484295
"tdri","X44",2.37802320383032,0.195524226991781
"tdri","X45",-2.90118475554808,0.24241740343946
"tdri","X46",2.73574857651117,0.249293738149099
"tdri","X47",2.48415325073293,0.213980080155012
"tdri","X48",2.70861597527244,0.249872301795859
"tdri","X49",2.83917224584776,0.274970427737095
"tdri","X50",2.50577153105722,0.217082202513038
"tdri","X51",2.46317739940264,0.211036647022056
"tdri","X52",2.50577153105722,0.217082202509222
"tdri","X53",-2.85569754350766,0.212303838940204
"tdri","X54",-2.72055396378745,0.195243400286574
"tdri","X55",-2.75196429009632,0.218853637246091
"tdri","X56",-1.83975766575754,0.126536943825887
"test_taking_patterns_over_time","X1",-1.69997213038309,0.109186287511512
"test_taking_patterns_over_time","X2",3.39187445403801,0.0671315109563924
"test_taking_patterns_over_time","X3",3.44374997725906,0.0675747438107527
"test_taking_patterns_over_time","X4",6.87308863706357,0.101646521658698
"test_taking_patterns_over_time","X5",4.14275939627934,0.108880901277314
"test_taking_patterns_over_time","X6",5.58586892980098,0.108969777272292
"test_taking_patterns_over_time","X7",7.04023520021236,0.167096048787214
"test_taking_patterns_over_time","X8",8.02102753815257,0.280081586357702
"test_taking_patterns_over_time","X9",0.650699996603466,0.0682456274818975
"test_taking_patterns_over_time","X10",-2.15459452031732,0.119783868472971
"test_taking_patterns_over_time","X11",-3.84166346418103,0.191625852744201
"test_taking_patterns_over_time","X12",1.82486609818955,0.0624151054817634
"test_taking_patterns_over_time","X13",0.137159058399549,0.0726602107266457
"test_taking_patterns_over_time","X14",-0.254465025555787,0.081700120787902
"test_taking_patterns_over_time","X15",2.83767755463751,0.0528705309376985
"test_taking_patterns_over_time","X16",-0.50252259560154,0.0865152202919062
"test_taking_patterns_over_time","X17",-4.09812324415182,0.206580029326703
"test_taking_patterns_over_time","X18",0.28679335974167,0.0715168868281861
"test_taking_patterns_over_time","X19",-0.0529971307244641,0.0825192493552408
"test_taking_patterns_over_time","X20",1.28081198712451,0.0632772180927524
"test_taking_patterns_over_time","X21",1.1906138666077,0.0632371099932986
"test_taking_patterns_over_time","X22",2.97869688315833,0.0636088388875155
"test_taking_patterns_over_time","X23",3.38743675277919,0.0656913227280275
"test_taking_patterns_over_time","X24",2.12737191324911,0.0659391191567307
"test_taking_patterns_over_time","X25",-0.614301585403417,0.0959391015398862
"test_taking_patterns_over_time","X26",0.0185178016632475,0.0945561150726766
"test_taking_patterns_over_time","X27",3.89301825579892,0.0734794707855715
"test_taking_patterns_over_time","X28",-2.07996333315932,0.120630082285989
"test_taking_patterns_over_time","X29",0.219289670773328,0.0894538288479772
"test_taking_patterns_over_time","X30",-3.7923034441757,0.191673135093879
"test_taking_patterns_over_time","X31",-0.979692132630843,0.0908440165923868
"test_taking_patterns_over_time","X32",-0.536568116147925,0.0830881890639613
"test_taking_patterns_over_time","X33",-0.0359886330336603,0.0732130581552556
"test_taking_patterns_over_time","X34",0.868159904588806,0.0647799871395412
"test_taking_patterns_over_time","X35",-1.02951495029076,0.0907269018270245
"test_taking_patterns_over_time","X36",-1.64566948817311,0.108163429085738
"test_taking_patterns_over_time","X37",-3.24577173723779,0.161262285681326
"test_taking_patterns_over_time","X38",-0.519283296930976,0.0805046961828945
"test_taking_patterns_over_time","X39",-0.387385154205178,0.0784523458893347
"test_taking_patterns_over_time","X40",-1.33321009189347,0.0974827776478509
"test_taking_patterns_over_time","X41",-2.93289770998034,0.149307249690282
"test_taking_patterns_over_time","X42",-0.881667230398347,0.087792533282799
"test_taking_patterns_over_time","X43",1.96689814275806,0.0555822445125327
"test_taking_patterns_over_time","X44",-3.51124780391652,0.176984687225739
"test_taking_patterns_over_time","X45",-0.213794051526284,0.0761995269161753
"test_taking_patterns_over_time","X46",-1.12163393137478,0.0938113217783036
"test_taking_patterns_over_time","X47",0.895419829428802,0.0628767394825042
"test_taking_patterns_over_time","X48",-3.23734355188553,0.161268506139758
"test_taking_patterns_over_time","X49",-1.20007532775854,0.0968963117326531
"test_taking_patterns_over_time","X50",1.03720813707603,0.062914687007042
"test_taking_patterns_over_time","X51",-0.857303128616604,0.0906865812098102
"test_taking_patterns_over_time","X52",-3.43088107287408,0.179728779469797
"test_taking_patterns_over_time","X53",-0.046896871536934,0.0772141296019482
"test_taking_patterns_over_time","X54",-1.21854127376097,0.10138594089878
"test_taking_patterns_over_time","X55",-3.12695931917253,0.1698890761495
"test_taking_patterns_over_time","X56",-3.75001331886812,0.206811982412153
"test_taking_patterns_over_time","X57",-0.262577516904753,0.084923456598756
"test_taking_patterns_over_time","X58",-3.36724862037859,0.191976921090315
"test_taking_patterns_over_time","X59",-2.66226254062754,0.137361370787429
"test_taking_patterns_over_time","X60",1.46407014870392,0.0642499150150735
"test_taking_patterns_over_time","X61",-2.40128815672823,0.149891101686514
"test_taking_patterns_over_time","X62",0.169903158655084,0.0813096057626948
"test_taking_patterns_over_time","X63",-2.06398825790587,0.14188895563638
"test_taking_patterns_over_time","X64",-1.44738885455142,0.12245479208362
"test_taking_patterns_over_time","X65",-0.409297745766524,0.0971285667958728
"test_taking_patterns_over_time","X66",-2.31970949637357,0.160479340047884
"test_taking_patterns_over_time","X67",1.79768825845537,0.0686025533055931
"test_taking_patterns_over_time","X68",0.632804951841154,0.0834325730479691
"test_taking_patterns_over_time","X69",0.825649960226594,0.081888447259362
"test_taking_patterns_over_time","X70",-2.56967053296273,0.134019347133799
"test_taking_patterns_over_time","X71",1.09282407973912,0.0796064380575377
"test_taking_patterns_over_time","X72",-2.03754282459406,0.11626163850232
"test_taking_patterns_over_time","X73",-1.04439637039363,0.0903986212341667
"test_taking_patterns_over_time","X74",-3.56061541603665,0.176945202959537
"test_taking_patterns_over_time","X75",-2.22356909409117,0.122080101647602
"test_taking_patterns_over_time","X76",-1.47617976414474,0.100568378491922
"test_taking_patterns_over_time","X77",-3.12178047989687,0.155764028588348
"test_taking_patterns_over_time","X78",0.654057733118915,0.0751591613012653
"test_taking_patterns_over_time","X79",1.20777398004392,0.0621721456445398
"test_taking_patterns_over_time","X80",3.99048988806625,0.0585943057029764
"test_taking_patterns_over_time","X81",2.62669763236807,0.0554524742507586
"test_taking_patterns_over_time","X82",1.37431454260687,0.0898510533083702
"test_taking_patterns_over_time","X83",2.50744724857078,0.0810082603863701
"test_taking_patterns_over_time","X84",2.05797756009076,0.0722020008972171
"test_taking_patterns_over_time","X85",1.68845692224805,0.101286500216959
"test_taking_patterns_over_time","X86",4.90667244391591,0.305030777076779
"test_taking_patterns_over_time","X87",4.43199514341898,0.0916300501231239
"test_taking_patterns_over_time","X88",-3.6754966258088,0.182381780056131
"test_taking_patterns_over_time","X89",3.48551780809248,0.367617043844285
"test_taking_patterns_over_time","X90",5.18437064077648,0.256686501769106
"test_taking_patterns_over_time","X91",1.52422690776855,0.164970383332242
"test_taking_patterns_over_time","X92",-1.50296302189493,0.100971541519702
"test_taking_patterns_over_time","X93",-2.43782752235408,0.128982930681618
"test_taking_patterns_over_time","X94",-1.43414519813716,0.0993643197194589
"test_taking_patterns_over_time","X95",0.188367739108254,0.0699729992208748
"test_taking_patterns_over_time","X96",-1.3377412983719,0.0971051105337172
"test_taking_patterns_over_time","X97",-0.822959999487174,0.085809898264827
"test_taking_patterns_over_time","X98",4.28347214679105,0.0554872096965319
"test_taking_patterns_over_time","X99",-4.32247364620859,0.220506425229898
"test_taking_patterns_over_time","X100",1.412879809879,0.0591729778059533
"test_taking_patterns_over_time","X101",-0.871397133982557,0.09243495391799
"test_taking_patterns_over_time","X102",-3.16931971389908,0.159385416390539
"test_taking_patterns_over_time","X103",0.538833636914723,0.0659376044425474
"test_taking_patterns_over_time","X104",2.74755946403256,0.0563273743078589
"test_taking_patterns_over_time","X105",3.20180908392855,0.0564791157738716
"test_taking_patterns_over_time","X106",2.76280315187132,0.053977732324133
"test_taking_patterns_over_time","X107",2.59055472648259,0.0595348969900846
"test_taking_patterns_over_time","X108",1.78994103764118,0.0600286349946783
"test_taking_patterns_over_time","X109",-3.19403620143483,0.167545589755201
"test_taking_patterns_over_time","X110",0.840043923348451,0.0645873683829416
"test_taking_patterns_over_time","X111",2.35049403478071,0.0609563199788947
"test_taking_patterns_over_time","X112",1.8952190214056,0.0632584223729046
"test_taking_patterns_over_time","X113",2.77479305572836,0.061102648335229
"test_taking_patterns_over_time","X114",1.12262393212805,0.0674517665958314
"test_taking_patterns_over_time","X115",2.94144077815074,0.0588960307535703
"test_taking_patterns_over_time","X116",3.73578092424193,0.0631430358793312
"test_taking_patterns_over_time","X117",0.895026855042024,0.0681927389706714
"test_taking_patterns_over_time","X118",2.39024914397727,0.0598809075399055
"test_taking_patterns_over_time","X119",3.8514464465498,0.0638247024915966
"test_taking_patterns_over_time","X120",3.36766557926587,0.0586209385469189
"test_taking_patterns_over_time","X121",-4.4821257182351,0.231599556666507
"test_taking_patterns_over_time","X122",1.33962446180718,0.0691281071555484
"test_taking_patterns_over_time","X123",0.082577831567539,0.0876488747193116
"test_taking_patterns_over_time","X124",3.66756861989579,0.0730780703576749
"test_taking_patterns_over_time","X125",3.23892433401495,0.065982535153466
"test_taking_patterns_over_time","X126",1.13164355538351,0.0769385390421501
"test_taking_patterns_over_time","X127",5.19573565430364,0.0858991354386603
"test_taking_patterns_over_time","X128",2.86580365115888,0.0728661819594069
"test_taking_patterns_over_time","X129",3.31936995043749,0.0755328332259042
"test_taking_patterns_over_time","X130",4.37640673869974,0.0812031143390485
"test_taking_patterns_over_time","X131",2.76243639879331,0.075609645872722
"test_taking_patterns_over_time","X132",-1.97329406804088,0.11708172011646
"test_taking_patterns_over_time","X133",5.09494728973555,0.08127670493161
"test_taking_patterns_over_time","X134",0.394939996670399,0.0687571121411029
"test_taking_patterns_over_time","X135",-0.89930396287349,0.0894732055435694
"test_taking_patterns_over_time","X136",-2.76552491076467,0.142295838906797
"test_taking_patterns_over_time","X137",3.18985895231492,0.053875562385768
"test_taking_patterns_over_time","X138",-2.65447884363086,0.139821688313701
"test_taking_patterns_over_time","X139",-5.93602831128466,0.35498007302683
"test_taking_patterns_over_time","X140",-2.56283075415847,0.134033890150454
"test_taking_patterns_over_time","X141",-4.48363411092289,0.231606692708746
"test_taking_patterns_over_time","X142",-4.02171792550084,0.202515065238756
"test_taking_patterns_over_time","X143",-2.81470632389342,0.143589869869604
"test_taking_patterns_over_time","X144",0.130854428159357,0.070325366511546
"test_taking_patterns_over_time","X145",-0.761065221339054,0.0846891694073127
"test_taking_patterns_over_time","X146",-0.553666976403486,0.0810741162084067
"test_taking_patterns_over_time","X147",-2.38042296032982,0.128082046333407
"test_taking_patterns_over_time","X148",3.13804290077866,0.0519413804095404
"test_taking_patterns_over_time","X149",0.642155566870765,0.0651085947993764
"test_taking_patterns_over_time","X150",-5.73700932188854,0.334846045289157
"test_taking_patterns_over_time","X151",0.0205711385736431,0.0737154239584481
"test_taking_patterns_over_time","X152",-1.3761769931767,0.0994371065395952
"test_taking_patterns_over_time","X153",-0.865758107636845,0.0892484122428723
"test_taking_patterns_over_time","X154",-1.60312281036932,0.10711386395498
"test_taking_patterns_over_time","X155",-0.36283111508197,0.0794709966439795
"test_taking_patterns_over_time","X156",1.1999187787595,0.0615214845525861
"test_taking_patterns_over_time","X157",2.45399230602404,0.0595321220629335
"test_taking_patterns_over_time","X158",0.293835889277854,0.0747804361568511
"test_taking_patterns_over_time","X159",0.543434887984789,0.0688981697632998
"test_taking_patterns_over_time","X160",0.665093109382183,0.0737031794472921
"test_taking_patterns_over_time","X161",-5.72506532126733,0.33485015973094
"test_taking_patterns_over_time","X162",2.14439000773903,0.0587119524906536
"test_taking_patterns_over_time","X163",1.52561549293768,0.0663084634711196
"test_taking_patterns_over_time","X164",2.37596461008039,0.0589744804018023
"test_taking_patterns_over_time","X165",-0.560953041446751,0.0942732212827003
"test_taking_patterns_over_time","X166",2.6626147404727,0.0632887949954269
"test_taking_patterns_over_time","X167",2.42685633356763,0.0625875591553079
"test_taking_patterns_over_time","X168",-0.284514760095298,0.102159235736405
"test_taking_patterns_over_time","X169",1.88381483162892,0.0736453904773666
"test_taking_patterns_over_time","X170",2.35368864329173,0.0752908476956754
"test_taking_patterns_over_time","X171",0.79319434635326,0.0876328235876372
"test_taking_patterns_over_time","X172",-4.24468447325786,0.215548962561576
"test_taking_patterns_over_time","X173",3.35538807241077,0.0698658166569187
"test_taking_patterns_over_time","X174",-5.38228170233706,0.303189228384081
"test_taking_patterns_over_time","X175",-4.17236264957263,0.21091590100889
"test_taking_patterns_over_time","X176",-4.10441871813603,0.206571543359023
"test_taking_patterns_over_time","X177",-2.41644994247704,0.129018907472152
"test_taking_patterns_over_time","X178",-3.23441230018366,0.16127610560222
"test_taking_patterns_over_time","X179",-3.50452391825444,0.174417491777149
"test_taking_patterns_over_time","X180",2.02702414942291,0.0548590211712323
"test_taking_patterns_over_time","X181",2.07652655103461,0.0548701347104887
"test_taking_patterns_over_time","X182",2.23265780788033,0.054287519913461
"test_taking_patterns_over_time","X183",1.1715449259262,0.0622869726679825
"test_taking_patterns_over_time","X184",1.16149050719847,0.0611909597684398
"test_taking_patterns_over_time","X185",1.34976378765344,0.0601954686580357
"test_taking_patterns_over_time","X186",1.66815130486095,0.0586556324973405
"test_taking_patterns_over_time","X187",1.94323342399471,0.0572958113149911
"test_taking_patterns_over_time","X188",1.66863629295904,0.0601852309506623
"test_taking_patterns_over_time","X189",2.78033651128916,0.0684900278125703
"test_taking_patterns_over_time","X190",2.51187751240233,0.0525336282509383
"test_taking_patterns_over_time","X191",0.946925294896773,0.0670823452926563
"test_taking_patterns_over_time","X192",0.261963740541827,0.0807491209238728
"test_taking_patterns_over_time","X193",3.41864582404162,0.0576598259603705
"test_taking_patterns_over_time","X194",3.10790087665911,0.05940818431255
"test_taking_patterns_over_time","X195",2.63139821720303,0.0636569416328107
"test_taking_patterns_over_time","X196",3.36698700019305,0.0615990479722334
"test_taking_patterns_over_time","X197",2.83362743656383,0.0653988073814218
"test_taking_patterns_over_time","X198",4.91344205360964,0.0752133684814138
"test_taking_patterns_over_time","X199",0.589267535584502,0.0931640701850906
"test_taking_patterns_over_time","X200",3.04608542629893,0.0774942734256398
"test_taking_patterns_over_time","X201",0.878655411227318,0.0623071371607696
"test_taking_patterns_over_time","X202",2.27600912384593,0.110164038657832
"test_taking_patterns_over_time","X203",5.59521400293205,0.102911959105685
"test_taking_patterns_over_time","X204",3.10700258431746,0.0895782369110047
"test_taking_patterns_over_time","X205",2.19446695248465,0.0537483020034076
"test_taking_patterns_over_time","X206",0.0340787366983308,0.0720267595524207
"test_taking_patterns_over_time","X207",-0.73876845987093,0.085905562334657
"test_taking_patterns_over_time","X208",0.692160605001201,0.0653429425685362
"test_taking_patterns_over_time","X209",4.2069557512369,0.0542364836333467
"test_taking_patterns_over_time","X210",3.38169773880089,0.0533827769987282
"test_taking_patterns_over_time","X211",-6.15551645991264,0.379306385690506
"test_taking_patterns_over_time","X212",-2.41463731087805,0.129991503746395
"test_taking_patterns_over_time","X213",-2.96315058193943,0.150846998920177
"test_taking_patterns_over_time","X214",-0.185899017189234,0.0754375616754848
"test_taking_patterns_over_time","X215",-0.962448220096799,0.0896231664827677
"test_taking_patterns_over_time","X216",0.304461145593477,0.0686071000509107
"test_taking_patterns_over_time","X217",-4.84341869858727,0.260157120575641
"test_taking_patterns_over_time","X218",-4.14681898537726,0.210938693384756
"test_taking_patterns_over_time","X219",0.414964911170237,0.0671311973701634
"test_taking_patterns_over_time","X220",0.525578188866384,0.0660522788532745
"test_taking_patterns_over_time","X221",-4.27365271399561,0.22056258311195
"test_taking_patterns_over_time","X222",-2.79608953712681,0.142265835623807
"test_taking_patterns_over_time","X223",-3.17515889025564,0.161365869700305
"test_taking_patterns_over_time","X224",-1.69482321934486,0.10923122540299
"test_taking_patterns_over_time","X225",-4.1227101892165,0.215669259560706
"test_taking_patterns_over_time","X226",-3.74285916585613,0.195214982413921
"test_taking_patterns_over_time","X227",-2.88781461356896,0.154324531176233
"test_taking_patterns_over_time","X228",-2.49969738039563,0.140099429329868
"test_taking_patterns_over_time","X229",-0.214207151843707,0.0812268559774512
"test_taking_patterns_over_time","X230",-3.30783873683002,0.182895454827144
"test_taking_patterns_over_time","X231",0.471089294098245,0.0746654422208527
"test_taking_patterns_over_time","X232",-3.9777036917715,0.232208620057611
"test_taking_patterns_over_time","X233",-4.1754690478073,0.210908565227525
"test_taking_patterns_over_time","X234",-3.48986052073265,0.207368079908847
"test_taking_patterns_over_time","X235",-1.4240344253727,0.122997520864659
"test_taking_patterns_over_time","X236",-2.97395675220612,0.192901129072928
"test_taking_patterns_over_time","X237",-2.3395262666707,0.167026110555025
"test_taking_patterns_over_time","X238",-1.5148472690312,0.141155886792189
"test_taking_patterns_over_time","X239",-2.16930207474022,0.174394414240841
"test_taking_patterns_over_time","X240",-1.29926344433718,0.133649178915198
"test_taking_patterns_over_time","X241",2.5207699586646,0.0730977519515316
"test_taking_patterns_over_time","X242",-1.08006080913997,0.134371501567895
"test_taking_patterns_over_time","X243",-2.55603159497859,0.204921356060514
"test_taking_patterns_over_time","X244",-2.18786239488465,0.120523555900684
"test_taking_patterns_over_time","X245",-3.00734515697635,0.233790110173139
"test_taking_patterns_over_time","X246",3.83865754367073,0.0868947623822331
"test_taking_patterns_over_time","X247",-2.59789744722572,0.248297862328329
"test_taking_patterns_over_time","X248",-2.93361149698356,0.282797721463815
"test_taking_patterns_over_time","X249",0.339036313944995,0.133050841295752
"test_taking_patterns_over_time","X250",0.780273652699674,0.126529905691242
"test_taking_patterns_over_time","X251",-1.59122386196657,0.239338905110804
"test_taking_patterns_over_time","X252",-2.1284281469403,0.298132885113001
"test_taking_patterns_over_time","X253",1.91163639459648,0.147687395203277
"test_taking_patterns_over_time","X254",0.425011487213306,0.191805275766834
"test_taking_patterns_over_time","X255",-2.60974981317209,0.135095096318113
"test_taking_patterns_over_time","X256",-1.04824296987431,0.265461345783206
"test_taking_patterns_over_time","X257",-3.38073833069055,0.16968330932142
"test_taking_patterns_over_time","X258",-0.538536107000624,0.0812699235397166
"test_taking_patterns_over_time","X259",-4.06280684086352,0.206591903973059
"test_taking_patterns_over_time","X260",-4.13316258469892,0.210931943153461
"transreas_mokken","X1",-2.42227069309553,0.212043172995981
"transreas_mokken","X2",-0.0296374169040647,0.130989931574691
"transreas_mokken","X3",-1.10578060969611,0.158884145622043
"transreas_mokken","X4",0.263924137105497,0.125324658968381
"transreas_mokken","X5",0.0531220003030688,0.129315332723732
"transreas_mokken","X6",-3.93500720086078,0.309847828293104
"transreas_mokken","X7",-0.481785229474173,0.141269405763558
"transreas_mokken","X8",-3.49725098763462,0.276570596418175
"transreas_mokken","X9",4.23393567223823,0.113244777656088
"transreas_mokken","X10",2.51061978661244,0.104524021163225
"transreas_mokken","X11",1.56387355532117,0.108714028968249
"transreas_mokken","X12",2.84625698608488,0.104561900831354
"trees_sirt","X1",-1.41642792172111,0.118624070342139
"trees_sirt","X2",0.100641495107526,0.138434667442191
"trees_sirt","X3",0.139440283998717,0.139428789078163
"trees_sirt","X4",0.74114037445053,0.15866644140628
"trees_sirt","X5",0.82039076125744,0.161785232056348
"trees_sirt","X6",1.05017468232547,0.17169429144156
"trees_sirt","X7",1.35146329680587,0.186811242031982
"trees_sirt","X8",-0.704128811656106,0.123581960587661
"trees_sirt","X9",-0.643546809430586,0.124342466538634
"trees_sirt","X10",-0.408178252948778,0.127827530875653
"trees_sirt","X11",-0.35927246350637,0.128660136559581
"trees_sirt","X12",-0.242298563931873,0.130807804627964
"trees_sirt","X13",-0.225232706352015,0.131139846000034
"trees_sirt","X14",-0.173455614142971,0.132176885686015
"trees_sirt","X15",-0.0307097502557399,0.135271512742507
"verbagg","X1",-1.00045855041548,0.163018591445127
"verbagg","X2",-0.400292274560572,0.153475555973079
"verbagg","X3",0.509938406068845,0.158368228884108
"verbagg","X4",-1.00045855041548,0.163018591443944
"verbagg","X5",-0.526725956980505,0.154602102829645
"verbagg","X6",-0.176849819377591,0.152563374132079
"verbagg","X7",-0.748957974947247,0.157694165599819
"verbagg","X8",-0.078116666850486,0.152592733800818
"verbagg","X9",0.950930369797151,0.169632557929307
"verbagg","X10",-1.38134921820837,0.175272337748933
"verbagg","X11",-0.629913567611283,0.155857830410787
"verbagg","X12",-0.127490424908163,0.152545027154328
"verbagg","X13",0.0333163862406747,0.152943820680438
"verbagg","X14",0.967146225206502,0.170175867061347
"verbagg","X15",2.02948490322434,0.231980656959324
"verbagg","X16",-0.501240923334976,0.154338881875004
"verbagg","X17",0.376472017557271,0.156187436921407
"verbagg","X18",0.983491627095398,0.170733485939481
"verbagg","X19",-0.629913567611283,0.155857830412646
"verbagg","X20",0.158339497305649,0.153742666519721
"verbagg","X21",1.32484688959086,0.184820045035376
"verbagg","X22",-0.900106199539797,0.160650276381487
"verbagg","X23",0.13319112358434,0.153547264682168
"verbagg","X24",0.634716249090215,0.160901640363705
"vocab_assessment_3_to_8_year_old_children","X1",-2.77889949316044,0.711385143767248
"vocab_assessment_3_to_8_year_old_children","X2",-2.34122728112265,0.582581295332406
"vocab_assessment_3_to_8_year_old_children","X3",-1.7867335890852,0.45389997033704
"vocab_assessment_3_to_8_year_old_children","X4",-1.58764852326863,0.415533443972173
"vocab_assessment_3_to_8_year_old_children","X5",-3.52406221051657,1.0029576040016
"vocab_assessment_3_to_8_year_old_children","X6",-2.77889949316044,0.711385143764218
"vocab_assessment_3_to_8_year_old_children","X7",-2.34122728112265,0.58258129533454
"vocab_assessment_3_to_8_year_old_children","X8",-1.58764852326863,0.415533443971896
"vocab_assessment_3_to_8_year_old_children","X9",-2.34122728112265,0.582581295335349
"vocab_assessment_3_to_8_year_old_children","X10",-1.7867335890852,0.453899970334371
"vocab_assessment_3_to_8_year_old_children","X11",-3.52406221051657,1.00295760400473
"vocab_assessment_3_to_8_year_old_children","X12",-2.34122728112265,0.582581295330586
"vocab_assessment_3_to_8_year_old_children","X13",-2.34122728112265,0.582581295330721
"vocab_assessment_3_to_8_year_old_children","X14",-3.52406221051658,1.00295760400797
"vocab_assessment_3_to_8_year_old_children","X15",-1.27180222623992,0.361876872776519
"vocab_assessment_3_to_8_year_old_children","X16",-2.34122728112265,0.582581295327621
"vocab_assessment_3_to_8_year_old_children","X17",-3.52406221051657,1.00295760400091
"vocab_assessment_3_to_8_year_old_children","X18",-1.14175951587902,0.342116525649641
"vocab_assessment_3_to_8_year_old_children","X19",-2.02947577947725,0.50601217393377
"vocab_assessment_3_to_8_year_old_children","X20",-2.34122728112265,0.582581295327089
"vocab_assessment_3_to_8_year_old_children","X21",0.801506211200257,0.162099465293852
"vocab_assessment_3_to_8_year_old_children","X22",2.5819461385869,0.106679680510425
"vocab_assessment_3_to_8_year_old_children","X23",2.43208414824274,0.109065154813101
"vocab_assessment_3_to_8_year_old_children","X24",-2.34122728112265,0.582581295333213
"vocab_assessment_3_to_8_year_old_children","X25",-0.571184328533914,0.269222011807261
"vocab_assessment_3_to_8_year_old_children","X26",2.56098071725755,0.106993522334957
"vocab_assessment_3_to_8_year_old_children","X27",-0.133696160814706,0.226178732730232
"vocab_assessment_3_to_8_year_old_children","X28",-2.02947577947725,0.50601217393485
"vocab_assessment_3_to_8_year_old_children","X29",2.97741454733971,0.101909340340083
"vocab_assessment_3_to_8_year_old_children","X30",0.189260634259058,0.200238185003646
"vocab_assessment_3_to_8_year_old_children","X31",1.23039147456216,0.14236585371286
"vocab_assessment_3_to_8_year_old_children","X32",2.92050177093883,0.102465517502278
"vocab_assessment_3_to_8_year_old_children","X33",1.3631565839098,0.137227513491171
"vocab_assessment_3_to_8_year_old_children","X34",1.93710228229126,0.11946889352465
"vocab_assessment_3_to_8_year_old_children","X35",2.5819461385869,0.106679680508099
"vocab_assessment_3_to_8_year_old_children","X36",3.25323776381757,0.0998050189891604
"vocab_assessment_3_to_8_year_old_children","X37",1.08584243871082,0.148459149118226
"vocab_assessment_3_to_8_year_old_children","X38",0.447714605305508,0.182530057420639
"vocab_assessment_3_to_8_year_old_children","X39",2.22692238082936,0.112886943885982
"vocab_assessment_3_to_8_year_old_children","X40",1.51994212451482,0.13168870085825
"vocab_assessment_3_to_8_year_old_children","X41",3.6855244402862,0.0984091738643384
"vocab_assessment_3_to_8_year_old_children","X42",2.794592788952,0.103848917099191
"vocab_assessment_3_to_8_year_old_children","X43",2.39895277985934,0.109637921575922
"vocab_assessment_3_to_8_year_old_children","X44",4.14252320374616,0.0994095615143053
"vocab_assessment_3_to_8_year_old_children","X45",3.21715660034957,0.100025531078925
"vocab_assessment_3_to_8_year_old_children","X46",3.30704486002923,0.0995062989800198
"vocab_assessment_3_to_8_year_old_children","X47",2.65427945892234,0.105645413922617
"wirs","X1",-0.347706812666743,0.0742801065284611
"wirs","X2",-1.57138538073641,0.0728720536174344
"wirs","X3",0.237955831511927,0.0794992473049677
"wirs","X4",0.549712482480429,0.0835133016591393
"wirs","X5",-0.249814534475694,0.0749459745759215
"wirs","X6",1.38123841388649,0.098832167134082
