"cond_id","model","latent_shape","pool","n_items","target_rho","n_persons","K","tilde_mean","tilde_sd","tilde_q025","tilde_q975","psd_mean","psd_sd","wbar_mean","wbar_sd","wbar_defined","population_tilde"
"02b3452297_t50","3pl_g20","bimodal","irw",10,0.5,100,1000,0.498497208211419,0.0276720848825253,0.444238366157525,0.548607019717597,0.491734077716833,0.0268805858540571,0.484371851365522,0.0266952416122226,TRUE,0.500000000933255
"02b3452297_t50","3pl_g20","bimodal","irw",10,0.5,250,1000,0.498951089241476,0.0164815115817277,0.466286676037698,0.529719573950481,0.492182334191296,0.0160121094307168,0.484777678582422,0.0159087408128204,TRUE,0.500000000933255
"02b3452297_t50","3pl_g20","bimodal","irw",10,0.5,500,1000,0.500021368377235,0.0119099898121303,0.475138530952632,0.523897288264544,0.493204154760696,0.0115564718948928,0.485759757197409,0.0114702696615808,TRUE,0.500000000933255
"02b3452297_t50","3pl_g20","bimodal","irw",10,0.5,1000,1000,0.5001380685623,0.00840231496135783,0.482628685833151,0.516136462604212,0.493315172664621,0.00815296612858782,0.485849919556862,0.00809086979657799,TRUE,0.500000000933255
"02b3452297_t50","3pl_g20","bimodal","irw",10,0.5,2000,1000,0.500172361981022,0.00596638607822105,0.488618796497391,0.511087261897333,0.493346100496259,0.00579507731642128,0.48588663252754,0.0057591088701479,TRUE,0.500000000933255
"02b3452297_t60","3pl_g20","bimodal","irw",10,0.6,100,1000,0.597259350462998,0.0215670241756042,0.553674585050141,0.63696986690278,0.588943072230811,0.019871342123882,0.57844073147003,0.0186414619100648,TRUE,0.600000001319103
"02b3452297_t60","3pl_g20","bimodal","irw",10,0.6,250,1000,0.59700803578723,0.0131378137535549,0.570955063055968,0.621431451429567,0.588696867158966,0.0120864933881024,0.57789826652162,0.0113873149022082,TRUE,0.600000001319103
"02b3452297_t60","3pl_g20","bimodal","irw",10,0.6,500,1000,0.597104091848976,0.00945723335224658,0.57845780201193,0.61546460625487,0.588835525301932,0.00869307072965572,0.578105242155704,0.00824678704366413,TRUE,0.600000001319103
"02b3452297_t60","3pl_g20","bimodal","irw",10,0.6,1000,1000,0.598066293350221,0.00671904678927539,0.584782013094764,0.611249981473255,0.58972045794801,0.00616492552582382,0.578912072224518,0.00572131751610112,TRUE,0.600000001319103
"02b3452297_t60","3pl_g20","bimodal","irw",10,0.6,2000,1000,0.597946056076195,0.00462515782741861,0.589062591791298,0.607610305820421,0.589608518363509,0.00424544036927838,0.57876991909889,0.0040021279766051,TRUE,0.600000001319103
"02b3452297_t70","3pl_g20","bimodal","irw",10,0.7,100,1000,0.700136167845713,0.0155912492604711,0.666621047336905,0.728622303524469,0.660571632161031,0.0115148429123664,0.619082208550386,0.0123452358304748,TRUE,0.700000002311167
"02b3452297_t70","3pl_g20","bimodal","irw",10,0.7,250,1000,0.700742152279829,0.00990064825464544,0.679808432168875,0.718564188974794,0.661092521601471,0.00723086718082958,0.619102411411134,0.00791682472891655,TRUE,0.700000002311167
"02b3452297_t70","3pl_g20","bimodal","irw",10,0.7,500,1000,0.701409948068493,0.00679227270672419,0.687759326232256,0.713986584044382,0.661568567292648,0.00491308040707531,0.619177738108867,0.00544160627176394,TRUE,0.700000002311167
"02b3452297_t70","3pl_g20","bimodal","irw",10,0.7,1000,1000,0.70135942689304,0.00495253666425668,0.691363744151463,0.710635578467494,0.661625464894947,0.00355876444550525,0.619220290499104,0.00386410048094658,TRUE,0.700000002311167
"02b3452297_t70","3pl_g20","bimodal","irw",10,0.7,2000,1000,0.701663732238666,0.00352634149467421,0.694745463798282,0.708699769799196,0.661827235307796,0.0024881960509813,0.6192304195626,0.00271725061167174,TRUE,0.700000002311167
"02b3452297_t80","3pl_g20","bimodal","irw",10,0.8,100,1000,0.799081087747194,0.0118731893222621,0.773201896216875,0.822155457408677,0.758242894779056,0.0106351884679648,0.737936526945695,0.0224650566018245,TRUE,0.800000001422177
"02b3452297_t80","3pl_g20","bimodal","irw",10,0.8,250,1000,0.799567740304512,0.00748354601082368,0.78416710216601,0.813392207356024,0.758536862005021,0.00670698868896919,0.736316013032295,0.0257770957054542,TRUE,0.800000001422177
"02b3452297_t80","3pl_g20","bimodal","irw",10,0.8,500,1000,0.800119774366467,0.00521016038575841,0.79004246120531,0.810006859803217,0.758983082853191,0.00460556137868347,0.737028439440808,0.0127519457669876,TRUE,0.800000001422177
"02b3452297_t80","3pl_g20","bimodal","irw",10,0.8,1000,1000,0.800419019104184,0.00358667601845357,0.792942100116593,0.80744723115362,0.759299645260202,0.00319430956799506,0.737575959387852,0.0121046874811203,TRUE,0.800000001422177
"02b3452297_t80","3pl_g20","bimodal","irw",10,0.8,2000,1000,0.800291378727756,0.0027001389077535,0.794649708906397,0.805445182539797,0.759222422229294,0.00239097405820117,0.737124179506142,0.00818266182699814,TRUE,0.800000001422177
"02b3452297_t90","3pl_g20","bimodal","irw",10,0.9,100,1000,0.89724416797365,0.00915314710029312,0.877706328859193,0.913401080797581,0.728431245189203,0.021463757624723,0.0528899248331338,0.0659059954925892,TRUE,0.900000000824652
"02b3452297_t90","3pl_g20","bimodal","irw",10,0.9,250,1000,0.898907416711051,0.00539520183350686,0.888273650020747,0.909345953431769,0.728418604842963,0.0135493112707791,0.0233138760949191,0.0291931474373228,TRUE,0.900000000824652
"02b3452297_t90","3pl_g20","bimodal","irw",10,0.9,500,1000,0.899015872407728,0.00400451585826614,0.890650367699526,0.906632693872767,0.728775756847468,0.0094436789531138,0.0141041966008907,0.0151908475406356,TRUE,0.900000000824652
"02b3452297_t90","3pl_g20","bimodal","irw",10,0.9,1000,1000,0.898947299071473,0.00280780267332203,0.893516103032068,0.904359407467473,0.729185906678277,0.00640721994461385,0.00944357777243733,0.00784244691923374,TRUE,0.900000000824652
"02b3452297_t90","3pl_g20","bimodal","irw",10,0.9,2000,1000,0.899189489450595,0.00197129311188321,0.895225642057783,0.902897392017559,0.729132400660349,0.00481624626773325,0.00658517747667651,0.00511881310627599,TRUE,0.900000000824652
"04610ec557_t50","3pl_beta","bimodal","parametric",60,0.5,100,1000,0.498698158714083,0.0267209406064733,0.446702715579298,0.548793247088146,0.498324904791151,0.0266442544800674,0.497913444490339,0.026600230190335,TRUE,0.500000000473894
"04610ec557_t50","3pl_beta","bimodal","parametric",60,0.5,250,1000,0.498479567756774,0.0174650594364329,0.463282509469967,0.532070890444937,0.498102010013326,0.01741733590446,0.497679851579053,0.017391228112509,TRUE,0.500000000473894
"04610ec557_t50","3pl_beta","bimodal","parametric",60,0.5,500,1000,0.500029000083032,0.0120658810506014,0.476140780803869,0.522896257648736,0.499649388898714,0.0120314287790812,0.499225987803107,0.0120121084904969,TRUE,0.500000000473894
"04610ec557_t50","3pl_beta","bimodal","parametric",60,0.5,1000,1000,0.49994330655862,0.00804040555423566,0.48493782024614,0.516508480584811,0.499562828009971,0.00801786281947794,0.499137676657158,0.00800570712941253,TRUE,0.500000000473894
"04610ec557_t50","3pl_beta","bimodal","parametric",60,0.5,2000,1000,0.500092486385177,0.00571517282333145,0.488605849426709,0.510972144886074,0.499711526612395,0.00569907310628175,0.499285526940594,0.00569022638283178,TRUE,0.500000000473894
"04610ec557_t60","3pl_beta","bimodal","parametric",60,0.6,100,1000,0.597887612951638,0.0251628873748183,0.550173174942523,0.642336935635738,0.596850477463673,0.0250056481574029,0.596047425977808,0.0249583995331858,TRUE,0.600000001985627
"04610ec557_t60","3pl_beta","bimodal","parametric",60,0.6,250,1000,0.597553424923292,0.0158291997614689,0.565725109637962,0.62726409745785,0.596511513768674,0.0157326582376738,0.595695878543689,0.0157060459850898,TRUE,0.600000001985627
"04610ec557_t60","3pl_beta","bimodal","parametric",60,0.6,500,1000,0.59923507260464,0.0110129966260103,0.576935650555548,0.620422903822613,0.598179990250757,0.010946231969447,0.597356779458316,0.0109289590678742,TRUE,0.600000001985627
"04610ec557_t60","3pl_beta","bimodal","parametric",60,0.6,1000,1000,0.598441567987741,0.00787272951283214,0.582733867436529,0.614340109394668,0.597394541569616,0.00782027407388644,0.59657438705079,0.00780303113737227,TRUE,0.600000001985627
"04610ec557_t60","3pl_beta","bimodal","parametric",60,0.6,2000,1000,0.598794595298586,0.00578133414126397,0.58712014847491,0.609655443138206,0.597743654442844,0.00574568572854401,0.596920738325247,0.00573606286240561,TRUE,0.600000001985627
"04610ec557_t70","3pl_beta","bimodal","parametric",60,0.7,100,1000,0.697874426095209,0.0209401044434848,0.655914950479045,0.735364929389742,0.696554151590512,0.0207295956275367,0.695856816869649,0.0206770704261159,TRUE,0.700000002866084
"04610ec557_t70","3pl_beta","bimodal","parametric",60,0.7,250,1000,0.69869398191292,0.0131326344257108,0.671879439907097,0.72457052557582,0.697370258534971,0.013005542830029,0.69666776989336,0.0129778630046328,TRUE,0.700000002866084
"04610ec557_t70","3pl_beta","bimodal","parametric",60,0.7,500,1000,0.699511224216225,0.0092793264373619,0.680965707732968,0.717559233767654,0.698178677115036,0.00918641065941442,0.697471319320666,0.00916441211836715,TRUE,0.700000002866084
"04610ec557_t70","3pl_beta","bimodal","parametric",60,0.7,1000,1000,0.699077031533018,0.00645983183925999,0.686593669404036,0.711590216755348,0.69774172868666,0.00639020393224732,0.697028643829988,0.00637231704819412,TRUE,0.700000002866084
"04610ec557_t70","3pl_beta","bimodal","parametric",60,0.7,2000,1000,0.699304790515919,0.00480526856317518,0.689819149856814,0.708659033662268,0.697968136960184,0.00475665248075912,0.697254857417659,0.00474479126006927,TRUE,0.700000002866084
"04610ec557_t80","3pl_beta","bimodal","parametric",60,0.8,100,1000,0.799268160996382,0.016017087001454,0.767128705592914,0.829055779694178,0.796375720378243,0.015600243071151,0.795340455340621,0.0155338632630991,TRUE,0.800000002390734
"04610ec557_t80","3pl_beta","bimodal","parametric",60,0.8,250,1000,0.799611611498296,0.00955995646279415,0.780681128200934,0.816727907971591,0.796700384144292,0.00932927825195609,0.795655400061503,0.00929976632301217,TRUE,0.800000002390734
"04610ec557_t80","3pl_beta","bimodal","parametric",60,0.8,500,1000,0.799842485226371,0.0066509824930122,0.78629489898922,0.812663057153724,0.796927829791331,0.00647520468542731,0.795875492140916,0.00644646152555939,TRUE,0.800000002390734
"04610ec557_t80","3pl_beta","bimodal","parametric",60,0.8,1000,1000,0.79992420242668,0.00499416932934786,0.789796808246997,0.809406323651887,0.797020304235592,0.00485593724931802,0.795975155198357,0.00483183548473334,TRUE,0.800000002390734
"04610ec557_t80","3pl_beta","bimodal","parametric",60,0.8,2000,1000,0.799988300046927,0.00349291407185768,0.792657241520212,0.806339463420339,0.797076736867195,0.0034060877361459,0.796026494906518,0.00339310307150395,TRUE,0.800000002390734
"04610ec557_t90","3pl_beta","bimodal","parametric",60,0.9,100,1000,0.899715689070685,0.00889393250641163,0.880381240862237,0.914925863048959,0.897701667303543,0.00859353964036492,0.897252983612991,0.00856507895419586,TRUE,0.900000000884946
"04610ec557_t90","3pl_beta","bimodal","parametric",60,0.9,250,1000,0.899715181758689,0.00595141699673807,0.887207895335124,0.910897510245841,0.897694947334555,0.00573798415396538,0.897253288493222,0.00571303384211812,TRUE,0.900000000884946
"04610ec557_t90","3pl_beta","bimodal","parametric",60,0.9,500,1000,0.89986527447209,0.00400821083132391,0.891380937908469,0.907656772270894,0.89783353359832,0.00386731727484212,0.897372725054031,0.00386257212733684,TRUE,0.900000000884946
"04610ec557_t90","3pl_beta","bimodal","parametric",60,0.9,1000,1000,0.900045084195535,0.00292568051391078,0.893946555575604,0.905459023933014,0.898029063463268,0.00282176512634364,0.897587517047802,0.00281106501980505,TRUE,0.900000000884946
"04610ec557_t90","3pl_beta","bimodal","parametric",60,0.9,2000,1000,0.900056895116417,0.00200748890142266,0.896073632279179,0.904041929601934,0.898029852717133,0.00193791728417275,0.89757694096119,0.00193004131521959,TRUE,0.900000000884946
"04610ec557_t95","3pl_beta","bimodal","parametric",60,0.95,100,1000,0.949350507560605,0.00396819786946756,0.940380356853925,0.956401453821087,0.940866131331392,0.00350104512569645,0.938892657489905,0.00551579540137913,TRUE,0.950000000644056
"04610ec557_t95","3pl_beta","bimodal","parametric",60,0.95,250,1000,0.949728379943011,0.00248586921364772,0.944690952477275,0.95431540231954,0.941162330334814,0.00217878315963545,0.93903284509929,0.00388760031980445,TRUE,0.950000000644056
"04610ec557_t95","3pl_beta","bimodal","parametric",60,0.95,500,1000,0.949848518753762,0.00163496761147259,0.946688499127932,0.952972230701861,0.941183774673974,0.0014669568239213,0.938931109318824,0.00316640960806814,TRUE,0.950000000644056
"04610ec557_t95","3pl_beta","bimodal","parametric",60,0.95,1000,1000,0.949842718371266,0.0012234416269283,0.947474471074441,0.952137043428999,0.941229013734269,0.00107029389184993,0.939087381473976,0.00203679211119271,TRUE,0.950000000644056
"04610ec557_t95","3pl_beta","bimodal","parametric",60,0.95,2000,1000,0.949886163419595,0.000839639647562128,0.94832452922688,0.951452645994208,0.941233317872843,0.000709725574746145,0.939083512342471,0.00127818265319372,TRUE,0.950000000644056
"04740a439d_t50","3pl_g20","normal","irw",40,0.5,100,1000,0.503647355056276,0.0334674969837889,0.4369075225417,0.568809092363774,0.50350823311688,0.0334238442574773,0.503362119363746,0.0333937437215937,TRUE,0.500000000377816
"04740a439d_t50","3pl_g20","normal","irw",40,0.5,250,1000,0.504483032815471,0.0214512406507876,0.463291333632745,0.546394141031306,0.504342449616737,0.0214211447476856,0.504191860523672,0.0213995808931433,TRUE,0.500000000377816
"04740a439d_t50","3pl_g20","normal","irw",40,0.5,500,1000,0.504201737372286,0.0157569687483096,0.473424882830447,0.532816498813457,0.504063557611121,0.015736475114435,0.503914688112255,0.0157220434225481,TRUE,0.500000000377816
"04740a439d_t50","3pl_g20","normal","irw",40,0.5,1000,1000,0.504941921276441,0.0111882493408759,0.482191641575011,0.525590562102174,0.504802399272177,0.0111730083814985,0.504651559979788,0.0111618067999953,TRUE,0.500000000377816
"04740a439d_t50","3pl_g20","normal","irw",40,0.5,2000,1000,0.504804408280452,0.0075886055693325,0.489869434271921,0.519292612129502,0.50466480496066,0.00757869696095397,0.504513530665377,0.00757171543534999,TRUE,0.500000000377816
"04740a439d_t60","3pl_g20","normal","irw",40,0.6,100,1000,0.592893619155092,0.0338063412873176,0.526062980905052,0.65638808017156,0.591314413645537,0.0333817856262972,0.589860085105672,0.0331349117094916,TRUE,0.600000001903256
"04740a439d_t60","3pl_g20","normal","irw",40,0.6,250,1000,0.59577043760952,0.0199268865274198,0.55696521118014,0.637239790676938,0.594170109522019,0.01966377324403,0.592677455613691,0.019505646528935,TRUE,0.600000001903256
"04740a439d_t60","3pl_g20","normal","irw",40,0.6,500,1000,0.596938021891921,0.0144364577424989,0.568172176049115,0.624580269414131,0.595328175338441,0.0142336717234503,0.593824790358311,0.0141064562454414,TRUE,0.600000001903256
"04740a439d_t60","3pl_g20","normal","irw",40,0.6,1000,1000,0.596980986280366,0.0105274776394433,0.575719794038693,0.617018159300108,0.595373474988324,0.0103847144659804,0.593866453428947,0.0102955821327406,TRUE,0.600000001903256
"04740a439d_t60","3pl_g20","normal","irw",40,0.6,2000,1000,0.597080319947487,0.0072916827288694,0.582420875462395,0.610878881531176,0.595472389122908,0.00719732357686992,0.593960348514163,0.00714151191600735,TRUE,0.600000001903256
"04740a439d_t70","3pl_g20","normal","irw",40,0.7,100,1000,0.699845494513535,0.025931704962614,0.648379841532201,0.748489593156958,0.695537686891752,0.0250195163501078,0.692345268466635,0.0245893857694521,TRUE,0.700000001546021
"04740a439d_t70","3pl_g20","normal","irw",40,0.7,250,1000,0.700904737240324,0.0167682201971539,0.666188692104796,0.732260766029556,0.696616586510045,0.0161776685165885,0.693389990581727,0.0158373381545205,TRUE,0.700000001546021
"04740a439d_t70","3pl_g20","normal","irw",40,0.7,500,1000,0.701014773788106,0.0121087271433709,0.678144906727042,0.72470300810662,0.696713712693924,0.0116691652328824,0.693491422208426,0.0114535979850491,TRUE,0.700000001546021
"04740a439d_t70","3pl_g20","normal","irw",40,0.7,1000,1000,0.701719960353679,0.00875893451314586,0.685028077170967,0.719303699205184,0.697400630649521,0.00844521809560881,0.694135179788806,0.00828998926602253,TRUE,0.700000001546021
"04740a439d_t70","3pl_g20","normal","irw",40,0.7,2000,1000,0.702043309878631,0.00573212432555456,0.690766219057288,0.712632422762685,0.697728504919657,0.00551314389169728,0.69448604324676,0.0053929691857499,TRUE,0.700000001546021
"04740a439d_t80","3pl_g20","normal","irw",40,0.8,100,1000,0.797818658826536,0.0200867388742519,0.755223750106829,0.835208482206162,0.789569912569348,0.0183663731796418,0.784194397470628,0.0176623620592555,TRUE,0.800000003003599
"04740a439d_t80","3pl_g20","normal","irw",40,0.8,250,1000,0.798896031525666,0.0127529421776868,0.773450408989643,0.821360107542188,0.790602644033231,0.0117165042634905,0.785046520278614,0.0114040003334507,TRUE,0.800000003003599
"04740a439d_t80","3pl_g20","normal","irw",40,0.8,500,1000,0.799463869947883,0.00896072305369295,0.781241959808861,0.816152439088566,0.791104730096512,0.00823539178410473,0.785434931016395,0.00799748400201741,TRUE,0.800000003003599
"04740a439d_t80","3pl_g20","normal","irw",40,0.8,1000,1000,0.79951885315199,0.00604257779996581,0.787850785154002,0.810834161500193,0.79120184657366,0.00553143334576496,0.785594908867573,0.0053303489224189,TRUE,0.800000003003599
"04740a439d_t80","3pl_g20","normal","irw",40,0.8,2000,1000,0.799797896828877,0.00446613805402714,0.791397467562814,0.80835670308893,0.791449277552188,0.0040711177144673,0.785761005456669,0.00391213818570009,TRUE,0.800000003003599
"04740a439d_t90","3pl_g20","normal","irw",40,0.9,100,1000,0.898030299703121,0.0111475729983825,0.873080000891561,0.917483895468068,0.885323805741643,0.00921607050704734,0.877309374654674,0.0141468394348369,TRUE,0.900000001268836
"04740a439d_t90","3pl_g20","normal","irw",40,0.9,250,1000,0.899437435811456,0.00683130768695402,0.885190311842613,0.912412228700903,0.886585475452851,0.00567074433900652,0.877379128737597,0.0132787202470285,TRUE,0.900000001268836
"04740a439d_t90","3pl_g20","normal","irw",40,0.9,500,1000,0.899704838849207,0.00473742710700342,0.889398288505119,0.908433915425767,0.886768367976916,0.0038698522255508,0.87789760069459,0.00768912450073236,TRUE,0.900000001268836
"04740a439d_t90","3pl_g20","normal","irw",40,0.9,1000,1000,0.899647945869586,0.00339331867958462,0.892643276008133,0.905597936830907,0.886708485918686,0.00277264293445925,0.87750041028484,0.00547044887953411,TRUE,0.900000001268836
"04740a439d_t90","3pl_g20","normal","irw",40,0.9,2000,1000,0.899725046138242,0.00237565550034874,0.895210320459422,0.904197360579065,0.886815549579168,0.00191552725560254,0.877641246973576,0.00425653604887724,TRUE,0.900000001268836
"04740a439d_t95","3pl_g20","normal","irw",40,0.95,100,1000,0.949019017669415,0.00580369728604558,0.937228211221396,0.959058172271558,0.936279793418942,0.00476165685186835,0.864197152267201,0.192124653497923,TRUE,0.950000002446651
"04740a439d_t95","3pl_g20","normal","irw",40,0.95,250,1000,0.949868966510953,0.00344452789814892,0.942665035413108,0.956304806862323,0.936778449685086,0.00289461875329298,0.7806838732633,0.264159710103713,TRUE,0.950000002446651
"04740a439d_t95","3pl_g20","normal","irw",40,0.95,500,1000,0.949813154576545,0.00252674376004189,0.944610070739385,0.954628632984661,0.936736911229305,0.00205682145027068,0.73333414170143,0.286572673792193,TRUE,0.950000002446651
"04740a439d_t95","3pl_g20","normal","irw",40,0.95,1000,1000,0.949930308996923,0.00175914209725526,0.94630835792441,0.95318136071329,0.936882125632476,0.00154624607407821,0.651039810847662,0.299226027680383,TRUE,0.950000002446651
"04740a439d_t95","3pl_g20","normal","irw",40,0.95,2000,1000,0.949939038500554,0.00122947880750133,0.947484901165602,0.952357125616833,0.936881598351734,0.00102041193788727,0.549215484056128,0.301497725808269,TRUE,0.950000002446651
"06d3001967_t50","2pl","bimodal","irw",60,0.5,100,1000,0.498696964308597,0.0273300402714121,0.443308160234055,0.549464574949869,0.498618408972466,0.0273125693226953,0.498537304974405,0.0273028287387988,TRUE,0.500000000097508
"06d3001967_t50","2pl","bimodal","irw",60,0.5,250,1000,0.499175320902838,0.0170521276786052,0.463511069437443,0.531521510715749,0.499096770498207,0.0170412766618702,0.49901487828233,0.0170353222755219,TRUE,0.500000000097508
"06d3001967_t50","2pl","bimodal","irw",60,0.5,500,1000,0.499849689153576,0.0120925363265874,0.474497657284891,0.522705014709394,0.499770948801553,0.0120843738682197,0.499688792909968,0.012079668922258,TRUE,0.500000000097508
"06d3001967_t50","2pl","bimodal","irw",60,0.5,1000,1000,0.500784248054952,0.00833781988419133,0.484128241665573,0.517765175037408,0.50070485733468,0.00833234922510024,0.500622140484038,0.00832934699563468,TRUE,0.500000000097508
"06d3001967_t50","2pl","bimodal","irw",60,0.5,2000,1000,0.500562734956936,0.00604575937229182,0.488727949204401,0.512173602667647,0.500483571959493,0.00604167206969627,0.500400970289037,0.00603935408351412,TRUE,0.500000000097508
"06d3001967_t60","2pl","bimodal","irw",60,0.6,100,1000,0.598009936218927,0.0257644613310601,0.54332028751138,0.6448225964883,0.59784660712331,0.0257318405674771,0.597732113699136,0.0257205455422661,TRUE,0.600000000458764
"06d3001967_t60","2pl","bimodal","irw",60,0.6,250,1000,0.59791315598818,0.0163291335147203,0.562281479026371,0.628156722426523,0.597750267006398,0.0163086337788343,0.597634804220159,0.0163013066390227,TRUE,0.600000000458764
"06d3001967_t60","2pl","bimodal","irw",60,0.6,500,1000,0.598474055245614,0.0113226972643919,0.575947883841519,0.619835392783642,0.598309724724279,0.0113084542841177,0.598192942579183,0.0113036194799111,TRUE,0.600000000458764
"06d3001967_t60","2pl","bimodal","irw",60,0.6,1000,1000,0.59841018304645,0.0080693052058725,0.583383902401451,0.614649884459579,0.598246219976764,0.00805907997327831,0.598129514217871,0.00805555738454294,TRUE,0.600000000458764
"06d3001967_t60","2pl","bimodal","irw",60,0.6,2000,1000,0.598413754742089,0.00552668606445104,0.588045182045121,0.608932733681405,0.598249793581442,0.00551969465036982,0.59813296233164,0.00551728570214754,TRUE,0.600000000458764
"06d3001967_t70","2pl","bimodal","irw",60,0.7,100,1000,0.694777026803088,0.0228630443801737,0.646687194684933,0.735644133297788,0.694466972966678,0.0228161787569999,0.694320900246519,0.0228088959199057,TRUE,0.700000002328609
"06d3001967_t70","2pl","bimodal","irw",60,0.7,250,1000,0.697067778154409,0.0145987214822604,0.667483924476499,0.724145018144164,0.696751112139587,0.0145682430046748,0.696601983402893,0.0145636301000386,TRUE,0.700000002328609
"06d3001967_t70","2pl","bimodal","irw",60,0.7,500,1000,0.697312582630622,0.00968816106711587,0.677069209543113,0.715186288003062,0.696992654369097,0.00966809119575767,0.696841598094532,0.00966513788650441,TRUE,0.700000002328609
"06d3001967_t70","2pl","bimodal","irw",60,0.7,1000,1000,0.697801666900483,0.00691986010317142,0.684549611738518,0.711989339096733,0.697482126903556,0.00690493322936062,0.697331433199276,0.00690261634456878,TRUE,0.700000002328609
"06d3001967_t70","2pl","bimodal","irw",60,0.7,2000,1000,0.698086889198115,0.00466574007468275,0.688937450551928,0.706778012549685,0.697766852335141,0.00465610846623417,0.697616044190062,0.00465478985947713,TRUE,0.700000002328609
"06d3001967_t80","2pl","bimodal","irw",60,0.8,100,1000,0.798797795580245,0.0166290421782025,0.762453413649599,0.830203913329485,0.797859416977834,0.0165086032913664,0.797586261916295,0.0164985324718964,TRUE,0.800000001960946
"06d3001967_t80","2pl","bimodal","irw",60,0.8,250,1000,0.800501035462438,0.0103057254837742,0.779334815686101,0.819068882697054,0.799554351230772,0.010230233966042,0.799278639359952,0.0102243724878761,TRUE,0.800000001960946
"06d3001967_t80","2pl","bimodal","irw",60,0.8,500,1000,0.800823275760414,0.00724940027527696,0.786384019342463,0.814637082192344,0.799869841418459,0.00719062067981562,0.799591888227429,0.00718469161057434,TRUE,0.800000001960946
"06d3001967_t80","2pl","bimodal","irw",60,0.8,1000,1000,0.801171831035718,0.00497212547417135,0.7919484237432,0.810939890044656,0.800219386978597,0.00493415722003745,0.799942208430066,0.00493088486922461,TRUE,0.800000001960946
"06d3001967_t80","2pl","bimodal","irw",60,0.8,2000,1000,0.801190679475164,0.00371830047477736,0.793610700374152,0.808081636557567,0.800234269465078,0.00368904621291108,0.79995553457255,0.00368641007440446,TRUE,0.800000001960946
"06d3001967_t90","2pl","bimodal","irw",60,0.9,100,1000,0.899790498304935,0.00882467193198317,0.880662774784206,0.914818486735909,0.896921816708267,0.00856859100774905,0.896475713525686,0.00856635555822933,TRUE,0.900000001939693
"06d3001967_t90","2pl","bimodal","irw",60,0.9,250,1000,0.90019342111859,0.00534895634086762,0.889018463622233,0.910003612263316,0.897301272218092,0.00520544401171283,0.896848973106313,0.00520576569951517,TRUE,0.900000001939693
"06d3001967_t90","2pl","bimodal","irw",60,0.9,500,1000,0.900631811690938,0.00390210055557832,0.892768058349415,0.90760968294288,0.897717396508978,0.0037918000957754,0.897261540608787,0.00379065696204157,TRUE,0.900000001939693
"06d3001967_t90","2pl","bimodal","irw",60,0.9,1000,1000,0.900724564130538,0.00271023859497698,0.89496623577262,0.906040463706521,0.897811119470007,0.00263376462953282,0.897355513258828,0.00263398991807184,TRUE,0.900000001939693
"06d3001967_t90","2pl","bimodal","irw",60,0.9,2000,1000,0.900556797605567,0.0019109391223094,0.896665489829674,0.903961552662371,0.897652055608779,0.00185378869164603,0.897196595673421,0.00185219327379523,TRUE,0.900000001939693
"06d3001967_t95","2pl","bimodal","irw",60,0.95,100,1000,0.949283309685393,0.00658916250731119,0.934705145060252,0.960401756551152,0.941973265267871,0.00704151061954933,0.941611946138683,0.00710274200342737,TRUE,0.95000000040699
"06d3001967_t95","2pl","bimodal","irw",60,0.95,250,1000,0.949871299548512,0.00407821741773844,0.941330912335654,0.957187049781815,0.942545479722627,0.00438969563327806,0.942188269168638,0.00442873737070039,TRUE,0.95000000040699
"06d3001967_t95","2pl","bimodal","irw",60,0.95,500,1000,0.950092153520742,0.00280393095285721,0.944416187759317,0.955278329849584,0.942784105230364,0.00301598855736163,0.942429910405034,0.00304255936228184,TRUE,0.95000000040699
"06d3001967_t95","2pl","bimodal","irw",60,0.95,1000,1000,0.950139006715588,0.00190245622024188,0.946483652030783,0.953811016288699,0.942811612098199,0.00205000394876911,0.942457368768675,0.00206833777980753,TRUE,0.95000000040699
"06d3001967_t95","2pl","bimodal","irw",60,0.95,2000,1000,0.950132539843968,0.00139089158605898,0.947390455571888,0.952846205738676,0.942806367633374,0.00149872008932317,0.942452232698215,0.0015116625238257,TRUE,0.95000000040699
"06daf6086f_t50","2pl","normal","irw",40,0.5,100,1000,0.499283224431959,0.0347685263003109,0.428802611882831,0.565395595616336,0.499116233414185,0.0347155704056322,0.498937346372898,0.0346796991088741,TRUE,0.500000000476932
"06daf6086f_t50","2pl","normal","irw",40,0.5,250,1000,0.498888970746658,0.0213270520753534,0.455764804426767,0.53892498894058,0.498723317373651,0.02129430511074,0.498541375411978,0.0212719254433424,TRUE,0.500000000476932
"06daf6086f_t50","2pl","normal","irw",40,0.5,500,1000,0.499472388780251,0.0160649707338814,0.467240756435931,0.530751431183058,0.499307306489106,0.0160395764023825,0.49912526013285,0.0160218808662602,TRUE,0.500000000476932
"06daf6086f_t50","2pl","normal","irw",40,0.5,1000,1000,0.499878391128528,0.0110944497259568,0.477091718102752,0.521619333422916,0.49971332698349,0.0110762729544252,0.499531031117783,0.0110634035997163,TRUE,0.500000000476932
"06daf6086f_t50","2pl","normal","irw",40,0.5,2000,1000,0.499955027239739,0.00764048346204881,0.484632408488025,0.514664353402646,0.499789987580876,0.00762810518131019,0.499607394953236,0.00761935820514476,TRUE,0.500000000476932
"06daf6086f_t60","2pl","normal","irw",40,0.6,100,1000,0.59758632529149,0.0335437719936389,0.524923940080786,0.66018608835489,0.59681233325627,0.0333418334405654,0.596207419502243,0.0332494641663445,TRUE,0.60000000075337
"06daf6086f_t60","2pl","normal","irw",40,0.6,250,1000,0.598965523421672,0.0204921203500325,0.558825882956593,0.636040388999273,0.598194104820567,0.0203737598073768,0.59758289039472,0.0203246223028542,TRUE,0.60000000075337
"06daf6086f_t60","2pl","normal","irw",40,0.6,500,1000,0.600489014994845,0.0147406661841995,0.571469717649201,0.628406810994308,0.599706914383741,0.0146514937608305,0.599087388194388,0.0146130427919791,TRUE,0.60000000075337
"06daf6086f_t60","2pl","normal","irw",40,0.6,1000,1000,0.600476807966726,0.0104384388836183,0.580355797810167,0.621519516397886,0.599695923019351,0.0103758499232841,0.599075517592751,0.0103489742288149,TRUE,0.60000000075337
"06daf6086f_t60","2pl","normal","irw",40,0.6,2000,1000,0.600724873092138,0.00732120720090235,0.585767327456303,0.614143579273873,0.5999464964325,0.00727681426543798,0.599328297239939,0.00725771960612798,TRUE,0.60000000075337
"06daf6086f_t70","2pl","normal","irw",40,0.7,100,1000,0.696019080260752,0.0292522517852077,0.635744150710557,0.751817309889512,0.694933366854059,0.0290891399932064,0.694383399248649,0.0290704179581463,TRUE,0.700000002944654
"06daf6086f_t70","2pl","normal","irw",40,0.7,250,1000,0.697790776951633,0.0180518689568924,0.661046070399384,0.733171811192184,0.696699191613452,0.0179378594520733,0.696143391366507,0.0179166590526177,TRUE,0.700000002944654
"06daf6086f_t70","2pl","normal","irw",40,0.7,500,1000,0.698880867781584,0.0131031501410655,0.672271741602182,0.722279446550648,0.69778858115108,0.0130259591912077,0.697233594290903,0.0130151220105385,TRUE,0.700000002944654
"06daf6086f_t70","2pl","normal","irw",40,0.7,1000,1000,0.699189077851201,0.00910719460446599,0.681212349041157,0.716073499372583,0.698092789806045,0.00905449258998497,0.697535227559162,0.00904786422035069,TRUE,0.700000002944654
"06daf6086f_t70","2pl","normal","irw",40,0.7,2000,1000,0.698864332801234,0.0065958337540538,0.686391730986144,0.71170538251242,0.69777184139897,0.00655846338754516,0.697215255461959,0.00655381251877189,TRUE,0.700000002944654
"06daf6086f_t80","2pl","normal","irw",40,0.8,100,1000,0.799057575023134,0.021420202312138,0.753563904278924,0.836865674175786,0.79676363342098,0.0209626625918969,0.795947158377152,0.020873416157322,TRUE,0.800000002855345
"06daf6086f_t80","2pl","normal","irw",40,0.8,250,1000,0.800453285928242,0.013104895237166,0.774478132607117,0.824850609214405,0.798141681107426,0.0128250099991799,0.797296332411888,0.0127711480915101,TRUE,0.800000002855345
"06daf6086f_t80","2pl","normal","irw",40,0.8,500,1000,0.801181031162408,0.00941986097479635,0.782469110702179,0.818898720147487,0.798866868687939,0.00922698357820805,0.798024327600376,0.00919401166747898,TRUE,0.800000002855345
"06daf6086f_t80","2pl","normal","irw",40,0.8,1000,1000,0.801466009712178,0.00683287214033668,0.787767801985562,0.81433649012798,0.79913567661227,0.00668158833193791,0.798281030631704,0.00664621785043778,TRUE,0.800000002855345
"06daf6086f_t80","2pl","normal","irw",40,0.8,2000,1000,0.801634118610283,0.00470712050177942,0.791934023783714,0.810290495820894,0.799301683673771,0.00460462073053046,0.798446109277988,0.00458354145032392,TRUE,0.800000002855345
"06daf6086f_t90","2pl","normal","irw",40,0.9,100,1000,0.89867039895441,0.0116862132820238,0.874959546555735,0.918728688427794,0.892781277210971,0.0107180305857329,0.891309751349409,0.010572523675942,TRUE,0.900000001199361
"06daf6086f_t90","2pl","normal","irw",40,0.9,250,1000,0.899695482521459,0.00724264364050998,0.883867893757843,0.912812571038323,0.893783967286949,0.00659212782625372,0.892278661792889,0.00646167978041767,TRUE,0.900000001199361
"06daf6086f_t90","2pl","normal","irw",40,0.9,500,1000,0.900301881306719,0.00477041419447501,0.891059850456978,0.909113150875833,0.894343478667777,0.00432261721887381,0.892840614238893,0.00423626186683957,TRUE,0.900000001199361
"06daf6086f_t90","2pl","normal","irw",40,0.9,1000,1000,0.900371705890828,0.00353880613505172,0.893333789848449,0.907222564096604,0.894394429944438,0.00320577348227358,0.892870235546093,0.00313440136182964,TRUE,0.900000001199361
"06daf6086f_t90","2pl","normal","irw",40,0.9,2000,1000,0.90034648948949,0.00242141060912799,0.895683110085614,0.905138141878205,0.894385872085757,0.00221560710481241,0.892857698810494,0.00218711225157388,TRUE,0.900000001199361
"06daf6086f_t95","2pl","normal","irw",40,0.95,100,1000,0.948856038210568,0.00548787657097211,0.937155253281081,0.958626281595103,0.939006548611635,0.00405386813482379,0.936345039842468,0.00478198986417384,TRUE,0.95000000040271
"06daf6086f_t95","2pl","normal","irw",40,0.95,250,1000,0.949309802750407,0.00350169962192028,0.94177045268307,0.955247296702079,0.939326899300584,0.00251369930544502,0.936508618089825,0.00294359791757377,TRUE,0.95000000040271
"06daf6086f_t95","2pl","normal","irw",40,0.95,500,1000,0.94974503807233,0.00242477270288982,0.945019522211379,0.954153717132647,0.939653020480176,0.00175058185774143,0.936808610908223,0.00220071977331042,TRUE,0.95000000040271
"06daf6086f_t95","2pl","normal","irw",40,0.95,1000,1000,0.949744793142154,0.00173656035113343,0.94623211252996,0.952966012510044,0.939670134237856,0.00122988767403268,0.93670511053862,0.0016676663706827,TRUE,0.95000000040271
"06daf6086f_t95","2pl","normal","irw",40,0.95,2000,1000,0.949772418162721,0.00123168432376478,0.947308220346988,0.952197022436945,0.939687743204129,0.000889124531262161,0.936771728007373,0.00119078888038524,TRUE,0.95000000040271
"0b1e3eca87_t50","2pl","skew_pos","irw",20,0.5,100,1000,0.495782483532043,0.0438127207878917,0.413839039655248,0.578747599889954,0.494794488404801,0.0432927956440152,0.493322148883505,0.042569090062061,TRUE,0.500000000452178
"0b1e3eca87_t50","2pl","skew_pos","irw",20,0.5,250,1000,0.494346287609595,0.0278109330362847,0.437225068094163,0.546732948288994,0.493411891354925,0.0274953871021616,0.49191935394409,0.026992984063162,TRUE,0.500000000452178
"0b1e3eca87_t50","2pl","skew_pos","irw",20,0.5,500,1000,0.495507510808004,0.019939462450965,0.456074372285021,0.533031216127579,0.494572033219967,0.0197046161460376,0.493060817836401,0.0193145870006494,TRUE,0.500000000452178
"0b1e3eca87_t50","2pl","skew_pos","irw",20,0.5,1000,1000,0.496172645008215,0.0145402492342518,0.466143289472408,0.523627858276728,0.495239993860565,0.0143738178872818,0.493731577042778,0.0141090814343791,TRUE,0.500000000452178
"0b1e3eca87_t50","2pl","skew_pos","irw",20,0.5,2000,1000,0.496571595036581,0.00980412569405248,0.476455670841595,0.515550500211894,0.495636141640808,0.00969323572498532,0.49410744215102,0.00951811836983665,TRUE,0.500000000452178
"0b1e3eca87_t60","2pl","skew_pos","irw",20,0.6,100,1000,0.59372423703001,0.0407665481063004,0.509957537653625,0.669553584456721,0.590194290083362,0.0396696952323167,0.586479879550673,0.0386479469729488,TRUE,0.60000000076163
"0b1e3eca87_t60","2pl","skew_pos","irw",20,0.6,250,1000,0.59977743351832,0.0266132850199229,0.546583010379104,0.653396240267936,0.596123380289214,0.0258465209269376,0.592153239900553,0.0250870071389163,TRUE,0.60000000076163
"0b1e3eca87_t60","2pl","skew_pos","irw",20,0.6,500,1000,0.600068814710059,0.0195970139989497,0.562923947830593,0.63789664130602,0.596425528907603,0.0190294389362047,0.592401429815244,0.018423104960949,TRUE,0.60000000076163
"0b1e3eca87_t60","2pl","skew_pos","irw",20,0.6,1000,1000,0.600217548331444,0.0134661002974365,0.573585485292236,0.625757304894848,0.596580004270302,0.0130751206524973,0.592557990775865,0.0126576241312208,TRUE,0.60000000076163
"0b1e3eca87_t60","2pl","skew_pos","irw",20,0.6,2000,1000,0.601215170062211,0.00935258927174155,0.583405022199667,0.619877470069632,0.597565416357074,0.00908599756199988,0.593526523241362,0.00880530717155331,TRUE,0.60000000076163
"0b1e3eca87_t70","2pl","skew_pos","irw",20,0.7,100,1000,0.690549196893885,0.0430294831807018,0.601413366146962,0.769016559583172,0.687965086598281,0.0423789545719339,0.686788068623961,0.042215759114617,TRUE,0.700000000101813
"0b1e3eca87_t70","2pl","skew_pos","irw",20,0.7,250,1000,0.697782212356091,0.0258163832122865,0.64865810889929,0.74480109313705,0.695079032821693,0.0254397162686814,0.694028533994334,0.0254212869247313,TRUE,0.700000000101813
"0b1e3eca87_t70","2pl","skew_pos","irw",20,0.7,500,1000,0.697505599753958,0.0184619244632788,0.659914896579058,0.732376419274041,0.694812023726345,0.0181836405759132,0.693655955698587,0.0181870724781438,TRUE,0.700000000101813
"0b1e3eca87_t70","2pl","skew_pos","irw",20,0.7,1000,1000,0.698712021951534,0.0130995995591187,0.672556794671608,0.722954080654335,0.69600609020397,0.0129047901631211,0.694925519642457,0.0128767574886159,TRUE,0.700000000101813
"0b1e3eca87_t70","2pl","skew_pos","irw",20,0.7,2000,1000,0.698999562849743,0.00916506644817816,0.681072868632469,0.716523282407224,0.696280721220914,0.00902343170465842,0.695188429960542,0.00900692248340072,TRUE,0.700000000101813
"0b1e3eca87_t80","2pl","skew_pos","irw",20,0.8,100,1000,0.798122878788062,0.026743762050211,0.742194565652492,0.845536665683846,0.785995184151683,0.0238332576655642,0.776072407317283,0.0207812028457508,TRUE,0.800000002828831
"0b1e3eca87_t80","2pl","skew_pos","irw",20,0.8,250,1000,0.799711146280047,0.0176661889075705,0.76566571792535,0.83375275840342,0.787633237436745,0.0156695543350612,0.776846327534439,0.0128725460999842,TRUE,0.800000002828831
"0b1e3eca87_t80","2pl","skew_pos","irw",20,0.8,500,1000,0.800651205744471,0.0125194883035551,0.776967076633379,0.823933744871623,0.788500127372249,0.0111214268372084,0.777498364747517,0.00943456527371328,TRUE,0.800000002828831
"0b1e3eca87_t80","2pl","skew_pos","irw",20,0.8,1000,1000,0.801279587591111,0.00854279726668248,0.784052051208695,0.816797234979146,0.789082713926234,0.00758541553251829,0.777964118280146,0.00629470256780053,TRUE,0.800000002828831
"0b1e3eca87_t80","2pl","skew_pos","irw",20,0.8,2000,1000,0.800983450929846,0.00625306719829458,0.787865346749399,0.812753844639752,0.788877203922483,0.00556303474784016,0.777729235190046,0.00458262572594556,TRUE,0.800000002828831
"0b1e3eca87_t90","2pl","skew_pos","irw",20,0.9,100,1000,0.896724349754395,0.0153688009739634,0.864002812763552,0.925034703839982,0.879930992324752,0.0118331885087066,0.864291222033401,0.0340175670847343,TRUE,0.900000000643397
"0b1e3eca87_t90","2pl","skew_pos","irw",20,0.9,250,1000,0.89844416665353,0.00937685515723136,0.879804301901232,0.916186989786822,0.881452865501841,0.00710575951126956,0.865301720114322,0.0234817912237663,TRUE,0.900000000643397
"0b1e3eca87_t90","2pl","skew_pos","irw",20,0.9,500,1000,0.89903462164207,0.0065664074473081,0.885998676630153,0.911443409669734,0.88198507617068,0.00498012984215357,0.864796182022683,0.0245947553380957,TRUE,0.900000000643397
"0b1e3eca87_t90","2pl","skew_pos","irw",20,0.9,1000,1000,0.899208147414722,0.004756749880717,0.889870722881904,0.908644003277374,0.882195343180601,0.00361596382769149,0.864028657459001,0.0191036948929381,TRUE,0.900000000643397
"0b1e3eca87_t90","2pl","skew_pos","irw",20,0.9,2000,1000,0.899287320383756,0.00343724573542396,0.892416586866845,0.905612133686001,0.88226849853195,0.00261981831292279,0.863100938739715,0.0207396026626152,TRUE,0.900000000643397
"0b1e3eca87_t95","2pl","skew_pos","irw",20,0.95,100,1000,0.9492737218393,0.00764265660130005,0.932668680654104,0.96297790449889,0.923924165504875,0.004894748437851,0.854004448641862,0.155809582993654,TRUE,0.950000000459491
"0b1e3eca87_t95","2pl","skew_pos","irw",20,0.95,250,1000,0.950113499319588,0.00479744779237869,0.939730416008872,0.958651807127729,0.924722491374516,0.00291219755442109,0.827427921407468,0.162053000675061,TRUE,0.950000000459491
"0b1e3eca87_t95","2pl","skew_pos","irw",20,0.95,500,1000,0.950168308715716,0.00327282826575447,0.943262045819822,0.956342292169078,0.92486399117729,0.00194431246447808,0.812259265767803,0.161705992480864,TRUE,0.950000000459491
"0b1e3eca87_t95","2pl","skew_pos","irw",20,0.95,1000,1000,0.950280063959534,0.0023869259775081,0.945555382720764,0.954810648789896,0.925111655351007,0.00144346559763436,0.788411362175543,0.176194071113917,TRUE,0.950000000459491
"0b1e3eca87_t95","2pl","skew_pos","irw",20,0.95,2000,1000,0.950578121876009,0.00174703675939938,0.947026958627271,0.95386426006543,0.925266030018578,0.00103113970536924,0.750883800081092,0.18588869317634,TRUE,0.950000000459491
"0b89051a31_t50","2pl","heavy_tail","parametric",20,0.5,100,1000,0.49021072834653,0.0602924731774791,0.389065328056339,0.616940690304872,0.489165758765946,0.0594524917394585,0.485569408914998,0.0554869862378775,FALSE,0.500000000696552
"0b89051a31_t50","2pl","heavy_tail","parametric",20,0.5,250,1000,0.490493316651274,0.0381545686443764,0.424792470842192,0.571624103641409,0.489551855431139,0.0376933946977665,0.486981971058244,0.0346693089319709,FALSE,0.500000000696552
"0b89051a31_t50","2pl","heavy_tail","parametric",20,0.5,500,1000,0.493108264102921,0.0286613023358361,0.442497210580137,0.555938513988248,0.492169915434063,0.0283464386025939,0.488818608579832,0.028563319434688,FALSE,0.500000000696552
"0b89051a31_t50","2pl","heavy_tail","parametric",20,0.5,1000,1000,0.492392056639531,0.0198937447255323,0.45788772736252,0.536920768103736,0.491479857545888,0.0196768516250162,0.488623419802784,0.0178471754412821,FALSE,0.500000000696552
"0b89051a31_t50","2pl","heavy_tail","parametric",20,0.5,2000,1000,0.494699970635575,0.0154183727138543,0.470386695298265,0.528687524249263,0.493772082655275,0.0152687149742008,0.489014007391382,0.0227120982590011,FALSE,0.500000000696552
"0b89051a31_t60","2pl","heavy_tail","parametric",20,0.6,100,1000,0.589103187736612,0.0539817690797286,0.482796823685732,0.704618944629481,0.586242644459285,0.052538437985388,0.581306934769109,0.048044565983528,FALSE,0.600000002114032
"0b89051a31_t60","2pl","heavy_tail","parametric",20,0.6,250,1000,0.592416779912716,0.036242730289582,0.527809833421449,0.66747902011845,0.589569006100792,0.0353077902205471,0.58402827651845,0.0315959670076492,FALSE,0.600000002114032
"0b89051a31_t60","2pl","heavy_tail","parametric",20,0.6,500,1000,0.593500446576723,0.0257642304810463,0.545763379945511,0.64730440427291,0.590712566721459,0.0251508267622913,0.585068813185656,0.0224726750400289,FALSE,0.600000002114032
"0b89051a31_t60","2pl","heavy_tail","parametric",20,0.6,1000,1000,0.594914442444923,0.0198733973444485,0.560020585477953,0.63487459381414,0.592110632801932,0.0194286403608203,0.585307875569422,0.0207092513566602,FALSE,0.600000002114032
"0b89051a31_t60","2pl","heavy_tail","parametric",20,0.6,2000,1000,0.59497023217721,0.0132224859108742,0.570461418260193,0.621494654348708,0.592176175394829,0.0129250969924606,0.585724571195084,0.0153179501706975,FALSE,0.600000002114032
"0b89051a31_t70","2pl","heavy_tail","parametric",20,0.7,100,1000,0.684966042234851,0.0480250951064465,0.587175699270244,0.782389782818953,0.679520435408496,0.0457728356304207,0.670022151669889,0.0428047672275542,FALSE,0.700000001745853
"0b89051a31_t70","2pl","heavy_tail","parametric",20,0.7,250,1000,0.688423146095,0.0316692581675527,0.626893724749855,0.750910851611073,0.683097698232872,0.030312745273549,0.671526619211752,0.031399876542188,FALSE,0.700000001745853
"0b89051a31_t70","2pl","heavy_tail","parametric",20,0.7,500,1000,0.689528984153683,0.0233501532042034,0.645128320740131,0.734072820984711,0.684226676162024,0.0224983820820386,0.670525188664528,0.0457889969548458,FALSE,0.700000001745853
"0b89051a31_t70","2pl","heavy_tail","parametric",20,0.7,1000,1000,0.691240574000994,0.016719590202885,0.662908845294288,0.724745558832816,0.685892389751973,0.0160766146226296,0.671663844899396,0.040016568937533,FALSE,0.700000001745853
"0b89051a31_t70","2pl","heavy_tail","parametric",20,0.7,2000,1000,0.691860406066724,0.0121786519759188,0.669959970432212,0.715052121796194,0.686514042952822,0.0117437161475063,0.670913451018936,0.0414951962078256,FALSE,0.700000001745853
"0b89051a31_t80","2pl","heavy_tail","parametric",20,0.8,100,1000,0.786238811947423,0.0369564057263171,0.716303588136866,0.861050722819734,0.778635593746909,0.0338766563873111,0.758049792278165,0.0573881000484075,FALSE,0.800000002662729
"0b89051a31_t80","2pl","heavy_tail","parametric",20,0.8,250,1000,0.791850389585193,0.0230843199423415,0.751703205913974,0.838269826763407,0.784156961219566,0.021303111376381,0.758180742410461,0.0709273977170822,FALSE,0.800000002662729
"0b89051a31_t80","2pl","heavy_tail","parametric",20,0.8,500,1000,0.792681192429871,0.0177052842262566,0.759070644511786,0.828302921818367,0.784968088706429,0.0163104581499758,0.755167966372214,0.069607315193935,FALSE,0.800000002662729
"0b89051a31_t80","2pl","heavy_tail","parametric",20,0.8,1000,1000,0.794239279177442,0.0132392253819671,0.770813323933117,0.82249699210571,0.786526457422836,0.0123502234667075,0.743333019957965,0.0975831861539084,FALSE,0.800000002662729
"0b89051a31_t80","2pl","heavy_tail","parametric",20,0.8,2000,1000,0.794072894332688,0.00850191421089919,0.778426481587442,0.811412975606995,0.786375507791594,0.00789474211263155,0.739463316438966,0.0948031600452319,FALSE,0.800000002662729
"0b89051a31_t90","2pl","heavy_tail","parametric",20,0.9,100,1000,0.895111994442009,0.0192320103686693,0.85843485163005,0.92995561747006,0.875059113744797,0.0159173501331554,0.828580590784018,0.119892703448621,FALSE,0.900000000762901
"0b89051a31_t90","2pl","heavy_tail","parametric",20,0.9,250,1000,0.897827512662176,0.0130866529325313,0.873329116540094,0.923219260821579,0.877634276573249,0.0111271421035559,0.808173204690835,0.147744977269879,FALSE,0.900000000762901
"0b89051a31_t90","2pl","heavy_tail","parametric",20,0.9,500,1000,0.898235006017188,0.00914435613801734,0.880601618797131,0.916621444320658,0.878186413902158,0.00793333616729553,0.786539008847071,0.180259904110385,FALSE,0.900000000762901
"0b89051a31_t90","2pl","heavy_tail","parametric",20,0.9,1000,1000,0.89903935271312,0.00682125887550237,0.88554801108857,0.912458452206948,0.878932998150578,0.00600603685105772,0.744115798466588,0.215793744531215,FALSE,0.900000000762901
"0b89051a31_t90","2pl","heavy_tail","parametric",20,0.9,2000,1000,0.898928398210083,0.00454156477019153,0.890316122476487,0.908338789714922,0.878884120119771,0.00397540308052218,0.688811824791482,0.252927179451095,FALSE,0.900000000762901
"0b89051a31_t95","2pl","heavy_tail","parametric",20,0.95,100,1000,0.947465246875785,0.00982867670757243,0.927393384708459,0.966513561824183,0.920749374558365,0.00625724097769209,0.655252514042124,0.307565097606283,FALSE,0.950000000607394
"0b89051a31_t95","2pl","heavy_tail","parametric",20,0.95,250,1000,0.949032224590751,0.00645434546598023,0.936689770287325,0.96267469732435,0.922103518884838,0.00432609293511716,0.518995808832296,0.322762186535278,FALSE,0.950000000607394
"0b89051a31_t95","2pl","heavy_tail","parametric",20,0.95,500,1000,0.949579306148545,0.00507393172514054,0.939899393036022,0.960005116531803,0.92263265253656,0.00351618723075937,0.382085889302784,0.316776449578083,FALSE,0.950000000607394
"0b89051a31_t95","2pl","heavy_tail","parametric",20,0.95,1000,1000,0.949664183408476,0.00352966218734658,0.942869677030305,0.957448669803051,0.922891354735136,0.002798558048982,0.247600713359943,0.258253987467761,FALSE,0.950000000607394
"0b89051a31_t95","2pl","heavy_tail","parametric",20,0.95,2000,1000,0.949892381074535,0.00261163611877537,0.945041910830616,0.955424324016935,0.9230600060447,0.00208519465479138,0.135112225528308,0.189727162479823,FALSE,0.950000000607394
"0c107a9212_t50","rasch","normal","irw",10,0.5,100,1000,0.497759084069471,0.0323462701699291,0.431421083355464,0.557514733072821,0.495857450065169,0.0317524333602994,0.493256300840585,0.0311578601224461,TRUE,0.500000000282284
"0c107a9212_t50","rasch","normal","irw",10,0.5,250,1000,0.500409229935187,0.0210574853603509,0.45956159830524,0.541925183195789,0.498489735084236,0.0206566298072092,0.49580870705984,0.0202376345120255,TRUE,0.500000000282284
"0c107a9212_t50","rasch","normal","irw",10,0.5,500,1000,0.500567139672891,0.0144457583682573,0.472659661977084,0.527864046600808,0.498648685557138,0.0141771599229678,0.495950315897421,0.0139091706987561,TRUE,0.500000000282284
"0c107a9212_t50","rasch","normal","irw",10,0.5,1000,1000,0.501103490771232,0.00984781101735029,0.481717881376352,0.519101977048921,0.499180605419927,0.00966358607952336,0.49646784880955,0.00947757439297227,TRUE,0.500000000282284
"0c107a9212_t50","rasch","normal","irw",10,0.5,2000,1000,0.500923271577871,0.00734847914676759,0.486610364129905,0.515116067635782,0.499014339753069,0.00721214999179368,0.49632684453882,0.00707349220804078,TRUE,0.500000000282284
"0c107a9212_t60","rasch","normal","irw",10,0.6,100,1000,0.593549599513195,0.0342560357209303,0.527898581795686,0.657878741311153,0.591939703666807,0.0339367122796431,0.59067384321541,0.0338023362589853,TRUE,0.60000000096222
"0c107a9212_t60","rasch","normal","irw",10,0.6,250,1000,0.597680787242187,0.0210607606928885,0.555435102020778,0.635671328640603,0.596051335849865,0.0208717281016977,0.594769526261642,0.0207972486316321,TRUE,0.60000000096222
"0c107a9212_t60","rasch","normal","irw",10,0.6,500,1000,0.596719253993179,0.0151344629442663,0.567224253091759,0.625474164480485,0.595095337782939,0.0149980462945958,0.593809379593295,0.0149409047924895,TRUE,0.60000000096222
"0c107a9212_t60","rasch","normal","irw",10,0.6,1000,1000,0.597513819987935,0.0104723258133762,0.577305273897331,0.617389448010433,0.595882164079232,0.0103752543895632,0.594587220838466,0.0103317170437376,TRUE,0.60000000096222
"0c107a9212_t60","rasch","normal","irw",10,0.6,2000,1000,0.597642185935838,0.00737828634176323,0.582820240772567,0.611916471950489,0.596014763279595,0.00731197827681998,0.594726692475149,0.00728716443070005,TRUE,0.60000000096222
"0c107a9212_t70","rasch","normal","irw",10,0.7,100,1000,0.694810269352904,0.0258951066491787,0.640249862103503,0.739657777793727,0.68656161047934,0.0240117786592005,0.679409437093137,0.0226674832235891,TRUE,0.700000002734684
"0c107a9212_t70","rasch","normal","irw",10,0.7,250,1000,0.697051683469334,0.0169882225562702,0.66207285095957,0.729347322468054,0.688761953095932,0.0157291542021428,0.681493649658277,0.0148858468237613,TRUE,0.700000002734684
"0c107a9212_t70","rasch","normal","irw",10,0.7,500,1000,0.698090735786855,0.0112047464192386,0.675459733356243,0.718502877612943,0.689686662228493,0.0103458633123264,0.682157659821271,0.00976130746710458,TRUE,0.700000002734684
"0c107a9212_t70","rasch","normal","irw",10,0.7,1000,1000,0.698473002041955,0.00823604374563369,0.681797619669129,0.713236096707954,0.690084142278507,0.00760232730181836,0.682598517664937,0.00713106628804799,TRUE,0.700000002734684
"0c107a9212_t70","rasch","normal","irw",10,0.7,2000,1000,0.698902794013294,0.00562633866405142,0.688493368775499,0.709779946856909,0.6904854244195,0.00519647656601553,0.682946744149651,0.00489040175998284,TRUE,0.700000002734684
"0c107a9212_t80","rasch","normal","irw",10,0.8,100,1000,0.798925635426936,0.0188953357754587,0.759848717630016,0.832668575534849,0.777165423274003,0.01481964453585,0.757294712519939,0.0147115429426006,TRUE,0.800000002410844
"0c107a9212_t80","rasch","normal","irw",10,0.8,250,1000,0.800628010161816,0.0116782062624605,0.777259434348166,0.822465887896224,0.778672976496693,0.00909850682152391,0.757872247323595,0.0100596031261339,TRUE,0.800000002410844
"0c107a9212_t80","rasch","normal","irw",10,0.8,500,1000,0.800855655205,0.00802756275540219,0.784308458997654,0.816841116996222,0.778932822149072,0.00622559964527106,0.758053748990752,0.00716766325388169,TRUE,0.800000002410844
"0c107a9212_t80","rasch","normal","irw",10,0.8,1000,1000,0.800878605159269,0.00573648584082444,0.789228791919948,0.811767880447198,0.778972403146219,0.00447963061327152,0.757728649898829,0.00550976814349165,TRUE,0.800000002410844
"0c107a9212_t80","rasch","normal","irw",10,0.8,2000,1000,0.801025991508502,0.00414846961006103,0.792859787070069,0.80891873527246,0.77912806028065,0.00319885455674339,0.758135717019753,0.00442057392680228,TRUE,0.800000002410844
"0c107a9212_t90","rasch","normal","irw",10,0.9,100,1000,0.897229040657823,0.0111287564115073,0.87211140425997,0.916063494538898,0.874768865660071,0.00757275709467659,0.804639538319613,0.106913462892033,TRUE,0.900000004005808
"0c107a9212_t90","rasch","normal","irw",10,0.9,250,1000,0.897616218817696,0.00708613931736635,0.882445887012689,0.909949447405808,0.875372424178583,0.00461319767686557,0.791988982778783,0.100070501398394,TRUE,0.900000004005808
"0c107a9212_t90","rasch","normal","irw",10,0.9,500,1000,0.897812238354768,0.00472984130173075,0.887252184393259,0.906421703904927,0.875611759330413,0.00313897495603224,0.782732600280402,0.0920672098705901,TRUE,0.900000004005808
"0c107a9212_t90","rasch","normal","irw",10,0.9,1000,1000,0.897975029164402,0.00342640769371115,0.891129271685986,0.9046422136851,0.875753433494226,0.00222411958247645,0.772497314391671,0.0910301322042467,TRUE,0.900000004005808
"0c107a9212_t90","rasch","normal","irw",10,0.9,2000,1000,0.898280422822004,0.00237773532938765,0.893392275425065,0.902784900252237,0.875940359156893,0.00152180608558434,0.769185647965032,0.073973471993693,TRUE,0.900000004005808
"0c107a9212_t95","rasch","normal","irw",10,0.95,100,1000,0.948069530751055,0.00657439281859811,0.934558121691025,0.959549351975478,0.895657492540612,0.0107221334019096,0.467966801899769,0.319140108546819,TRUE,0.950000000470535
"0c107a9212_t95","rasch","normal","irw",10,0.95,250,1000,0.948500610539182,0.00384748353697294,0.940564942444796,0.955583931949439,0.896120395170669,0.00638818107824594,0.299847272962276,0.264631088388827,TRUE,0.950000000470535
"0c107a9212_t95","rasch","normal","irw",10,0.95,500,1000,0.948739799866142,0.0027635467843498,0.943093612710412,0.953760264631593,0.896667749636022,0.00451926566429648,0.196663968279684,0.205934542009927,TRUE,0.950000000470535
"0c107a9212_t95","rasch","normal","irw",10,0.95,1000,1000,0.948785612656767,0.00206793276196161,0.944568059725465,0.9526423085706,0.896638307618196,0.00323620788465319,0.112486045647447,0.133391718510906,TRUE,0.950000000470535
"0c107a9212_t95","rasch","normal","irw",10,0.95,2000,1000,0.948806418856279,0.00137557685282589,0.946119297928596,0.95128167773025,0.89661352963216,0.00218264087604116,0.062352302666181,0.0798246280947018,TRUE,0.950000000470535
"0cb9abf03b_t50","3pl_g20","bimodal","irw",20,0.5,100,1000,0.498055436507007,0.0244974661141034,0.44772963639497,0.54359406208676,0.496063264265867,0.0241111504999069,0.493502917057349,0.0238313439343016,TRUE,0.500000000648156
"0cb9abf03b_t50","3pl_g20","bimodal","irw",20,0.5,250,1000,0.498567014066991,0.0155842496328967,0.468194911888585,0.527583061197491,0.496591414155078,0.015346674595082,0.494038042546446,0.0151799928993349,TRUE,0.500000000648156
"0cb9abf03b_t50","3pl_g20","bimodal","irw",20,0.5,500,1000,0.498933499844804,0.010796264257159,0.476822199785163,0.519010158930102,0.496934037038522,0.0106155092197266,0.494332491287993,0.0104754851363235,TRUE,0.500000000648156
"0cb9abf03b_t50","3pl_g20","bimodal","irw",20,0.5,1000,1000,0.498585823290679,0.00794828947539309,0.481698814695062,0.512814138558178,0.496600195279065,0.00781643665059197,0.494011026075274,0.00771112913005744,TRUE,0.500000000648156
"0cb9abf03b_t50","3pl_g20","bimodal","irw",20,0.5,2000,1000,0.498900659053481,0.00534661845584918,0.488455468543386,0.509912800592689,0.496916206010136,0.00526352560762084,0.494334194202703,0.00520418536792928,TRUE,0.500000000648156
"0cb9abf03b_t60","3pl_g20","bimodal","irw",20,0.6,100,1000,0.597870226454403,0.0256606489841679,0.545370359333322,0.647478458190804,0.597421493331387,0.0255809547559,0.59709631694714,0.0255472550307883,TRUE,0.600000000519094
"0cb9abf03b_t60","3pl_g20","bimodal","irw",20,0.6,250,1000,0.598732180265583,0.0165429897521543,0.565730703928802,0.628159796053699,0.59827391213146,0.0164926377438273,0.597931621621163,0.0164707324122417,TRUE,0.600000000519094
"0cb9abf03b_t60","3pl_g20","bimodal","irw",20,0.6,500,1000,0.59938250331695,0.0113989917083484,0.576985613974669,0.620343084781091,0.598923091886792,0.0113613048121812,0.598580020965893,0.0113413825600827,TRUE,0.600000000519094
"0cb9abf03b_t60","3pl_g20","bimodal","irw",20,0.6,1000,1000,0.60004545230337,0.00811829269595704,0.584289670760073,0.615654521863913,0.599586164146228,0.00809369779798827,0.599246231194709,0.00808447765364921,TRUE,0.600000000519094
"0cb9abf03b_t60","3pl_g20","bimodal","irw",20,0.6,2000,1000,0.599416819729546,0.00591139647418066,0.588363817757146,0.611226888054119,0.59895773872392,0.00589181880476306,0.598615162529855,0.00588183745781656,TRUE,0.600000000519094
"0cb9abf03b_t70","3pl_g20","bimodal","irw",20,0.7,100,1000,0.69924111733542,0.0185536452608095,0.660426829277857,0.733037258646467,0.687938542314583,0.0169989228764838,0.678462374996648,0.0166589567111806,TRUE,0.700000002301008
"0cb9abf03b_t70","3pl_g20","bimodal","irw",20,0.7,250,1000,0.700719794711978,0.0118997275145759,0.676595265567661,0.721439812661927,0.68927774095924,0.0108410153122836,0.679705894157923,0.0104514403485656,TRUE,0.700000002301008
"0cb9abf03b_t70","3pl_g20","bimodal","irw",20,0.7,500,1000,0.700390365183083,0.0083394019727152,0.683147513573188,0.716502030567515,0.68899466948268,0.00760872605817437,0.679358053975503,0.00737044520079209,TRUE,0.700000002301008
"0cb9abf03b_t70","3pl_g20","bimodal","irw",20,0.7,1000,1000,0.700575924050342,0.00587496766161863,0.689129336806794,0.71161134285249,0.689122351319544,0.00530262849511786,0.679345568363754,0.00507937701809932,TRUE,0.700000002301008
"0cb9abf03b_t70","3pl_g20","bimodal","irw",20,0.7,2000,1000,0.700710608567248,0.00408628162849719,0.692304090647073,0.708823595563823,0.689239127103927,0.0036829212414346,0.679440022772245,0.0035425667927585,TRUE,0.700000002301008
"0cb9abf03b_t80","3pl_g20","bimodal","irw",20,0.8,100,1000,0.797498807243638,0.0123780923003988,0.770149919490386,0.819586793344497,0.763392056552881,0.00960867117886401,0.735846421822486,0.0137792482079612,TRUE,0.800000002301745
"0cb9abf03b_t80","3pl_g20","bimodal","irw",20,0.8,250,1000,0.799313594483575,0.00750494585333181,0.783798655742295,0.812837107218806,0.765134030499986,0.00562254044227598,0.737099032914602,0.00860755783511433,TRUE,0.800000002301745
"0cb9abf03b_t80","3pl_g20","bimodal","irw",20,0.8,500,1000,0.799343954241675,0.00545224665621459,0.788293054585423,0.809931436902434,0.765178532766759,0.00395286255375316,0.737274625415973,0.00579478175773105,TRUE,0.800000002301745
"0cb9abf03b_t80","3pl_g20","bimodal","irw",20,0.8,1000,1000,0.799649515273418,0.00371767501622115,0.792181689647855,0.807033037474396,0.765369961481812,0.00278875434567406,0.737145074705288,0.00424183904636215,TRUE,0.800000002301745
"0cb9abf03b_t80","3pl_g20","bimodal","irw",20,0.8,2000,1000,0.799552776909295,0.00264925216464132,0.79437355134803,0.804546971708496,0.765331766104218,0.00195604695986949,0.737239900537221,0.00297248569091195,TRUE,0.800000002301745
"0cb9abf03b_t90","3pl_g20","bimodal","irw",20,0.9,100,1000,0.900328772125311,0.00719658193532539,0.885751914957759,0.912503639001114,0.880806906823749,0.0060486006063263,0.874332675242265,0.00746388767880608,TRUE,0.900000000670264
"0cb9abf03b_t90","3pl_g20","bimodal","irw",20,0.9,250,1000,0.900301179888625,0.00451109914862876,0.890974967358965,0.908889074445,0.880816725024983,0.00382453494494245,0.874108123198654,0.00500977053713773,TRUE,0.900000000670264
"0cb9abf03b_t90","3pl_g20","bimodal","irw",20,0.9,500,1000,0.900158079860871,0.00330152555711267,0.893449100798479,0.906120552620662,0.880695113466709,0.00273661312088549,0.87401710120494,0.00351142393223774,TRUE,0.900000000670264
"0cb9abf03b_t90","3pl_g20","bimodal","irw",20,0.9,1000,1000,0.900408443079073,0.00227930419294805,0.895761338638145,0.904807843327821,0.880891640527163,0.00189581316034055,0.87412167698575,0.0024507601324813,TRUE,0.900000000670264
"0cb9abf03b_t90","3pl_g20","bimodal","irw",20,0.9,2000,1000,0.900506302669226,0.00159740743616014,0.897219449042158,0.903422734607495,0.880953279414938,0.00135716186908467,0.874150441741722,0.00178050820003843,TRUE,0.900000000670264
"0cb9abf03b_t95","3pl_g20","bimodal","irw",20,0.95,100,1000,0.949328782467206,0.00454401227315278,0.940229997776876,0.957585138529415,0.740385829135736,0.0276720345003429,0.0169812197969585,0.0273546871272137,TRUE,0.950000000211586
"0cb9abf03b_t95","3pl_g20","bimodal","irw",20,0.95,250,1000,0.949749409029027,0.00270321692284862,0.944012058707417,0.954600200794744,0.739375414455231,0.0175444663690208,0.00758038906305051,0.00874737787884101,TRUE,0.950000000211586
"0cb9abf03b_t95","3pl_g20","bimodal","irw",20,0.95,500,1000,0.949835884653363,0.00192539343063829,0.946066616510409,0.953580967211694,0.739025340025356,0.012700037544927,0.00512904455364678,0.00456515975418079,TRUE,0.950000000211586
"0cb9abf03b_t95","3pl_g20","bimodal","irw",20,0.95,1000,1000,0.950009429914146,0.001449731080609,0.94713052083496,0.952627876609081,0.739342373801722,0.00858253201045005,0.00346307573620801,0.00247824065564107,TRUE,0.950000000211586
"0cb9abf03b_t95","3pl_g20","bimodal","irw",20,0.95,2000,1000,0.949984518229845,0.000941299599823483,0.948086163781735,0.951813040704395,0.739681086111848,0.00609694888944795,0.0027461631899423,0.00181438340933444,TRUE,0.950000000211586
"14bd911f19_t50","3pl_g20","normal","parametric",60,0.5,100,1000,0.495302289728179,0.0342523945774756,0.423448545884078,0.560951599314375,0.494822692451621,0.0341141787832681,0.494250535899323,0.0340128135416131,TRUE,0.500000000089594
"14bd911f19_t50","3pl_g20","normal","parametric",60,0.5,250,1000,0.497601655086499,0.0211109604337296,0.456898362319633,0.538870707287424,0.497114983820457,0.0210200860420625,0.496527564774148,0.0209513713962818,TRUE,0.500000000089594
"14bd911f19_t50","3pl_g20","normal","parametric",60,0.5,500,1000,0.498549765849635,0.015174771157048,0.466856661587458,0.527399816820507,0.498062972947539,0.0151093885013064,0.497473691366416,0.0150593564367698,TRUE,0.500000000089594
"14bd911f19_t50","3pl_g20","normal","parametric",60,0.5,1000,1000,0.498333416653012,0.0110092180858891,0.476647720601958,0.518173245140716,0.497851026545465,0.0109640872939983,0.497266021939593,0.0109303480333038,TRUE,0.500000000089594
"14bd911f19_t50","3pl_g20","normal","parametric",60,0.5,2000,1000,0.498738020547377,0.00759501158949714,0.4845118700048,0.514121288009051,0.498253115666114,0.00756331061571521,0.497664947779014,0.00753926618781037,TRUE,0.500000000089594
"14bd911f19_t60","3pl_g20","normal","parametric",60,0.6,100,1000,0.600405889307218,0.0332856286190597,0.527144409306973,0.658666260115622,0.599050037200405,0.0329657363860712,0.59790139227629,0.0328075853945038,TRUE,0.600000002148538
"14bd911f19_t60","3pl_g20","normal","parametric",60,0.6,250,1000,0.599771953526167,0.0203746424792533,0.559705995778885,0.637074250643878,0.598434670612651,0.0201866501812689,0.597273552403218,0.0201019828068742,TRUE,0.600000002148538
"14bd911f19_t60","3pl_g20","normal","parametric",60,0.6,500,1000,0.601090348038577,0.0145272243237983,0.571122094868221,0.626840589472656,0.59973827185302,0.0143923267301442,0.5985662814499,0.0143303248634013,TRUE,0.600000002148538
"14bd911f19_t60","3pl_g20","normal","parametric",60,0.6,1000,1000,0.600839973976828,0.00962322286037897,0.581829429043767,0.618680473024894,0.599488713890192,0.00952709073907131,0.598311270083181,0.00948019200895285,TRUE,0.600000002148538
"14bd911f19_t60","3pl_g20","normal","parametric",60,0.6,2000,1000,0.601242124886997,0.00682104287394958,0.58708052388214,0.614126402510108,0.599893434151281,0.00675697111466266,0.598720867655597,0.00672764072098509,TRUE,0.600000002148538
"14bd911f19_t70","3pl_g20","normal","parametric",60,0.7,100,1000,0.699637323926521,0.0268696701151206,0.640259968363358,0.747648799026869,0.697499086951357,0.0264230371845866,0.696182054576051,0.0262640184105114,TRUE,0.700000003132958
"14bd911f19_t70","3pl_g20","normal","parametric",60,0.7,250,1000,0.698982475877503,0.0173867100927411,0.664785853077335,0.731284297672172,0.69686172971029,0.0170864356547572,0.695522914805443,0.0169689823864662,TRUE,0.700000003132958
"14bd911f19_t70","3pl_g20","normal","parametric",60,0.7,500,1000,0.699873026508731,0.0126339743039461,0.675792410541135,0.724685774933629,0.697721683196373,0.0124090921445548,0.696355053955389,0.0123176452493911,TRUE,0.700000003132958
"14bd911f19_t70","3pl_g20","normal","parametric",60,0.7,1000,1000,0.699547097506213,0.00902904820328748,0.68186053620544,0.71626134324216,0.697406824865488,0.0088726323134517,0.696046933108984,0.00881174404093478,TRUE,0.700000003132958
"14bd911f19_t70","3pl_g20","normal","parametric",60,0.7,2000,1000,0.699916832373427,0.00614798305392591,0.687427144283558,0.711419603852759,0.697769604298419,0.00603840324152462,0.6964014031869,0.00599636846708941,TRUE,0.700000003132958
"14bd911f19_t80","3pl_g20","normal","parametric",60,0.8,100,1000,0.798489506007455,0.0211115298207849,0.754004326459074,0.834887864790196,0.795115578364708,0.0204197422299101,0.79364988629055,0.0202221588514787,TRUE,0.800000003107679
"14bd911f19_t80","3pl_g20","normal","parametric",60,0.8,250,1000,0.799775375950026,0.012904428038534,0.772914058810827,0.823781114281918,0.796324357913677,0.0124368997368901,0.794753460446106,0.0122674908347305,TRUE,0.800000003107679
"14bd911f19_t80","3pl_g20","normal","parametric",60,0.8,500,1000,0.800186583846616,0.00888505672608428,0.782910838635566,0.817232130835768,0.796731814028591,0.00855808232737734,0.795152039396464,0.00845950964149598,TRUE,0.800000003107679
"14bd911f19_t80","3pl_g20","normal","parametric",60,0.8,1000,1000,0.799790615682359,0.00630818923033216,0.787408985936494,0.811702791968139,0.796358663982277,0.00609123621736482,0.794789746112219,0.00602754635516394,TRUE,0.800000003107679
"14bd911f19_t80","3pl_g20","normal","parametric",60,0.8,2000,1000,0.800450268907385,0.00469388957543103,0.790673660795875,0.809599981641585,0.796993446146062,0.00451423677658896,0.795404476946527,0.00445086531700063,TRUE,0.800000003107679
"14bd911f19_t90","3pl_g20","normal","parametric",60,0.9,100,1000,0.897110807975789,0.0114419470654141,0.872798360182285,0.917778688325003,0.888314740996725,0.00983654472801943,0.884673469981025,0.00983563786358202,TRUE,0.90000000021967
"14bd911f19_t90","3pl_g20","normal","parametric",60,0.9,250,1000,0.898652784300775,0.00683968734101938,0.884549166919689,0.911887829229113,0.889576930865863,0.00585726379711199,0.885512109895904,0.00674879126170436,TRUE,0.90000000021967
"14bd911f19_t90","3pl_g20","normal","parametric",60,0.9,500,1000,0.89859094021479,0.00496686895131638,0.888485650500212,0.90752187024005,0.889598748564724,0.00428994268742486,0.885757153312843,0.00451365866628384,TRUE,0.90000000021967
"14bd911f19_t90","3pl_g20","normal","parametric",60,0.9,1000,1000,0.898816089704618,0.00332956769162086,0.892085253492985,0.905022397123977,0.889825739108156,0.00288220549816129,0.885864940539322,0.00329042488807414,TRUE,0.90000000021967
"14bd911f19_t90","3pl_g20","normal","parametric",60,0.9,2000,1000,0.898955089801352,0.00245699359940169,0.894227280647992,0.903629703886124,0.889932562507428,0.00210292088639976,0.885979482392895,0.00224042674784471,TRUE,0.90000000021967
"14bd911f19_t95","3pl_g20","normal","parametric",60,0.95,100,1000,0.94833662072415,0.0062927899535421,0.933823726333988,0.95848929549162,0.940209462562995,0.00506928360651709,0.930467706076005,0.0313847981698814,TRUE,0.950000005270031
"14bd911f19_t95","3pl_g20","normal","parametric",60,0.95,250,1000,0.949160434047108,0.00376439011523368,0.941609468344657,0.95575766854742,0.940765472608257,0.00297691921608329,0.925406640767251,0.039920518712662,TRUE,0.950000005270031
"14bd911f19_t95","3pl_g20","normal","parametric",60,0.95,500,1000,0.949144592447918,0.00242515011413995,0.944206444647949,0.953537077508152,0.940909560624194,0.00199701159239531,0.925931944018144,0.0338799835814898,TRUE,0.950000005270031
"14bd911f19_t95","3pl_g20","normal","parametric",60,0.95,1000,1000,0.949317711152241,0.00179394645611335,0.945781483910615,0.952659663936177,0.940991813462051,0.00143524188902239,0.925974173909414,0.02608507555674,TRUE,0.950000005270031
"14bd911f19_t95","3pl_g20","normal","parametric",60,0.95,2000,1000,0.949414349184101,0.00125631808156373,0.946856298684659,0.951750225501776,0.941097036135462,0.00102291337987613,0.925711706853532,0.0229779463343907,TRUE,0.950000005270031
"1626b4659e_t50","3pl_beta","heavy_tail","parametric",20,0.5,100,1000,0.49244840027863,0.0555146548194372,0.396147331555013,0.616330196590741,0.490262218964678,0.0541045665399571,0.475972710610974,0.0559114469849149,FALSE,0.500000000716569
"1626b4659e_t50","3pl_beta","heavy_tail","parametric",20,0.5,250,1000,0.495063736496494,0.035256107787462,0.429307657385407,0.566703410261187,0.492958203722339,0.0344634394429195,0.480865140672082,0.0395867717755594,FALSE,0.500000000716569
"1626b4659e_t50","3pl_beta","heavy_tail","parametric",20,0.5,500,1000,0.499557045480793,0.0269095887464293,0.453205282153253,0.562327792677836,0.497432454452581,0.0263106371793362,0.480021810593058,0.0471378658848789,FALSE,0.500000000716569
"1626b4659e_t50","3pl_beta","heavy_tail","parametric",20,0.5,1000,1000,0.501710963072273,0.0199204191807044,0.46760220326568,0.547059556452945,0.499557758986514,0.0195091247321001,0.47639679719776,0.0537818819126988,FALSE,0.500000000716569
"1626b4659e_t50","3pl_beta","heavy_tail","parametric",20,0.5,2000,1000,0.500279328436122,0.0139752865335603,0.475387724643131,0.529352756650285,0.498177513296758,0.0136890878935707,0.470873370325647,0.0624915175943536,FALSE,0.500000000716569
"1626b4659e_t60","3pl_beta","heavy_tail","parametric",20,0.6,100,1000,0.58565100573529,0.0509948509420594,0.490624976504671,0.688510057395804,0.57927143068617,0.048240200587295,0.54852058348924,0.0658433992863451,FALSE,0.600000001687758
"1626b4659e_t60","3pl_beta","heavy_tail","parametric",20,0.6,250,1000,0.594589338062126,0.0352564042338932,0.533423324637523,0.672343755538943,0.588016691118705,0.0333993958451905,0.541294724060075,0.0812753252297567,FALSE,0.600000001687758
"1626b4659e_t60","3pl_beta","heavy_tail","parametric",20,0.6,500,1000,0.594831792067643,0.0278104641871955,0.551438962877214,0.649624969308031,0.588363221251807,0.0265834392378615,0.532882502587566,0.0984003273831502,FALSE,0.600000001687758
"1626b4659e_t60","3pl_beta","heavy_tail","parametric",20,0.6,1000,1000,0.594739489180163,0.0190039801359651,0.560933608625534,0.630729959469534,0.588307127978086,0.018122201483577,0.529632127847462,0.0928851604574401,FALSE,0.600000001687758
"1626b4659e_t60","3pl_beta","heavy_tail","parametric",20,0.6,2000,1000,0.595751320765509,0.013250725244409,0.570921409262178,0.623107680030713,0.589328516061408,0.0126301261496807,0.512722106185111,0.111169169514966,FALSE,0.600000001687758
"1626b4659e_t70","3pl_beta","heavy_tail","parametric",20,0.7,100,1000,0.686861445394659,0.0440223565606253,0.603165315805492,0.773019851406355,0.677774625673349,0.040315419163526,0.60903540193294,0.122235882623071,FALSE,0.700000002469804
"1626b4659e_t70","3pl_beta","heavy_tail","parametric",20,0.7,250,1000,0.69274291479463,0.0312876886505329,0.637907482706212,0.758760635173653,0.683552546402526,0.0288558297527688,0.573598724413013,0.160367083971616,FALSE,0.700000002469804
"1626b4659e_t70","3pl_beta","heavy_tail","parametric",20,0.7,500,1000,0.696323009754348,0.0217530880686927,0.657507977328156,0.741488797993211,0.68697836761129,0.0201338473116999,0.534366575162551,0.181813721315191,FALSE,0.700000002469804
"1626b4659e_t70","3pl_beta","heavy_tail","parametric",20,0.7,1000,1000,0.695941561166829,0.0156620858086313,0.666901748457598,0.726471270271626,0.686673173034649,0.0144837899437801,0.489641014205113,0.19956540903655,FALSE,0.700000002469804
"1626b4659e_t70","3pl_beta","heavy_tail","parametric",20,0.7,2000,1000,0.696736497506237,0.0116284075323877,0.677063268856122,0.721292988768244,0.687439875462344,0.0108425886490332,0.414227927043511,0.221473849378406,FALSE,0.700000002469804
"1626b4659e_t80","3pl_beta","heavy_tail","parametric",20,0.8,100,1000,0.79371607410818,0.0329856979524391,0.72873395335379,0.863009868047837,0.771207276330034,0.0272788705182681,0.642209199627017,0.163817060073645,FALSE,0.80000000065436
"1626b4659e_t80","3pl_beta","heavy_tail","parametric",20,0.8,250,1000,0.798526257173498,0.0217145158510024,0.756901957260465,0.843596714141386,0.775860367445826,0.0183299567381333,0.595717315634701,0.183939721519429,FALSE,0.80000000065436
"1626b4659e_t80","3pl_beta","heavy_tail","parametric",20,0.8,500,1000,0.799692853034951,0.0166250524610262,0.768000441415312,0.832498137836425,0.777057147666618,0.0144514276109562,0.53192585142088,0.215358645724248,FALSE,0.80000000065436
"1626b4659e_t80","3pl_beta","heavy_tail","parametric",20,0.8,1000,1000,0.800158847853416,0.0121422071038724,0.779515889675635,0.824933849339394,0.777602657767371,0.0106640380481282,0.480443723646718,0.219773155492734,FALSE,0.80000000065436
"1626b4659e_t80","3pl_beta","heavy_tail","parametric",20,0.8,2000,1000,0.801020128808209,0.00891535807667519,0.78590370876383,0.818971592808828,0.778337363959559,0.00784237072584111,0.407738356273137,0.22814793183315,FALSE,0.80000000065436
"1626b4659e_t90","3pl_beta","heavy_tail","parametric",20,0.9,100,1000,0.896314343107684,0.0201930938366324,0.855726595703136,0.936911817866748,0.862952212668065,0.0142865190231838,0.383338710569476,0.323152617288116,FALSE,0.900000000642377
"1626b4659e_t90","3pl_beta","heavy_tail","parametric",20,0.9,250,1000,0.89831874578456,0.0132657240970168,0.872208923946372,0.923035227498546,0.864924153275318,0.00931764082584146,0.208835981084195,0.259086957388397,FALSE,0.900000000642377
"1626b4659e_t90","3pl_beta","heavy_tail","parametric",20,0.9,500,1000,0.899714920695472,0.00915482731344139,0.881350928383383,0.919332337653852,0.866308257814164,0.00727276386081166,0.0772049453827857,0.150871982264534,FALSE,0.900000000642377
"1626b4659e_t90","3pl_beta","heavy_tail","parametric",20,0.9,1000,1000,0.900057545279086,0.00718959734442367,0.886921421878139,0.913767179609285,0.866823072462543,0.00576191558719633,0.0229333377029842,0.0626853407862514,FALSE,0.900000000642377
"1626b4659e_t90","3pl_beta","heavy_tail","parametric",20,0.9,2000,1000,0.900646028713412,0.00534453570418197,0.891112322700482,0.911066232944218,0.867017680948103,0.0043025834238664,0.00381176071014949,0.0150315733695122,FALSE,0.900000000642377
"1626b4659e_t95","3pl_beta","heavy_tail","parametric",20,0.95,100,1000,0.947977506288451,0.0101620494637719,0.926643572544951,0.966822493652427,0.90044858055508,0.0100579500540801,0.191886933863147,0.303070050992644,FALSE,0.950000000350426
"1626b4659e_t95","3pl_beta","heavy_tail","parametric",20,0.95,250,1000,0.950181188676066,0.00674400618176843,0.937543160832541,0.963744806334285,0.901688858123361,0.0074056669990067,0.0317713526362531,0.10983216555013,FALSE,0.950000000350426
"1626b4659e_t95","3pl_beta","heavy_tail","parametric",20,0.95,500,1000,0.950633294313607,0.00496837026201306,0.941841614550341,0.960485890652533,0.902482367241543,0.00563892759436723,0.00451522458714003,0.0235076560893503,FALSE,0.950000000350426
"1626b4659e_t95","3pl_beta","heavy_tail","parametric",20,0.95,1000,1000,0.950604746548986,0.00337592880789577,0.944549192798653,0.957373662874149,0.902550520491776,0.00372544305953319,0.000313565091022639,0.00195180897357295,FALSE,0.950000000350426
"1626b4659e_t95","3pl_beta","heavy_tail","parametric",20,0.95,2000,1000,0.951036500382505,0.00270996448975169,0.946272243334156,0.956492184584798,0.902916765300497,0.00327358772563681,1.47524830602903e-05,0.000125722038258457,FALSE,0.950000000350426
"172403d058_t50","2pl","bimodal","parametric",20,0.5,100,1000,0.500264668298235,0.0247498342672648,0.45022204238173,0.545284363738776,0.49961698697745,0.0246275085034718,0.498893507948345,0.0245565612391659,TRUE,0.500000000459003
"172403d058_t50","2pl","bimodal","parametric",20,0.5,250,1000,0.499053497192905,0.0165901739255817,0.466065461080549,0.531311823702212,0.498415528534122,0.0165078055317514,0.497693552141701,0.0164593060099846,TRUE,0.500000000459003
"172403d058_t50","2pl","bimodal","parametric",20,0.5,500,1000,0.499647786622704,0.0113147139280883,0.477423376864812,0.520544592887339,0.499010392643524,0.0112604656294895,0.498288459381503,0.0112291673495751,TRUE,0.500000000459003
"172403d058_t50","2pl","bimodal","parametric",20,0.5,1000,1000,0.500010219104027,0.0081307132952638,0.484085695194425,0.515929453433314,0.49937055751897,0.00808999676185148,0.498645555197147,0.00806614977323313,TRUE,0.500000000459003
"172403d058_t50","2pl","bimodal","parametric",20,0.5,2000,1000,0.499908658182577,0.00583662318023689,0.48832661061364,0.510865148327273,0.49927035940664,0.00580638704889547,0.498546124533518,0.00578756291969272,TRUE,0.500000000459003
"172403d058_t60","2pl","bimodal","parametric",20,0.6,100,1000,0.597508535114152,0.0249893707773787,0.545438626794736,0.643733140342792,0.596174005185715,0.0247910551018026,0.59513795678999,0.0247357939111451,TRUE,0.600000001912611
"172403d058_t60","2pl","bimodal","parametric",20,0.6,250,1000,0.599494848746473,0.0159903998005362,0.568474824916223,0.630343654983613,0.598146218169646,0.0158590995573941,0.597097675892172,0.0158223391164986,TRUE,0.600000001912611
"172403d058_t60","2pl","bimodal","parametric",20,0.6,500,1000,0.598932055196984,0.0109688781518674,0.576857042679266,0.620647908722261,0.597583337193473,0.0108731811002672,0.596527991485401,0.0108423914620122,TRUE,0.600000001912611
"172403d058_t60","2pl","bimodal","parametric",20,0.6,1000,1000,0.599215379674548,0.00773812048006472,0.583697582440077,0.614143330629435,0.597861988791481,0.00767392645685395,0.596802783439353,0.00765552450163296,TRUE,0.600000001912611
"172403d058_t60","2pl","bimodal","parametric",20,0.6,2000,1000,0.599185995937752,0.00544849587762321,0.588417417895326,0.609850525470948,0.597834463043432,0.00540140196830491,0.596776698252634,0.00538708721853565,TRUE,0.600000001912611
"172403d058_t70","2pl","bimodal","parametric",20,0.7,100,1000,0.701056580294327,0.0199658710644403,0.660298922087969,0.737637204122162,0.698355187781342,0.0195834283373698,0.696922283422427,0.0195013138598902,TRUE,0.70000000243932
"172403d058_t70","2pl","bimodal","parametric",20,0.7,250,1000,0.701835287450285,0.0127289062846884,0.676114845000548,0.724928263840926,0.699135242105175,0.012465267771227,0.697698310770175,0.0123967424026229,TRUE,0.70000000243932
"172403d058_t70","2pl","bimodal","parametric",20,0.7,500,1000,0.701478707128134,0.00918292243307701,0.683353714736195,0.719959147680505,0.698777992408974,0.00899749693263121,0.697334521803535,0.00895368447074981,TRUE,0.70000000243932
"172403d058_t70","2pl","bimodal","parametric",20,0.7,1000,1000,0.701978594120516,0.00633022489841128,0.688642340790082,0.713543419336134,0.699269207701035,0.00620803279091677,0.697820340707128,0.00618154481997954,TRUE,0.70000000243932
"172403d058_t70","2pl","bimodal","parametric",20,0.7,2000,1000,0.701993639925284,0.00459805900937525,0.693096779201418,0.710967656339848,0.699285203041722,0.00450587004130752,0.697835956048035,0.00448553057231486,TRUE,0.70000000243932
"172403d058_t80","2pl","bimodal","parametric",20,0.8,100,1000,0.801022246040014,0.0156960184776772,0.769592620562652,0.828270194990342,0.797689366842725,0.0151638747935617,0.796492413325066,0.0150544470461558,TRUE,0.800000002519712
"172403d058_t80","2pl","bimodal","parametric",20,0.8,250,1000,0.801422572026886,0.00924914998868727,0.780964615790293,0.81818071801768,0.798098212856975,0.00893889415290971,0.796893460809772,0.00887713537713359,TRUE,0.800000002519712
"172403d058_t80","2pl","bimodal","parametric",20,0.8,500,1000,0.801951657434837,0.00661033092622286,0.787737739718573,0.814148597167073,0.798598957380396,0.00638638221011151,0.797375647879096,0.00634041629427902,TRUE,0.800000002519712
"172403d058_t80","2pl","bimodal","parametric",20,0.8,1000,1000,0.801830331069147,0.0048145433055192,0.791869221931208,0.811002587619474,0.798476272750534,0.00464662358691872,0.797249931915601,0.00461260298871972,TRUE,0.800000002519712
"172403d058_t80","2pl","bimodal","parametric",20,0.8,2000,1000,0.801904852529619,0.00342786312858366,0.794788142091978,0.808163438534251,0.798557103693612,0.00330958872490728,0.797333417093096,0.00328671257433473,TRUE,0.800000002519712
"172403d058_t90","2pl","bimodal","parametric",20,0.9,100,1000,0.900097291123677,0.00823251393549061,0.882029472873513,0.914621127321618,0.893800146319676,0.00775493147257283,0.892345251538162,0.0077452829476535,TRUE,0.900000000659724
"172403d058_t90","2pl","bimodal","parametric",20,0.9,250,1000,0.900387567922098,0.00515001351758289,0.889884657302272,0.909933141593905,0.894024094504691,0.00484920381009695,0.892542477900438,0.00488676351367508,TRUE,0.900000000659724
"172403d058_t90","2pl","bimodal","parametric",20,0.9,500,1000,0.900729542876064,0.00373894148379175,0.893352539135013,0.907434040467896,0.89436212276129,0.00353850524586838,0.892866088435641,0.00355195308286383,TRUE,0.900000000659724
"172403d058_t90","2pl","bimodal","parametric",20,0.9,1000,1000,0.900795812690273,0.00264469632258087,0.895230777416638,0.905483666823701,0.894447451876202,0.00246967083283522,0.892976126185272,0.00248227689245614,TRUE,0.900000000659724
"172403d058_t90","2pl","bimodal","parametric",20,0.9,2000,1000,0.900840151776153,0.00185325549052232,0.897146549439818,0.904314710433062,0.894482239038939,0.00174416931418083,0.892990927197063,0.00176340241639902,TRUE,0.900000000659724
"172403d058_t95","2pl","bimodal","parametric",20,0.95,100,1000,0.949885646603068,0.00402248571169595,0.940978070146191,0.956797214552323,0.93507497961471,0.00384321461279673,0.928895256119973,0.0123687015207554,TRUE,0.950000000555108
"172403d058_t95","2pl","bimodal","parametric",20,0.95,250,1000,0.950213307070325,0.00248331762771063,0.945149238597579,0.954691334337495,0.935014884970586,0.00230437010144485,0.928380607964359,0.00802727102677998,TRUE,0.950000000555108
"172403d058_t95","2pl","bimodal","parametric",20,0.95,500,1000,0.95026990018148,0.0017124293668042,0.946770098655468,0.953387563150843,0.93515515795976,0.00167982919400963,0.928449850266812,0.00590138588498978,TRUE,0.950000000555108
"172403d058_t95","2pl","bimodal","parametric",20,0.95,1000,1000,0.950345724473879,0.00122104590561678,0.947932738437677,0.952829129237523,0.935209114768932,0.0011926922708283,0.928334279623042,0.00528978736703746,TRUE,0.950000000555108
"172403d058_t95","2pl","bimodal","parametric",20,0.95,2000,1000,0.950455934623482,0.000872815029315965,0.948777005724136,0.952133514669117,0.935296694799727,0.00082813643041064,0.928397996204359,0.00360134660866706,TRUE,0.950000000555108
"1943c867d2_t50","3pl_beta","normal","irw",40,0.5,100,1000,0.494302260049667,0.0335445041514946,0.421859208035863,0.556559761777107,0.493098156434835,0.0332201622659317,0.491500541281377,0.0329582756161391,TRUE,0.500000000201721
"1943c867d2_t50","3pl_beta","normal","irw",40,0.5,250,1000,0.494882135671959,0.0211186244708488,0.452346681152433,0.537266372163021,0.49368134414976,0.0208956783845499,0.492061364769458,0.0207000000066785,TRUE,0.500000000201721
"1943c867d2_t50","3pl_beta","normal","irw",40,0.5,500,1000,0.495512345095088,0.0152579694588615,0.464782167492491,0.525114645777937,0.494327117160934,0.0151017514154197,0.492726194041095,0.0149652873249101,TRUE,0.500000000201721
"1943c867d2_t50","3pl_beta","normal","irw",40,0.5,1000,1000,0.495782851889857,0.0104230158528041,0.475499557752951,0.517104558462003,0.494590701453966,0.0103113102406529,0.492972162092367,0.0102091891769955,TRUE,0.500000000201721
"1943c867d2_t50","3pl_beta","normal","irw",40,0.5,2000,1000,0.496322137187799,0.00752471631718904,0.481909781013825,0.511294904576845,0.49512428556617,0.00744413818395035,0.493493998602636,0.00736957931182387,TRUE,0.500000000201721
"1943c867d2_t60","3pl_beta","normal","irw",40,0.6,100,1000,0.594887655516165,0.0323497287995468,0.528908952040259,0.653360196237317,0.59275709305297,0.0318478652222612,0.590783584438738,0.0315692787470023,TRUE,0.600000001486222
"1943c867d2_t60","3pl_beta","normal","irw",40,0.6,250,1000,0.597221978040614,0.0199949670840112,0.557696980800888,0.636909448327183,0.595095870583935,0.0196729595477923,0.593110853761241,0.0194920806188112,TRUE,0.600000001486222
"1943c867d2_t60","3pl_beta","normal","irw",40,0.6,500,1000,0.597172626864478,0.0142188418652589,0.570121320198566,0.625148206471311,0.595035746106005,0.0139935536167782,0.593011767618414,0.0138696098206881,TRUE,0.600000001486222
"1943c867d2_t60","3pl_beta","normal","irw",40,0.6,1000,1000,0.597798475467219,0.00997185585058682,0.578528708781047,0.617472684485023,0.595655366777013,0.0098132642728456,0.593623444454155,0.00972611166003666,TRUE,0.600000001486222
"1943c867d2_t60","3pl_beta","normal","irw",40,0.6,2000,1000,0.597968970645978,0.00716608399320154,0.583668531897091,0.611890868877166,0.595817905599638,0.00705215022694002,0.593776253127871,0.00698788489771892,TRUE,0.600000001486222
"1943c867d2_t70","3pl_beta","normal","irw",40,0.7,100,1000,0.694226440657949,0.0364850296525215,0.612590534682012,0.760658561151072,0.659670214669621,0.0354922661761177,0.644508093751384,0.0368715379502799,TRUE,0.700000000086561
"1943c867d2_t70","3pl_beta","normal","irw",40,0.7,250,1000,0.697574690071777,0.0225064039597946,0.650971932980694,0.737229522091119,0.662582942101846,0.0219212609568889,0.647428350558735,0.0228232975332448,TRUE,0.700000000086561
"1943c867d2_t70","3pl_beta","normal","irw",40,0.7,500,1000,0.697479318255698,0.0164647249738051,0.665005694466734,0.73047995471535,0.662395491988621,0.0161210736329791,0.647190249974562,0.0168181618056255,TRUE,0.700000000086561
"1943c867d2_t70","3pl_beta","normal","irw",40,0.7,1000,1000,0.697219714579185,0.0113985419146941,0.674014594946542,0.718639520500638,0.662069203967976,0.011110882287005,0.646829003646037,0.0115643315400985,TRUE,0.700000000086561
"1943c867d2_t70","3pl_beta","normal","irw",40,0.7,2000,1000,0.69736714299397,0.00801318788037439,0.680434148072095,0.713222611477457,0.662206564922501,0.00782782038636376,0.646958896599439,0.00815446296291814,TRUE,0.700000000086561
"1943c867d2_t80","3pl_beta","normal","irw",40,0.8,100,1000,0.79725209635338,0.0208166713961171,0.752691833087247,0.834010553238423,0.789185431678589,0.0197031171334663,0.785515702093596,0.0193607209366735,TRUE,0.800000001777376
"1943c867d2_t80","3pl_beta","normal","irw",40,0.8,250,1000,0.798048073959723,0.012733318675031,0.772286863670714,0.822194439195671,0.790028753587237,0.0120747130446947,0.786386517826036,0.0119198959037847,TRUE,0.800000001777376
"1943c867d2_t80","3pl_beta","normal","irw",40,0.8,500,1000,0.799121105384764,0.00885458633026433,0.781243934311107,0.816401429953825,0.791012964701308,0.00838008050849992,0.787329523978755,0.00826699915073653,TRUE,0.800000001777376
"1943c867d2_t80","3pl_beta","normal","irw",40,0.8,1000,1000,0.79922718165951,0.00635934622061405,0.78684088866852,0.811412871626279,0.791143215510742,0.00601895699350931,0.787451291808784,0.00593183216751236,TRUE,0.800000001777376
"1943c867d2_t80","3pl_beta","normal","irw",40,0.8,2000,1000,0.799400747591756,0.00429237560643508,0.791131323978894,0.807519873287465,0.791310171583321,0.00403686311678661,0.787600579507541,0.00396359146070181,TRUE,0.800000001777376
"1943c867d2_t90","3pl_beta","normal","irw",40,0.9,100,1000,0.897869362889476,0.0106741665190846,0.874089359112149,0.916923724162618,0.873527526558243,0.00723963124319467,0.852299035184788,0.0239474332807353,TRUE,0.900000006438663
"1943c867d2_t90","3pl_beta","normal","irw",40,0.9,250,1000,0.898589825310856,0.00634891772623019,0.886481112321066,0.91058116258593,0.87404006382354,0.00416137396298462,0.851216705352717,0.0216432264792653,TRUE,0.900000006438663
"1943c867d2_t90","3pl_beta","normal","irw",40,0.9,500,1000,0.898854932403255,0.00445829444758342,0.88927559792998,0.906902810465813,0.874331388368669,0.00292861284931592,0.850755409813455,0.0156353239620364,TRUE,0.900000006438663
"1943c867d2_t90","3pl_beta","normal","irw",40,0.9,1000,1000,0.899167622450588,0.00306729408021001,0.892699507512359,0.90493720424344,0.874506422392657,0.0020024106058354,0.850725989140855,0.0120294299102144,TRUE,0.900000006438663
"1943c867d2_t90","3pl_beta","normal","irw",40,0.9,2000,1000,0.899175315164493,0.00229178561848076,0.894756680183834,0.903468178939734,0.874511903695926,0.00147765949766186,0.850959678641604,0.00788416339641875,TRUE,0.900000006438663
"1b91cd0420_t50","3pl_g20","normal","parametric",20,0.5,100,1000,0.495623968915248,0.0330982397363559,0.430078174109937,0.559032108969875,0.490806927998326,0.0321335746373273,0.483916296927586,0.0313500338293288,TRUE,0.500000000725625
"1b91cd0420_t50","3pl_g20","normal","parametric",20,0.5,250,1000,0.496616352839778,0.0209269895139842,0.454896421622214,0.535760674067455,0.491816331088376,0.0203375459231765,0.484894340305757,0.0198795589026437,TRUE,0.500000000725625
"1b91cd0420_t50","3pl_g20","normal","parametric",20,0.5,500,1000,0.497525030322738,0.0150022275102657,0.465057324726277,0.526408601405512,0.492712580361139,0.0145701090774086,0.485747534619711,0.0142123250431231,TRUE,0.500000000725625
"1b91cd0420_t50","3pl_g20","normal","parametric",20,0.5,1000,1000,0.497198173060711,0.0109783288501156,0.47512396653243,0.517584387232979,0.492393753557068,0.0106532716870212,0.485430751862533,0.0103851774071475,TRUE,0.500000000725625
"1b91cd0420_t50","3pl_g20","normal","parametric",20,0.5,2000,1000,0.497451097384894,0.00736977177130298,0.48270303750199,0.511599885842419,0.492642625549565,0.00717043742414203,0.4856606368324,0.00701698878314096,TRUE,0.500000000725625
"1b91cd0420_t60","3pl_g20","normal","parametric",20,0.6,100,1000,0.599028098033269,0.0310061225056313,0.532359404810835,0.655802172777741,0.588180245504735,0.0292721837326623,0.575739871886775,0.0283246721526904,TRUE,0.600000001062679
"1b91cd0420_t60","3pl_g20","normal","parametric",20,0.6,250,1000,0.599732695687795,0.0196321898352175,0.559261693303905,0.635067437407395,0.588935679441274,0.0185427136117642,0.576392801156626,0.0178797760395138,TRUE,0.600000001062679
"1b91cd0420_t60","3pl_g20","normal","parametric",20,0.6,500,1000,0.600445142635258,0.0138196315101225,0.573798680309668,0.627474112700174,0.589601934751905,0.0130818516304464,0.576991597457065,0.0126765386706205,TRUE,0.600000001062679
"1b91cd0420_t60","3pl_g20","normal","parametric",20,0.6,1000,1000,0.599632456833555,0.00978336233900151,0.581091865490653,0.618265579303418,0.58885063318438,0.00923117196066677,0.576197256626013,0.0089396936309978,TRUE,0.600000001062679
"1b91cd0420_t60","3pl_g20","normal","parametric",20,0.6,2000,1000,0.600421624603859,0.00676912945798981,0.587122429681895,0.61378205976512,0.589576413087874,0.00638439052126945,0.576884445546652,0.0061526621308142,TRUE,0.600000001062679
"1b91cd0420_t70","3pl_g20","normal","parametric",20,0.7,100,1000,0.697661016456553,0.0244661290169653,0.647454417257232,0.738433877069756,0.683558353423212,0.0219562861783594,0.669536281275066,0.0204464144090085,TRUE,0.700000001332435
"1b91cd0420_t70","3pl_g20","normal","parametric",20,0.7,250,1000,0.699055938815479,0.015933534359943,0.665796315656287,0.729254621954923,0.68498945825348,0.0142307606573187,0.670960886459234,0.0133022977748329,TRUE,0.700000001332435
"1b91cd0420_t70","3pl_g20","normal","parametric",20,0.7,500,1000,0.700462504088546,0.0113036639610132,0.676980260670768,0.721301045989636,0.686233404232363,0.0100609627617473,0.672006724002191,0.00934557809060724,TRUE,0.700000001332435
"1b91cd0420_t70","3pl_g20","normal","parametric",20,0.7,1000,1000,0.70032909089673,0.00793112357125117,0.685459213267299,0.715328557286751,0.686158643014269,0.0070990288158226,0.671975675468179,0.00677721966310524,TRUE,0.700000001332435
"1b91cd0420_t70","3pl_g20","normal","parametric",20,0.7,2000,1000,0.699948614693471,0.00559244929390575,0.688155956284071,0.710324371418322,0.685826467659037,0.00499810855959403,0.671703280104998,0.00469157674597932,TRUE,0.700000001332435
"1b91cd0420_t80","3pl_g20","normal","parametric",20,0.8,100,1000,0.798472785100208,0.0193149742039981,0.759714953533296,0.831297215197086,0.782766814727012,0.0162816809670673,0.765091936335215,0.0247155553012403,TRUE,0.800000000856806
"1b91cd0420_t80","3pl_g20","normal","parametric",20,0.8,250,1000,0.799892769669338,0.0111580720739643,0.776184895100172,0.821316483606418,0.784292395770117,0.00936004150567769,0.763615751969647,0.0241185296631672,TRUE,0.800000000856806
"1b91cd0420_t80","3pl_g20","normal","parametric",20,0.8,500,1000,0.800191385574276,0.00813770930238274,0.782652733473528,0.81431579802133,0.784536572037725,0.00676903795911688,0.763455637091655,0.0199941802057651,TRUE,0.800000000856806
"1b91cd0420_t80","3pl_g20","normal","parametric",20,0.8,1000,1000,0.800387223201214,0.00584380852040097,0.788175302389051,0.811304895394135,0.784715359404656,0.00486886848886232,0.763387041804766,0.0166145313711041,TRUE,0.800000000856806
"1b91cd0420_t80","3pl_g20","normal","parametric",20,0.8,2000,1000,0.800617949769417,0.00425568635234213,0.792013903179063,0.808824159180729,0.784885888621013,0.0035016416859276,0.762625458052919,0.0114879402586021,TRUE,0.800000000856806
"1b91cd0420_t90","3pl_g20","normal","parametric",20,0.9,100,1000,0.898521043310289,0.0108236952758032,0.873950066273663,0.917448145151838,0.854308928217207,0.00794612968014761,0.621099159963503,0.243610380700855,TRUE,0.900000000711786
"1b91cd0420_t90","3pl_g20","normal","parametric",20,0.9,250,1000,0.899514057263093,0.00613987213694313,0.887662422119765,0.911041141889062,0.855180397634901,0.00446256362182546,0.542615965836425,0.242365259344504,TRUE,0.900000000711786
"1b91cd0420_t90","3pl_g20","normal","parametric",20,0.9,500,1000,0.899961497800712,0.00444463971334061,0.89079195092265,0.908291852176404,0.855535065182607,0.00308068513290569,0.464982422098848,0.229565924134965,TRUE,0.900000000711786
"1b91cd0420_t90","3pl_g20","normal","parametric",20,0.9,1000,1000,0.900153282046722,0.00314184855937896,0.894103813098367,0.905933243868774,0.85559131109997,0.0022024522969531,0.418530791007931,0.203400048173321,TRUE,0.900000000711786
"1b91cd0420_t90","3pl_g20","normal","parametric",20,0.9,2000,1000,0.900250205172727,0.00213399635411793,0.896019206280806,0.904402341282658,0.855620151513861,0.0015865706441939,0.347777084624366,0.178506092523305,TRUE,0.900000000711786
"1b91cd0420_t95","3pl_g20","normal","parametric",20,0.95,100,1000,0.949453179290553,0.00570334174667536,0.937168371546062,0.959393688765634,0.923210987341809,0.00675904315886558,0.829544494503414,0.19906492486053,TRUE,0.950000000412945
"1b91cd0420_t95","3pl_g20","normal","parametric",20,0.95,250,1000,0.949588347823768,0.00360047720555391,0.942114659300851,0.956017654188459,0.923864807463791,0.00408834958536788,0.783329234691979,0.233259529782198,TRUE,0.950000000412945
"1b91cd0420_t95","3pl_g20","normal","parametric",20,0.95,500,1000,0.949889572699398,0.00243580754093373,0.944700397232283,0.954270856946714,0.923959568120027,0.00299338191644946,0.718905628402992,0.277489884097323,TRUE,0.950000000412945
"1b91cd0420_t95","3pl_g20","normal","parametric",20,0.95,1000,1000,0.94993874131398,0.00172495281607202,0.946389487969135,0.953160057658953,0.923994001070026,0.00220409847166238,0.637913993362114,0.306299934323659,TRUE,0.950000000412945
"1b91cd0420_t95","3pl_g20","normal","parametric",20,0.95,2000,1000,0.950084219080366,0.00121768560685113,0.947727560792883,0.952406347327092,0.923937986222295,0.00143681297571811,0.527550009155123,0.322603108927345,TRUE,0.950000000412945
"1fc52b1d1d_t50","rasch","heavy_tail","parametric",10,0.5,100,1000,0.495518821226981,0.0559912215409842,0.393095187831842,0.620526183585438,0.492609170135236,0.0543040583070465,0.481608651336415,0.0454768550609264,FALSE,0.500000000553579
"1fc52b1d1d_t50","rasch","heavy_tail","parametric",10,0.5,250,1000,0.497095045391015,0.0367666266325435,0.431993476981466,0.57518829438265,0.494329790997284,0.0357565696648187,0.481930226986568,0.0355332484606522,FALSE,0.500000000553579
"1fc52b1d1d_t50","rasch","heavy_tail","parametric",10,0.5,500,1000,0.500319024187374,0.026824625149034,0.453202181400821,0.554732113252733,0.497555118652132,0.0261657520992754,0.480880550913427,0.0420589989498512,FALSE,0.500000000553579
"1fc52b1d1d_t50","rasch","heavy_tail","parametric",10,0.5,1000,1000,0.499985549091773,0.0192728197213577,0.464068157027115,0.542232895662723,0.497249382641071,0.0187737042193965,0.481521657685719,0.0296630179826744,FALSE,0.500000000553579
"1fc52b1d1d_t50","rasch","heavy_tail","parametric",10,0.5,2000,1000,0.500689880455179,0.0142162092705698,0.475055172355393,0.532262271766065,0.497962306726437,0.0138901093068584,0.472292185468335,0.0652933146943864,FALSE,0.500000000553579
"1fc52b1d1d_t60","rasch","heavy_tail","parametric",10,0.6,100,1000,0.594715728391092,0.0511245132229313,0.501022750711912,0.703125390725063,0.589027141204245,0.0484295265728138,0.568815161052718,0.0469485759117869,FALSE,0.600000000614187
"1fc52b1d1d_t60","rasch","heavy_tail","parametric",10,0.6,250,1000,0.5984910155814,0.0352899801291337,0.533970718875526,0.671583486842781,0.592910311975593,0.0336529011307778,0.565896114304455,0.0590193576691364,FALSE,0.600000000614187
"1fc52b1d1d_t60","rasch","heavy_tail","parametric",10,0.6,500,1000,0.600402346710453,0.024767391243085,0.55280851519356,0.650299486752971,0.594823198939069,0.023676306242622,0.56231920055374,0.0664013173064179,FALSE,0.600000000614187
"1fc52b1d1d_t60","rasch","heavy_tail","parametric",10,0.6,1000,1000,0.601263474803054,0.0178913386794709,0.56909628225323,0.637193192029791,0.595672505161613,0.0170790080623118,0.558757832675928,0.0680406449217626,FALSE,0.600000000614187
"1fc52b1d1d_t60","rasch","heavy_tail","parametric",10,0.6,2000,1000,0.602796952762929,0.0144869298504089,0.577603622954511,0.630688563348645,0.597199228264745,0.0139273949480147,0.541077918069826,0.103137598483958,FALSE,0.600000000614187
"1fc52b1d1d_t70","rasch","heavy_tail","parametric",10,0.7,100,1000,0.695658999500881,0.0447349081879423,0.608322932952671,0.783998054792825,0.687490785200273,0.0412921628564244,0.646281290681124,0.0881348564063659,FALSE,0.700000001296719
"1fc52b1d1d_t70","rasch","heavy_tail","parametric",10,0.7,250,1000,0.70019572892247,0.0305650414846399,0.64211842377008,0.763300652787344,0.692117015621611,0.0284564190634085,0.628369916359672,0.126170212807065,FALSE,0.700000001296719
"1fc52b1d1d_t70","rasch","heavy_tail","parametric",10,0.7,500,1000,0.70308694464936,0.0222896841436866,0.663523918047521,0.749389832908102,0.694922539856399,0.0208034113734361,0.617532731005784,0.134930157104873,FALSE,0.700000001296719
"1fc52b1d1d_t70","rasch","heavy_tail","parametric",10,0.7,1000,1000,0.702968237976656,0.0159933795785031,0.674211170809727,0.735495054557076,0.694864946089142,0.0149448973940157,0.592320473132455,0.155431959265438,FALSE,0.700000001296719
"1fc52b1d1d_t70","rasch","heavy_tail","parametric",10,0.7,2000,1000,0.703371991476202,0.0115879351025492,0.68138611383734,0.727303083106408,0.695288206864817,0.010855371529033,0.551421805008264,0.18979228487745,FALSE,0.700000001296719
"1fc52b1d1d_t80","rasch","heavy_tail","parametric",10,0.8,100,1000,0.79741252630777,0.0329777830826445,0.733681155865964,0.858723104103373,0.777485938240244,0.0277163981372211,0.667707110857492,0.164654073031783,FALSE,0.800000002367714
"1fc52b1d1d_t80","rasch","heavy_tail","parametric",10,0.8,250,1000,0.801828245281454,0.0235763491388264,0.756920123087352,0.849359425597973,0.781946465872427,0.0201939144034782,0.598454920391769,0.220778220973729,FALSE,0.800000002367714
"1fc52b1d1d_t80","rasch","heavy_tail","parametric",10,0.8,500,1000,0.80224795731254,0.0174198566679675,0.771331222179375,0.840634186963981,0.782541543502557,0.0152274203610347,0.564543350696735,0.226295138255485,FALSE,0.800000002367714
"1fc52b1d1d_t80","rasch","heavy_tail","parametric",10,0.8,1000,1000,0.802882351476816,0.0120615872799264,0.780808061929027,0.826561489017213,0.783087436957598,0.0105024596331073,0.502240199123269,0.242570976214873,FALSE,0.800000002367714
"1fc52b1d1d_t80","rasch","heavy_tail","parametric",10,0.8,2000,1000,0.803842875255066,0.00883207728139443,0.78798288096771,0.82221777634438,0.784030303795017,0.00777569586718532,0.396299939087339,0.256518730071533,FALSE,0.800000002367714
"1fc52b1d1d_t90","rasch","heavy_tail","parametric",10,0.9,100,1000,0.895853675512907,0.0185114509636604,0.857221792863098,0.93125363559183,0.860766286460162,0.0122525909263601,0.486392929250839,0.311418509584545,FALSE,0.900000000513446
"1fc52b1d1d_t90","rasch","heavy_tail","parametric",10,0.9,250,1000,0.898857832426485,0.0120573339457892,0.876168829052034,0.923097656734387,0.863761922051886,0.00889407783819605,0.288369494279261,0.277029143588906,FALSE,0.900000000513446
"1fc52b1d1d_t90","rasch","heavy_tail","parametric",10,0.9,500,1000,0.89969269348249,0.00895921547762516,0.882530962157439,0.917089412108648,0.864642913065923,0.00673899208053415,0.166966969026405,0.223931783452906,FALSE,0.900000000513446
"1fc52b1d1d_t90","rasch","heavy_tail","parametric",10,0.9,1000,1000,0.900446498988954,0.00666982196080863,0.888036592846105,0.914133292519326,0.865235830370709,0.00514078798011396,0.0686531418097761,0.12903775592125,FALSE,0.900000000513446
"1fc52b1d1d_t90","rasch","heavy_tail","parametric",10,0.9,2000,1000,0.900897948075043,0.00494102598369997,0.892228451547304,0.911019801140136,0.865745997160644,0.00407811591184958,0.0208471611110656,0.0541562444108683,FALSE,0.900000000513446
"1fc52b1d1d_t95","rasch","heavy_tail","parametric",10,0.95,100,1000,0.948073642593382,0.0107028400973744,0.925091978720857,0.968438050474318,0.90908528751014,0.0112450836962581,0.163986708162908,0.279335597230333,FALSE,0.950000000151118
"1fc52b1d1d_t95","rasch","heavy_tail","parametric",10,0.95,250,1000,0.950224905234895,0.00690431429756706,0.936828948362412,0.963889235401928,0.910236918525439,0.00737802843262978,0.0231143318949288,0.0985259687708008,FALSE,0.950000000151118
"1fc52b1d1d_t95","rasch","heavy_tail","parametric",10,0.95,500,1000,0.950073274280881,0.00487248574396677,0.940401929660988,0.959358880089334,0.910715784436432,0.00542302954478989,0.00197312661234883,0.0110339112782154,FALSE,0.950000000151118
"1fc52b1d1d_t95","rasch","heavy_tail","parametric",10,0.95,1000,1000,0.950571575382096,0.00364525165861398,0.944007024299158,0.958255610104147,0.911355956343258,0.00382241537750643,8.19273356186146e-05,0.000713527611724937,FALSE,0.950000000151118
"1fc52b1d1d_t95","rasch","heavy_tail","parametric",10,0.95,2000,1000,0.950591823703008,0.00257981053951909,0.945704467824958,0.955995614464714,0.911331630311145,0.00281064411949962,1.27700098802936e-06,1.2389577315361e-05,FALSE,0.950000000151118
"1ff08ae892_t50","rasch","bimodal","parametric",20,0.5,100,1000,0.500566994195724,0.0262898546390936,0.447206442121071,0.549971829752906,0.500264160318663,0.0262199786271583,0.499939749437581,0.0261764254983022,TRUE,0.500000000542209
"1ff08ae892_t50","rasch","bimodal","parametric",20,0.5,250,1000,0.501717912366081,0.0164813039585248,0.469473240149092,0.533611356141099,0.501415607663113,0.0164375347052494,0.501089803937396,0.0164104142230373,TRUE,0.500000000542209
"1ff08ae892_t50","rasch","bimodal","parametric",20,0.5,500,1000,0.501938730968469,0.0118163434325186,0.47789289757529,0.525503780837782,0.501635165698416,0.0117842299105832,0.50130663179391,0.0117640063293471,TRUE,0.500000000542209
"1ff08ae892_t50","rasch","bimodal","parametric",20,0.5,1000,1000,0.501853470803136,0.00813456257665365,0.485650740616599,0.517836766500009,0.501551911304334,0.00811291257030287,0.501224962392778,0.00809945605605382,TRUE,0.500000000542209
"1ff08ae892_t50","rasch","bimodal","parametric",20,0.5,2000,1000,0.50210758125634,0.00560124567290881,0.491162805596656,0.512681393371062,0.501804921255194,0.00558594842258205,0.501476650812935,0.00557622591994664,TRUE,0.500000000542209
"1ff08ae892_t60","rasch","bimodal","parametric",20,0.6,100,1000,0.598231476921051,0.0254437797775224,0.548300274535233,0.646589600687593,0.597505031819224,0.0252972167517077,0.596958941765386,0.0252382377409296,TRUE,0.600000001591573
"1ff08ae892_t60","rasch","bimodal","parametric",20,0.6,250,1000,0.599046660161675,0.0152458693123568,0.56819978861747,0.626907437871781,0.598319182266621,0.0151578813921808,0.597766935129517,0.0151220862094475,TRUE,0.600000001591573
"1ff08ae892_t60","rasch","bimodal","parametric",20,0.6,500,1000,0.599613359207695,0.0111337135592603,0.577559074748091,0.620456128272707,0.598883333673771,0.0110706697731541,0.598328383216099,0.0110462516156694,TRUE,0.600000001591573
"1ff08ae892_t60","rasch","bimodal","parametric",20,0.6,1000,1000,0.599704761791777,0.00765875620341706,0.583890614707478,0.614274510329636,0.598974095738191,0.00761546046275747,0.598417636203603,0.00759950194315434,TRUE,0.600000001591573
"1ff08ae892_t60","rasch","bimodal","parametric",20,0.6,2000,1000,0.599155831429538,0.0052326769805404,0.589465642801862,0.608914856066626,0.598426813326945,0.0052015776230882,0.597869464616148,0.00518885345154797,TRUE,0.600000001591573
"1ff08ae892_t70","rasch","bimodal","parametric",20,0.7,100,1000,0.698163337913471,0.0212941215643866,0.655739855016158,0.737391960744802,0.696408373054742,0.020999399335621,0.69548951652221,0.0209234877044414,TRUE,0.700000001611504
"1ff08ae892_t70","rasch","bimodal","parametric",20,0.7,250,1000,0.699018343307161,0.0132871781492457,0.672597859729931,0.724477972284839,0.697253902015454,0.0131119279966959,0.696322442434345,0.0130701460649638,TRUE,0.700000001611504
"1ff08ae892_t70","rasch","bimodal","parametric",20,0.7,500,1000,0.699727190397381,0.00945783571974891,0.680848564892432,0.71797649614363,0.697961550283273,0.00932413463049875,0.697030922553663,0.0092904946740274,TRUE,0.700000001611504
"1ff08ae892_t70","rasch","bimodal","parametric",20,0.7,1000,1000,0.699482652993018,0.006740841078403,0.685565024486726,0.711940068371239,0.697716033934741,0.0066476303502946,0.69678299108503,0.00662378391034952,TRUE,0.700000001611504
"1ff08ae892_t70","rasch","bimodal","parametric",20,0.7,2000,1000,0.699479086530756,0.00474279283172731,0.690552198825007,0.709434576685145,0.697714476312507,0.00467426445764851,0.696782389219365,0.00465627558489658,TRUE,0.700000001611504
"1ff08ae892_t80","rasch","bimodal","parametric",20,0.8,100,1000,0.799955299441593,0.0155118301942021,0.767410939676149,0.827269741313788,0.796341262344227,0.0150123519597862,0.795101509940613,0.0149361285524433,TRUE,0.800000002653643
"1ff08ae892_t80","rasch","bimodal","parametric",20,0.8,250,1000,0.800420629452476,0.00952221459395532,0.781163662214406,0.816770713338961,0.79677213402898,0.00919476076068682,0.795497045784075,0.00913373249555743,TRUE,0.800000002653643
"1ff08ae892_t80","rasch","bimodal","parametric",20,0.8,500,1000,0.801066221555382,0.00661803107842835,0.788193633585279,0.813846595829914,0.797416664108344,0.00639875034440604,0.7961495161243,0.00636490113828183,TRUE,0.800000002653643
"1ff08ae892_t80","rasch","bimodal","parametric",20,0.8,1000,1000,0.801269785091398,0.00440184030742636,0.791659468538746,0.809427606017063,0.797612224965389,0.0042595010488841,0.796340993024891,0.00424182887820122,TRUE,0.800000002653643
"1ff08ae892_t80","rasch","bimodal","parametric",20,0.8,2000,1000,0.801203844637802,0.00313189628185493,0.795228559971434,0.807352526914923,0.797556617013968,0.00302699774996385,0.796287738549302,0.00301029985891637,TRUE,0.800000002653643
"1ff08ae892_t90","rasch","bimodal","parametric",20,0.9,100,1000,0.899471196885305,0.00823572384035628,0.88286383571555,0.914046712666567,0.894330443061689,0.00745488756221136,0.892935385368506,0.00746487943181531,TRUE,0.900000001364434
"1ff08ae892_t90","rasch","bimodal","parametric",20,0.9,250,1000,0.900432699923165,0.00516700344269881,0.88980119872485,0.909301706186295,0.895217356392138,0.00465988979299173,0.89375028343277,0.00467370991751798,TRUE,0.900000001364434
"1ff08ae892_t90","rasch","bimodal","parametric",20,0.9,500,1000,0.900682563678974,0.00355040566229028,0.893451376877591,0.90701334431738,0.89540800268585,0.00316137239319986,0.893942925075885,0.0031390982316203,TRUE,0.900000001364434
"1ff08ae892_t90","rasch","bimodal","parametric",20,0.9,1000,1000,0.900775423482058,0.00248008155559246,0.895773632325259,0.905395296908,0.895503229167118,0.00220884819848418,0.894011739698516,0.00220135081492338,TRUE,0.900000001364434
"1ff08ae892_t90","rasch","bimodal","parametric",20,0.9,2000,1000,0.900728089699695,0.0017292814751228,0.897350535233554,0.903873691130934,0.895451977797499,0.00154390053285892,0.893967094236795,0.00153534724365245,TRUE,0.900000001364434
"1ff08ae892_t95","rasch","bimodal","parametric",20,0.95,100,1000,0.949530869875474,0.00388415942807834,0.940744775398622,0.956065208382078,0.935679048961461,0.00317292010608266,0.928595028614585,0.0162123091043217,TRUE,0.950000000328536
"1ff08ae892_t95","rasch","bimodal","parametric",20,0.95,250,1000,0.949790323886413,0.00233753185374765,0.94515013377329,0.95404434355936,0.93586773163337,0.00190625883705805,0.929016206962573,0.00869292115715574,TRUE,0.950000000328536
"1ff08ae892_t95","rasch","bimodal","parametric",20,0.95,500,1000,0.949839713093255,0.00166191305009073,0.946663009586147,0.953037600345972,0.935830169500633,0.00129066430130283,0.928363220010588,0.00725264414205851,TRUE,0.950000000328536
"1ff08ae892_t95","rasch","bimodal","parametric",20,0.95,1000,1000,0.949925166008049,0.00118418839024961,0.94753060778268,0.952079427815621,0.935835392911001,0.000988176886775302,0.927987978929136,0.00718719289336188,TRUE,0.950000000328536
"1ff08ae892_t95","rasch","bimodal","parametric",20,0.95,2000,1000,0.949950085224983,0.000790500551955968,0.948336253747107,0.95151317285521,0.935882409870465,0.00067226321757832,0.928314077653277,0.00404382540288608,TRUE,0.950000000328536
"20cb785fe3_t50","3pl_beta","skew_pos","irw",20,0.5,100,1000,0.494884231574705,0.0448083518848923,0.402882085587491,0.583520122700368,0.492536948361059,0.0437285798305285,0.488403503341024,0.0418964666522764,TRUE,0.500000001011935
"20cb785fe3_t50","3pl_beta","skew_pos","irw",20,0.5,250,1000,0.498308617364295,0.0273826944940544,0.44497037150459,0.552108293193807,0.496007623771235,0.02671319601408,0.491842026368239,0.0254619647124287,TRUE,0.500000001011935
"20cb785fe3_t50","3pl_beta","skew_pos","irw",20,0.5,500,1000,0.497302005952247,0.0194296425041263,0.46000647783854,0.536741801958533,0.495045626730352,0.0189658230199873,0.490897834203588,0.018066530595073,TRUE,0.500000001011935
"20cb785fe3_t50","3pl_beta","skew_pos","irw",20,0.5,1000,1000,0.498193125973326,0.0141118946945529,0.47146964565625,0.52542260755433,0.495930899489167,0.0137729015117818,0.491750876804763,0.0131217985207434,TRUE,0.500000001011935
"20cb785fe3_t50","3pl_beta","skew_pos","irw",20,0.5,2000,1000,0.498342238870082,0.00959595264152177,0.479456185899325,0.517441667259244,0.496086656702267,0.00936219647725847,0.491923806719972,0.00892019560300231,TRUE,0.500000001011935
"20cb785fe3_t60","3pl_beta","skew_pos","irw",20,0.6,100,1000,0.59345432290184,0.0418779188719039,0.51207508943189,0.676231484162471,0.587558270882967,0.040097128170635,0.580585568265913,0.0381094452152938,TRUE,0.600000001732009
"20cb785fe3_t60","3pl_beta","skew_pos","irw",20,0.6,250,1000,0.597643355630495,0.0263285995140332,0.544017916521627,0.648373565708027,0.591695809883372,0.0252146635063879,0.584522074766918,0.0238955868345791,TRUE,0.600000001732009
"20cb785fe3_t60","3pl_beta","skew_pos","irw",20,0.6,500,1000,0.598850671415336,0.0188462038582431,0.562094014872408,0.634121003333302,0.592883498458365,0.018049807226076,0.585624640593105,0.0171618784663844,TRUE,0.600000001732009
"20cb785fe3_t60","3pl_beta","skew_pos","irw",20,0.6,1000,1000,0.599565759686659,0.0136296084218715,0.573202311354061,0.624885812864845,0.593598747786575,0.0130467564387428,0.58631038084341,0.0123517499002337,TRUE,0.600000001732009
"20cb785fe3_t60","3pl_beta","skew_pos","irw",20,0.6,2000,1000,0.59983491235329,0.0090890320100218,0.58136210576357,0.617614192373001,0.593857421648319,0.00870004365037713,0.586527600418375,0.00822198469471304,TRUE,0.600000001732009
"20cb785fe3_t70","3pl_beta","skew_pos","irw",20,0.7,100,1000,0.696237226788693,0.0374461498697931,0.621845427884606,0.764856842242825,0.688060999627309,0.0351709336583309,0.680626109703968,0.0326519269199013,TRUE,0.700000001736904
"20cb785fe3_t70","3pl_beta","skew_pos","irw",20,0.7,250,1000,0.699004987609544,0.0227637282195539,0.653708906936116,0.742471002969414,0.690845646997239,0.0213614805012632,0.683051178942399,0.0196799959511473,TRUE,0.700000001736904
"20cb785fe3_t70","3pl_beta","skew_pos","irw",20,0.7,500,1000,0.699738415611505,0.0163260027874477,0.667347063784373,0.729975856471907,0.691551226346178,0.0153055381224558,0.683804881219462,0.0141885515486339,TRUE,0.700000001736904
"20cb785fe3_t70","3pl_beta","skew_pos","irw",20,0.7,1000,1000,0.700323640061207,0.0110738277559395,0.67888105313668,0.721073087655226,0.692150941746202,0.0103909719695627,0.684381706164905,0.00958911503109968,TRUE,0.700000001736904
"20cb785fe3_t70","3pl_beta","skew_pos","irw",20,0.7,2000,1000,0.70082827970075,0.00775374041204871,0.686221552141583,0.715278781528969,0.692631400088511,0.00727492430628981,0.684718933824597,0.00676179977646659,TRUE,0.700000001736904
"20cb785fe3_t80","3pl_beta","skew_pos","irw",20,0.8,100,1000,0.797358086901595,0.0269196361220849,0.742600772350957,0.847062846998141,0.775386860366345,0.0234702294088436,0.752648419710244,0.0274020536034476,TRUE,0.800000001870111
"20cb785fe3_t80","3pl_beta","skew_pos","irw",20,0.8,250,1000,0.80041499240413,0.0160231318441275,0.770150176029776,0.830761326753045,0.778322366941484,0.0138856137468099,0.754037935828407,0.0185284279126251,TRUE,0.800000001870111
"20cb785fe3_t80","3pl_beta","skew_pos","irw",20,0.8,500,1000,0.800030756860165,0.0115253088196112,0.777117525239625,0.822685844871887,0.778058559844516,0.0100298089001515,0.754267000808156,0.0124858138902302,TRUE,0.800000001870111
"20cb785fe3_t80","3pl_beta","skew_pos","irw",20,0.8,1000,1000,0.801028849759625,0.00844502862345581,0.784238919670334,0.816714232197313,0.778949668658076,0.00733142870854791,0.754346460668372,0.0100800921262563,TRUE,0.800000001870111
"20cb785fe3_t80","3pl_beta","skew_pos","irw",20,0.8,2000,1000,0.800951525656377,0.00567667206157361,0.789964691934171,0.812314811057719,0.77891049803938,0.00491731978720993,0.754172928019714,0.00837591725833674,TRUE,0.800000001870111
"20cb785fe3_t90","3pl_beta","skew_pos","irw",20,0.9,100,1000,0.898786129828621,0.0143022849303858,0.869325164028753,0.924477675906566,0.825069387141322,0.0121393803529402,0.666769065450059,0.130864800378095,TRUE,0.9000000002602
"20cb785fe3_t90","3pl_beta","skew_pos","irw",20,0.9,250,1000,0.901726431021446,0.00901210967118097,0.883673438163298,0.91889372347076,0.827157663528323,0.00759420609222581,0.624388199153827,0.135548883948212,TRUE,0.9000000002602
"20cb785fe3_t90","3pl_beta","skew_pos","irw",20,0.9,500,1000,0.90179966027922,0.0060962400082542,0.890326995893893,0.913635032651012,0.827641772929713,0.00507481654816418,0.613676719148999,0.125261572680409,TRUE,0.9000000002602
"20cb785fe3_t90","3pl_beta","skew_pos","irw",20,0.9,1000,1000,0.902256193378049,0.00441459479825845,0.89378259110918,0.910543682440427,0.827899933080903,0.00370011486951059,0.588228841659311,0.121549998941503,TRUE,0.9000000002602
"20cb785fe3_t90","3pl_beta","skew_pos","irw",20,0.9,2000,1000,0.902443516949917,0.00308254539984294,0.896451678853641,0.908484564944323,0.828164061975342,0.00264120273682272,0.572137687203812,0.11487384338057,TRUE,0.9000000002602
"20cb785fe3_t95","3pl_beta","skew_pos","irw",20,0.95,100,1000,0.949189814500123,0.00764633623080166,0.933614877115598,0.962582296535376,0.827338562560469,0.0162903169389985,0.300875047329651,0.204809115220213,TRUE,0.950000004440842
"20cb785fe3_t95","3pl_beta","skew_pos","irw",20,0.95,250,1000,0.949244861058982,0.00485651148398991,0.939003367157148,0.958667615463062,0.829360150167135,0.0102189624326132,0.222314349765857,0.172555800967798,TRUE,0.950000004440842
"20cb785fe3_t95","3pl_beta","skew_pos","irw",20,0.95,500,1000,0.949575963235585,0.00336335196664821,0.942810871140477,0.956186433733888,0.830313371988322,0.00765388178537367,0.143991098357072,0.138643697126428,TRUE,0.950000004440842
"20cb785fe3_t95","3pl_beta","skew_pos","irw",20,0.95,1000,1000,0.949775214229444,0.00238653612509991,0.945274607972377,0.954340213296856,0.830062515576102,0.00531740796247895,0.0905460676954304,0.104584707930268,TRUE,0.950000004440842
"20cb785fe3_t95","3pl_beta","skew_pos","irw",20,0.95,2000,1000,0.949962401838424,0.00164407297796877,0.946584043941287,0.953186609031579,0.829897839243556,0.00385150087242089,0.0503060594962767,0.0639804150420721,TRUE,0.950000004440842
"246dc3282c_t50","2pl","normal","irw",20,0.5,100,1000,0.496756956680966,0.0341516339020418,0.426584491060106,0.563234391298463,0.495838904544245,0.0338763990726932,0.494721555952525,0.0336631928432917,TRUE,0.500000000071498
"246dc3282c_t50","2pl","normal","irw",20,0.5,250,1000,0.498384677388597,0.0215099728023443,0.455405006459025,0.53914725856616,0.497467750886535,0.0213358871178265,0.496335703978244,0.0211987148900745,TRUE,0.500000000071498
"246dc3282c_t50","2pl","normal","irw",20,0.5,500,1000,0.499830425550209,0.0149000553371501,0.472143507807812,0.528055729596083,0.49890669451936,0.0147790166282328,0.497765751374388,0.0146854816482083,TRUE,0.500000000071498
"246dc3282c_t50","2pl","normal","irw",20,0.5,1000,1000,0.499508799517193,0.0106219465815305,0.478511118448966,0.521126394680363,0.49858971611273,0.0105328616574238,0.497448613869656,0.0104601360876399,TRUE,0.500000000071498
"246dc3282c_t50","2pl","normal","irw",20,0.5,2000,1000,0.499289496055701,0.00745145731098235,0.484549438601033,0.513160161591049,0.49837414776663,0.00739029626961008,0.497233891449036,0.00734202906682058,TRUE,0.500000000071498
"246dc3282c_t60","2pl","normal","irw",20,0.6,100,1000,0.590419414092517,0.0320666040412535,0.524166109663038,0.652412242215427,0.58683562063974,0.0315149597411057,0.583794339473331,0.0313864972342922,TRUE,0.600000001724502
"246dc3282c_t60","2pl","normal","irw",20,0.6,250,1000,0.592419922743676,0.0200652112250357,0.551106076758,0.630538045150964,0.588785953848128,0.0197206257940355,0.585684255796644,0.0196433280235271,TRUE,0.600000001724502
"246dc3282c_t60","2pl","normal","irw",20,0.6,500,1000,0.593486020008754,0.0146390847833155,0.564817036053377,0.621490099563241,0.589828340547619,0.0143841286603777,0.586703769299633,0.0143273999839255,TRUE,0.600000001724502
"246dc3282c_t60","2pl","normal","irw",20,0.6,1000,1000,0.593240840763503,0.0105304164803497,0.572918253880075,0.612999767285505,0.589603983276613,0.0103366904960354,0.586490114239249,0.010280239458694,TRUE,0.600000001724502
"246dc3282c_t60","2pl","normal","irw",20,0.6,2000,1000,0.59369880146433,0.0073958732213417,0.579247604441263,0.607919249814465,0.590050178008077,0.00726933062987199,0.586927501871358,0.00724224641034014,TRUE,0.600000001724502
"246dc3282c_t70","2pl","normal","irw",20,0.7,100,1000,0.695095011845632,0.0265926344785773,0.640612109112401,0.744218615135683,0.690251744321481,0.0255508475811986,0.686938275771148,0.0250845481234793,TRUE,0.700000003032068
"246dc3282c_t70","2pl","normal","irw",20,0.7,250,1000,0.697147410529714,0.01680714214866,0.663440924886368,0.72660564059067,0.692222436284241,0.0161322298668986,0.688814518504286,0.0158232220499208,TRUE,0.700000003032068
"246dc3282c_t70","2pl","normal","irw",20,0.7,500,1000,0.698245394657673,0.0122646528082798,0.67283138343072,0.72075353110049,0.693284413116209,0.0117597615068527,0.689854918724652,0.0115320260547762,TRUE,0.700000003032068
"246dc3282c_t70","2pl","normal","irw",20,0.7,1000,1000,0.698476027833048,0.00808680471373427,0.682073288956136,0.714485185057726,0.693518832496958,0.00773693161235524,0.690073624471521,0.00755741610380066,TRUE,0.700000003032068
"246dc3282c_t70","2pl","normal","irw",20,0.7,2000,1000,0.698551111980988,0.00589286438215068,0.686226351785155,0.710207990810634,0.693596976325963,0.00564503633128939,0.690150640653447,0.00553214345254842,TRUE,0.700000003032068
"246dc3282c_t80","2pl","normal","irw",20,0.8,100,1000,0.797519292523363,0.0191992001626433,0.758153068168605,0.831471392004621,0.792742469486267,0.0181332045363633,0.790253456480605,0.0177062611619726,TRUE,0.800000002534315
"246dc3282c_t80","2pl","normal","irw",20,0.8,250,1000,0.798868984347159,0.0127821904906334,0.772114460069786,0.822207408631994,0.794027495529772,0.0120178974137951,0.791463454062755,0.0116933117351348,TRUE,0.800000002534315
"246dc3282c_t80","2pl","normal","irw",20,0.8,500,1000,0.79929385433682,0.00880920136297922,0.781374334643779,0.815894021149299,0.79446532372607,0.00831603105682162,0.791917686221946,0.00813574969143822,TRUE,0.800000002534315
"246dc3282c_t80","2pl","normal","irw",20,0.8,1000,1000,0.799396107320182,0.00624039579028729,0.786953969079228,0.810610673557865,0.794544479442938,0.00585021688669236,0.791935281933151,0.00568265571434386,TRUE,0.800000002534315
"246dc3282c_t80","2pl","normal","irw",20,0.8,2000,1000,0.79968865202316,0.00441019507593237,0.790218858046407,0.808087815645299,0.794827117189685,0.00414049813094364,0.792213857965242,0.0040289587317716,TRUE,0.800000002534315
"246dc3282c_t90","2pl","normal","irw",20,0.9,100,1000,0.898295619456459,0.0103910698790509,0.875083858851464,0.916586785278839,0.877461769254268,0.00716931832579935,0.86575062642915,0.00930266287628969,TRUE,0.900000001062964
"246dc3282c_t90","2pl","normal","irw",20,0.9,250,1000,0.899402312205574,0.00643736593250029,0.886029297015831,0.911279632738333,0.878451864461694,0.00425842115779072,0.866715917286579,0.00575733727282192,TRUE,0.900000001062964
"246dc3282c_t90","2pl","normal","irw",20,0.9,500,1000,0.899951234201214,0.00443760462393056,0.891012152223463,0.908087492018429,0.878814415840316,0.00290924596591656,0.86629565921288,0.00443570082212845,TRUE,0.900000001062964
"246dc3282c_t90","2pl","normal","irw",20,0.9,1000,1000,0.899982367481946,0.00316951415890087,0.893530928961554,0.905634364579576,0.878871901671992,0.00211074529446991,0.866455673275884,0.00300137575549833,TRUE,0.900000001062964
"246dc3282c_t90","2pl","normal","irw",20,0.9,2000,1000,0.900128820874356,0.0022869418017673,0.895418655245941,0.904467909017347,0.879004138246999,0.00147818428860326,0.866712551748115,0.00218937315288756,TRUE,0.900000001062964
"246dc3282c_t95","2pl","normal","irw",20,0.95,100,1000,0.94911184964738,0.00652089143656906,0.934888827111352,0.960025964801963,0.932722913916619,0.00714792382282833,0.927976705098106,0.0128617646008186,TRUE,0.950000000360379
"246dc3282c_t95","2pl","normal","irw",20,0.95,250,1000,0.949670424523782,0.00399194223167809,0.941002651480268,0.956533823998573,0.933239216502808,0.00442432743447887,0.928022094265342,0.0101944179369697,TRUE,0.950000000360379
"246dc3282c_t95","2pl","normal","irw",20,0.95,500,1000,0.949998798836812,0.00280929212946765,0.944443763177627,0.954993970154417,0.933694461603639,0.00304294396149324,0.929100240655242,0.00456137552045641,TRUE,0.950000000360379
"246dc3282c_t95","2pl","normal","irw",20,0.95,1000,1000,0.950034306617583,0.00194235155419223,0.946181144476534,0.953815631129991,0.933645360616844,0.00211580147913302,0.928713483931746,0.00591614658191248,TRUE,0.950000000360379
"246dc3282c_t95","2pl","normal","irw",20,0.95,2000,1000,0.950178670466386,0.00141508510888768,0.947324256787162,0.952988431562787,0.933757206095442,0.00148851175084898,0.928785232936566,0.00276544180642159,TRUE,0.950000000360379
"25e594cb46_t50","rasch","skew_pos","parametric",20,0.5,100,1000,0.50095623802001,0.044680162959143,0.415920051339063,0.5857533744335,0.500200649463623,0.0442478225569592,0.499101834862503,0.043626907882807,TRUE,0.500000000342001
"25e594cb46_t50","rasch","skew_pos","parametric",20,0.5,250,1000,0.50026760114517,0.0287134093792794,0.444045010038554,0.559825507617356,0.4995609149363,0.0284462905624273,0.498500779535577,0.0280642179412977,TRUE,0.500000000342001
"25e594cb46_t50","rasch","skew_pos","parametric",20,0.5,500,1000,0.499360853302794,0.0201817702599445,0.460661138596399,0.538389118013058,0.498673275138808,0.0200006230348431,0.49759430066681,0.0196902776804477,TRUE,0.500000000342001
"25e594cb46_t50","rasch","skew_pos","parametric",20,0.5,1000,1000,0.500538534563546,0.0143241320682928,0.473399833287631,0.526840306826199,0.499845124207111,0.0141940085530256,0.498759758038993,0.0139964502392235,TRUE,0.500000000342001
"25e594cb46_t50","rasch","skew_pos","parametric",20,0.5,2000,1000,0.501386680040725,0.0103592166942013,0.481051952206114,0.521095090537019,0.500687389748399,0.0102621990906684,0.499571800312907,0.0100936391519631,TRUE,0.500000000342001
"25e594cb46_t60","rasch","skew_pos","parametric",20,0.6,100,1000,0.598607209261813,0.0412418117130543,0.511471034473843,0.669702262577117,0.596974574293131,0.0404734941384027,0.595067681858794,0.039518251216547,TRUE,0.600000001201849
"25e594cb46_t60","rasch","skew_pos","parametric",20,0.6,250,1000,0.601669076805135,0.0263058537625984,0.553366814014201,0.65189286751594,0.600036962995581,0.025776454548217,0.59795911718144,0.0249437034741229,TRUE,0.600000001201849
"25e594cb46_t60","rasch","skew_pos","parametric",20,0.6,500,1000,0.603418110328705,0.0186972402216905,0.56669328612264,0.641381905709362,0.601783945820856,0.0183211250466325,0.599731222375572,0.0177681015019036,TRUE,0.600000001201849
"25e594cb46_t60","rasch","skew_pos","parametric",20,0.6,1000,1000,0.603691450604428,0.0133998319321125,0.575763278822451,0.629869579734528,0.60206606156804,0.0131375446195686,0.599973122850289,0.0127338850752077,TRUE,0.600000001201849
"25e594cb46_t60","rasch","skew_pos","parametric",20,0.6,2000,1000,0.604085714780542,0.00962030384193727,0.585757258588901,0.623176867697159,0.602450042492148,0.00942938133713374,0.60027440627788,0.00912388031528109,TRUE,0.600000001201849
"25e594cb46_t70","rasch","skew_pos","parametric",20,0.7,100,1000,0.694025969599311,0.0363169973082499,0.620951718427278,0.766610341680937,0.690570848867657,0.0348133577475701,0.687071840006047,0.032872354659824,TRUE,0.700000002254621
"25e594cb46_t70","rasch","skew_pos","parametric",20,0.7,250,1000,0.697348561044062,0.0229725782365373,0.650986025419635,0.739857921420194,0.69384713000928,0.0220221029288225,0.689931556917633,0.0205478772022276,TRUE,0.700000002254621
"25e594cb46_t70","rasch","skew_pos","parametric",20,0.7,500,1000,0.700864596130034,0.0166125704191171,0.667120655648581,0.732690136009146,0.697258302342259,0.0158880708160647,0.693194609247298,0.0146810194296973,TRUE,0.700000002254621
"25e594cb46_t70","rasch","skew_pos","parametric",20,0.7,1000,1000,0.699952861711209,0.0114838113960826,0.678451995899678,0.723144700398105,0.696411197070731,0.0109920309721608,0.692316603193424,0.0102153461765056,TRUE,0.700000002254621
"25e594cb46_t70","rasch","skew_pos","parametric",20,0.7,2000,1000,0.701027110951456,0.00810704010494281,0.685371282022997,0.717113615842086,0.697442618431494,0.00775548229545329,0.693197273636484,0.00716743793043465,TRUE,0.700000002254621
"25e594cb46_t80","rasch","skew_pos","parametric",20,0.8,100,1000,0.795565070865963,0.0274082557094918,0.739870472848368,0.844626917225856,0.789843054193967,0.0251141773140812,0.783035250958722,0.0230319623513193,TRUE,0.800000000672431
"25e594cb46_t80","rasch","skew_pos","parametric",20,0.8,250,1000,0.797878020875641,0.0174058519499477,0.762120931244882,0.829878176180044,0.792067496435804,0.0158566756983704,0.783744484030845,0.0164338305292974,TRUE,0.800000000672431
"25e594cb46_t80","rasch","skew_pos","parametric",20,0.8,500,1000,0.797520006270088,0.0128333578846622,0.771655240523985,0.821290196755169,0.791802130634898,0.0117157193322025,0.783343244734324,0.0133030528569242,TRUE,0.800000000672431
"25e594cb46_t80","rasch","skew_pos","parametric",20,0.8,1000,1000,0.798121333058174,0.00886379878019449,0.780074625609094,0.816160863578175,0.792429981859004,0.00806918344674166,0.783193876847053,0.0231345597662352,TRUE,0.800000000672431
"25e594cb46_t80","rasch","skew_pos","parametric",20,0.8,2000,1000,0.798846001361954,0.00612620679470534,0.787415325492626,0.810543228607579,0.793073312023335,0.00555014309609399,0.783414360063526,0.0101109587193129,TRUE,0.800000000672431
"25e594cb46_t90","rasch","skew_pos","parametric",20,0.9,100,1000,0.895250522429365,0.0152891853860676,0.862442010046071,0.921729540460922,0.880057535864739,0.0102720282200042,0.831829419399106,0.0936830139377113,TRUE,0.900000001614169
"25e594cb46_t90","rasch","skew_pos","parametric",20,0.9,250,1000,0.897601514981306,0.0092596630736785,0.879310179864469,0.91460400430137,0.882002155655613,0.00600348443241305,0.821622351638627,0.0824056109531647,TRUE,0.900000001614169
"25e594cb46_t90","rasch","skew_pos","parametric",20,0.9,500,1000,0.897844036156515,0.00689043607992509,0.883169850157276,0.910457741723547,0.882358911271563,0.00459022740877195,0.801811889878738,0.105970988874774,TRUE,0.900000001614169
"25e594cb46_t90","rasch","skew_pos","parametric",20,0.9,1000,1000,0.898138229298158,0.004728734107494,0.88821020619575,0.906972301487709,0.882649772493108,0.00308722517771013,0.79601778173819,0.102448992242435,TRUE,0.900000001614169
"25e594cb46_t90","rasch","skew_pos","parametric",20,0.9,2000,1000,0.898305709149849,0.00336976910039248,0.891159527048868,0.904605953844104,0.882808588046174,0.00225391023256183,0.777372668363595,0.117394345101502,TRUE,0.900000001614169
"25e594cb46_t95","rasch","skew_pos","parametric",20,0.95,100,1000,0.948827367835702,0.00785331105460084,0.931805204824744,0.962125150523094,0.919761032078696,0.00635544600465445,0.882900471833062,0.114810313633411,TRUE,0.95000000059983
"25e594cb46_t95","rasch","skew_pos","parametric",20,0.95,250,1000,0.950068560645686,0.00466795009482465,0.94054467867077,0.958711919049174,0.920829580063064,0.00378615654843037,0.850825881021626,0.166455994771256,TRUE,0.95000000059983
"25e594cb46_t95","rasch","skew_pos","parametric",20,0.95,500,1000,0.950384914203449,0.00341396512162388,0.943804286377831,0.957470011862281,0.921158541498806,0.00280220148192321,0.815948206216976,0.208011786558303,TRUE,0.95000000059983
"25e594cb46_t95","rasch","skew_pos","parametric",20,0.95,1000,1000,0.950415783027896,0.00239629907258386,0.945500876064959,0.954730800150578,0.921112309964195,0.00202627689575915,0.789723649743066,0.228674766323589,TRUE,0.95000000059983
"25e594cb46_t95","rasch","skew_pos","parametric",20,0.95,2000,1000,0.950622157204813,0.00170534046309216,0.946998781982116,0.953740337820733,0.921299022981219,0.00139246478435607,0.739435587490842,0.255037300149365,TRUE,0.95000000059983
"25edfd16b9_t50","3pl_beta","bimodal","parametric",10,0.5,100,1000,0.498575997701383,0.0230271182935219,0.450940261635546,0.538549199973312,0.493912896402442,0.0220929796455832,0.487304415354394,0.0212282447815354,TRUE,0.500000001005409
"25edfd16b9_t50","3pl_beta","bimodal","parametric",10,0.5,250,1000,0.49919676720993,0.0150999642065127,0.469841348820345,0.5272780380359,0.494542758298648,0.0144609764643244,0.487933199292952,0.0138584306435356,TRUE,0.500000001005409
"25edfd16b9_t50","3pl_beta","bimodal","parametric",10,0.5,500,1000,0.499999443791097,0.0104141224050381,0.478771993633042,0.519538920077073,0.495312048957758,0.00996601434563216,0.488623360161046,0.00953320620397676,TRUE,0.500000001005409
"25edfd16b9_t50","3pl_beta","bimodal","parametric",10,0.5,1000,1000,0.499434297700188,0.00717466063650206,0.485841777087686,0.513556178460224,0.494782243954536,0.00686946473537774,0.488121528965487,0.00657718788079843,TRUE,0.500000001005409
"25edfd16b9_t50","3pl_beta","bimodal","parametric",10,0.5,2000,1000,0.499619714764933,0.00509031961739625,0.489598241756699,0.5093257493721,0.494950012641862,0.00486901620666022,0.488269859257023,0.00466263585395685,TRUE,0.500000001005409
"25edfd16b9_t60","3pl_beta","bimodal","parametric",10,0.6,100,1000,0.598156427870763,0.0220924208556951,0.55206263623307,0.63735255129861,0.588717196458265,0.0203256901453852,0.577566896222814,0.0190142560347027,TRUE,0.600000000518265
"25edfd16b9_t60","3pl_beta","bimodal","parametric",10,0.6,250,1000,0.598624042900598,0.0138776775908645,0.570201382930202,0.626045990632919,0.58913266677325,0.0127087573575754,0.577739169029645,0.0118684553206488,TRUE,0.600000000518265
"25edfd16b9_t60","3pl_beta","bimodal","parametric",10,0.6,500,1000,0.598897977412252,0.00888519622366233,0.581312676434299,0.616173926655483,0.589419963391031,0.00813005178818181,0.578023444012563,0.00764814723439042,TRUE,0.600000000518265
"25edfd16b9_t60","3pl_beta","bimodal","parametric",10,0.6,1000,1000,0.598886838668518,0.00651300824555126,0.585247928855461,0.611420451454836,0.589431743869739,0.00595141614216089,0.578016829981749,0.00556564672104065,TRUE,0.600000000518265
"25edfd16b9_t60","3pl_beta","bimodal","parametric",10,0.6,2000,1000,0.599257418207684,0.00474903954511446,0.590179827184996,0.608438910116904,0.589781746921881,0.00434358894346293,0.578357501219621,0.00407162242453189,TRUE,0.600000000518265
"25edfd16b9_t70","3pl_beta","bimodal","parametric",10,0.7,100,1000,0.698590090006261,0.0250676016854433,0.645842586633215,0.74481876149264,0.692632691828251,0.0243094057978224,0.688706606729599,0.0238210522663499,TRUE,0.70000000160657
"25edfd16b9_t70","3pl_beta","bimodal","parametric",10,0.7,250,1000,0.699882661183526,0.0145344858589413,0.670295484119951,0.727307387983454,0.693957647036568,0.0141488314497727,0.690266365302968,0.0140462967575904,TRUE,0.70000000160657
"25edfd16b9_t70","3pl_beta","bimodal","parametric",10,0.7,500,1000,0.701193049060188,0.0104415934635605,0.678780643801215,0.720848862802433,0.695232120375649,0.0101364650430324,0.691400409150097,0.0100569727726717,TRUE,0.70000000160657
"25edfd16b9_t70","3pl_beta","bimodal","parametric",10,0.7,1000,1000,0.700601903643821,0.00755115503353591,0.685663518010675,0.715245815485572,0.694655510828281,0.00733742408041053,0.690836383770466,0.00722675766424968,TRUE,0.70000000160657
"25edfd16b9_t70","3pl_beta","bimodal","parametric",10,0.7,2000,1000,0.701226533668143,0.00534407356944074,0.690897426705816,0.711377032487026,0.695266778327104,0.00519116747406578,0.691453211404788,0.00515382199512864,TRUE,0.70000000160657
"25edfd16b9_t80","3pl_beta","bimodal","parametric",10,0.8,100,1000,0.797700996057749,0.0128847474775533,0.772152368881031,0.820821330026423,0.764591104071769,0.0107428100055215,0.744698670867304,0.0214053887830791,TRUE,0.800000000655131
"25edfd16b9_t80","3pl_beta","bimodal","parametric",10,0.8,250,1000,0.799013966993903,0.00834317137652765,0.782141316857655,0.814436704742211,0.765424651772385,0.00700658477376599,0.743276326480959,0.0183406516942973,TRUE,0.800000000655131
"25edfd16b9_t80","3pl_beta","bimodal","parametric",10,0.8,500,1000,0.799385209186788,0.00598214842570225,0.787171044812275,0.810364421231696,0.765861906786995,0.0049775546889328,0.744093909430024,0.0111721913762336,TRUE,0.800000000655131
"25edfd16b9_t80","3pl_beta","bimodal","parametric",10,0.8,1000,1000,0.799442890235584,0.00419176058207371,0.791229726304601,0.807781105242487,0.765780234972029,0.00349482083472124,0.743766308488853,0.00898733965555772,TRUE,0.800000000655131
"25edfd16b9_t80","3pl_beta","bimodal","parametric",10,0.8,2000,1000,0.799603020393906,0.00289396546759587,0.794021213660497,0.805155505152599,0.765889121286436,0.00237389391027241,0.743543881287559,0.00758656006991089,TRUE,0.800000000655131
"25edfd16b9_t90","3pl_beta","bimodal","parametric",10,0.9,100,1000,0.89930460047943,0.0091819212571577,0.879511415678786,0.915858446710658,0.829162747263418,0.0111025051102374,0.380156502104744,0.330973425581336,TRUE,0.900000000862464
"25edfd16b9_t90","3pl_beta","bimodal","parametric",10,0.9,250,1000,0.899619754636482,0.00572366371858882,0.887161118161228,0.910340759056918,0.829159554045727,0.00704487501359435,0.180418418708594,0.265399961178626,TRUE,0.900000000862464
"25edfd16b9_t90","3pl_beta","bimodal","parametric",10,0.9,500,1000,0.90006489732919,0.00387835917555468,0.892274158984858,0.907549138853829,0.829502968414291,0.00510694619286701,0.067991135259764,0.159205856045212,TRUE,0.900000000862464
"25edfd16b9_t90","3pl_beta","bimodal","parametric",10,0.9,1000,1000,0.899968164929256,0.00268207809184014,0.894415791359432,0.904958176858263,0.829371028025535,0.00348632336631015,0.016332815505663,0.0641330299016701,TRUE,0.900000000862464
"25edfd16b9_t90","3pl_beta","bimodal","parametric",10,0.9,2000,1000,0.900076717841692,0.00192185060321295,0.896287065787021,0.904062277050723,0.829392537369351,0.00254831809846352,0.00241356910410954,0.0162042085836378,TRUE,0.900000000862464
"29362a6023_t50","rasch","normal","irw",60,0.5,100,1000,0.497554839836779,0.0339700417864346,0.433602952303632,0.559251670453161,0.497488670897237,0.0339488644163905,0.497419868613916,0.0339354036798653,TRUE,0.500000000080954
"29362a6023_t50","rasch","normal","irw",60,0.5,250,1000,0.499090016976373,0.0227754528535308,0.454661896584316,0.544261466030692,0.499024010592207,0.0227606927652525,0.49895447431125,0.0227510237929067,TRUE,0.500000000080954
"29362a6023_t50","rasch","normal","irw",60,0.5,500,1000,0.499318163946511,0.0152752604902125,0.469186118388608,0.528133198009014,0.499252668403034,0.0152652665871923,0.499183135910923,0.0152585262176308,TRUE,0.500000000080954
"29362a6023_t50","rasch","normal","irw",60,0.5,1000,1000,0.499660163946415,0.0108871966006352,0.478737538175416,0.520136368238708,0.499594459591097,0.0108799701558427,0.49952456804439,0.0108750538379695,TRUE,0.500000000080954
"29362a6023_t50","rasch","normal","irw",60,0.5,2000,1000,0.499738237671061,0.00787136809650596,0.484487198205186,0.515402819731079,0.499672346116408,0.00786633434586472,0.499602086909918,0.00786302970942159,TRUE,0.500000000080954
"29362a6023_t60","rasch","normal","irw",60,0.6,100,1000,0.599600288135926,0.0335945967608873,0.5333497017636,0.664708897820351,0.599434298607202,0.033547529942188,0.599316470134637,0.0335285744856145,TRUE,0.600000000202521
"29362a6023_t60","rasch","normal","irw",60,0.6,250,1000,0.601037349818901,0.0202375595811443,0.561057842714284,0.636563541293128,0.600871283371018,0.0202080732941316,0.600751469885767,0.0201957158019357,TRUE,0.600000000202521
"29362a6023_t60","rasch","normal","irw",60,0.6,500,1000,0.601993160900939,0.0152295307044251,0.570442342869876,0.632817767808736,0.601826798216554,0.0152067479224285,0.601706724110771,0.0151971919627578,TRUE,0.600000000202521
"29362a6023_t60","rasch","normal","irw",60,0.6,1000,1000,0.602070259171886,0.0107943408085758,0.580594753087938,0.622601675630213,0.60190343614142,0.0107781456272306,0.601782495893562,0.0107713297805366,TRUE,0.600000000202521
"29362a6023_t60","rasch","normal","irw",60,0.6,2000,1000,0.602447458337016,0.00721903240191816,0.588211700615462,0.616416817498002,0.602280164799004,0.00720784159056835,0.602158843559705,0.00720299267089796,TRUE,0.600000000202521
"29362a6023_t70","rasch","normal","irw",60,0.7,100,1000,0.698026364629465,0.0299642987939767,0.635448854808266,0.753514959395329,0.697651030813023,0.0298704134629947,0.697469683882729,0.0298467998077403,TRUE,0.700000002416913
"29362a6023_t70","rasch","normal","irw",60,0.7,250,1000,0.699634276554607,0.0188224571320729,0.662358031499889,0.734023153371742,0.699253970133683,0.018758578156904,0.699067663423583,0.0187414238925676,TRUE,0.700000002416913
"29362a6023_t70","rasch","normal","irw",60,0.7,500,1000,0.700282837186694,0.013013588977863,0.673138155973824,0.723796047835106,0.699900980432225,0.0129687757782557,0.69971332933329,0.0129564093318193,TRUE,0.700000002416913
"29362a6023_t70","rasch","normal","irw",60,0.7,1000,1000,0.700508748762476,0.00852167350533587,0.682534017864253,0.716901391035171,0.700127253436233,0.00849247914837937,0.699939119595587,0.00848451164688544,TRUE,0.700000002416913
"29362a6023_t70","rasch","normal","irw",60,0.7,2000,1000,0.700839112668142,0.00656387510874776,0.687531928866336,0.713427876655643,0.700456914110293,0.00654136208425472,0.700268503620005,0.00653538391040087,TRUE,0.700000002416913
"29362a6023_t80","rasch","normal","irw",60,0.8,100,1000,0.796948854814862,0.0214191501745765,0.75289009561793,0.835332441423579,0.795948956613168,0.0212190748031186,0.79563048186681,0.0211855730467034,TRUE,0.80000000176606
"29362a6023_t80","rasch","normal","irw",60,0.8,250,1000,0.798306339200775,0.0132171332336275,0.772357006508952,0.821979894352672,0.79730498725456,0.013087375786681,0.796982787564707,0.0130649353134745,TRUE,0.80000000176606
"29362a6023_t80","rasch","normal","irw",60,0.8,500,1000,0.798617738413968,0.00986804354765639,0.779263518844037,0.817362891292753,0.797607474376564,0.0097693010887222,0.797280888956568,0.00975235600159425,TRUE,0.80000000176606
"29362a6023_t80","rasch","normal","irw",60,0.8,1000,1000,0.79843351836471,0.00687260409040529,0.785382390039226,0.812329832407278,0.797421396739694,0.0068064144567531,0.797091908939224,0.00679587977797661,TRUE,0.80000000176606
"29362a6023_t80","rasch","normal","irw",60,0.8,2000,1000,0.798844720734126,0.0046596007402448,0.78961758790385,0.807356294910369,0.797832630598766,0.00461173796094177,0.797504056133052,0.00460339038923673,TRUE,0.80000000176606
"29362a6023_t90","rasch","normal","irw",60,0.9,100,1000,0.897371264133039,0.011594342999237,0.871459285096845,0.916599714216683,0.894876026668002,0.0111888448268513,0.894399991158142,0.0111431655932188,TRUE,0.900000001581767
"29362a6023_t90","rasch","normal","irw",60,0.9,250,1000,0.89757283949052,0.00762094487919507,0.881527543241876,0.911754511602181,0.895077524981939,0.00731774314676769,0.894595858870965,0.00727713268559031,TRUE,0.900000001581767
"29362a6023_t90","rasch","normal","irw",60,0.9,500,1000,0.89832791567637,0.00504412064624975,0.887835565927223,0.907854942087843,0.895811689810679,0.00483307995825719,0.895325034033927,0.00480020576874508,TRUE,0.900000001581767
"29362a6023_t90","rasch","normal","irw",60,0.9,1000,1000,0.89847537494299,0.00366976519654794,0.891357818143417,0.905768228800302,0.895945407764401,0.00351901353880956,0.895449144128176,0.00349641427980303,TRUE,0.900000001581767
"29362a6023_t90","rasch","normal","irw",60,0.9,2000,1000,0.89844996445138,0.00254002376422068,0.893464184892809,0.903320697162691,0.89592162822366,0.00243346362628464,0.89542750349433,0.00241674253512271,TRUE,0.900000001581767
"29362a6023_t95","rasch","normal","irw",60,0.95,100,1000,0.949258908581864,0.00621263996885578,0.935734563233822,0.959847785662626,0.946057880825253,0.00577681544874513,0.945619963806321,0.00579611404004547,TRUE,0.950000000615957
"29362a6023_t95","rasch","normal","irw",60,0.95,250,1000,0.949553214507074,0.00381962463523237,0.941861827085189,0.956232267120655,0.946349320925991,0.00352588412973895,0.945936188251027,0.00350517842558754,TRUE,0.950000000615957
"29362a6023_t95","rasch","normal","irw",60,0.95,500,1000,0.949870120818939,0.00267857458256908,0.944509261357436,0.954855063827701,0.946647410796196,0.00249455773853121,0.94622016987559,0.00249472030725906,TRUE,0.950000000615957
"29362a6023_t95","rasch","normal","irw",60,0.95,1000,1000,0.949896236091067,0.00189932575260583,0.945838425108959,0.953370400193059,0.946676273443626,0.00176566168112083,0.946243054865498,0.00176143127494509,TRUE,0.950000000615957
"29362a6023_t95","rasch","normal","irw",60,0.95,2000,1000,0.949904761377816,0.00131872094350985,0.947130922687092,0.952300050485398,0.946695964935648,0.00122073033245358,0.946269966338498,0.00122129025100402,TRUE,0.950000000615957
"2fb704c2a3_t50","rasch","heavy_tail","irw",20,0.5,100,1000,0.494398733869181,0.0590487153963609,0.387827671551149,0.622133843963342,0.493498648445288,0.0583132596821672,0.491059278245753,0.0546077137320935,FALSE,0.500000000668934
"2fb704c2a3_t50","rasch","heavy_tail","irw",20,0.5,250,1000,0.502324044862937,0.0386902926207829,0.435791574776047,0.580570719202988,0.501427330005816,0.0382428254517755,0.498854329254197,0.0360808526763115,FALSE,0.500000000668934
"2fb704c2a3_t50","rasch","heavy_tail","irw",20,0.5,500,1000,0.499936976348881,0.0273200511978667,0.450122644197548,0.552567905695286,0.499100320139976,0.0270310416979182,0.495976097046496,0.0266769564425174,FALSE,0.500000000668934
"2fb704c2a3_t50","rasch","heavy_tail","irw",20,0.5,1000,1000,0.501097755200041,0.0198173872436286,0.465459500088948,0.544134830775517,0.500266493680049,0.0196143161183316,0.496833617555182,0.0200959720675908,FALSE,0.500000000668934
"2fb704c2a3_t50","rasch","heavy_tail","irw",20,0.5,2000,1000,0.502305832985918,0.0153420294058946,0.475636574015889,0.533692397161569,0.501468363995926,0.0152014069529877,0.495742521952656,0.0306457055140298,FALSE,0.500000000668934
"2fb704c2a3_t60","rasch","heavy_tail","irw",20,0.6,100,1000,0.594605827901419,0.0529888038690918,0.495426847299198,0.695198911734905,0.592364563370853,0.0516737794775126,0.587331246230961,0.0493506618058134,FALSE,0.600000001221261
"2fb704c2a3_t60","rasch","heavy_tail","irw",20,0.6,250,1000,0.599892028744992,0.0357863821012892,0.535926523744368,0.679198257243442,0.597663676602589,0.0349066434527707,0.591130367544219,0.031778085251569,FALSE,0.600000001221261
"2fb704c2a3_t60","rasch","heavy_tail","irw",20,0.6,500,1000,0.599147796514059,0.0250633034001345,0.553741179267785,0.653043387850619,0.597009988495595,0.0244861910193097,0.590909402908015,0.0256778619042063,FALSE,0.600000001221261
"2fb704c2a3_t60","rasch","heavy_tail","irw",20,0.6,1000,1000,0.60057154265861,0.0194211667803514,0.567294832972786,0.638635446301905,0.598423674849488,0.0190218105548144,0.589347282661857,0.033825384664461,FALSE,0.600000001221261
"2fb704c2a3_t60","rasch","heavy_tail","irw",20,0.6,2000,1000,0.60161765460741,0.0137535014075048,0.577811656595006,0.628746725854196,0.599451720449141,0.0134698313528677,0.588459027012359,0.0445951413345576,FALSE,0.600000001221261
"2fb704c2a3_t70","rasch","heavy_tail","irw",20,0.7,100,1000,0.689416978906764,0.0440891685133057,0.604315148631,0.775138357811705,0.685256533144105,0.042163647371192,0.677694117204021,0.039318293583633,FALSE,0.700000003215029
"2fb704c2a3_t70","rasch","heavy_tail","irw",20,0.7,250,1000,0.693151037408989,0.0306708488762365,0.63543667855755,0.757672642334092,0.688970544738735,0.0293967585679751,0.674742304079978,0.0470317648084268,FALSE,0.700000003215029
"2fb704c2a3_t70","rasch","heavy_tail","irw",20,0.7,500,1000,0.69576271387537,0.0218989825966528,0.655373449205969,0.739643992298465,0.691552175860217,0.0210183967465915,0.675333043346653,0.0533436501039358,FALSE,0.700000003215029
"2fb704c2a3_t70","rasch","heavy_tail","irw",20,0.7,1000,1000,0.696522441156091,0.016740855748612,0.666105541263365,0.731068807073353,0.692327791496864,0.0161156195665447,0.670708616205703,0.0639732604362879,FALSE,0.700000003215029
"2fb704c2a3_t70","rasch","heavy_tail","irw",20,0.7,2000,1000,0.69687526008497,0.0124854862596684,0.67513475785223,0.725136933680877,0.69268412528804,0.0120052840049792,0.664348140388128,0.0815108796320137,FALSE,0.700000003215029
"2fb704c2a3_t80","rasch","heavy_tail","irw",20,0.8,100,1000,0.795070446517077,0.0342964907129899,0.72852063847766,0.860677090952943,0.785235807270639,0.0308320572629184,0.757955464080736,0.0765180878084961,FALSE,0.800000003237373
"2fb704c2a3_t80","rasch","heavy_tail","irw",20,0.8,250,1000,0.798229150895209,0.0226006002495229,0.756823068269365,0.842581642091089,0.78837557199829,0.0204710552392689,0.754613376538152,0.0811408411417899,FALSE,0.800000003237373
"2fb704c2a3_t80","rasch","heavy_tail","irw",20,0.8,500,1000,0.80185053244682,0.0174449946181462,0.770121501158645,0.840963190929193,0.791814533029657,0.0159508289933433,0.734446486966065,0.129512700878653,FALSE,0.800000003237373
"2fb704c2a3_t80","rasch","heavy_tail","irw",20,0.8,1000,1000,0.801494465856755,0.0123951757039562,0.780470756415402,0.827752258504085,0.791534581107848,0.0113744178704969,0.726524919448652,0.133766051088222,FALSE,0.800000003237373
"2fb704c2a3_t80","rasch","heavy_tail","irw",20,0.8,2000,1000,0.801579586734284,0.00876258371118796,0.785917567424996,0.819301679479635,0.791634507698845,0.0081218449268918,0.710753129718881,0.151076899186317,FALSE,0.800000003237373
"2fb704c2a3_t90","rasch","heavy_tail","irw",20,0.9,100,1000,0.897768288606209,0.01808901951172,0.862109500008204,0.933887381953494,0.870073600500322,0.0127941530544208,0.746277080896876,0.189448112702072,FALSE,0.900000001999956
"2fb704c2a3_t90","rasch","heavy_tail","irw",20,0.9,250,1000,0.899814874697671,0.0124900003902159,0.876773245442125,0.92625873613626,0.872231828302058,0.00942807783201431,0.694097433639696,0.225089325070341,FALSE,0.900000001999956
"2fb704c2a3_t90","rasch","heavy_tail","irw",20,0.9,500,1000,0.900402287499506,0.00900662916335281,0.883979261437426,0.918376948312994,0.872972283747525,0.00695671672764758,0.635501513088348,0.243105853161618,FALSE,0.900000001999956
"2fb704c2a3_t90","rasch","heavy_tail","irw",20,0.9,1000,1000,0.900805246154949,0.00640845803602904,0.888330614703969,0.913236882855239,0.873241568468963,0.00492328388108405,0.56558832063208,0.271272209733409,FALSE,0.900000001999956
"2fb704c2a3_t90","rasch","heavy_tail","irw",20,0.9,2000,1000,0.901544572864831,0.00495089625638882,0.893182576188878,0.911844743761957,0.873991742432511,0.00423300890702319,0.445121322267838,0.284986103476366,FALSE,0.900000001999956
"2fb704c2a3_t95","rasch","heavy_tail","irw",20,0.95,100,1000,0.947121614789205,0.0116947665432647,0.922563187784748,0.968490270288873,0.903429066457553,0.0167829898705991,0.735994535635553,0.307720916101524,FALSE,0.950000001549079
"2fb704c2a3_t95","rasch","heavy_tail","irw",20,0.95,250,1000,0.948948052228897,0.00748030299419702,0.93332310375295,0.962653924464847,0.905563541170279,0.0105295595261488,0.569619019944524,0.38937477978727,FALSE,0.950000001549079
"2fb704c2a3_t95","rasch","heavy_tail","irw",20,0.95,500,1000,0.949207710318263,0.00551785527379169,0.938335618147087,0.959978347281741,0.906151150318604,0.00774349335498398,0.423404913664094,0.397354045221163,FALSE,0.950000001549079
"2fb704c2a3_t95","rasch","heavy_tail","irw",20,0.95,1000,1000,0.949661489133604,0.00379712279515484,0.942424065714372,0.957492666507554,0.906761306698096,0.00536283053565804,0.220485866416132,0.327925543764424,FALSE,0.950000001549079
"2fb704c2a3_t95","rasch","heavy_tail","irw",20,0.95,2000,1000,0.949866609445259,0.00297231814453225,0.944336887981788,0.955808846281832,0.906992695840387,0.004291909857579,0.0628733811352176,0.176904422888041,FALSE,0.950000001549079
"308cc8c2c0_t50","3pl_beta","normal","irw",20,0.5,100,1000,0.499410835038311,0.0358168925234052,0.429710312332578,0.572169197580273,0.496031501824953,0.0349108907419478,0.49169841074291,0.0342172952456862,TRUE,0.500000000092212
"308cc8c2c0_t50","3pl_beta","normal","irw",20,0.5,250,1000,0.499756559786851,0.0219261114654827,0.456894042044495,0.542099102679241,0.496406189137326,0.0213724843827864,0.492029297766356,0.0209666901522632,TRUE,0.500000000092212
"308cc8c2c0_t50","3pl_beta","normal","irw",20,0.5,500,1000,0.499715553870857,0.0158518814911273,0.46881242405008,0.529853819625599,0.49636929220225,0.0154452530010317,0.492002378648951,0.0151383707033317,TRUE,0.500000000092212
"308cc8c2c0_t50","3pl_beta","normal","irw",20,0.5,1000,1000,0.499926349707069,0.0116194004412723,0.476861482089973,0.522668264615832,0.496589385825605,0.0113222442226554,0.492225721298849,0.0110872537888009,TRUE,0.500000000092212
"308cc8c2c0_t50","3pl_beta","normal","irw",20,0.5,2000,1000,0.499450831180528,0.00796362495663791,0.4842908947058,0.515972502866386,0.49612275094317,0.00776068167880832,0.491724892418586,0.00759904270264139,TRUE,0.500000000092212
"308cc8c2c0_t60","3pl_beta","normal","irw",20,0.6,100,1000,0.598853258830895,0.0320455946591524,0.531824902627414,0.658312695695076,0.589605834085199,0.0315669839875748,0.582602371224336,0.0321181001723297,TRUE,0.600000000279158
"308cc8c2c0_t60","3pl_beta","normal","irw",20,0.6,250,1000,0.601462310883596,0.0204023002375379,0.562036317384345,0.640505323572878,0.59208158508472,0.0200918182415921,0.585042498502364,0.0204399943227368,TRUE,0.600000000279158
"308cc8c2c0_t60","3pl_beta","normal","irw",20,0.6,500,1000,0.603607277297058,0.0141454082296254,0.574531087816528,0.62887334246716,0.594152313840045,0.0139455875642128,0.587119362430472,0.0142102615290088,TRUE,0.600000000279158
"308cc8c2c0_t60","3pl_beta","normal","irw",20,0.6,1000,1000,0.603032046625824,0.0104061936588792,0.582171812329858,0.622454775484504,0.593581151661539,0.0102566529058985,0.586523540113044,0.0104432558841241,TRUE,0.600000000279158
"308cc8c2c0_t60","3pl_beta","normal","irw",20,0.6,2000,1000,0.603159784768073,0.00727093770124916,0.588379475248683,0.617261180720215,0.593707162552587,0.00714901038326446,0.586656841500753,0.00727004029234015,TRUE,0.600000000279158
"308cc8c2c0_t70","3pl_beta","normal","irw",20,0.7,100,1000,0.696404079430733,0.0269290850810029,0.64113856685843,0.743861103037511,0.688761834906674,0.0255150235980191,0.683290269450942,0.0248106891186604,TRUE,0.70000000032945
"308cc8c2c0_t70","3pl_beta","normal","irw",20,0.7,250,1000,0.69963979053962,0.0164282706485652,0.666425801152211,0.730597803613976,0.69184886273729,0.0155454606738116,0.686339520887836,0.0151003075182537,TRUE,0.70000000032945
"308cc8c2c0_t70","3pl_beta","normal","irw",20,0.7,500,1000,0.699996176370663,0.0118342955630342,0.675396754465402,0.721901604188638,0.69220648002547,0.0111921961706482,0.68659048316396,0.0108492048982357,TRUE,0.70000000032945
"308cc8c2c0_t70","3pl_beta","normal","irw",20,0.7,1000,1000,0.700342318584858,0.00819025344071959,0.683222593275636,0.71553390811109,0.692556208933516,0.00773503700684269,0.686955589249237,0.00749079434683088,TRUE,0.70000000032945
"308cc8c2c0_t70","3pl_beta","normal","irw",20,0.7,2000,1000,0.700391459241743,0.00584855665340629,0.687870812803328,0.711097978384162,0.692581817597831,0.00552683294652763,0.686950099911518,0.00538646087033895,TRUE,0.70000000032945
"308cc8c2c0_t80","3pl_beta","normal","irw",20,0.8,100,1000,0.79849970233328,0.0211955518978173,0.754059799294493,0.835606045932684,0.779671717739192,0.0197983411571781,0.769334770359585,0.0198285039280621,TRUE,0.800000001879543
"308cc8c2c0_t80","3pl_beta","normal","irw",20,0.8,250,1000,0.800807858140359,0.0129853068075126,0.772054052379815,0.824185088890237,0.781759705479378,0.012093857664526,0.77106618215309,0.012816262488905,TRUE,0.800000001879543
"308cc8c2c0_t80","3pl_beta","normal","irw",20,0.8,500,1000,0.801232175025659,0.00894934154981758,0.783428773540314,0.818761666359348,0.782145487538041,0.0082970346909834,0.771574289064809,0.00894843551860212,TRUE,0.800000001879543
"308cc8c2c0_t80","3pl_beta","normal","irw",20,0.8,1000,1000,0.801369690997492,0.00640345141853877,0.788542756509205,0.813489675062413,0.782298012270643,0.00598839043970101,0.771685837260655,0.00632610969570494,TRUE,0.800000001879543
"308cc8c2c0_t80","3pl_beta","normal","irw",20,0.8,2000,1000,0.801370912217393,0.00473321474501885,0.791650258601033,0.81041068988559,0.782266998674928,0.00440220029358608,0.771652729341912,0.00467690141721104,TRUE,0.800000001879543
"308cc8c2c0_t90","3pl_beta","normal","irw",20,0.9,100,1000,0.899448498478639,0.00987822917379953,0.877109802084703,0.916683783792063,0.867653057789515,0.00711032989950465,0.778165246517207,0.113694441763108,TRUE,0.900000000768028
"308cc8c2c0_t90","3pl_beta","normal","irw",20,0.9,250,1000,0.900398725825526,0.00619155840937959,0.887343000953892,0.911772748479248,0.867967802198555,0.004132150919236,0.747758742681884,0.12728800347712,TRUE,0.900000000768028
"308cc8c2c0_t90","3pl_beta","normal","irw",20,0.9,500,1000,0.900364251513534,0.00436071387336235,0.891852840285858,0.908624145230271,0.868315677653945,0.00284008100589097,0.741231736521601,0.118679730348966,TRUE,0.900000000768028
"308cc8c2c0_t90","3pl_beta","normal","irw",20,0.9,1000,1000,0.900616894228907,0.00313887697698575,0.894068719256468,0.906690411773301,0.868314551171343,0.00209472444917229,0.725185135537528,0.113995251395187,TRUE,0.900000000768028
"308cc8c2c0_t90","3pl_beta","normal","irw",20,0.9,2000,1000,0.900580103181427,0.00221166159740195,0.895877287467213,0.904603693323072,0.868408343844298,0.00139527109443529,0.70667123670165,0.118702153256541,TRUE,0.900000000768028
"3417acd99c_t50","3pl_g20","bimodal","irw",60,0.5,100,1000,0.493491755227929,0.0262249550270942,0.441098260736292,0.542297194306614,0.493099469750702,0.0261458674039105,0.492657585735277,0.026098623414868,TRUE,0.500000000422382
"3417acd99c_t50","3pl_g20","bimodal","irw",60,0.5,250,1000,0.495701604185625,0.016399781187633,0.461956544517743,0.526110262457199,0.495304503104568,0.0163504386384222,0.494856243096482,0.0163214889434864,TRUE,0.500000000422382
"3417acd99c_t50","3pl_g20","bimodal","irw",60,0.5,500,1000,0.495478899662924,0.0115262330472599,0.472113033039911,0.516863546272735,0.49508064912391,0.0114921328452634,0.494629412544212,0.0114732401595563,TRUE,0.500000000422382
"3417acd99c_t50","3pl_g20","bimodal","irw",60,0.5,1000,1000,0.495173704841921,0.00861595498128086,0.478643284886625,0.511356084931922,0.494776043221757,0.00859030311505449,0.494323836119422,0.00857557697376901,TRUE,0.500000000422382
"3417acd99c_t50","3pl_g20","bimodal","irw",60,0.5,2000,1000,0.495592296045832,0.00567997055954196,0.483841420571973,0.506771608192134,0.495192388295726,0.00566374262445045,0.494737724287402,0.0056551558542743,TRUE,0.500000000422382
"3417acd99c_t60","3pl_g20","bimodal","irw",60,0.6,100,1000,0.596681832281729,0.0258074640173061,0.542772472368991,0.645336775162452,0.595805324452265,0.0256778743558812,0.595134564071265,0.0256437739585437,TRUE,0.600000000241131
"3417acd99c_t60","3pl_g20","bimodal","irw",60,0.6,250,1000,0.598721856193613,0.0159273193451785,0.568336083043888,0.629818771031823,0.597837102879035,0.0158437450234462,0.59715899433478,0.015821669140415,TRUE,0.600000000241131
"3417acd99c_t60","3pl_g20","bimodal","irw",60,0.6,500,1000,0.599375067972286,0.0107158622559878,0.576911138505844,0.619927032538741,0.598487849377036,0.0106578155689577,0.597807899351884,0.0106416798219032,TRUE,0.600000000241131
"3417acd99c_t60","3pl_g20","bimodal","irw",60,0.6,1000,1000,0.599608297882065,0.00774031528147607,0.584390040000753,0.614112718682371,0.598719334136086,0.00769656528213342,0.598037322055502,0.00768292373645001,TRUE,0.600000000241131
"3417acd99c_t60","3pl_g20","bimodal","irw",60,0.6,2000,1000,0.59949886346841,0.00540074453316554,0.588802934171871,0.610102359875936,0.598609697991224,0.00537319616937528,0.59792674830975,0.00536597846268265,TRUE,0.600000000241131
"3417acd99c_t70","3pl_g20","bimodal","irw",60,0.7,100,1000,0.697577526243105,0.0222678712756194,0.654148721024251,0.739760076386786,0.697298329802479,0.0222230728118539,0.697165763220838,0.0222146605084499,TRUE,0.700000000936108
"3417acd99c_t70","3pl_g20","bimodal","irw",60,0.7,250,1000,0.697998935971929,0.014521663247387,0.668286213626088,0.725429670761893,0.697718251714962,0.0144938117376649,0.69758407698698,0.0144890479455699,TRUE,0.700000000936108
"3417acd99c_t70","3pl_g20","bimodal","irw",60,0.7,500,1000,0.697858656289939,0.00984738907554237,0.67822774757475,0.716100503091294,0.697581118921583,0.00982755827494983,0.69744797237424,0.00982380887291305,TRUE,0.700000000936108
"3417acd99c_t70","3pl_g20","bimodal","irw",60,0.7,1000,1000,0.69843911508086,0.00686129345640939,0.68505653736576,0.712108637152673,0.698158534199352,0.00684718210050975,0.698024008461591,0.00684447963704537,TRUE,0.700000000936108
"3417acd99c_t70","3pl_g20","bimodal","irw",60,0.7,2000,1000,0.698419453008759,0.0051892090157625,0.688363789246902,0.708055983693061,0.69813976846787,0.00517919138735551,0.698005585417702,0.00517751838220086,TRUE,0.700000000936108
"3417acd99c_t80","3pl_g20","bimodal","irw",60,0.8,100,1000,0.797793914569222,0.0161207540015771,0.763312185200087,0.824783243585892,0.795286957835106,0.0157967649300349,0.794414120376071,0.0157554018979827,TRUE,0.800000002233899
"3417acd99c_t80","3pl_g20","bimodal","irw",60,0.8,250,1000,0.798099667370891,0.0103172640613126,0.776473386186979,0.81688885494493,0.795606885168694,0.0101300182218784,0.794740324062684,0.0101141651955019,TRUE,0.800000002233899
"3417acd99c_t80","3pl_g20","bimodal","irw",60,0.8,500,1000,0.798566870880878,0.00712390743615222,0.783902572225333,0.811852915267686,0.796047032389368,0.00697760270495873,0.795168531000948,0.00695731394965343,TRUE,0.800000002233899
"3417acd99c_t80","3pl_g20","bimodal","irw",60,0.8,1000,1000,0.798785037472037,0.00499881099995076,0.788716793889983,0.807879922430088,0.796263893959754,0.00490100677845131,0.795382242803554,0.00488947883466962,TRUE,0.800000002233899
"3417acd99c_t80","3pl_g20","bimodal","irw",60,0.8,2000,1000,0.798669396714461,0.00340895632084175,0.791628013213244,0.805272870037038,0.796151715533776,0.00333834998364875,0.795269600579307,0.00332871305271588,TRUE,0.800000002233899
"3417acd99c_t90","3pl_g20","bimodal","irw",60,0.9,100,1000,0.898776380329948,0.00941635948890398,0.880001226439596,0.915304379211941,0.898011998553178,0.00939599187165601,0.897913998397832,0.00940089917505362,TRUE,0.90000000066763
"3417acd99c_t90","3pl_g20","bimodal","irw",60,0.9,250,1000,0.89897709661288,0.00592682320297275,0.887333335093924,0.90995640783461,0.898216141626598,0.00591449258991649,0.898118847343334,0.0059179266608272,TRUE,0.90000000066763
"3417acd99c_t90","3pl_g20","bimodal","irw",60,0.9,500,1000,0.899756092735284,0.00428675820787644,0.890382006588457,0.907741201658264,0.898985232176631,0.00427345679769241,0.898886331821079,0.00427493529280594,TRUE,0.90000000066763
"3417acd99c_t90","3pl_g20","bimodal","irw",60,0.9,1000,1000,0.899379985188431,0.00307410802313473,0.893414455620323,0.905521503038969,0.898608665677079,0.00306562098410831,0.898509818556825,0.00306698887805095,TRUE,0.90000000066763
"3417acd99c_t90","3pl_g20","bimodal","irw",60,0.9,2000,1000,0.899646994287426,0.00207208158345027,0.895215766266868,0.90362749208157,0.898875237540922,0.00206768464377639,0.898776406862171,0.00206890620640349,TRUE,0.90000000066763
"3417acd99c_t95","3pl_g20","bimodal","irw",60,0.95,100,1000,0.949613906676148,0.00410803056429961,0.94083834971075,0.956905262758255,0.941256455015202,0.00374869100619327,0.940251351100301,0.00392723237556194,TRUE,0.950000000664927
"3417acd99c_t95","3pl_g20","bimodal","irw",60,0.95,250,1000,0.94998943915488,0.00243654879055919,0.945057541765705,0.954402282556327,0.94155976177861,0.00226820964950691,0.940541159108668,0.0024344316750701,TRUE,0.950000000664927
"3417acd99c_t95","3pl_g20","bimodal","irw",60,0.95,500,1000,0.949914493651884,0.00177779158057642,0.94627268375403,0.953309724032896,0.941485272675995,0.00162741166727308,0.94035459304751,0.00246585228927494,TRUE,0.950000000664927
"3417acd99c_t95","3pl_g20","bimodal","irw",60,0.95,1000,1000,0.950047165852015,0.00120271154443387,0.947539687429601,0.95224490921473,0.94159210112614,0.001123966789733,0.940499916525874,0.00139266429884284,TRUE,0.950000000664927
"3417acd99c_t95","3pl_g20","bimodal","irw",60,0.95,2000,1000,0.95005008093335,0.000876727794795084,0.948185088366983,0.951723351799278,0.941617956410693,0.000807809413218677,0.94049792288814,0.00100523096706232,TRUE,0.950000000664927
"35a1489e91_t50","3pl_beta","skew_pos","parametric",60,0.5,100,1000,0.495539447572378,0.0465605585850693,0.402302220196906,0.582607522583456,0.495024487161596,0.0464170768950485,0.494456764631551,0.0463389971679635,TRUE,0.500000000329474
"35a1489e91_t50","3pl_beta","skew_pos","parametric",60,0.5,250,1000,0.497686495262734,0.0277874133553267,0.446949003221989,0.551746386340146,0.497167499857374,0.027698271091076,0.496584601842712,0.0276417019793558,TRUE,0.500000000329474
"35a1489e91_t50","3pl_beta","skew_pos","parametric",60,0.5,500,1000,0.499242004928616,0.0192241204978795,0.461727279363687,0.539630970441232,0.498719851414424,0.0191622147093696,0.498132625122872,0.0191194582784557,TRUE,0.500000000329474
"35a1489e91_t50","3pl_beta","skew_pos","parametric",60,0.5,1000,1000,0.499345961646383,0.0140327405964713,0.472308404098492,0.526364419935164,0.498825130095142,0.0139886677689039,0.498238729762849,0.0139604722174901,TRUE,0.500000000329474
"35a1489e91_t50","3pl_beta","skew_pos","parametric",60,0.5,2000,1000,0.499259656640714,0.0102703231143245,0.479457072896251,0.519181733511554,0.498740747589185,0.0102382621396546,0.498155221601585,0.0102166267007421,TRUE,0.500000000329474
"35a1489e91_t60","3pl_beta","skew_pos","parametric",60,0.6,100,1000,0.590959618411245,0.0438575092861083,0.499868981131174,0.673168652840915,0.590154133024877,0.0436348007666926,0.589513334034874,0.0435203988121702,TRUE,0.600000001857779
"35a1489e91_t60","3pl_beta","skew_pos","parametric",60,0.6,250,1000,0.596881926958737,0.0271088178351241,0.542490571498882,0.647789836396156,0.596068842250787,0.0269653036717301,0.595410344470463,0.0268710106620226,TRUE,0.600000001857779
"35a1489e91_t60","3pl_beta","skew_pos","parametric",60,0.6,500,1000,0.598059028213931,0.0203310520652719,0.556297644404552,0.634989592755272,0.597237751211495,0.0202210576744614,0.596572267125006,0.0201468944871939,TRUE,0.600000001857779
"35a1489e91_t60","3pl_beta","skew_pos","parametric",60,0.6,1000,1000,0.59824185541211,0.0139460956026156,0.569391146205174,0.626287236851287,0.597422115473808,0.0138708209610559,0.596750994851564,0.013813692449386,TRUE,0.600000001857779
"35a1489e91_t60","3pl_beta","skew_pos","parametric",60,0.6,2000,1000,0.598808623193615,0.00989215300686857,0.579047271349172,0.61760361826318,0.597987063365164,0.00983696778271859,0.597311670678808,0.00979412320453205,TRUE,0.600000001857779
"35a1489e91_t70","3pl_beta","skew_pos","parametric",60,0.7,100,1000,0.693484319806423,0.035766283147955,0.617436006728181,0.757768723291496,0.691543246147261,0.0351324955521396,0.690281763846143,0.0347611387100881,TRUE,0.700000001137009
"35a1489e91_t70","3pl_beta","skew_pos","parametric",60,0.7,250,1000,0.697851139507591,0.0240133455318586,0.650360321303465,0.743357062430443,0.695836580424711,0.0235339649355382,0.694436665737544,0.0231909752084495,TRUE,0.700000001137009
"35a1489e91_t70","3pl_beta","skew_pos","parametric",60,0.7,500,1000,0.698541121317083,0.0158006941956552,0.668741730347838,0.729249846086118,0.696536723753597,0.0154893157000604,0.69513601182626,0.0152510500503484,TRUE,0.700000001137009
"35a1489e91_t70","3pl_beta","skew_pos","parametric",60,0.7,1000,1000,0.698938851299876,0.0115166170532789,0.676504122404855,0.721592180553726,0.696926022875477,0.0112820865465813,0.695501936487946,0.0110935711774206,TRUE,0.700000001137009
"35a1489e91_t70","3pl_beta","skew_pos","parametric",60,0.7,2000,1000,0.699140734353807,0.00840720505923747,0.681541877602137,0.715191739471755,0.69712430615049,0.00823760930939806,0.695688440432337,0.00809687331448537,TRUE,0.700000001137009
"35a1489e91_t80","3pl_beta","skew_pos","parametric",60,0.8,100,1000,0.798373527514094,0.028384043453203,0.741775613833306,0.851999473500472,0.794079001846143,0.0272159427024132,0.79199114870947,0.0263985252989835,TRUE,0.800000001436416
"35a1489e91_t80","3pl_beta","skew_pos","parametric",60,0.8,250,1000,0.800622250602193,0.0163826864167649,0.769038305418602,0.833553102350498,0.79629922304817,0.015668444620927,0.794117499616506,0.0151067685412865,TRUE,0.800000001436416
"35a1489e91_t80","3pl_beta","skew_pos","parametric",60,0.8,500,1000,0.801895341392964,0.0125684122423357,0.776358651056711,0.82529240944933,0.797540967632635,0.0120358518099711,0.795295484501372,0.011622604587227,TRUE,0.800000001436416
"35a1489e91_t80","3pl_beta","skew_pos","parametric",60,0.8,1000,1000,0.802744884375211,0.00880707160556718,0.784918980523314,0.81943891644723,0.798363297090781,0.00843247316799823,0.796066290049242,0.00811140808593995,TRUE,0.800000001436416
"35a1489e91_t80","3pl_beta","skew_pos","parametric",60,0.8,2000,1000,0.802476461268301,0.00620452899113116,0.78973923384317,0.814275021880755,0.798115064601802,0.00592995269341965,0.795856651703753,0.00569866919106764,TRUE,0.800000001436416
"35a1489e91_t90","3pl_beta","skew_pos","parametric",60,0.9,100,1000,0.898606206978188,0.014676052970528,0.868478136833413,0.923940000219044,0.889749212941338,0.01278815720197,0.885842167643618,0.0116345507699341,TRUE,0.900000001090845
"35a1489e91_t90","3pl_beta","skew_pos","parametric",60,0.9,250,1000,0.899183198824174,0.00940244541737085,0.880044403185636,0.916843222653706,0.89034992365038,0.00817545512340138,0.885950502793536,0.00801842948115364,TRUE,0.900000001090845
"35a1489e91_t90","3pl_beta","skew_pos","parametric",60,0.9,500,1000,0.900594625460881,0.0067641288964415,0.887043519573922,0.91289232406704,0.891530148378133,0.00581885172061516,0.886584256006564,0.00635587408717924,TRUE,0.900000001090845
"35a1489e91_t90","3pl_beta","skew_pos","parametric",60,0.9,1000,1000,0.900404388557545,0.00488031086191265,0.890503144712921,0.908873736097002,0.891424311605926,0.00422840889111754,0.886705604413387,0.00419792958218241,TRUE,0.900000001090845
"35a1489e91_t90","3pl_beta","skew_pos","parametric",60,0.9,2000,1000,0.900683534838916,0.00330893293270977,0.893742005235078,0.906829752049212,0.891678960185382,0.00285004727984942,0.886788081832146,0.00365775276699277,TRUE,0.900000001090845
"35a1489e91_t95","3pl_beta","skew_pos","parametric",60,0.95,100,1000,0.948512241179484,0.007920553078904,0.931349210858981,0.962353310536883,0.932913918783901,0.00497881036619815,0.911136903019308,0.0620752228956886,TRUE,0.950000000738193
"35a1489e91_t95","3pl_beta","skew_pos","parametric",60,0.95,250,1000,0.94928402494556,0.00498438774357576,0.938826038205221,0.95820138243289,0.933766296804967,0.00297591905565768,0.907282152934887,0.0510943397469671,TRUE,0.950000000738193
"35a1489e91_t95","3pl_beta","skew_pos","parametric",60,0.95,500,1000,0.949569895321903,0.00349403136111886,0.942679041945714,0.956325461313479,0.933973180412823,0.00202205955694353,0.900132155453738,0.0681489130932192,TRUE,0.950000000738193
"35a1489e91_t95","3pl_beta","skew_pos","parametric",60,0.95,1000,1000,0.949787407318886,0.0024069784959011,0.944815461341223,0.954357125061554,0.934157946000672,0.00134960249932174,0.902646742084081,0.0471229006038002,TRUE,0.950000000738193
"35a1489e91_t95","3pl_beta","skew_pos","parametric",60,0.95,2000,1000,0.94983525651082,0.00166466004776493,0.946549877758743,0.952940196343282,0.934198361929158,0.000948158326184789,0.897334397037285,0.0507686030193369,TRUE,0.950000000738193
"36956c5526_t50","rasch","bimodal","parametric",10,0.5,100,1000,0.497598047948771,0.0253445662729855,0.44701307009274,0.54512162197562,0.496533489344535,0.0251059566685932,0.495283748387376,0.0249370591217868,TRUE,0.500000000852405
"36956c5526_t50","rasch","bimodal","parametric",10,0.5,250,1000,0.497428607131519,0.01668044029586,0.463575126237695,0.528937364906153,0.49635933402078,0.0165254154035006,0.495084678281223,0.0164169952885403,TRUE,0.500000000852405
"36956c5526_t50","rasch","bimodal","parametric",10,0.5,500,1000,0.498695679083018,0.0114175301753669,0.47559417267216,0.520550774193267,0.497617530774239,0.0113091231609256,0.496331215695713,0.0112319369857355,TRUE,0.500000000852405
"36956c5526_t50","rasch","bimodal","parametric",10,0.5,1000,1000,0.498786581842465,0.00780669911506032,0.484453332475661,0.514760877886885,0.497707974778028,0.0077306530184504,0.496418914948818,0.00767641780894607,TRUE,0.500000000852405
"36956c5526_t50","rasch","bimodal","parametric",10,0.5,2000,1000,0.498958870164353,0.00546916363192548,0.487920699131241,0.509207793366617,0.497878625760836,0.00541650899328217,0.496587010353084,0.00537926176207486,TRUE,0.500000000852405
"36956c5526_t60","rasch","bimodal","parametric",10,0.6,100,1000,0.600269324569899,0.0237933410528191,0.555165940416701,0.644592736560137,0.599156464526841,0.0235483454744145,0.598267550168479,0.0234210321625322,TRUE,0.600000000949199
"36956c5526_t60","rasch","bimodal","parametric",10,0.6,250,1000,0.602333948848141,0.015517430247983,0.569578306703705,0.63099741442844,0.601203395305398,0.0153654980563024,0.600289802907548,0.0152919263411292,TRUE,0.600000000949199
"36956c5526_t60","rasch","bimodal","parametric",10,0.6,500,1000,0.602163348730837,0.0106854434795872,0.57980034929145,0.622812382057788,0.601030351997754,0.0105758272388497,0.600109946684614,0.0105184613902292,TRUE,0.600000000949199
"36956c5526_t60","rasch","bimodal","parametric",10,0.6,1000,1000,0.602521648669434,0.0077130514694318,0.587312956883885,0.617369903446462,0.601389951964741,0.00763585516622206,0.600471351031692,0.0075975797989338,TRUE,0.600000000949199
"36956c5526_t60","rasch","bimodal","parametric",10,0.6,2000,1000,0.602407437139436,0.00542321836780633,0.591066119849403,0.612965161986703,0.601277548830333,0.00536521218037916,0.600359583405878,0.00533416975034232,TRUE,0.600000000949199
"36956c5526_t70","rasch","bimodal","parametric",10,0.7,100,1000,0.697566725114459,0.019250478321998,0.65656975028025,0.732101375339963,0.691705294847678,0.0183533742138867,0.688041351417962,0.0180630490491448,TRUE,0.700000002537524
"36956c5526_t70","rasch","bimodal","parametric",10,0.7,250,1000,0.698053325279377,0.0121816158673262,0.673618407306989,0.721624392921445,0.692160517279063,0.0115942423694536,0.688430952114721,0.0113966772656849,TRUE,0.700000002537524
"36956c5526_t70","rasch","bimodal","parametric",10,0.7,500,1000,0.698319229301796,0.00865867140518127,0.681984347272096,0.714745492909135,0.692421632701159,0.00823143885670207,0.688685917900514,0.00808470960689352,TRUE,0.700000002537524
"36956c5526_t70","rasch","bimodal","parametric",10,0.7,1000,1000,0.698076875365956,0.00647579149408352,0.685096934026087,0.710716145224563,0.692193431295647,0.00614243618760562,0.688454799146165,0.00601229802466384,TRUE,0.700000002537524
"36956c5526_t70","rasch","bimodal","parametric",10,0.7,2000,1000,0.698016816858853,0.00433331902416483,0.688941367120572,0.706174687356177,0.692140280092577,0.00411874651922498,0.688395459785691,0.00403871667477638,TRUE,0.700000002537524
"36956c5526_t80","rasch","bimodal","parametric",10,0.8,100,1000,0.79927995945402,0.0128695912322694,0.772472239901359,0.822243898602963,0.782645396318556,0.0106172156926455,0.773189141983362,0.0103251702158651,TRUE,0.800000000441234
"36956c5526_t80","rasch","bimodal","parametric",10,0.8,250,1000,0.799978744291879,0.00824406023333678,0.782974610835132,0.815564685560928,0.783225452292247,0.00667700355592993,0.773583243721192,0.0062883508070783,TRUE,0.800000000441234
"36956c5526_t80","rasch","bimodal","parametric",10,0.8,500,1000,0.800068870241802,0.00573284379933781,0.788558222272525,0.810613353686932,0.78331912561266,0.00467079854895935,0.773539712191698,0.00448728807618664,TRUE,0.800000000441234
"36956c5526_t80","rasch","bimodal","parametric",10,0.8,1000,1000,0.800251242704446,0.0039145044813812,0.792456998485852,0.807443229098111,0.783499720104928,0.00318686792883674,0.773771312891449,0.00304699912721171,TRUE,0.800000000441234
"36956c5526_t80","rasch","bimodal","parametric",10,0.8,2000,1000,0.800242658069263,0.00275216951957101,0.794341329353324,0.805370690295481,0.783508053074482,0.00225444179608444,0.773799090833629,0.0021970228613509,TRUE,0.800000000441234
"36956c5526_t90","rasch","bimodal","parametric",10,0.9,100,1000,0.900128925647987,0.00673294781717011,0.88592808648383,0.912035732932543,0.86637845208271,0.00422711411141467,0.837940226504686,0.0272285915237104,TRUE,0.900000000425509
"36956c5526_t90","rasch","bimodal","parametric",10,0.9,250,1000,0.900875255280084,0.00401682400815327,0.892430664002551,0.907900936682201,0.866664712967543,0.00252314589694497,0.83437429811173,0.025827672810482,TRUE,0.900000000425509
"36956c5526_t90","rasch","bimodal","parametric",10,0.9,500,1000,0.901014060020925,0.00289810120348119,0.895120926683433,0.906790122510865,0.866884420130404,0.00172661402308273,0.835157749157398,0.0156963863501396,TRUE,0.900000000425509
"36956c5526_t90","rasch","bimodal","parametric",10,0.9,1000,1000,0.900994325681715,0.00201497035090987,0.896804141460381,0.904588750741174,0.866902765335349,0.00119812265745676,0.835147854582568,0.012338239844832,TRUE,0.900000000425509
"36956c5526_t90","rasch","bimodal","parametric",10,0.9,2000,1000,0.901123890771269,0.00142027885535682,0.898074353975112,0.903673203593844,0.866920920749742,0.000847970918461177,0.834928594343547,0.00927920790933009,TRUE,0.900000000425509
"36956c5526_t95","rasch","bimodal","parametric",10,0.95,100,1000,0.949566183125129,0.00751851762317329,0.93353339540836,0.961604408096825,0.889502357013384,0.0162997203348747,0.839905241861117,0.11505111996684,TRUE,0.950000000179754
"36956c5526_t95","rasch","bimodal","parametric",10,0.95,250,1000,0.949750816380818,0.00469718007930022,0.940094552576079,0.95827049201889,0.888823976486463,0.0105230224658598,0.826218793752581,0.120255906232502,TRUE,0.950000000179754
"36956c5526_t95","rasch","bimodal","parametric",10,0.95,500,1000,0.949996753313885,0.00321655943123214,0.943107724878208,0.955558118780644,0.889382342778183,0.00703015298276159,0.809256249865051,0.135544439581158,TRUE,0.950000000179754
"36956c5526_t95","rasch","bimodal","parametric",10,0.95,1000,1000,0.950076427644781,0.00240295214091055,0.945307938238695,0.954661258596938,0.889632147895846,0.00521625864625037,0.794170482464303,0.148836739985217,TRUE,0.950000000179754
"36956c5526_t95","rasch","bimodal","parametric",10,0.95,2000,1000,0.950192558870743,0.00167478913671903,0.946645016902886,0.953405325875651,0.889915188857246,0.00366827461028278,0.78551587288358,0.135913549937536,TRUE,0.950000000179754
"36bd71fd25_t50","2pl","bimodal","irw",20,0.5,100,1000,0.496937090033865,0.0250172753032369,0.447015140119348,0.543194919021451,0.495607373414042,0.0247963956301348,0.494057552315142,0.0246830979726046,TRUE,0.500000000436589
"36bd71fd25_t50","2pl","bimodal","irw",20,0.5,250,1000,0.498664596676934,0.0165078421181608,0.463576877816316,0.529673438352851,0.497322748102522,0.0163612673251425,0.495757336522638,0.0162872977563762,TRUE,0.500000000436589
"36bd71fd25_t50","2pl","bimodal","irw",20,0.5,500,1000,0.498104789789391,0.0118266858441087,0.475136042308605,0.521030865008004,0.496773522711417,0.0117205242381929,0.495213011224208,0.0116666464758183,TRUE,0.500000000436589
"36bd71fd25_t50","2pl","bimodal","irw",20,0.5,1000,1000,0.498218832045819,0.00776022376867724,0.483034708529231,0.513136544414582,0.496880508491037,0.00769100750302749,0.495310080776888,0.00765695880139027,TRUE,0.500000000436589
"36bd71fd25_t50","2pl","bimodal","irw",20,0.5,2000,1000,0.498630091679243,0.00569969983541801,0.487677762846351,0.509331895687398,0.497291151696659,0.00564814722632145,0.495720994063391,0.00562157520270819,TRUE,0.500000000436589
"36bd71fd25_t60","2pl","bimodal","irw",20,0.6,100,1000,0.597975236598417,0.0228640593714018,0.553672115300503,0.638986401947458,0.596689067114326,0.0226375217554912,0.595687724301769,0.0225461350154313,TRUE,0.600000002167396
"36bd71fd25_t60","2pl","bimodal","irw",20,0.6,250,1000,0.597420068135617,0.0147317328612336,0.568527050458985,0.625666117739639,0.59612990205003,0.0145820411562937,0.595110865312358,0.0145200733107697,TRUE,0.600000002167396
"36bd71fd25_t60","2pl","bimodal","irw",20,0.6,500,1000,0.5991380960156,0.0110633466310848,0.576842037490867,0.620202727853023,0.597836421644369,0.0109498644527525,0.596810822556556,0.0109027903699814,TRUE,0.600000002167396
"36bd71fd25_t60","2pl","bimodal","irw",20,0.6,1000,1000,0.598227230046936,0.00755734935079321,0.583940196391887,0.612889855571655,0.596936027745955,0.00747898901593884,0.595913178736291,0.0074459462297924,TRUE,0.600000002167396
"36bd71fd25_t60","2pl","bimodal","irw",20,0.6,2000,1000,0.598966342077586,0.00533045735185142,0.587822091841522,0.609252891606599,0.59766875520584,0.00527592973569561,0.596643280625815,0.00525371373259679,TRUE,0.600000002167396
"36bd71fd25_t70","2pl","bimodal","irw",20,0.7,100,1000,0.699405678905825,0.0219469274577659,0.6533653213477,0.740572563567205,0.698789870195924,0.0218197777902519,0.69847730499554,0.0217781721027865,TRUE,0.700000000533987
"36bd71fd25_t70","2pl","bimodal","irw",20,0.7,250,1000,0.700811333510886,0.0143144763339083,0.672046840948907,0.72686817412308,0.700172579019608,0.0142281949733939,0.699843191236654,0.0141995705686975,TRUE,0.700000000533987
"36bd71fd25_t70","2pl","bimodal","irw",20,0.7,500,1000,0.701040593529544,0.0100064327190959,0.680723796664638,0.720536971427368,0.700401763563033,0.00994536633785871,0.700071292806241,0.00992540259414439,TRUE,0.700000000533987
"36bd71fd25_t70","2pl","bimodal","irw",20,0.7,1000,1000,0.7013933946314,0.00724807191554222,0.686109764928988,0.714945840082914,0.700755834390442,0.00720702705976708,0.700426433618356,0.00719455098069317,TRUE,0.700000000533987
"36bd71fd25_t70","2pl","bimodal","irw",20,0.7,2000,1000,0.701446994755606,0.00521937826887257,0.690727678258963,0.711116700078941,0.700807723849102,0.00518874354896163,0.700476696409766,0.00517906020878416,TRUE,0.700000000533987
"36bd71fd25_t80","2pl","bimodal","irw",20,0.8,100,1000,0.80008453543376,0.0196075355032974,0.759577521100325,0.835890522948027,0.796340597163511,0.019217771300475,0.795535074979138,0.0192147631235411,TRUE,0.800000001533285
"36bd71fd25_t80","2pl","bimodal","irw",20,0.8,250,1000,0.798878824778658,0.0118433609833082,0.775641028045671,0.820706327541826,0.795130944821192,0.0115850719686639,0.794319290314603,0.0115789229943611,TRUE,0.800000001533285
"36bd71fd25_t80","2pl","bimodal","irw",20,0.8,500,1000,0.799688498804465,0.00841985022347459,0.78329031186161,0.815697231080044,0.795933335355316,0.00823995690346897,0.795120810384253,0.00823926710734507,TRUE,0.800000001533285
"36bd71fd25_t80","2pl","bimodal","irw",20,0.8,1000,1000,0.800222840464256,0.00610623406881496,0.787577435186583,0.811739797129363,0.796440983588702,0.00598338288626066,0.795624544083062,0.00598312337911083,TRUE,0.800000001533285
"36bd71fd25_t80","2pl","bimodal","irw",20,0.8,2000,1000,0.800076375047656,0.00428744401186884,0.791882021490817,0.80863306039988,0.796309662293681,0.00419330790894366,0.795496964424528,0.00419056125967575,TRUE,0.800000001533285
"36bd71fd25_t90","2pl","bimodal","irw",20,0.9,100,1000,0.899431312788203,0.00699552323265557,0.884316150913089,0.911577904993653,0.875790745269453,0.00498076232016868,0.86820700730871,0.00533978895787767,TRUE,0.900000000337846
"36bd71fd25_t90","2pl","bimodal","irw",20,0.9,250,1000,0.899450682841165,0.00437134252461198,0.890176673410866,0.906783155769583,0.875944970101648,0.00297180661903349,0.868232407359501,0.00322773012510916,TRUE,0.900000000337846
"36bd71fd25_t90","2pl","bimodal","irw",20,0.9,500,1000,0.899861540032233,0.00301928832933447,0.893791950479718,0.905622315437959,0.876152291358807,0.00204548153983725,0.868394683751683,0.00226156814383599,TRUE,0.900000000337846
"36bd71fd25_t90","2pl","bimodal","irw",20,0.9,1000,1000,0.899973579534086,0.00214922372287446,0.895587976660148,0.903952696438411,0.876231547828344,0.00146565648452956,0.868456863264301,0.00159126236366113,TRUE,0.900000000337846
"36bd71fd25_t90","2pl","bimodal","irw",20,0.9,2000,1000,0.899979643412497,0.00146742202851003,0.897167372878859,0.902836363878705,0.876233276800538,0.000995119901135165,0.868452367572022,0.00109839614233339,TRUE,0.900000000337846
"36bd71fd25_t95","2pl","bimodal","irw",20,0.95,100,1000,0.949100869344127,0.00568082518435756,0.936349389935817,0.95892831524902,0.933713502862641,0.00762553937009454,0.932316961759895,0.00795832667307574,TRUE,0.950000000291356
"36bd71fd25_t95","2pl","bimodal","irw",20,0.95,250,1000,0.950039456456749,0.00351876585675399,0.942820609063946,0.956462031035033,0.934992749901575,0.0046689965620529,0.933609371410303,0.00493703898371445,TRUE,0.950000000291356
"36bd71fd25_t95","2pl","bimodal","irw",20,0.95,500,1000,0.950237029697127,0.0025358101736832,0.945230662562015,0.955199433280065,0.935124829155974,0.00338908952096504,0.933748341464074,0.00361928600345637,TRUE,0.950000000291356
"36bd71fd25_t95","2pl","bimodal","irw",20,0.95,1000,1000,0.950342141732443,0.00173501215413935,0.946884997306473,0.953590099427335,0.935239019414959,0.00231950921343535,0.933881472785552,0.00244527513809423,TRUE,0.950000000291356
"36bd71fd25_t95","2pl","bimodal","irw",20,0.95,2000,1000,0.950268723292803,0.00124762882753125,0.947731852958248,0.952490088395972,0.935136218739397,0.00167987483475344,0.933716299440084,0.00259630294155704,TRUE,0.950000000291356
"38646ef644_t50","3pl_beta","normal","irw",60,0.5,100,1000,0.49736071539038,0.034613592050985,0.429747531383421,0.56229594373391,0.497011189706239,0.0344987316271208,0.49661004292944,0.0344113212874552,TRUE,0.500000000302692
"38646ef644_t50","3pl_beta","normal","irw",60,0.5,250,1000,0.501933455217681,0.0218961080844178,0.459226197317439,0.542446450234852,0.501575250836644,0.0218189102139181,0.501162419184141,0.0217596804425351,TRUE,0.500000000302692
"38646ef644_t50","3pl_beta","normal","irw",60,0.5,500,1000,0.500780851500283,0.0152699162954463,0.473480842085021,0.530794483533786,0.500427608342336,0.0152160762221024,0.500014313271942,0.0151743492213678,TRUE,0.500000000302692
"38646ef644_t50","3pl_beta","normal","irw",60,0.5,1000,1000,0.50147646373273,0.0109974214482222,0.478045227915278,0.522378137682315,0.501120082206535,0.0109582004489035,0.500701611127824,0.0109265963671835,TRUE,0.500000000302692
"38646ef644_t50","3pl_beta","normal","irw",60,0.5,2000,1000,0.502054020100595,0.00801104504356549,0.486400614871685,0.518043484555694,0.501698581957313,0.00798250526298562,0.501282882662726,0.00795986429527932,TRUE,0.500000000302692
"38646ef644_t60","3pl_beta","normal","irw",60,0.6,100,1000,0.599922862461374,0.0323800175712458,0.536177365374274,0.660116029364893,0.598502652366469,0.0320670439199302,0.597290278412832,0.03192653735372,TRUE,0.6000000018758
"38646ef644_t60","3pl_beta","normal","irw",60,0.6,250,1000,0.600389922787896,0.0198483526384762,0.561455140745935,0.636950842254532,0.598955283279562,0.0196396386740876,0.597709895484692,0.0195346673006299,TRUE,0.6000000018758
"38646ef644_t60","3pl_beta","normal","irw",60,0.6,500,1000,0.601307295960064,0.0141782572028764,0.573258196546575,0.62731979803253,0.599877250554473,0.0140367465829055,0.598630614392757,0.013971728557829,TRUE,0.6000000018758
"38646ef644_t60","3pl_beta","normal","irw",60,0.6,1000,1000,0.602192007459064,0.0104413442419311,0.581904789219045,0.622432558078838,0.600743452599399,0.0103299458698909,0.599480199249805,0.0102713742122199,TRUE,0.6000000018758
"38646ef644_t60","3pl_beta","normal","irw",60,0.6,2000,1000,0.602009534918838,0.00732873971863087,0.587123730337249,0.616186023607809,0.600565434084108,0.0072570306969871,0.599305228621275,0.00722643115912141,TRUE,0.6000000018758
"38646ef644_t70","3pl_beta","normal","irw",60,0.7,100,1000,0.697014145580599,0.0281625932157424,0.637650978622889,0.746713784347182,0.693928454494157,0.0275029000598308,0.69187897000955,0.027220312109705,TRUE,0.700000001900049
"38646ef644_t70","3pl_beta","normal","irw",60,0.7,250,1000,0.699486071871893,0.0177751011281076,0.664050659799067,0.732379866104536,0.69635075876224,0.0173440829417622,0.69424003331624,0.0171582488347175,TRUE,0.700000001900049
"38646ef644_t70","3pl_beta","normal","irw",60,0.7,500,1000,0.698506755900453,0.0126243375991887,0.673550799063598,0.723784109715007,0.695394676564372,0.0123030984911519,0.693280002324688,0.0121599612265812,TRUE,0.700000001900049
"38646ef644_t70","3pl_beta","normal","irw",60,0.7,1000,1000,0.698882686980506,0.00872278945361172,0.681735731792502,0.715639559043636,0.695770336274127,0.00850778069032246,0.69365703298541,0.00842102373057114,TRUE,0.700000001900049
"38646ef644_t70","3pl_beta","normal","irw",60,0.7,2000,1000,0.698912164473829,0.00623139614549571,0.686358064326277,0.710385057160555,0.695800701817344,0.00609220797019122,0.693679534897826,0.00603860781479037,TRUE,0.700000001900049
"38646ef644_t80","3pl_beta","normal","irw",60,0.8,100,1000,0.799328192719553,0.0206053824702275,0.757249146073429,0.835189816165641,0.793569405667815,0.0194480238152493,0.790641491209401,0.0190508435790484,TRUE,0.800000003006645
"38646ef644_t80","3pl_beta","normal","irw",60,0.8,250,1000,0.800337965501783,0.0129305564617803,0.773068804358251,0.823512765777199,0.794573899657722,0.0122210233091883,0.791606240578779,0.0119637754661774,TRUE,0.800000003006645
"38646ef644_t80","3pl_beta","normal","irw",60,0.8,500,1000,0.800992721313401,0.00900273387398833,0.782753592658359,0.817045893050923,0.795173887678053,0.00855203454640576,0.792091303615371,0.00842699424986298,TRUE,0.800000003006645
"38646ef644_t80","3pl_beta","normal","irw",60,0.8,1000,1000,0.80102613595361,0.00623168808600187,0.788727126598814,0.8124502273341,0.795226583314482,0.00590018932491279,0.792177061733806,0.00580526380319377,TRUE,0.800000003006645
"38646ef644_t80","3pl_beta","normal","irw",60,0.8,2000,1000,0.800872380954506,0.00456751252568859,0.791597512638526,0.809254693621134,0.795103220813445,0.00432192899041093,0.792064960636128,0.00423699349458432,TRUE,0.800000003006645
"38646ef644_t90","3pl_beta","normal","irw",60,0.9,100,1000,0.899250459714479,0.0119112553070198,0.874124763692394,0.920240283811541,0.896076572604412,0.0115907679906793,0.895555987825332,0.01155961339009,TRUE,0.900000000426538
"38646ef644_t90","3pl_beta","normal","irw",60,0.9,250,1000,0.89997232862598,0.00720242689540826,0.885767002536443,0.913215891875013,0.896788936667489,0.00700193291911944,0.89625532864368,0.00697423612794511,TRUE,0.900000000426538
"38646ef644_t90","3pl_beta","normal","irw",60,0.9,500,1000,0.900167304173426,0.00534315747350932,0.889198986299915,0.910462859113453,0.896976374033016,0.00520205508704745,0.896441402653716,0.00518975415716183,TRUE,0.900000000426538
"38646ef644_t90","3pl_beta","normal","irw",60,0.9,1000,1000,0.900265713479421,0.00361117016539655,0.893283322113824,0.906961276881531,0.897069736253628,0.00351392914715622,0.896528369811934,0.00350241998339647,TRUE,0.900000000426538
"38646ef644_t90","3pl_beta","normal","irw",60,0.9,2000,1000,0.900339592700282,0.00263438223648948,0.894949162889306,0.905513433334524,0.897149652826907,0.00256517796021426,0.896615078236091,0.00255838729003653,TRUE,0.900000000426538
"38646ef644_t95","3pl_beta","normal","irw",60,0.95,100,1000,0.949769301480336,0.00521055707234535,0.938336943210563,0.958929914156673,0.928503673844285,0.00506368225053143,0.899443527289352,0.0476892970642376,TRUE,0.950000000470683
"38646ef644_t95","3pl_beta","normal","irw",60,0.95,250,1000,0.949992134056625,0.00337799890957879,0.942939703423774,0.95628629425353,0.928957248688627,0.00301513588152737,0.898943257091589,0.0380649338882587,TRUE,0.950000000470683
"38646ef644_t95","3pl_beta","normal","irw",60,0.95,500,1000,0.950131354201556,0.00230775673612765,0.945614934935016,0.954411472155622,0.928984484666397,0.00211298610374114,0.897274288374526,0.0271108875807476,TRUE,0.950000000470683
"38646ef644_t95","3pl_beta","normal","irw",60,0.95,1000,1000,0.950170567721489,0.00164332488077546,0.946723875399032,0.953281361751976,0.929078952410785,0.00151158990947875,0.898774777386129,0.0194660044049401,TRUE,0.950000000470683
"38646ef644_t95","3pl_beta","normal","irw",60,0.95,2000,1000,0.950288855938492,0.00110498906085566,0.94806120119823,0.952405752469934,0.929071760260946,0.00106779197696515,0.896679882310256,0.0160599797451374,TRUE,0.950000000470683
"386d8a1996_t50","3pl_beta","skew_pos","parametric",10,0.5,100,1000,0.493760846534019,0.0398958261882851,0.417616546885458,0.573913286690944,0.485438895155585,0.0373151971453138,0.467657429723602,0.0314832477460465,TRUE,0.500000000814092
"386d8a1996_t50","3pl_beta","skew_pos","parametric",10,0.5,250,1000,0.494807579380079,0.0274683278713468,0.44232370556944,0.546364378825497,0.486601639041505,0.025734120701088,0.46855849034505,0.0214328961186321,TRUE,0.500000000814092
"386d8a1996_t50","3pl_beta","skew_pos","parametric",10,0.5,500,1000,0.495055365026299,0.0194319488116205,0.458586997567541,0.533488113390393,0.486920391545356,0.0182061798649619,0.468910352261855,0.0151500121216893,TRUE,0.500000000814092
"386d8a1996_t50","3pl_beta","skew_pos","parametric",10,0.5,1000,1000,0.49620819854944,0.0134317857231431,0.46938802205618,0.521404482919731,0.488029713510026,0.0125798660900757,0.469794445685152,0.0104801776376894,TRUE,0.500000000814092
"386d8a1996_t50","3pl_beta","skew_pos","parametric",10,0.5,2000,1000,0.496370131154925,0.0096875184623163,0.477354764084571,0.51514377343154,0.488197467843082,0.00907805140072635,0.469921842815916,0.00745008672687818,TRUE,0.500000000814092
"386d8a1996_t60","3pl_beta","skew_pos","parametric",10,0.6,100,1000,0.598020038653337,0.0409370663717794,0.515328866397843,0.67683496597406,0.587533429748566,0.0376100081268479,0.568701837459879,0.0307100989601924,TRUE,0.600000000698699
"386d8a1996_t60","3pl_beta","skew_pos","parametric",10,0.6,250,1000,0.59915208872888,0.0241749709006692,0.553088772596549,0.646500696230872,0.588881759660463,0.0222171793211393,0.570160473562448,0.0175653142380529,TRUE,0.600000000698699
"386d8a1996_t60","3pl_beta","skew_pos","parametric",10,0.6,500,1000,0.601686344045949,0.0186191819723261,0.564776950471607,0.637579278265617,0.591301289605424,0.0171012121904056,0.571666730792212,0.0133106814544411,TRUE,0.600000000698699
"386d8a1996_t60","3pl_beta","skew_pos","parametric",10,0.6,1000,1000,0.603340332291288,0.0124604569434257,0.578405252792614,0.62769894335959,0.592851887490768,0.011452874878668,0.572390865429038,0.00922807053673304,TRUE,0.600000000698699
"386d8a1996_t60","3pl_beta","skew_pos","parametric",10,0.6,2000,1000,0.602661416582572,0.00859934087832514,0.585822889953364,0.620088093544744,0.592256349514322,0.00790356688380746,0.57190692924931,0.00655159885170974,TRUE,0.600000000698699
"386d8a1996_t70","3pl_beta","skew_pos","parametric",10,0.7,100,1000,0.698533494889456,0.0322818809078648,0.635970707574303,0.755980790377353,0.675220053443013,0.027634109756946,0.622614994127056,0.0465577853207733,TRUE,0.700000000659776
"386d8a1996_t70","3pl_beta","skew_pos","parametric",10,0.7,250,1000,0.701173042271044,0.0213950564221474,0.658356524290772,0.742407828922679,0.677814239528201,0.0182059540766429,0.620366614090905,0.047706037070173,TRUE,0.700000000659776
"386d8a1996_t70","3pl_beta","skew_pos","parametric",10,0.7,500,1000,0.701106939188546,0.0153725343452759,0.669160962331931,0.731267680488844,0.67796482827168,0.0131204863960521,0.613737288134668,0.0489698420563113,TRUE,0.700000000659776
"386d8a1996_t70","3pl_beta","skew_pos","parametric",10,0.7,1000,1000,0.701802101340489,0.0108785098011999,0.680152139417841,0.723363182860262,0.678588186872786,0.00928694049816137,0.611249185845155,0.0442449417077578,TRUE,0.700000000659776
"386d8a1996_t70","3pl_beta","skew_pos","parametric",10,0.7,2000,1000,0.702789925905218,0.00784589200852399,0.687144338555088,0.718724949608448,0.67942226530274,0.00670420818484389,0.611100179676025,0.0344882937825574,TRUE,0.700000000659776
"386d8a1996_t80","3pl_beta","skew_pos","parametric",10,0.8,100,1000,0.791554422588959,0.0288843076489719,0.730680984585196,0.84650202424508,0.752665800909103,0.025439208074801,0.598235514344637,0.159218772987182,TRUE,0.800000001544688
"386d8a1996_t80","3pl_beta","skew_pos","parametric",10,0.8,250,1000,0.792559562705325,0.0185972484939384,0.752975915686782,0.825654680266995,0.75359330375209,0.0161047421981174,0.566822146233197,0.16721740167083,TRUE,0.800000001544688
"386d8a1996_t80","3pl_beta","skew_pos","parametric",10,0.8,500,1000,0.795135544279598,0.0125377976646611,0.770163392368444,0.818359769238071,0.75591182295283,0.0106744511333969,0.525868928216533,0.169939654406693,TRUE,0.800000001544688
"386d8a1996_t80","3pl_beta","skew_pos","parametric",10,0.8,1000,1000,0.795152093681433,0.00892644146689388,0.776670488370359,0.813079716532096,0.755966310446877,0.00761670990430352,0.482384224617843,0.180365145289878,TRUE,0.800000001544688
"386d8a1996_t80","3pl_beta","skew_pos","parametric",10,0.8,2000,1000,0.794957906118373,0.00644974945695878,0.781315877583317,0.807308655263395,0.755953417687721,0.00563920810744297,0.430372851482616,0.179850196900528,TRUE,0.800000001544688
"386d8a1996_t90","3pl_beta","skew_pos","parametric",10,0.9,100,1000,0.894606159386354,0.0151298760362538,0.86400474545546,0.922352975488064,0.842242279342588,0.0101005723619088,0.657965752022048,0.203798556811226,TRUE,0.900000003909003
"386d8a1996_t90","3pl_beta","skew_pos","parametric",10,0.9,250,1000,0.897278070743567,0.00969538013011859,0.877383559575717,0.915275236072394,0.844281508119512,0.00649350506607251,0.573912457174903,0.223020475355981,TRUE,0.900000003909003
"386d8a1996_t90","3pl_beta","skew_pos","parametric",10,0.9,500,1000,0.897631396394687,0.00664983350251896,0.883763139763239,0.910553220507277,0.844684223172927,0.00442837182366173,0.503738524681587,0.227522696574241,TRUE,0.900000003909003
"386d8a1996_t90","3pl_beta","skew_pos","parametric",10,0.9,1000,1000,0.897803500688349,0.00484094896251743,0.88785480764889,0.906723277190458,0.844893565634741,0.00332050110050516,0.443057950364729,0.222647715995036,TRUE,0.900000003909003
"386d8a1996_t90","3pl_beta","skew_pos","parametric",10,0.9,2000,1000,0.897976383602783,0.00341343933619543,0.890895838348387,0.904577148048822,0.845101777956715,0.00233832727307365,0.376460972895953,0.206725772650434,TRUE,0.900000003909003
"3b32e6d656_t50","2pl","heavy_tail","irw",10,0.5,100,1000,0.495720485901847,0.0552811083971148,0.39584301289635,0.608484382527948,0.492011966061858,0.053495979515615,0.481020473318013,0.0454075407231081,FALSE,0.500000000630486
"3b32e6d656_t50","2pl","heavy_tail","irw",10,0.5,250,1000,0.499131707147352,0.037773562864143,0.433328449111406,0.579991411890934,0.495504766360942,0.0366445216296504,0.482376208452741,0.0361962375814161,FALSE,0.500000000630486
"3b32e6d656_t50","2pl","heavy_tail","irw",10,0.5,500,1000,0.501048789097769,0.0272447467242453,0.45377673932885,0.5590794103953,0.497426174067575,0.0264230945982589,0.483867873532177,0.0240098143340038,FALSE,0.500000000630486
"3b32e6d656_t50","2pl","heavy_tail","irw",10,0.5,1000,1000,0.501437351956844,0.0189438934821555,0.465046913198149,0.540429576452382,0.497835499929049,0.0183926936775844,0.484192360079793,0.0248524831596121,FALSE,0.500000000630486
"3b32e6d656_t50","2pl","heavy_tail","irw",10,0.5,2000,1000,0.501538675733931,0.0140555903027343,0.476819640735163,0.530766860195813,0.497959906176577,0.0136664157002529,0.481475357432639,0.0293281895624267,FALSE,0.500000000630486
"3b32e6d656_t60","2pl","heavy_tail","irw",10,0.6,100,1000,0.588052037525445,0.052079138839474,0.491314768421226,0.695486911346322,0.582323309973258,0.0494894616870832,0.565014987441344,0.0419955370391612,FALSE,0.60000000154087
"3b32e6d656_t60","2pl","heavy_tail","irw",10,0.6,250,1000,0.590278769920217,0.0351648188939259,0.53092777663001,0.658320985900782,0.584708334512256,0.0336778140368639,0.564807146176682,0.0448165431939148,FALSE,0.60000000154087
"3b32e6d656_t60","2pl","heavy_tail","irw",10,0.6,500,1000,0.594998723245364,0.0271571692519452,0.548588937709856,0.649894157984925,0.589328424308251,0.0261154277496,0.563117198603381,0.0450061406535126,FALSE,0.60000000154087
"3b32e6d656_t60","2pl","heavy_tail","irw",10,0.6,1000,1000,0.595447132587712,0.0178739498790583,0.561721581311899,0.631771187665787,0.589774219268473,0.0171079341943817,0.564215308684044,0.0452015083527912,FALSE,0.60000000154087
"3b32e6d656_t60","2pl","heavy_tail","irw",10,0.6,2000,1000,0.595609403257792,0.0129269840426156,0.572859824040253,0.620898572581697,0.58995944559935,0.012402065949239,0.56019639715536,0.0554791739922202,FALSE,0.60000000154087
"3b32e6d656_t70","2pl","heavy_tail","irw",10,0.7,100,1000,0.694533116835379,0.043202781043674,0.61552446411016,0.789526867440114,0.679313787712634,0.0391952130773765,0.646407988258222,0.048449112890956,FALSE,0.700000002632359
"3b32e6d656_t70","2pl","heavy_tail","irw",10,0.7,250,1000,0.698307389921027,0.0295223931380636,0.647232274728673,0.762854490143331,0.683114740239739,0.0272651091852896,0.64197222674449,0.0610251961070657,FALSE,0.700000002632359
"3b32e6d656_t70","2pl","heavy_tail","irw",10,0.7,500,1000,0.700700369385521,0.0229091355054796,0.661575216889485,0.752453600108164,0.685400593581391,0.0212096583167418,0.6337053041669,0.08321621596097,FALSE,0.700000002632359
"3b32e6d656_t70","2pl","heavy_tail","irw",10,0.7,1000,1000,0.702255631932479,0.015508295123485,0.67430739559316,0.735277981450838,0.686865560974237,0.0143437456594864,0.628068281700296,0.0901193968414712,FALSE,0.700000002632359
"3b32e6d656_t70","2pl","heavy_tail","irw",10,0.7,2000,1000,0.701918276119565,0.0113525109752854,0.681683416624793,0.725293930126548,0.686604234381047,0.010550251863247,0.619894804918845,0.100963288586873,FALSE,0.700000002632359
"3b32e6d656_t80","2pl","heavy_tail","irw",10,0.8,100,1000,0.793811468170521,0.0363318346326087,0.718780318720242,0.865323062629903,0.783585777954598,0.0326690992348802,0.685232277017125,0.176961612807854,FALSE,0.800000001307411
"3b32e6d656_t80","2pl","heavy_tail","irw",10,0.8,250,1000,0.79793642213568,0.0238143751853348,0.749212506498323,0.845092743538264,0.787993850612317,0.0215770312607422,0.635470027275964,0.22345903001251,FALSE,0.800000001307411
"3b32e6d656_t80","2pl","heavy_tail","irw",10,0.8,500,1000,0.799816425482648,0.0179919947039007,0.766660561785016,0.835304826252475,0.789884777648764,0.0165017513874755,0.572958117055209,0.251843659873862,FALSE,0.800000001307411
"3b32e6d656_t80","2pl","heavy_tail","irw",10,0.8,1000,1000,0.800061046046093,0.012514044445093,0.77630828981464,0.825476895754758,0.790113409935767,0.011410580737291,0.485003589232092,0.276296560081502,FALSE,0.800000001307411
"3b32e6d656_t80","2pl","heavy_tail","irw",10,0.8,2000,1000,0.800374879827912,0.00941043278850828,0.783434646602073,0.819280582422928,0.790514989564752,0.00867370561132177,0.378762752412044,0.284677166017878,FALSE,0.800000001307411
"3b32e6d656_t90","2pl","heavy_tail","irw",10,0.9,100,1000,0.896455013361318,0.0226837343074723,0.850330358812062,0.936643779765615,0.802090309908382,0.0299790919982264,0.445357475486024,0.312929241596078,FALSE,0.900000000578821
"3b32e6d656_t90","2pl","heavy_tail","irw",10,0.9,250,1000,0.899958666960906,0.0148392312608039,0.86985305806016,0.926447924405899,0.806253175424359,0.0203106240720602,0.254867697357933,0.290644692946692,FALSE,0.900000000578821
"3b32e6d656_t90","2pl","heavy_tail","irw",10,0.9,500,1000,0.900642733700999,0.00995593235503961,0.880006467162624,0.920647715537121,0.806716326352285,0.013569085767176,0.118717716347227,0.210242966939212,FALSE,0.900000000578821
"3b32e6d656_t90","2pl","heavy_tail","irw",10,0.9,1000,1000,0.900682612398053,0.00749669502113814,0.886314298969937,0.915355385195504,0.806786781512353,0.0103174407389783,0.0396713307063392,0.10642931722643,FALSE,0.900000000578821
"3b32e6d656_t90","2pl","heavy_tail","irw",10,0.9,2000,1000,0.901381339273863,0.00554307007747773,0.890490532643216,0.912451368743501,0.807646826659041,0.00758135483385051,0.00705026965841638,0.0331853701412008,FALSE,0.900000000578821
"3c97180640_t50","3pl_g20","bimodal","parametric",40,0.5,100,1000,0.499148869051843,0.0259301295198554,0.444405312420505,0.547824757071176,0.498335411364899,0.0257739457652506,0.497393603127612,0.0256784133645909,TRUE,0.500000000081509
"3c97180640_t50","3pl_g20","bimodal","parametric",40,0.5,250,1000,0.501416243640457,0.0160255090660036,0.47123250772943,0.529992838334189,0.500593662521118,0.0159274413544146,0.499637810377099,0.0158688392821794,TRUE,0.500000000081509
"3c97180640_t50","3pl_g20","bimodal","parametric",40,0.5,500,1000,0.500982036157307,0.0116175629587788,0.477444839088788,0.523040070437924,0.500156438905297,0.0115434911063228,0.499193422912436,0.0114980294563258,TRUE,0.500000000081509
"3c97180640_t50","3pl_g20","bimodal","parametric",40,0.5,1000,1000,0.500790090849536,0.00801117756193709,0.485343095745862,0.516363608359285,0.499966414216594,0.00796194667808882,0.499002305588067,0.00793205263519849,TRUE,0.500000000081509
"3c97180640_t50","3pl_g20","bimodal","parametric",40,0.5,2000,1000,0.501423004585018,0.00580036946973721,0.490240544367367,0.512471346080505,0.50059597467483,0.00576446406486069,0.499629072526761,0.0057433077444927,TRUE,0.500000000081509
"3c97180640_t60","3pl_g20","bimodal","parametric",40,0.6,100,1000,0.596031522173893,0.0249029988456837,0.544694603467193,0.645623813408941,0.595021803462573,0.0247080546464692,0.594213092622103,0.0246265108066644,TRUE,0.600000002263612
"3c97180640_t60","3pl_g20","bimodal","parametric",40,0.6,250,1000,0.596289768933627,0.0150424361264446,0.567078300517858,0.626878500316208,0.595272704405328,0.0149218255741795,0.594447965055192,0.0148714471412301,TRUE,0.600000002263612
"3c97180640_t60","3pl_g20","bimodal","parametric",40,0.6,500,1000,0.596471747339893,0.0105297764062258,0.573692105736196,0.615418416951076,0.595456939492349,0.0104450328415581,0.594631655510879,0.0104081386075042,TRUE,0.600000002263612
"3c97180640_t60","3pl_g20","bimodal","parametric",40,0.6,1000,1000,0.596514559416192,0.00809806380482153,0.581172713127371,0.611507132560692,0.595498330490291,0.00803253363218107,0.594671374504193,0.00800413913855343,TRUE,0.600000002263612
"3c97180640_t60","3pl_g20","bimodal","parametric",40,0.6,2000,1000,0.596679369512012,0.00539969442937401,0.58620867016316,0.607315739690751,0.595660249919924,0.00535552145892411,0.594829775453403,0.00533580680991241,TRUE,0.600000002263612
"3c97180640_t70","3pl_g20","bimodal","parametric",40,0.7,100,1000,0.698908860921,0.0208371424373521,0.654077932189837,0.736160567341089,0.696765939375582,0.0204774942957431,0.695531127925833,0.0203632556643941,TRUE,0.700000003045847
"3c97180640_t70","3pl_g20","bimodal","parametric",40,0.7,250,1000,0.70021753518033,0.0127915661145449,0.672163052821203,0.723325112024835,0.698058584332346,0.0125676937653876,0.696807590775632,0.0124982375618621,TRUE,0.700000003045847
"3c97180640_t70","3pl_g20","bimodal","parametric",40,0.7,500,1000,0.700923042906509,0.0094664550971414,0.681651978982491,0.718044366757512,0.698759363947192,0.00929604405204511,0.697508811489909,0.00924272599956603,TRUE,0.700000003045847
"3c97180640_t70","3pl_g20","bimodal","parametric",40,0.7,1000,1000,0.70071899832326,0.00642146906567148,0.688143599362349,0.713076295865632,0.698555173092475,0.0062998983255602,0.697298165297674,0.00625960208311298,TRUE,0.700000003045847
"3c97180640_t70","3pl_g20","bimodal","parametric",40,0.7,2000,1000,0.700651680867516,0.00478219466158111,0.690899498887625,0.709423234175336,0.698492407181944,0.00469261622271746,0.697239325956864,0.00466279389101392,TRUE,0.700000003045847
"3c97180640_t80","3pl_g20","bimodal","parametric",40,0.8,100,1000,0.798006757790988,0.0144886622254895,0.767136718478673,0.825390624444459,0.790346253126144,0.0135314885134286,0.787221145666331,0.0133713638877002,TRUE,0.80000000209579
"3c97180640_t80","3pl_g20","bimodal","parametric",40,0.8,250,1000,0.798816279630232,0.0093485830038773,0.780098614760964,0.815844189196016,0.791072323249978,0.00877092886955013,0.787895959974824,0.00869763288539093,TRUE,0.80000000209579
"3c97180640_t80","3pl_g20","bimodal","parametric",40,0.8,500,1000,0.799071338834697,0.00628998084000256,0.786252089536091,0.810231290753538,0.791299205994724,0.00586423860148521,0.788083034079606,0.00578747966367378,TRUE,0.80000000209579
"3c97180640_t80","3pl_g20","bimodal","parametric",40,0.8,1000,1000,0.799821010071774,0.00431016215740618,0.791364237914364,0.808087364503661,0.792013091511308,0.00400907205625165,0.788791023939058,0.00394304849809634,TRUE,0.80000000209579
"3c97180640_t80","3pl_g20","bimodal","parametric",40,0.8,2000,1000,0.799479083934192,0.00316393185217275,0.792975779888625,0.805648516317376,0.791694127014725,0.00295359995166803,0.78847761891302,0.00291703096118339,TRUE,0.80000000209579
"3c97180640_t90","3pl_g20","bimodal","parametric",40,0.9,100,1000,0.898398007442731,0.00841338939580856,0.880037623895986,0.913623632370112,0.890189906976135,0.00729217819417357,0.887131636916455,0.00800172384720268,TRUE,0.900000001094305
"3c97180640_t90","3pl_g20","bimodal","parametric",40,0.9,250,1000,0.899043663794714,0.00490139921440393,0.888866778876008,0.908039263683768,0.890812350215303,0.00431726592362113,0.887745346505557,0.0048707583919362,TRUE,0.900000001094305
"3c97180640_t90","3pl_g20","bimodal","parametric",40,0.9,500,1000,0.8990647356941,0.00347009336134563,0.892458974173302,0.905482911603503,0.89083819263731,0.003011446083429,0.887836592096493,0.00333347365365663,TRUE,0.900000001094305
"3c97180640_t90","3pl_g20","bimodal","parametric",40,0.9,1000,1000,0.899286107389691,0.00251555940485922,0.89426576219663,0.904486208838873,0.891001178900499,0.00215315807534419,0.887943940280903,0.00232592162191842,TRUE,0.900000001094305
"3c97180640_t90","3pl_g20","bimodal","parametric",40,0.9,2000,1000,0.899326151131528,0.00175140750190347,0.895765285009759,0.902618695630128,0.891036740515319,0.00151022548584461,0.887975715223317,0.00167406882098792,TRUE,0.900000001094305
"3c97180640_t95","3pl_g20","bimodal","parametric",40,0.95,100,1000,0.949754593927225,0.00399463015337877,0.940933813691434,0.956536618161322,0.934099467810705,0.00392283167713136,0.928029565356307,0.00716654415542397,TRUE,0.9500000005549
"3c97180640_t95","3pl_g20","bimodal","parametric",40,0.95,250,1000,0.949839511067476,0.00238637900608825,0.94502249707606,0.95443722048853,0.934256865193749,0.00241863903691443,0.927924948837082,0.00989466989653724,TRUE,0.9500000005549
"3c97180640_t95","3pl_g20","bimodal","parametric",40,0.95,500,1000,0.949854638606597,0.00169601563723544,0.946579349741476,0.95301309086255,0.93418324466705,0.00166783865532654,0.927552435605147,0.0130627971074758,TRUE,0.9500000005549
"3c97180640_t95","3pl_g20","bimodal","parametric",40,0.95,1000,1000,0.949941574121238,0.00118153602980747,0.947614909645189,0.952218700905157,0.934234435867904,0.00124747846364853,0.927950571422438,0.00242512187968164,TRUE,0.9500000005549
"3c97180640_t95","3pl_g20","bimodal","parametric",40,0.95,2000,1000,0.950034007246514,0.000818023679783716,0.948402924435668,0.951639369026339,0.934277010902597,0.000815762937442471,0.927993442398147,0.00158348352713926,TRUE,0.9500000005549
"3f59517c02_t50","3pl_g20","skew_pos","irw",20,0.5,100,1000,0.491676102619497,0.0434865015743121,0.411364516363911,0.573393636766679,0.489553568799921,0.0427045530980261,0.486390451730367,0.0415378726880293,TRUE,0.500000000112042
"3f59517c02_t50","3pl_g20","skew_pos","irw",20,0.5,250,1000,0.494182763891366,0.0275028922558419,0.439984607113423,0.548584596615949,0.492076292389587,0.0270119660670707,0.488862155315115,0.0262539907927955,TRUE,0.500000000112042
"3f59517c02_t50","3pl_g20","skew_pos","irw",20,0.5,500,1000,0.494927546502201,0.0199970874331845,0.457919202159525,0.532377248845902,0.492837390138759,0.0196382589022521,0.489605396304902,0.0190291636949822,TRUE,0.500000000112042
"3f59517c02_t50","3pl_g20","skew_pos","irw",20,0.5,1000,1000,0.495636873796267,0.0142850633189713,0.468387534339132,0.522911956556754,0.493531601077087,0.0140304256479607,0.490229321663897,0.0136192009122796,TRUE,0.500000000112042
"3f59517c02_t50","3pl_g20","skew_pos","irw",20,0.5,2000,1000,0.495374669158488,0.00974159762502824,0.476874801373082,0.514262276121066,0.493276186961949,0.00956445079695186,0.489973018552792,0.00925887323624642,TRUE,0.500000000112042
"3f59517c02_t60","3pl_g20","skew_pos","irw",20,0.6,100,1000,0.595836309187961,0.0413389819243476,0.514928760136112,0.672793817866878,0.588666675342955,0.0395245270218675,0.580354886471316,0.0372630716887228,TRUE,0.600000000712526
"3f59517c02_t60","3pl_g20","skew_pos","irw",20,0.6,250,1000,0.596999871497226,0.0266974443165625,0.540849861508554,0.648943941509629,0.589881935980784,0.025522025406557,0.581455038930035,0.0238522016245717,TRUE,0.600000000712526
"3f59517c02_t60","3pl_g20","skew_pos","irw",20,0.6,500,1000,0.598815029862783,0.0180281738434405,0.56526655694678,0.634424578594469,0.591664483940432,0.0172284457097019,0.583060867300789,0.0160108467308367,TRUE,0.600000000712526
"3f59517c02_t60","3pl_g20","skew_pos","irw",20,0.6,1000,1000,0.599500533357098,0.0130332100876078,0.575752839608493,0.626112667277486,0.592335340223923,0.0124348184597373,0.583744123848451,0.0115533761604616,TRUE,0.600000000712526
"3f59517c02_t60","3pl_g20","skew_pos","irw",20,0.6,2000,1000,0.599355128713387,0.00923587564918843,0.581451440046241,0.617544370696798,0.59219714240251,0.00882637054891177,0.583615252899464,0.00822090379364566,TRUE,0.600000000712526
"3f59517c02_t70","3pl_g20","skew_pos","irw",20,0.7,100,1000,0.692105603348455,0.0377036222326292,0.613510566375917,0.760793024927056,0.684422543219442,0.0354076162554669,0.674923294653362,0.0314156014866714,TRUE,0.70000000145997
"3f59517c02_t70","3pl_g20","skew_pos","irw",20,0.7,250,1000,0.694282213567357,0.0232629412214972,0.647334412894076,0.73915833621396,0.68667491240745,0.0218120861502524,0.677244183231549,0.0191680400403927,TRUE,0.70000000145997
"3f59517c02_t70","3pl_g20","skew_pos","irw",20,0.7,500,1000,0.694747951327926,0.0162171377073139,0.663452230521913,0.725716467409959,0.687153661389638,0.015179418089689,0.677523892699935,0.0131522940176822,TRUE,0.70000000145997
"3f59517c02_t70","3pl_g20","skew_pos","irw",20,0.7,1000,1000,0.696168042945076,0.0111837269829387,0.673241618373079,0.716750176130558,0.688507188246513,0.0104907424555043,0.678453246820742,0.00956402180715716,TRUE,0.70000000145997
"3f59517c02_t70","3pl_g20","skew_pos","irw",20,0.7,2000,1000,0.696974650609351,0.00832553029131703,0.680934610602573,0.712958549834902,0.689267446874611,0.00780069251657455,0.67916001407907,0.00676591785215504,TRUE,0.70000000145997
"3f59517c02_t80","3pl_g20","skew_pos","irw",20,0.8,100,1000,0.79838082763535,0.0271623371858043,0.741645793974505,0.846974046556634,0.790264824157031,0.0240754102805628,0.770771240014691,0.0414202217988677,TRUE,0.800000000611843
"3f59517c02_t80","3pl_g20","skew_pos","irw",20,0.8,250,1000,0.800584089339852,0.0174069969389733,0.763079251043084,0.832032068551304,0.792439766865178,0.0154308371950328,0.77143951061361,0.0323648903316726,TRUE,0.800000000611843
"3f59517c02_t80","3pl_g20","skew_pos","irw",20,0.8,500,1000,0.80037662215391,0.0124210321837782,0.77603093959813,0.824061719497986,0.792371025452326,0.0109445622366001,0.767929579741252,0.0412784762549112,TRUE,0.800000000611843
"3f59517c02_t80","3pl_g20","skew_pos","irw",20,0.8,1000,1000,0.800375235454999,0.00888189313453859,0.783676732301142,0.816835346694498,0.792406308982501,0.00782517233962922,0.767063104517504,0.0385354838316022,TRUE,0.800000000611843
"3f59517c02_t80","3pl_g20","skew_pos","irw",20,0.8,2000,1000,0.80105165363468,0.00608128107412426,0.788881420085382,0.813430178867502,0.793023218394975,0.00535792550431825,0.76747184296021,0.0296031501612976,TRUE,0.800000000611843
"3f59517c02_t90","3pl_g20","skew_pos","irw",20,0.9,100,1000,0.895290062182453,0.0156145675366254,0.860789311155209,0.923054096143111,0.864973453888712,0.00959234648817596,0.760072397652581,0.140724850891273,TRUE,0.900000001211639
"3f59517c02_t90","3pl_g20","skew_pos","irw",20,0.9,250,1000,0.896608988768315,0.00927614985392158,0.878053749446488,0.912986041824393,0.866226221418883,0.00545469314219268,0.742542733376349,0.13406211390936,TRUE,0.900000001211639
"3f59517c02_t90","3pl_g20","skew_pos","irw",20,0.9,500,1000,0.897223685702025,0.00674921401218909,0.883420916890536,0.909792765073456,0.866687975114615,0.00401606925327802,0.71458922643864,0.148552257198868,TRUE,0.900000001211639
"3f59517c02_t90","3pl_g20","skew_pos","irw",20,0.9,1000,1000,0.897602082746072,0.00478283016831214,0.888354041340052,0.906659997692168,0.866984187640339,0.00286289936593054,0.698954483728692,0.137491013100612,TRUE,0.900000001211639
"3f59517c02_t90","3pl_g20","skew_pos","irw",20,0.9,2000,1000,0.897593376816629,0.00331148554480403,0.890957279316466,0.903475471855652,0.867113275924135,0.00195894042408806,0.6842151579481,0.131484874645519,TRUE,0.900000001211639
"4144a5f588_t50","3pl_beta","heavy_tail","parametric",10,0.5,100,1000,0.497258816752043,0.0513429248111406,0.401885298586101,0.59501113737275,0.491119084582925,0.0487757646760971,0.436246410988418,0.0885185684086063,FALSE,0.500000000135553
"4144a5f588_t50","3pl_beta","heavy_tail","parametric",10,0.5,250,1000,0.49975054663109,0.0338155492096695,0.438907247364403,0.575033716411545,0.493745335513488,0.0321242460433803,0.426855202474757,0.093800364073191,FALSE,0.500000000135553
"4144a5f588_t50","3pl_beta","heavy_tail","parametric",10,0.5,500,1000,0.504399053040787,0.0289135002233709,0.455334392106101,0.564994108289612,0.498319241289935,0.0277212047652361,0.399757848988999,0.115618201525481,FALSE,0.500000000135553
"4144a5f588_t50","3pl_beta","heavy_tail","parametric",10,0.5,1000,1000,0.503150662461588,0.0189595130156682,0.470516880058383,0.544317730407658,0.497168442820054,0.018142162486002,0.374793153238335,0.123725163735341,FALSE,0.500000000135553
"4144a5f588_t50","3pl_beta","heavy_tail","parametric",10,0.5,2000,1000,0.504019201957414,0.0143253865942089,0.47993246713012,0.533303826662801,0.498010461424127,0.0137295659374602,0.348739324547403,0.131893315355041,FALSE,0.500000000135553
"4144a5f588_t60","3pl_beta","heavy_tail","parametric",10,0.6,100,1000,0.584802037517781,0.051358773998608,0.494347722410713,0.688009853796785,0.570908101302721,0.0467858352148415,0.469849737590553,0.113764478893509,FALSE,0.600000000190118
"4144a5f588_t60","3pl_beta","heavy_tail","parametric",10,0.6,250,1000,0.589960287572259,0.0341330560318894,0.5279733133663,0.662474772122437,0.575912250701633,0.0312069720898249,0.441085117797258,0.136240251672344,FALSE,0.600000000190118
"4144a5f588_t60","3pl_beta","heavy_tail","parametric",10,0.6,500,1000,0.591501145276337,0.0256569545854492,0.54558053798724,0.646426948312253,0.577450608180699,0.0235747759063387,0.415181202310187,0.143698088555059,FALSE,0.600000000190118
"4144a5f588_t60","3pl_beta","heavy_tail","parametric",10,0.6,1000,1000,0.59316017680507,0.0179053568389695,0.560231358390556,0.629156215150179,0.579106527862303,0.0164612224313292,0.362121271864012,0.162747090925292,FALSE,0.600000000190118
"4144a5f588_t60","3pl_beta","heavy_tail","parametric",10,0.6,2000,1000,0.593799096986113,0.0139962997059778,0.570537116452108,0.623372796030643,0.579722160354276,0.0130464523070425,0.31877085900578,0.170828530164821,FALSE,0.600000000190118
"4144a5f588_t70","3pl_beta","heavy_tail","parametric",10,0.7,100,1000,0.687816986718644,0.0415753984271011,0.611499058758024,0.770369894067876,0.644879123581838,0.0340005110190334,0.50579227867246,0.0935651094432512,FALSE,0.700000002247067
"4144a5f588_t70","3pl_beta","heavy_tail","parametric",10,0.7,250,1000,0.693740557532281,0.0283382175245144,0.640044643401085,0.753613282716609,0.650555357481528,0.0236934078553012,0.479694740138909,0.105711682983231,FALSE,0.700000002247067
"4144a5f588_t70","3pl_beta","heavy_tail","parametric",10,0.7,500,1000,0.696495745982732,0.0214550825757646,0.658389583322919,0.741780138369032,0.653081312080693,0.0184000400068851,0.456427477642494,0.120181712860238,FALSE,0.700000002247067
"4144a5f588_t70","3pl_beta","heavy_tail","parametric",10,0.7,1000,1000,0.698988401851228,0.0170418635217963,0.670145965819413,0.732761880953777,0.655357103503441,0.0149398308148008,0.428079176516951,0.13535053421449,FALSE,0.700000002247067
"4144a5f588_t70","3pl_beta","heavy_tail","parametric",10,0.7,2000,1000,0.69805346766404,0.0107837760098623,0.678085062571507,0.72111690153469,0.654477762070753,0.00919645853251684,0.406311059040897,0.137393471067157,FALSE,0.700000002247067
"4144a5f588_t80","3pl_beta","heavy_tail","parametric",10,0.8,100,1000,0.79439809464282,0.0337167113150418,0.730574035476962,0.86692512117437,0.756303510491841,0.0270662915564416,0.33880476953231,0.274386780193079,FALSE,0.800000001511565
"4144a5f588_t80","3pl_beta","heavy_tail","parametric",10,0.8,250,1000,0.799412707370157,0.0234176939085911,0.759049553735927,0.851086909853888,0.760865022096176,0.0194187217984731,0.179438707838282,0.215266516378777,FALSE,0.800000001511565
"4144a5f588_t80","3pl_beta","heavy_tail","parametric",10,0.8,500,1000,0.798598620572525,0.016055739225777,0.769401500345614,0.831345601899306,0.760478206712483,0.0131192026475663,0.0938390764631652,0.15579184738502,FALSE,0.800000001511565
"4144a5f588_t80","3pl_beta","heavy_tail","parametric",10,0.8,1000,1000,0.800300498692028,0.0117083884617301,0.77858069304478,0.82467553567392,0.761920248190407,0.00987168899314733,0.0288027781229724,0.0667815890169715,FALSE,0.800000001511565
"4144a5f588_t80","3pl_beta","heavy_tail","parametric",10,0.8,2000,1000,0.800603230296204,0.00900685211796137,0.784253727955161,0.819720744048797,0.762299790920753,0.00761131829202041,0.00793339033780284,0.0275082481489757,FALSE,0.800000001511565
"4144a5f588_t90","3pl_beta","heavy_tail","parametric",10,0.9,100,1000,0.895556272066195,0.0185757734755771,0.857996009358047,0.930837464938487,0.794585675382279,0.0190600103027423,0.014141447357005,0.0560786681520587,FALSE,0.900000000345859
"4144a5f588_t90","3pl_beta","heavy_tail","parametric",10,0.9,250,1000,0.898210447215222,0.0130266675147733,0.873215543304754,0.92266155638259,0.796620675331595,0.0128604530330153,0.00074589581935477,0.00713709598975746,FALSE,0.900000000345859
"4144a5f588_t90","3pl_beta","heavy_tail","parametric",10,0.9,500,1000,0.898749295773429,0.00918428029165213,0.881431045139312,0.917865768683745,0.796761988784741,0.0091411269730939,4.07366175407143e-05,0.000386048536404634,FALSE,0.900000000345859
"4144a5f588_t90","3pl_beta","heavy_tail","parametric",10,0.9,1000,1000,0.899660176476627,0.00694592387184764,0.886432663270405,0.913309387546938,0.797804166689286,0.00698178319683641,1.09377385686722e-06,1.8136017885907e-05,FALSE,0.900000000345859
"4144a5f588_t90","3pl_beta","heavy_tail","parametric",10,0.9,2000,1000,0.900112832899088,0.00517033207392931,0.8906233353643,0.910633851305599,0.798452190297179,0.00498425646570632,3.15580550823115e-08,6.4015026891556e-07,FALSE,0.900000000345859
"45b7a1f907_t50","3pl_beta","normal","parametric",40,0.5,100,1000,0.495589632413449,0.0356879886099092,0.420870570760765,0.562079323749088,0.494715916843244,0.0354073852200943,0.493610329543443,0.0351684519978196,TRUE,0.500000000261288
"45b7a1f907_t50","3pl_beta","normal","parametric",40,0.5,250,1000,0.498602755438112,0.020496254142114,0.460827862818385,0.538690572256687,0.497734170199955,0.0203348120933398,0.49662319327663,0.0201996517987782,TRUE,0.500000000261288
"45b7a1f907_t50","3pl_beta","normal","parametric",40,0.5,500,1000,0.499244357386062,0.0151387616792001,0.468447869147097,0.52803428332489,0.498366978373148,0.0150154121633411,0.497235878893524,0.0149103807897787,TRUE,0.500000000261288
"45b7a1f907_t50","3pl_beta","normal","parametric",40,0.5,1000,1000,0.499307780867888,0.0107623575038079,0.479067153958134,0.519280956271096,0.498433565888175,0.0106733602646842,0.497305885521985,0.0105933664626506,TRUE,0.500000000261288
"45b7a1f907_t50","3pl_beta","normal","parametric",40,0.5,2000,1000,0.499962586933603,0.00721543783553673,0.486270915086728,0.514557568150841,0.499083550057276,0.00715853438297312,0.497949390425258,0.00711006510006568,TRUE,0.500000000261288
"45b7a1f907_t60","3pl_beta","normal","parametric",40,0.6,100,1000,0.594910487479608,0.0320067028159331,0.531715815775705,0.653975432495163,0.59292357365474,0.0314851449485779,0.590965944681714,0.0311289239015067,TRUE,0.600000000877085
"45b7a1f907_t60","3pl_beta","normal","parametric",40,0.6,250,1000,0.597186467343529,0.019464259130081,0.559132619996075,0.634025066830282,0.595213898488119,0.0191472270805251,0.593270028417602,0.0189370806781099,TRUE,0.600000000877085
"45b7a1f907_t60","3pl_beta","normal","parametric",40,0.6,500,1000,0.597471962131294,0.0143119599547088,0.568309853374873,0.623464970206712,0.595503041350761,0.0140706130763878,0.593547172570887,0.0139074481810104,TRUE,0.600000000877085
"45b7a1f907_t60","3pl_beta","normal","parametric",40,0.6,1000,1000,0.597858878374759,0.00987227688853041,0.577893619951668,0.616051373130154,0.595888447956951,0.00971054226693733,0.59392888153349,0.00960705332863658,TRUE,0.600000000877085
"45b7a1f907_t60","3pl_beta","normal","parametric",40,0.6,2000,1000,0.598002808547062,0.00677025028261445,0.58511549405091,0.611417431181754,0.596033164644385,0.00665539774330018,0.594070457093324,0.00657655086238506,TRUE,0.600000000877085
"45b7a1f907_t70","3pl_beta","normal","parametric",40,0.7,100,1000,0.69725271210709,0.0277894634369608,0.639988995977232,0.748296025900424,0.691144463886316,0.0265890757920206,0.686605727472831,0.026024154840104,TRUE,0.700000000400621
"45b7a1f907_t70","3pl_beta","normal","parametric",40,0.7,250,1000,0.699075082045078,0.0172120008380227,0.663568955970583,0.730130546589093,0.692891990742754,0.0164594172632781,0.688181294182175,0.0160789881784513,TRUE,0.700000000400621
"45b7a1f907_t70","3pl_beta","normal","parametric",40,0.7,500,1000,0.699942757540881,0.0119280085545472,0.675763605798544,0.721621136971807,0.693766918208728,0.0114072605493897,0.6890535266493,0.0111655608897808,TRUE,0.700000000400621
"45b7a1f907_t70","3pl_beta","normal","parametric",40,0.7,1000,1000,0.699874180692349,0.00837011141404535,0.683473786337473,0.715460827695173,0.693673628818526,0.00798772524063499,0.688909483412119,0.00780932120141878,TRUE,0.700000000400621
"45b7a1f907_t70","3pl_beta","normal","parametric",40,0.7,2000,1000,0.699761174121121,0.00607923667499131,0.687929280571274,0.711316414225252,0.693589666014627,0.00581511220272528,0.688872127920967,0.00568994871818577,TRUE,0.700000000400621
"45b7a1f907_t80","3pl_beta","normal","parametric",40,0.8,100,1000,0.799002643592631,0.0198712851384293,0.758347911776763,0.832775160353907,0.789687085170385,0.0179097130534227,0.782977661837364,0.0172862524574716,TRUE,0.800000002246154
"45b7a1f907_t80","3pl_beta","normal","parametric",40,0.8,250,1000,0.800143363498667,0.0121404624477928,0.77557017996746,0.822670921505949,0.790724297183192,0.0109297712583661,0.783603112712343,0.0108292571458862,TRUE,0.800000002246154
"45b7a1f907_t80","3pl_beta","normal","parametric",40,0.8,500,1000,0.800398270160016,0.00845601006720996,0.783946194686233,0.815489737459731,0.791035350678588,0.00763599149878424,0.783872424837693,0.00750702460154248,TRUE,0.800000002246154
"45b7a1f907_t80","3pl_beta","normal","parametric",40,0.8,1000,1000,0.80059159376453,0.00591348579636091,0.789526053778982,0.811924015787212,0.791221836569236,0.00531307944326404,0.784151112828785,0.00524068921899592,TRUE,0.800000002246154
"45b7a1f907_t80","3pl_beta","normal","parametric",40,0.8,2000,1000,0.800799092833879,0.00408937196493375,0.792807315796478,0.808555830620739,0.791409369410673,0.00366311194525897,0.784346637756483,0.0035715168592504,TRUE,0.800000002246154
"45b7a1f907_t90","3pl_beta","normal","parametric",40,0.9,100,1000,0.898118935673253,0.0104331444929769,0.87615054101978,0.915799991737467,0.881026398748397,0.00816654442767486,0.869559806068328,0.0214368608526089,TRUE,0.900000001416252
"45b7a1f907_t90","3pl_beta","normal","parametric",40,0.9,250,1000,0.898876511259619,0.00657983552942474,0.885840516942759,0.910739840836769,0.88179130733246,0.00501641713071783,0.86921186416493,0.019660282499119,TRUE,0.900000001416252
"45b7a1f907_t90","3pl_beta","normal","parametric",40,0.9,500,1000,0.898912502554611,0.0047415744653737,0.889245520079964,0.907699090253731,0.881882561919879,0.00363716758903529,0.869390842072185,0.0141335223854945,TRUE,0.900000001416252
"45b7a1f907_t90","3pl_beta","normal","parametric",40,0.9,1000,1000,0.899317390157019,0.00335201680066055,0.892770822230827,0.905513375587489,0.882144945881784,0.00259546794951405,0.869281346330836,0.0131664304076333,TRUE,0.900000001416252
"45b7a1f907_t90","3pl_beta","normal","parametric",40,0.9,2000,1000,0.899056351472285,0.00233917411323178,0.89411900583827,0.903632595080756,0.882000332440842,0.00179959874110886,0.869649788448163,0.00863198006325453,TRUE,0.900000001416252
"45b7a1f907_t95","3pl_beta","normal","parametric",40,0.95,100,1000,0.949385274752234,0.00561963532255006,0.936259459405477,0.959112865200536,0.933059364380008,0.00468903931358505,0.882795057489985,0.133236187541435,TRUE,0.950000000578513
"45b7a1f907_t95","3pl_beta","normal","parametric",40,0.95,250,1000,0.950210896679143,0.00336310202106363,0.942873521663681,0.956232824635122,0.93335043899205,0.00274488636021984,0.854211180107241,0.152626039055737,TRUE,0.950000000578513
"45b7a1f907_t95","3pl_beta","normal","parametric",40,0.95,500,1000,0.950153627228254,0.00230898696067543,0.945368799127911,0.954357009979587,0.933525256902765,0.00199124456968081,0.816823495161284,0.196179001579721,TRUE,0.950000000578513
"45b7a1f907_t95","3pl_beta","normal","parametric",40,0.95,1000,1000,0.95028903641646,0.00168157535202423,0.947060600160087,0.953604342075253,0.933485921236306,0.00128331685576,0.803771761350629,0.18688765319826,TRUE,0.950000000578513
"45b7a1f907_t95","3pl_beta","normal","parametric",40,0.95,2000,1000,0.950325168872621,0.00121516276254524,0.947973234412833,0.952564336863036,0.933635381271354,0.000957560391162679,0.762147076580105,0.201020045275502,TRUE,0.950000000578513
"45b8bbe987_t50","2pl","normal","parametric",20,0.5,100,1000,0.494787770690776,0.0342302405128056,0.422475152260284,0.558091245470095,0.493334315536234,0.0338705686798559,0.49153905874775,0.0336295532945614,TRUE,0.500000000746263
"45b8bbe987_t50","2pl","normal","parametric",20,0.5,250,1000,0.498382440840664,0.0212064040288333,0.456999341437296,0.538752972151624,0.496904187142213,0.0209821296333286,0.495069363111053,0.0208377541697883,TRUE,0.500000000746263
"45b8bbe987_t50","2pl","normal","parametric",20,0.5,500,1000,0.499181712712208,0.0147857854454382,0.471032478386903,0.527832330124734,0.497697675535552,0.0146252115931579,0.49585007478528,0.0145156764052599,TRUE,0.500000000746263
"45b8bbe987_t50","2pl","normal","parametric",20,0.5,1000,1000,0.498936695051092,0.0107444561581702,0.477427336001643,0.51811060665922,0.497454264153453,0.0106273356781579,0.495599642541242,0.0105493029768931,TRUE,0.500000000746263
"45b8bbe987_t50","2pl","normal","parametric",20,0.5,2000,1000,0.499474374270668,0.00768894125346693,0.483451549306136,0.513685259839277,0.497991123357126,0.00760671227853189,0.49613725488591,0.0075512625105778,TRUE,0.500000000746263
"45b8bbe987_t60","2pl","normal","parametric",20,0.6,100,1000,0.595268682767764,0.0315170041954866,0.532338181037897,0.652326404006669,0.592725329334529,0.0310142215119373,0.590456260389402,0.0307911998615537,TRUE,0.600000001867572
"45b8bbe987_t60","2pl","normal","parametric",20,0.6,250,1000,0.597804077895306,0.0207458803606873,0.553622634710734,0.634574767770247,0.595228091069026,0.0203940248093081,0.59291440516178,0.0202270581459602,TRUE,0.600000001867572
"45b8bbe987_t60","2pl","normal","parametric",20,0.6,500,1000,0.597618588990745,0.0141604829120195,0.56876991766511,0.623501420316652,0.595056025294395,0.0139284097817181,0.592748548750783,0.0138258630041372,TRUE,0.600000001867572
"45b8bbe987_t60","2pl","normal","parametric",20,0.6,1000,1000,0.598340038609119,0.0100034836362655,0.579784009854262,0.617829604062732,0.595777383720617,0.00983635551668271,0.593468875935387,0.00976236406892346,TRUE,0.600000001867572
"45b8bbe987_t60","2pl","normal","parametric",20,0.6,2000,1000,0.598054533528378,0.00732910223173426,0.584040661826739,0.612910649411511,0.595486067159691,0.00720432536736117,0.593162432642839,0.0071450424301821,TRUE,0.600000001867572
"45b8bbe987_t70","2pl","normal","parametric",20,0.7,100,1000,0.698051435491495,0.0275814187638897,0.63881006595265,0.745864947815656,0.692230528102219,0.026443965174548,0.688430610070093,0.0260260827468138,TRUE,0.700000001323445
"45b8bbe987_t70","2pl","normal","parametric",20,0.7,250,1000,0.700098652447686,0.0175943013651692,0.663398349502695,0.734211579671662,0.694226275714345,0.0168455369742118,0.690346567232317,0.0165540941504494,TRUE,0.700000001323445
"45b8bbe987_t70","2pl","normal","parametric",20,0.7,500,1000,0.699862593938943,0.011706518689081,0.677756107791525,0.721768752746233,0.694022556543379,0.0112192055453898,0.690147932831875,0.0110427666891479,TRUE,0.700000001323445
"45b8bbe987_t70","2pl","normal","parametric",20,0.7,1000,1000,0.700547754248978,0.00836388241911125,0.68368579662179,0.715824676992868,0.694686816479733,0.0080018440877269,0.690804727521872,0.0078544560138664,TRUE,0.700000001323445
"45b8bbe987_t70","2pl","normal","parametric",20,0.7,2000,1000,0.700638552155633,0.00588239571762613,0.689120761273804,0.711950488279047,0.694772387901865,0.00562451513713436,0.690876410751385,0.00552058253653151,TRUE,0.700000001323445
"45b8bbe987_t80","2pl","normal","parametric",20,0.8,100,1000,0.797403628404989,0.0210931201129401,0.750537677303415,0.83293420025662,0.79123787058552,0.0198035964207389,0.788136919202164,0.0193495069834185,TRUE,0.800000000901361
"45b8bbe987_t80","2pl","normal","parametric",20,0.8,250,1000,0.798620209654057,0.0126489709265052,0.775063735118742,0.821133779787414,0.792407129770333,0.011772923088073,0.789164933825293,0.0114506906309901,TRUE,0.800000000901361
"45b8bbe987_t80","2pl","normal","parametric",20,0.8,500,1000,0.798678796756542,0.00862069644212651,0.781467860742941,0.814875935528152,0.792482753235833,0.00803224988218202,0.789266868572512,0.00780569955719821,TRUE,0.800000000901361
"45b8bbe987_t80","2pl","normal","parametric",20,0.8,1000,1000,0.798847752161245,0.00619836099004505,0.786044476565359,0.810254203958875,0.792600097614195,0.00577709615990237,0.789323209167351,0.00561695010881277,TRUE,0.800000000901361
"45b8bbe987_t80","2pl","normal","parametric",20,0.8,2000,1000,0.799072368495752,0.0042476382645169,0.790522800855279,0.807116650772153,0.792825051486236,0.00395812736249372,0.78955109127412,0.00385442417368126,TRUE,0.800000000901361
"45b8bbe987_t90","2pl","normal","parametric",20,0.9,100,1000,0.898661640880323,0.0105444632987017,0.875719619891804,0.917384732635894,0.876952563509123,0.00727036951481455,0.86648730391939,0.00771537100632258,TRUE,0.90000000157906
"45b8bbe987_t90","2pl","normal","parametric",20,0.9,250,1000,0.900121509781214,0.00629724970370903,0.886512221417263,0.911995581214473,0.87822976384684,0.0042143937425384,0.867552937775525,0.00508528845366115,TRUE,0.90000000157906
"45b8bbe987_t90","2pl","normal","parametric",20,0.9,500,1000,0.900136777444614,0.00475681745968105,0.890713783495508,0.908851641842301,0.878174951405024,0.00318069210227593,0.867296469710036,0.00343605858488192,TRUE,0.90000000157906
"45b8bbe987_t90","2pl","normal","parametric",20,0.9,1000,1000,0.900158420838913,0.00295049192655007,0.89417828594555,0.905785210932995,0.878227031794208,0.00199848669422939,0.867396553457246,0.00230541445072498,TRUE,0.90000000157906
"45b8bbe987_t90","2pl","normal","parametric",20,0.9,2000,1000,0.900356354937572,0.00218507767824477,0.895985514731611,0.904559264361822,0.878396706657292,0.00146088010845236,0.867417486666263,0.00178085914467936,TRUE,0.90000000157906
"45b8bbe987_t95","2pl","normal","parametric",20,0.95,100,1000,0.949242844410802,0.00587096083936377,0.936633058160828,0.959694836383547,0.93014167516757,0.0044168555812072,0.911772056032068,0.0458662244323098,TRUE,0.950000004819814
"45b8bbe987_t95","2pl","normal","parametric",20,0.95,250,1000,0.949931025493712,0.00358379010949911,0.942350744580111,0.956937875246231,0.930608908382222,0.00262027458027521,0.909794970053478,0.0378776730982399,TRUE,0.950000004819814
"45b8bbe987_t95","2pl","normal","parametric",20,0.95,500,1000,0.950009168896236,0.00245811336155476,0.94506431566361,0.954646183089105,0.930732168359929,0.00172211292632344,0.906861853542348,0.0387238376760876,TRUE,0.950000004819814
"45b8bbe987_t95","2pl","normal","parametric",20,0.95,1000,1000,0.95019682085457,0.00183337559045359,0.946374965616334,0.953420375920821,0.930802418512619,0.00127474093134296,0.906904636006558,0.0356323103261132,TRUE,0.950000004819814
"45b8bbe987_t95","2pl","normal","parametric",20,0.95,2000,1000,0.950233174033716,0.00121659275380836,0.947621148308463,0.952468699292398,0.930847162672505,0.000920536221276998,0.904025446736262,0.0331862427319928,TRUE,0.950000004819814
"45eb20d1ef_t50","2pl","normal","parametric",60,0.5,100,1000,0.492005983861057,0.0363195860138254,0.419221618019226,0.559970702391656,0.491878657291039,0.0362817541870471,0.491740760493503,0.0362590210645357,TRUE,0.500000000182046
"45eb20d1ef_t50","2pl","normal","parametric",60,0.5,250,1000,0.496520991708046,0.0226521818556742,0.451592259058092,0.538153459487126,0.496388865235902,0.0226263913101582,0.496245175060736,0.0226100530619177,TRUE,0.500000000182046
"45eb20d1ef_t50","2pl","normal","parametric",60,0.5,500,1000,0.497410934331098,0.0152392842761537,0.466019616715282,0.527284924565411,0.497278390188535,0.0152220211404896,0.497133573516366,0.0152112356177686,TRUE,0.500000000182046
"45eb20d1ef_t50","2pl","normal","parametric",60,0.5,1000,1000,0.497142503111679,0.0118620401466296,0.474182074462387,0.519709987830634,0.497010254456905,0.0118492616715177,0.496865221003843,0.0118416260830467,TRUE,0.500000000182046
"45eb20d1ef_t50","2pl","normal","parametric",60,0.5,2000,1000,0.497038149759838,0.00769200437826297,0.481139206272806,0.510775667444832,0.496906346623584,0.00768347876133818,0.496761424954381,0.00767827431995268,TRUE,0.500000000182046
"45eb20d1ef_t60","2pl","normal","parametric",60,0.6,100,1000,0.597310545323961,0.0344291631416379,0.524989142832811,0.65843075676687,0.596804624920322,0.0343118350329191,0.596423245627061,0.0342690707161471,TRUE,0.600000001709966
"45eb20d1ef_t60","2pl","normal","parametric",60,0.6,250,1000,0.599983567705071,0.020697725640371,0.557583000236062,0.638144829348148,0.599464164581073,0.020618559463641,0.599069586059976,0.0205879639601842,TRUE,0.600000001709966
"45eb20d1ef_t60","2pl","normal","parametric",60,0.6,500,1000,0.600193901337771,0.0146823624905589,0.569637622542884,0.6282058166697,0.599681554102366,0.0146282540032447,0.599291210165008,0.01460779018689,TRUE,0.600000001709966
"45eb20d1ef_t60","2pl","normal","parametric",60,0.6,1000,1000,0.600919284232139,0.0102252875723711,0.581216587367339,0.620416660523819,0.600402798199136,0.0101881723247957,0.600009185650143,0.0101748597123316,TRUE,0.600000001709966
"45eb20d1ef_t60","2pl","normal","parametric",60,0.6,2000,1000,0.601111992340387,0.00752377338407852,0.585804746939763,0.615867225978604,0.600594520525185,0.00749561019082468,0.600199539004171,0.00748503380783198,TRUE,0.600000001709966
"45eb20d1ef_t70","2pl","normal","parametric",60,0.7,100,1000,0.698597477771335,0.0289640426625052,0.635936997704999,0.747612967753704,0.697958593691954,0.0288180741551469,0.697639395334437,0.0287797719178826,TRUE,0.70000000143603
"45eb20d1ef_t70","2pl","normal","parametric",60,0.7,250,1000,0.700912166003969,0.0176343656770333,0.667111812754755,0.734034058193702,0.70027123180422,0.0175458247526458,0.6999490044937,0.017525123014859,TRUE,0.70000000143603
"45eb20d1ef_t70","2pl","normal","parametric",60,0.7,500,1000,0.701483059678011,0.0128546292741717,0.675211458655746,0.726396900557685,0.700837305720451,0.0127857796827053,0.70051164499082,0.0127673451916348,TRUE,0.70000000143603
"45eb20d1ef_t70","2pl","normal","parametric",60,0.7,1000,1000,0.70143229676521,0.00877468991731163,0.684659287060889,0.717545843421389,0.700788378107513,0.00872590845001474,0.700462710847522,0.0087126372325612,TRUE,0.70000000143603
"45eb20d1ef_t70","2pl","normal","parametric",60,0.7,2000,1000,0.701525286863247,0.00629552293589341,0.689432330128811,0.713612498108084,0.70087846703819,0.00626289039748992,0.700550485276132,0.0062547940822225,TRUE,0.70000000143603
"45eb20d1ef_t80","2pl","normal","parametric",60,0.8,100,1000,0.795814089413915,0.0220065490368665,0.748011072291186,0.833827744832897,0.794349153788209,0.021749769999838,0.793863965614153,0.0217140434873469,TRUE,0.800000003167073
"45eb20d1ef_t80","2pl","normal","parametric",60,0.8,250,1000,0.797759491783694,0.0136812972055691,0.767390320446898,0.823341289964355,0.796273134955834,0.0135174192105063,0.795778573040457,0.0134960600131559,TRUE,0.800000003167073
"45eb20d1ef_t80","2pl","normal","parametric",60,0.8,500,1000,0.798126645031905,0.00972887625031397,0.778304489638624,0.816300341069035,0.796631893368033,0.00960619811968789,0.796132193917398,0.00958772279741125,TRUE,0.800000003167073
"45eb20d1ef_t80","2pl","normal","parametric",60,0.8,1000,1000,0.798162081770095,0.00648192711454237,0.785376969776712,0.811136408467195,0.796668277169504,0.00639932897706375,0.796168774598675,0.00638706853915713,TRUE,0.800000003167073
"45eb20d1ef_t80","2pl","normal","parametric",60,0.8,2000,1000,0.797955121309785,0.00488405254746108,0.788095287564744,0.807160033802143,0.796462862713347,0.00481981539148852,0.795962639704873,0.00480992616347812,TRUE,0.800000003167073
"45eb20d1ef_t90","2pl","normal","parametric",60,0.9,100,1000,0.898466400337107,0.0116173829890315,0.874273266552845,0.919045636451501,0.894671884531724,0.0110476603098962,0.893918808617997,0.0109704702048608,TRUE,0.900000000278152
"45eb20d1ef_t90","2pl","normal","parametric",60,0.9,250,1000,0.899539140090706,0.00696330504677042,0.885188263376532,0.912167937786568,0.895709908033285,0.00663205543200782,0.894944557796481,0.00660273943891617,TRUE,0.900000000278152
"45eb20d1ef_t90","2pl","normal","parametric",60,0.9,500,1000,0.899643383022036,0.00518290400454258,0.888867366049891,0.908734645867652,0.895794770086267,0.00492254796034289,0.895018824837445,0.00488930303389828,TRUE,0.900000000278152
"45eb20d1ef_t90","2pl","normal","parametric",60,0.9,1000,1000,0.899739479367795,0.00354743509589802,0.89233638919223,0.90663034851478,0.895878609544458,0.00337777066216767,0.895093672122597,0.00335908247898786,TRUE,0.900000000278152
"45eb20d1ef_t90","2pl","normal","parametric",60,0.9,2000,1000,0.899712132580112,0.00246122874984282,0.895007879081308,0.90469304189974,0.89586276324644,0.00234287685271453,0.895081642920454,0.00233061903735211,TRUE,0.900000000278152
"45eb20d1ef_t95","2pl","normal","parametric",60,0.95,100,1000,0.950071087045079,0.00555456174981654,0.937645789928624,0.959892123777152,0.944952667110919,0.0047774695353281,0.944115932406295,0.00474379734205599,TRUE,0.950000000213721
"45eb20d1ef_t95","2pl","normal","parametric",60,0.95,250,1000,0.950450888920887,0.00353815926410764,0.942891047167504,0.95717917283026,0.945327481496738,0.00305385641320088,0.944493872560511,0.00303137593525282,TRUE,0.950000000213721
"45eb20d1ef_t95","2pl","normal","parametric",60,0.95,500,1000,0.950589927669399,0.00251240450031345,0.945334469571161,0.955140854727152,0.945469581206831,0.0021327823894303,0.944613732638084,0.00210591912515932,TRUE,0.950000000213721
"45eb20d1ef_t95","2pl","normal","parametric",60,0.95,1000,1000,0.950724781934248,0.00168861370025657,0.947416908405977,0.953799241718716,0.945573215589542,0.00143601330478776,0.944707599154443,0.00142520990837072,TRUE,0.950000000213721
"45eb20d1ef_t95","2pl","normal","parametric",60,0.95,2000,1000,0.950696128219896,0.00124390799780704,0.948199964158564,0.952907266896672,0.945552772557435,0.00106285717512971,0.944697619042378,0.0010538880674401,TRUE,0.950000000213721
"48ec297ef8_t50","3pl_beta","bimodal","parametric",20,0.5,100,1000,0.498856823060584,0.0241433637626496,0.449658639468735,0.544162061668761,0.497172513674578,0.0238011681294176,0.495100778690738,0.0235550161478797,TRUE,0.500000000995477
"48ec297ef8_t50","3pl_beta","bimodal","parametric",20,0.5,250,1000,0.499417901932823,0.0157626721733696,0.467580611936242,0.529709412984474,0.497728606872537,0.015523259342755,0.495633615002555,0.0153397995935711,TRUE,0.500000000995477
"48ec297ef8_t50","3pl_beta","bimodal","parametric",20,0.5,500,1000,0.50024220038183,0.0108125748735248,0.479971056367096,0.520775964876741,0.498543689944506,0.0106472491855265,0.496435547760687,0.0105226871210164,TRUE,0.500000000995477
"48ec297ef8_t50","3pl_beta","bimodal","parametric",20,0.5,1000,1000,0.500430096588297,0.00782612513147855,0.485457403461883,0.515114656055203,0.498730828489071,0.00770965207198777,0.496620264323067,0.00762187249649767,TRUE,0.500000000995477
"48ec297ef8_t50","3pl_beta","bimodal","parametric",20,0.5,2000,1000,0.500314554446779,0.0055020616979251,0.48940315973427,0.510892690097798,0.498618485325739,0.00542263830883887,0.496509040842323,0.00536688641311044,TRUE,0.500000000995477
"48ec297ef8_t60","3pl_beta","bimodal","parametric",20,0.6,100,1000,0.59773143010067,0.0245696884808131,0.548865237704668,0.642885687243596,0.59342397995398,0.0238308610696311,0.58922956688024,0.0234346851262868,TRUE,0.600000001026341
"48ec297ef8_t60","3pl_beta","bimodal","parametric",20,0.6,250,1000,0.598956053264111,0.0146868349682582,0.570059349005476,0.626569940940284,0.594666118248266,0.0142754344183372,0.590437035702714,0.014064424320758,TRUE,0.600000001026341
"48ec297ef8_t60","3pl_beta","bimodal","parametric",20,0.6,500,1000,0.599280967467625,0.0108920003526477,0.578154990111289,0.621024682395384,0.59499338676856,0.0105726279826915,0.590765715773937,0.0104117503313732,TRUE,0.600000001026341
"48ec297ef8_t60","3pl_beta","bimodal","parametric",20,0.6,1000,1000,0.599016301964053,0.00766290384797413,0.583210287123839,0.613884995392906,0.594713393362236,0.0074365475992997,0.59043623137255,0.00731430763455188,TRUE,0.600000001026341
"48ec297ef8_t60","3pl_beta","bimodal","parametric",20,0.6,2000,1000,0.598822259250148,0.00542066113108257,0.588246109414371,0.610467506012573,0.594523170129207,0.00526516900830802,0.590241602826134,0.00518351399274897,TRUE,0.600000001026341
"48ec297ef8_t70","3pl_beta","bimodal","parametric",20,0.7,100,1000,0.697796342942343,0.0179380204758419,0.662855188303888,0.730408184103221,0.687445305361222,0.0166323083494928,0.680299362167237,0.0161815558307729,TRUE,0.700000001795913
"48ec297ef8_t70","3pl_beta","bimodal","parametric",20,0.7,250,1000,0.697719709518195,0.0112110637490596,0.676017881756468,0.719724212513303,0.687302975256496,0.0103520718829408,0.679885673377636,0.0100990380395233,TRUE,0.700000001795913
"48ec297ef8_t70","3pl_beta","bimodal","parametric",20,0.7,500,1000,0.69911334906285,0.00835235233934758,0.681600732195348,0.714892067795901,0.688642125151959,0.00770084404337328,0.681180275899183,0.00749088591699538,TRUE,0.700000001795913
"48ec297ef8_t70","3pl_beta","bimodal","parametric",20,0.7,1000,1000,0.69851032606316,0.00589468708371454,0.687058119378421,0.709929194678849,0.688095630138111,0.0054195089609398,0.680667482484058,0.00523463715013611,TRUE,0.700000001795913
"48ec297ef8_t70","3pl_beta","bimodal","parametric",20,0.7,2000,1000,0.699048668833498,0.00408944890783665,0.690485803840733,0.707032340534763,0.688595199143165,0.00378313107540752,0.681154288456912,0.00370520960282186,TRUE,0.700000001795913
"48ec297ef8_t80","3pl_beta","bimodal","parametric",20,0.8,100,1000,0.798693457674943,0.0167213618643016,0.759654119152124,0.827990601911168,0.795635545339241,0.0160760409717963,0.793699854103934,0.0162845653102236,TRUE,0.800000001515344
"48ec297ef8_t80","3pl_beta","bimodal","parametric",20,0.8,250,1000,0.799510064758866,0.0101742116373152,0.778086170106297,0.817741197513896,0.796379960507018,0.009769904659142,0.794041228294092,0.0106505021980229,TRUE,0.800000001515344
"48ec297ef8_t80","3pl_beta","bimodal","parametric",20,0.8,500,1000,0.799715841544749,0.00700316000734801,0.7849044532652,0.812337339143937,0.796566048331606,0.00671459856567005,0.794363442991362,0.00687541409870768,TRUE,0.800000001515344
"48ec297ef8_t80","3pl_beta","bimodal","parametric",20,0.8,1000,1000,0.799760882516425,0.00501972595355494,0.790092669827676,0.809262309668785,0.796596074330746,0.00479217411562743,0.794194458651144,0.00516117544338586,TRUE,0.800000001515344
"48ec297ef8_t80","3pl_beta","bimodal","parametric",20,0.8,2000,1000,0.799901538850933,0.00357283653951788,0.792769510010993,0.807092684380056,0.796752165209666,0.00343629173893863,0.794486092390274,0.00366876092545125,TRUE,0.800000001515344
"48ec297ef8_t90","3pl_beta","bimodal","parametric",20,0.9,100,1000,0.899557699322273,0.00935724791934206,0.88029120998086,0.915891865893934,0.894876445118402,0.00886695675783909,0.892669211141174,0.0139729735671932,TRUE,0.900000000846536
"48ec297ef8_t90","3pl_beta","bimodal","parametric",20,0.9,250,1000,0.900153924662652,0.00544468878615502,0.888978571002077,0.909564700152311,0.895516903239152,0.00521145183821923,0.892023351994382,0.0210213452646675,TRUE,0.900000000846536
"48ec297ef8_t90","3pl_beta","bimodal","parametric",20,0.9,500,1000,0.90029548276005,0.00393283644567104,0.892477531115302,0.907393333682001,0.895652408393071,0.00378904238200443,0.892645682891903,0.0209807267006413,TRUE,0.900000000846536
"48ec297ef8_t90","3pl_beta","bimodal","parametric",20,0.9,1000,1000,0.900500365445123,0.00275326479486152,0.895087722025721,0.905535884963535,0.895849344810826,0.00262186257688339,0.893880352527287,0.00419300663032572,TRUE,0.900000000846536
"48ec297ef8_t90","3pl_beta","bimodal","parametric",20,0.9,2000,1000,0.900510249337477,0.00202558312892451,0.896424049740208,0.904265450628681,0.895854856301663,0.00192186650068381,0.893163498622408,0.00665509357955491,TRUE,0.900000000846536
"48ec297ef8_t95","3pl_beta","bimodal","parametric",20,0.95,100,1000,0.949117059591967,0.00455278252975847,0.939753347222549,0.957067945735413,0.92576826517722,0.00552444964039926,0.884409306750106,0.121804631006678,TRUE,0.949999990267003
"48ec297ef8_t95","3pl_beta","bimodal","parametric",20,0.95,250,1000,0.949586969326486,0.00288506172316021,0.943842632187454,0.954740603665834,0.92593293602925,0.00345970777577196,0.869586724134699,0.136641736581439,TRUE,0.949999990267003
"48ec297ef8_t95","3pl_beta","bimodal","parametric",20,0.95,500,1000,0.949722987162591,0.00194527364123137,0.945870669642586,0.953374968394617,0.926196472631709,0.00239919672624529,0.861351495532205,0.138597575445211,TRUE,0.949999990267003
"48ec297ef8_t95","3pl_beta","bimodal","parametric",20,0.95,1000,1000,0.949718435286141,0.00143030502289972,0.946711037909401,0.952251188353725,0.926047867457521,0.00172132475677201,0.837722967227906,0.159378662394629,TRUE,0.949999990267003
"48ec297ef8_t95","3pl_beta","bimodal","parametric",20,0.95,2000,1000,0.949807117160568,0.000989153490000486,0.947976625590779,0.951722445229108,0.926122645393134,0.00122657541484228,0.825630899541545,0.174112314610743,TRUE,0.949999990267003
"4f22d501ce_t50","3pl_beta","bimodal","irw",10,0.5,100,1000,0.496125225032068,0.0229386543725172,0.446999323684157,0.538589836143934,0.490561960635944,0.0218129968006223,0.481684770883904,0.0207810225383394,TRUE,0.500000000563226
"4f22d501ce_t50","3pl_beta","bimodal","irw",10,0.5,250,1000,0.496312375245532,0.0143668114755133,0.466985067232155,0.523832186272364,0.490820747109165,0.0136431852221677,0.482042156028448,0.0129058202393389,TRUE,0.500000000563226
"4f22d501ce_t50","3pl_beta","bimodal","irw",10,0.5,500,1000,0.496847977816398,0.0103269370938747,0.475531360671043,0.516190946941517,0.491322128493576,0.00980122169680795,0.4823999714059,0.00924673861766501,TRUE,0.500000000563226
"4f22d501ce_t50","3pl_beta","bimodal","irw",10,0.5,1000,1000,0.49709783360434,0.00708530003941151,0.483448791686781,0.510577951905355,0.491560386310103,0.00671490640284588,0.482604765925643,0.00634329479334346,TRUE,0.500000000563226
"4f22d501ce_t50","3pl_beta","bimodal","irw",10,0.5,2000,1000,0.497315934528143,0.0050289293455229,0.487323041527032,0.507047076029777,0.491772855161229,0.00478164283782273,0.48279837287808,0.00453529785488206,TRUE,0.500000000563226
"4f22d501ce_t60","3pl_beta","bimodal","irw",10,0.6,100,1000,0.601215098152487,0.0295486603250521,0.54284800612626,0.658651942448698,0.587581906199872,0.0284008135409352,0.57709593811439,0.028809988774079,TRUE,0.600000000572311
"4f22d501ce_t60","3pl_beta","bimodal","irw",10,0.6,250,1000,0.602436588184259,0.0178964144801394,0.568645151529301,0.637633069687951,0.58859580524006,0.0172044627694443,0.577978023117556,0.0174593055386844,TRUE,0.600000000572311
"4f22d501ce_t60","3pl_beta","bimodal","irw",10,0.6,500,1000,0.602739853876777,0.0129505813906679,0.578212927742772,0.627991785668467,0.588834822601092,0.0123592293429871,0.578173823495226,0.0124964593252785,TRUE,0.600000000572311
"4f22d501ce_t60","3pl_beta","bimodal","irw",10,0.6,1000,1000,0.602932587397649,0.00935421680610288,0.585420277469962,0.620955679012517,0.589056191496923,0.00896477869917571,0.578424901905082,0.00908376862287421,TRUE,0.600000000572311
"4f22d501ce_t60","3pl_beta","bimodal","irw",10,0.6,2000,1000,0.603029294399299,0.00633011632795021,0.590214287899269,0.614512119458989,0.589150409298766,0.00608319616539986,0.578511949381225,0.00617508828428024,TRUE,0.600000000572311
"4f22d501ce_t70","3pl_beta","bimodal","irw",10,0.7,100,1000,0.698079870393058,0.0169203625482288,0.661969594953757,0.729961970885752,0.669628495122364,0.0126196996679082,0.6264873970763,0.0222532676515735,TRUE,0.700000001106341
"4f22d501ce_t70","3pl_beta","bimodal","irw",10,0.7,250,1000,0.699019166155512,0.0101928353781173,0.679060934064155,0.717446012980598,0.670385264760158,0.0074761789505841,0.625721422108977,0.0158948576241125,TRUE,0.700000001106341
"4f22d501ce_t70","3pl_beta","bimodal","irw",10,0.7,500,1000,0.69984026634177,0.00729385570788177,0.685843874324593,0.713098999712864,0.671044429478836,0.00530134566496342,0.625584392463304,0.0113174450333486,TRUE,0.700000001106341
"4f22d501ce_t70","3pl_beta","bimodal","irw",10,0.7,1000,1000,0.699855248646014,0.00514365975737746,0.689706857655481,0.709741601744135,0.671154509478342,0.00375613343117739,0.624943002538625,0.00818623796686408,TRUE,0.700000001106341
"4f22d501ce_t70","3pl_beta","bimodal","irw",10,0.7,2000,1000,0.699905268992286,0.00356643206080315,0.692604196745268,0.706511029150762,0.671169908978342,0.00258151076335708,0.625112194057205,0.00598870817763422,TRUE,0.700000001106341
"4f22d501ce_t80","3pl_beta","bimodal","irw",10,0.8,100,1000,0.797579923627614,0.0216905415207937,0.750625761011174,0.834181458519231,0.705850825423485,0.0218559429468667,0.617428572108411,0.0317212352450003,TRUE,0.80000000088805
"4f22d501ce_t80","3pl_beta","bimodal","irw",10,0.8,250,1000,0.79890359455504,0.0124875155720162,0.772176916028259,0.821720319080028,0.705562267602407,0.0126259470869955,0.615013667555303,0.01914175397914,TRUE,0.80000000088805
"4f22d501ce_t80","3pl_beta","bimodal","irw",10,0.8,500,1000,0.799567577577548,0.00900341106382385,0.782294358304787,0.816395003231139,0.706297058897734,0.00911340342051751,0.615920017153129,0.01329781771237,TRUE,0.80000000088805
"4f22d501ce_t80","3pl_beta","bimodal","irw",10,0.8,1000,1000,0.799865544952313,0.00641254152095814,0.786802429587919,0.812563241991343,0.706280054616366,0.00634866903971105,0.615644246836599,0.00946748473137772,TRUE,0.80000000088805
"4f22d501ce_t80","3pl_beta","bimodal","irw",10,0.8,2000,1000,0.79985813672843,0.004473287288012,0.79156680066938,0.808840075292799,0.706109366948818,0.00458245706650103,0.615470544582913,0.00676303287833785,TRUE,0.80000000088805
"4f22d501ce_t90","3pl_beta","bimodal","irw",10,0.9,100,1000,0.897610491932493,0.00914782712780467,0.878330880155969,0.912906997932283,0.859389106228187,0.00989716329482069,0.649546734019345,0.284385365114474,TRUE,0.900000000747546
"4f22d501ce_t90","3pl_beta","bimodal","irw",10,0.9,250,1000,0.898662216617741,0.00585780060111607,0.887372252484209,0.909668695634144,0.860253814354541,0.0064278532230107,0.530327273777371,0.31576266735566,TRUE,0.900000000747546
"4f22d501ce_t90","3pl_beta","bimodal","irw",10,0.9,500,1000,0.898599309914456,0.00423982892681434,0.88994360690002,0.906415581490909,0.859949476410454,0.00443640748599714,0.39694286925819,0.298152636728997,TRUE,0.900000000747546
"4f22d501ce_t90","3pl_beta","bimodal","irw",10,0.9,1000,1000,0.898861192377401,0.00293975107550591,0.892999792946913,0.90464853143633,0.860179955569257,0.00317954850731117,0.279753258960197,0.262146924372416,TRUE,0.900000000747546
"4f22d501ce_t90","3pl_beta","bimodal","irw",10,0.9,2000,1000,0.898810931641456,0.00201037152616119,0.894831595299795,0.90260002106269,0.860121979687478,0.00224704307666434,0.168593861852851,0.188617122722914,TRUE,0.900000000747546
"4f70e285ab_t50","rasch","normal","parametric",20,0.5,100,1000,0.498617685871498,0.0349454125581159,0.428246215839632,0.566370135972747,0.498123115366163,0.034771459177449,0.497553815080791,0.0346365191274297,TRUE,0.50000000061007
"4f70e285ab_t50","rasch","normal","parametric",20,0.5,250,1000,0.499968252516716,0.0207421505972714,0.460200901630759,0.539011951664289,0.499477034291997,0.0206390579583128,0.498898773265152,0.0205564427885705,TRUE,0.50000000061007
"4f70e285ab_t50","rasch","normal","parametric",20,0.5,500,1000,0.500018197062203,0.015350064608156,0.470648111308407,0.529487610786849,0.49953336936592,0.0152764176981517,0.498961003850967,0.0152187649316273,TRUE,0.50000000061007
"4f70e285ab_t50","rasch","normal","parametric",20,0.5,1000,1000,0.500216947382267,0.0110437290640102,0.478404593559974,0.522173444770371,0.499729857131812,0.0109893591504046,0.499151269645342,0.0109452766770825,TRUE,0.50000000061007
"4f70e285ab_t50","rasch","normal","parametric",20,0.5,2000,1000,0.500008091087108,0.00763341687257313,0.484558529604524,0.513664875822121,0.499522532232002,0.00759662918572283,0.498944477078996,0.0075675757291406,TRUE,0.50000000061007
"4f70e285ab_t60","rasch","normal","parametric",20,0.6,100,1000,0.597117095892879,0.0328399114533746,0.527445475717273,0.655861780381665,0.596013642576592,0.0325258610328888,0.595090573350337,0.0323529367230958,TRUE,0.600000001458411
"4f70e285ab_t60","rasch","normal","parametric",20,0.6,250,1000,0.599535246625284,0.0208402461616101,0.558685388790447,0.637854652839763,0.598423602417674,0.0206335827237861,0.597479343755125,0.0205202677205099,TRUE,0.600000001458411
"4f70e285ab_t60","rasch","normal","parametric",20,0.6,500,1000,0.600141179793374,0.0145801632320949,0.570785179789436,0.627794430646575,0.599032423219919,0.0144300901647982,0.598086487547064,0.0143421511592098,TRUE,0.600000001458411
"4f70e285ab_t60","rasch","normal","parametric",20,0.6,1000,1000,0.60020621371398,0.0100907859261385,0.580357110866533,0.619152346155764,0.599093569184115,0.00998989294755543,0.598138358057014,0.00993321653186318,TRUE,0.600000001458411
"4f70e285ab_t60","rasch","normal","parametric",20,0.6,2000,1000,0.60037892869668,0.00720354842626163,0.586826694083942,0.614285434391499,0.599268130389144,0.0071309260819712,0.598315757521001,0.00709164981279729,TRUE,0.600000001458411
"4f70e285ab_t70","rasch","normal","parametric",20,0.7,100,1000,0.696660940507355,0.0269034510211573,0.64038844374584,0.744379842212915,0.694036951948481,0.0262631200750722,0.692394736491355,0.0259843791140276,TRUE,0.700000001651975
"4f70e285ab_t70","rasch","normal","parametric",20,0.7,250,1000,0.697792502459929,0.0178004306290545,0.661884474567234,0.73047273003795,0.695154417983641,0.0173622582127015,0.693468354221265,0.0171521031907177,TRUE,0.700000001651975
"4f70e285ab_t70","rasch","normal","parametric",20,0.7,500,1000,0.698454556839493,0.0118766691817811,0.674748799639844,0.721322744046243,0.695821025014429,0.0115966375091845,0.694129459698014,0.0114728894029421,TRUE,0.700000001651975
"4f70e285ab_t70","rasch","normal","parametric",20,0.7,1000,1000,0.698866442433188,0.00886266050655038,0.68064908445522,0.715187236755795,0.696229616856684,0.00863933476346062,0.694541906639084,0.0085336848026986,TRUE,0.700000001651975
"4f70e285ab_t70","rasch","normal","parametric",20,0.7,2000,1000,0.69914741221345,0.00592623676656753,0.687048145676233,0.711154396546841,0.696498478565462,0.00578168046440069,0.694797199883255,0.00571690643958596,TRUE,0.700000001651975
"4f70e285ab_t80","rasch","normal","parametric",20,0.8,100,1000,0.798128936107801,0.0198876613539254,0.757669205291806,0.834997014198971,0.792021237355888,0.018627071321415,0.788962323540487,0.0181842083278736,TRUE,0.800000002935057
"4f70e285ab_t80","rasch","normal","parametric",20,0.8,250,1000,0.798175407914027,0.0126287038981558,0.772322276436566,0.821774920726854,0.792103237015766,0.0118004844747499,0.789033725727767,0.0114431890256933,TRUE,0.800000002935057
"4f70e285ab_t80","rasch","normal","parametric",20,0.8,500,1000,0.799500060482241,0.00887916254169042,0.780710920742545,0.815381065915094,0.793346125380586,0.00829583491713735,0.790201346254096,0.00808076862397789,TRUE,0.800000002935057
"4f70e285ab_t80","rasch","normal","parametric",20,0.8,1000,1000,0.799732641472612,0.00626262826535507,0.787181687366864,0.81130394361098,0.793588008592976,0.00583669234208423,0.790461215312468,0.0056567098791653,TRUE,0.800000002935057
"4f70e285ab_t80","rasch","normal","parametric",20,0.8,2000,1000,0.799698523324033,0.00465447358994664,0.789968410260659,0.808235550550426,0.793548186823436,0.00434406507428316,0.790407532204583,0.0042255266924197,TRUE,0.800000002935057
"4f70e285ab_t90","rasch","normal","parametric",20,0.9,100,1000,0.897869852732444,0.0107507648596788,0.874341481071091,0.917399107311635,0.88192642059957,0.00798857771595905,0.872892780619141,0.0125478895456024,TRUE,0.900000000702564
"4f70e285ab_t90","rasch","normal","parametric",20,0.9,250,1000,0.898348810859206,0.00672758411310889,0.884524911562018,0.910681944156817,0.882358518174307,0.00491019310933115,0.873462067858656,0.00631788477315559,TRUE,0.900000000702564
"4f70e285ab_t90","rasch","normal","parametric",20,0.9,500,1000,0.898627961166563,0.00461923686608324,0.889368796131627,0.907383964399837,0.882688480769007,0.00337538265806479,0.873690140075992,0.00480261635930324,TRUE,0.900000000702564
"4f70e285ab_t90","rasch","normal","parametric",20,0.9,1000,1000,0.898898551507817,0.00324371775922163,0.892433366507592,0.905261833626829,0.882843556647584,0.00233989546923885,0.873527120560533,0.00363844481979123,TRUE,0.900000000702564
"4f70e285ab_t90","rasch","normal","parametric",20,0.9,2000,1000,0.899061110363959,0.00234449220468049,0.894258482979218,0.903422397222216,0.882970308898425,0.00169039579619992,0.873719904559901,0.0027689748731148,TRUE,0.900000000702564
"4f70e285ab_t95","rasch","normal","parametric",20,0.95,100,1000,0.948915271121661,0.00555687789575557,0.936396673335196,0.958352575940393,0.931351245623728,0.00448328522897953,0.895386062280287,0.067777941480555,TRUE,0.950000000452511
"4f70e285ab_t95","rasch","normal","parametric",20,0.95,250,1000,0.949545375225182,0.00349376782562869,0.942460217726591,0.955861992280592,0.931763636895609,0.0028888105633234,0.878099515986437,0.0946341023107371,TRUE,0.950000000452511
"4f70e285ab_t95","rasch","normal","parametric",20,0.95,500,1000,0.949661662297517,0.00246466703801376,0.944226955635123,0.954197677400527,0.931853929644426,0.00197033559922024,0.8803378557473,0.0650189134485852,TRUE,0.950000000452511
"4f70e285ab_t95","rasch","normal","parametric",20,0.95,1000,1000,0.949677749293527,0.00172023590999731,0.946119213463251,0.952777851201481,0.931917827431676,0.00139416545261071,0.867693499492493,0.0832519364192616,TRUE,0.950000000452511
"4f70e285ab_t95","rasch","normal","parametric",20,0.95,2000,1000,0.949626006273336,0.00124288681352731,0.947261720217997,0.951989060998979,0.931966075990035,0.000956659247808019,0.868513456954404,0.0676182431756267,TRUE,0.950000000452511
"51454d0a5c_t50","rasch","normal","parametric",40,0.5,100,1000,0.499165712148295,0.0355216626420401,0.426208171850182,0.562703979896032,0.499024034621965,0.0354740354537903,0.498874249905807,0.0354414573211058,TRUE,0.500000000346775
"51454d0a5c_t50","rasch","normal","parametric",40,0.5,250,1000,0.501361720075861,0.0221309026547029,0.457067978721909,0.542746543516424,0.501219043040179,0.0220999390574392,0.501065538015084,0.022078267489852,TRUE,0.500000000346775
"51454d0a5c_t50","rasch","normal","parametric",40,0.5,500,1000,0.502259907348645,0.0160526179669928,0.470299979233474,0.533222181876543,0.502117144709355,0.0160309043228829,0.501962897560415,0.0160164777816636,TRUE,0.500000000346775
"51454d0a5c_t50","rasch","normal","parametric",40,0.5,1000,1000,0.501734210517239,0.0111927001729272,0.478814285051951,0.522566149101126,0.501591986986953,0.0111766137919994,0.501437309989619,0.0111652328814431,TRUE,0.500000000346775
"51454d0a5c_t50","rasch","normal","parametric",40,0.5,2000,1000,0.502164857088687,0.0080108092965985,0.485187402257161,0.516455381637522,0.502022181000309,0.0079994793481952,0.501866902686595,0.00799160726254951,TRUE,0.500000000346775
"51454d0a5c_t60","rasch","normal","parametric",40,0.6,100,1000,0.596658504291848,0.033485180348211,0.525811624364239,0.659928506073051,0.596335023428175,0.0333907678623487,0.596094218462323,0.0333493542453453,TRUE,0.600000002113009
"51454d0a5c_t60","rasch","normal","parametric",40,0.6,250,1000,0.599075108062799,0.0204244167605008,0.556046064685417,0.636463043871437,0.598746294287638,0.0203658188557477,0.598497811809966,0.020339558660695,TRUE,0.600000002113009
"51454d0a5c_t60","rasch","normal","parametric",40,0.6,500,1000,0.599189267041314,0.015363144909802,0.566873541568905,0.627542474846194,0.598862319687197,0.0153185450466823,0.598614171735325,0.0152985680456941,TRUE,0.600000002113009
"51454d0a5c_t60","rasch","normal","parametric",40,0.6,1000,1000,0.600490856042479,0.010135081506709,0.580982795950926,0.619375337751693,0.600157671234737,0.0101039342126372,0.59990429488375,0.0100894386625955,TRUE,0.600000002113009
"51454d0a5c_t60","rasch","normal","parametric",40,0.6,2000,1000,0.600148052476535,0.00718883300514821,0.586912707334797,0.613730013032664,0.599817277813452,0.00716754110934397,0.599565111006492,0.00715802351773381,TRUE,0.600000002113009
"51454d0a5c_t70","rasch","normal","parametric",40,0.7,100,1000,0.698483394484809,0.0285709983102599,0.636142186578863,0.748738275179766,0.697725154634685,0.0283801964876972,0.697336412678587,0.028321030519164,TRUE,0.700000003316405
"51454d0a5c_t70","rasch","normal","parametric",40,0.7,250,1000,0.701520254513785,0.0183085929043581,0.665624547913581,0.734571523734572,0.700742570507824,0.0181802647702464,0.700340131782543,0.0181416905409859,TRUE,0.700000003316405
"51454d0a5c_t70","rasch","normal","parametric",40,0.7,500,1000,0.701809867239334,0.012553035311708,0.677564634941674,0.727116455357134,0.701035302016721,0.0124653614105026,0.700632173202046,0.0124389398944538,TRUE,0.700000003316405
"51454d0a5c_t70","rasch","normal","parametric",40,0.7,1000,1000,0.70212870068831,0.00848085615205305,0.685867848508442,0.718280100367868,0.701348738111546,0.00842163501345124,0.700940759100236,0.0084039397860007,TRUE,0.700000003316405
"51454d0a5c_t70","rasch","normal","parametric",40,0.7,2000,1000,0.701780596178001,0.00652641542799267,0.688717758571809,0.714104861865942,0.701006402343793,0.00648175550319542,0.70060121015528,0.00646896052333992,TRUE,0.700000003316405
"51454d0a5c_t80","rasch","normal","parametric",40,0.8,100,1000,0.795868755457509,0.0217013073265304,0.747053246009441,0.834581923007246,0.794232376911826,0.0213662807280579,0.793667349486673,0.0213024816705208,TRUE,0.800000002732207
"51454d0a5c_t80","rasch","normal","parametric",40,0.8,250,1000,0.798098550951642,0.0130963383187478,0.770942656457771,0.821726682299474,0.796439897051934,0.0128648333424269,0.795859620066105,0.0128115174096273,TRUE,0.800000002732207
"51454d0a5c_t80","rasch","normal","parametric",40,0.8,500,1000,0.798654754701261,0.00958651877998026,0.777125866081757,0.816039610891066,0.796978353416332,0.00942655055740927,0.796387390630118,0.00939100920976881,TRUE,0.800000002732207
"51454d0a5c_t80","rasch","normal","parametric",40,0.8,1000,1000,0.798852093266901,0.00663644618600586,0.785049401656362,0.811268499865674,0.797173679437918,0.00652050475644238,0.7965815910869,0.00649490450509219,TRUE,0.800000002732207
"51454d0a5c_t80","rasch","normal","parametric",40,0.8,2000,1000,0.799050710710434,0.00466246238759195,0.789420792937888,0.807732015687166,0.797374134668619,0.00458076992441897,0.796781907474724,0.00456286362082913,TRUE,0.800000002732207
"51454d0a5c_t90","rasch","normal","parametric",40,0.9,100,1000,0.898488812828683,0.0117598975025605,0.871548387380672,0.918594291167097,0.893952669704533,0.0109383895169434,0.892858823142257,0.0107979987965367,TRUE,0.900000001682168
"51454d0a5c_t90","rasch","normal","parametric",40,0.9,250,1000,0.899907806015138,0.00730175645375884,0.88387112106414,0.913717449810932,0.895253251135715,0.00674357247859897,0.89409796526081,0.00663477943552295,TRUE,0.900000001682168
"51454d0a5c_t90","rasch","normal","parametric",40,0.9,500,1000,0.900167163231358,0.00488872640616913,0.88975290492819,0.909113802354666,0.895529831308908,0.0045143370874542,0.894384608155495,0.00444274451711656,TRUE,0.900000001682168
"51454d0a5c_t90","rasch","normal","parametric",40,0.9,1000,1000,0.900244498479054,0.0035131730492938,0.893310255433036,0.906873325216854,0.895600271755018,0.00324588158267477,0.894448201618347,0.00319367165981175,TRUE,0.900000001682168
"51454d0a5c_t90","rasch","normal","parametric",40,0.9,2000,1000,0.900304267419289,0.00255675423335898,0.894811106194208,0.904958272891882,0.895649303638984,0.00235143056998438,0.89448906490791,0.00230955923726747,TRUE,0.900000001682168
"51454d0a5c_t95","rasch","normal","parametric",40,0.95,100,1000,0.949566323566974,0.00585960932857025,0.936880721347249,0.959211134230043,0.943824249232795,0.0047874203844589,0.941285665407327,0.00903937253203466,TRUE,0.950000000312816
"51454d0a5c_t95","rasch","normal","parametric",40,0.95,250,1000,0.949857417330889,0.00355426112175114,0.942823353651205,0.956248089130827,0.944182396731154,0.00288814064963951,0.941830683756679,0.0046559742215294,TRUE,0.950000000312816
"51454d0a5c_t95","rasch","normal","parametric",40,0.95,500,1000,0.949933073417594,0.00259623704699449,0.944604945392148,0.954432238673884,0.944223262097268,0.00205126409217331,0.941746201683658,0.00360470178316612,TRUE,0.950000000312816
"51454d0a5c_t95","rasch","normal","parametric",40,0.95,1000,1000,0.949845550397291,0.00187391837766198,0.946253511993928,0.953523574627981,0.94412836389565,0.00148557546433235,0.941577797584589,0.00325770904960883,TRUE,0.950000000312816
"51454d0a5c_t95","rasch","normal","parametric",40,0.95,2000,1000,0.949996446998374,0.00125724770114675,0.947504004686602,0.952402876951039,0.944262431618861,0.000982565465879891,0.94177220276153,0.00188982288441087,TRUE,0.950000000312816
"51e3e31f93_t50","3pl_beta","skew_pos","irw",60,0.5,100,1000,0.494479108256318,0.0438367298670683,0.412189231632787,0.576538708904617,0.494021079473801,0.0437041749117614,0.493509698200691,0.0436188331705225,TRUE,0.500000000407561
"51e3e31f93_t50","3pl_beta","skew_pos","irw",60,0.5,250,1000,0.496611246711117,0.0289927209546493,0.439903227840116,0.552012854853352,0.496154027712888,0.0289022049286854,0.495635428289245,0.0288359926811562,TRUE,0.500000000407561
"51e3e31f93_t50","3pl_beta","skew_pos","irw",60,0.5,500,1000,0.498870446659163,0.0206822195671123,0.460347101412165,0.539269919568861,0.498403624001528,0.0206149073811263,0.497869506639853,0.0205611038028777,TRUE,0.500000000407561
"51e3e31f93_t50","3pl_beta","skew_pos","irw",60,0.5,1000,1000,0.498408093662184,0.0143105236313596,0.470832051134401,0.524467280209191,0.497945453169864,0.0142672724580593,0.497412691963444,0.0142350414568826,TRUE,0.500000000407561
"51e3e31f93_t50","3pl_beta","skew_pos","irw",60,0.5,2000,1000,0.498971317327105,0.0101166194258553,0.478269445579741,0.518063654696431,0.498508601437691,0.0100845653692202,0.497976074350722,0.0100588792938631,TRUE,0.500000000407561
"51e3e31f93_t60","3pl_beta","skew_pos","irw",60,0.6,100,1000,0.59723856505635,0.0421836725644935,0.503493390104936,0.670690329816409,0.596248156272069,0.0418612828058811,0.595425420255497,0.0416508582600492,TRUE,0.600000002099995
"51e3e31f93_t60","3pl_beta","skew_pos","irw",60,0.6,250,1000,0.599934726771088,0.0273231245312254,0.545545224451269,0.652558408359441,0.598936337154809,0.0271003742772286,0.598085669648222,0.0269396413193929,TRUE,0.600000002099995
"51e3e31f93_t60","3pl_beta","skew_pos","irw",60,0.6,500,1000,0.600846951504941,0.019311360269419,0.565117853224731,0.63999812782705,0.599845331756996,0.0191466835589106,0.598973856689357,0.0190106764541832,TRUE,0.600000002099995
"51e3e31f93_t60","3pl_beta","skew_pos","irw",60,0.6,1000,1000,0.602596241113523,0.0136523334047653,0.57482286998759,0.628191538941595,0.60158160862738,0.0135380458643986,0.600698424342377,0.0134499993303058,TRUE,0.600000002099995
"51e3e31f93_t60","3pl_beta","skew_pos","irw",60,0.6,2000,1000,0.601695566484893,0.00984292862495046,0.583028003073636,0.620853319740797,0.600690751029403,0.00976232321901501,0.599810987122657,0.00969806996321806,TRUE,0.600000002099995
"51e3e31f93_t70","3pl_beta","skew_pos","irw",60,0.7,100,1000,0.690753198046927,0.0384000753002092,0.60901526139193,0.758036303266827,0.688959278107497,0.0379740110456177,0.687892233414326,0.0376979881569159,TRUE,0.700000003099939
"51e3e31f93_t70","3pl_beta","skew_pos","irw",60,0.7,250,1000,0.695966848727836,0.0245593320243813,0.646232127759193,0.741269756592983,0.694136640372476,0.0242718408137048,0.693028940533004,0.024084334107663,TRUE,0.700000003099939
"51e3e31f93_t70","3pl_beta","skew_pos","irw",60,0.7,500,1000,0.697472855306158,0.0173055796761131,0.662708649349612,0.730394709481428,0.695630009046438,0.0170903828516338,0.694506495856711,0.0169350529268974,TRUE,0.700000003099939
"51e3e31f93_t70","3pl_beta","skew_pos","irw",60,0.7,1000,1000,0.697501597264978,0.0119837655608994,0.672610692324348,0.72064501533253,0.695668027395032,0.0118415046655014,0.694554207005759,0.011740852364622,TRUE,0.700000003099939
"51e3e31f93_t70","3pl_beta","skew_pos","irw",60,0.7,2000,1000,0.697975403220953,0.00855850133657115,0.681596979531273,0.714184702541714,0.696136858365486,0.00845521319609737,0.695013285170147,0.00837509019521526,TRUE,0.700000003099939
"51e3e31f93_t80","3pl_beta","skew_pos","irw",60,0.8,100,1000,0.794536990621156,0.028955340882827,0.726534073531375,0.84706102155043,0.791112244837427,0.0283668925509677,0.789766519109379,0.0280729654144795,TRUE,0.800000020120328
"51e3e31f93_t80","3pl_beta","skew_pos","irw",60,0.8,250,1000,0.797429578422749,0.0168116021758628,0.762912862609707,0.827998952552761,0.793942402869952,0.0164197329545224,0.792503789040793,0.0161659222973123,TRUE,0.800000020120328
"51e3e31f93_t80","3pl_beta","skew_pos","irw",60,0.8,500,1000,0.797590151185826,0.0128079471664168,0.771048260878546,0.819662337859303,0.794116558201418,0.0125229755782931,0.792617649959951,0.0122657650719629,TRUE,0.800000020120328
"51e3e31f93_t80","3pl_beta","skew_pos","irw",60,0.8,1000,1000,0.798232767903682,0.00875909840374927,0.780918896841288,0.814564640828496,0.794734532131464,0.00854883680934934,0.793208237115723,0.00842134903822136,TRUE,0.800000020120328
"51e3e31f93_t80","3pl_beta","skew_pos","irw",60,0.8,2000,1000,0.798477744770414,0.00610071047181018,0.78619423159061,0.809794189368858,0.79498110350748,0.00596255897657382,0.793474567493331,0.00587690442720335,TRUE,0.800000020120328
"51e3e31f93_t90","3pl_beta","skew_pos","irw",60,0.9,100,1000,0.897412228648867,0.0155644919110204,0.864684617583756,0.924408178168503,0.889100644237209,0.0135503610521805,0.884790036885081,0.0123830837951233,TRUE,0.900000000909868
"51e3e31f93_t90","3pl_beta","skew_pos","irw",60,0.9,250,1000,0.89876409762993,0.00988871429241937,0.87769111722062,0.917610826729567,0.890341842251586,0.00851308344673392,0.885362633848507,0.00870043176132996,TRUE,0.900000000909868
"51e3e31f93_t90","3pl_beta","skew_pos","irw",60,0.9,500,1000,0.89929086916835,0.00687940626268314,0.884967735046492,0.912029697471636,0.890897516999341,0.00592795737696657,0.885661578645905,0.00670251626068109,TRUE,0.900000000909868
"51e3e31f93_t90","3pl_beta","skew_pos","irw",60,0.9,1000,1000,0.899437947261646,0.00475757275287243,0.89000527076218,0.908529941925774,0.891015958146487,0.00406405196150084,0.885606113090212,0.00534714245841276,TRUE,0.900000000909868
"51e3e31f93_t90","3pl_beta","skew_pos","irw",60,0.9,2000,1000,0.899562629445525,0.00329900191033626,0.892951214362562,0.905640769099158,0.891136124885803,0.00283579850256794,0.885806094977172,0.00317584814878144,TRUE,0.900000000909868
"51e3e31f93_t95","3pl_beta","skew_pos","irw",60,0.95,100,1000,0.948234392679868,0.00753120965668171,0.931593073554349,0.961709151125751,0.93615559604103,0.00649328591599833,0.932725732402019,0.0100858300254545,TRUE,0.950000000820552
"51e3e31f93_t95","3pl_beta","skew_pos","irw",60,0.95,250,1000,0.949412117040532,0.00482191334275304,0.939410858217336,0.958076405264328,0.937150146485579,0.00408934809019963,0.932596509956017,0.0257629174332787,TRUE,0.950000000820552
"51e3e31f93_t95","3pl_beta","skew_pos","irw",60,0.95,500,1000,0.949531018826917,0.00361989168999763,0.941604204313741,0.956347834198159,0.937286476508251,0.00308280861088654,0.933145089642186,0.00660749846796015,TRUE,0.950000000820552
"51e3e31f93_t95","3pl_beta","skew_pos","irw",60,0.95,1000,1000,0.949898957622332,0.00255417355139602,0.94477067738348,0.95486546389641,0.937598885753252,0.00218829222228179,0.932642013067515,0.0112803211268866,TRUE,0.950000000820552
"51e3e31f93_t95","3pl_beta","skew_pos","irw",60,0.95,2000,1000,0.949857720495214,0.00177684051011482,0.946283567834217,0.953153300693227,0.937549836475056,0.00151739017543002,0.932174785750963,0.0194369777223173,TRUE,0.950000000820552
"52b9791e08_t50","3pl_g20","heavy_tail","parametric",20,0.5,100,1000,0.490478308510576,0.0534941605940292,0.39824199685315,0.602546273901611,0.48679966122335,0.0518000822320444,0.470299570300355,0.0542715328939263,FALSE,0.50000000081842
"52b9791e08_t50","3pl_g20","heavy_tail","parametric",20,0.5,250,1000,0.494983944188981,0.036481759119987,0.433530383065182,0.569678737391251,0.491284960494374,0.0353430243506513,0.475794471333008,0.0380994239606785,FALSE,0.50000000081842
"52b9791e08_t50","3pl_g20","heavy_tail","parametric",20,0.5,500,1000,0.497590945703084,0.028214843607575,0.446915786771093,0.554342851256079,0.493894361358099,0.0273931250459698,0.473895238683021,0.0462275972770729,FALSE,0.50000000081842
"52b9791e08_t50","3pl_g20","heavy_tail","parametric",20,0.5,1000,1000,0.497265849187696,0.0200266835884823,0.462889807318207,0.537602488249653,0.493601641683644,0.0194860811388223,0.469533792672123,0.0545688537358742,FALSE,0.50000000081842
"52b9791e08_t50","3pl_g20","heavy_tail","parametric",20,0.5,2000,1000,0.498349754161686,0.0138791235051003,0.472020699021246,0.525974045173133,0.494680365449731,0.0134976586497539,0.466060695971533,0.0577694562535906,FALSE,0.50000000081842
"52b9791e08_t60","3pl_g20","heavy_tail","parametric",20,0.6,100,1000,0.596286568595247,0.0520953053063574,0.504224179158556,0.708104492111474,0.591030056142184,0.049655049959282,0.560920754601133,0.0762104807824747,FALSE,0.600000002091261
"52b9791e08_t60","3pl_g20","heavy_tail","parametric",20,0.6,250,1000,0.602481037723009,0.0350832169478605,0.539182790065983,0.675080743338072,0.597165583355355,0.0335209203242226,0.559383855031813,0.0829470868928786,FALSE,0.600000002091261
"52b9791e08_t60","3pl_g20","heavy_tail","parametric",20,0.6,500,1000,0.603813404630664,0.0255667786992914,0.558835942321988,0.654625363790194,0.598568080159738,0.0245220012859324,0.549664006108103,0.0950696806670262,FALSE,0.600000002091261
"52b9791e08_t60","3pl_g20","heavy_tail","parametric",20,0.6,1000,1000,0.605117589688246,0.0196003458192526,0.569795173255327,0.650140074634792,0.599873152144512,0.0188283583715566,0.527918856091359,0.123249090119316,FALSE,0.600000002091261
"52b9791e08_t60","3pl_g20","heavy_tail","parametric",20,0.6,2000,1000,0.605743654976087,0.0134104252412061,0.582839652185041,0.634966425012078,0.600481716424625,0.0129062483727803,0.520666874992431,0.129451922553272,FALSE,0.600000002091261
"52b9791e08_t70","3pl_g20","heavy_tail","parametric",20,0.7,100,1000,0.6872257983602,0.0455898472490885,0.59715044245124,0.776406069442889,0.675144414370252,0.041705847477311,0.627366388877474,0.0809244232575492,FALSE,0.700000002741765
"52b9791e08_t70","3pl_g20","heavy_tail","parametric",20,0.7,250,1000,0.690775958460297,0.0321633489092491,0.632375399218979,0.757879196616932,0.678777292923178,0.029791816012385,0.609165766681051,0.109650113562717,FALSE,0.700000002741765
"52b9791e08_t70","3pl_g20","heavy_tail","parametric",20,0.7,500,1000,0.695510985299419,0.0235280905371326,0.655666715559539,0.740390343061936,0.683398473242818,0.0220250076281797,0.582488918874413,0.142089031010733,FALSE,0.700000002741765
"52b9791e08_t70","3pl_g20","heavy_tail","parametric",20,0.7,1000,1000,0.694534631869248,0.0172912209319175,0.662092215051144,0.729081627309132,0.682551837606998,0.0161119302333224,0.565132584097508,0.153311382770089,FALSE,0.700000002741765
"52b9791e08_t70","3pl_g20","heavy_tail","parametric",20,0.7,2000,1000,0.694113691545022,0.0124075882006707,0.67341024220168,0.723155372537339,0.682167524056495,0.0116069702781504,0.544282017189509,0.164651683918575,FALSE,0.700000002741765
"52b9791e08_t80","3pl_g20","heavy_tail","parametric",20,0.8,100,1000,0.793639487811669,0.0347605419413517,0.723001886747541,0.858182799163903,0.776539751228312,0.0303366762807869,0.661767909844006,0.182974070289145,FALSE,0.800000001846899
"52b9791e08_t80","3pl_g20","heavy_tail","parametric",20,0.8,250,1000,0.798536499724514,0.0232089138466925,0.754053896236054,0.848931959240487,0.781378514785965,0.020477806895926,0.605582209704322,0.212671125471241,FALSE,0.800000001846899
"52b9791e08_t80","3pl_g20","heavy_tail","parametric",20,0.8,500,1000,0.798366023916427,0.0162722968149782,0.767628949509119,0.829440805990039,0.781404757031287,0.0145203328796292,0.546135020822366,0.228261098411954,FALSE,0.800000001846899
"52b9791e08_t80","3pl_g20","heavy_tail","parametric",20,0.8,1000,1000,0.799870670446695,0.0123020397240943,0.777680336862887,0.824473572953061,0.782932183089373,0.0110908795867238,0.473068062523745,0.241992482557785,FALSE,0.800000001846899
"52b9791e08_t80","3pl_g20","heavy_tail","parametric",20,0.8,2000,1000,0.800151182437637,0.00861284220138308,0.784331093182243,0.817220682866079,0.783146569166009,0.00776541519503871,0.394134177450581,0.232983453764406,FALSE,0.800000001846899
"52b9791e08_t90","3pl_g20","heavy_tail","parametric",20,0.9,100,1000,0.895471699713031,0.0181063065935356,0.860247119777133,0.930866861354263,0.845652838952624,0.0136815970273459,0.52348881904689,0.295480912662797,FALSE,0.900000001083677
"52b9791e08_t90","3pl_g20","heavy_tail","parametric",20,0.9,250,1000,0.89822155343965,0.0127657250453538,0.873445258133849,0.925834330425346,0.848172329041821,0.0102782473298673,0.351761239493182,0.295573071248859,FALSE,0.900000001083677
"52b9791e08_t90","3pl_g20","heavy_tail","parametric",20,0.9,500,1000,0.898712753061653,0.00888355260176527,0.883533024088976,0.917867729921444,0.848639735510764,0.0072081304813497,0.239975979649371,0.256943360340997,FALSE,0.900000001083677
"52b9791e08_t90","3pl_g20","heavy_tail","parametric",20,0.9,1000,1000,0.899272198517098,0.00654078853163754,0.886624843372912,0.91307972599644,0.849268378666992,0.00564443488507221,0.122190519628341,0.185354697556648,FALSE,0.900000001083677
"52b9791e08_t90","3pl_g20","heavy_tail","parametric",20,0.9,2000,1000,0.899970245568133,0.00507882372467709,0.891117606058315,0.91084341932512,0.849889600354271,0.00449323047734073,0.0454964094496309,0.105919071516318,FALSE,0.900000001083677
"52b9791e08_t95","3pl_g20","heavy_tail","parametric",20,0.95,100,1000,0.949443918820464,0.00980445305247033,0.928973495076058,0.967011899013827,0.903667731877149,0.00967204893373328,0.243280593233586,0.315494850875019,FALSE,0.950000000163558
"52b9791e08_t95","3pl_g20","heavy_tail","parametric",20,0.95,250,1000,0.951140036056341,0.00654608203157013,0.938280284167421,0.963451936862576,0.905060636019834,0.00696493736776638,0.0716190544413246,0.167065088937075,FALSE,0.950000000163558
"52b9791e08_t95","3pl_g20","heavy_tail","parametric",20,0.95,500,1000,0.951698907949469,0.00451616261944002,0.94305346850192,0.960530404543941,0.905381948475657,0.00485796442985691,0.0137233893069705,0.0598740052880401,FALSE,0.950000000163558
"52b9791e08_t95","3pl_g20","heavy_tail","parametric",20,0.95,1000,1000,0.951858415831112,0.00352868914589101,0.945320814511966,0.959613241895321,0.906019796564505,0.00363344725885458,0.00155605701229854,0.0109098692816519,FALSE,0.950000000163558
"52b9791e08_t95","3pl_g20","heavy_tail","parametric",20,0.95,2000,1000,0.952029456361411,0.00236799121769234,0.947416953969718,0.956655071131764,0.906072046062594,0.00271214261665617,0.000124344538807432,0.00103174239935262,FALSE,0.950000000163558
"54e9907b58_t50","3pl_g20","heavy_tail","irw",60,0.5,100,1000,0.491521722173136,0.0538031611549616,0.396933961093093,0.596089783030367,0.490742704199079,0.0533094984261904,0.489257650468856,0.0517779088619576,FALSE,0.500000000193466
"54e9907b58_t50","3pl_g20","heavy_tail","irw",60,0.5,250,1000,0.499623907799836,0.0363082653106884,0.437418893835534,0.583975485307973,0.498819114393727,0.0359485062527342,0.497136463132524,0.0344952249517548,FALSE,0.500000000193466
"54e9907b58_t50","3pl_g20","heavy_tail","irw",60,0.5,500,1000,0.501581683194571,0.0284524456576738,0.451453570322824,0.561627951370426,0.50077039864332,0.0281805535241405,0.498766062866699,0.0265803298733466,FALSE,0.500000000193466
"54e9907b58_t50","3pl_g20","heavy_tail","irw",60,0.5,1000,1000,0.502043274411337,0.0211551331657003,0.464173066449481,0.545814265752804,0.501247429735837,0.0209805767749114,0.497756356272319,0.0244153880771622,FALSE,0.500000000193466
"54e9907b58_t50","3pl_g20","heavy_tail","irw",60,0.5,2000,1000,0.502011257187078,0.0138013139229249,0.477149101008255,0.532315276699397,0.501215356534065,0.0136809092928657,0.498870679008104,0.0139583279147706,FALSE,0.500000000193466
"54e9907b58_t60","3pl_g20","heavy_tail","irw",60,0.6,100,1000,0.589467409962797,0.0532007054778625,0.490880926602327,0.695988513329158,0.588390723108282,0.0524093176457036,0.586243986003321,0.0491234057326705,FALSE,0.600000001713142
"54e9907b58_t60","3pl_g20","heavy_tail","irw",60,0.6,250,1000,0.595562868507344,0.0367366091391885,0.530484468041566,0.671194281745468,0.594483138837758,0.0362024414217342,0.590510207877873,0.0375376481265087,FALSE,0.600000001713142
"54e9907b58_t60","3pl_g20","heavy_tail","irw",60,0.6,500,1000,0.595271368268717,0.0264529427737195,0.545823036291393,0.647116354723934,0.594230260140845,0.0260892807444268,0.591016499550152,0.0257083808714611,FALSE,0.600000001713142
"54e9907b58_t60","3pl_g20","heavy_tail","irw",60,0.6,1000,1000,0.596725525949592,0.0200575917429288,0.563749838025955,0.642848452462762,0.595680448424076,0.0197873620330375,0.592046903513352,0.0224996475484999,FALSE,0.600000001713142
"54e9907b58_t60","3pl_g20","heavy_tail","irw",60,0.6,2000,1000,0.597773684921866,0.01376890223628,0.572375013532691,0.626948655749631,0.596725918283996,0.013598265188752,0.590784545052403,0.0318835855329266,FALSE,0.600000001713142
"54e9907b58_t70","3pl_g20","heavy_tail","irw",60,0.7,100,1000,0.699588025109949,0.0436108926821399,0.616359017285112,0.795270676636811,0.697092368122095,0.0422140720492749,0.69121811204881,0.0419645268750327,FALSE,0.70000000307431
"54e9907b58_t70","3pl_g20","heavy_tail","irw",60,0.7,250,1000,0.70116728024018,0.0315050535230597,0.643765393302589,0.769020903366818,0.698758390972452,0.0306660167331502,0.691401738912451,0.0452276459258653,FALSE,0.70000000307431
"54e9907b58_t70","3pl_g20","heavy_tail","irw",60,0.7,500,1000,0.703627080018696,0.0223500874501309,0.660891031709874,0.748397262509394,0.701204262451916,0.0217432065985335,0.69289547095446,0.0407211486769631,FALSE,0.70000000307431
"54e9907b58_t70","3pl_g20","heavy_tail","irw",60,0.7,1000,1000,0.705252768679193,0.0158677724447398,0.677191263215239,0.737082016654173,0.702797650070313,0.0154760191705762,0.692096412568308,0.04366242011819,FALSE,0.70000000307431
"54e9907b58_t70","3pl_g20","heavy_tail","irw",60,0.7,2000,1000,0.705789838462942,0.0125741006981781,0.685630044795807,0.731520852136168,0.703334624127936,0.0122616877797715,0.68843272029934,0.0624846602764916,FALSE,0.70000000307431
"54e9907b58_t80","3pl_g20","heavy_tail","irw",60,0.8,100,1000,0.790234196736985,0.0389792987479978,0.710877302497685,0.865758449855993,0.778631737456669,0.039202867812905,0.766806657226225,0.0708029456190059,FALSE,0.800000000245899
"54e9907b58_t80","3pl_g20","heavy_tail","irw",60,0.8,250,1000,0.795551900312321,0.0259158620684324,0.746502915628408,0.845432066175715,0.783956317505939,0.0261007419578614,0.766519658486794,0.0808101188442209,FALSE,0.800000000245899
"54e9907b58_t80","3pl_g20","heavy_tail","irw",60,0.8,500,1000,0.795780467764654,0.0184220074768567,0.758727469715993,0.831850750227909,0.784157192893561,0.0185848850208899,0.760398258947802,0.102689127512199,FALSE,0.800000000245899
"54e9907b58_t80","3pl_g20","heavy_tail","irw",60,0.8,1000,1000,0.797317786506851,0.0126422347324948,0.772407855388056,0.821589340749512,0.785664748380605,0.0127197169966375,0.757024457836267,0.103829238152367,FALSE,0.800000000245899
"54e9907b58_t80","3pl_g20","heavy_tail","irw",60,0.8,2000,1000,0.797798617131133,0.00968333406136999,0.780385235361483,0.817830637361656,0.786176773352101,0.00978533727223054,0.73699471463657,0.145361497854015,FALSE,0.800000000245899
"54e9907b58_t90","3pl_g20","heavy_tail","irw",60,0.9,100,1000,0.895418146801862,0.021650352660002,0.851270369654681,0.935018316989312,0.891877116478231,0.0210851358680082,0.878124880552322,0.0858974140951604,FALSE,0.900000000707786
"54e9907b58_t90","3pl_g20","heavy_tail","irw",60,0.9,250,1000,0.89809024038774,0.0138882277976404,0.871315951123599,0.925623783761427,0.894569975948091,0.0134333038704369,0.859173891634791,0.145062194085875,FALSE,0.900000000707786
"54e9907b58_t90","3pl_g20","heavy_tail","irw",60,0.9,500,1000,0.897946681703693,0.00987906236571962,0.878462371087822,0.915970622797252,0.894451232333529,0.00958136004935557,0.838993137037883,0.182297961634962,FALSE,0.900000000707786
"54e9907b58_t90","3pl_g20","heavy_tail","irw",60,0.9,1000,1000,0.8989035908514,0.00738174753793146,0.884783267872591,0.912867702370547,0.895408869821054,0.00714259480004872,0.796461179641774,0.247464604081601,FALSE,0.900000000707786
"54e9907b58_t90","3pl_g20","heavy_tail","irw",60,0.9,2000,1000,0.899242711416109,0.00534680780125169,0.889201250693235,0.90916652380822,0.895764633724907,0.0051919635982143,0.733774428444606,0.303057576879497,FALSE,0.900000000707786
"54e9907b58_t95","3pl_g20","heavy_tail","irw",60,0.95,100,1000,0.947855885163686,0.0102593312199463,0.926233777804215,0.966464358491667,0.939093227220075,0.00876611808143945,0.877141467244789,0.20885281227562,FALSE,0.950000000572137
"54e9907b58_t95","3pl_g20","heavy_tail","irw",60,0.95,250,1000,0.949810887186944,0.00683531103326701,0.936140250095692,0.963329266324781,0.940965613828177,0.00568932574971038,0.80693907339411,0.29344812799641,FALSE,0.950000000572137
"54e9907b58_t95","3pl_g20","heavy_tail","irw",60,0.95,500,1000,0.949842415914876,0.00503220315944305,0.940105864289773,0.959907941763377,0.941084721760133,0.00428034199767841,0.735874179823819,0.353091493000986,FALSE,0.950000000572137
"54e9907b58_t95","3pl_g20","heavy_tail","irw",60,0.95,1000,1000,0.950332188322078,0.00342188291215632,0.944320886306626,0.957187042033515,0.941559664633686,0.00296014741779359,0.588421584725061,0.406566953790574,FALSE,0.950000000572137
"54e9907b58_t95","3pl_g20","heavy_tail","irw",60,0.95,2000,1000,0.950453296419556,0.0025437142511665,0.945658974136582,0.955726609381927,0.941697333820921,0.00221403130718508,0.413158381335036,0.410859178914131,FALSE,0.950000000572137
"55a1174a1c_t50","2pl","skew_pos","parametric",40,0.5,100,1000,0.492671539884801,0.0438181254472568,0.412608674382788,0.58585736990645,0.492069615440371,0.043500108244133,0.491275782917339,0.0431354844274008,TRUE,0.500000000208692
"55a1174a1c_t50","2pl","skew_pos","parametric",40,0.5,250,1000,0.493501262141964,0.0286275806579528,0.438908763742307,0.547538972601558,0.492918515608633,0.0284321527739041,0.492118326436809,0.0282033242160099,TRUE,0.500000000208692
"55a1174a1c_t50","2pl","skew_pos","parametric",40,0.5,500,1000,0.496327932282567,0.0204228774347449,0.454751100591808,0.536359508415615,0.495731733219975,0.0202795291266108,0.494903597090167,0.0201058815610061,TRUE,0.500000000208692
"55a1174a1c_t50","2pl","skew_pos","parametric",40,0.5,1000,1000,0.496683163797484,0.0145340193816008,0.467373958234976,0.525355745384112,0.496088187673918,0.0144328591263443,0.495254339182699,0.0143116871790649,TRUE,0.500000000208692
"55a1174a1c_t50","2pl","skew_pos","parametric",40,0.5,2000,1000,0.496835524519981,0.010099232151586,0.476748180452136,0.51733017042825,0.496242792389472,0.010028289900547,0.495408818958309,0.00994163024136198,TRUE,0.500000000208692
"55a1174a1c_t60","2pl","skew_pos","parametric",40,0.6,100,1000,0.597167456580368,0.0426164992448082,0.515113840137393,0.678781133042581,0.596347368955403,0.042186233883843,0.595598783433763,0.0418274407692668,TRUE,0.600000000701523
"55a1174a1c_t60","2pl","skew_pos","parametric",40,0.6,250,1000,0.59896429577661,0.0274242042747625,0.543740261376978,0.651667853081962,0.5981473884108,0.0271578094715995,0.597344568569926,0.0269025113805147,TRUE,0.600000000701523
"55a1174a1c_t60","2pl","skew_pos","parametric",40,0.6,500,1000,0.599884235281084,0.0200299558947842,0.55782029642584,0.639043017284524,0.59907174816214,0.0198356639042824,0.598268187045052,0.0196537404919378,TRUE,0.600000000701523
"55a1174a1c_t60","2pl","skew_pos","parametric",40,0.6,1000,1000,0.60023654957134,0.0139788459774056,0.572853315206703,0.627459080077395,0.599421616442536,0.0138416425373685,0.598604599026352,0.0137106840454059,TRUE,0.600000000701523
"55a1174a1c_t60","2pl","skew_pos","parametric",40,0.6,2000,1000,0.600982675837926,0.00992752469716377,0.580953141512488,0.620312155682875,0.60016565251177,0.00982739402717508,0.599343683154042,0.00972752879958246,TRUE,0.600000000701523
"55a1174a1c_t70","2pl","skew_pos","parametric",40,0.7,100,1000,0.692292178063211,0.0380914845377771,0.613509118573284,0.76188779825874,0.690607522493579,0.0373410737702953,0.689373747342979,0.0367519865726533,TRUE,0.700000001813509
"55a1174a1c_t70","2pl","skew_pos","parametric",40,0.7,250,1000,0.695402475803702,0.0227655550539438,0.65137503748646,0.737148726315822,0.693736320959324,0.0223245632121973,0.69250824656413,0.0219819640889953,TRUE,0.700000001813509
"55a1174a1c_t70","2pl","skew_pos","parametric",40,0.7,500,1000,0.697629552512499,0.01683501756183,0.665055334464536,0.728751065991304,0.695923754240816,0.0164919910009811,0.694608923471072,0.0161906492796092,TRUE,0.700000001813509
"55a1174a1c_t70","2pl","skew_pos","parametric",40,0.7,1000,1000,0.697483328097512,0.0120054030597366,0.673736901217023,0.719788433111161,0.695790173105515,0.0117647037649616,0.694496881683725,0.0115744291658456,TRUE,0.700000001813509
"55a1174a1c_t70","2pl","skew_pos","parametric",40,0.7,2000,1000,0.697257944217652,0.00805297132635111,0.680630857616581,0.712128823902127,0.695571995458066,0.00789248227748311,0.694264904118406,0.00775443216337019,TRUE,0.700000001813509
"55a1174a1c_t80","2pl","skew_pos","parametric",40,0.8,100,1000,0.796473714113401,0.0282139142813632,0.73966371535337,0.845476734231916,0.792789788952428,0.0270696522213421,0.790899015820738,0.0263452790988225,TRUE,0.800000003011391
"55a1174a1c_t80","2pl","skew_pos","parametric",40,0.8,250,1000,0.799263051554222,0.0175323346823206,0.763023666685799,0.831434141127857,0.795531075959133,0.0167839503636588,0.79341604183272,0.0161436534574825,TRUE,0.800000003011391
"55a1174a1c_t80","2pl","skew_pos","parametric",40,0.8,500,1000,0.800540270107504,0.0122440937231038,0.775277985145193,0.823848475476121,0.796756180228801,0.011701554796089,0.794672657885627,0.0112574040704749,TRUE,0.800000003011391
"55a1174a1c_t80","2pl","skew_pos","parametric",40,0.8,1000,1000,0.8008850225627,0.00894779771116339,0.782967332876746,0.817005711719255,0.797102669434085,0.00853953416848659,0.794968226867877,0.00819106664027736,TRUE,0.800000003011391
"55a1174a1c_t80","2pl","skew_pos","parametric",40,0.8,2000,1000,0.80128053394541,0.0065123445349614,0.787945757279151,0.813870388751943,0.797487042373405,0.00623723008850646,0.795328188031018,0.00599478252698534,TRUE,0.800000003011391
"55a1174a1c_t90","2pl","skew_pos","parametric",40,0.9,100,1000,0.900185167079672,0.0151618820610088,0.867676938305954,0.926626580162169,0.89272758960834,0.0129700462891072,0.888767189135416,0.0118366562945046,TRUE,0.9000000018279
"55a1174a1c_t90","2pl","skew_pos","parametric",40,0.9,250,1000,0.901372943137835,0.00961978893965143,0.882273310311333,0.918684683296603,0.893857744519731,0.00819562594028262,0.889765149923676,0.00743935636227713,TRUE,0.9000000018279
"55a1174a1c_t90","2pl","skew_pos","parametric",40,0.9,500,1000,0.902196686438369,0.00669978426501016,0.888997163469929,0.915419946436109,0.894593991905302,0.00564229882038726,0.890275396339264,0.00491581452282534,TRUE,0.9000000018279
"55a1174a1c_t90","2pl","skew_pos","parametric",40,0.9,1000,1000,0.902430731118785,0.00470722593719916,0.89348048251379,0.911398708870654,0.894815750457423,0.00397926090636105,0.890139723782807,0.00396311639055728,TRUE,0.9000000018279
"55a1174a1c_t90","2pl","skew_pos","parametric",40,0.9,2000,1000,0.902390104119319,0.00333453924678595,0.895387417195317,0.90844426865593,0.894791453835592,0.00282839548033519,0.890238266408151,0.0026965628075939,TRUE,0.9000000018279
"55a1174a1c_t95","2pl","skew_pos","parametric",40,0.95,100,1000,0.948358400620788,0.00817507026255035,0.929831915181019,0.962249277107597,0.935868582548725,0.00520285355613989,0.922550638554218,0.0299962741958857,TRUE,0.950000000573123
"55a1174a1c_t95","2pl","skew_pos","parametric",40,0.95,250,1000,0.949023087716621,0.00528726753010659,0.938491012245378,0.958168495694828,0.936364363031268,0.00311811015274937,0.922149585511379,0.0219012506083212,TRUE,0.950000000573123
"55a1174a1c_t95","2pl","skew_pos","parametric",40,0.95,500,1000,0.949058632573708,0.0036331045950432,0.941531487949062,0.95585100691214,0.936458566278896,0.00217136349150165,0.92169044268336,0.0253425335276349,TRUE,0.950000000573123
"55a1174a1c_t95","2pl","skew_pos","parametric",40,0.95,1000,1000,0.949404119824693,0.00253394739886835,0.944353198930926,0.954304898015997,0.936753014692582,0.00151329363279096,0.920288394954428,0.0252141400733187,TRUE,0.950000000573123
"55a1174a1c_t95","2pl","skew_pos","parametric",40,0.95,2000,1000,0.949467540974594,0.00176359682500694,0.945914624843299,0.95286916643914,0.936806565474358,0.00103935669200672,0.92041848608586,0.0147894506104891,TRUE,0.950000000573123
"58488a9252_t50","2pl","bimodal","parametric",40,0.5,100,1000,0.501618679581352,0.0274039050893878,0.445822311833475,0.551194232909582,0.501478082710595,0.0273730012320144,0.50133266907923,0.0273562517274556,TRUE,0.500000000471603
"58488a9252_t50","2pl","bimodal","parametric",40,0.5,250,1000,0.501043154085216,0.0170337727832185,0.468796974024243,0.532674253805241,0.500903114847696,0.0170130979338565,0.500756232458106,0.0170009347323179,TRUE,0.500000000471603
"58488a9252_t50","2pl","bimodal","parametric",40,0.5,500,1000,0.500880174482692,0.0117436796060438,0.477397394699674,0.523443659865242,0.500740611683099,0.0117293102470319,0.500593590986061,0.0117207966006179,TRUE,0.500000000471603
"58488a9252_t50","2pl","bimodal","parametric",40,0.5,1000,1000,0.501578406077534,0.0083846136452389,0.485842556319051,0.518295310168221,0.50143760047286,0.00837434333889579,0.501289329104112,0.00836834324248606,TRUE,0.500000000471603
"58488a9252_t50","2pl","bimodal","parametric",40,0.5,2000,1000,0.501405698470649,0.00581489691761679,0.489146678270575,0.51271571973764,0.50126565191418,0.00580789433152588,0.501117930482839,0.0058038093813466,TRUE,0.500000000471603
"58488a9252_t60","2pl","bimodal","parametric",40,0.6,100,1000,0.597948807362489,0.0253464685682461,0.545963890157072,0.641775250550096,0.597588166999003,0.0252809095325311,0.597327218924288,0.0252590422240847,TRUE,0.600000035111574
"58488a9252_t60","2pl","bimodal","parametric",40,0.6,250,1000,0.597904501191721,0.0161352665100429,0.563975307635835,0.628278209292615,0.597546893833242,0.0160913476031471,0.597285490289804,0.0160756145313686,TRUE,0.600000035111574
"58488a9252_t60","2pl","bimodal","parametric",40,0.6,500,1000,0.599045813086939,0.010936277823543,0.57699714873956,0.619752051400925,0.598684485733073,0.0109069979399718,0.598420539857836,0.0108970609735821,TRUE,0.600000035111574
"58488a9252_t60","2pl","bimodal","parametric",40,0.6,1000,1000,0.599005993366145,0.00780892094084951,0.584191607309124,0.615457135999407,0.598644465338966,0.00778736200568174,0.598379760497136,0.00777980324163713,TRUE,0.600000035111574
"58488a9252_t60","2pl","bimodal","parametric",40,0.6,2000,1000,0.599535966793313,0.00558862373200558,0.588946530576058,0.60997825001071,0.599172830411765,0.0055735186918019,0.598907420832982,0.00556840024080216,TRUE,0.600000035111574
"58488a9252_t70","2pl","bimodal","parametric",40,0.7,100,1000,0.699701954758671,0.0214801470913335,0.654697120329914,0.737899539008168,0.698807684867912,0.0213440102834608,0.698372534334166,0.0213172889689229,TRUE,0.700000003269548
"58488a9252_t70","2pl","bimodal","parametric",40,0.7,250,1000,0.700462290618149,0.0137816569117247,0.672485188857924,0.726641542394325,0.699563163015377,0.013683875532245,0.699123897054212,0.0136626011359673,TRUE,0.700000003269548
"58488a9252_t70","2pl","bimodal","parametric",40,0.7,500,1000,0.700804846332199,0.00970929785856134,0.681960921144049,0.719703881178221,0.699901292680908,0.00964303248290765,0.699459084720368,0.00962929693641271,TRUE,0.700000003269548
"58488a9252_t70","2pl","bimodal","parametric",40,0.7,1000,1000,0.701009513646993,0.00684899778614181,0.688081562458282,0.713898537812888,0.700104922490038,0.00680232207470676,0.699661406700725,0.00679264693689959,TRUE,0.700000003269548
"58488a9252_t70","2pl","bimodal","parametric",40,0.7,2000,1000,0.701189710077572,0.00484506858350268,0.69151756675078,0.710780287862115,0.700284584096226,0.00481244330830252,0.699841103624862,0.00480603588915263,TRUE,0.700000003269548
"58488a9252_t80","2pl","bimodal","parametric",40,0.8,100,1000,0.800403813967249,0.0158444357298122,0.766259073149818,0.828470592535744,0.79827774077888,0.015616790267284,0.797625080913676,0.0156037717048225,TRUE,0.800000002024537
"58488a9252_t80","2pl","bimodal","parametric",40,0.8,250,1000,0.800276594569005,0.00991631402134271,0.779758421921817,0.818286330108857,0.798120738166068,0.00977881690568296,0.797453298642265,0.00977382705818753,TRUE,0.800000002024537
"58488a9252_t80","2pl","bimodal","parametric",40,0.8,500,1000,0.800529613859694,0.0069681201772778,0.785706367104062,0.813863840594368,0.798371923174291,0.00686065294983014,0.797702205060086,0.00685317283753782,TRUE,0.800000002024537
"58488a9252_t80","2pl","bimodal","parametric",40,0.8,1000,1000,0.800684841362122,0.00485491052096126,0.791297891622307,0.809911054539719,0.798522743444063,0.00478376234764846,0.797851583896331,0.00477940292574379,TRUE,0.800000002024537
"58488a9252_t80","2pl","bimodal","parametric",40,0.8,2000,1000,0.80066496651263,0.00354636211806638,0.793881876465267,0.807063937968473,0.798500521200152,0.003494847522289,0.79782795915874,0.00349257509772678,TRUE,0.800000002024537
"58488a9252_t90","2pl","bimodal","parametric",40,0.9,100,1000,0.898654649761175,0.00892948343942909,0.880438987259039,0.915171928833971,0.896442409968877,0.00871377366625046,0.896109130735316,0.00870544972228423,TRUE,0.900000000462325
"58488a9252_t90","2pl","bimodal","parametric",40,0.9,250,1000,0.899482629412014,0.00544951223338385,0.88799682158909,0.909139318237707,0.897243528547764,0.00531446521409258,0.896904278189751,0.00530834684707934,TRUE,0.900000000462325
"58488a9252_t90","2pl","bimodal","parametric",40,0.9,500,1000,0.899760608505101,0.00388436085637922,0.891867023479527,0.907204013583428,0.897515524762973,0.00377305367765792,0.897174563127576,0.00376539385686508,TRUE,0.900000000462325
"58488a9252_t90","2pl","bimodal","parametric",40,0.9,1000,1000,0.899706509296311,0.00270257848876049,0.894291618497428,0.904656260051186,0.89746734054201,0.00263257643228305,0.897128252498772,0.00262919861206347,TRUE,0.900000000462325
"58488a9252_t90","2pl","bimodal","parametric",40,0.9,2000,1000,0.899854953414088,0.00190080410715894,0.895840796297459,0.903117593634753,0.89760655302382,0.00185139383066366,0.89726529906794,0.00184916331761286,TRUE,0.900000000462325
"58488a9252_t95","2pl","bimodal","parametric",40,0.95,100,1000,0.949639845192608,0.00379531217274865,0.941493235521596,0.956296734654516,0.941306174466335,0.00342566680876352,0.940461955380208,0.00347934184361853,TRUE,0.950000000746619
"58488a9252_t95","2pl","bimodal","parametric",40,0.95,250,1000,0.94978958201647,0.00240641126687208,0.945211033644905,0.954323561820265,0.941407449804922,0.0022076210033741,0.940570531963911,0.00223497957261433,TRUE,0.950000000746619
"58488a9252_t95","2pl","bimodal","parametric",40,0.95,500,1000,0.950019999801879,0.00167538619136543,0.946605361136239,0.953235543435053,0.941628752060586,0.00152035399945629,0.940782206643112,0.0015384137187873,TRUE,0.950000000746619
"58488a9252_t95","2pl","bimodal","parametric",40,0.95,1000,1000,0.950001548618714,0.00118231666654681,0.947730916801784,0.95231011472571,0.941617530171716,0.00106821118823883,0.940777557741499,0.00108176538876094,TRUE,0.950000000746619
"58488a9252_t95","2pl","bimodal","parametric",40,0.95,2000,1000,0.950050019717817,0.000819841123091409,0.948472720164925,0.951591719266737,0.941646628680509,0.000756528415115328,0.94080068946484,0.000771321929099792,TRUE,0.950000000746619
"594de50093_t50","3pl_g20","skew_pos","irw",60,0.5,100,1000,0.495474273460698,0.0460753474296824,0.406617450972885,0.588809304448331,0.495074711740408,0.0459550524521504,0.494634011621626,0.0458821382697477,TRUE,0.50000000052636
"594de50093_t50","3pl_g20","skew_pos","irw",60,0.5,250,1000,0.495652193926528,0.0299694551485213,0.434823281767378,0.550962119706023,0.495259265837366,0.0298948666325231,0.494819132425725,0.0298469310478707,TRUE,0.50000000052636
"594de50093_t50","3pl_g20","skew_pos","irw",60,0.5,500,1000,0.499448945723577,0.0204342945911059,0.460308944873476,0.540062608674695,0.499049432214218,0.0203789097438176,0.498603568459015,0.0203407291677771,TRUE,0.50000000052636
"594de50093_t50","3pl_g20","skew_pos","irw",60,0.5,1000,1000,0.499117581335302,0.0142570565121919,0.469193683312745,0.528116537075127,0.498719239956766,0.014220236112773,0.498270296704143,0.0141955227841362,TRUE,0.50000000052636
"594de50093_t50","3pl_g20","skew_pos","irw",60,0.5,2000,1000,0.498839224936163,0.0106320690508208,0.477403277314516,0.519816649301098,0.498441704244843,0.0106048193434591,0.49799139747723,0.0105848743617593,TRUE,0.50000000052636
"594de50093_t60","3pl_g20","skew_pos","irw",60,0.6,100,1000,0.596960678734581,0.0443700999655753,0.50421249825705,0.674361719013025,0.59617679653253,0.0440740024445276,0.595521964788017,0.0438573708498949,TRUE,0.600000001099225
"594de50093_t60","3pl_g20","skew_pos","irw",60,0.6,250,1000,0.598353091480431,0.0288053040346454,0.54158923872728,0.652802609936783,0.597578683873183,0.0286051690094816,0.596917517810004,0.0284521101743993,TRUE,0.600000001099225
"594de50093_t60","3pl_g20","skew_pos","irw",60,0.6,500,1000,0.601091196941711,0.0191254481287579,0.562656806804837,0.638193268211296,0.600306875170329,0.0189894013019422,0.599628658806161,0.0188786391728761,TRUE,0.600000001099225
"594de50093_t60","3pl_g20","skew_pos","irw",60,0.6,1000,1000,0.602053058155237,0.013961052875795,0.57525486433062,0.627567634294407,0.601264028339401,0.0138596385972419,0.600577726213526,0.0137752478879849,TRUE,0.600000001099225
"594de50093_t60","3pl_g20","skew_pos","irw",60,0.6,2000,1000,0.601561591956728,0.0100536037250183,0.581350112029393,0.620665162445348,0.600778803409416,0.00998346261382527,0.600096807050966,0.00992659492326251,TRUE,0.600000001099225
"594de50093_t70","3pl_g20","skew_pos","irw",60,0.7,100,1000,0.697818095145556,0.0383996046264324,0.619614346106142,0.771382250425707,0.695144111337696,0.0378036134364535,0.693588437137868,0.0375196627656519,TRUE,0.700000002720083
"594de50093_t70","3pl_g20","skew_pos","irw",60,0.7,250,1000,0.699836257846749,0.0237563103128031,0.653432997974784,0.745896862531193,0.69714594590749,0.023389372252722,0.695562528533816,0.0231804526770479,TRUE,0.700000002720083
"594de50093_t70","3pl_g20","skew_pos","irw",60,0.7,500,1000,0.701151072233171,0.0165791329139664,0.670370333073151,0.733442086890272,0.698450611251751,0.0163125608386704,0.69684611075544,0.0161500100024879,TRUE,0.700000002720083
"594de50093_t70","3pl_g20","skew_pos","irw",60,0.7,1000,1000,0.700320447481586,0.0114158991638668,0.677380595725509,0.722127227203231,0.697638323305232,0.0112381038831101,0.696043121493708,0.0111299609198671,TRUE,0.700000002720083
"594de50093_t70","3pl_g20","skew_pos","irw",60,0.7,2000,1000,0.701007868736899,0.00853774462895423,0.683983168719818,0.71745891969219,0.698316360023994,0.00840563973452195,0.696711040819412,0.00831995546049035,TRUE,0.700000002720083
"594de50093_t80","3pl_g20","skew_pos","irw",60,0.8,100,1000,0.795019852330118,0.0282208624379439,0.733014452638913,0.844013064296531,0.792186719351626,0.0273105081907061,0.790757992399888,0.0267020315965458,TRUE,0.800000003072494
"594de50093_t80","3pl_g20","skew_pos","irw",60,0.8,250,1000,0.795074901512599,0.0186229399229048,0.758229440548306,0.829465174933035,0.792276217995699,0.0179838966911213,0.790813309739566,0.0175207891077168,TRUE,0.800000003072494
"594de50093_t80","3pl_g20","skew_pos","irw",60,0.8,500,1000,0.796170656079136,0.0123921538819903,0.771188442098117,0.819787758063177,0.79334939076527,0.011946388069466,0.791847933590191,0.011612049002114,TRUE,0.800000003072494
"594de50093_t80","3pl_g20","skew_pos","irw",60,0.8,1000,1000,0.797026794132308,0.00861443736465957,0.780624141346822,0.813821539602295,0.794177713543571,0.00829949048681544,0.792597393305181,0.00803852606969359,TRUE,0.800000003072494
"594de50093_t80","3pl_g20","skew_pos","irw",60,0.8,2000,1000,0.797259308733451,0.00620302327990348,0.784712291571596,0.809444439315539,0.79439977791106,0.00598209461063824,0.792794097462241,0.0057930955461426,TRUE,0.800000003072494
"594de50093_t90","3pl_g20","skew_pos","irw",60,0.9,100,1000,0.897748688415237,0.0156790169203739,0.861405773634751,0.924164353600376,0.885063232594526,0.0138536031251228,0.879696592560795,0.0129488685281324,TRUE,0.900000001998527
"594de50093_t90","3pl_g20","skew_pos","irw",60,0.9,250,1000,0.89953755612521,0.00932952657624284,0.880576180057403,0.916697302120465,0.88670627607446,0.00815871967489649,0.88048759640742,0.00866720066534312,TRUE,0.900000001998527
"594de50093_t90","3pl_g20","skew_pos","irw",60,0.9,500,1000,0.899966176051367,0.0069081547066481,0.886008614833536,0.912577620618433,0.88716754047128,0.00600691769534504,0.88102464011423,0.00601204302685011,TRUE,0.900000001998527
"594de50093_t90","3pl_g20","skew_pos","irw",60,0.9,1000,1000,0.900229208760086,0.00490053431954729,0.890229714659422,0.909541328377591,0.887401274060131,0.00422809927020393,0.88130915726982,0.00395333337930924,TRUE,0.900000001998527
"594de50093_t90","3pl_g20","skew_pos","irw",60,0.9,2000,1000,0.90078806715929,0.00338102723288909,0.89425193386086,0.907402071264265,0.887885360681501,0.00292906353349287,0.881509633227359,0.00284074421341828,TRUE,0.900000001998527
"594de50093_t95","3pl_g20","skew_pos","irw",60,0.95,100,1000,0.946969782967545,0.00996257297504738,0.924445565415624,0.962935732205291,0.940374305644133,0.00994834609398655,0.935913660522123,0.0391364115482748,TRUE,0.950000000196524
"594de50093_t95","3pl_g20","skew_pos","irw",60,0.95,250,1000,0.948474722438093,0.00597745689441111,0.936491901315609,0.959161210304197,0.941787798489733,0.0058917740657324,0.934608590315453,0.0367510409537169,TRUE,0.950000000196524
"594de50093_t95","3pl_g20","skew_pos","irw",60,0.95,500,1000,0.948715877569117,0.00422603154794007,0.940309295549861,0.956458603004278,0.942050471302451,0.0041495004324963,0.932317189072033,0.0530243223928795,TRUE,0.950000000196524
"594de50093_t95","3pl_g20","skew_pos","irw",60,0.95,1000,1000,0.948878436945807,0.00285519338655545,0.943178087909283,0.954165132557128,0.942216994426636,0.00278185707208984,0.93021382002242,0.0626678139638658,TRUE,0.950000000196524
"594de50093_t95","3pl_g20","skew_pos","irw",60,0.95,2000,1000,0.948927124699627,0.00206984462026674,0.944679768180017,0.952729020990911,0.942227640188221,0.00201615177862882,0.927411138881075,0.0601220307803743,TRUE,0.950000000196524
"5bfd86674d_t50","2pl","skew_pos","irw",40,0.5,100,1000,0.495568646261058,0.0440655506902442,0.410888619215157,0.584148869981411,0.495234252835709,0.043866677733138,0.494821064048804,0.0436529414582319,TRUE,0.500000000247854
"5bfd86674d_t50","2pl","skew_pos","irw",40,0.5,250,1000,0.500380384494372,0.0288719730754459,0.44209805124415,0.55851024447153,0.500035430419702,0.0287404763681889,0.499584641421289,0.0285851054786155,TRUE,0.500000000247854
"5bfd86674d_t50","2pl","skew_pos","irw",40,0.5,500,1000,0.501335552267724,0.0212422988474417,0.459323780421456,0.542969950889067,0.5009894752864,0.021143550169687,0.500527203722007,0.0210218841715127,TRUE,0.500000000247854
"5bfd86674d_t50","2pl","skew_pos","irw",40,0.5,1000,1000,0.500802663001296,0.0140552153104142,0.475370770878387,0.527217172751561,0.500469197172547,0.013990824815218,0.500025549160601,0.013914079112361,TRUE,0.500000000247854
"5bfd86674d_t50","2pl","skew_pos","irw",40,0.5,2000,1000,0.501604487326048,0.0101542076648492,0.482021158841872,0.522571047003095,0.50126684052607,0.0101071031589858,0.500812384932409,0.0100480749515785,TRUE,0.500000000247854
"5bfd86674d_t60","2pl","skew_pos","irw",40,0.6,100,1000,0.597296871301554,0.0429183062321829,0.509389282291873,0.682872218106329,0.596430660394176,0.0424766074736663,0.595622433237985,0.0420851016516603,TRUE,0.600000000699194
"5bfd86674d_t60","2pl","skew_pos","irw",40,0.6,250,1000,0.603566328451595,0.0265847851281963,0.550759210149263,0.654129415194155,0.602681390596336,0.0263089234784044,0.601831436099119,0.0260671230816186,TRUE,0.600000000699194
"5bfd86674d_t60","2pl","skew_pos","irw",40,0.6,500,1000,0.602297500939228,0.0190018268091055,0.565530866713309,0.638804440027068,0.60142883345293,0.0188068247916325,0.60058225919001,0.0186372095008012,TRUE,0.600000000699194
"5bfd86674d_t60","2pl","skew_pos","irw",40,0.6,1000,1000,0.602673670220714,0.0133732155169365,0.577140171889077,0.627934529167774,0.601807569276835,0.013232126690171,0.600948880883386,0.0130973502779806,TRUE,0.600000000699194
"5bfd86674d_t60","2pl","skew_pos","irw",40,0.6,2000,1000,0.603177827561868,0.00944317586557201,0.584507929579324,0.621947803722328,0.602310323037024,0.00934661154606969,0.601445590237252,0.00925300563686003,TRUE,0.600000000699194
"5bfd86674d_t70","2pl","skew_pos","irw",40,0.7,100,1000,0.696539563584204,0.0372865120811338,0.621633744659938,0.765213865706339,0.694583693499188,0.0364656159623551,0.693179510547592,0.0358569906050609,TRUE,0.700000000720745
"5bfd86674d_t70","2pl","skew_pos","irw",40,0.7,250,1000,0.700109704402891,0.0233795810650572,0.650647844129412,0.743630398023622,0.698130227897703,0.0228459025136296,0.696608999196413,0.0223897460790385,TRUE,0.700000000720745
"5bfd86674d_t70","2pl","skew_pos","irw",40,0.7,500,1000,0.700079650122407,0.0164540887969119,0.666728413012838,0.732215607382597,0.698125346119056,0.0160755744834957,0.696618217931092,0.0157656319937828,TRUE,0.700000000720745
"5bfd86674d_t70","2pl","skew_pos","irw",40,0.7,1000,1000,0.701119425294828,0.0118946589905197,0.677836680131642,0.7232751876863,0.699144327993657,0.0116204228817104,0.697618125312386,0.0113879923412113,TRUE,0.700000000720745
"5bfd86674d_t70","2pl","skew_pos","irw",40,0.7,2000,1000,0.701000217353975,0.00844034344261625,0.684757465200222,0.717268497558366,0.699027693186342,0.00824398398099898,0.697478577469047,0.00806435839615262,TRUE,0.700000000720745
"5bfd86674d_t80","2pl","skew_pos","irw",40,0.8,100,1000,0.791856777045569,0.0284069690461533,0.734289311822401,0.844050748207657,0.787649453396298,0.027043913694087,0.78525916273383,0.0261244572987323,TRUE,0.800000013786276
"5bfd86674d_t80","2pl","skew_pos","irw",40,0.8,250,1000,0.794979635008401,0.0184408999698851,0.760084262073028,0.828291545196377,0.790670753171046,0.0174816685534966,0.788053228172028,0.0167215609595426,TRUE,0.800000013786276
"5bfd86674d_t80","2pl","skew_pos","irw",40,0.8,500,1000,0.795302157665081,0.012838640477769,0.7690282840143,0.819352797515104,0.791013433470326,0.0121745990345458,0.788401149313438,0.0116382624353503,TRUE,0.800000013786276
"5bfd86674d_t80","2pl","skew_pos","irw",40,0.8,1000,1000,0.795491783064028,0.00911325675943804,0.776969949098332,0.812986943883921,0.79122086092675,0.00864552054382416,0.788583270873465,0.00824961624340171,TRUE,0.800000013786276
"5bfd86674d_t80","2pl","skew_pos","irw",40,0.8,2000,1000,0.796050567338527,0.00643367463762919,0.78322479934874,0.808921098976091,0.791752841338229,0.00609611883747056,0.789075124298595,0.00579018097691182,TRUE,0.800000013786276
"5bfd86674d_t90","2pl","skew_pos","irw",40,0.9,100,1000,0.896492961683691,0.0158998968881948,0.862448030018071,0.922932358365393,0.888698706322913,0.0134734242581735,0.884080505305112,0.012260538185395,TRUE,0.900000000944877
"5bfd86674d_t90","2pl","skew_pos","irw",40,0.9,250,1000,0.898473244279137,0.010164057931679,0.877279397927233,0.916855063134623,0.890505994746675,0.00845897027924097,0.885432092100878,0.00751062723427135,TRUE,0.900000000944877
"5bfd86674d_t90","2pl","skew_pos","irw",40,0.9,500,1000,0.898780880582362,0.00687836524513183,0.885068022989524,0.912603454300651,0.890841727586374,0.00576966069918577,0.885551044329367,0.00550025387579348,TRUE,0.900000000944877
"5bfd86674d_t90","2pl","skew_pos","irw",40,0.9,1000,1000,0.899434046883761,0.00481726475399686,0.889775326453344,0.90814226893436,0.891361637403419,0.00400897979080311,0.886081206169758,0.00342226371128811,TRUE,0.900000000944877
"5bfd86674d_t90","2pl","skew_pos","irw",40,0.9,2000,1000,0.899478499160171,0.00337019709617053,0.892880378907428,0.905511653454795,0.891435895093817,0.00280301961312777,0.886094215677367,0.0025731454530799,TRUE,0.900000000944877
"5bfd86674d_t95","2pl","skew_pos","irw",40,0.95,100,1000,0.947942181578674,0.00781417817966173,0.932577253559123,0.961694763452888,0.934936095237366,0.00447679000721393,0.917478369233301,0.0485490390084733,TRUE,0.950000000851607
"5bfd86674d_t95","2pl","skew_pos","irw",40,0.95,250,1000,0.948560410105925,0.00514222896454055,0.938253332604286,0.957817388971415,0.935486657925522,0.0027678751299084,0.915950389146317,0.0349227621991442,TRUE,0.950000000851607
"5bfd86674d_t95","2pl","skew_pos","irw",40,0.95,500,1000,0.948838685407566,0.00342843353703344,0.941679082613991,0.955526997352982,0.935731034042881,0.00190348236184667,0.912673592529003,0.0402333706796389,TRUE,0.950000000851607
"5bfd86674d_t95","2pl","skew_pos","irw",40,0.95,1000,1000,0.948989958694252,0.00243539860995734,0.944197852918466,0.953784004966798,0.935813080158556,0.00133253042189135,0.911835982370063,0.0342133748341153,TRUE,0.950000000851607
"5bfd86674d_t95","2pl","skew_pos","irw",40,0.95,2000,1000,0.949058201285704,0.00176963962825468,0.945456447014808,0.952255329094172,0.935918857835093,0.000959819002504335,0.911908373395414,0.0336245379506117,TRUE,0.950000000851607
"5faa1bbcf6_t50","3pl_g20","normal","parametric",10,0.5,100,1000,0.498538884775451,0.0307455894094606,0.435874379447774,0.558818934213644,0.49053699602508,0.0285670709426081,0.472500514005544,0.025096990091605,TRUE,0.500000000228085
"5faa1bbcf6_t50","3pl_g20","normal","parametric",10,0.5,250,1000,0.498374362015137,0.0195078165663881,0.458075826008121,0.534416029623955,0.490548522036646,0.0181125584922362,0.472541769837236,0.0158300481653611,TRUE,0.500000000228085
"5faa1bbcf6_t50","3pl_g20","normal","parametric",10,0.5,500,1000,0.499662741015279,0.0132421396154532,0.474213346272737,0.525429860969961,0.491790696918295,0.012282797424152,0.47349146376353,0.0108680169762582,TRUE,0.500000000228085
"5faa1bbcf6_t50","3pl_g20","normal","parametric",10,0.5,1000,1000,0.499743758012346,0.00940476665304789,0.480004166366068,0.518154194546385,0.491854017622489,0.00873816459052684,0.47317256078129,0.00792804699329847,TRUE,0.500000000228085
"5faa1bbcf6_t50","3pl_g20","normal","parametric",10,0.5,2000,1000,0.499460072191834,0.0066786059372887,0.485989632229546,0.512759330879062,0.491623800659702,0.00620134038357826,0.473168220085194,0.00552630211749858,TRUE,0.500000000228085
"5faa1bbcf6_t60","3pl_g20","normal","parametric",10,0.6,100,1000,0.597236244513969,0.0296005457046331,0.539018838309281,0.653764433549428,0.580592031060349,0.0258060459696204,0.545221747885799,0.0264100072146112,TRUE,0.600000002018962
"5faa1bbcf6_t60","3pl_g20","normal","parametric",10,0.6,250,1000,0.5980154691825,0.0178666490570281,0.561310767914031,0.633146553223461,0.58162379828187,0.0155938411164614,0.546900734945739,0.0158844300855529,TRUE,0.600000002018962
"5faa1bbcf6_t60","3pl_g20","normal","parametric",10,0.6,500,1000,0.599063168185775,0.0126676870478387,0.573708696732404,0.622750034885994,0.582602086763908,0.0110054916857517,0.547362191177357,0.0113790611099309,TRUE,0.600000002018962
"5faa1bbcf6_t60","3pl_g20","normal","parametric",10,0.6,1000,1000,0.599013173119418,0.0085315605708961,0.582860797875123,0.614971933730013,0.58255951283404,0.00740745288343903,0.546834495163869,0.00806671993614912,TRUE,0.600000002018962
"5faa1bbcf6_t60","3pl_g20","normal","parametric",10,0.6,2000,1000,0.599064949528797,0.00619518344641606,0.586085385796329,0.610489250590948,0.582616455232263,0.00536866757065397,0.547022702861834,0.00553831797071638,TRUE,0.600000002018962
"5faa1bbcf6_t70","3pl_g20","normal","parametric",10,0.7,100,1000,0.698643532523155,0.0238636475406484,0.647959988768481,0.743490481336374,0.664278103893644,0.0175885749663258,0.560195308029218,0.0696671255064754,TRUE,0.700000000693903
"5faa1bbcf6_t70","3pl_g20","normal","parametric",10,0.7,250,1000,0.699064244789167,0.0140221108401369,0.670800980585887,0.725157398575584,0.665188985395392,0.0102751609722537,0.556595676621572,0.0535435103067405,TRUE,0.700000000693903
"5faa1bbcf6_t70","3pl_g20","normal","parametric",10,0.7,500,1000,0.699914487143231,0.0101249134100298,0.678802433651658,0.718614099615275,0.665805835675545,0.00737442714864693,0.554904046917307,0.0436276429600422,TRUE,0.700000000693903
"5faa1bbcf6_t70","3pl_g20","normal","parametric",10,0.7,1000,1000,0.700287407289018,0.00733754823813855,0.686184925146216,0.714167189296741,0.666212050866631,0.0052608861512227,0.550834852365278,0.0390048141496475,TRUE,0.700000000693903
"5faa1bbcf6_t70","3pl_g20","normal","parametric",10,0.7,2000,1000,0.700430157628472,0.00521468595256497,0.69043414097827,0.710505307531803,0.666349218138862,0.00377800789909517,0.550504061603987,0.0293774443746886,TRUE,0.700000000693903
"5faa1bbcf6_t80","3pl_g20","normal","parametric",10,0.8,100,1000,0.798251237822358,0.0217358090651582,0.752991003926647,0.835584296327311,0.774107184268401,0.0175770189128814,0.680500310861015,0.137794498266146,TRUE,0.800000000796639
"5faa1bbcf6_t80","3pl_g20","normal","parametric",10,0.8,250,1000,0.799815662595364,0.0129787185664795,0.772766394566784,0.822838375139749,0.775686305617765,0.010345887939813,0.666057597216593,0.128013132541392,TRUE,0.800000000796639
"5faa1bbcf6_t80","3pl_g20","normal","parametric",10,0.8,500,1000,0.800078127067669,0.00947702513392851,0.78085809604985,0.817406010631838,0.77605358563687,0.00762104511195821,0.639899471428886,0.142556584257082,TRUE,0.800000000796639
"5faa1bbcf6_t80","3pl_g20","normal","parametric",10,0.8,1000,1000,0.800445191347554,0.00630066446399018,0.788194460268514,0.812667043177683,0.776308696688583,0.00502731888959072,0.613607797128019,0.146312149818702,TRUE,0.800000000796639
"5faa1bbcf6_t80","3pl_g20","normal","parametric",10,0.8,2000,1000,0.800491523743927,0.00436113069849479,0.791961874007001,0.80888619946934,0.776362214778497,0.00352958909241409,0.588079842146931,0.148724237184159,TRUE,0.800000000796639
"5faa1bbcf6_t90","3pl_g20","normal","parametric",10,0.9,100,1000,0.897937434733541,0.0112947149759429,0.873498328593954,0.916780992350842,0.862428298372343,0.00845347379510122,0.361317027333921,0.365894884568537,TRUE,0.900000000652778
"5faa1bbcf6_t90","3pl_g20","normal","parametric",10,0.9,250,1000,0.899295538548053,0.00716856528299918,0.883683016182136,0.911557852761327,0.864110852026481,0.0054831035804271,0.15496980037653,0.265430051069428,TRUE,0.900000000652778
"5faa1bbcf6_t90","3pl_g20","normal","parametric",10,0.9,500,1000,0.89930213896873,0.00488924682161341,0.888931674396722,0.908489434816821,0.863970615694892,0.00378856931510227,0.0383473254673376,0.121949231685906,TRUE,0.900000000652778
"5faa1bbcf6_t90","3pl_g20","normal","parametric",10,0.9,1000,1000,0.899685334659344,0.00338714211338931,0.892886348695516,0.906053182202212,0.864286048284307,0.00271589055462179,0.00759315765529312,0.0520669006985507,TRUE,0.900000000652778
"5faa1bbcf6_t90","3pl_g20","normal","parametric",10,0.9,2000,1000,0.899714987963563,0.00248058095917829,0.894745657673832,0.904548365979871,0.864443119416089,0.00187030894267479,0.000189045174607507,0.0014035203367341,TRUE,0.900000000652778
"6175b158cc_t50","2pl","heavy_tail","irw",40,0.5,100,1000,0.48941611718388,0.055454260479767,0.387292777860188,0.603624120738091,0.489002781727258,0.0551216047923853,0.48838939156133,0.0544855864841445,FALSE,0.500000000133324
"6175b158cc_t50","2pl","heavy_tail","irw",40,0.5,250,1000,0.494013606507236,0.038008329569173,0.426199483539126,0.579331367268871,0.493601961902095,0.0377944516553939,0.492918302732403,0.0372737096713185,FALSE,0.500000000133324
"6175b158cc_t50","2pl","heavy_tail","irw",40,0.5,500,1000,0.495725651862939,0.026669768794822,0.446255392093513,0.551326044768707,0.495323473543889,0.0265260520611842,0.494622179238137,0.026063879153205,FALSE,0.500000000133324
"6175b158cc_t50","2pl","heavy_tail","irw",40,0.5,1000,1000,0.496661617203903,0.0195197550313182,0.461494822794476,0.537149748519174,0.496260118251996,0.0194192906577741,0.495491420914583,0.0188813118464675,FALSE,0.500000000133324
"6175b158cc_t50","2pl","heavy_tail","irw",40,0.5,2000,1000,0.497404692696921,0.0151432685861839,0.471430177706758,0.527059819176464,0.497002575594283,0.0150702202491018,0.495693196845734,0.0176712622119497,FALSE,0.500000000133324
"6175b158cc_t60","2pl","heavy_tail","irw",40,0.6,100,1000,0.594699721778746,0.0515077822616297,0.496585319986412,0.706258351423769,0.593690615846774,0.050845774706778,0.592531839938345,0.049848670779435,FALSE,0.600000002126814
"6175b158cc_t60","2pl","heavy_tail","irw",40,0.6,250,1000,0.602342868321367,0.0353221955662357,0.540842942433258,0.680757143948732,0.60131508681761,0.0348741750328656,0.599386685148459,0.0339666907684983,FALSE,0.600000002126814
"6175b158cc_t60","2pl","heavy_tail","irw",40,0.6,500,1000,0.602159833540238,0.0267374220685122,0.553351130618711,0.659166357537073,0.601153673442399,0.0264261668101303,0.599662711460872,0.0251882893694779,FALSE,0.600000002126814
"6175b158cc_t60","2pl","heavy_tail","irw",40,0.6,1000,1000,0.604210233770884,0.0191318799782954,0.569299273787356,0.643830033181427,0.60319613678242,0.018918897900892,0.601222787624797,0.0184908158909801,FALSE,0.600000002126814
"6175b158cc_t60","2pl","heavy_tail","irw",40,0.6,2000,1000,0.604140712697441,0.0134654479553203,0.579447658785599,0.631100207360392,0.603133217606883,0.0133151080929008,0.601261873651565,0.0133292480233422,FALSE,0.600000002126814
"6175b158cc_t70","2pl","heavy_tail","irw",40,0.7,100,1000,0.684890275445319,0.0450501260501736,0.598922524496115,0.771440715069191,0.68330520488377,0.044165829600069,0.681636811797471,0.0425107721006819,FALSE,0.700000002643646
"6175b158cc_t70","2pl","heavy_tail","irw",40,0.7,250,1000,0.690705425034931,0.0330978118102592,0.627458180952152,0.762943586187497,0.689042290013537,0.0324191049341658,0.686680433905683,0.0299571192100366,FALSE,0.700000002643646
"6175b158cc_t70","2pl","heavy_tail","irw",40,0.7,500,1000,0.693734953387701,0.021974110577503,0.650898342336171,0.736029567116571,0.692071437100487,0.0215156376566297,0.689676984541556,0.020251971733782,FALSE,0.700000002643646
"6175b158cc_t70","2pl","heavy_tail","irw",40,0.7,1000,1000,0.694893825110258,0.0163130599935332,0.665392520681577,0.727168684939748,0.693224995437713,0.0159939676523043,0.690416156000993,0.0143997677580208,FALSE,0.700000002643646
"6175b158cc_t70","2pl","heavy_tail","irw",40,0.7,2000,1000,0.69513817861403,0.0117006757663359,0.674188978749017,0.719571083359157,0.693479048801219,0.011478517452444,0.690026599948691,0.0149410541140674,FALSE,0.700000002643646
"6175b158cc_t80","2pl","heavy_tail","irw",40,0.8,100,1000,0.790151140768655,0.0367080819351452,0.717283684337508,0.863290783043531,0.786366573893491,0.035046452492215,0.782490278707795,0.0320094071564037,FALSE,0.800000002026159
"6175b158cc_t80","2pl","heavy_tail","irw",40,0.8,250,1000,0.798217522681154,0.0239044934655019,0.754729585982589,0.844589600070929,0.794213714376217,0.0227984758687629,0.78902987968253,0.0248108477641145,FALSE,0.800000002026159
"6175b158cc_t80","2pl","heavy_tail","irw",40,0.8,500,1000,0.797466432491673,0.016863651634019,0.766700696800024,0.828562584805404,0.793587749135997,0.0161553403533591,0.787923356346731,0.0211438198562578,FALSE,0.800000002026159
"6175b158cc_t80","2pl","heavy_tail","irw",40,0.8,1000,1000,0.797964644461134,0.0126822285442167,0.774846913491652,0.823636953619222,0.794083488807987,0.0121772687766784,0.787615321192767,0.0198162086523574,FALSE,0.800000002026159
"6175b158cc_t80","2pl","heavy_tail","irw",40,0.8,2000,1000,0.798961903747661,0.00919997620879207,0.781390490076022,0.818066572149827,0.795050789212147,0.00884724429275395,0.787834915576805,0.0301979564221484,FALSE,0.800000002026159
"6175b158cc_t90","2pl","heavy_tail","irw",40,0.9,100,1000,0.894593009849253,0.0201076106896144,0.85287417532981,0.9315275069104,0.886497840304148,0.0180279346636298,0.876970522198098,0.043302532886051,FALSE,0.900000001695973
"6175b158cc_t90","2pl","heavy_tail","irw",40,0.9,250,1000,0.89715058861791,0.0133645849184776,0.869959005806638,0.92266432881299,0.888938470101095,0.0120317987219717,0.873312870078827,0.0712281060467776,FALSE,0.900000001695973
"6175b158cc_t90","2pl","heavy_tail","irw",40,0.9,500,1000,0.897614656258768,0.00947299068919744,0.879457843136808,0.917251701912711,0.889395879434172,0.00862610208612802,0.86740479841599,0.0806384965132048,FALSE,0.900000001695973
"6175b158cc_t90","2pl","heavy_tail","irw",40,0.9,1000,1000,0.89797189855562,0.0069551083870209,0.884780449589976,0.912030589375185,0.889757262600636,0.00630305422582494,0.862753508678577,0.0944319816671032,FALSE,0.900000001695973
"6175b158cc_t90","2pl","heavy_tail","irw",40,0.9,2000,1000,0.898821120612176,0.00512006049116219,0.889919466595961,0.909509076749704,0.890559950070669,0.0047391657253773,0.850688430133042,0.122381987955019,FALSE,0.900000001695973
"6175b158cc_t95","2pl","heavy_tail","irw",40,0.95,100,1000,0.946855899150953,0.010186184597593,0.925220077729975,0.966423159162321,0.926910407210488,0.00624684725181438,0.873340429772213,0.118620307551192,FALSE,0.950000001042297
"6175b158cc_t95","2pl","heavy_tail","irw",40,0.95,250,1000,0.948120104586576,0.00671597805251108,0.935965281188231,0.96223934796752,0.928145819409926,0.00440657049047963,0.852490738923099,0.149600682228491,FALSE,0.950000001042297
"6175b158cc_t95","2pl","heavy_tail","irw",40,0.95,500,1000,0.948535682364455,0.00487079501484999,0.939169441923727,0.959241565317803,0.928724815201687,0.00342081093055622,0.821837762288559,0.176335821498528,FALSE,0.950000001042297
"6175b158cc_t95","2pl","heavy_tail","irw",40,0.95,1000,1000,0.948939938889891,0.00366261601226528,0.94224045808441,0.956421422011986,0.929039592149447,0.00271359872967835,0.790021362946637,0.198897524818637,FALSE,0.950000001042297
"6175b158cc_t95","2pl","heavy_tail","irw",40,0.95,2000,1000,0.948929623360793,0.00269393111385651,0.944137862253785,0.954379202419658,0.929036702584581,0.00219794512508717,0.758199192693899,0.218944027601544,FALSE,0.950000001042297
"61f9108969_t50","rasch","skew_pos","irw",60,0.5,100,1000,0.496075635271847,0.0448354204184693,0.409526864264469,0.585090001395627,0.495966758920287,0.044765771781109,0.495847696556959,0.0447024480962491,TRUE,0.500000000101301
"61f9108969_t50","rasch","skew_pos","irw",60,0.5,250,1000,0.499184387317215,0.028859388640959,0.440994400006928,0.555511204006517,0.499076349219138,0.0288144012993151,0.498951724891919,0.0287706151173481,TRUE,0.500000000101301
"61f9108969_t50","rasch","skew_pos","irw",60,0.5,500,1000,0.498680187673332,0.0205673272138212,0.459580321307708,0.539160688228817,0.498575813907883,0.0205348369993673,0.498452818232026,0.0205016333770631,TRUE,0.500000000101301
"61f9108969_t50","rasch","skew_pos","irw",60,0.5,1000,1000,0.500979282856845,0.014304966901074,0.473325531743111,0.527753670846857,0.500871812380295,0.0142830625494395,0.500744058032237,0.0142612021765835,TRUE,0.500000000101301
"61f9108969_t50","rasch","skew_pos","irw",60,0.5,2000,1000,0.500084720596213,0.0100867578026231,0.479918742229844,0.520438356258208,0.499978434036701,0.0100709164482382,0.499850586557467,0.0100542206433427,TRUE,0.500000000101301
"61f9108969_t60","rasch","skew_pos","irw",60,0.6,100,1000,0.597369674462477,0.0451944631440888,0.502894231132063,0.684109371613832,0.59711705121533,0.0450468318567073,0.596921791687376,0.044951500521884,TRUE,0.600000001099866
"61f9108969_t60","rasch","skew_pos","irw",60,0.6,250,1000,0.601929326205061,0.0277734340516782,0.548337116350404,0.653966780586765,0.601672862928275,0.0276767446327642,0.601459803104406,0.0276044037776966,TRUE,0.600000001099866
"61f9108969_t60","rasch","skew_pos","irw",60,0.6,500,1000,0.602500568233207,0.0206701330669169,0.560712670466462,0.638665146811709,0.602242419486213,0.0205946166276491,0.602023510941173,0.0205352460662651,TRUE,0.600000001099866
"61f9108969_t60","rasch","skew_pos","irw",60,0.6,1000,1000,0.602906935280369,0.0136798668910134,0.574583491395788,0.629100100274503,0.602653533538329,0.0136310862786597,0.602437324096238,0.0135928159963716,TRUE,0.600000001099866
"61f9108969_t60","rasch","skew_pos","irw",60,0.6,2000,1000,0.602513431624604,0.00965346504502354,0.583404043791116,0.621000964716334,0.60226094865992,0.00961908782454447,0.602043580229439,0.00959092329092735,TRUE,0.600000001099866
"61f9108969_t70","rasch","skew_pos","irw",60,0.7,100,1000,0.693442376825196,0.0394887514040583,0.610845804843994,0.768348095074377,0.692897336466579,0.039200058158377,0.692573652036113,0.0390367604956345,TRUE,0.700000003265574
"61f9108969_t70","rasch","skew_pos","irw",60,0.7,250,1000,0.696084510535612,0.0236457545926105,0.64529242016877,0.739007397171173,0.69554535880857,0.0234707096336213,0.695211280647548,0.0233676104176783,TRUE,0.700000003265574
"61f9108969_t70","rasch","skew_pos","irw",60,0.7,500,1000,0.69747896740138,0.0172316615872459,0.661222798731155,0.728910826933433,0.696943531469764,0.0171064777518455,0.696610450167105,0.0170335237344714,TRUE,0.700000003265574
"61f9108969_t70","rasch","skew_pos","irw",60,0.7,1000,1000,0.697382413700025,0.0118435454784514,0.673182135813467,0.720145145082308,0.696848306434423,0.0117528844074147,0.696507817947965,0.0116918366297638,TRUE,0.700000003265574
"61f9108969_t70","rasch","skew_pos","irw",60,0.7,2000,1000,0.697912071976368,0.00874551115271581,0.679402085556283,0.714872408905538,0.697370828416573,0.00867855243876803,0.697022736086123,0.00863509860340398,TRUE,0.700000003265574
"61f9108969_t80","rasch","skew_pos","irw",60,0.8,100,1000,0.79361887573678,0.0318026699897992,0.728236324455891,0.846277837150339,0.793552510404665,0.0317785095514575,0.793534371430828,0.0317735230355052,TRUE,0.800000001240131
"61f9108969_t80","rasch","skew_pos","irw",60,0.8,250,1000,0.797001909776822,0.0197743092653578,0.754703650577726,0.83119983765351,0.79692769442972,0.0197456460787921,0.796901540387865,0.0197303650036923,TRUE,0.800000001240131
"61f9108969_t80","rasch","skew_pos","irw",60,0.8,500,1000,0.798594319291855,0.0132270915130151,0.774228718798658,0.823317978516469,0.798519653492874,0.0132047344838058,0.798492645951144,0.0131905810820119,TRUE,0.800000001240131
"61f9108969_t80","rasch","skew_pos","irw",60,0.8,1000,1000,0.798218851367645,0.00963195829139631,0.778634664231063,0.816482713239922,0.798144636848296,0.00961583479691364,0.798118793058001,0.00960585134613488,TRUE,0.800000001240131
"61f9108969_t80","rasch","skew_pos","irw",60,0.8,2000,1000,0.798606589457568,0.00682853957417087,0.784986012153472,0.81174474573623,0.798531493535842,0.00681784850896657,0.798505303419836,0.0068124017028668,TRUE,0.800000001240131
"61f9108969_t90","rasch","skew_pos","irw",60,0.9,100,1000,0.897793770846968,0.0159650821435157,0.864678948622109,0.926476525218602,0.893364228873957,0.0143980733419273,0.891425725703327,0.0135003474869831,TRUE,0.900000002412863
"61f9108969_t90","rasch","skew_pos","irw",60,0.9,250,1000,0.898975436244627,0.0100320503852432,0.877898352406173,0.917016021159839,0.894509803827177,0.00906306372382487,0.89229751826539,0.00891297927996073,TRUE,0.900000002412863
"61f9108969_t90","rasch","skew_pos","irw",60,0.9,500,1000,0.899941644274664,0.00679983096988592,0.886456044039149,0.91299710585074,0.89540643868994,0.00609848101484906,0.893177374742033,0.00572423725038201,TRUE,0.900000002412863
"61f9108969_t90","rasch","skew_pos","irw",60,0.9,1000,1000,0.900089787116778,0.00491963538677773,0.890274378623891,0.9092583575649,0.895538781537246,0.00440595587031907,0.893196268457032,0.00408034270995402,TRUE,0.900000002412863
"61f9108969_t90","rasch","skew_pos","irw",60,0.9,2000,1000,0.900243886478298,0.00344731200930084,0.893370378202583,0.906923714991887,0.895704919929152,0.00306801298024328,0.893327875073821,0.00290818879344771,TRUE,0.900000002412863
"61f9108969_t95","rasch","skew_pos","irw",60,0.95,100,1000,0.948665003081606,0.00998280344270968,0.925985709541819,0.964474768463516,0.942646754541458,0.00956413486784431,0.932387372886408,0.0621203370409184,TRUE,0.950000000206074
"61f9108969_t95","rasch","skew_pos","irw",60,0.95,250,1000,0.950135995609176,0.00590305903479726,0.937473940840544,0.960452479566508,0.9440660329422,0.00550709762816817,0.929857795615203,0.0625902651032001,TRUE,0.950000000206074
"61f9108969_t95","rasch","skew_pos","irw",60,0.95,500,1000,0.95036093668909,0.00416947945169794,0.941908222109654,0.958242074201633,0.94436990775121,0.00393980950345181,0.927169520557232,0.0740530172525068,TRUE,0.950000000206074
"61f9108969_t95","rasch","skew_pos","irw",60,0.95,1000,1000,0.950524108630486,0.00290308669492872,0.944296031796528,0.955891008438276,0.94451794882558,0.00272980009120333,0.919576324894991,0.0810537346412372,TRUE,0.950000000206074
"61f9108969_t95","rasch","skew_pos","irw",60,0.95,2000,1000,0.950593048949681,0.0020059961213241,0.946432115927888,0.95435051462692,0.944590721403215,0.00188119112919363,0.909875834107755,0.104854622926022,TRUE,0.950000000206074
"6415c12b10_t50","3pl_beta","normal","parametric",10,0.5,100,1000,0.496978301964565,0.0303972093067218,0.436041758630202,0.553489826843978,0.48855865541337,0.0283623392363681,0.470648321060383,0.0256330816324591,TRUE,0.500000001019073
"6415c12b10_t50","3pl_beta","normal","parametric",10,0.5,250,1000,0.498487212212089,0.0199706126259209,0.459129529235436,0.538999786345047,0.489991412341413,0.0186117003495945,0.471306542743758,0.016699475853209,TRUE,0.500000001019073
"6415c12b10_t50","3pl_beta","normal","parametric",10,0.5,500,1000,0.498896266005029,0.0133744479547232,0.473065870717078,0.523522238404198,0.490469876590106,0.0124848196954024,0.472066103217774,0.0112681235188238,TRUE,0.500000001019073
"6415c12b10_t50","3pl_beta","normal","parametric",10,0.5,1000,1000,0.500273794524443,0.0102178742705221,0.479600136355414,0.520543407016646,0.491743663911817,0.00951007525074373,0.473093032245325,0.00840668563171428,TRUE,0.500000001019073
"6415c12b10_t50","3pl_beta","normal","parametric",10,0.5,2000,1000,0.500309036926842,0.00659794117247171,0.488011013914963,0.513257587926574,0.49179095976056,0.00615111724978862,0.473084978080798,0.00555273244595483,TRUE,0.500000001019073
"6415c12b10_t60","3pl_beta","normal","parametric",10,0.6,100,1000,0.600512220718257,0.0292832898027405,0.538423208400867,0.654743436404404,0.590135530278372,0.0268387181865758,0.573367759984181,0.026047349566993,TRUE,0.600000000107924
"6415c12b10_t60","3pl_beta","normal","parametric",10,0.6,250,1000,0.602416249796273,0.0188567119665502,0.565843745912984,0.636121420377667,0.592009361837073,0.0172738724391765,0.575024735589423,0.0170976071425174,TRUE,0.600000000107924
"6415c12b10_t60","3pl_beta","normal","parametric",10,0.6,500,1000,0.602458914669159,0.0129319924983116,0.5764195596663,0.626419310918955,0.592100173208235,0.0118571072988049,0.575011489206846,0.011856010610696,TRUE,0.600000000107924
"6415c12b10_t60","3pl_beta","normal","parametric",10,0.6,1000,1000,0.602250804248744,0.00910295963703934,0.583007286179457,0.620433933876816,0.59189692385683,0.0083394161133855,0.575065912658387,0.0081909502916743,TRUE,0.600000000107924
"6415c12b10_t60","3pl_beta","normal","parametric",10,0.6,2000,1000,0.603033504959012,0.00638647406546848,0.590524027217648,0.615072267283416,0.592637817790524,0.00584256259094768,0.575293900559805,0.00596905985414401,TRUE,0.600000000107924
"6415c12b10_t70","3pl_beta","normal","parametric",10,0.7,100,1000,0.698319758218343,0.0237446706303813,0.649306790993819,0.742930519719558,0.668998241718634,0.0189668359300118,0.621971882699565,0.0516879626220454,TRUE,0.700000001064883
"6415c12b10_t70","3pl_beta","normal","parametric",10,0.7,250,1000,0.699014116157808,0.0151763241571738,0.670056319963273,0.727898406629614,0.669641323606869,0.0118984049952278,0.618628334350439,0.0482195138039005,TRUE,0.700000001064883
"6415c12b10_t70","3pl_beta","normal","parametric",10,0.7,500,1000,0.69978580879309,0.0102515981189807,0.679594089859282,0.718609368855762,0.670377649707506,0.0081244262238851,0.614508728031982,0.0539827659758236,TRUE,0.700000001064883
"6415c12b10_t70","3pl_beta","normal","parametric",10,0.7,1000,1000,0.699927687128322,0.00725378366275322,0.685640615661793,0.713827287574601,0.670513839879762,0.00572765704333684,0.610064985010523,0.0501322902266636,TRUE,0.700000001064883
"6415c12b10_t70","3pl_beta","normal","parametric",10,0.7,2000,1000,0.699749831060639,0.00525984982157187,0.689374652647601,0.709895992832573,0.670422987448409,0.00414903494801699,0.60753377799474,0.0489043048666587,TRUE,0.700000001064883
"6415c12b10_t80","3pl_beta","normal","parametric",10,0.8,100,1000,0.797700351269394,0.0225555175041645,0.748271900818815,0.836291868131428,0.775318184983387,0.0191332279154486,0.740577766222835,0.0656174373823829,TRUE,0.80000000124496
"6415c12b10_t80","3pl_beta","normal","parametric",10,0.8,250,1000,0.801089517990232,0.0135151951576438,0.771726932401363,0.82473280503861,0.778303813026186,0.0112903268571286,0.738267829546714,0.0615714174809564,TRUE,0.80000000124496
"6415c12b10_t80","3pl_beta","normal","parametric",10,0.8,500,1000,0.801243091100213,0.00951960709567849,0.781631246110372,0.819507394316857,0.778496082953216,0.0079586125182568,0.733289854059362,0.0603095552696888,TRUE,0.80000000124496
"6415c12b10_t80","3pl_beta","normal","parametric",10,0.8,1000,1000,0.801731530393639,0.00677309116865986,0.7889698718538,0.814710495174309,0.778929054912818,0.00564452636948824,0.724015497996315,0.0852166440041439,TRUE,0.80000000124496
"6415c12b10_t80","3pl_beta","normal","parametric",10,0.8,2000,1000,0.801853695797964,0.00455616161283603,0.792797316306798,0.810635769170822,0.779096071937221,0.0037911567892921,0.724795287607317,0.068394141828004,TRUE,0.80000000124496
"6415c12b10_t90","3pl_beta","normal","parametric",10,0.9,100,1000,0.898773199928096,0.011380057222248,0.873412335232048,0.917900670013771,0.830960361339003,0.0118302454554871,0.420364709506727,0.25898408949418,TRUE,0.90000000037028
"6415c12b10_t90","3pl_beta","normal","parametric",10,0.9,250,1000,0.900197789647388,0.00685582551914752,0.886635962185002,0.91249896378923,0.83278593307548,0.00706069643211862,0.291857005966533,0.214970266801596,TRUE,0.90000000037028
"6415c12b10_t90","3pl_beta","normal","parametric",10,0.9,500,1000,0.900475235109565,0.00498712228893099,0.890573296741407,0.909340935749197,0.832663103894696,0.0050569650714275,0.216420004231784,0.167370828569589,TRUE,0.90000000037028
"6415c12b10_t90","3pl_beta","normal","parametric",10,0.9,1000,1000,0.900444358833601,0.00345770129555736,0.893582294559128,0.907082306184093,0.832841792605459,0.0035922331720617,0.141709579761169,0.120838875468192,TRUE,0.90000000037028
"6415c12b10_t90","3pl_beta","normal","parametric",10,0.9,2000,1000,0.900641464101545,0.0024619808770919,0.895700638804949,0.905172039020793,0.833077916322056,0.00246556380790222,0.103942983394502,0.08688285338986,TRUE,0.90000000037028
"65c72a887e_t50","rasch","skew_pos","irw",20,0.5,100,1000,0.495908866969725,0.0450394606950037,0.405562665284978,0.583444326528939,0.495251134303159,0.0446336033745613,0.494291415533571,0.0440396913669614,TRUE,0.500000000737608
"65c72a887e_t50","rasch","skew_pos","irw",20,0.5,250,1000,0.499959011534217,0.0273439736621367,0.445862238569777,0.551537301853461,0.499308069914709,0.0271079746164131,0.498305722426911,0.0267434221306431,TRUE,0.500000000737608
"65c72a887e_t50","rasch","skew_pos","irw",20,0.5,500,1000,0.501165251788018,0.019606421223125,0.465598021988331,0.540690370265168,0.500511338883656,0.0194292653661409,0.499468365297481,0.0191224420426204,TRUE,0.500000000737608
"65c72a887e_t50","rasch","skew_pos","irw",20,0.5,1000,1000,0.500301770312721,0.0144966700926222,0.470973026544298,0.527340707415803,0.499669438349211,0.014374081427406,0.498676635847176,0.0141769775517929,TRUE,0.500000000737608
"65c72a887e_t50","rasch","skew_pos","irw",20,0.5,2000,1000,0.499488485527102,0.00966621861824973,0.480819469904486,0.518270776561426,0.498864257320696,0.00958280735111962,0.497884904695533,0.00944588541512362,TRUE,0.500000000737608
"65c72a887e_t60","rasch","skew_pos","irw",20,0.6,100,1000,0.592556496944172,0.0432353622699261,0.510776782984534,0.677668530051175,0.590989066554658,0.042398522834647,0.58911187532223,0.0412429884012709,TRUE,0.60000000222055
"65c72a887e_t60","rasch","skew_pos","irw",20,0.6,250,1000,0.596581986240671,0.0270006364882901,0.542111431638042,0.646137000433129,0.594998746023147,0.0264901255362817,0.59300921994455,0.0257261594089282,TRUE,0.60000000222055
"65c72a887e_t60","rasch","skew_pos","irw",20,0.6,500,1000,0.597373274391252,0.0188055427044851,0.560279935277978,0.633617132249218,0.595788268616194,0.0184456789354781,0.593725100676242,0.0178645915498467,TRUE,0.60000000222055
"65c72a887e_t60","rasch","skew_pos","irw",20,0.6,1000,1000,0.597796989123205,0.0132802079429994,0.569677067782087,0.623193396872282,0.59620455123653,0.013024651170136,0.594086224128433,0.0125798189949388,TRUE,0.60000000222055
"65c72a887e_t60","rasch","skew_pos","irw",20,0.6,2000,1000,0.597973783353193,0.00952163037557443,0.579622080386098,0.617219518506276,0.596387466932889,0.00933039935472155,0.594300158122053,0.00900357786820743,TRUE,0.60000000222055
"65c72a887e_t70","rasch","skew_pos","irw",20,0.7,100,1000,0.69617947599588,0.0375396903416406,0.617302801403356,0.763279831551977,0.692114841482938,0.0358673829468213,0.68762317944046,0.0336003938804859,TRUE,0.700000002111584
"65c72a887e_t70","rasch","skew_pos","irw",20,0.7,250,1000,0.699552560504908,0.0225076646676159,0.653881220090675,0.745367172697647,0.695542473414662,0.0214764674479305,0.690796895514853,0.0199129035322073,TRUE,0.700000002111584
"65c72a887e_t70","rasch","skew_pos","irw",20,0.7,500,1000,0.700585673458841,0.016630887500932,0.667424092294558,0.730410970387577,0.696544575048843,0.0158540593931228,0.691698201342053,0.0145445704622819,TRUE,0.700000002111584
"65c72a887e_t70","rasch","skew_pos","irw",20,0.7,1000,1000,0.700534898332564,0.011642390795246,0.677012546061753,0.722485270699928,0.696514972403825,0.0110952783620402,0.691724103430802,0.010249173523455,TRUE,0.700000002111584
"65c72a887e_t70","rasch","skew_pos","irw",20,0.7,2000,1000,0.700559413507791,0.0081290426793907,0.684820625853507,0.716640241679042,0.696559587107693,0.00774874467572249,0.691722129275159,0.00712801632569639,TRUE,0.700000002111584
"65c72a887e_t80","rasch","skew_pos","irw",20,0.8,100,1000,0.79589600318221,0.0273739519675252,0.738678194971988,0.844575459085267,0.789654195466218,0.0249121028266645,0.780622598666395,0.027957714088427,TRUE,0.800000002740371
"65c72a887e_t80","rasch","skew_pos","irw",20,0.8,250,1000,0.796697350247757,0.0171605655140161,0.763050043832489,0.829644387404886,0.79059941396936,0.0155623897706881,0.782693346587569,0.0143063659670429,TRUE,0.800000002740371
"65c72a887e_t80","rasch","skew_pos","irw",20,0.8,500,1000,0.797416289124319,0.0125416467840663,0.77197184712017,0.820550540743452,0.791295877453803,0.011357980886042,0.781780561435833,0.0122251818293605,TRUE,0.800000002740371
"65c72a887e_t80","rasch","skew_pos","irw",20,0.8,1000,1000,0.798128567108264,0.00915700175774934,0.779759357547835,0.815169181255201,0.791946050409477,0.00828795404231588,0.781849416171665,0.0117389948939329,TRUE,0.800000002740371
"65c72a887e_t80","rasch","skew_pos","irw",20,0.8,2000,1000,0.798740598302022,0.00635696795803921,0.785994605673208,0.810595941719854,0.792545912343619,0.00576200800423991,0.78197093346949,0.0128089922573506,TRUE,0.800000002740371
"65c72a887e_t90","rasch","skew_pos","irw",20,0.9,100,1000,0.896359691913703,0.015142962920266,0.861836570600824,0.923241923819664,0.881769945459659,0.0107230440836384,0.832681233031143,0.0964895897863494,TRUE,0.900000001109089
"65c72a887e_t90","rasch","skew_pos","irw",20,0.9,250,1000,0.899016655827838,0.0093787980539206,0.880902509162823,0.916745447267763,0.883974535359287,0.00634932182438352,0.811086170264208,0.119763646462683,TRUE,0.900000001109089
"65c72a887e_t90","rasch","skew_pos","irw",20,0.9,500,1000,0.899054057084107,0.0067310383995779,0.885927173398222,0.911727546377261,0.884120589297929,0.00462695798422599,0.795344418757502,0.124003022424425,TRUE,0.900000001109089
"65c72a887e_t90","rasch","skew_pos","irw",20,0.9,1000,1000,0.899728546147307,0.00496435678629043,0.889826809454815,0.90946764255918,0.884697972548448,0.00338604723628199,0.778639661025138,0.129820979654067,TRUE,0.900000001109089
"65c72a887e_t90","rasch","skew_pos","irw",20,0.9,2000,1000,0.899751135562223,0.00343814370368991,0.892277734280757,0.905923489047178,0.884739133816525,0.00234430392744477,0.756981439948302,0.147362426314069,TRUE,0.900000001109089
"65c72a887e_t95","rasch","skew_pos","irw",20,0.95,100,1000,0.948577935166812,0.00786603503067638,0.931753446459732,0.963493633649418,0.923266660307279,0.00591560653844372,0.611310341847702,0.316532127909822,TRUE,0.950000000154924
"65c72a887e_t95","rasch","skew_pos","irw",20,0.95,250,1000,0.949202225740411,0.0051487807695163,0.938108109400522,0.958053032563959,0.923952579970416,0.00357123864568588,0.473143983651144,0.306535759109012,TRUE,0.950000000154924
"65c72a887e_t95","rasch","skew_pos","irw",20,0.95,500,1000,0.94954486412767,0.00345312846549511,0.942630603068044,0.956005227701996,0.9242921223055,0.00241624027742705,0.333819870088205,0.281923532715625,TRUE,0.950000000154924
"65c72a887e_t95","rasch","skew_pos","irw",20,0.95,1000,1000,0.94956943819418,0.00243775141381102,0.944680341060825,0.954017343249498,0.924564603735314,0.00176686859370963,0.226885773147306,0.228055823470085,TRUE,0.950000000154924
"65c72a887e_t95","rasch","skew_pos","irw",20,0.95,2000,1000,0.94967851595267,0.0017776626591056,0.945923005753361,0.953011215436529,0.92446676911314,0.00122329181779414,0.139818541654154,0.161217762008297,TRUE,0.950000000154924
"6837e6d676_t50","rasch","normal","parametric",10,0.5,100,1000,0.496000277547327,0.0341120496520495,0.428006806731256,0.56094540468783,0.494287929518599,0.0335576405614081,0.491930576787166,0.033014773328149,TRUE,0.50000000081083
"6837e6d676_t50","rasch","normal","parametric",10,0.5,250,1000,0.49625888152798,0.0209366939488852,0.457150116794946,0.536345084543656,0.494578630443946,0.0205937574391055,0.492237121173643,0.020258797632192,TRUE,0.50000000081083
"6837e6d676_t50","rasch","normal","parametric",10,0.5,500,1000,0.496433702203208,0.0144760517728381,0.466449046126541,0.524479738705515,0.494762388266144,0.0142377809167019,0.492410808368685,0.0139910316600668,TRUE,0.50000000081083
"6837e6d676_t50","rasch","normal","parametric",10,0.5,1000,1000,0.496850730352622,0.0102485879627203,0.475644229064663,0.515887788327392,0.495176598990053,0.0100781842952183,0.492814649044169,0.00990176873948872,TRUE,0.50000000081083
"6837e6d676_t50","rasch","normal","parametric",10,0.5,2000,1000,0.497249177207766,0.00723427183345291,0.483216903881895,0.511182840065078,0.495573960406341,0.00711522820519273,0.493219450062173,0.00699719100280217,TRUE,0.50000000081083
"6837e6d676_t60","rasch","normal","parametric",10,0.6,100,1000,0.598827833263963,0.0312793879400268,0.533977810965941,0.655693818469608,0.595308197780433,0.0302898285028243,0.591653855062972,0.0294936356360095,TRUE,0.600000002179254
"6837e6d676_t60","rasch","normal","parametric",10,0.6,250,1000,0.600814063491508,0.0195634768433581,0.561408157031985,0.636769049052928,0.597267284314083,0.0189242519707098,0.593500801575655,0.0183877896779586,TRUE,0.600000002179254
"6837e6d676_t60","rasch","normal","parametric",10,0.6,500,1000,0.60168503731105,0.0135485900869975,0.574620170398744,0.628019387432393,0.598149193181846,0.0131090511205157,0.594389280489129,0.0127540149369862,TRUE,0.600000002179254
"6837e6d676_t60","rasch","normal","parametric",10,0.6,1000,1000,0.601880652150174,0.00978831681487996,0.582990001544555,0.621133427573438,0.598337571840177,0.00946975897818619,0.594566198835749,0.009214428097305,TRUE,0.600000002179254
"6837e6d676_t60","rasch","normal","parametric",10,0.6,2000,1000,0.60193287761086,0.00719071016059226,0.587372579068569,0.616364208919987,0.598389945971627,0.00695033563240698,0.594601974513703,0.00675463710562354,TRUE,0.600000002179254
"6837e6d676_t70","rasch","normal","parametric",10,0.7,100,1000,0.699701959649884,0.0246028251526928,0.646015016570789,0.744080835530748,0.692965319183101,0.0230045538337177,0.68708898605044,0.0219083736408125,TRUE,0.700000001725441
"6837e6d676_t70","rasch","normal","parametric",10,0.7,250,1000,0.701335892158279,0.0167346900617095,0.665851839017214,0.730891263139772,0.694513574526143,0.0156236320013999,0.688465366628623,0.0148316761980962,TRUE,0.700000001725441
"6837e6d676_t70","rasch","normal","parametric",10,0.7,500,1000,0.701786605726664,0.0114445591437175,0.677710682172141,0.722474126647023,0.694933626386836,0.0106398250803586,0.688742351087873,0.0100498456717835,TRUE,0.700000001725441
"6837e6d676_t70","rasch","normal","parametric",10,0.7,1000,1000,0.701841291633227,0.00809577690954727,0.68577092300686,0.716703585763448,0.695009754638451,0.00754619287702123,0.688871313618668,0.00717684365539075,TRUE,0.700000001725441
"6837e6d676_t70","rasch","normal","parametric",10,0.7,2000,1000,0.702493831510379,0.00569422382420798,0.691099280567267,0.713071191016876,0.695609726345349,0.00531259675622713,0.689371610234491,0.00501976069313668,TRUE,0.700000001725441
"6837e6d676_t80","rasch","normal","parametric",10,0.8,100,1000,0.798387690808201,0.0194580150909749,0.75613083855813,0.83126644538851,0.785867108609998,0.0168221071479153,0.776147856139272,0.0160801662006826,TRUE,0.800000002012644
"6837e6d676_t80","rasch","normal","parametric",10,0.8,250,1000,0.799731716972379,0.0120557568711227,0.776177076337669,0.823087452234652,0.787095538269484,0.0103349273664229,0.776939624624246,0.0100562814254773,TRUE,0.800000002012644
"6837e6d676_t80","rasch","normal","parametric",10,0.8,500,1000,0.80036058661704,0.00859304486948042,0.782641528717365,0.815559184335888,0.78773724192671,0.00734008877840722,0.777204910315904,0.00741626674865876,TRUE,0.800000002012644
"6837e6d676_t80","rasch","normal","parametric",10,0.8,1000,1000,0.800076328638634,0.00605627683379846,0.787094600215719,0.81173593876209,0.787484980493877,0.00518999264455661,0.77690801587628,0.00600830647776794,TRUE,0.800000002012644
"6837e6d676_t80","rasch","normal","parametric",10,0.8,2000,1000,0.799980908730658,0.00421803585933436,0.791414461086299,0.808028375798623,0.787406025864768,0.00361842826544822,0.777016739263318,0.00362202648467141,TRUE,0.800000002012644
"6837e6d676_t90","rasch","normal","parametric",10,0.9,100,1000,0.897919829245271,0.0104108332448484,0.876011815207553,0.915910713164979,0.870894183611878,0.00703429510923801,0.809854340251792,0.0887202261246505,TRUE,0.9000000008383
"6837e6d676_t90","rasch","normal","parametric",10,0.9,250,1000,0.898553448503954,0.0065301374096555,0.885018010571092,0.91034874192548,0.871662147683816,0.00422502261764244,0.799555126911623,0.0868184120553273,TRUE,0.9000000008383
"6837e6d676_t90","rasch","normal","parametric",10,0.9,500,1000,0.899023534349461,0.00462086861608467,0.889241402541941,0.907933453007779,0.87194115408504,0.00291886936969942,0.787171317960156,0.088231339996308,TRUE,0.9000000008383
"6837e6d676_t90","rasch","normal","parametric",10,0.9,1000,1000,0.899078096611598,0.00342090345715333,0.892110982510456,0.905519571733557,0.871964236120683,0.00213933949443084,0.784819758846687,0.0745933142639363,TRUE,0.9000000008383
"6837e6d676_t90","rasch","normal","parametric",10,0.9,2000,1000,0.899219629395412,0.00226725951624513,0.894843510991821,0.903197861686493,0.872052062149356,0.00141348058664389,0.780403936151844,0.0759174565054043,TRUE,0.9000000008383
"6837e6d676_t95","rasch","normal","parametric",10,0.95,100,1000,0.948927340260779,0.00567804604311734,0.937012781046719,0.958491265092549,0.887611864509787,0.0121659504224052,0.778599273459479,0.192860014181876,TRUE,0.950000000416101
"6837e6d676_t95","rasch","normal","parametric",10,0.95,250,1000,0.949372378825173,0.0036051060776151,0.942095662859225,0.956219953233553,0.887549928798373,0.00781157923573731,0.710732748137574,0.239933338903886,TRUE,0.950000000416101
"6837e6d676_t95","rasch","normal","parametric",10,0.95,500,1000,0.949644203459141,0.00251580432717798,0.944677864429567,0.95433972812173,0.888047286055661,0.00568824210674224,0.651728441421681,0.26056767765732,TRUE,0.950000000416101
"6837e6d676_t95","rasch","normal","parametric",10,0.95,1000,1000,0.949632423955782,0.00174726317128026,0.946257372471102,0.952810333011252,0.887789805071146,0.0037654001702947,0.601070093257494,0.260640136822042,TRUE,0.950000000416101
"6837e6d676_t95","rasch","normal","parametric",10,0.95,2000,1000,0.949759618167041,0.00125923752416108,0.947347866819632,0.95217047789638,0.888074976770469,0.00277106917735564,0.51067196217391,0.266943732256548,TRUE,0.950000000416101
"686daead56_t50","rasch","bimodal","irw",60,0.5,100,1000,0.497019147510331,0.0270094562339258,0.443483874094122,0.544899107264749,0.496980571325803,0.0270003934472832,0.496941065650503,0.0269951427853559,TRUE,0.500000000197476
"686daead56_t50","rasch","bimodal","irw",60,0.5,250,1000,0.499476451293471,0.0176673629347758,0.465473409542611,0.533458327637813,0.499437128102594,0.0176611598268491,0.499396788351988,0.0176575351865044,TRUE,0.500000000197476
"686daead56_t50","rasch","bimodal","irw",60,0.5,500,1000,0.499861648073623,0.0117888229011734,0.478057797145601,0.522959076414034,0.49982219968695,0.0117848077309528,0.499781571554601,0.0117825665006512,TRUE,0.500000000197476
"686daead56_t50","rasch","bimodal","irw",60,0.5,1000,1000,0.500169864091688,0.00867881931712961,0.48340407178789,0.517905500410969,0.500130349066985,0.00867564503650307,0.500089644897111,0.00867375331579842,TRUE,0.500000000197476
"686daead56_t50","rasch","bimodal","irw",60,0.5,2000,1000,0.500680716817192,0.00588996671465851,0.488932509697891,0.511939248396533,0.500641103678195,0.00588793307081112,0.500600325384993,0.00588677714494671,TRUE,0.500000000197476
"686daead56_t60","rasch","bimodal","irw",60,0.6,100,1000,0.59815049367247,0.0260662771759585,0.543736139292034,0.645112372589819,0.598056769879652,0.0260481146098239,0.597991865383166,0.026042161561242,TRUE,0.600000001853609
"686daead56_t60","rasch","bimodal","irw",60,0.6,250,1000,0.599516823489262,0.0158667673177061,0.56638811955172,0.630253174054953,0.599422224860804,0.0158553660212962,0.59935640008106,0.0158516039068322,TRUE,0.600000001853609
"686daead56_t60","rasch","bimodal","irw",60,0.6,500,1000,0.59951421915926,0.0117990738727289,0.576453375307557,0.62222153431202,0.5994195801365,0.0117901949797125,0.5993535555767,0.0117871185011062,TRUE,0.600000001853609
"686daead56_t60","rasch","bimodal","irw",60,0.6,1000,1000,0.59988955507542,0.00805862345330332,0.585011585165143,0.614789813147655,0.599794423616875,0.00805241803633882,0.599728005233976,0.00805024275470074,TRUE,0.600000001853609
"686daead56_t60","rasch","bimodal","irw",60,0.6,2000,1000,0.600126618659336,0.00576138519863179,0.588900877012609,0.611911850351611,0.600031645192523,0.00575696058276606,0.599965357158812,0.00575541073753338,TRUE,0.600000001853609
"686daead56_t70","rasch","bimodal","irw",60,0.7,100,1000,0.698767033587612,0.0218326766867376,0.648175963125288,0.738021413871821,0.698532503714464,0.0217958747801008,0.698425223798373,0.0217892817569492,TRUE,0.700000003281632
"686daead56_t70","rasch","bimodal","irw",60,0.7,250,1000,0.699868285514821,0.0144909389428973,0.671615727993179,0.726590859987406,0.699629177354056,0.014464273376232,0.699519281189353,0.0144590548135393,TRUE,0.700000003281632
"686daead56_t70","rasch","bimodal","irw",60,0.7,500,1000,0.700182423334343,0.00997025548877173,0.679709822138965,0.719268951298841,0.699944853070275,0.00995267120477126,0.699835602597956,0.00994952833626638,TRUE,0.700000003281632
"686daead56_t70","rasch","bimodal","irw",60,0.7,1000,1000,0.700373141314595,0.00707451883359365,0.685743609951452,0.713994757902617,0.700134963983019,0.00706124467887753,0.700025281955144,0.00705860760983176,TRUE,0.700000003281632
"686daead56_t70","rasch","bimodal","irw",60,0.7,2000,1000,0.70065736802451,0.00481875114456979,0.691369481788732,0.710203547333545,0.700418871077341,0.00480959256989202,0.700309153182209,0.00480779176341133,TRUE,0.700000003281632
"686daead56_t80","rasch","bimodal","irw",60,0.8,100,1000,0.80022294854916,0.0163799824937194,0.766062647702218,0.829986155086797,0.799559539068004,0.0162948726015356,0.799372372535882,0.0162880276350658,TRUE,0.800000003638628
"686daead56_t80","rasch","bimodal","irw",60,0.8,250,1000,0.801294765478399,0.00979935429460171,0.782382346424821,0.819483594831724,0.800624860442985,0.009741672533128,0.80043544554812,0.00973587709443976,TRUE,0.800000003638628
"686daead56_t80","rasch","bimodal","irw",60,0.8,500,1000,0.801648848145827,0.00719990321942281,0.787223347082501,0.815419819825286,0.800983424024191,0.00715799597688492,0.800795606006267,0.00715388032922167,TRUE,0.800000003638628
"686daead56_t80","rasch","bimodal","irw",60,0.8,1000,1000,0.801953681695438,0.00509561852037735,0.79145035277954,0.810986636201477,0.801283026153828,0.00506639821907927,0.801093427187427,0.00506348922227354,TRUE,0.800000003638628
"686daead56_t80","rasch","bimodal","irw",60,0.8,2000,1000,0.801842565760088,0.0035034831937804,0.795026094396921,0.808638302039338,0.801173404626782,0.00348383953009866,0.800984024631436,0.00348207158748607,TRUE,0.800000003638628
"686daead56_t90","rasch","bimodal","irw",60,0.9,100,1000,0.899548630802518,0.00843891306659984,0.882330443484611,0.91476394038221,0.897421258090655,0.008227195070232,0.89709577757612,0.00821876032845571,TRUE,0.900000001876718
"686daead56_t90","rasch","bimodal","irw",60,0.9,250,1000,0.899949934043219,0.00537868790301093,0.889228309414367,0.909858364029749,0.89781803814833,0.00523271146046482,0.89749306191605,0.00522590994406822,TRUE,0.900000001876718
"686daead56_t90","rasch","bimodal","irw",60,0.9,500,1000,0.900064617292548,0.00387491214177143,0.892045643347021,0.907607882335893,0.897921531528198,0.00376369118514862,0.897592864519086,0.00375665281563729,TRUE,0.900000001876718
"686daead56_t90","rasch","bimodal","irw",60,0.9,1000,1000,0.900185100775429,0.00266848652504334,0.894850611662507,0.905581647234491,0.898044963416646,0.00259334466495787,0.897717522784357,0.00258939207060656,TRUE,0.900000001876718
"686daead56_t90","rasch","bimodal","irw",60,0.9,2000,1000,0.900133763478905,0.00187601386040948,0.896590900996474,0.903817409886139,0.897999855963606,0.00182618415997217,0.89767329495627,0.00182419801550644,TRUE,0.900000001876718
"686daead56_t95","rasch","bimodal","irw",60,0.95,100,1000,0.949611674509709,0.00415222287638256,0.940662087357484,0.956698789976454,0.945077448838329,0.00371515715051672,0.944591004127329,0.00370507230185818,TRUE,0.950000001121933
"686daead56_t95","rasch","bimodal","irw",60,0.95,250,1000,0.949709388067168,0.00267449185700098,0.944079610402769,0.954591587640667,0.945169411619595,0.00236472995517163,0.944673359438738,0.00235470838754951,TRUE,0.950000001121933
"686daead56_t95","rasch","bimodal","irw",60,0.95,500,1000,0.949883092929733,0.00179532625127747,0.946245934443009,0.953039465110766,0.945303160906927,0.00158892138975223,0.944797138765672,0.00158656302120571,TRUE,0.950000001121933
"686daead56_t95","rasch","bimodal","irw",60,0.95,1000,1000,0.949914631259421,0.00127955459440786,0.947446132534314,0.952302654493778,0.945341250119213,0.00112911851447932,0.944837247415179,0.00112357155779388,TRUE,0.950000001121933
"686daead56_t95","rasch","bimodal","irw",60,0.95,2000,1000,0.949927195549293,0.000879160776681741,0.948203850867684,0.951593773856185,0.945352077949056,0.000766270815659838,0.944846644201688,0.000763057829913333,TRUE,0.950000001121933
"69320217c6_t50","3pl_beta","skew_pos","irw",10,0.5,100,1000,0.494057835799169,0.0401917899208632,0.414865691651757,0.567718068469618,0.48857570989111,0.0382254991961966,0.476801270779788,0.0334678923796366,TRUE,0.500000000798964
"69320217c6_t50","3pl_beta","skew_pos","irw",10,0.5,250,1000,0.496306494626778,0.0272293102351733,0.444159293785817,0.549245658663431,0.490847248970443,0.0258939951082688,0.478444359587286,0.0226413880040752,TRUE,0.500000000798964
"69320217c6_t50","3pl_beta","skew_pos","irw",10,0.5,500,1000,0.498444099744124,0.0193207215859741,0.462605444877668,0.538182044247302,0.492945383053713,0.018372814822175,0.480092791293169,0.0154016464045804,TRUE,0.500000000798964
"69320217c6_t50","3pl_beta","skew_pos","irw",10,0.5,1000,1000,0.498114784733469,0.0132201917036409,0.472875488645628,0.522667356164118,0.492677396007723,0.0125848484192053,0.479990522123883,0.010741641692086,TRUE,0.500000000798964
"69320217c6_t50","3pl_beta","skew_pos","irw",10,0.5,2000,1000,0.497575225140688,0.00949661755389618,0.478477377447429,0.51630154805443,0.492172415732978,0.00903849631349292,0.479550012853718,0.00773575463431359,TRUE,0.500000000798964
"69320217c6_t60","3pl_beta","skew_pos","irw",10,0.6,100,1000,0.595604254330693,0.039721935087807,0.514839998128285,0.671416869861579,0.574935479992936,0.0353736276712414,0.536763121550067,0.0294632483163534,TRUE,0.600000000751799
"69320217c6_t60","3pl_beta","skew_pos","irw",10,0.6,250,1000,0.597714492631465,0.024726507877341,0.547117831442401,0.644078945384798,0.57707514615793,0.022089628284934,0.539098518585723,0.0166274891185587,TRUE,0.600000000751799
"69320217c6_t60","3pl_beta","skew_pos","irw",10,0.6,500,1000,0.599477675347808,0.0177243026719841,0.562724655511789,0.632435283731702,0.578689310526096,0.0158367590264709,0.539241754243497,0.0146881795761039,TRUE,0.600000000751799
"69320217c6_t60","3pl_beta","skew_pos","irw",10,0.6,1000,1000,0.599787961555941,0.012330975606043,0.575367981152479,0.624493065067098,0.579015196737654,0.0109964892955575,0.538439308211816,0.01124178186804,TRUE,0.600000000751799
"69320217c6_t60","3pl_beta","skew_pos","irw",10,0.6,2000,1000,0.599801664023346,0.00847740466006842,0.582089676909628,0.615497180800767,0.579061497874893,0.00757237699496514,0.538555257106271,0.00829392979333126,TRUE,0.600000000751799
"69320217c6_t70","3pl_beta","skew_pos","irw",10,0.7,100,1000,0.696133695422639,0.0394378804965712,0.611104736564776,0.768000526363116,0.663469146635091,0.0368236726056345,0.633538414961493,0.0563314069037171,TRUE,0.700000000429515
"69320217c6_t70","3pl_beta","skew_pos","irw",10,0.7,250,1000,0.699130955175098,0.0251241826107197,0.647677983463722,0.745222778195091,0.665994829460731,0.0235030817268272,0.631541536317818,0.0489039661500603,TRUE,0.700000000429515
"69320217c6_t70","3pl_beta","skew_pos","irw",10,0.7,500,1000,0.700536208804691,0.0179572478252922,0.663339490377919,0.733179504333019,0.667112266974651,0.0167435727464384,0.627991178165344,0.0531456679866591,TRUE,0.700000000429515
"69320217c6_t70","3pl_beta","skew_pos","irw",10,0.7,1000,1000,0.700766911083556,0.0120947069526129,0.677548904245557,0.724397146647602,0.667254834396181,0.0112469251351774,0.62414890827983,0.0545379894710135,TRUE,0.700000000429515
"69320217c6_t70","3pl_beta","skew_pos","irw",10,0.7,2000,1000,0.701273736301967,0.00861694833660389,0.684453508096758,0.718024832392447,0.6677147575526,0.00806621893394871,0.619454091092192,0.0581455316982443,TRUE,0.700000000429515
"69320217c6_t80","3pl_beta","skew_pos","irw",10,0.8,100,1000,0.797212424000189,0.0252740396158145,0.745886100681908,0.845325130407959,0.726590783658776,0.020085239842405,0.607905761380006,0.0683156754628508,TRUE,0.8000000014343
"69320217c6_t80","3pl_beta","skew_pos","irw",10,0.8,250,1000,0.798415491081997,0.0168172654625822,0.766016167645597,0.830297499042944,0.728136508477045,0.0132983800631469,0.595264660250896,0.0684024655796823,TRUE,0.8000000014343
"69320217c6_t80","3pl_beta","skew_pos","irw",10,0.8,500,1000,0.800075027708401,0.0118433592907839,0.77625994986815,0.822065871084949,0.729553152836128,0.00949157860578861,0.58275090173883,0.0791715182270533,TRUE,0.8000000014343
"69320217c6_t80","3pl_beta","skew_pos","irw",10,0.8,1000,1000,0.800040802404357,0.00821916822449315,0.78351434219833,0.815640947680477,0.729321774994329,0.00647633724056792,0.584447661994901,0.0656758010361048,TRUE,0.8000000014343
"69320217c6_t80","3pl_beta","skew_pos","irw",10,0.8,2000,1000,0.800436832087517,0.00585927487631577,0.788637511240972,0.812462674548705,0.729730585646744,0.00464214920515361,0.573354754171579,0.064225370294809,TRUE,0.8000000014343
"69320217c6_t90","3pl_beta","skew_pos","irw",10,0.9,100,1000,0.896729353109364,0.0162973702905571,0.861398924686306,0.925279553092177,0.819155227661239,0.0165711863996456,0.575089157169856,0.227265609723447,TRUE,0.900000000922931
"69320217c6_t90","3pl_beta","skew_pos","irw",10,0.9,250,1000,0.898217262853338,0.00970438500326167,0.878442260858317,0.916187917247648,0.820782611694821,0.0101370861714243,0.489083904494943,0.232909362825159,TRUE,0.900000000922931
"69320217c6_t90","3pl_beta","skew_pos","irw",10,0.9,500,1000,0.898615724396628,0.0072255105300132,0.884469549483305,0.912126472540132,0.820882925716065,0.00733498133571207,0.426386495678521,0.229074428380136,TRUE,0.900000000922931
"69320217c6_t90","3pl_beta","skew_pos","irw",10,0.9,1000,1000,0.899395530349104,0.00485322234069168,0.889669980056858,0.907965901780093,0.821735157134207,0.00495996743548398,0.344054709939966,0.21506468533994,TRUE,0.900000000922931
"69320217c6_t90","3pl_beta","skew_pos","irw",10,0.9,2000,1000,0.899099314586675,0.00343852469047177,0.891742620678655,0.905173966295404,0.821463780326931,0.00354124638219912,0.267309519935031,0.184259655347701,TRUE,0.900000000922931
"6a235480c1_t50","rasch","skew_pos","parametric",60,0.5,100,1000,0.494004637995553,0.0459438775215187,0.40803827004603,0.583511949526594,0.493898305902473,0.0458680983724944,0.49377941355476,0.0457915821084768,TRUE,0.50000000019384
"6a235480c1_t50","rasch","skew_pos","parametric",60,0.5,250,1000,0.49365657900621,0.0275386494513124,0.442827994744165,0.550807308053367,0.49355937291823,0.0274981257758358,0.493445167854218,0.0274574498696751,TRUE,0.50000000019384
"6a235480c1_t50","rasch","skew_pos","parametric",60,0.5,500,1000,0.495089879922821,0.0194151793118589,0.457801181109741,0.531962759521466,0.494992062723188,0.0193855246608521,0.494875121365223,0.0193537648887989,TRUE,0.50000000019384
"6a235480c1_t50","rasch","skew_pos","parametric",60,0.5,1000,1000,0.495744204243104,0.0147837132586888,0.468668037445213,0.526286258719899,0.495647027885614,0.0147620295556631,0.495530119511749,0.0147396529499138,TRUE,0.50000000019384
"6a235480c1_t50","rasch","skew_pos","parametric",60,0.5,2000,1000,0.496032604789149,0.0103481316999106,0.475054567361203,0.515184950794187,0.495934877332369,0.0103330644630588,0.495816536132765,0.0103172482237718,TRUE,0.50000000019384
"6a235480c1_t60","rasch","skew_pos","parametric",60,0.6,100,1000,0.593119303202921,0.0448316732810186,0.507374726215215,0.679425753627053,0.592868609502344,0.0446767181699882,0.592667243174021,0.0445677930587388,TRUE,0.60000000148818
"6a235480c1_t60","rasch","skew_pos","parametric",60,0.6,250,1000,0.597435333045053,0.0279806908815084,0.543537252640275,0.650914456319169,0.597187856670775,0.0278814142476926,0.596977955532677,0.0278020615832918,TRUE,0.60000000148818
"6a235480c1_t60","rasch","skew_pos","parametric",60,0.6,500,1000,0.59826060628322,0.0195920653100946,0.559000920516988,0.633967350321503,0.598015232282863,0.0195252152172997,0.597806126807176,0.0194737896023833,TRUE,0.60000000148818
"6a235480c1_t60","rasch","skew_pos","parametric",60,0.6,1000,1000,0.598787713371473,0.0140500915760041,0.571868031172728,0.626208192253997,0.598542674080756,0.0140016616575229,0.598330379585159,0.0139625761156708,TRUE,0.60000000148818
"6a235480c1_t60","rasch","skew_pos","parametric",60,0.6,2000,1000,0.598806107321697,0.00987660494551564,0.579107460345208,0.617552837700072,0.598562000112763,0.00984223912100137,0.59835025511084,0.00981529743206674,TRUE,0.60000000148818
"6a235480c1_t70","rasch","skew_pos","parametric",60,0.7,100,1000,0.694361076986637,0.0369493272625539,0.618984869702718,0.761815036461249,0.69381195936317,0.0366779037442166,0.693491443401599,0.0365301560138934,TRUE,0.700000002032488
"6a235480c1_t70","rasch","skew_pos","parametric",60,0.7,250,1000,0.696006399564409,0.0237262879657808,0.647749236303269,0.740498261872472,0.695450657623498,0.0235455996336359,0.695098459175223,0.0234299048145931,TRUE,0.700000002032488
"6a235480c1_t70","rasch","skew_pos","parametric",60,0.7,500,1000,0.698168294578566,0.0168926096412939,0.663372004756818,0.728466971320374,0.697602807264635,0.0167650126846963,0.697246499082195,0.0166883328863343,TRUE,0.700000002032488
"6a235480c1_t70","rasch","skew_pos","parametric",60,0.7,1000,1000,0.697933740244572,0.0120828708893235,0.672740385299311,0.721305105777815,0.697373857479886,0.0119857221184707,0.697015319885075,0.0119216464792956,TRUE,0.700000002032488
"6a235480c1_t70","rasch","skew_pos","parametric",60,0.7,2000,1000,0.698471487593354,0.00871625787870994,0.68121849876362,0.715064170421052,0.697909987247694,0.00864720893087658,0.69754615830432,0.00860008862856596,TRUE,0.700000002032488
"6a235480c1_t80","rasch","skew_pos","parametric",60,0.8,100,1000,0.797028827781394,0.0293176527286164,0.731689626407831,0.850342480732646,0.795784334295139,0.028770223804117,0.795235543795505,0.028473205046438,TRUE,0.800000001030433
"6a235480c1_t80","rasch","skew_pos","parametric",60,0.8,250,1000,0.800305412842394,0.0186180288516007,0.763356439491525,0.834772827728496,0.798998439992294,0.0182012456931563,0.798368344475765,0.0179492573860528,TRUE,0.800000001030433
"6a235480c1_t80","rasch","skew_pos","parametric",60,0.8,500,1000,0.800523562361631,0.0133133578083849,0.772413971242816,0.825557897328345,0.799224998856823,0.0130245888887145,0.798603495037348,0.0128470903693303,TRUE,0.800000001030433
"6a235480c1_t80","rasch","skew_pos","parametric",60,0.8,1000,1000,0.801496438045863,0.00929666450762238,0.7825072341905,0.819784859536753,0.80019114263273,0.00909966584687698,0.799555271257424,0.00898352648749592,TRUE,0.800000001030433
"6a235480c1_t80","rasch","skew_pos","parametric",60,0.8,2000,1000,0.801495404108166,0.00663640330178115,0.788259488903263,0.814220436142968,0.800188082140184,0.00649208119455727,0.799545649129982,0.00640214940860102,TRUE,0.800000001030433
"6a235480c1_t90","rasch","skew_pos","parametric",60,0.9,100,1000,0.896771280674623,0.0167620169293219,0.863648718179806,0.926598199493315,0.893737650816756,0.0154564556386,0.892294380106189,0.014756814497465,TRUE,0.900000002163446
"6a235480c1_t90","rasch","skew_pos","parametric",60,0.9,250,1000,0.899055975079258,0.0101438401307307,0.878327683128873,0.916878691105863,0.895931245116108,0.00931332982959555,0.894205124674002,0.00929448387924727,TRUE,0.900000002163446
"6a235480c1_t90","rasch","skew_pos","parametric",60,0.9,500,1000,0.899218879339144,0.00694448644883163,0.884993076276462,0.911739289579838,0.896121591281399,0.00639183334950231,0.894622678056111,0.00606863796480149,TRUE,0.900000002163446
"6a235480c1_t90","rasch","skew_pos","parametric",60,0.9,1000,1000,0.899728120191765,0.00484519249443629,0.890095480886767,0.908543470461344,0.896579525824206,0.00441258546657793,0.894794331604463,0.00435086022993701,TRUE,0.900000002163446
"6a235480c1_t90","rasch","skew_pos","parametric",60,0.9,2000,1000,0.89971734066447,0.00338173727178326,0.893344667889241,0.905964450926173,0.896590142102247,0.00309939679792318,0.894956491933592,0.0030900648913904,TRUE,0.900000002163446
"6a235480c1_t95","rasch","skew_pos","parametric",60,0.95,100,1000,0.949058453377672,0.0081670001820205,0.92998820501056,0.962966827332461,0.942567590607306,0.00600614945067389,0.93561410075629,0.0260388051281119,TRUE,0.950000000816417
"6a235480c1_t95","rasch","skew_pos","parametric",60,0.95,250,1000,0.949533998187575,0.00515060124627518,0.93879610311407,0.95897735090002,0.94309837399219,0.00364781073752179,0.934425465709947,0.0298044012278483,TRUE,0.950000000816417
"6a235480c1_t95","rasch","skew_pos","parametric",60,0.95,500,1000,0.949995000448654,0.00364342285612555,0.942450116358292,0.95667069867379,0.943425031546713,0.0025882602129365,0.933062304259577,0.0250094383230835,TRUE,0.950000000816417
"6a235480c1_t95","rasch","skew_pos","parametric",60,0.95,1000,1000,0.950039472227574,0.00254058588361103,0.945131885369415,0.954882506390124,0.943500856168887,0.00174971759527024,0.932256234152816,0.0232234201444217,TRUE,0.950000000816417
"6a235480c1_t95","rasch","skew_pos","parametric",60,0.95,2000,1000,0.950014098608955,0.00177854258533634,0.946317425921824,0.953411031096216,0.943484516923831,0.00123485014999883,0.931532656499826,0.0202624991008044,TRUE,0.950000000816417
"6d3bc9f997_t50","3pl_beta","heavy_tail","parametric",40,0.5,100,1000,0.49728394943368,0.0531084127357506,0.400638175845499,0.615839535877609,0.495610553392015,0.0522316335625227,0.491953420360548,0.049264375104515,FALSE,0.500000000379479
"6d3bc9f997_t50","3pl_beta","heavy_tail","parametric",40,0.5,250,1000,0.503020840482659,0.0387275812492482,0.43867807657117,0.58581636270844,0.501343282611544,0.0381198093262234,0.495500684891303,0.0354674670521745,FALSE,0.500000000379479
"6d3bc9f997_t50","3pl_beta","heavy_tail","parametric",40,0.5,500,1000,0.505201483239845,0.0274980765140715,0.456025180614988,0.56266526146279,0.503529698545733,0.0270805736712098,0.498371917928513,0.0248364196431215,FALSE,0.500000000379479
"6d3bc9f997_t50","3pl_beta","heavy_tail","parametric",40,0.5,1000,1000,0.504889588731115,0.0192935967741509,0.471283300515529,0.546271999538894,0.50324487148454,0.0190168458518642,0.498067281727765,0.0175797459069542,FALSE,0.500000000379479
"6d3bc9f997_t50","3pl_beta","heavy_tail","parametric",40,0.5,2000,1000,0.505989075391379,0.0142151242133882,0.479953927185665,0.534460376748416,0.504333886911773,0.0140000352252703,0.498573412757821,0.015278840063731,FALSE,0.500000000379479
"6d3bc9f997_t60","3pl_beta","heavy_tail","parametric",40,0.6,100,1000,0.599613553921754,0.0487916051180984,0.506051443578284,0.696035421432816,0.596899168358036,0.0474328607549929,0.591341747188904,0.0445670712466343,FALSE,0.600000001816157
"6d3bc9f997_t60","3pl_beta","heavy_tail","parametric",40,0.6,250,1000,0.607481954956438,0.0359064645199841,0.546313775222014,0.689310323693367,0.60464097518674,0.0349335794474374,0.593897201467584,0.0344922924228809,FALSE,0.600000001816157
"6d3bc9f997_t60","3pl_beta","heavy_tail","parametric",40,0.6,500,1000,0.608743081501789,0.026219627822223,0.560437896920581,0.664931700733478,0.605937428671629,0.0255325247386089,0.594101297302718,0.0329021927164887,FALSE,0.600000001816157
"6d3bc9f997_t60","3pl_beta","heavy_tail","parametric",40,0.6,1000,1000,0.610117405426993,0.0192193099430927,0.576623762467722,0.65123446947172,0.607325892884877,0.0187316542431697,0.593367635979969,0.0371455879472678,FALSE,0.600000001816157
"6d3bc9f997_t60","3pl_beta","heavy_tail","parametric",40,0.6,2000,1000,0.610162548295289,0.0138333157833808,0.585361855071143,0.638063130728133,0.607385342291486,0.0135104986048525,0.593620919751382,0.0325835464755437,FALSE,0.600000001816157
"6d3bc9f997_t70","3pl_beta","heavy_tail","parametric",40,0.7,100,1000,0.691980266254669,0.0454636289249594,0.602911883901864,0.778287818037943,0.686693259793971,0.0431817081608554,0.672484012016106,0.0536383890125328,FALSE,0.700000001216245
"6d3bc9f997_t70","3pl_beta","heavy_tail","parametric",40,0.7,250,1000,0.696633782363865,0.0298611404732691,0.639515989257703,0.757344108680751,0.6914175497649,0.0285231473702975,0.672832121294024,0.0542871653814915,FALSE,0.700000001216245
"6d3bc9f997_t70","3pl_beta","heavy_tail","parametric",40,0.7,500,1000,0.697458285178382,0.0229509887494164,0.655952690060991,0.745282671898367,0.692207059479356,0.0219402244553057,0.669647111367157,0.0576846187100282,FALSE,0.700000001216245
"6d3bc9f997_t70","3pl_beta","heavy_tail","parametric",40,0.7,1000,1000,0.699128413637757,0.0168049066502105,0.668530876846906,0.732541511730573,0.693886395919526,0.0161190956765158,0.665196260612533,0.0733355114714212,FALSE,0.700000001216245
"6d3bc9f997_t70","3pl_beta","heavy_tail","parametric",40,0.7,2000,1000,0.699015456187539,0.0122408528133086,0.676126500049265,0.723854100549248,0.693815914693533,0.0117675829496577,0.657809940285502,0.0902463165356048,FALSE,0.700000001216245
"6d3bc9f997_t80","3pl_beta","heavy_tail","parametric",40,0.8,100,1000,0.791437428561462,0.0335651453812762,0.721043263566361,0.857215393036505,0.784535502414662,0.0306426626174472,0.7588700938346,0.0786252702754236,FALSE,0.800000002570814
"6d3bc9f997_t80","3pl_beta","heavy_tail","parametric",40,0.8,250,1000,0.796523182791393,0.0231238491144248,0.751689984340213,0.840751321536271,0.789457401276053,0.0213146420506598,0.746649111147907,0.100924731143054,FALSE,0.800000002570814
"6d3bc9f997_t80","3pl_beta","heavy_tail","parametric",40,0.8,500,1000,0.79791205693624,0.0172511207812227,0.765777948845971,0.833802581034609,0.790858362643146,0.0158672818684564,0.722101174195589,0.142067612743152,FALSE,0.800000002570814
"6d3bc9f997_t80","3pl_beta","heavy_tail","parametric",40,0.8,1000,1000,0.798531288450294,0.012704381208194,0.775960109669349,0.825767476071033,0.791509412338241,0.0117954980573422,0.699987286535665,0.169757729927394,FALSE,0.800000002570814
"6d3bc9f997_t80","3pl_beta","heavy_tail","parametric",40,0.8,2000,1000,0.799390150009693,0.00983460067083235,0.782221091410687,0.82034014184644,0.792297117737886,0.00921923925482301,0.667446717558209,0.198790819895842,FALSE,0.800000002570814
"6d3bc9f997_t90","3pl_beta","heavy_tail","parametric",40,0.9,100,1000,0.893103943805174,0.0195658677252856,0.852125155252345,0.928186347297225,0.876891039392174,0.0152440707416788,0.793884340214704,0.176451902997342,FALSE,0.900000001475924
"6d3bc9f997_t90","3pl_beta","heavy_tail","parametric",40,0.9,250,1000,0.896089251341615,0.0132502006316186,0.869789338795838,0.921650020508667,0.879715771476992,0.0106183429934893,0.734569529901577,0.236032253356215,FALSE,0.900000001475924
"6d3bc9f997_t90","3pl_beta","heavy_tail","parametric",40,0.9,500,1000,0.896638483914197,0.00990515507261567,0.878802116273954,0.91641216365146,0.880295367765539,0.00801695018608244,0.683519372980214,0.270064472078306,FALSE,0.900000001475924
"6d3bc9f997_t90","3pl_beta","heavy_tail","parametric",40,0.9,1000,1000,0.897216223311825,0.00683180500641523,0.884951589077016,0.910687041574416,0.880809071100006,0.0056304197461484,0.606096340844439,0.300691339069861,FALSE,0.900000001475924
"6d3bc9f997_t90","3pl_beta","heavy_tail","parametric",40,0.9,2000,1000,0.897421996472893,0.00503506240939363,0.888379561897839,0.907370251675679,0.881064228590612,0.00418994852080814,0.52137747412682,0.309490126011503,FALSE,0.900000001475924
"6d3bc9f997_t95","3pl_beta","heavy_tail","parametric",40,0.95,100,1000,0.947827898511803,0.00981129254972105,0.927518571719948,0.966732119566609,0.923161415491042,0.0061994459314143,0.645130977823192,0.323618777794564,FALSE,0.950000002589566
"6d3bc9f997_t95","3pl_beta","heavy_tail","parametric",40,0.95,250,1000,0.949390784596672,0.00669027362736102,0.937169710852584,0.962426297357385,0.924710239977909,0.00483063123645362,0.433813771367922,0.34504063232033,FALSE,0.950000002589566
"6d3bc9f997_t95","3pl_beta","heavy_tail","parametric",40,0.95,500,1000,0.949847332150999,0.00472441049587535,0.940818251213887,0.95925843988267,0.925257757818813,0.00372258874489454,0.311921890532018,0.307066161634016,FALSE,0.950000002589566
"6d3bc9f997_t95","3pl_beta","heavy_tail","parametric",40,0.95,1000,1000,0.950110559263966,0.00367655730452057,0.94327174681061,0.958127765405846,0.925550265748925,0.00282988075195274,0.180980989504225,0.232174139451928,FALSE,0.950000002589566
"6d3bc9f997_t95","3pl_beta","heavy_tail","parametric",40,0.95,2000,1000,0.950396341896609,0.00256075892432431,0.945813700878156,0.955787115352836,0.925667257193858,0.00204843209590231,0.0784139861358075,0.123549912492146,FALSE,0.950000002589566
"6eeb99a793_t50","3pl_g20","skew_pos","parametric",10,0.5,100,1000,0.497296038134604,0.0440205138600493,0.410013311517509,0.578590653719173,0.490260814437668,0.0419942645468663,0.476774261893582,0.0363979593814282,TRUE,0.500000000812525
"6eeb99a793_t50","3pl_g20","skew_pos","parametric",10,0.5,250,1000,0.499876017523041,0.0271300596433638,0.443374586722136,0.549754581743283,0.492832707612182,0.0259300479384554,0.479238954554399,0.0228602400664119,TRUE,0.500000000812525
"6eeb99a793_t50","3pl_g20","skew_pos","parametric",10,0.5,500,1000,0.500466848858135,0.0191895916551656,0.464083015124069,0.53792675612032,0.493464090752752,0.0183235133305835,0.480005611108083,0.0159558770660921,TRUE,0.500000000812525
"6eeb99a793_t50","3pl_g20","skew_pos","parametric",10,0.5,1000,1000,0.500254407741601,0.013437720523572,0.474615488374666,0.526633562210578,0.493250725748038,0.0128356131467054,0.479168740242929,0.0126610526937315,TRUE,0.500000000812525
"6eeb99a793_t50","3pl_g20","skew_pos","parametric",10,0.5,2000,1000,0.501256317964783,0.00976646771936829,0.480893942569009,0.518737284761889,0.494233201480301,0.00931474932648925,0.480357955070696,0.00821388043079098,TRUE,0.500000000812525
"6eeb99a793_t60","3pl_g20","skew_pos","parametric",10,0.6,100,1000,0.59663028604347,0.0406127998059481,0.51777247089359,0.672497126878628,0.582813291881485,0.0372034455727178,0.560315609414608,0.0302142932054451,TRUE,0.600000000315695
"6eeb99a793_t60","3pl_g20","skew_pos","parametric",10,0.6,250,1000,0.599311509500427,0.0253121414029985,0.547710692952662,0.647518495197325,0.585527255522364,0.0231842547470419,0.562321621729509,0.0183742069578723,TRUE,0.600000000315695
"6eeb99a793_t60","3pl_g20","skew_pos","parametric",10,0.6,500,1000,0.600668008544287,0.017808927576067,0.56719536326045,0.635469750943651,0.586812379320214,0.0163278903573533,0.562930285096926,0.0125238484219131,TRUE,0.600000000315695
"6eeb99a793_t60","3pl_g20","skew_pos","parametric",10,0.6,1000,1000,0.6009537412926,0.0126267571899714,0.574589531346449,0.624934563499532,0.58711586980421,0.0115796969929039,0.563365372478898,0.0092311712391744,TRUE,0.600000000315695
"6eeb99a793_t60","3pl_g20","skew_pos","parametric",10,0.6,2000,1000,0.601644843360589,0.00905791717253615,0.584265505009453,0.619224769920237,0.587768665184246,0.00829676892848292,0.563626330405326,0.00663120742336201,TRUE,0.600000000315695
"6eeb99a793_t70","3pl_g20","skew_pos","parametric",10,0.7,100,1000,0.694844075049691,0.0350344593378957,0.621348210794177,0.758318121849702,0.679045266195454,0.0308134850056858,0.625808511749549,0.0688261139890543,TRUE,0.700000001604288
"6eeb99a793_t70","3pl_g20","skew_pos","parametric",10,0.7,250,1000,0.696423126702093,0.022890464983083,0.650449738571961,0.737259594068856,0.680684812033841,0.0201497937382158,0.624184402379194,0.0585073584630246,TRUE,0.700000001604288
"6eeb99a793_t70","3pl_g20","skew_pos","parametric",10,0.7,500,1000,0.697609791032599,0.0155601905974924,0.665641902779204,0.727401347694441,0.681935861513149,0.0136671862882868,0.619230016477391,0.0552178811913028,TRUE,0.700000001604288
"6eeb99a793_t70","3pl_g20","skew_pos","parametric",10,0.7,1000,1000,0.69921295705028,0.0110055596472827,0.676888986933555,0.71970988393057,0.683409724658969,0.00968987932570952,0.612676678355429,0.0605915474921336,TRUE,0.700000001604288
"6eeb99a793_t70","3pl_g20","skew_pos","parametric",10,0.7,2000,1000,0.698880652597896,0.00787596594697143,0.68309318441968,0.713513855760652,0.683113535384175,0.00692515087144753,0.607648553860514,0.0602052544695332,TRUE,0.700000001604288
"6eeb99a793_t80","3pl_g20","skew_pos","parametric",10,0.8,100,1000,0.798012958048529,0.027563581762561,0.740845482119807,0.849992275263957,0.777935397621963,0.0238516538388665,0.692960327331544,0.148089601511819,TRUE,0.800000001376699
"6eeb99a793_t80","3pl_g20","skew_pos","parametric",10,0.8,250,1000,0.800422516030743,0.0175416305181309,0.765250458833367,0.83299886042926,0.780307967424157,0.0151931607506386,0.668635645689288,0.153161021544444,TRUE,0.800000001376699
"6eeb99a793_t80","3pl_g20","skew_pos","parametric",10,0.8,500,1000,0.801083050448106,0.0128110662194218,0.774612929304448,0.824588439204021,0.781066781706491,0.0110524036169175,0.645616893845006,0.166236926280303,TRUE,0.800000001376699
"6eeb99a793_t80","3pl_g20","skew_pos","parametric",10,0.8,1000,1000,0.801496414205591,0.00883043208229484,0.783570989494508,0.818573117969615,0.781477350764476,0.0075926104046835,0.600029661610759,0.178789383949108,TRUE,0.800000001376699
"6eeb99a793_t80","3pl_g20","skew_pos","parametric",10,0.8,2000,1000,0.80200901900722,0.00614127528418017,0.790033390628553,0.81315919154808,0.781964201682974,0.0053315798039054,0.552382056070053,0.191564166017159,TRUE,0.800000001376699
"6eeb99a793_t90","3pl_g20","skew_pos","parametric",10,0.9,100,1000,0.897080253351913,0.0147693417008047,0.865328849931185,0.925062990471087,0.83909325860034,0.00947479962248275,0.531138533672691,0.225810538846772,TRUE,0.900000003680402
"6eeb99a793_t90","3pl_g20","skew_pos","parametric",10,0.9,250,1000,0.898751157584776,0.00921377476859235,0.880450840441396,0.915649894828563,0.840622389510102,0.00603054890300948,0.435227298344031,0.214691732853134,TRUE,0.900000003680402
"6eeb99a793_t90","3pl_g20","skew_pos","parametric",10,0.9,500,1000,0.899630593118918,0.0063169564006754,0.886912946820572,0.912083799395589,0.841503083560728,0.00430281465241815,0.363735706422566,0.195519643837274,TRUE,0.900000003680402
"6eeb99a793_t90","3pl_g20","skew_pos","parametric",10,0.9,1000,1000,0.89961449233496,0.00460344727568495,0.89086395292881,0.908216625671121,0.841584374800645,0.00313621278056977,0.310977919294527,0.17157201333256,TRUE,0.900000003680402
"6eeb99a793_t90","3pl_g20","skew_pos","parametric",10,0.9,2000,1000,0.899730277497204,0.00318981219342949,0.893497491113009,0.905804052466,0.84167541919185,0.00217874061717104,0.245369497933892,0.152107304594296,TRUE,0.900000003680402
"6f8ac52639_t50","3pl_g20","skew_pos","irw",40,0.5,100,1000,0.4919176330258,0.0454106323656098,0.404314259263503,0.577916940174049,0.491197995168626,0.0451001091609258,0.490296733848261,0.0447743091468436,TRUE,0.50000000044527
"6f8ac52639_t50","3pl_g20","skew_pos","irw",40,0.5,250,1000,0.494148199233945,0.0291794760551246,0.436070062130799,0.549650463557572,0.49344155591486,0.0289879686805769,0.492522881794999,0.0287617117078244,TRUE,0.50000000044527
"6f8ac52639_t50","3pl_g20","skew_pos","irw",40,0.5,500,1000,0.495783935002582,0.019941566172781,0.456833520195397,0.535982629032754,0.495079883976465,0.0198080305431097,0.494157625723709,0.0196487864027308,TRUE,0.50000000044527
"6f8ac52639_t50","3pl_g20","skew_pos","irw",40,0.5,1000,1000,0.496375173628918,0.01368709464501,0.4683662567424,0.522297952306748,0.495672514047703,0.013598447710841,0.494753616464505,0.0134920927543719,TRUE,0.50000000044527
"6f8ac52639_t50","3pl_g20","skew_pos","irw",40,0.5,2000,1000,0.496641015098286,0.0101203715896617,0.47660872477114,0.516293132936481,0.495935522301756,0.0100541671279012,0.495006054271183,0.00997541635461535,TRUE,0.50000000044527
"6f8ac52639_t60","3pl_g20","skew_pos","irw",40,0.6,100,1000,0.599889710111391,0.0429115116764203,0.511862812486094,0.678618306914426,0.598449642167905,0.0423897036417071,0.597152695085115,0.0419450728262083,TRUE,0.600000000203213
"6f8ac52639_t60","3pl_g20","skew_pos","irw",40,0.6,250,1000,0.604547354204734,0.0264667285909002,0.552539746725211,0.654951796215619,0.603080735172645,0.0261201135316234,0.601693844409922,0.0257901194082715,TRUE,0.600000000203213
"6f8ac52639_t60","3pl_g20","skew_pos","irw",40,0.6,500,1000,0.604212603362339,0.0190788923050271,0.565044032236834,0.639483976731193,0.602751586573246,0.0188270156987175,0.601343693964987,0.0185776486592763,TRUE,0.600000000203213
"6f8ac52639_t60","3pl_g20","skew_pos","irw",40,0.6,1000,1000,0.60490172553486,0.013045269869191,0.579439020877479,0.629458723705226,0.603438719885683,0.0128699638002444,0.602008687764031,0.0126787061409245,TRUE,0.600000000203213
"6f8ac52639_t60","3pl_g20","skew_pos","irw",40,0.6,2000,1000,0.605364624750177,0.00939405103293965,0.587031749354187,0.623273893952771,0.603901381016737,0.00927120198923753,0.602484130449408,0.00914728410473061,TRUE,0.600000000203213
"6f8ac52639_t70","3pl_g20","skew_pos","irw",40,0.7,100,1000,0.692192307063025,0.0384314992954457,0.611403164786552,0.759422015163316,0.690258706420464,0.0376454911600483,0.68884078873659,0.0369913870676982,TRUE,0.700000001095477
"6f8ac52639_t70","3pl_g20","skew_pos","irw",40,0.7,250,1000,0.698111773579792,0.023699475134522,0.652420983301368,0.741931454872666,0.696097112415291,0.0231472882418025,0.69450156329604,0.022577647826538,TRUE,0.700000001095477
"6f8ac52639_t70","3pl_g20","skew_pos","irw",40,0.7,500,1000,0.69856274969268,0.0165579376243197,0.665825351573689,0.731196040463217,0.696569120547312,0.0161815084383034,0.694968504109345,0.0158021429237874,TRUE,0.700000001095477
"6f8ac52639_t70","3pl_g20","skew_pos","irw",40,0.7,1000,1000,0.698873491658761,0.0118678922898469,0.67576391030222,0.721276104402736,0.696880220656186,0.0115893957560045,0.695295921414681,0.0113047370592262,TRUE,0.700000001095477
"6f8ac52639_t70","3pl_g20","skew_pos","irw",40,0.7,2000,1000,0.6994994139077,0.00863138668628758,0.682217702505328,0.716432446654937,0.697496323597865,0.00842983482790678,0.695894239589879,0.00822691571506285,TRUE,0.700000001095477
"6f8ac52639_t80","3pl_g20","skew_pos","irw",40,0.8,100,1000,0.798886631470041,0.026881457668555,0.741581025478036,0.847597706009476,0.791270693572245,0.0253418707116226,0.786869273907423,0.0238266587982549,TRUE,0.800000002995991
"6f8ac52639_t80","3pl_g20","skew_pos","irw",40,0.8,250,1000,0.799813802729259,0.0167844928168684,0.76621949566432,0.831586382957266,0.792209599675426,0.0158139382346684,0.787667651987387,0.014837226691947,TRUE,0.800000002995991
"6f8ac52639_t80","3pl_g20","skew_pos","irw",40,0.8,500,1000,0.801695071756992,0.0125399036316629,0.775467030316721,0.824075416899163,0.794023764945183,0.0118238949917628,0.789323624600422,0.011035263821685,TRUE,0.800000002995991
"6f8ac52639_t80","3pl_g20","skew_pos","irw",40,0.8,1000,1000,0.802581857663822,0.00882164784940341,0.784451253065534,0.818776045976358,0.794862399910201,0.00829828498429707,0.789845842263413,0.00768155335449311,TRUE,0.800000002995991
"6f8ac52639_t80","3pl_g20","skew_pos","irw",40,0.8,2000,1000,0.80236701625915,0.0058914616691703,0.790559975764731,0.813904784083032,0.794656149279058,0.00552977795216973,0.789626015310899,0.00510894853763131,TRUE,0.800000002995991
"6f8ac52639_t90","3pl_g20","skew_pos","irw",40,0.9,100,1000,0.898014809131404,0.0158346509298445,0.863310952648378,0.924980015789888,0.887380732301918,0.0125743624512543,0.874524308624636,0.0274140837989544,TRUE,0.900000001278138
"6f8ac52639_t90","3pl_g20","skew_pos","irw",40,0.9,250,1000,0.900020003133329,0.00954844695523416,0.880436706405252,0.916956051766395,0.889315838847609,0.00740852319782667,0.875400378902519,0.0179024188553917,TRUE,0.900000001278138
"6f8ac52639_t90","3pl_g20","skew_pos","irw",40,0.9,500,1000,0.900903801558395,0.00672870432876235,0.886881390454082,0.913269190869698,0.890048750984966,0.00521596448296771,0.872646622198801,0.0222288200482601,TRUE,0.900000001278138
"6f8ac52639_t90","3pl_g20","skew_pos","irw",40,0.9,1000,1000,0.900846532446088,0.00466897340860669,0.891168951037299,0.909452590568792,0.890071016918086,0.00360955574998602,0.872212094470597,0.0213942702078264,TRUE,0.900000001278138
"6f8ac52639_t90","3pl_g20","skew_pos","irw",40,0.9,2000,1000,0.901306154350643,0.00326942515049246,0.894846213957715,0.907567488363512,0.890431212234957,0.00251116732795441,0.872008287355766,0.0162295818841705,TRUE,0.900000001278138
"6f8ac52639_t95","3pl_g20","skew_pos","irw",40,0.95,100,1000,0.948613873443837,0.00804894388706741,0.931609035766216,0.963146319445858,0.930882691810512,0.00417523961239662,0.870802556491296,0.102124649447021,TRUE,0.950000000282746
"6f8ac52639_t95","3pl_g20","skew_pos","irw",40,0.95,250,1000,0.949500246774668,0.00511695383850176,0.93883489011784,0.959008830300511,0.931525044049432,0.0024804608730449,0.854667128364686,0.104297142157466,TRUE,0.950000000282746
"6f8ac52639_t95","3pl_g20","skew_pos","irw",40,0.95,500,1000,0.949829971276124,0.00350055057756156,0.942522878773609,0.956411889537241,0.931874648911492,0.00168273751840699,0.844573901049115,0.103214516519508,TRUE,0.950000000282746
"6f8ac52639_t95","3pl_g20","skew_pos","irw",40,0.95,1000,1000,0.950000109589115,0.0023573778366636,0.945178298526284,0.954431847276555,0.931931459702462,0.00117698175258824,0.843041096428783,0.0850449568754269,TRUE,0.950000000282746
"6f8ac52639_t95","3pl_g20","skew_pos","irw",40,0.95,2000,1000,0.950113531612732,0.00177896418273121,0.946386715409075,0.953407748325092,0.931978735474569,0.000878601816410903,0.826813799060284,0.0969651925916551,TRUE,0.950000000282746
"6fa1916652_t50","3pl_g20","skew_pos","parametric",60,0.5,100,1000,0.495904775088682,0.0457472048624611,0.405018829107152,0.581516199645052,0.49554263549357,0.0456072136155166,0.495135813124243,0.0454955156031671,TRUE,0.500000000336864
"6fa1916652_t50","3pl_g20","skew_pos","parametric",60,0.5,250,1000,0.498668717278046,0.0283596623653095,0.442934073947831,0.554126311321753,0.498309849840891,0.0282673404120229,0.497897815949207,0.0281844759540603,TRUE,0.500000000336864
"6fa1916652_t50","3pl_g20","skew_pos","parametric",60,0.5,500,1000,0.500338459295727,0.0207724923377653,0.460326113569325,0.540862823334033,0.499974080811915,0.0207067687982897,0.499551371355367,0.0206501607779164,TRUE,0.500000000336864
"6fa1916652_t50","3pl_g20","skew_pos","parametric",60,0.5,1000,1000,0.500141904439745,0.0144188938549224,0.471585121458901,0.528636376668964,0.499780080331379,0.0143739457866725,0.499355681173599,0.0143315912760404,TRUE,0.500000000336864
"6fa1916652_t50","3pl_g20","skew_pos","parametric",60,0.5,2000,1000,0.500402074318631,0.0102111343334927,0.479187656265888,0.519234894904271,0.500041500460257,0.0101802774338197,0.49961945718542,0.0101535890474241,TRUE,0.500000000336864
"6fa1916652_t60","3pl_g20","skew_pos","parametric",60,0.6,100,1000,0.595026959207937,0.044079875101916,0.504511625157684,0.677017900914088,0.594247777181416,0.0438311173908301,0.593626018334745,0.0436885940228122,TRUE,0.600000002057357
"6fa1916652_t60","3pl_g20","skew_pos","parametric",60,0.6,250,1000,0.600532009549907,0.0278457979111137,0.544603425494702,0.655343447009607,0.599726939964613,0.0276702988557143,0.599062463001832,0.0275390373024291,TRUE,0.600000002057357
"6fa1916652_t60","3pl_g20","skew_pos","parametric",60,0.6,500,1000,0.601053439356614,0.0194076178981431,0.56338050166215,0.638964104752618,0.600251142309729,0.019280533246238,0.599577566839939,0.019179272394412,TRUE,0.600000002057357
"6fa1916652_t60","3pl_g20","skew_pos","parametric",60,0.6,1000,1000,0.601535300080893,0.0133630729226063,0.575036750063773,0.628018265254212,0.600736519410126,0.013277975112758,0.600064677873485,0.0132114984670964,TRUE,0.600000002057357
"6fa1916652_t60","3pl_g20","skew_pos","parametric",60,0.6,2000,1000,0.602061552405359,0.00997018733782881,0.582092794708034,0.622482256829956,0.601261140459863,0.00990663452637481,0.600588413311858,0.00985553346420194,TRUE,0.600000002057357
"6fa1916652_t70","3pl_g20","skew_pos","parametric",60,0.7,100,1000,0.697115100063027,0.0363941572010988,0.623782294234474,0.765743638536528,0.69549488871566,0.0359140773401917,0.694526507004012,0.0356476307467849,TRUE,0.700000003219862
"6fa1916652_t70","3pl_g20","skew_pos","parametric",60,0.7,250,1000,0.696657230405794,0.0243883030011362,0.648488699549665,0.742785538871621,0.695062025579192,0.0240636036990077,0.694069528313082,0.0238596601235326,TRUE,0.700000003219862
"6fa1916652_t70","3pl_g20","skew_pos","parametric",60,0.7,500,1000,0.698795829921603,0.0168616854062626,0.665411480062049,0.732461692524237,0.697189823931932,0.0166273937291407,0.696190611794189,0.016470662620067,TRUE,0.700000003219862
"6fa1916652_t70","3pl_g20","skew_pos","parametric",60,0.7,1000,1000,0.699612195268235,0.0120411493369401,0.675064197271624,0.722643106349864,0.697993366938175,0.0118727441328959,0.696970987661045,0.0117502016938032,TRUE,0.700000003219862
"6fa1916652_t70","3pl_g20","skew_pos","parametric",60,0.7,2000,1000,0.70002394479607,0.00830867240473318,0.683945009334513,0.71568975769841,0.698398068391895,0.00819129368955075,0.697368782452019,0.00810962641100153,TRUE,0.700000003219862
"6fa1916652_t80","3pl_g20","skew_pos","parametric",60,0.8,100,1000,0.793895953023958,0.029761799932148,0.731696913984122,0.847143271245977,0.791132030503744,0.0288000897664681,0.789730117238072,0.0281657009594031,TRUE,0.8000000031126
"6fa1916652_t80","3pl_g20","skew_pos","parametric",60,0.8,250,1000,0.794314883770615,0.0184066363093404,0.756356027621576,0.827656787050958,0.791628840824582,0.017821446625644,0.790210657720418,0.0173459630532046,TRUE,0.8000000031126
"6fa1916652_t80","3pl_g20","skew_pos","parametric",60,0.8,500,1000,0.795673239533157,0.0129199805824237,0.769245985603587,0.819058891663848,0.792951856029843,0.012505111564161,0.791513869578767,0.0121833497122038,TRUE,0.8000000031126
"6fa1916652_t80","3pl_g20","skew_pos","parametric",60,0.8,1000,1000,0.796232130042716,0.00907727530586723,0.778043005485426,0.813134949617605,0.793521911657426,0.00877453240673293,0.792083373276463,0.00854430128847553,TRUE,0.8000000031126
"6fa1916652_t80","3pl_g20","skew_pos","parametric",60,0.8,2000,1000,0.79645546941939,0.00645659882060634,0.783724691304815,0.808596858776328,0.793740686692604,0.00624331143804639,0.792276194716012,0.00605859131097873,TRUE,0.8000000031126
"6fa1916652_t90","3pl_g20","skew_pos","parametric",60,0.9,100,1000,0.897902096540997,0.0153274261792663,0.865642959467516,0.924901106140437,0.891657886640358,0.0135289819271462,0.888795972288963,0.0124725681580191,TRUE,0.900000000325925
"6fa1916652_t90","3pl_g20","skew_pos","parametric",60,0.9,250,1000,0.899322813870635,0.00945632709700365,0.879736989813339,0.916841981931368,0.893004951106624,0.00825672184999647,0.889830823788071,0.00752067420916331,TRUE,0.900000000325925
"6fa1916652_t90","3pl_g20","skew_pos","parametric",60,0.9,500,1000,0.900245603944337,0.00666137131038319,0.887403504296187,0.912892060935703,0.893850007361716,0.005791696381391,0.890423018624986,0.00543775302047666,TRUE,0.900000000325925
"6fa1916652_t90","3pl_g20","skew_pos","parametric",60,0.9,1000,1000,0.90081013382046,0.00469861056722771,0.8916617705717,0.90961493814056,0.894364026254414,0.00408046272416928,0.890716369559534,0.00538001987434634,TRUE,0.900000000325925
"6fa1916652_t90","3pl_g20","skew_pos","parametric",60,0.9,2000,1000,0.900602132160774,0.00355631163402049,0.893769902561613,0.907705797512649,0.894179222637771,0.00308494695042119,0.890630022557066,0.0028006990403449,TRUE,0.900000000325925
"6fa1916652_t95","3pl_g20","skew_pos","parametric",60,0.95,100,1000,0.947552974923972,0.00820395595436181,0.929338326941406,0.96198745068393,0.93651948568625,0.00520213070726329,0.920537715764981,0.0395969209557543,TRUE,0.950000000512801
"6fa1916652_t95","3pl_g20","skew_pos","parametric",60,0.95,250,1000,0.948960363712303,0.0051847538113494,0.937962274401089,0.958257725727216,0.937509453661055,0.00307999839146448,0.913203103295828,0.0591628169042709,TRUE,0.950000000512801
"6fa1916652_t95","3pl_g20","skew_pos","parametric",60,0.95,500,1000,0.949147822135318,0.00360379611623501,0.941666737654039,0.955597710734819,0.93769229896424,0.00207352305044232,0.911440195571978,0.0488144568445185,TRUE,0.950000000512801
"6fa1916652_t95","3pl_g20","skew_pos","parametric",60,0.95,1000,1000,0.949307622926754,0.00255810198806833,0.944123219523846,0.953659178299648,0.937920439780081,0.00149064813959669,0.908300442907729,0.0487060352844283,TRUE,0.950000000512801
"6fa1916652_t95","3pl_g20","skew_pos","parametric",60,0.95,2000,1000,0.94930788502867,0.00176556639586244,0.945639769969546,0.952676194718068,0.937906080302661,0.00103629459953566,0.90832499633268,0.0459629942109354,TRUE,0.950000000512801
"6fc75d8330_t50","2pl","heavy_tail","parametric",60,0.5,100,1000,0.489022138434163,0.0578479315792639,0.389220222560916,0.606003485234851,0.488739520164775,0.0575706155932211,0.488341492847325,0.0570877964687806,FALSE,0.500000004751134
"6fc75d8330_t50","2pl","heavy_tail","parametric",60,0.5,250,1000,0.493293279927343,0.0369469144587259,0.427172349460123,0.570939803371446,0.493032951728141,0.0367997035970289,0.492650847158717,0.0365206873335041,FALSE,0.500000004751134
"6fc75d8330_t50","2pl","heavy_tail","parametric",60,0.5,500,1000,0.494378178181796,0.0284338787949758,0.443911649409674,0.554651994276382,0.494120866460723,0.0283258413916513,0.493710369690292,0.0280200803217484,FALSE,0.500000004751134
"6fc75d8330_t50","2pl","heavy_tail","parametric",60,0.5,1000,1000,0.496006940673359,0.0206265001134603,0.458665862000927,0.535979096570221,0.495751746677976,0.020553441380885,0.495295986883245,0.0200717131885479,FALSE,0.500000004751134
"6fc75d8330_t50","2pl","heavy_tail","parametric",60,0.5,2000,1000,0.496814866269501,0.0144958486575979,0.470850646890225,0.524168586606554,0.496558965743056,0.0144419823264768,0.496125350930393,0.0142014233842979,FALSE,0.500000004751134
"6fc75d8330_t60","2pl","heavy_tail","parametric",60,0.6,100,1000,0.58436665784194,0.0550712463256215,0.479602053868731,0.693220727878054,0.583716104382604,0.0546217871721778,0.58297423283395,0.0536257517028402,FALSE,0.600000001682326
"6fc75d8330_t60","2pl","heavy_tail","parametric",60,0.6,250,1000,0.587765958565769,0.0359847598198463,0.520460762629522,0.663574769449993,0.587129715949702,0.0357199410583274,0.586413352487757,0.0352155842466238,FALSE,0.600000001682326
"6fc75d8330_t60","2pl","heavy_tail","parametric",60,0.6,500,1000,0.588861810465323,0.0258075683234627,0.54213324627339,0.641888843261752,0.588230064645607,0.0256240116959811,0.58750942784865,0.0252791412802227,FALSE,0.600000001682326
"6fc75d8330_t60","2pl","heavy_tail","parametric",60,0.6,1000,1000,0.591432481306984,0.0186235449206571,0.558217671637335,0.629730157855383,0.590794281364674,0.0184954672957945,0.589984292721242,0.0178866077866785,FALSE,0.600000001682326
"6fc75d8330_t60","2pl","heavy_tail","parametric",60,0.6,2000,1000,0.591172262686199,0.0133511210505394,0.565661014166414,0.617606279270973,0.590537599506244,0.0132590345425829,0.589747017957747,0.0128676269547512,FALSE,0.600000001682326
"6fc75d8330_t70","2pl","heavy_tail","parametric",60,0.7,100,1000,0.687357843677042,0.0470134418868728,0.595893763137565,0.78445659957403,0.68629237775353,0.0463843868286926,0.685443099072864,0.0456138731943716,FALSE,0.700000003239422
"6fc75d8330_t70","2pl","heavy_tail","parametric",60,0.7,250,1000,0.691375609267461,0.0314050190660776,0.63369371013191,0.753216903228768,0.690306449076812,0.0309807210500087,0.689227459045,0.029805239263882,FALSE,0.700000003239422
"6fc75d8330_t70","2pl","heavy_tail","parametric",60,0.7,500,1000,0.692336513242854,0.0236461507413458,0.647960577207753,0.740907601168587,0.691273974894082,0.0233438293468361,0.690168903589686,0.0223538502182906,FALSE,0.700000003239422
"6fc75d8330_t70","2pl","heavy_tail","parametric",60,0.7,1000,1000,0.69328208931403,0.0159911334155986,0.663719645907063,0.724586462453352,0.692218982686077,0.0157901684570697,0.691082376528935,0.0150159643428093,FALSE,0.700000003239422
"6fc75d8330_t70","2pl","heavy_tail","parametric",60,0.7,2000,1000,0.694045477256254,0.0121981581528445,0.671165410489746,0.719844411550269,0.69297894638994,0.0120414333866526,0.691832995699164,0.011538876926127,FALSE,0.700000003239422
"6fc75d8330_t80","2pl","heavy_tail","parametric",60,0.8,100,1000,0.794205125414071,0.0359986608257096,0.724056025980474,0.863973321350485,0.792046240103601,0.0349156798774913,0.790453362235933,0.033639550686792,FALSE,0.800000002492741
"6fc75d8330_t80","2pl","heavy_tail","parametric",60,0.8,250,1000,0.794971096452578,0.0229640764155654,0.750154389713957,0.842440842056492,0.792848723585765,0.02224172883315,0.791005750317504,0.0206622908290951,FALSE,0.800000002492741
"6fc75d8330_t80","2pl","heavy_tail","parametric",60,0.8,500,1000,0.797707322319404,0.016996321711893,0.766550169526392,0.831510865392308,0.795540280363539,0.0164920237731285,0.792724067857609,0.0211795666416888,FALSE,0.800000002492741
"6fc75d8330_t80","2pl","heavy_tail","parametric",60,0.8,1000,1000,0.797810987097064,0.0129670307346994,0.774851694426575,0.825329132074617,0.795660389140436,0.0126016762359198,0.792142309978728,0.0228715390217116,FALSE,0.800000002492741
"6fc75d8330_t80","2pl","heavy_tail","parametric",60,0.8,2000,1000,0.798319773693383,0.0088047569044608,0.782023291790686,0.816374528167039,0.796168922430074,0.00854747093482551,0.793240052627579,0.0110884896298168,FALSE,0.800000002492741
"6fc75d8330_t90","2pl","heavy_tail","parametric",60,0.9,100,1000,0.892624212101452,0.021123087883473,0.849396549020247,0.933599158834086,0.888008090930404,0.0192591891246621,0.882967238489888,0.0274211693964253,FALSE,0.900000001959457
"6fc75d8330_t90","2pl","heavy_tail","parametric",60,0.9,250,1000,0.896340138989734,0.0135061461015357,0.869817515923151,0.922277328553112,0.891514075015076,0.012272583896643,0.885142082439975,0.0215332629350658,FALSE,0.900000001959457
"6fc75d8330_t90","2pl","heavy_tail","parametric",60,0.9,500,1000,0.896631967455664,0.00989811576392688,0.877185182252087,0.918016390299849,0.891923125485325,0.00908170964948223,0.88429813652775,0.0256347799366888,FALSE,0.900000001959457
"6fc75d8330_t90","2pl","heavy_tail","parametric",60,0.9,1000,1000,0.897056080869398,0.0069040570169213,0.883952169819198,0.911741980772105,0.892335868158925,0.00631599648711445,0.884536848960871,0.0197546649571706,FALSE,0.900000001959457
"6fc75d8330_t90","2pl","heavy_tail","parametric",60,0.9,2000,1000,0.897679124171646,0.00517863968532689,0.887916549651443,0.907596663362732,0.892911392430263,0.00481595923175168,0.88104611864594,0.0443519662104727,FALSE,0.900000001959457
"6fc75d8330_t95","2pl","heavy_tail","parametric",60,0.95,100,1000,0.949163575574205,0.00991111598894831,0.929191324078895,0.968846772976226,0.940393486160105,0.00701525987242289,0.920936596064732,0.0738262336019374,FALSE,0.950000000396896
"6fc75d8330_t95","2pl","heavy_tail","parametric",60,0.95,250,1000,0.950383734375273,0.00652030533916904,0.936864206539411,0.963056108674454,0.941501459357741,0.00473579257206295,0.910593354369789,0.0973351542182455,FALSE,0.950000000396896
"6fc75d8330_t95","2pl","heavy_tail","parametric",60,0.95,500,1000,0.950764180770389,0.00489860352334242,0.941688028470977,0.960249599494137,0.941992941820911,0.00378765136175566,0.898612548235977,0.121006843273613,FALSE,0.950000000396896
"6fc75d8330_t95","2pl","heavy_tail","parametric",60,0.95,1000,1000,0.951230548754672,0.00365816717097381,0.944119745719963,0.957997987295108,0.942270319860004,0.00272462451267706,0.889609521698674,0.127437398617102,FALSE,0.950000000396896
"6fc75d8330_t95","2pl","heavy_tail","parametric",60,0.95,2000,1000,0.951263706621851,0.00274009629302814,0.946234398246252,0.956465951005187,0.942390443488908,0.00220360564970537,0.869284996879792,0.162043209122722,FALSE,0.950000000396896
"705e3d6cec_t50","3pl_g20","bimodal","parametric",60,0.5,100,1000,0.499273507852225,0.026260920587351,0.446574820979356,0.549568160606661,0.498855748488203,0.0261795194553567,0.498393943063266,0.0261329987678335,TRUE,0.500000000352125
"705e3d6cec_t50","3pl_g20","bimodal","parametric",60,0.5,250,1000,0.501481986543949,0.0172081987556369,0.46830933427342,0.535648013511231,0.501062703280624,0.0171530409303684,0.500597990898923,0.0171212183211585,TRUE,0.500000000352125
"705e3d6cec_t50","3pl_g20","bimodal","parametric",60,0.5,500,1000,0.50131086828318,0.0116360782931159,0.478450548314071,0.522673930442743,0.500889924779124,0.0116010217034993,0.500421104783315,0.0115824027550393,TRUE,0.500000000352125
"705e3d6cec_t50","3pl_g20","bimodal","parametric",60,0.5,1000,1000,0.501550360049987,0.00810284110092646,0.485617013585245,0.516265185821019,0.501129284170778,0.00807678765998626,0.500660217686354,0.00806166467085269,TRUE,0.500000000352125
"705e3d6cec_t50","3pl_g20","bimodal","parametric",60,0.5,2000,1000,0.501586410094182,0.00591698568882034,0.489840857085543,0.512664501904299,0.501164971484181,0.0058984563998589,0.500694714252809,0.00588803816384815,TRUE,0.500000000352125
"705e3d6cec_t60","3pl_g20","bimodal","parametric",60,0.6,100,1000,0.599049099975918,0.0247756464240842,0.548826602585233,0.647170094977153,0.598146884183501,0.0246220592499218,0.597450701728855,0.0245685166276963,TRUE,0.600000001205688
"705e3d6cec_t60","3pl_g20","bimodal","parametric",60,0.6,250,1000,0.599137194820976,0.0153816474624086,0.568097923682604,0.630579489117566,0.598247784154228,0.0152806629958312,0.597556284167942,0.0152422639186445,TRUE,0.600000001205688
"705e3d6cec_t60","3pl_g20","bimodal","parametric",60,0.6,500,1000,0.598871909418329,0.0104387540114104,0.578723035786635,0.619045418195238,0.59798256760571,0.0103726688689016,0.597286722493001,0.0103491601220078,TRUE,0.600000001205688
"705e3d6cec_t60","3pl_g20","bimodal","parametric",60,0.6,1000,1000,0.599887961955558,0.00803555882086682,0.584712080097248,0.615127127705129,0.598991025727209,0.00798224494588195,0.598291061339409,0.00796248252300508,TRUE,0.600000001205688
"705e3d6cec_t60","3pl_g20","bimodal","parametric",60,0.6,2000,1000,0.599577342518412,0.00543586648628118,0.589089913949109,0.610173035367405,0.598681934868308,0.00539924950130194,0.597981730478784,0.00538494340900778,TRUE,0.600000001205688
"705e3d6cec_t70","3pl_g20","bimodal","parametric",60,0.7,100,1000,0.699055243234708,0.0212588191428918,0.653559372200728,0.73626993024977,0.697938921335244,0.0210830863453017,0.697367565088489,0.0210421584076442,TRUE,0.700000002079069
"705e3d6cec_t70","3pl_g20","bimodal","parametric",60,0.7,250,1000,0.699037186319738,0.0132828714525196,0.671230299554143,0.723863832242996,0.697925004895419,0.0131742406837386,0.697349015488017,0.0131496464512695,TRUE,0.700000002079069
"705e3d6cec_t70","3pl_g20","bimodal","parametric",60,0.7,500,1000,0.699046879376885,0.00936995534484465,0.68105409088844,0.717792884678007,0.69793511848584,0.00928743409522058,0.697357540799847,0.00926701258141424,TRUE,0.700000002079069
"705e3d6cec_t70","3pl_g20","bimodal","parametric",60,0.7,1000,1000,0.699727387924017,0.00667036861761809,0.685277196693819,0.712371543423293,0.698606510703117,0.0066190099456242,0.6980244055305,0.00660901385854738,TRUE,0.700000002079069
"705e3d6cec_t70","3pl_g20","bimodal","parametric",60,0.7,2000,1000,0.699891680143112,0.00480253163837489,0.690104403964083,0.708802162688267,0.698770649014635,0.00476318886425363,0.69818872198391,0.00475486621139364,TRUE,0.700000002079069
"705e3d6cec_t80","3pl_g20","bimodal","parametric",60,0.8,100,1000,0.799295480533885,0.015629124014263,0.76602845155507,0.827264443961975,0.796546501442103,0.0152754540190755,0.795577425816103,0.0152219958480823,TRUE,0.800000002129352
"705e3d6cec_t80","3pl_g20","bimodal","parametric",60,0.8,250,1000,0.800261580403735,0.009612969797461,0.779130004441095,0.817153576099555,0.797501111303636,0.00938324583998872,0.79652254864862,0.0093489738843116,TRUE,0.800000002129352
"705e3d6cec_t80","3pl_g20","bimodal","parametric",60,0.8,500,1000,0.800453275104135,0.00696967559366325,0.785739711862675,0.813103357511451,0.797664296446131,0.00679093825588845,0.796669752999712,0.00675873017179672,TRUE,0.800000002129352
"705e3d6cec_t80","3pl_g20","bimodal","parametric",60,0.8,1000,1000,0.800531486964414,0.00482425585073878,0.790462767776071,0.8097087838966,0.797754780477901,0.00470903272621696,0.796763560008115,0.00469017510342702,TRUE,0.800000002129352
"705e3d6cec_t80","3pl_g20","bimodal","parametric",60,0.8,2000,1000,0.800428832720687,0.00345729845418359,0.793540394891697,0.807468713582631,0.79764663291004,0.00337366068409961,0.796653112455557,0.00336076459344684,TRUE,0.800000002129352
"705e3d6cec_t90","3pl_g20","bimodal","parametric",60,0.9,100,1000,0.899283095363667,0.00795166612269382,0.88288957209696,0.913397469351148,0.891557545373748,0.00734522600140979,0.889706463788166,0.00742682029036995,TRUE,0.900000000585655
"705e3d6cec_t90","3pl_g20","bimodal","parametric",60,0.9,250,1000,0.899148882162654,0.00520198704666916,0.887964327000453,0.908336237936257,0.891321870890895,0.00469323166491426,0.889407471499027,0.00466729231897399,TRUE,0.900000000585655
"705e3d6cec_t90","3pl_g20","bimodal","parametric",60,0.9,500,1000,0.899625902859808,0.00349317976997639,0.892357566941753,0.906321200143334,0.891758472882251,0.00316959099226941,0.889848539279599,0.00319302146809775,TRUE,0.900000000585655
"705e3d6cec_t90","3pl_g20","bimodal","parametric",60,0.9,1000,1000,0.899608674135059,0.00245512235360471,0.894759857240035,0.904436548940755,0.891755893797139,0.00222541238851425,0.889855696281562,0.0022349619897764,TRUE,0.900000000585655
"705e3d6cec_t90","3pl_g20","bimodal","parametric",60,0.9,2000,1000,0.899665808961983,0.00168952985340061,0.896230425745285,0.902726862811416,0.891807493579089,0.00154083813969904,0.889904289219278,0.00155221000195327,TRUE,0.900000000585655
"705e3d6cec_t95","3pl_g20","bimodal","parametric",60,0.95,100,1000,0.949623004326998,0.00381912861487949,0.940783026077274,0.956442047096313,0.940672169080357,0.00345645565627859,0.937419908372295,0.00812203926117968,TRUE,0.950000000686461
"705e3d6cec_t95","3pl_g20","bimodal","parametric",60,0.95,250,1000,0.949982890442752,0.00240770438501533,0.944855054401598,0.954636935614132,0.941040497015405,0.00214081318168348,0.93769219113518,0.005756501019414,TRUE,0.950000000686461
"705e3d6cec_t95","3pl_g20","bimodal","parametric",60,0.95,500,1000,0.950086661281866,0.00170573516039641,0.946627201096081,0.95326356705849,0.941109316913887,0.00150618869899063,0.937517110959723,0.00445950021830533,TRUE,0.950000000686461
"705e3d6cec_t95","3pl_g20","bimodal","parametric",60,0.95,1000,1000,0.950132269546807,0.00118580331188349,0.947671196595237,0.952369782209751,0.941139150889692,0.00109871366458508,0.937454371335096,0.00352803552965357,TRUE,0.950000000686461
"705e3d6cec_t95","3pl_g20","bimodal","parametric",60,0.95,2000,1000,0.950131398368719,0.000855809384530277,0.948423887718274,0.951865804757617,0.941162041753248,0.000745069142186352,0.9376052912295,0.00228569967053245,TRUE,0.950000000686461
"706cd16630_t50","rasch","bimodal","irw",20,0.5,100,1000,0.499411913245914,0.0262904253947681,0.44779061658321,0.548059731309867,0.49915744809336,0.0262401538626774,0.498885830912147,0.0262136298848448,TRUE,0.500000000103138
"706cd16630_t50","rasch","bimodal","irw",20,0.5,250,1000,0.502753705595139,0.0167361211945351,0.467870964237853,0.534184901625493,0.502492876460991,0.0167010135775843,0.502215326732312,0.0166808542896465,TRUE,0.500000000103138
"706cd16630_t50","rasch","bimodal","irw",20,0.5,500,1000,0.502281632178669,0.0112321026903797,0.479808398810189,0.525089079078862,0.50202229004161,0.0112091370608663,0.501744764900998,0.0111964308858828,TRUE,0.500000000103138
"706cd16630_t50","rasch","bimodal","irw",20,0.5,1000,1000,0.502721455489953,0.00869141466694854,0.485135752321819,0.519432455870642,0.502462442009909,0.00867307019418325,0.502185709499633,0.00866259774920569,TRUE,0.500000000103138
"706cd16630_t50","rasch","bimodal","irw",20,0.5,2000,1000,0.502468852120857,0.00601887372967751,0.491003770534877,0.514195460816983,0.502209006844265,0.00600654305626554,0.501930536503078,0.00599960938086567,TRUE,0.500000000103138
"706cd16630_t60","rasch","bimodal","irw",20,0.6,100,1000,0.594015150075904,0.0247915460723999,0.541011534879967,0.639205208875164,0.593300513867036,0.0246489914444237,0.592752924063606,0.0245885496049774,TRUE,0.600000002271856
"706cd16630_t60","rasch","bimodal","irw",20,0.6,250,1000,0.596506650633263,0.015824391778833,0.56443578606206,0.6248917413593,0.595787372946638,0.0157348782124383,0.595236019864883,0.0156990995412703,TRUE,0.600000002271856
"706cd16630_t60","rasch","bimodal","irw",20,0.6,500,1000,0.596477218632843,0.0109939421875736,0.574284775546751,0.616657689174276,0.595756674738844,0.0109293003336093,0.595202190895562,0.0109024088485047,TRUE,0.600000002271856
"706cd16630_t60","rasch","bimodal","irw",20,0.6,1000,1000,0.59714685696596,0.00766019539419316,0.582468539883886,0.612440188370682,0.596422313229406,0.00761458333716824,0.59586449917383,0.00759576621329792,TRUE,0.600000002271856
"706cd16630_t60","rasch","bimodal","irw",20,0.6,2000,1000,0.597162836675959,0.00561136336777937,0.586026358189681,0.607919363658921,0.596438160493793,0.00557895064686759,0.595880017377543,0.00556605196015423,TRUE,0.600000002271856
"706cd16630_t70","rasch","bimodal","irw",20,0.7,100,1000,0.696873711524486,0.0210826447059611,0.655118069431297,0.734816825134439,0.694997511751286,0.020778345406182,0.694003942440102,0.0207043218385356,TRUE,0.700000003099544
"706cd16630_t70","rasch","bimodal","irw",20,0.7,250,1000,0.696859129539052,0.013123001245053,0.669054051150663,0.721698908880892,0.694992418202468,0.0129345110051408,0.693993894685318,0.0128888602765023,TRUE,0.700000003099544
"706cd16630_t70","rasch","bimodal","irw",20,0.7,500,1000,0.698271994878149,0.00928367530991593,0.679218263675187,0.715185822367198,0.696377141427483,0.0091491961963158,0.695363412841559,0.00911528244089911,TRUE,0.700000003099544
"706cd16630_t70","rasch","bimodal","irw",20,0.7,1000,1000,0.698605233992039,0.00632265816782192,0.686552631810164,0.710459888676538,0.696704330962083,0.00622681765128483,0.695687085096663,0.00620316176634301,TRUE,0.700000003099544
"706cd16630_t70","rasch","bimodal","irw",20,0.7,2000,1000,0.698394304484531,0.00466276136526717,0.689610607099295,0.707675320332159,0.696501548909195,0.00459333309763683,0.695488134852129,0.00457630419451372,TRUE,0.700000003099544
"706cd16630_t80","rasch","bimodal","irw",20,0.8,100,1000,0.79527153117562,0.0194864135819377,0.754491160607234,0.830148500581734,0.780268518204203,0.0188222847509252,0.775529180719669,0.0189823594740905,TRUE,0.800000000011157
"706cd16630_t80","rasch","bimodal","irw",20,0.8,250,1000,0.796030546484278,0.0121550766139446,0.771275117710426,0.81908744604166,0.780934279195913,0.0117502056321976,0.776148036517028,0.0118370351173277,TRUE,0.800000000011157
"706cd16630_t80","rasch","bimodal","irw",20,0.8,500,1000,0.796086401865065,0.00830401669627024,0.778762238367436,0.812475756434657,0.780952695210001,0.00802850745504651,0.776165741004362,0.00809409921665596,TRUE,0.800000000011157
"706cd16630_t80","rasch","bimodal","irw",20,0.8,1000,1000,0.796182877815698,0.00594202070416743,0.784687314964849,0.807987103061002,0.781032612856457,0.00574326009618058,0.776245955153139,0.00579101336435626,TRUE,0.800000000011157
"706cd16630_t80","rasch","bimodal","irw",20,0.8,2000,1000,0.796649995150511,0.00411868536146663,0.788022585665532,0.804563925140993,0.781468176723648,0.00398234031174535,0.776677921082566,0.00401474636279204,TRUE,0.800000000011157
"706cd16630_t90","rasch","bimodal","irw",20,0.9,100,1000,0.898818933903063,0.00880895299777971,0.879904197738654,0.914034269996802,0.890013936044759,0.0087638486620204,0.888541101745425,0.0088752878657012,TRUE,0.900000001064105
"706cd16630_t90","rasch","bimodal","irw",20,0.9,250,1000,0.899222732302574,0.00561606896716071,0.88776649227444,0.909799181222183,0.890383483878111,0.00555119466694225,0.888911559393483,0.00560955131681677,TRUE,0.900000001064105
"706cd16630_t90","rasch","bimodal","irw",20,0.9,500,1000,0.899320237522247,0.00403596942093761,0.891194863993943,0.907061784261695,0.890465483842317,0.00402510442337349,0.888995308469087,0.00407193832611492,TRUE,0.900000001064105
"706cd16630_t90","rasch","bimodal","irw",20,0.9,1000,1000,0.899564691941328,0.00280916686366002,0.894205737238571,0.904855878415605,0.890715100170684,0.00278140926564279,0.88924481983299,0.002813282139096,TRUE,0.900000001064105
"706cd16630_t90","rasch","bimodal","irw",20,0.9,2000,1000,0.899606464745126,0.00196895251310951,0.895711945544921,0.903438794464464,0.89075937524305,0.0019539919395637,0.889288584587805,0.00197603334770063,TRUE,0.900000001064105
"706cd16630_t95","rasch","bimodal","irw",20,0.95,100,1000,0.949209653118062,0.00334195038152123,0.942351700423855,0.955520090049899,0.879062694711715,0.00672444170210938,0.81130931280632,0.0521569421203281,TRUE,0.950000000475843
"706cd16630_t95","rasch","bimodal","irw",20,0.95,250,1000,0.949734268253874,0.00204872423338764,0.94575656387861,0.953705187564167,0.878815922487713,0.00422795451440315,0.80502729675093,0.0387008898623503,TRUE,0.950000000475843
"706cd16630_t95","rasch","bimodal","irw",20,0.95,500,1000,0.949817880846061,0.00144548411185613,0.947031639563351,0.95252345601919,0.878894711406974,0.00287448621653294,0.803150607680363,0.0292944253833547,TRUE,0.950000000475843
"706cd16630_t95","rasch","bimodal","irw",20,0.95,1000,1000,0.949765177793302,0.000976163858343853,0.947855604132054,0.951667451384183,0.87914229133349,0.00193981226870613,0.804284780192466,0.0230553812435793,TRUE,0.950000000475843
"706cd16630_t95","rasch","bimodal","irw",20,0.95,2000,1000,0.949868199286202,0.000720653546179286,0.948398291950156,0.951179787475839,0.87894688921641,0.00142299537510718,0.802209401121507,0.0181430624718975,TRUE,0.950000000475843
"7107b4b0bc_t50","3pl_g20","heavy_tail","irw",10,0.5,100,1000,0.491349014737849,0.053480312201828,0.391471350209951,0.595113770653914,0.480234412174528,0.0495427173306287,0.425322079186236,0.0482987459558832,FALSE,0.500000000581106
"7107b4b0bc_t50","3pl_g20","heavy_tail","irw",10,0.5,250,1000,0.49719799199289,0.0373076849201465,0.433034300395647,0.576594266449593,0.486043531436105,0.0348531235353669,0.419219804454099,0.055800997927526,FALSE,0.500000000581106
"7107b4b0bc_t50","3pl_g20","heavy_tail","irw",10,0.5,500,1000,0.497981967792027,0.0262589334284667,0.452753176636259,0.559018813312433,0.486864824468957,0.0244064104284664,0.415552171050258,0.0583323084524682,FALSE,0.500000000581106
"7107b4b0bc_t50","3pl_g20","heavy_tail","irw",10,0.5,1000,1000,0.499861049634464,0.0204563539103286,0.466657759026514,0.540661724716686,0.488663053780892,0.019139531895615,0.403216184225515,0.0700295364667368,FALSE,0.500000000581106
"7107b4b0bc_t50","3pl_g20","heavy_tail","irw",10,0.5,2000,1000,0.499972011781837,0.0144289728034196,0.474030612047814,0.530401121789497,0.488819435480639,0.0135347914266845,0.39734284482995,0.0742306265513129,FALSE,0.500000000581106
"7107b4b0bc_t60","3pl_g20","heavy_tail","irw",10,0.6,100,1000,0.590195020943363,0.049298695938416,0.500865196001513,0.68776785897088,0.540014565452031,0.0436734391353028,0.468556581145239,0.0468667024576235,FALSE,0.600000001447765
"7107b4b0bc_t60","3pl_g20","heavy_tail","irw",10,0.6,250,1000,0.595415976494864,0.0336071095091608,0.532752986301213,0.665728299659433,0.544400403438572,0.0296520531553588,0.46612316534047,0.0534357973563144,FALSE,0.600000001447765
"7107b4b0bc_t60","3pl_g20","heavy_tail","irw",10,0.6,500,1000,0.598671929148112,0.0260232763970388,0.552074215006304,0.654889349594448,0.547168270596596,0.0231102589342265,0.463365722906701,0.0629884257160607,FALSE,0.600000001447765
"7107b4b0bc_t60","3pl_g20","heavy_tail","irw",10,0.6,1000,1000,0.60054680329578,0.019709948298902,0.566574637190773,0.640998838795115,0.548885416615172,0.0177243535372772,0.456489001251458,0.0807014376895517,FALSE,0.600000001447765
"7107b4b0bc_t60","3pl_g20","heavy_tail","irw",10,0.6,2000,1000,0.599973238441263,0.013065178158467,0.575517463672701,0.627782368738246,0.548298363514818,0.0116125758889569,0.451147210223509,0.0883340243021205,FALSE,0.600000001447765
"7107b4b0bc_t70","3pl_g20","heavy_tail","irw",10,0.7,100,1000,0.690375595791305,0.0461048404937158,0.603967548801438,0.786292947898094,0.675422272250911,0.0414452891419422,0.601424230656685,0.129920453632208,FALSE,0.700000000735286
"7107b4b0bc_t70","3pl_g20","heavy_tail","irw",10,0.7,250,1000,0.695049380235746,0.0304629909864658,0.637841102216289,0.760517556322509,0.679970468239407,0.0277433760373932,0.560309573862496,0.179439816451645,FALSE,0.700000000735286
"7107b4b0bc_t70","3pl_g20","heavy_tail","irw",10,0.7,500,1000,0.698118918746164,0.0234391277553473,0.656629552099026,0.748698876426232,0.682918590441775,0.0213552433445492,0.522897475818009,0.20385301519419,FALSE,0.700000000735286
"7107b4b0bc_t70","3pl_g20","heavy_tail","irw",10,0.7,1000,1000,0.697762895952757,0.0160152604116812,0.669378666961328,0.730673983627721,0.682620945170311,0.014616810315994,0.47082630908127,0.229847421080843,FALSE,0.700000000735286
"7107b4b0bc_t70","3pl_g20","heavy_tail","irw",10,0.7,2000,1000,0.698450021592832,0.0125138804746289,0.677072760383626,0.724487020022732,0.683257367197847,0.0115682071912229,0.389556337193788,0.255432558063452,FALSE,0.700000000735286
"7107b4b0bc_t80","3pl_g20","heavy_tail","irw",10,0.8,100,1000,0.796799057115438,0.0309532650251284,0.738680630214797,0.856505498876216,0.741052501451281,0.0235227028525598,0.316830842125661,0.232082644574944,FALSE,0.800000001758951
"7107b4b0bc_t80","3pl_g20","heavy_tail","irw",10,0.8,250,1000,0.80022559548158,0.0220539947887885,0.761951944201335,0.846769094513048,0.744894955964247,0.0182073274311832,0.180939683783538,0.185193922038844,FALSE,0.800000001758951
"7107b4b0bc_t80","3pl_g20","heavy_tail","irw",10,0.8,500,1000,0.801800791665694,0.0164999166312246,0.770320754273032,0.834787720578089,0.746298243638392,0.0133992738942717,0.0997307271076925,0.131917170235464,FALSE,0.800000001758951
"7107b4b0bc_t80","3pl_g20","heavy_tail","irw",10,0.8,1000,1000,0.802800500010565,0.0126555569736946,0.78126652960591,0.828531707806595,0.747308306529029,0.0106259539352052,0.049799054296579,0.0775180784999411,FALSE,0.800000001758951
"7107b4b0bc_t80","3pl_g20","heavy_tail","irw",10,0.8,2000,1000,0.802626692052632,0.00862827178104157,0.787665799476981,0.819094712421029,0.747233315591973,0.00726672647912654,0.0213220448083925,0.0392886711861192,FALSE,0.800000001758951
"7107b4b0bc_t90","3pl_g20","heavy_tail","irw",10,0.9,100,1000,0.89206731645032,0.0242957218756564,0.840007346643128,0.936195689965929,0.627831565969505,0.0402767667070485,0.0691756880164604,0.0669649937740269,FALSE,0.90000000058461
"7107b4b0bc_t90","3pl_g20","heavy_tail","irw",10,0.9,250,1000,0.895933302903687,0.0161498047315094,0.864448778596954,0.926194041734074,0.62938456178873,0.0265657145438754,0.0236986039602436,0.0445096343618476,FALSE,0.90000000058461
"7107b4b0bc_t90","3pl_g20","heavy_tail","irw",10,0.9,500,1000,0.897217001002367,0.0114517896734784,0.874148824260801,0.919850485186054,0.630892575662999,0.0190472169756863,0.00516417150920133,0.0197316335670077,FALSE,0.90000000058461
"7107b4b0bc_t90","3pl_g20","heavy_tail","irw",10,0.9,1000,1000,0.897576555167615,0.00801429001036143,0.881912424008158,0.913673335835305,0.631091672281732,0.0137587376029266,0.000361826586567347,0.00445189114012205,FALSE,0.90000000058461
"7107b4b0bc_t90","3pl_g20","heavy_tail","irw",10,0.9,2000,1000,0.897934959749343,0.00604738418291235,0.886431636876763,0.910398270254624,0.630958548562521,0.00964507937908148,4.34301049985192e-06,6.75744365668092e-05,FALSE,0.90000000058461
"71c9b8c65b_t50","3pl_beta","heavy_tail","parametric",60,0.5,100,1000,0.494257360923921,0.0553629374373566,0.392170296536914,0.607698236592204,0.493242931607665,0.054699470592647,0.490723858526186,0.0522467575470827,FALSE,0.500000000134105
"71c9b8c65b_t50","3pl_beta","heavy_tail","parametric",60,0.5,250,1000,0.495111218327228,0.0366079777689692,0.428676001702423,0.57382198934175,0.494145850471485,0.0362157507063235,0.491565511517654,0.0350911634856289,FALSE,0.500000000134105
"71c9b8c65b_t50","3pl_beta","heavy_tail","parametric",60,0.5,500,1000,0.500568832372934,0.029528638335609,0.452170214807135,0.564500873784147,0.499563879753309,0.0292245338041501,0.495953262966552,0.0281757842119816,FALSE,0.500000000134105
"71c9b8c65b_t50","3pl_beta","heavy_tail","parametric",60,0.5,1000,1000,0.50110698404028,0.0209834340479361,0.466636321055203,0.542012709510085,0.500109418710237,0.0207838775984918,0.49654888609208,0.0249025949801623,FALSE,0.500000000134105
"71c9b8c65b_t50","3pl_beta","heavy_tail","parametric",60,0.5,2000,1000,0.500296857661071,0.0145601158518265,0.473112080363605,0.53021310936618,0.499321410791585,0.0144214521522677,0.495866628772481,0.0150769134193103,FALSE,0.500000000134105
"71c9b8c65b_t60","3pl_beta","heavy_tail","parametric",60,0.6,100,1000,0.593930451062369,0.0548964298933754,0.491603202909987,0.70868294658848,0.592141663638634,0.0538262346594159,0.587994119076747,0.0523706600481311,FALSE,0.600000000924666
"71c9b8c65b_t60","3pl_beta","heavy_tail","parametric",60,0.6,250,1000,0.598272097041467,0.0356347224497006,0.532362477509986,0.669150733244863,0.596493005878514,0.0349790734027324,0.592328125501254,0.0366151936796052,FALSE,0.600000000924666
"71c9b8c65b_t60","3pl_beta","heavy_tail","parametric",60,0.6,500,1000,0.597753362276713,0.025822477626476,0.54837315085768,0.647964349505347,0.596019099926212,0.0253774631830529,0.592533493730317,0.0235732386541494,FALSE,0.600000000924666
"71c9b8c65b_t60","3pl_beta","heavy_tail","parametric",60,0.6,1000,1000,0.601310110244194,0.0196703939954007,0.567718586978871,0.641960589681874,0.59955064898416,0.0193415921291756,0.59300232716516,0.0318726896186368,FALSE,0.600000000924666
"71c9b8c65b_t60","3pl_beta","heavy_tail","parametric",60,0.6,2000,1000,0.601212998011409,0.0140480109369506,0.576061123484056,0.630011884482047,0.599463401039374,0.0138367796345509,0.59178444527066,0.0346115689146508,FALSE,0.600000000924666
"71c9b8c65b_t70","3pl_beta","heavy_tail","parametric",60,0.7,100,1000,0.69417635536142,0.0444687595267656,0.606666664934516,0.777706757215223,0.690743966476472,0.0429153308980575,0.684515999841654,0.0438059120080043,FALSE,0.700000001100788
"71c9b8c65b_t70","3pl_beta","heavy_tail","parametric",60,0.7,250,1000,0.698631811121842,0.0301242706965542,0.64312970393227,0.755426529669889,0.695220062031212,0.029130283966141,0.686573767542006,0.0385067669748059,FALSE,0.700000001100788
"71c9b8c65b_t70","3pl_beta","heavy_tail","parametric",60,0.7,500,1000,0.70197119437711,0.0226371462371494,0.661110760207651,0.747755940238748,0.698466859377106,0.0219394981975077,0.688775276720857,0.0399136167140107,FALSE,0.700000001100788
"71c9b8c65b_t70","3pl_beta","heavy_tail","parametric",60,0.7,1000,1000,0.702618233715312,0.0172473311469232,0.671959602279384,0.738497502047282,0.699142970116045,0.0167492808455649,0.687571218302322,0.0437468471509899,FALSE,0.700000001100788
"71c9b8c65b_t70","3pl_beta","heavy_tail","parametric",60,0.7,2000,1000,0.701874312015433,0.0118144243017498,0.678645500224989,0.726067016224513,0.698445967908746,0.0114627899402279,0.683823196799351,0.0498244392440094,FALSE,0.700000001100788
"71c9b8c65b_t80","3pl_beta","heavy_tail","parametric",60,0.8,100,1000,0.791089239168436,0.0340546572213727,0.723548839645974,0.85646217383223,0.784842783460503,0.03172208226495,0.772337934628705,0.0504270841107895,FALSE,0.800000000775045
"71c9b8c65b_t80","3pl_beta","heavy_tail","parametric",60,0.8,250,1000,0.795371412474239,0.0233944171468218,0.751929777059482,0.843374104968594,0.789034395015051,0.0218738865718882,0.768857470987007,0.0701997373501518,FALSE,0.800000000775045
"71c9b8c65b_t80","3pl_beta","heavy_tail","parametric",60,0.8,500,1000,0.796935778640673,0.0185094221549251,0.763959219791357,0.835290511508439,0.790576631859488,0.0174153176776964,0.760102941740777,0.0923355293881147,FALSE,0.800000000775045
"71c9b8c65b_t80","3pl_beta","heavy_tail","parametric",60,0.8,1000,1000,0.798002291117531,0.0122413990682467,0.775950078181026,0.824364497809741,0.791591683829073,0.0115024339127749,0.757732762849537,0.0889507055912401,FALSE,0.800000000775045
"71c9b8c65b_t80","3pl_beta","heavy_tail","parametric",60,0.8,2000,1000,0.798573631060934,0.00926409330300861,0.782314518313511,0.816539539531135,0.792175896132219,0.00878097172806797,0.745961434252828,0.11853234286734,FALSE,0.800000000775045
"71c9b8c65b_t90","3pl_beta","heavy_tail","parametric",60,0.9,100,1000,0.898394184412147,0.0187215954804053,0.861315432851867,0.932755799281479,0.887506839995748,0.0151703344208858,0.831672694557744,0.13668589521917,FALSE,0.900000001634641
"71c9b8c65b_t90","3pl_beta","heavy_tail","parametric",60,0.9,250,1000,0.900730724014595,0.0126722508559931,0.875247827239615,0.924898101665159,0.889715984646426,0.0102751848962608,0.791055572076596,0.185592646084939,FALSE,0.900000001634641
"71c9b8c65b_t90","3pl_beta","heavy_tail","parametric",60,0.9,500,1000,0.901547085300393,0.00901689669048975,0.883897785557743,0.918499037689466,0.890543149128048,0.00751711439248685,0.773770544594527,0.197887230345908,FALSE,0.900000001634641
"71c9b8c65b_t90","3pl_beta","heavy_tail","parametric",60,0.9,1000,1000,0.901878336209898,0.00684336511183156,0.888930686631601,0.916502713086154,0.890970550939874,0.0057429720372252,0.706641432717371,0.251138707292669,FALSE,0.900000001634641
"71c9b8c65b_t90","3pl_beta","heavy_tail","parametric",60,0.9,2000,1000,0.902150516324993,0.0046296567793435,0.89392253053292,0.911702991658532,0.89124474955365,0.00387691337635529,0.65392120566128,0.26954683775281,FALSE,0.900000001634641
"71c9b8c65b_t95","3pl_beta","heavy_tail","parametric",60,0.95,100,1000,0.947421662738531,0.00997106140668781,0.9279200875998,0.967094905087766,0.928606241988571,0.00620946909038695,0.77348742730103,0.26829073394399,FALSE,0.950000000810732
"71c9b8c65b_t95","3pl_beta","heavy_tail","parametric",60,0.95,250,1000,0.949200323822181,0.00679669438613281,0.936469773400141,0.962833790117024,0.930087125533297,0.00470128033730033,0.659284431746897,0.318003721696438,FALSE,0.950000000810732
"71c9b8c65b_t95","3pl_beta","heavy_tail","parametric",60,0.95,500,1000,0.949791037533737,0.00486329141255893,0.941166162352432,0.959727645830481,0.930744396790416,0.00345497030068915,0.541274659772221,0.339586420122959,FALSE,0.950000000810732
"71c9b8c65b_t95","3pl_beta","heavy_tail","parametric",60,0.95,1000,1000,0.94986257836309,0.00346275044286673,0.943148217986752,0.956433805714517,0.930867270019765,0.00252241478439697,0.402905804793097,0.323672625440315,FALSE,0.950000000810732
"71c9b8c65b_t95","3pl_beta","heavy_tail","parametric",60,0.95,2000,1000,0.950266268808599,0.0027571156739568,0.945168520569428,0.955877636253369,0.931203534364519,0.00222314017592083,0.258007293082336,0.264819148906434,FALSE,0.950000000810732
"738d543b91_t50","rasch","heavy_tail","parametric",20,0.5,100,1000,0.488813425803363,0.0564713603123655,0.392570411732304,0.614469656351179,0.487909557065576,0.0557371839591282,0.48500883311016,0.0530628392504487,FALSE,0.500000000536233
"738d543b91_t50","rasch","heavy_tail","parametric",20,0.5,250,1000,0.494144637161024,0.0378975090983782,0.428568672104348,0.579195542569317,0.493252197949393,0.0374549064364916,0.489892151175587,0.0345273375147931,FALSE,0.500000000536233
"738d543b91_t50","rasch","heavy_tail","parametric",20,0.5,500,1000,0.493315703515655,0.0268776711927844,0.444166482901921,0.551226785503613,0.492465364110027,0.026580164330967,0.490029449893586,0.0250371168884213,FALSE,0.500000000536233
"738d543b91_t50","rasch","heavy_tail","parametric",20,0.5,1000,1000,0.495180893272348,0.0203378084735051,0.459594828613006,0.53319650535573,0.494326896056875,0.0201365857880502,0.48989169705874,0.0284101461950547,FALSE,0.500000000536233
"738d543b91_t50","rasch","heavy_tail","parametric",20,0.5,2000,1000,0.494927277984855,0.0142335669660177,0.469326491198374,0.522908082928725,0.494078340783159,0.014090607691258,0.490231989832989,0.0219266968080037,FALSE,0.500000000536233
"738d543b91_t60","rasch","heavy_tail","parametric",20,0.6,100,1000,0.589769349034011,0.0529307648676844,0.493522721758446,0.697356938316761,0.587867735832795,0.0517505280009731,0.583549933815373,0.0504315082967922,FALSE,0.600000001847887
"738d543b91_t60","rasch","heavy_tail","parametric",20,0.6,250,1000,0.596370746144052,0.036254509375188,0.531788615817759,0.679247709944414,0.594465105179498,0.0354696913215391,0.588379116481732,0.0363795897358116,FALSE,0.600000001847887
"738d543b91_t60","rasch","heavy_tail","parametric",20,0.6,500,1000,0.595849948384282,0.0256773459089717,0.551489200268687,0.650711221692759,0.59400490949436,0.0251436535953585,0.588080110282483,0.0300724125541297,FALSE,0.600000001847887
"738d543b91_t60","rasch","heavy_tail","parametric",20,0.6,1000,1000,0.597126938640481,0.019859765337442,0.562825449499899,0.639617813335642,0.595284339161015,0.0194951283726262,0.585261480437246,0.0431868908108979,FALSE,0.600000001847887
"738d543b91_t60","rasch","heavy_tail","parametric",20,0.6,2000,1000,0.598460060815846,0.0136891530272632,0.574283766194263,0.627473509033084,0.59659938982531,0.0134419595302733,0.585602609872548,0.0479606875225185,FALSE,0.600000001847887
"738d543b91_t70","rasch","heavy_tail","parametric",20,0.7,100,1000,0.696833133834469,0.0450943587901497,0.610011539777758,0.786689215972034,0.692364824378788,0.0429948024700904,0.681786761580738,0.0487141177002364,FALSE,0.700000003176801
"738d543b91_t70","rasch","heavy_tail","parametric",20,0.7,250,1000,0.700927838788195,0.0305319293594906,0.644157138390924,0.764392732692974,0.696492639008511,0.0291875204729424,0.68087432713539,0.0521932473564659,FALSE,0.700000003176801
"738d543b91_t70","rasch","heavy_tail","parametric",20,0.7,500,1000,0.702349778925427,0.022305344074135,0.660704484592031,0.74848321180947,0.697939056179892,0.0213901553674766,0.680737992937317,0.0517734750481915,FALSE,0.700000003176801
"738d543b91_t70","rasch","heavy_tail","parametric",20,0.7,1000,1000,0.703190611387963,0.0149479148529593,0.675241808483155,0.735272439831614,0.698767276146442,0.0143265488327087,0.680529511910024,0.0514696965747893,FALSE,0.700000003176801
"738d543b91_t70","rasch","heavy_tail","parametric",20,0.7,2000,1000,0.703636687547967,0.012726220383622,0.681684471919596,0.730491910596982,0.69923996839944,0.012265938681856,0.666143619817152,0.088663643790317,FALSE,0.700000003176801
"738d543b91_t80","rasch","heavy_tail","parametric",20,0.8,100,1000,0.795436590782278,0.033501267754807,0.73187057294079,0.859486129982608,0.785922278284502,0.0301889504639274,0.762576620392056,0.0617424589065804,FALSE,0.800000003055732
"738d543b91_t80","rasch","heavy_tail","parametric",20,0.8,250,1000,0.796955057760482,0.0227052535236159,0.753659426819818,0.844105072585352,0.787674122055346,0.0206494507452414,0.754668926000306,0.0848771297038922,FALSE,0.800000003055732
"738d543b91_t80","rasch","heavy_tail","parametric",20,0.8,500,1000,0.798181632988646,0.0153477242061703,0.770073064697258,0.831717669054361,0.788918059277738,0.0139870697134543,0.750686660349843,0.0909249102849036,FALSE,0.800000003055732
"738d543b91_t80","rasch","heavy_tail","parametric",20,0.8,1000,1000,0.799982670114748,0.0121025424471902,0.778334232493142,0.824622654705474,0.79061216728503,0.0111074098441497,0.731188491820453,0.128282757391538,FALSE,0.800000003055732
"738d543b91_t80","rasch","heavy_tail","parametric",20,0.8,2000,1000,0.800415582366775,0.00845030949248285,0.785166017161674,0.818187482066709,0.791044574275047,0.00777296768245631,0.711084846482168,0.147843183694505,FALSE,0.800000003055732
"738d543b91_t90","rasch","heavy_tail","parametric",20,0.9,100,1000,0.8939265719769,0.0199989674733996,0.853553428562616,0.931495978504146,0.883241635312366,0.0167070618939262,0.813072134784042,0.182544422386598,FALSE,0.900000001271135
"738d543b91_t90","rasch","heavy_tail","parametric",20,0.9,250,1000,0.897437504263282,0.0137894720305358,0.871420099420867,0.924300499560072,0.886371599893676,0.011645605943583,0.754222294919363,0.235505245418429,FALSE,0.900000001271135
"738d543b91_t90","rasch","heavy_tail","parametric",20,0.9,500,1000,0.897639200145224,0.00964320022891467,0.87959179462168,0.916752850102903,0.886797730872477,0.00816261208249724,0.698069556625899,0.279896847902903,FALSE,0.900000001271135
"738d543b91_t90","rasch","heavy_tail","parametric",20,0.9,1000,1000,0.898063058200175,0.00696630051991198,0.885569161677751,0.913807860305205,0.887199704406494,0.00598698166265904,0.611467534641558,0.320168358794626,FALSE,0.900000001271135
"738d543b91_t90","rasch","heavy_tail","parametric",20,0.9,2000,1000,0.898453037961183,0.00536889951990313,0.888988431321513,0.909997722340029,0.887588962143888,0.00467237895186783,0.497910908474826,0.331398981472672,FALSE,0.900000001271135
"738d543b91_t95","rasch","heavy_tail","parametric",20,0.95,100,1000,0.947771515556964,0.0101338105206438,0.927417752768291,0.966566695192365,0.919528870729991,0.00736777788478484,0.569021346986663,0.346151858959645,FALSE,0.950000000561029
"738d543b91_t95","rasch","heavy_tail","parametric",20,0.95,250,1000,0.948806533530279,0.00655475232711936,0.935026302653969,0.961552082741516,0.921057535954593,0.00461003303708675,0.392731947231929,0.336758769135585,FALSE,0.950000000561029
"738d543b91_t95","rasch","heavy_tail","parametric",20,0.95,500,1000,0.949512877770174,0.0046721123588146,0.940744220212697,0.958607337565042,0.921591291746845,0.00349907544445215,0.229880876769887,0.274759131588637,FALSE,0.950000000561029
"738d543b91_t95","rasch","heavy_tail","parametric",20,0.95,1000,1000,0.949916098556898,0.00335010901318906,0.944109516645077,0.956926997681722,0.921937565586048,0.00275583319542847,0.103880020579288,0.173829099945376,FALSE,0.950000000561029
"738d543b91_t95","rasch","heavy_tail","parametric",20,0.95,2000,1000,0.949997470115125,0.00269202433461453,0.945238361641536,0.955298295291515,0.922129507919038,0.0023610298989129,0.0339155640446056,0.0883920509621732,FALSE,0.950000000561029
"786d9a02b6_t50","rasch","heavy_tail","irw",10,0.5,100,1000,0.477883547862283,0.0565415146053171,0.373418836091947,0.600828189495003,0.475782048220334,0.0552219319957021,0.466891818970837,0.0495255654432403,FALSE,0.500000000751314
"786d9a02b6_t50","rasch","heavy_tail","irw",10,0.5,250,1000,0.479765189177703,0.0353092512915656,0.418682429992102,0.552995981754919,0.477789672118806,0.0345442534300275,0.468013869440806,0.0371147804769956,FALSE,0.500000000751314
"786d9a02b6_t50","rasch","heavy_tail","irw",10,0.5,500,1000,0.485331732336558,0.0287118031161959,0.431678859480984,0.544167135878468,0.48326850185392,0.0281158443059105,0.470870936415899,0.0411908613027338,FALSE,0.500000000751314
"786d9a02b6_t50","rasch","heavy_tail","irw",10,0.5,1000,1000,0.484281279782322,0.0236604140190284,0.446688699178979,0.527420593999542,0.482280592486568,0.0232748473457973,0.465896564170437,0.0461820975013688,FALSE,0.500000000751314
"786d9a02b6_t50","rasch","heavy_tail","irw",10,0.5,2000,1000,0.48384054848932,0.0147894001975701,0.457700318866777,0.515602807393646,0.481861309760533,0.0145130650465156,0.461753784419089,0.0566595727381444,FALSE,0.500000000751314
"786d9a02b6_t60","rasch","heavy_tail","irw",10,0.6,100,1000,0.591912959714468,0.0504712739110697,0.498994019939827,0.695776801343151,0.587391708990581,0.0486838838119326,0.579458996569876,0.0447213949523576,FALSE,0.600000001564226
"786d9a02b6_t60","rasch","heavy_tail","irw",10,0.6,250,1000,0.595525665824974,0.0337275157987597,0.531369958764368,0.662034351630922,0.591019693982492,0.0326205711322795,0.579395621637059,0.0434912307842759,FALSE,0.600000001564226
"786d9a02b6_t60","rasch","heavy_tail","irw",10,0.6,500,1000,0.597594367129872,0.0282248610835601,0.548023168816877,0.655066002105042,0.593095637068867,0.027458382291556,0.574664953450045,0.0633878116767285,FALSE,0.600000001564226
"786d9a02b6_t60","rasch","heavy_tail","irw",10,0.6,1000,1000,0.597641406794715,0.0190665345155808,0.561857413757429,0.638271670087858,0.593180101611391,0.0185085697666068,0.570248490528774,0.069876175765772,FALSE,0.600000001564226
"786d9a02b6_t60","rasch","heavy_tail","irw",10,0.6,2000,1000,0.598443291385768,0.0136715058824661,0.574707035997024,0.627116440819122,0.593973746067552,0.013285895581788,0.564133741027211,0.0861154743780293,FALSE,0.600000001564226
"786d9a02b6_t70","rasch","heavy_tail","irw",10,0.7,100,1000,0.692588925169986,0.0448776344976607,0.608499947995741,0.785257934948752,0.687880769616816,0.0425964471710403,0.661830406193722,0.0841265764304665,FALSE,0.700000001456615
"786d9a02b6_t70","rasch","heavy_tail","irw",10,0.7,250,1000,0.70133754499056,0.0308861383309497,0.646961084019711,0.765922256648451,0.696474515084861,0.0293771412750078,0.649003180531813,0.119918888775862,FALSE,0.700000001456615
"786d9a02b6_t70","rasch","heavy_tail","irw",10,0.7,500,1000,0.702470986608967,0.0228800049702358,0.661807238793743,0.749296639455068,0.697665814229157,0.0219312310385393,0.625944261217619,0.15429932043424,FALSE,0.700000001456615
"786d9a02b6_t70","rasch","heavy_tail","irw",10,0.7,1000,1000,0.703045597851395,0.0164495624478436,0.67393064905641,0.736669986070869,0.698264839823969,0.0157588715531895,0.601970093851268,0.176718531850581,FALSE,0.700000001456615
"786d9a02b6_t70","rasch","heavy_tail","irw",10,0.7,2000,1000,0.703531446374765,0.0119597396950485,0.681546781189193,0.726324773979244,0.698760947234596,0.0114622725490557,0.558906886821689,0.204842513690693,FALSE,0.700000001456615
"786d9a02b6_t80","rasch","heavy_tail","irw",10,0.8,100,1000,0.791996651744828,0.0338770776251923,0.723314080130201,0.850891704760212,0.775738380548318,0.0290155037244249,0.685027212243347,0.153322204580256,FALSE,0.800000002237792
"786d9a02b6_t80","rasch","heavy_tail","irw",10,0.8,250,1000,0.796040629650131,0.0231830180761789,0.753964741997268,0.842323755906122,0.779774843000388,0.0202506315347624,0.636189493342115,0.198367602590027,FALSE,0.800000002237792
"786d9a02b6_t80","rasch","heavy_tail","irw",10,0.8,500,1000,0.796932397537274,0.0163434852097567,0.767362689130135,0.828111349508814,0.780745702655632,0.0143199025756411,0.594760700927734,0.216184582442296,FALSE,0.800000002237792
"786d9a02b6_t80","rasch","heavy_tail","irw",10,0.8,1000,1000,0.799783639103167,0.013535502219269,0.777710865472278,0.827623449828896,0.783413547786839,0.0123037119689382,0.487043896932614,0.263692119774802,FALSE,0.800000002237792
"786d9a02b6_t80","rasch","heavy_tail","irw",10,0.8,2000,1000,0.799161856283737,0.00914769170005395,0.783077650455807,0.816357105820894,0.782834602127796,0.00825454508596852,0.432157174553535,0.261051591096908,FALSE,0.800000002237792
"786d9a02b6_t90","rasch","heavy_tail","irw",10,0.9,100,1000,0.894675727819996,0.0185512483514507,0.857724374695701,0.92958218503336,0.839426195374814,0.0134458682919862,0.440903072563614,0.280132598963145,FALSE,0.900000000622894
"786d9a02b6_t90","rasch","heavy_tail","irw",10,0.9,250,1000,0.897495159560686,0.0124932302616051,0.874131748726334,0.922886575582611,0.841682023527572,0.00926587002196306,0.289742270542672,0.250221037871729,FALSE,0.900000000622894
"786d9a02b6_t90","rasch","heavy_tail","irw",10,0.9,500,1000,0.898032746790032,0.00912222303974639,0.881830886629184,0.917248245755061,0.842466395937162,0.00706965751361513,0.181280681966405,0.201039401454522,FALSE,0.900000000622894
"786d9a02b6_t90","rasch","heavy_tail","irw",10,0.9,1000,1000,0.898342172476183,0.0066893388863131,0.88642032320113,0.912064100530966,0.843049863135208,0.00520068534361596,0.0983567676158422,0.139559319717645,FALSE,0.900000000622894
"786d9a02b6_t90","rasch","heavy_tail","irw",10,0.9,2000,1000,0.898804740587348,0.0051885495064553,0.889682261536214,0.909445796952296,0.843389024431156,0.00438247098498833,0.0423860821253392,0.0798029764681601,FALSE,0.900000000622894
"786d9a02b6_t95","rasch","heavy_tail","irw",10,0.95,100,1000,0.946897926561103,0.0102026520850728,0.926176776665774,0.965531729292155,0.901007028917741,0.0107907824378512,0.263453852103526,0.341445191022228,FALSE,0.950000000356989
"786d9a02b6_t95","rasch","heavy_tail","irw",10,0.95,250,1000,0.948756115799895,0.0067224822001375,0.935913224601688,0.962748156623684,0.901747832592032,0.007019170927411,0.0658329676228845,0.168723455887777,FALSE,0.950000000356989
"786d9a02b6_t95","rasch","heavy_tail","irw",10,0.95,500,1000,0.949553185227236,0.00501131820781148,0.940316600295575,0.959577417877818,0.902814073599396,0.00547544738872875,0.0112278136985022,0.0572233106466239,FALSE,0.950000000356989
"786d9a02b6_t95","rasch","heavy_tail","irw",10,0.95,1000,1000,0.949744153332055,0.00352212337202318,0.94314354147353,0.956798534942425,0.903009675644668,0.00370445266082177,0.000285945530903389,0.0018679355228068,FALSE,0.950000000356989
"786d9a02b6_t95","rasch","heavy_tail","irw",10,0.95,2000,1000,0.950004398747576,0.00259391818382052,0.945253085909541,0.955349955582323,0.903260484727101,0.00298605604103049,4.18848802947312e-05,0.00070856924290612,FALSE,0.950000000356989
"789f2b1000_t50","rasch","heavy_tail","parametric",60,0.5,100,1000,0.485275102037873,0.0541763161095248,0.388178113563586,0.599753106571507,0.485139171828722,0.0540458033000188,0.484970908555059,0.0538799171389381,FALSE,0.500000000171231
"789f2b1000_t50","rasch","heavy_tail","parametric",60,0.5,250,1000,0.491339836317578,0.0384162783222738,0.420988732250279,0.575696744032979,0.491196605097608,0.038292753095608,0.490878012912453,0.0374348441730454,FALSE,0.500000000171231
"789f2b1000_t50","rasch","heavy_tail","parametric",60,0.5,500,1000,0.492466575871104,0.027118710262542,0.44392418057883,0.548038978107406,0.492324217088634,0.0270419605820439,0.492080960758728,0.0267630041946377,FALSE,0.500000000171231
"789f2b1000_t50","rasch","heavy_tail","parametric",60,0.5,1000,1000,0.492555256465026,0.0208326530553062,0.455546322276272,0.536316066156855,0.492417404067676,0.0207789823123352,0.492130722469479,0.020352211271479,FALSE,0.500000000171231
"789f2b1000_t50","rasch","heavy_tail","parametric",60,0.5,2000,1000,0.493326345120501,0.0146801005707684,0.466081932941815,0.523896844328241,0.493188607220912,0.0146430946899351,0.492930090492463,0.0144469485376242,FALSE,0.500000000171231
"789f2b1000_t60","rasch","heavy_tail","parametric",60,0.6,100,1000,0.591949693822837,0.0542954903339398,0.484869393786147,0.69938630327623,0.591602801358116,0.0540065140958642,0.591256828917002,0.0536178975601861,FALSE,0.600000000825018
"789f2b1000_t60","rasch","heavy_tail","parametric",60,0.6,250,1000,0.597637273452147,0.035847819483429,0.53016168456992,0.672844328008068,0.597290592772525,0.0356457747121378,0.596855713916609,0.035080805726138,FALSE,0.600000000825018
"789f2b1000_t60","rasch","heavy_tail","parametric",60,0.6,500,1000,0.600257274105459,0.0258544438313871,0.552223699836079,0.652318415153807,0.599903066598825,0.025703868431733,0.599457165751892,0.0252994789049904,FALSE,0.600000000825018
"789f2b1000_t60","rasch","heavy_tail","parametric",60,0.6,1000,1000,0.601088123833661,0.0190214850019806,0.566812928847902,0.642623594827273,0.600738420867433,0.0189089834118393,0.600241391479821,0.0184652501839546,FALSE,0.600000000825018
"789f2b1000_t60","rasch","heavy_tail","parametric",60,0.6,2000,1000,0.601825531794001,0.0141095948473173,0.57659921516288,0.629497838143171,0.601475984973025,0.0140347194618363,0.60024922004177,0.0198091940268726,FALSE,0.600000000825018
"789f2b1000_t70","rasch","heavy_tail","parametric",60,0.7,100,1000,0.696248521206113,0.0469812109308115,0.603642516313392,0.790906876850389,0.695431322362491,0.046387761034662,0.694457116815239,0.0449733020262365,FALSE,0.700000002965516
"789f2b1000_t70","rasch","heavy_tail","parametric",60,0.7,250,1000,0.698994073106762,0.0313539020908352,0.639848132631355,0.764029150745165,0.698187739413174,0.0309587185900921,0.696937428778371,0.0291906255419182,FALSE,0.700000002965516
"789f2b1000_t70","rasch","heavy_tail","parametric",60,0.7,500,1000,0.703493512518966,0.0221176683816078,0.661371960782202,0.749549953477201,0.702673793032331,0.0218458360272635,0.701551188402872,0.0206006497781053,FALSE,0.700000002965516
"789f2b1000_t70","rasch","heavy_tail","parametric",60,0.7,1000,1000,0.703609208246571,0.0158086171143819,0.67513256901816,0.737450305020056,0.702787887093906,0.0156080101064836,0.701670320507879,0.0146531682569555,FALSE,0.700000002965516
"789f2b1000_t70","rasch","heavy_tail","parametric",60,0.7,2000,1000,0.70387218578618,0.0129197305036473,0.6818944440113,0.731408434520311,0.703058907915672,0.0127844605103986,0.699092967009014,0.0381005807389279,FALSE,0.700000002965516
"789f2b1000_t80","rasch","heavy_tail","parametric",60,0.8,100,1000,0.794492355261315,0.0353167382601316,0.723666000968289,0.863299410074979,0.792805081356828,0.0343393396878798,0.791003711463362,0.0328310315159471,FALSE,0.800000000343486
"789f2b1000_t80","rasch","heavy_tail","parametric",60,0.8,250,1000,0.80074343033684,0.0241878080314629,0.755816380254314,0.850871299112802,0.798953011222592,0.0234829756812294,0.796559706745963,0.0220793259994671,FALSE,0.800000000343486
"789f2b1000_t80","rasch","heavy_tail","parametric",60,0.8,500,1000,0.800740716499331,0.0179200479365556,0.769120784482372,0.836602972688966,0.799003953900945,0.0174295171515241,0.794627677821423,0.0317920390758214,FALSE,0.800000000343486
"789f2b1000_t80","rasch","heavy_tail","parametric",60,0.8,1000,1000,0.801269085778216,0.0124345859835424,0.77809130562479,0.824629094646639,0.799548817564785,0.0121194638352955,0.795632576255285,0.0347151574411846,FALSE,0.800000000343486
"789f2b1000_t80","rasch","heavy_tail","parametric",60,0.8,2000,1000,0.801985064756071,0.00880988787294178,0.785038802122903,0.820991389475015,0.800245847035085,0.00856602307675631,0.796762701752367,0.0156830495224275,FALSE,0.800000000343486
"789f2b1000_t90","rasch","heavy_tail","parametric",60,0.9,100,1000,0.896425915556109,0.0191380884914295,0.856832574162353,0.930539979494783,0.892379863181925,0.0174350498710126,0.88498775341297,0.0509899618448432,FALSE,0.900000000343353
"789f2b1000_t90","rasch","heavy_tail","parametric",60,0.9,250,1000,0.898452591593189,0.0133139890094597,0.871245438096953,0.924224963062625,0.894335119689642,0.0120919639692017,0.881788891058506,0.0680968957240083,FALSE,0.900000000343353
"789f2b1000_t90","rasch","heavy_tail","parametric",60,0.9,500,1000,0.899115071406241,0.0092925744559741,0.881232635583833,0.918778047801212,0.894997093300382,0.00842389909581574,0.880165173807226,0.0740638528123001,FALSE,0.900000000343353
"789f2b1000_t90","rasch","heavy_tail","parametric",60,0.9,1000,1000,0.900073572719252,0.00724601361674309,0.887354158938133,0.915027993309696,0.89591791917485,0.00667865614330815,0.86679155013554,0.11429395234884,FALSE,0.900000000343353
"789f2b1000_t90","rasch","heavy_tail","parametric",60,0.9,2000,1000,0.90008560407725,0.00526042846166223,0.890885586969864,0.910022539801909,0.895922978832258,0.00484446553748822,0.866243565685335,0.108392324363993,FALSE,0.900000000343353
"789f2b1000_t95","rasch","heavy_tail","parametric",60,0.95,100,1000,0.946811689493458,0.0103001780091195,0.925604991256341,0.965601050510398,0.940495078992185,0.00789392888047314,0.91729726134089,0.104604315816413,FALSE,0.950000000478196
"789f2b1000_t95","rasch","heavy_tail","parametric",60,0.95,250,1000,0.947798779932442,0.0067717875860537,0.934823503472389,0.960785062991907,0.941488234721374,0.00507379453527331,0.906845633598176,0.119165189383474,FALSE,0.950000000478196
"789f2b1000_t95","rasch","heavy_tail","parametric",60,0.95,500,1000,0.948928383068316,0.00523075476137202,0.939284607190734,0.95932467692781,0.942445127720273,0.0041646296493587,0.869984189005553,0.189884299288036,FALSE,0.950000000478196
"789f2b1000_t95","rasch","heavy_tail","parametric",60,0.95,1000,1000,0.949532514790327,0.00369049720943937,0.942794920067993,0.957276293988871,0.942911270329401,0.00289923537986796,0.834147910612341,0.23618061698347,FALSE,0.950000000478196
"789f2b1000_t95","rasch","heavy_tail","parametric",60,0.95,2000,1000,0.949433861699965,0.00266435233988331,0.944828199116526,0.954916824551247,0.94285391421613,0.00211851397355156,0.798322859380857,0.26441980670932,FALSE,0.950000000478196
"7bfda144a5_t50","3pl_beta","bimodal","irw",60,0.5,100,1000,0.495493457109225,0.0271900083244988,0.440777189688403,0.547781144915688,0.495203473536386,0.0271317817776833,0.494884097840694,0.0270998285376861,TRUE,0.500000000438815
"7bfda144a5_t50","3pl_beta","bimodal","irw",60,0.5,250,1000,0.498743125653771,0.0164782850234252,0.464745971690071,0.529603046618914,0.498449528789873,0.016440911889788,0.498127019597432,0.0164194756041692,TRUE,0.500000000438815
"7bfda144a5_t50","3pl_beta","bimodal","irw",60,0.5,500,1000,0.498065930948692,0.011656463936185,0.47367422380872,0.519219620391487,0.497774003454921,0.0116308760417956,0.497451076998826,0.0116164517127406,TRUE,0.500000000438815
"7bfda144a5_t50","3pl_beta","bimodal","irw",60,0.5,1000,1000,0.498695609351761,0.00821900354407743,0.482477209716554,0.51430882555255,0.498401583868666,0.0081999951943656,0.498076501213196,0.00818906897998529,TRUE,0.500000000438815
"7bfda144a5_t50","3pl_beta","bimodal","irw",60,0.5,2000,1000,0.499083236611587,0.00612610877162868,0.486794115749661,0.510973109968613,0.498788047500621,0.00611195968613277,0.498462017277897,0.0061037823070097,TRUE,0.500000000438815
"7bfda144a5_t60","3pl_beta","bimodal","irw",60,0.6,100,1000,0.600210599403004,0.0249363277801024,0.547907214131731,0.646428419931028,0.599318211227329,0.0248225255504215,0.598669363916315,0.0248026047470757,TRUE,0.60000000196195
"7bfda144a5_t60","3pl_beta","bimodal","irw",60,0.6,250,1000,0.602491509802558,0.0159792076894916,0.569831425242109,0.631088155418905,0.601590542897991,0.0159038736206253,0.600936742472239,0.0158891855849743,TRUE,0.60000000196195
"7bfda144a5_t60","3pl_beta","bimodal","irw",60,0.6,500,1000,0.602374763253481,0.0109602478858845,0.581427155361397,0.622342679828929,0.601469342548014,0.0109139676659087,0.600810834535232,0.0109087772044866,TRUE,0.60000000196195
"7bfda144a5_t60","3pl_beta","bimodal","irw",60,0.6,1000,1000,0.602275474744418,0.00809352846754488,0.586026691018904,0.616879901534839,0.601373588434183,0.00805740417632221,0.600716722357955,0.00805164174667005,TRUE,0.60000000196195
"7bfda144a5_t60","3pl_beta","bimodal","irw",60,0.6,2000,1000,0.602581128475849,0.00558441825953283,0.591889431859541,0.613609451764549,0.601675167917945,0.00555862797786267,0.601015465508322,0.0055544814401415,TRUE,0.60000000196195
"7bfda144a5_t70","3pl_beta","bimodal","irw",60,0.7,100,1000,0.698947474612116,0.0202933657735107,0.656960275001658,0.735270078185247,0.697262999683923,0.0200727067133323,0.696369184537028,0.0200308341064655,TRUE,0.700000000306144
"7bfda144a5_t70","3pl_beta","bimodal","irw",60,0.7,250,1000,0.70028919157701,0.0136584236945852,0.672978717019194,0.72666135090506,0.698575627842678,0.0135050305760349,0.697658617488516,0.0134755428674709,TRUE,0.700000000306144
"7bfda144a5_t70","3pl_beta","bimodal","irw",60,0.7,500,1000,0.701705218765618,0.00950490174554576,0.682532714218147,0.719476380891922,0.699968106866257,0.00938891432993944,0.699040395326512,0.0093635451438649,TRUE,0.700000000306144
"7bfda144a5_t70","3pl_beta","bimodal","irw",60,0.7,1000,1000,0.701870806182722,0.00672315003993256,0.688496201210197,0.715074994763396,0.700137355567239,0.00664057526460665,0.699210471653118,0.00662129077858862,TRUE,0.700000000306144
"7bfda144a5_t70","3pl_beta","bimodal","irw",60,0.7,2000,1000,0.701611348195523,0.0049205470463548,0.691901584256158,0.711563958714484,0.699881221991326,0.00486125750450846,0.698955227692049,0.00484912669088783,TRUE,0.700000000306144
"7bfda144a5_t80","3pl_beta","bimodal","irw",60,0.8,100,1000,0.79856756237613,0.0153937545160907,0.765778421778125,0.826238623667313,0.795900234418991,0.0150572025130927,0.79497425420369,0.0150150897461853,TRUE,0.800000000376265
"7bfda144a5_t80","3pl_beta","bimodal","irw",60,0.8,250,1000,0.800472487241508,0.00975141146703389,0.781408012806002,0.818536401094153,0.797754553390775,0.00951474550558597,0.796806789281632,0.00947566741779512,TRUE,0.800000000376265
"7bfda144a5_t80","3pl_beta","bimodal","irw",60,0.8,500,1000,0.800628235438533,0.00659292592867587,0.787613004226312,0.813020429454403,0.797899723127259,0.00642550266538211,0.796945879835706,0.00640329465125173,TRUE,0.800000000376265
"7bfda144a5_t80","3pl_beta","bimodal","irw",60,0.8,1000,1000,0.800789645919781,0.00494402938178999,0.791015308366798,0.811208250140979,0.798069699137296,0.00481577661869174,0.797123177332684,0.00479439800970065,TRUE,0.800000000376265
"7bfda144a5_t80","3pl_beta","bimodal","irw",60,0.8,2000,1000,0.800918337633235,0.00343424931912967,0.794154959103,0.807855695120216,0.79819300408057,0.00335179948491776,0.79724035889388,0.00333980475614725,TRUE,0.800000000376265
"7bfda144a5_t90","3pl_beta","bimodal","irw",60,0.9,100,1000,0.898041811055681,0.0199717036519377,0.852883292576183,0.930551783533439,0.684487864720576,0.0373021205565663,0.582427686346897,0.0464600444045934,TRUE,0.900000002361916
"7bfda144a5_t90","3pl_beta","bimodal","irw",60,0.9,250,1000,0.899218142814728,0.0126372548388505,0.869977004443065,0.920568447354008,0.685092886868387,0.0241578162908246,0.582970169243108,0.0294491013213842,TRUE,0.900000002361916
"7bfda144a5_t90","3pl_beta","bimodal","irw",60,0.9,500,1000,0.900631842336434,0.00843929546211219,0.883099513660107,0.916066702580014,0.686606657527497,0.0166446031401815,0.584288087853902,0.0206094533200797,TRUE,0.900000002361916
"7bfda144a5_t90","3pl_beta","bimodal","irw",60,0.9,1000,1000,0.900491413768625,0.00607035909536784,0.888178933921047,0.911051738833831,0.686314307441475,0.011416017766168,0.583867783967865,0.0141270839559461,TRUE,0.900000002361916
"7bfda144a5_t90","3pl_beta","bimodal","irw",60,0.9,2000,1000,0.900598355523347,0.00422627264816218,0.892107454288187,0.908492424163154,0.685977833190974,0.00812953631183103,0.583369464546348,0.0100592367247013,TRUE,0.900000002361916
"7bfda144a5_t95","3pl_beta","bimodal","irw",60,0.95,100,1000,0.949468550120067,0.00350975682974994,0.942055097216905,0.955459393617294,0.923308084194055,0.00488883393350609,0.907387329332062,0.0176654695933622,TRUE,0.950000012408373
"7bfda144a5_t95","3pl_beta","bimodal","irw",60,0.95,250,1000,0.94986258656462,0.00216965384350028,0.945347916505951,0.953519404688567,0.923486307545497,0.00300513101726998,0.906978872383605,0.0134067996183464,TRUE,0.950000012408373
"7bfda144a5_t95","3pl_beta","bimodal","irw",60,0.95,500,1000,0.949883224793952,0.00149597765681085,0.946771872479647,0.952594108364412,0.923343733815772,0.00221776153847486,0.906839657410347,0.00830904122718766,TRUE,0.950000012408373
"7bfda144a5_t95","3pl_beta","bimodal","irw",60,0.95,1000,1000,0.949900965189166,0.00111591647889572,0.947712486079183,0.951935707452983,0.923357865241061,0.00155782295180851,0.906460329722952,0.0063017874571408,TRUE,0.950000012408373
"7bfda144a5_t95","3pl_beta","bimodal","irw",60,0.95,2000,1000,0.949965758160699,0.000733326510353609,0.94851102510813,0.951424144466767,0.923305548722866,0.00111500066089676,0.906211058030272,0.00503576975944579,TRUE,0.950000012408373
"7c47698ded_t50","2pl","normal","irw",10,0.5,100,1000,0.496996474722892,0.0320495668151679,0.434173791253735,0.558019653229491,0.49455742819878,0.0313315288331875,0.491133788840356,0.0306219050272202,TRUE,0.500000000628583
"7c47698ded_t50","2pl","normal","irw",10,0.5,250,1000,0.499147389413428,0.0198305928743689,0.46114657056934,0.537028673694288,0.496683869262697,0.0193681234267719,0.493178613250183,0.0188939845838249,TRUE,0.500000000628583
"7c47698ded_t50","2pl","normal","irw",10,0.5,500,1000,0.499314655070708,0.0144285312995612,0.469026968337412,0.52810311614429,0.496847888031944,0.0140943079179161,0.493285866897667,0.013740633177449,TRUE,0.500000000628583
"7c47698ded_t50","2pl","normal","irw",10,0.5,1000,1000,0.499858664804763,0.00971445825219872,0.481523492156412,0.518323307024667,0.497386503813666,0.00949231527767707,0.493824086169061,0.00927408650700334,TRUE,0.500000000628583
"7c47698ded_t50","2pl","normal","irw",10,0.5,2000,1000,0.499650445712725,0.00719254691780093,0.485230942289544,0.512787358407278,0.497187165532003,0.00702917272044769,0.493630359198186,0.00686637813660365,TRUE,0.500000000628583
"7c47698ded_t60","2pl","normal","irw",10,0.6,100,1000,0.595427126543526,0.030057597397366,0.532714741913472,0.651512268811547,0.590195729207687,0.028863060840712,0.584859089938202,0.0280718457047497,TRUE,0.600000000590605
"7c47698ded_t60","2pl","normal","irw",10,0.6,250,1000,0.596288995794429,0.0190759285630257,0.559190456069506,0.632256587153948,0.591069416696966,0.0183100930752273,0.585688612386225,0.0177942828818288,TRUE,0.600000000590605
"7c47698ded_t60","2pl","normal","irw",10,0.6,500,1000,0.597187943999892,0.0138026860938178,0.570851716322124,0.623163489341202,0.591963063480645,0.0132502066502389,0.586593542010267,0.0128929316600076,TRUE,0.600000000590605
"7c47698ded_t60","2pl","normal","irw",10,0.6,1000,1000,0.59794432553146,0.00974973075598285,0.57764339472102,0.615506981234069,0.592693217552579,0.00936272474857463,0.587278911879935,0.00910707485228547,TRUE,0.600000000590605
"7c47698ded_t60","2pl","normal","irw",10,0.6,2000,1000,0.597561847933946,0.00672064178579932,0.584189549857052,0.609968682942595,0.592334868508029,0.00645178041121768,0.586931358058645,0.00627558805591135,TRUE,0.600000000590605
"7c47698ded_t70","2pl","normal","irw",10,0.7,100,1000,0.696698011324676,0.0300608122051001,0.634077968446127,0.750865705521522,0.689570332340151,0.0292532655506789,0.686482471248863,0.0291008161149244,TRUE,0.700000000325893
"7c47698ded_t70","2pl","normal","irw",10,0.7,250,1000,0.697981072503067,0.0194581217457554,0.656358746098215,0.734048923015794,0.690765480986713,0.0189113077474112,0.687634162786091,0.0187829283495345,TRUE,0.700000000325893
"7c47698ded_t70","2pl","normal","irw",10,0.7,500,1000,0.698824306130921,0.0133100953468866,0.670671167020496,0.72337010338397,0.691615755321574,0.0129596799126469,0.688474915578325,0.0128892476673142,TRUE,0.700000000325893
"7c47698ded_t70","2pl","normal","irw",10,0.7,1000,1000,0.699238024096402,0.00948789087041602,0.680124556275889,0.717764858956737,0.691992866255222,0.00922248606945049,0.688832481871213,0.00916074433991415,TRUE,0.700000000325893
"7c47698ded_t70","2pl","normal","irw",10,0.7,2000,1000,0.699229885852826,0.00680466288513298,0.685823658719133,0.711643494593045,0.691977446345101,0.00661091160989976,0.688814900084416,0.00656982960397714,TRUE,0.700000000325893
"7c47698ded_t80","2pl","normal","irw",10,0.8,100,1000,0.79744998922788,0.0246446166434784,0.742382126780989,0.842003770750676,0.784766229467341,0.0247084226118259,0.780444590202035,0.0250050624091665,TRUE,0.800000001100112
"7c47698ded_t80","2pl","normal","irw",10,0.8,250,1000,0.800266858626124,0.0155398938821574,0.769054724376832,0.826966935311238,0.787500197579642,0.0155961354423268,0.78300030370538,0.0158391245485048,TRUE,0.800000001100112
"7c47698ded_t80","2pl","normal","irw",10,0.8,500,1000,0.799971208490007,0.010834394802752,0.777579619017742,0.820023381282195,0.787175629843139,0.0108676822201727,0.782640434774934,0.0110425461238589,TRUE,0.800000001100112
"7c47698ded_t80","2pl","normal","irw",10,0.8,1000,1000,0.800436873465222,0.00728992855845162,0.785028214341534,0.813905433384815,0.787634326921061,0.00732796670610611,0.78308278562457,0.0077542510774597,TRUE,0.800000001100112
"7c47698ded_t80","2pl","normal","irw",10,0.8,2000,1000,0.800729411255415,0.00552220437104298,0.789774075564632,0.811142832968356,0.787920129691802,0.00554363788116393,0.783369203203253,0.00560874244050205,TRUE,0.800000001100112
"7c47698ded_t90","2pl","normal","irw",10,0.9,100,1000,0.897054898118053,0.0165717322168643,0.861065671186939,0.92434625965603,0.800728918888915,0.0273108381570523,0.72440189446269,0.0910945167243522,TRUE,0.900000000338882
"7c47698ded_t90","2pl","normal","irw",10,0.9,250,1000,0.898143932076601,0.0102570520763255,0.874832964940964,0.91603847807492,0.80182996760758,0.0173897182416482,0.712773187280218,0.106368606499264,TRUE,0.900000000338882
"7c47698ded_t90","2pl","normal","irw",10,0.9,500,1000,0.899112573025809,0.00732029124803101,0.883778907432717,0.911827949750006,0.803185073241628,0.012327033108393,0.707992966407753,0.098199671142238,TRUE,0.900000000338882
"7c47698ded_t90","2pl","normal","irw",10,0.9,1000,1000,0.899032923249423,0.00502711532044436,0.888590355161395,0.908734420086316,0.802870349489023,0.00852637109057737,0.694690704971805,0.109364798085908,TRUE,0.900000000338882
"7c47698ded_t90","2pl","normal","irw",10,0.9,2000,1000,0.899182637992252,0.0036733094181953,0.89183549820947,0.906186517318996,0.803055193507717,0.00612074353690308,0.68854834890853,0.106167257259387,TRUE,0.900000000338882
"7c47698ded_t95","2pl","normal","irw",10,0.95,100,1000,0.950105852945663,0.00489963286039001,0.939943521484342,0.958768975425946,0.822221478615019,0.0186736963527778,0.141752011281025,0.138231368380618,TRUE,0.95000000044277
"7c47698ded_t95","2pl","normal","irw",10,0.95,250,1000,0.950462559434469,0.00289630673203844,0.944788089004634,0.955964155492028,0.823290005943062,0.0111373285678391,0.081796696775142,0.0786692363086333,TRUE,0.95000000044277
"7c47698ded_t95","2pl","normal","irw",10,0.95,500,1000,0.950716144518828,0.00209064899721853,0.946543929974275,0.954594199573275,0.823336293825986,0.00792889687663659,0.0518770057403093,0.0491996351754768,TRUE,0.95000000044277
"7c47698ded_t95","2pl","normal","irw",10,0.95,1000,1000,0.950712588988702,0.00153372778110786,0.947693546384954,0.953547882746384,0.823676300777505,0.00587263584650561,0.0373206275583206,0.0304890405514492,TRUE,0.95000000044277
"7c47698ded_t95","2pl","normal","irw",10,0.95,2000,1000,0.950643553335872,0.00112442938324182,0.948465843287984,0.95284906138626,0.823652409362614,0.00415429219184489,0.0267337222287981,0.0203450683273679,TRUE,0.95000000044277
"7cee56a484_t50","2pl","bimodal","parametric",10,0.5,100,1000,0.498525470340615,0.0248901277084421,0.450595570174501,0.54535307948774,0.496916224184066,0.024552158351721,0.494972634761245,0.0243188594670452,TRUE,0.500000000122413
"7cee56a484_t50","2pl","bimodal","parametric",10,0.5,250,1000,0.500264227850036,0.0151050726057956,0.470200061678984,0.530109016823224,0.498643394687168,0.0148885752994746,0.496676269522891,0.0147281515828397,TRUE,0.500000000122413
"7cee56a484_t50","2pl","bimodal","parametric",10,0.5,500,1000,0.500748797167404,0.0108084328949459,0.48138647304955,0.521568621074761,0.499124371745149,0.0106542391734965,0.497151744329087,0.0105432836831081,TRUE,0.500000000122413
"7cee56a484_t50","2pl","bimodal","parametric",10,0.5,1000,1000,0.500067694981024,0.0080879312671058,0.483883219828919,0.51583704330957,0.498448857428417,0.00797020369196178,0.496472012169728,0.00788213415035264,TRUE,0.500000000122413
"7cee56a484_t50","2pl","bimodal","parametric",10,0.5,2000,1000,0.500206685872617,0.00543196632576012,0.489540237348909,0.510231651251383,0.49858813353739,0.00535406662848352,0.496611444337782,0.00529649610970876,TRUE,0.500000000122413
"7cee56a484_t60","2pl","bimodal","parametric",10,0.6,100,1000,0.597888164453557,0.0237575443917822,0.549349313053769,0.640385057124572,0.596003974472792,0.0233857426679721,0.594435414446515,0.0231982220494044,TRUE,0.600000000504932
"7cee56a484_t60","2pl","bimodal","parametric",10,0.6,250,1000,0.600141158869876,0.0150798970958084,0.569298880738221,0.628963044300328,0.598226568943392,0.014834470703646,0.596627866685597,0.0147090507176999,TRUE,0.600000000504932
"7cee56a484_t60","2pl","bimodal","parametric",10,0.6,500,1000,0.600064995727491,0.0106739552795538,0.578967483749506,0.620403009151385,0.598162566859127,0.0105010663631356,0.596570254498132,0.0104142843373046,TRUE,0.600000000504932
"7cee56a484_t60","2pl","bimodal","parametric",10,0.6,1000,1000,0.600145813753517,0.00755068831893295,0.585465998472644,0.614490483184213,0.598235915192989,0.00742566239430044,0.596627627178112,0.00736272977933269,TRUE,0.600000000504932
"7cee56a484_t60","2pl","bimodal","parametric",10,0.6,2000,1000,0.600678545946204,0.00526489006314887,0.590306621404888,0.610668799142386,0.598765788796412,0.00517950742426247,0.597159511069056,0.00513564441733899,TRUE,0.600000000504932
"7cee56a484_t70","2pl","bimodal","parametric",10,0.7,100,1000,0.696960684313708,0.0181808285973882,0.656605295369571,0.730086686736667,0.682255695833218,0.0165752683855658,0.672464682670676,0.0162398275154442,TRUE,0.700000001380191
"7cee56a484_t70","2pl","bimodal","parametric",10,0.7,250,1000,0.699303938470993,0.0108879633263496,0.676185814418786,0.719048028913229,0.684332392427457,0.00985229161985437,0.674310509714951,0.00962013931549606,TRUE,0.700000001380191
"7cee56a484_t70","2pl","bimodal","parametric",10,0.7,500,1000,0.698850530015116,0.00781682185931093,0.682773142641236,0.714269586266918,0.683897731102212,0.00707095921367911,0.673828964652741,0.00688721201712591,TRUE,0.700000001380191
"7cee56a484_t70","2pl","bimodal","parametric",10,0.7,1000,1000,0.699287155392762,0.00558196380913602,0.688381571053304,0.709523457766822,0.68430901331024,0.00502881056786464,0.674229796678341,0.00486785549242608,TRUE,0.700000001380191
"7cee56a484_t70","2pl","bimodal","parametric",10,0.7,2000,1000,0.699311006543559,0.00391208069105822,0.691456204968111,0.707369422991799,0.684327161840949,0.003549826390038,0.674231421905763,0.00346812189325021,TRUE,0.700000001380191
"7cee56a484_t80","2pl","bimodal","parametric",10,0.8,100,1000,0.799454680118665,0.0134718633091358,0.770329796485773,0.823782965646328,0.778320147177958,0.011589805569807,0.768007776994689,0.0113519952165335,TRUE,0.80000000189137
"7cee56a484_t80","2pl","bimodal","parametric",10,0.8,250,1000,0.800158616076981,0.00846449067056364,0.783085505944368,0.815161182073386,0.779028411962192,0.00717134541154454,0.768593503285854,0.00697264330041014,TRUE,0.80000000189137
"7cee56a484_t80","2pl","bimodal","parametric",10,0.8,500,1000,0.800052218474132,0.00572604549395723,0.787927050127053,0.810989433020101,0.778902987897082,0.00485616663303593,0.76843180693944,0.00478238856020889,TRUE,0.80000000189137
"7cee56a484_t80","2pl","bimodal","parametric",10,0.8,1000,1000,0.799905298682756,0.00435744779634517,0.79054389936337,0.80811155850409,0.778781971779438,0.00370537246346243,0.768366851469461,0.00360203966283232,TRUE,0.80000000189137
"7cee56a484_t80","2pl","bimodal","parametric",10,0.8,2000,1000,0.800045200227317,0.00289599869414814,0.794202001943748,0.805711658976084,0.778905824321044,0.0024534749603136,0.768490338719664,0.00236472235899834,TRUE,0.80000000189137
"7cee56a484_t90","2pl","bimodal","parametric",10,0.9,100,1000,0.900002039325376,0.00654380912458729,0.885292896328286,0.911484942006441,0.870978204176584,0.0048835977201698,0.843248028866359,0.0246555287411273,TRUE,0.900000000499236
"7cee56a484_t90","2pl","bimodal","parametric",10,0.9,250,1000,0.900432940465319,0.00424915436455745,0.891642646330246,0.908375715403082,0.871350087208976,0.00290991573586187,0.84267048580752,0.0160365628173493,TRUE,0.900000000499236
"7cee56a484_t90","2pl","bimodal","parametric",10,0.9,500,1000,0.900570463096623,0.00290331378270122,0.894657556505466,0.906298810603537,0.871580404137806,0.00200582237737605,0.841706914774932,0.0125792447109699,TRUE,0.900000000499236
"7cee56a484_t90","2pl","bimodal","parametric",10,0.9,1000,1000,0.900735219135267,0.0021109793366858,0.896733567343835,0.905037643809384,0.871571879636512,0.00146737061191584,0.841692626618068,0.00899903837708083,TRUE,0.900000000499236
"7cee56a484_t90","2pl","bimodal","parametric",10,0.9,2000,1000,0.900656138283992,0.00150113798692736,0.897434894885032,0.903359466919465,0.871633562233648,0.00101857664197372,0.841836367877093,0.00642960607512037,TRUE,0.900000000499236
"7cee56a484_t95","2pl","bimodal","parametric",10,0.95,100,1000,0.949307493578958,0.0042930383566691,0.940618661068382,0.957347600042489,0.873452670382295,0.0112083072940085,0.810541103381852,0.0695653584876689,TRUE,0.950000000297636
"7cee56a484_t95","2pl","bimodal","parametric",10,0.95,250,1000,0.949921800980385,0.00263923363863119,0.94457319000902,0.954704040532855,0.873868926949717,0.00734653744218888,0.806503962620797,0.0658859081218167,TRUE,0.950000000297636
"7cee56a484_t95","2pl","bimodal","parametric",10,0.95,500,1000,0.949945023602926,0.00181997020534967,0.946512501762513,0.953467428270015,0.873817253400949,0.00512551111713119,0.803896111904645,0.0600731172816364,TRUE,0.950000000297636
"7cee56a484_t95","2pl","bimodal","parametric",10,0.95,1000,1000,0.949998062079745,0.00126163613928051,0.947601545827283,0.952645482363461,0.873970813790861,0.0036125797446235,0.802335775043248,0.052028410186373,TRUE,0.950000000297636
"7cee56a484_t95","2pl","bimodal","parametric",10,0.95,2000,1000,0.950138875362442,0.000876250598773313,0.948511892459033,0.951866252075254,0.873972234204777,0.00264785172786935,0.800362915531733,0.0435518992112226,TRUE,0.950000000297636
"7d3dc7a372_t50","3pl_g20","heavy_tail","parametric",40,0.5,100,1000,0.491122153659085,0.0540781005180353,0.395851487054556,0.603756017690535,0.489780799068467,0.0532148615802983,0.485766886777086,0.0485342105219833,FALSE,0.500000000638737
"7d3dc7a372_t50","3pl_g20","heavy_tail","parametric",40,0.5,250,1000,0.496117542953733,0.0377945102778045,0.426650283643047,0.581114336358219,0.494782063099653,0.0372388430040155,0.490710927431689,0.0339752147163063,FALSE,0.500000000638737
"7d3dc7a372_t50","3pl_g20","heavy_tail","parametric",40,0.5,500,1000,0.497545876949009,0.0272432982732602,0.449522062370092,0.553230399705868,0.496225213656524,0.0268544817211422,0.491410931438651,0.0279745315008676,FALSE,0.500000000638737
"7d3dc7a372_t50","3pl_g20","heavy_tail","parametric",40,0.5,1000,1000,0.50028236719937,0.0208861271440773,0.464106266103383,0.540380584745694,0.498945977285315,0.0206239109923618,0.493020286221903,0.0264110996940116,FALSE,0.500000000638737
"7d3dc7a372_t50","3pl_g20","heavy_tail","parametric",40,0.5,2000,1000,0.499685318427478,0.0141599577739673,0.475112458496246,0.528125086792357,0.498368196054879,0.0139692893156755,0.492652164078544,0.0268508454807922,FALSE,0.500000000638737
"7d3dc7a372_t60","3pl_g20","heavy_tail","parametric",40,0.6,100,1000,0.599305075415777,0.0526056478731172,0.501137240577049,0.700415557538345,0.596693468130224,0.0511591512624004,0.589533231013006,0.0498731514238594,FALSE,0.600000001756189
"7d3dc7a372_t60","3pl_g20","heavy_tail","parametric",40,0.6,250,1000,0.600687608009222,0.036428225926945,0.536598877044047,0.683578389936617,0.598219981644904,0.0354994013536439,0.588899605126374,0.0405024632222262,FALSE,0.600000001756189
"7d3dc7a372_t60","3pl_g20","heavy_tail","parametric",40,0.6,500,1000,0.60100864862154,0.0267014668896965,0.555693192387611,0.655565960062508,0.598590525976492,0.0260810683958359,0.588313365064312,0.0399705355992233,FALSE,0.600000001756189
"7d3dc7a372_t60","3pl_g20","heavy_tail","parametric",40,0.6,1000,1000,0.601635816691542,0.0188887195845303,0.569187089750003,0.637802721687343,0.599227957251386,0.0184692804056579,0.58799213566129,0.0335963523915574,FALSE,0.600000001756189
"7d3dc7a372_t60","3pl_g20","heavy_tail","parametric",40,0.6,2000,1000,0.602372761493861,0.013520125017551,0.577386849992322,0.630818700912478,0.599967972764355,0.0132187185378075,0.588488497149699,0.0312081910984586,FALSE,0.600000001756189
"7d3dc7a372_t70","3pl_g20","heavy_tail","parametric",40,0.7,100,1000,0.692495595812414,0.0470039772032295,0.599269575199649,0.785062078138793,0.687485141299966,0.044924199158685,0.677199635453527,0.0478762882357408,FALSE,0.700000002188977
"7d3dc7a372_t70","3pl_g20","heavy_tail","parametric",40,0.7,250,1000,0.696873306604328,0.0312406058906616,0.641498637046325,0.762341101615088,0.691826354091773,0.029910939131031,0.673821702203524,0.0537691781079014,FALSE,0.700000002188977
"7d3dc7a372_t70","3pl_g20","heavy_tail","parametric",40,0.7,500,1000,0.698220384125874,0.0217261223452976,0.656399100141214,0.742730955173112,0.693194936792991,0.0208155280693143,0.674487451208594,0.0510125863011625,FALSE,0.700000002188977
"7d3dc7a372_t70","3pl_g20","heavy_tail","parametric",40,0.7,1000,1000,0.698797210859827,0.0166964021380858,0.666249772111688,0.732218531891296,0.693789335160869,0.0160392733917694,0.671631331211744,0.0536782470078657,FALSE,0.700000002188977
"7d3dc7a372_t70","3pl_g20","heavy_tail","parametric",40,0.7,2000,1000,0.6996649600916,0.0119110324013876,0.678136343457857,0.723720748417718,0.694637799135925,0.0114710509070906,0.666006473585888,0.0652850185173295,FALSE,0.700000002188977
"7d3dc7a372_t80","3pl_g20","heavy_tail","parametric",40,0.8,100,1000,0.796317932276716,0.0354178799848981,0.729612916127156,0.867961723987543,0.78562213529213,0.0323764426897255,0.755067717514567,0.08616769555189,FALSE,0.800000002709163
"7d3dc7a372_t80","3pl_g20","heavy_tail","parametric",40,0.8,250,1000,0.800846522989374,0.0230314237781311,0.758585141951427,0.84600180236323,0.790097195758446,0.021216985111308,0.746306633345804,0.110314603041977,FALSE,0.800000002709163
"7d3dc7a372_t80","3pl_g20","heavy_tail","parametric",40,0.8,500,1000,0.800986024061265,0.0168162577595525,0.770124059341429,0.835392954363523,0.790346619582442,0.0155639260836373,0.734120581227557,0.131403148540426,FALSE,0.800000002709163
"7d3dc7a372_t80","3pl_g20","heavy_tail","parametric",40,0.8,1000,1000,0.802629165995536,0.0123767967247939,0.780832501005755,0.827875492762499,0.792002547229653,0.011590032875187,0.711286356330283,0.162063141576487,FALSE,0.800000002709163
"7d3dc7a372_t80","3pl_g20","heavy_tail","parametric",40,0.8,2000,1000,0.802543683075469,0.00873789101141088,0.786074511188072,0.820219468370653,0.791876017267661,0.00812406915264954,0.680321744413449,0.194103965307968,FALSE,0.800000002709163
"7d3dc7a372_t90","3pl_g20","heavy_tail","parametric",40,0.9,100,1000,0.893997605012887,0.0193020220808998,0.856596715401772,0.934148994381256,0.878925251209632,0.0153649262816923,0.790551103974158,0.188039394520462,FALSE,0.90000000151601
"7d3dc7a372_t90","3pl_g20","heavy_tail","parametric",40,0.9,250,1000,0.897660070894356,0.0125616327460081,0.872599162701856,0.922566424396825,0.882269829177746,0.0101685695870057,0.740556443007399,0.223698584762908,FALSE,0.90000000151601
"7d3dc7a372_t90","3pl_g20","heavy_tail","parametric",40,0.9,500,1000,0.898432181292777,0.0094958880329651,0.880303537420646,0.917930200006088,0.882966793803825,0.00795209156167936,0.678379522443404,0.264976540756812,FALSE,0.90000000151601
"7d3dc7a372_t90","3pl_g20","heavy_tail","parametric",40,0.9,1000,1000,0.898689355724336,0.00698590704746563,0.886018092297491,0.911994625012365,0.883266667873065,0.00606611071822538,0.618228604508551,0.281899586130674,FALSE,0.90000000151601
"7d3dc7a372_t90","3pl_g20","heavy_tail","parametric",40,0.9,2000,1000,0.898737749786186,0.00485028142571183,0.889629440500198,0.908288231183931,0.883386883917167,0.00404746971433514,0.528947357704591,0.302283272696757,FALSE,0.90000000151601
"7d3dc7a372_t95","3pl_g20","heavy_tail","parametric",40,0.95,100,1000,0.948152478984876,0.0100513786034761,0.92645457920286,0.966728740465152,0.921204808035509,0.00665911104487209,0.550848917032408,0.370656872747415,FALSE,0.950000000512414
"7d3dc7a372_t95","3pl_g20","heavy_tail","parametric",40,0.95,250,1000,0.949258469046924,0.00661182858302087,0.935853832486856,0.96325440820264,0.922600335931597,0.00458850737085387,0.346914567899581,0.353314151432901,FALSE,0.950000000512414
"7d3dc7a372_t95","3pl_g20","heavy_tail","parametric",40,0.95,500,1000,0.949824780441999,0.00455619764933249,0.941372063634121,0.959069294885934,0.923056141500009,0.00338777693841222,0.182933514676462,0.270843742429556,FALSE,0.950000000512414
"7d3dc7a372_t95","3pl_g20","heavy_tail","parametric",40,0.95,1000,1000,0.950150334362151,0.00352523840361504,0.943370155840824,0.957252903036376,0.923483378401323,0.00274167287194462,0.0725301385696515,0.166319987311203,FALSE,0.950000000512414
"7d3dc7a372_t95","3pl_g20","heavy_tail","parametric",40,0.95,2000,1000,0.950330809394627,0.00254026751537083,0.945999874776548,0.955578869745257,0.923667144911,0.00220674669725781,0.016850351996063,0.058269165855495,FALSE,0.950000000512414
"7e68f7b5fe_t50","3pl_g20","normal","irw",60,0.5,100,1000,0.495259134938456,0.0345694893314011,0.421211467671541,0.557281128905414,0.494688612918539,0.0344181697924605,0.494018544072954,0.0343158287262093,TRUE,0.500000000490067
"7e68f7b5fe_t50","3pl_g20","normal","irw",60,0.5,250,1000,0.496024344608904,0.0216240680836994,0.452063089531481,0.538777793996197,0.495449465357138,0.0215233592923938,0.494760639659157,0.0214523363607017,TRUE,0.500000000490067
"7e68f7b5fe_t50","3pl_g20","normal","irw",60,0.5,500,1000,0.497012417566401,0.0151562706177909,0.46659811107242,0.527137973043558,0.496438016301548,0.0150855514276153,0.495748722724177,0.0150355544180844,TRUE,0.500000000490067
"7e68f7b5fe_t50","3pl_g20","normal","irw",60,0.5,1000,1000,0.497026446434545,0.0108416322626178,0.476658331561455,0.518376755942109,0.496450698643467,0.0107911317809269,0.495757717116298,0.0107563890848557,TRUE,0.500000000490067
"7e68f7b5fe_t50","3pl_g20","normal","irw",60,0.5,2000,1000,0.497293965562892,0.00777958626861985,0.481932088317236,0.511906956393734,0.496716483630869,0.0077424461600787,0.496020033217005,0.0077166011314957,TRUE,0.500000000490067
"7e68f7b5fe_t60","3pl_g20","normal","irw",60,0.6,100,1000,0.596896020984671,0.0337463557912756,0.529568840063449,0.65907359335717,0.596051577073587,0.0335177540421298,0.595343176377893,0.0333992631710185,TRUE,0.600000001025057
"7e68f7b5fe_t60","3pl_g20","normal","irw",60,0.6,250,1000,0.59884715141659,0.0209560788681184,0.557630350457497,0.635810075861473,0.598004495588917,0.0208036540959128,0.597289289388285,0.0207213956405839,TRUE,0.600000001025057
"7e68f7b5fe_t60","3pl_g20","normal","irw",60,0.6,500,1000,0.600818051420307,0.0144468562604156,0.572307706228676,0.628797005444154,0.59996870450187,0.0143472154292737,0.599244946214296,0.014297791306907,TRUE,0.600000001025057
"7e68f7b5fe_t60","3pl_g20","normal","irw",60,0.6,1000,1000,0.601641963263547,0.0103781776555512,0.580340030403539,0.621227450705868,0.600784050202203,0.010300191348016,0.600049451128583,0.0102572638664898,TRUE,0.600000001025057
"7e68f7b5fe_t60","3pl_g20","normal","irw",60,0.6,2000,1000,0.601170945462451,0.00721509445815708,0.587032719873259,0.615777191463694,0.600316076272787,0.00716035242425489,0.59958403989794,0.00713040228620798,TRUE,0.600000001025057
"7e68f7b5fe_t70","3pl_g20","normal","irw",60,0.7,100,1000,0.693501723249314,0.027750035295446,0.637394074298823,0.744966817398329,0.690225614327221,0.027173719738962,0.688090504261894,0.0269961109606452,TRUE,0.700000002154209
"7e68f7b5fe_t70","3pl_g20","normal","irw",60,0.7,250,1000,0.696782558981136,0.0178250731489164,0.660673399008791,0.730033234460874,0.693426874915784,0.0174240317339716,0.691215962913693,0.0172757600421856,TRUE,0.700000002154209
"7e68f7b5fe_t70","3pl_g20","normal","irw",60,0.7,500,1000,0.697564541603906,0.0122299839430927,0.67344782594016,0.722057310964547,0.69420369903871,0.011943918747426,0.691994381458131,0.0118422412347944,TRUE,0.700000002154209
"7e68f7b5fe_t70","3pl_g20","normal","irw",60,0.7,1000,1000,0.697741532827224,0.0085880598222492,0.681140640247348,0.713755762213024,0.694371142401435,0.00839861695450654,0.692142583061876,0.00833424817411724,TRUE,0.700000002154209
"7e68f7b5fe_t70","3pl_g20","normal","irw",60,0.7,2000,1000,0.697971765667985,0.00619957289678904,0.685804036372626,0.709734241503561,0.694595956643997,0.00606948468826117,0.692358818444989,0.00603185524707504,TRUE,0.700000002154209
"7e68f7b5fe_t80","3pl_g20","normal","irw",60,0.8,100,1000,0.798500761186702,0.0207899466866367,0.755535634548272,0.83548317832624,0.793765714243,0.0202292224677016,0.791927247286209,0.0201577673497254,TRUE,0.8000000021943
"7e68f7b5fe_t80","3pl_g20","normal","irw",60,0.8,250,1000,0.799437290403337,0.013352926796485,0.770725429990869,0.823886927504483,0.794719192685349,0.0129745774993661,0.79288351679134,0.0129275705777142,TRUE,0.8000000021943
"7e68f7b5fe_t80","3pl_g20","normal","irw",60,0.8,500,1000,0.799338755240291,0.00967165855741304,0.779166422211171,0.817266438817047,0.794619992531615,0.00938862842872568,0.792778256394582,0.00934361006491835,TRUE,0.8000000021943
"7e68f7b5fe_t80","3pl_g20","normal","irw",60,0.8,1000,1000,0.800088192698168,0.00660870510096555,0.785664970850067,0.812568064844219,0.795353924291416,0.00641887623852659,0.793507666574172,0.00639386336147379,TRUE,0.8000000021943
"7e68f7b5fe_t80","3pl_g20","normal","irw",60,0.8,2000,1000,0.799960915819155,0.00477257067244418,0.790584475432516,0.808530278803473,0.795223934235151,0.00463268974764799,0.793369340453364,0.00461255458427236,TRUE,0.8000000021943
"7e68f7b5fe_t90","3pl_g20","normal","irw",60,0.9,100,1000,0.896863073904057,0.0125008529067746,0.869410972896721,0.918581653975866,0.892862907520096,0.0126306338885765,0.892296680204941,0.0127299097859532,TRUE,0.900000000889869
"7e68f7b5fe_t90","3pl_g20","normal","irw",60,0.9,250,1000,0.897706332975269,0.00758790037476763,0.88156894846685,0.910933376521595,0.89368769718332,0.00767921485423074,0.893124560001545,0.00774010595667246,TRUE,0.900000000889869
"7e68f7b5fe_t90","3pl_g20","normal","irw",60,0.9,500,1000,0.898078973715437,0.00527595314539093,0.887188948883004,0.907993818086207,0.894060130462328,0.00531876459098153,0.893500692241756,0.005357575556826,TRUE,0.900000000889869
"7e68f7b5fe_t90","3pl_g20","normal","irw",60,0.9,1000,1000,0.898239651652803,0.00359776881237782,0.890684635079764,0.905062238094286,0.894213986296582,0.00363490646605169,0.893653698838694,0.00366215003286827,TRUE,0.900000000889869
"7e68f7b5fe_t90","3pl_g20","normal","irw",60,0.9,2000,1000,0.898503479280423,0.00262110143871845,0.89321316111284,0.903561790222797,0.894478040419565,0.00265278371142436,0.893918916759082,0.0026739434067463,TRUE,0.900000000889869
"7e68f7b5fe_t95","3pl_g20","normal","irw",60,0.95,100,1000,0.949123453856065,0.00537198467596606,0.937317205221966,0.958676322212698,0.916427638432054,0.0045523294831242,0.878998621396296,0.0541426199858766,TRUE,0.95000000088425
"7e68f7b5fe_t95","3pl_g20","normal","irw",60,0.95,250,1000,0.950028421144658,0.00322528663856166,0.943420441076038,0.956144115967495,0.917036067482724,0.00283958317150754,0.876824527104294,0.0432600285649013,TRUE,0.95000000088425
"7e68f7b5fe_t95","3pl_g20","normal","irw",60,0.95,500,1000,0.949906143320727,0.00225627837625685,0.945428097813174,0.954131378857695,0.91729647091147,0.00201388504136507,0.876308020938778,0.0334858810635075,TRUE,0.95000000088425
"7e68f7b5fe_t95","3pl_g20","normal","irw",60,0.95,1000,1000,0.950092134790297,0.00168520457093606,0.946811188242939,0.953119418529334,0.917206094030153,0.00138505952943591,0.874055980301337,0.0279171358675806,TRUE,0.95000000088425
"7e68f7b5fe_t95","3pl_g20","normal","irw",60,0.95,2000,1000,0.950117614824898,0.0010980125758701,0.947979775844298,0.952111624832,0.917177665223285,0.00101255936027287,0.872063931968821,0.0247309701357003,TRUE,0.95000000088425
"8320ea3e35_t50","3pl_beta","heavy_tail","irw",20,0.5,100,1000,0.502159367454319,0.0616961831192491,0.39204260305235,0.626681180558188,0.48535581125921,0.0590333778478634,0.464339790401302,0.067582931034546,FALSE,0.499999999924206
"8320ea3e35_t50","3pl_beta","heavy_tail","irw",20,0.5,250,1000,0.504604343331758,0.0414412591028114,0.425328844320302,0.589289099853339,0.487503763553812,0.0396754928256479,0.462925156745065,0.0619715298035031,FALSE,0.499999999924206
"8320ea3e35_t50","3pl_beta","heavy_tail","irw",20,0.5,500,1000,0.508522046808661,0.0296605990608855,0.450747815931704,0.573316141828022,0.491230627087192,0.0284173823869746,0.459681809799427,0.0759564655146323,FALSE,0.499999999924206
"8320ea3e35_t50","3pl_beta","heavy_tail","irw",20,0.5,1000,1000,0.508775343727401,0.0211432912915877,0.46808536097367,0.551528378422308,0.491466134248279,0.0202901307921525,0.455472556576371,0.0832399294559507,FALSE,0.499999999924206
"8320ea3e35_t50","3pl_beta","heavy_tail","irw",20,0.5,2000,1000,0.509491715699052,0.0168637004651279,0.480542447334535,0.545276539509146,0.492089747820126,0.0161860801319009,0.427725502483473,0.12900472022389,FALSE,0.499999999924206
"8320ea3e35_t60","3pl_beta","heavy_tail","irw",20,0.6,100,1000,0.59574798739094,0.0528472141357986,0.493158183830216,0.705514780439012,0.588763409594015,0.0497571391788702,0.557410377215063,0.0551082367421959,FALSE,0.600000000665173
"8320ea3e35_t60","3pl_beta","heavy_tail","irw",20,0.6,250,1000,0.600513283700637,0.0363307917945393,0.542267578374824,0.67783553634266,0.5936851223356,0.034457223605317,0.55530691664362,0.062224177007774,FALSE,0.600000000665173
"8320ea3e35_t60","3pl_beta","heavy_tail","irw",20,0.6,500,1000,0.599880362100113,0.0256395090546131,0.554588154826207,0.65162562464885,0.593144424349302,0.024281594079787,0.556289270784475,0.0477273565784167,FALSE,0.600000000665173
"8320ea3e35_t60","3pl_beta","heavy_tail","irw",20,0.6,1000,1000,0.601173273304449,0.0188667084508645,0.567095597011728,0.639353390875095,0.594414868421685,0.0178933823123975,0.548516484417622,0.0631086420993571,FALSE,0.600000000665173
"8320ea3e35_t60","3pl_beta","heavy_tail","irw",20,0.6,2000,1000,0.60122747894611,0.0137059517331856,0.577380423429509,0.628979949165104,0.594536424138628,0.0130786087942463,0.543623878684267,0.0742798707598668,FALSE,0.600000000665173
"8320ea3e35_t70","3pl_beta","heavy_tail","irw",20,0.7,100,1000,0.694787477605341,0.0465169531932568,0.603211594215944,0.791174377223197,0.687025028631683,0.0447748557353606,0.660572154737352,0.0861419835476863,FALSE,0.700000001519838
"8320ea3e35_t70","3pl_beta","heavy_tail","irw",20,0.7,250,1000,0.698989834766916,0.0306378393172382,0.638016688773593,0.763153626913578,0.69113661345611,0.0295171382567733,0.642363615234211,0.1163933151186,FALSE,0.700000001519838
"8320ea3e35_t70","3pl_beta","heavy_tail","irw",20,0.7,500,1000,0.702382155256076,0.0233166289462167,0.658437421354254,0.746342645954865,0.694457483123989,0.0225626567860323,0.631717190536092,0.129594931957926,FALSE,0.700000001519838
"8320ea3e35_t70","3pl_beta","heavy_tail","irw",20,0.7,1000,1000,0.7028939733796,0.0165633186377492,0.672646843668205,0.738807730867534,0.694998060783927,0.0159857996388592,0.604689402033563,0.162320762464893,FALSE,0.700000001519838
"8320ea3e35_t70","3pl_beta","heavy_tail","irw",20,0.7,2000,1000,0.703022546836781,0.0117535138435243,0.682054769131336,0.727404603207358,0.695141121249494,0.0113668644408955,0.559517259147902,0.202584086298161,FALSE,0.700000001519838
"8320ea3e35_t80","3pl_beta","heavy_tail","irw",20,0.8,100,1000,0.795564271956287,0.0334723982999348,0.732549144457851,0.864125378161763,0.760619499708144,0.0271419400972831,0.632167844672865,0.134053911086106,FALSE,0.800000001159289
"8320ea3e35_t80","3pl_beta","heavy_tail","irw",20,0.8,250,1000,0.797775611601602,0.0217353653185231,0.756980658227506,0.843537325820885,0.763166814182226,0.0182430698199554,0.607239989789126,0.151446072281962,FALSE,0.800000001159289
"8320ea3e35_t80","3pl_beta","heavy_tail","irw",20,0.8,500,1000,0.800474371421203,0.0175453107074303,0.768024079692822,0.836669227952193,0.765634124078387,0.0152077979828282,0.571739352633314,0.173035605549431,FALSE,0.800000001159289
"8320ea3e35_t80","3pl_beta","heavy_tail","irw",20,0.8,1000,1000,0.801860200934989,0.0126460562056761,0.780436469468581,0.829203900791704,0.766921801313173,0.0111790748452209,0.521646720587181,0.194186050078388,FALSE,0.800000001159289
"8320ea3e35_t80","3pl_beta","heavy_tail","irw",20,0.8,2000,1000,0.801855172457728,0.00863998147198716,0.785615795298892,0.819910603841976,0.766785203148263,0.00746642069811059,0.477369510837084,0.200224158826007,FALSE,0.800000001159289
"8320ea3e35_t90","3pl_beta","heavy_tail","irw",20,0.9,100,1000,0.89417907523013,0.0204606404169841,0.853936881614338,0.933380748163784,0.881042339735509,0.0164570927009695,0.571221969709555,0.362584425927744,FALSE,0.900000000415079
"8320ea3e35_t90","3pl_beta","heavy_tail","irw",20,0.9,250,1000,0.896250443165626,0.0135912325971867,0.869336195171101,0.92218020694777,0.883363160721717,0.0111342781731587,0.360810971862083,0.360431481159614,FALSE,0.900000000415079
"8320ea3e35_t90","3pl_beta","heavy_tail","irw",20,0.9,500,1000,0.89752763340028,0.0100782941628381,0.878921626483884,0.917001791913465,0.88450172287063,0.00826061256350544,0.205641563333756,0.296208762137986,FALSE,0.900000000415079
"8320ea3e35_t90","3pl_beta","heavy_tail","irw",20,0.9,1000,1000,0.898337318233796,0.00702016689984555,0.885009448696764,0.912039948679066,0.885268397696576,0.00596598720174199,0.0740018069137126,0.171695292171255,FALSE,0.900000000415079
"8320ea3e35_t90","3pl_beta","heavy_tail","irw",20,0.9,2000,1000,0.897990148318476,0.00491062443797043,0.889148366022271,0.907630226862472,0.885015782383477,0.00411570528984125,0.015410629035114,0.0643205301491241,FALSE,0.900000000415079
"837c70723e_t50","3pl_g20","normal","irw",20,0.5,100,1000,0.498594513251234,0.0418391893647882,0.411714273234589,0.579249373954439,0.486927571136883,0.0400252039977444,0.476891998315578,0.0398503150232632,TRUE,0.500000000391715
"837c70723e_t50","3pl_g20","normal","irw",20,0.5,250,1000,0.499068808319078,0.0252181438728761,0.449019979294693,0.548249302425666,0.487342419675975,0.0240876349555204,0.477218626947527,0.0239673645244942,TRUE,0.500000000391715
"837c70723e_t50","3pl_g20","normal","irw",20,0.5,500,1000,0.499058576807673,0.0190238362256463,0.461611255291946,0.534058562413057,0.487311065670877,0.018188669333223,0.477145629040031,0.0181069682204462,TRUE,0.500000000391715
"837c70723e_t50","3pl_g20","normal","irw",20,0.5,1000,1000,0.499087973921891,0.0136196105471086,0.471658833805452,0.526022472943158,0.487319474640304,0.0130209938978062,0.477136953579574,0.0129745341354453,TRUE,0.500000000391715
"837c70723e_t50","3pl_g20","normal","irw",20,0.5,2000,1000,0.499797926944385,0.00949451668286069,0.480847588386607,0.518599740874148,0.488002755078098,0.00907164733222941,0.477814102865934,0.00903539212743151,TRUE,0.500000000391715
"837c70723e_t60","3pl_g20","normal","irw",20,0.6,100,1000,0.597101817721239,0.0325800632454679,0.525994527293789,0.655946861139009,0.595667365700301,0.0322867664069327,0.594508188066687,0.0321780645769571,TRUE,0.600000000303897
"837c70723e_t60","3pl_g20","normal","irw",20,0.6,250,1000,0.598424749970113,0.0198450760950527,0.558931338310889,0.635675611074239,0.596998447039931,0.0196638256689653,0.595841582004888,0.0195866081974339,TRUE,0.600000000303897
"837c70723e_t60","3pl_g20","normal","irw",20,0.6,500,1000,0.600012209109459,0.013777932336289,0.57269916588674,0.625240148259797,0.598567113506847,0.0136466295292794,0.59738996877189,0.0135914448866961,TRUE,0.600000000303897
"837c70723e_t60","3pl_g20","normal","irw",20,0.6,1000,1000,0.59901084067557,0.00975535697903444,0.579362905355156,0.617108987989962,0.597580562058682,0.00966590352715055,0.596405785527194,0.0096245256139545,TRUE,0.600000000303897
"837c70723e_t60","3pl_g20","normal","irw",20,0.6,2000,1000,0.599466220427429,0.00714655597279916,0.585609569595398,0.612770902438403,0.598030175784862,0.00707829134569499,0.59685437717326,0.00704729807472823,TRUE,0.600000000303897
"837c70723e_t70","3pl_g20","normal","irw",20,0.7,100,1000,0.693226725631447,0.0285811435156073,0.634996257458431,0.744701454049743,0.690418137923377,0.0280337775887468,0.68879393292747,0.0278139579506366,TRUE,0.700000001225414
"837c70723e_t70","3pl_g20","normal","irw",20,0.7,250,1000,0.694928702021328,0.0184063116241793,0.657522843901384,0.727480138702689,0.692121695287854,0.0180530390945237,0.690483941992958,0.0179097981804626,TRUE,0.700000001225414
"837c70723e_t70","3pl_g20","normal","irw",20,0.7,500,1000,0.695719450077711,0.0127492970064374,0.66963066221898,0.721236098113493,0.692912289086474,0.012496143559026,0.691262078522705,0.0123779090409189,TRUE,0.700000001225414
"837c70723e_t70","3pl_g20","normal","irw",20,0.7,1000,1000,0.696277476654592,0.0089302495906746,0.677500837802207,0.712491550392683,0.693450282558123,0.00874984666481552,0.69177069038505,0.00865970204197549,TRUE,0.700000001225414
"837c70723e_t70","3pl_g20","normal","irw",20,0.7,2000,1000,0.696037797335168,0.00627520087811498,0.683999424446032,0.708155348965127,0.69321715198118,0.0061516583608426,0.691565499868611,0.00610025285474983,TRUE,0.700000001225414
"837c70723e_t80","3pl_g20","normal","irw",20,0.8,100,1000,0.797806201191536,0.0178043459222897,0.761503833798472,0.830134302324165,0.758382704779384,0.0130128701169303,0.698653203731592,0.0376103329101427,TRUE,0.800000002110251
"837c70723e_t80","3pl_g20","normal","irw",20,0.8,250,1000,0.798227101806746,0.0116966735212596,0.774826405393406,0.818617512057428,0.75906810389112,0.00860854450163841,0.697540559070459,0.0274071608460725,TRUE,0.800000002110251
"837c70723e_t80","3pl_g20","normal","irw",20,0.8,500,1000,0.798739845240786,0.00832513250730093,0.781358837473264,0.814172753552052,0.759384881337386,0.00601387146664602,0.697348304028769,0.0189550511346159,TRUE,0.800000002110251
"837c70723e_t80","3pl_g20","normal","irw",20,0.8,1000,1000,0.798964959312697,0.00567793575138062,0.78739068417713,0.809919141431138,0.759540307069593,0.00411735663933276,0.696546854938613,0.0150361992209288,TRUE,0.800000002110251
"837c70723e_t80","3pl_g20","normal","irw",20,0.8,2000,1000,0.799096928600745,0.00401818292958853,0.791193998921257,0.806726563401997,0.759717767695863,0.00294131480679179,0.696813050048473,0.0109250308944466,TRUE,0.800000002110251
"837c70723e_t90","3pl_g20","normal","irw",20,0.9,100,1000,0.898138224758966,0.0129444148389356,0.870421725499167,0.919978130022395,0.878051895056417,0.0107823173996829,0.751007247612341,0.190834837407896,TRUE,0.900000000310815
"837c70723e_t90","3pl_g20","normal","irw",20,0.9,250,1000,0.899039547708631,0.00773651714948122,0.882629210902636,0.912622165288042,0.878760083423417,0.00617462754411083,0.716466350428769,0.185415512366567,TRUE,0.900000000310815
"837c70723e_t90","3pl_g20","normal","irw",20,0.9,500,1000,0.899830394239555,0.00539785200996028,0.888420510601941,0.909693523401335,0.879480516875929,0.00434903179559741,0.675027151125248,0.190575145247219,TRUE,0.900000000310815
"837c70723e_t90","3pl_g20","normal","irw",20,0.9,1000,1000,0.899675328436579,0.00391353151518672,0.891851527023834,0.906386438121013,0.879560436986654,0.00310935926620752,0.641013779342088,0.193611772325025,TRUE,0.900000000310815
"837c70723e_t90","3pl_g20","normal","irw",20,0.9,2000,1000,0.899980025372482,0.00279244940838771,0.894683533425985,0.90509176284214,0.879711380990081,0.00222275930785769,0.592947025947499,0.192408567917017,TRUE,0.900000000310815
"837c70723e_t95","3pl_g20","normal","irw",20,0.95,100,1000,0.948869509346232,0.00584701127769586,0.936501975605882,0.958940279805948,0.922363443857115,0.00789353298971341,0.510888638387994,0.391399331851917,TRUE,0.950000000056346
"837c70723e_t95","3pl_g20","normal","irw",20,0.95,250,1000,0.949268333315993,0.00375262983901999,0.940882762549948,0.955632763070974,0.922859547560861,0.00500054021806523,0.303968835038878,0.341549789737017,TRUE,0.950000000056346
"837c70723e_t95","3pl_g20","normal","irw",20,0.95,500,1000,0.949405844336118,0.00256681601403473,0.943575197658287,0.954239711803627,0.922730160310421,0.00352019301180543,0.138263754016788,0.234924526213336,TRUE,0.950000000056346
"837c70723e_t95","3pl_g20","normal","irw",20,0.95,1000,1000,0.949539256564892,0.0018300687135159,0.945933539353551,0.9530466402619,0.922962869191951,0.00250110103734533,0.0492423624167396,0.119949878953233,TRUE,0.950000000056346
"837c70723e_t95","3pl_g20","normal","irw",20,0.95,2000,1000,0.949555824967636,0.00128220604774757,0.947019414266993,0.951942544753404,0.923015797070911,0.00173787194521898,0.0128094464893562,0.0391933191193747,TRUE,0.950000000056346
"857e5b810e_t50","3pl_beta","heavy_tail","irw",60,0.5,100,1000,0.463945539564392,0.0550183237394894,0.370609738370337,0.581615515029705,0.463519452482392,0.0546370575938442,0.462509603354251,0.0530545008446701,FALSE,0.500000000869968
"857e5b810e_t50","3pl_beta","heavy_tail","irw",60,0.5,250,1000,0.462710880105497,0.0375888651828834,0.39990950998139,0.548115235091742,0.462317404955838,0.0373537195130748,0.461252911058443,0.0358451585219101,FALSE,0.500000000869968
"857e5b810e_t50","3pl_beta","heavy_tail","irw",60,0.5,500,1000,0.466162671561402,0.0283603361246538,0.415260664384169,0.529064235947004,0.465767660652989,0.0281977222229991,0.464234991172138,0.0268785403996234,FALSE,0.500000000869968
"857e5b810e_t50","3pl_beta","heavy_tail","irw",60,0.5,1000,1000,0.466527332769381,0.0214481537040142,0.429395709755864,0.507538368541556,0.466142323243808,0.0213365391281289,0.46400503557652,0.0247137221658722,FALSE,0.500000000869968
"857e5b810e_t50","3pl_beta","heavy_tail","irw",60,0.5,2000,1000,0.467692682428793,0.0160678835556699,0.44045247920954,0.497668301951193,0.467302286954682,0.0159849326269694,0.465366528930688,0.0171879076568405,FALSE,0.500000000869968
"857e5b810e_t60","3pl_beta","heavy_tail","irw",60,0.6,100,1000,0.598240606817384,0.0532808628374949,0.50118101520131,0.71275523512596,0.597106749504775,0.0524526446203229,0.594538258791528,0.0503375453839376,FALSE,0.600000000680452
"857e5b810e_t60","3pl_beta","heavy_tail","irw",60,0.6,250,1000,0.6017579785649,0.0371474059054532,0.53457051233698,0.681741254385321,0.600688254130014,0.0366638723721286,0.59642071345091,0.0385629970287073,FALSE,0.600000000680452
"857e5b810e_t60","3pl_beta","heavy_tail","irw",60,0.6,500,1000,0.602473045928327,0.0265205663611319,0.554540581483405,0.66060812252966,0.601420010798303,0.0261851114758591,0.597652897077033,0.0306959962199207,FALSE,0.600000000680452
"857e5b810e_t60","3pl_beta","heavy_tail","irw",60,0.6,1000,1000,0.603177021981521,0.0191781086288042,0.567432331007095,0.642641049380866,0.602133133394302,0.0189487361957976,0.597746900824382,0.0258791313928323,FALSE,0.600000000680452
"857e5b810e_t60","3pl_beta","heavy_tail","irw",60,0.6,2000,1000,0.603227139352085,0.0139321219959036,0.577947982597742,0.631476186767321,0.602192429969895,0.0137738924091404,0.597917773943352,0.0234282597637819,FALSE,0.600000000680452
"857e5b810e_t70","3pl_beta","heavy_tail","irw",60,0.7,100,1000,0.688915638189077,0.0477706927601464,0.587991302696441,0.781647940453489,0.688284868194513,0.0471970416733723,0.685449510142408,0.0471153715302372,FALSE,0.700000001864314
"857e5b810e_t70","3pl_beta","heavy_tail","irw",60,0.7,250,1000,0.696521055410135,0.0328814223175767,0.633016147338073,0.760833722071862,0.695891307995378,0.0324812362511724,0.690526803072066,0.0457741662027721,FALSE,0.700000001864314
"857e5b810e_t70","3pl_beta","heavy_tail","irw",60,0.7,500,1000,0.697702715972992,0.0223936760141873,0.657461203635112,0.743309577363811,0.697077607897043,0.0221045572760495,0.69109953232839,0.0371673342686118,FALSE,0.700000001864314
"857e5b810e_t70","3pl_beta","heavy_tail","irw",60,0.7,1000,1000,0.697900355414241,0.018005595701649,0.663585906861221,0.737616274850964,0.697287090289131,0.0177888521385374,0.683937060447372,0.0697332919591942,FALSE,0.700000001864314
"857e5b810e_t70","3pl_beta","heavy_tail","irw",60,0.7,2000,1000,0.698453812506934,0.0124544374098998,0.67599913997739,0.722883987285541,0.697841846612754,0.0123154293131061,0.683186690969169,0.0651712671157105,FALSE,0.700000001864314
"857e5b810e_t80","3pl_beta","heavy_tail","irw",60,0.8,100,1000,0.793974027391101,0.0344558646383084,0.725846055451801,0.861062144096162,0.791023012425168,0.0329225163455388,0.78341505270027,0.0472434945101744,FALSE,0.800000002361311
"857e5b810e_t80","3pl_beta","heavy_tail","irw",60,0.8,250,1000,0.798133591824382,0.0246250208444839,0.750334052033828,0.844254550824062,0.795134898081991,0.0235287629242102,0.780328714948119,0.0697416640214465,FALSE,0.800000002361311
"857e5b810e_t80","3pl_beta","heavy_tail","irw",60,0.8,500,1000,0.797981670487096,0.0175624805648001,0.765156037641843,0.834613639918258,0.795084283306909,0.0168567252510611,0.77674124071189,0.0780766837566336,FALSE,0.800000002361311
"857e5b810e_t80","3pl_beta","heavy_tail","irw",60,0.8,1000,1000,0.800190390741371,0.0120639564703069,0.777209658444078,0.823940447779221,0.797236058253022,0.0115765833594108,0.774967141932843,0.0887304930300194,FALSE,0.800000002361311
"857e5b810e_t80","3pl_beta","heavy_tail","irw",60,0.8,2000,1000,0.800724533099391,0.0093992884520019,0.783991808875005,0.820706776596466,0.797753167435627,0.00900707686832406,0.760554884533897,0.12221440370643,FALSE,0.800000002361311
"857e5b810e_t90","3pl_beta","heavy_tail","irw",60,0.9,100,1000,0.897717349265434,0.0191486897675598,0.857569835477759,0.932615887740876,0.882739607828527,0.0151209448880677,0.823213131815518,0.131769187817281,FALSE,0.900000001841617
"857e5b810e_t90","3pl_beta","heavy_tail","irw",60,0.9,250,1000,0.899200983867806,0.0127705572377041,0.874074818638483,0.924770756266004,0.884201744897397,0.010224652538947,0.801442644807232,0.155848100065035,FALSE,0.900000001841617
"857e5b810e_t90","3pl_beta","heavy_tail","irw",60,0.9,500,1000,0.900390196492682,0.00928099293012111,0.883558448538197,0.918890570680855,0.885357822826927,0.00756441096058038,0.770393690624923,0.189917636579984,FALSE,0.900000001841617
"857e5b810e_t90","3pl_beta","heavy_tail","irw",60,0.9,1000,1000,0.900729338173526,0.00674633761220155,0.888345038175679,0.914278090183263,0.885754640910038,0.00566995842780699,0.734781519342694,0.215170632866908,FALSE,0.900000001841617
"857e5b810e_t90","3pl_beta","heavy_tail","irw",60,0.9,2000,1000,0.900938036819571,0.00496874458082639,0.891631085879258,0.911281706654999,0.885926529483169,0.0041895913090004,0.678878701015731,0.24633235643256,FALSE,0.900000001841617
"857e5b810e_t95","3pl_beta","heavy_tail","irw",60,0.95,100,1000,0.94714481138132,0.0102020056237027,0.92679012798128,0.966784655689444,0.922386433191267,0.00731789557928989,0.691243141427698,0.283520100515257,FALSE,0.950000000668517
"857e5b810e_t95","3pl_beta","heavy_tail","irw",60,0.95,250,1000,0.948445601090006,0.00679077040048527,0.935204413436545,0.961768012680572,0.923839358978125,0.00521866308639019,0.571067601595518,0.313870002503031,FALSE,0.950000000668517
"857e5b810e_t95","3pl_beta","heavy_tail","irw",60,0.95,500,1000,0.94895628235137,0.00503766595897136,0.939430413838582,0.958936838831799,0.924154341776885,0.00385238755112343,0.466399075592014,0.316970370895378,FALSE,0.950000000668517
"857e5b810e_t95","3pl_beta","heavy_tail","irw",60,0.95,1000,1000,0.949229771622292,0.00357687962179189,0.942689152209071,0.956116460156841,0.92451310080599,0.00301087546138096,0.31118885975529,0.287179705577344,FALSE,0.950000000668517
"857e5b810e_t95","3pl_beta","heavy_tail","irw",60,0.95,2000,1000,0.94943473364697,0.00273748185804588,0.94488401065482,0.954822333474748,0.924634976063118,0.00253644228295803,0.202543787817788,0.234972925205571,FALSE,0.950000000668517
"862b4710eb_t50","3pl_g20","skew_pos","parametric",20,0.5,100,1000,0.49295701211665,0.0419660255990257,0.41324230820885,0.576924715386539,0.491134706234116,0.0411838291540643,0.488191757135392,0.03984949339052,TRUE,0.500000000291852
"862b4710eb_t50","3pl_g20","skew_pos","parametric",20,0.5,250,1000,0.492067269407718,0.0288060913516117,0.436976365146079,0.548721304039237,0.490307184338796,0.0282941873329322,0.487357275613036,0.02740293994661,TRUE,0.500000000291852
"862b4710eb_t50","3pl_g20","skew_pos","parametric",20,0.5,500,1000,0.494189291209165,0.0193634259121456,0.456894362790541,0.533690877748947,0.492422723801985,0.0190139503454949,0.489435050586328,0.0183700401796489,TRUE,0.500000000291852
"862b4710eb_t50","3pl_g20","skew_pos","parametric",20,0.5,1000,1000,0.49387067568436,0.0144403589683639,0.465657473078516,0.522977984021595,0.492123137648869,0.0141782327013763,0.489148443745493,0.0136896747578503,TRUE,0.500000000291852
"862b4710eb_t50","3pl_g20","skew_pos","parametric",20,0.5,2000,1000,0.494529819263586,0.00988703807885646,0.475497220325932,0.51363143005109,0.492774541628311,0.00970943621229563,0.489758221927308,0.00935443373501741,TRUE,0.500000000291852
"862b4710eb_t60","3pl_g20","skew_pos","parametric",20,0.6,100,1000,0.591204453388948,0.0427327445187918,0.504119822929147,0.673051210264705,0.585206089387825,0.0412580807053389,0.578766950209762,0.0394916192003226,TRUE,0.599999961916782
"862b4710eb_t60","3pl_g20","skew_pos","parametric",20,0.6,250,1000,0.593520819466053,0.0265463181400773,0.539910515072351,0.644072772235434,0.58755351392301,0.0256730919080012,0.581120287890063,0.024576252472264,TRUE,0.599999961916782
"862b4710eb_t60","3pl_g20","skew_pos","parametric",20,0.6,500,1000,0.595398868348819,0.0180372584353742,0.558704244559993,0.630208467594338,0.589352736714882,0.0174099161227059,0.58271125798603,0.0165583064230154,TRUE,0.599999961916782
"862b4710eb_t60","3pl_g20","skew_pos","parametric",20,0.6,1000,1000,0.595838357210642,0.012279333458698,0.572113146472976,0.620204759322476,0.589797862733736,0.0118710020629096,0.583167257989001,0.0113316172898085,TRUE,0.599999961916782
"862b4710eb_t60","3pl_g20","skew_pos","parametric",20,0.6,2000,1000,0.596029206650706,0.00940661923150158,0.577134167675963,0.614344420450522,0.589983126684258,0.00907873353314603,0.583324796489817,0.00857074351860173,TRUE,0.599999961916782
"862b4710eb_t70","3pl_g20","skew_pos","parametric",20,0.7,100,1000,0.696777910986382,0.0346286572535806,0.630647047223353,0.763234492157612,0.688873865573635,0.0324225166623278,0.68047015118391,0.0289658102194681,TRUE,0.700000001090996
"862b4710eb_t70","3pl_g20","skew_pos","parametric",20,0.7,250,1000,0.699337723798534,0.0241876993508772,0.648200701624513,0.743698860241193,0.691398828265722,0.0226505071207672,0.681675981870061,0.0215492672777554,TRUE,0.700000001090996
"862b4710eb_t70","3pl_g20","skew_pos","parametric",20,0.7,500,1000,0.70146325824598,0.0157659783343021,0.671616772149977,0.732312831647468,0.693428281195201,0.0147177194180134,0.68380916198407,0.012800475566171,TRUE,0.700000001090996
"862b4710eb_t70","3pl_g20","skew_pos","parametric",20,0.7,1000,1000,0.701827589875266,0.0111504923552157,0.679236618062404,0.722668368239404,0.693823250286119,0.0104216011011576,0.683946551356132,0.00937829316533931,TRUE,0.700000001090996
"862b4710eb_t70","3pl_g20","skew_pos","parametric",20,0.7,2000,1000,0.70136213888799,0.007983600275239,0.685489414985654,0.716834590516769,0.693402206538441,0.0074676597568552,0.683609016836475,0.00718902551519127,TRUE,0.700000001090996
"862b4710eb_t80","3pl_g20","skew_pos","parametric",20,0.8,100,1000,0.795192581952268,0.0277476491214929,0.737546331539334,0.844519140177685,0.78214614437339,0.024891012232883,0.76383628745657,0.0301683870934416,TRUE,0.800000000407977
"862b4710eb_t80","3pl_g20","skew_pos","parametric",20,0.8,250,1000,0.799107050164515,0.017363606916059,0.763628343025426,0.829882272344812,0.78591017785682,0.0155621483391827,0.764039802973269,0.0302953261713283,TRUE,0.800000000407977
"862b4710eb_t80","3pl_g20","skew_pos","parametric",20,0.8,500,1000,0.799677606145739,0.0119101118247084,0.776664772296369,0.822174175656768,0.786496899150627,0.0106140222030154,0.764110631381321,0.0204419013778332,TRUE,0.800000000407977
"862b4710eb_t80","3pl_g20","skew_pos","parametric",20,0.8,1000,1000,0.799506139832508,0.00837266370747799,0.782797456876488,0.815456185004805,0.786365328204396,0.00749318630732696,0.762758368135812,0.0277899842553958,TRUE,0.800000000407977
"862b4710eb_t80","3pl_g20","skew_pos","parametric",20,0.8,2000,1000,0.800003265042484,0.00596116411077214,0.788007175594166,0.811030602555785,0.786837756966534,0.00528412032505583,0.76356588060864,0.0161667043783641,TRUE,0.800000000407977
"862b4710eb_t90","3pl_g20","skew_pos","parametric",20,0.9,100,1000,0.898606951035737,0.0144976533155536,0.868470348337153,0.923921925399239,0.865558620723119,0.0106057210551981,0.768170205325483,0.154674035476112,TRUE,0.900000000948647
"862b4710eb_t90","3pl_g20","skew_pos","parametric",20,0.9,250,1000,0.900477774741023,0.00927258525919384,0.88072913418442,0.917055329246339,0.867256960690779,0.00677724419323535,0.712921528723284,0.182090061378583,TRUE,0.900000000948647
"862b4710eb_t90","3pl_g20","skew_pos","parametric",20,0.9,500,1000,0.901392275231798,0.00613911751592654,0.888228504525971,0.912947063743358,0.868167281159164,0.0044440898275494,0.677769806800591,0.182452040155282,TRUE,0.900000000948647
"862b4710eb_t90","3pl_g20","skew_pos","parametric",20,0.9,1000,1000,0.90124711706035,0.00464292268007828,0.891878431745022,0.910520985455191,0.868083691634242,0.00327922037918106,0.644021709097542,0.185485813954937,TRUE,0.900000000948647
"862b4710eb_t90","3pl_g20","skew_pos","parametric",20,0.9,2000,1000,0.9013894107504,0.00322804600565851,0.895220139316652,0.907298639041539,0.868222914026844,0.00230388636891236,0.596631905583881,0.185917508616013,TRUE,0.900000000948647
"862b4710eb_t95","3pl_g20","skew_pos","parametric",20,0.95,100,1000,0.948876686471319,0.00840435973104704,0.930337938297624,0.962806375605672,0.927624498660288,0.0062488797396302,0.572475980918617,0.366399448634068,TRUE,0.950000000455051
"862b4710eb_t95","3pl_g20","skew_pos","parametric",20,0.95,250,1000,0.950350567077341,0.00505645023582059,0.939359053493902,0.959106792071007,0.928746528074203,0.00378242906585097,0.34236216434641,0.338065495230782,TRUE,0.950000000455051
"862b4710eb_t95","3pl_g20","skew_pos","parametric",20,0.95,500,1000,0.950391768968115,0.00354428981991929,0.943208445507367,0.95695059464778,0.928904623743778,0.00265149111866133,0.216990819190427,0.266128262928196,TRUE,0.950000000455051
"862b4710eb_t95","3pl_g20","skew_pos","parametric",20,0.95,1000,1000,0.95050007026232,0.00257610263123272,0.945116437178368,0.955258642578983,0.929044714684645,0.00190061250167715,0.110699729129569,0.163366914442122,TRUE,0.950000000455051
"862b4710eb_t95","3pl_g20","skew_pos","parametric",20,0.95,2000,1000,0.950616563964101,0.00178470654015788,0.947186414391315,0.954006719317293,0.929153745810371,0.0012937639328886,0.0504850669652449,0.0833347154435817,TRUE,0.950000000455051
"877051b144_t50","3pl_beta","bimodal","parametric",40,0.5,100,1000,0.497391092791781,0.0265506873548631,0.443526823780101,0.545325552758902,0.496855482540426,0.0264357872455769,0.496246493592591,0.026362128983865,TRUE,0.500000000767373
"877051b144_t50","3pl_beta","bimodal","parametric",40,0.5,250,1000,0.498730064503571,0.0164715419127615,0.466386280432205,0.529638375876243,0.498192330536105,0.0163989775484235,0.497576980623435,0.0163533085151889,TRUE,0.500000000767373
"877051b144_t50","3pl_beta","bimodal","parametric",40,0.5,500,1000,0.498799057480455,0.0117465758056649,0.475226871256154,0.519924962666203,0.498264281483686,0.011694744331218,0.497650265365113,0.0116610265704464,TRUE,0.500000000767373
"877051b144_t50","3pl_beta","bimodal","parametric",40,0.5,1000,1000,0.498861701630369,0.00831113722873274,0.482645246242091,0.515578328835188,0.498327182437819,0.00827494017341028,0.497712481586573,0.00825247741952131,TRUE,0.500000000767373
"877051b144_t50","3pl_beta","bimodal","parametric",40,0.5,2000,1000,0.499454762676428,0.00545982758440973,0.488317732857862,0.509587986840995,0.498918271753769,0.00543578474203505,0.498301561956037,0.00542029616713986,TRUE,0.500000000767373
"877051b144_t60","3pl_beta","bimodal","parametric",40,0.6,100,1000,0.603008878693119,0.0247949700915569,0.553392609753116,0.649809019090209,0.601834012874205,0.0245432051020992,0.600897209520489,0.0244190568484524,TRUE,0.600000000597106
"877051b144_t60","3pl_beta","bimodal","parametric",40,0.6,250,1000,0.603972868865083,0.0154967915287759,0.572774456617363,0.63312604065577,0.602810478498847,0.0153540296626907,0.601883527029977,0.0152905415665036,TRUE,0.600000000597106
"877051b144_t60","3pl_beta","bimodal","parametric",40,0.6,500,1000,0.604115854036255,0.010711738502593,0.582580499881221,0.6246265111253,0.602950734747627,0.0106148247037322,0.602015571908881,0.0105727098636273,TRUE,0.600000000597106
"877051b144_t60","3pl_beta","bimodal","parametric",40,0.6,1000,1000,0.604376850186343,0.00761149716808639,0.588617447279319,0.619048542990172,0.603204138658348,0.00753599996427098,0.602259735460068,0.00749959295130591,TRUE,0.600000000597106
"877051b144_t60","3pl_beta","bimodal","parametric",40,0.6,2000,1000,0.604566071220319,0.00547332957225714,0.593440487763205,0.615010103562144,0.603399110280678,0.00542245464862994,0.602462612926739,0.00540072263604167,TRUE,0.600000000597106
"877051b144_t70","3pl_beta","bimodal","parametric",40,0.7,100,1000,0.700055071490129,0.0205491814093765,0.657298286788965,0.735878783167665,0.695678185946553,0.0200132918118449,0.693023703897396,0.0199025535440559,TRUE,0.700000002867171
"877051b144_t70","3pl_beta","bimodal","parametric",40,0.7,250,1000,0.700721204548038,0.0129596390470716,0.673508943123072,0.724063189181602,0.696331112961762,0.0126038559126752,0.693657713949569,0.012527171944216,TRUE,0.700000002867171
"877051b144_t70","3pl_beta","bimodal","parametric",40,0.7,500,1000,0.700292647710413,0.00929390659191282,0.682533510555388,0.718285272151932,0.695899223872454,0.00903525659819151,0.693204173176917,0.00897788165156399,TRUE,0.700000002867171
"877051b144_t70","3pl_beta","bimodal","parametric",40,0.7,1000,1000,0.700607778872746,0.00649927530324142,0.686954165317324,0.712814261388216,0.696216070689112,0.00631548473305244,0.693520456426177,0.00626622552522611,TRUE,0.700000002867171
"877051b144_t70","3pl_beta","bimodal","parametric",40,0.7,2000,1000,0.700827260056485,0.00458171722128534,0.692241506384399,0.709323630127129,0.696426618506468,0.00446080598487776,0.693722297851937,0.00443764885090735,TRUE,0.700000002867171
"877051b144_t80","3pl_beta","bimodal","parametric",40,0.8,100,1000,0.797012986555841,0.0162807634975345,0.76303259279385,0.827591404610955,0.790779554451445,0.0156951601252763,0.788583834162766,0.01562342538975,TRUE,0.800000002362963
"877051b144_t80","3pl_beta","bimodal","parametric",40,0.8,250,1000,0.797541033526261,0.0101385540116338,0.776581213560462,0.817413466908485,0.791276654862557,0.00983649606043498,0.789053251144957,0.00982721902296721,TRUE,0.800000002362963
"877051b144_t80","3pl_beta","bimodal","parametric",40,0.8,500,1000,0.798611971467218,0.00713248278109556,0.784362992473989,0.811745979783653,0.792292701181422,0.00687515181762747,0.790049380989826,0.00683750448745081,TRUE,0.800000002362963
"877051b144_t80","3pl_beta","bimodal","parametric",40,0.8,1000,1000,0.798201460707312,0.0051016349660957,0.788306709728877,0.807935192798329,0.791887824081453,0.00491474621933201,0.78963415789156,0.00489481992123983,TRUE,0.800000002362963
"877051b144_t80","3pl_beta","bimodal","parametric",40,0.8,2000,1000,0.798446756539598,0.00370193984398947,0.791107111282217,0.805467269901419,0.792126305833491,0.00356972809651205,0.789872749765575,0.00355170014501566,TRUE,0.800000002362963
"877051b144_t90","3pl_beta","bimodal","parametric",40,0.9,100,1000,0.899644993994641,0.0074730212733471,0.884227537860564,0.9128873025495,0.886366639748016,0.00619778741200321,0.87971284247191,0.0109272250413628,TRUE,0.900000000773591
"877051b144_t90","3pl_beta","bimodal","parametric",40,0.9,250,1000,0.900182629550667,0.00473851990336894,0.890420634346569,0.908913749721455,0.886881205043801,0.00383326672609585,0.880180311121514,0.00676415197028752,TRUE,0.900000000773591
"877051b144_t90","3pl_beta","bimodal","parametric",40,0.9,500,1000,0.90005305181644,0.00316906250833111,0.893716249140901,0.905742824234033,0.886766642162658,0.00259713181838769,0.880068315012281,0.00453613037840305,TRUE,0.900000000773591
"877051b144_t90","3pl_beta","bimodal","parametric",40,0.9,1000,1000,0.9000940408761,0.00242543315306544,0.89527478329464,0.904515643654832,0.886842870476557,0.00192616114081044,0.880112914782365,0.00326383652860758,TRUE,0.900000000773591
"877051b144_t90","3pl_beta","bimodal","parametric",40,0.9,2000,1000,0.900177046872583,0.00169297138945029,0.896710467870016,0.903308589859099,0.886920793481275,0.00136079041210008,0.880148770042867,0.00242096365258411,TRUE,0.900000000773591
"877051b144_t95","3pl_beta","bimodal","parametric",40,0.95,100,1000,0.949298358401525,0.00394182923255599,0.94065054948261,0.956069028142071,0.93858154811332,0.00352600913447007,0.933073702490339,0.0439767856999941,TRUE,0.950000000009772
"877051b144_t95","3pl_beta","bimodal","parametric",40,0.95,250,1000,0.949455418150577,0.0023948704542718,0.944562106031705,0.953974170062671,0.938672411466716,0.00217340763665771,0.933253924450982,0.0288810023796269,TRUE,0.950000000009772
"877051b144_t95","3pl_beta","bimodal","parametric",40,0.95,500,1000,0.949634296571328,0.00171052821076029,0.946182348483409,0.952890053797723,0.938845871162391,0.00154920225206157,0.934498842452528,0.0132552611723733,TRUE,0.950000000009772
"877051b144_t95","3pl_beta","bimodal","parametric",40,0.95,1000,1000,0.949632539511848,0.00119997595221489,0.94715945123405,0.951909210049377,0.938816476714972,0.00105141426810815,0.933251503964328,0.0170046940892462,TRUE,0.950000000009772
"877051b144_t95","3pl_beta","bimodal","parametric",40,0.95,2000,1000,0.949644956242311,0.000874215933259585,0.948005299391118,0.951446680669567,0.9388742285119,0.00075675807704374,0.933073100316101,0.0148020407565467,TRUE,0.950000000009772
"88f779a86c_t50","2pl","skew_pos","parametric",20,0.5,100,1000,0.490503132903461,0.0445764466096162,0.40509898469865,0.576908307881782,0.489268379460119,0.0439361938205804,0.487334740331709,0.0429367404054193,TRUE,0.500000000464448
"88f779a86c_t50","2pl","skew_pos","parametric",20,0.5,250,1000,0.496216616770816,0.028523270077782,0.440957316889969,0.550787798029599,0.494965433204753,0.0281154526604049,0.492982211706728,0.0275042359873197,TRUE,0.500000000464448
"88f779a86c_t50","2pl","skew_pos","parametric",20,0.5,500,1000,0.497215571765672,0.0197297945986906,0.458884490198836,0.535675964113548,0.495969862808636,0.0194504762169408,0.493940029038601,0.0190269923379577,TRUE,0.500000000464448
"88f779a86c_t50","2pl","skew_pos","parametric",20,0.5,1000,1000,0.497539017881346,0.0138871354273519,0.469174318352448,0.525173505394577,0.4962954041707,0.0136867947266941,0.494262869264197,0.0133681045216297,TRUE,0.500000000464448
"88f779a86c_t50","2pl","skew_pos","parametric",20,0.5,2000,1000,0.498332064178384,0.0101246259992724,0.478553378991132,0.518986457432606,0.497084524108372,0.00998077385810361,0.495049342678036,0.00976095290561757,TRUE,0.500000000464448
"88f779a86c_t60","2pl","skew_pos","parametric",20,0.6,100,1000,0.597415580744223,0.0436582961891351,0.509137324746849,0.677062002993457,0.594389973778665,0.0423776728992038,0.590769963961694,0.0407710632926821,TRUE,0.600000001080098
"88f779a86c_t60","2pl","skew_pos","parametric",20,0.6,250,1000,0.599519417451296,0.0270069637611819,0.546661592743679,0.649272093543998,0.596547797554563,0.0262322703873313,0.592864066379571,0.025144075507735,TRUE,0.600000001080098
"88f779a86c_t60","2pl","skew_pos","parametric",20,0.6,500,1000,0.599279776964953,0.0196027302228667,0.560922269412906,0.638438367953316,0.596347081022551,0.0190333137817808,0.592707364091615,0.0182791005315276,TRUE,0.600000001080098
"88f779a86c_t60","2pl","skew_pos","parametric",20,0.6,1000,1000,0.600379947191585,0.013753157649112,0.574219375119286,0.625865016754254,0.597417968512051,0.013356594116693,0.593713329924412,0.0128629233537483,TRUE,0.600000001080098
"88f779a86c_t60","2pl","skew_pos","parametric",20,0.6,2000,1000,0.600150436711709,0.00964092569191042,0.580798928318198,0.618708906347604,0.597209715432653,0.00936960137986795,0.593479321094928,0.00902076383192405,TRUE,0.600000001080098
"88f779a86c_t70","2pl","skew_pos","parametric",20,0.7,100,1000,0.696628349184296,0.0381749286007293,0.610228310673071,0.767136579430993,0.691636366104527,0.036192770144955,0.686292552686433,0.0336410418656262,TRUE,0.700000001517586
"88f779a86c_t70","2pl","skew_pos","parametric",20,0.7,250,1000,0.698932018339675,0.0237125898096273,0.650754369467902,0.740982946954021,0.693931107352876,0.0224544554448869,0.688348624521209,0.0207336275954906,TRUE,0.700000001517586
"88f779a86c_t70","2pl","skew_pos","parametric",20,0.7,500,1000,0.699370139108323,0.0161560951208251,0.669023686704171,0.731157686597129,0.694415148494578,0.015287737124572,0.688786757880191,0.0140795077265875,TRUE,0.700000001517586
"88f779a86c_t70","2pl","skew_pos","parametric",20,0.7,1000,1000,0.699715472942894,0.0113022172100331,0.678389946894288,0.721346950202521,0.694771028770556,0.0106986913380352,0.689146318159726,0.00978605010140392,TRUE,0.700000001517586
"88f779a86c_t70","2pl","skew_pos","parametric",20,0.7,2000,1000,0.70076257264314,0.00817725527316275,0.685087731549242,0.716074231939302,0.695767036881138,0.00773320943484629,0.690020896938187,0.00707243441875507,TRUE,0.700000001517586
"88f779a86c_t80","2pl","skew_pos","parametric",20,0.8,100,1000,0.796288904173455,0.0264368514105384,0.74257464479538,0.843568058987877,0.790106404570265,0.0239723950567094,0.78346093623839,0.0212573597560694,TRUE,0.800000001694414
"88f779a86c_t80","2pl","skew_pos","parametric",20,0.8,250,1000,0.797316803255087,0.0178232724789094,0.760826811193995,0.830489333772812,0.791203536847409,0.0161518867789021,0.783287213188752,0.0150738067644958,TRUE,0.800000001694414
"88f779a86c_t80","2pl","skew_pos","parametric",20,0.8,500,1000,0.798188070926264,0.0123670084542066,0.773503803945942,0.822272446640992,0.792089442654208,0.0111481404264234,0.784547373091961,0.0102095190960541,TRUE,0.800000001694414
"88f779a86c_t80","2pl","skew_pos","parametric",20,0.8,1000,1000,0.798345606402569,0.00882033292326828,0.780713270415154,0.816067137244913,0.792220584806723,0.00798032389981221,0.784638618916975,0.00699128281431546,TRUE,0.800000001694414
"88f779a86c_t80","2pl","skew_pos","parametric",20,0.8,2000,1000,0.798956039908232,0.00613028344981428,0.786780687457117,0.810835419763171,0.792813822339037,0.0055475229196478,0.784847075365813,0.0053731650240475,TRUE,0.800000001694414
"88f779a86c_t90","2pl","skew_pos","parametric",20,0.9,100,1000,0.897364211906851,0.0147805240802388,0.866847599564165,0.925069722815658,0.87547348766375,0.00949696981732537,0.831235020709316,0.0654369841435506,TRUE,0.900000001261965
"88f779a86c_t90","2pl","skew_pos","parametric",20,0.9,250,1000,0.89909555364407,0.00910557963294366,0.881750195623634,0.915750785843836,0.877034949752813,0.00566882027729996,0.823040485293025,0.069558047992422,TRUE,0.900000001261965
"88f779a86c_t90","2pl","skew_pos","parametric",20,0.9,500,1000,0.899690255500415,0.0067263923387519,0.886052056001544,0.911658094885088,0.877630089387818,0.00430328000991128,0.817807857473048,0.0680444717591489,TRUE,0.900000001261965
"88f779a86c_t90","2pl","skew_pos","parametric",20,0.9,1000,1000,0.900138368466876,0.0045736796603548,0.890987398028475,0.908768834521544,0.877946748132986,0.00285866348521127,0.817370534484103,0.0450754806811356,TRUE,0.900000001261965
"88f779a86c_t90","2pl","skew_pos","parametric",20,0.9,2000,1000,0.90028715472664,0.00330683710465839,0.893721650291784,0.906312602988911,0.878107053491408,0.00207021770145154,0.810999495305375,0.0459891377143131,TRUE,0.900000001261965
"88f779a86c_t95","2pl","skew_pos","parametric",20,0.95,100,1000,0.948074432544494,0.00843292837274731,0.92900781943189,0.962992409970413,0.934040730211864,0.00555657428246665,0.830869560482698,0.174176469752644,TRUE,0.950000000554978
"88f779a86c_t95","2pl","skew_pos","parametric",20,0.95,250,1000,0.948983233518405,0.00548680819596708,0.938235240732874,0.959181828809147,0.934804734715034,0.0033772797534844,0.779174975036178,0.194455611354487,TRUE,0.950000000554978
"88f779a86c_t95","2pl","skew_pos","parametric",20,0.95,500,1000,0.949140797679434,0.00366112811597068,0.941555248767033,0.956435200049166,0.935192043981813,0.00228437910897825,0.753998116457714,0.184993153979828,TRUE,0.950000000554978
"88f779a86c_t95","2pl","skew_pos","parametric",20,0.95,1000,1000,0.94927336766517,0.00269015081240885,0.943904196062777,0.954313214808862,0.935159745549005,0.00160824258915265,0.717382965882851,0.182504996584041,TRUE,0.950000000554978
"88f779a86c_t95","2pl","skew_pos","parametric",20,0.95,2000,1000,0.949539425396091,0.00184379716625618,0.945797619932368,0.95306595087744,0.935373685149382,0.0011511094369479,0.669434409802601,0.18514339922531,TRUE,0.950000000554978
"89ea0bc5ff_t50","rasch","skew_pos","irw",40,0.5,100,1000,0.498899690431444,0.0456178864581114,0.411476508698854,0.587475997373987,0.498676215163019,0.0454762205308412,0.498415771989388,0.0453318188653171,TRUE,0.50000000010654
"89ea0bc5ff_t50","rasch","skew_pos","irw",40,0.5,250,1000,0.500351248766788,0.0292757665632543,0.439524787982343,0.560007427721273,0.500130362932394,0.0291814551160639,0.499855231754176,0.0290732004463695,TRUE,0.50000000010654
"89ea0bc5ff_t50","rasch","skew_pos","irw",40,0.5,500,1000,0.501628113399471,0.0203185611432887,0.464672691840818,0.539704811853665,0.501406906411566,0.0202529021276754,0.501124937529807,0.020174868464729,TRUE,0.50000000010654
"89ea0bc5ff_t50","rasch","skew_pos","irw",40,0.5,1000,1000,0.500474064167798,0.0148789854418044,0.471666664540731,0.529727871298576,0.50025812132411,0.014832004575665,0.499979753990978,0.0147752594282785,TRUE,0.50000000010654
"89ea0bc5ff_t50","rasch","skew_pos","irw",40,0.5,2000,1000,0.501651892084113,0.0101447542633212,0.481650770124065,0.521304271110951,0.501435147235784,0.0101121892283334,0.501156202694665,0.0100730078301342,TRUE,0.50000000010654
"89ea0bc5ff_t60","rasch","skew_pos","irw",40,0.6,100,1000,0.598790595837742,0.0423095089320988,0.514811916567016,0.681189208999143,0.598275658215147,0.0420376674687198,0.597821189734049,0.041817977028969,TRUE,0.600000000389067
"89ea0bc5ff_t60","rasch","skew_pos","irw",40,0.6,250,1000,0.596645674841876,0.0280033228374046,0.541877699435985,0.649783911496112,0.596159451664637,0.0278272064899247,0.595703404208475,0.0276707011574989,TRUE,0.600000000389067
"89ea0bc5ff_t60","rasch","skew_pos","irw",40,0.6,500,1000,0.599191461476752,0.0193910237621663,0.561816753595533,0.638252177462895,0.598698934628926,0.0192624920418635,0.598231567159272,0.0191440663429607,TRUE,0.600000000389067
"89ea0bc5ff_t60","rasch","skew_pos","irw",40,0.6,1000,1000,0.599981482242281,0.01405113543905,0.571411063838439,0.627685130943294,0.599485132790464,0.0139563782029821,0.599006219409528,0.0138611863140623,TRUE,0.600000000389067
"89ea0bc5ff_t60","rasch","skew_pos","irw",40,0.6,2000,1000,0.600359893702622,0.00957878982582959,0.581851143198987,0.618596203816009,0.59986118990293,0.00951536339099912,0.599378167636473,0.00945452058773454,TRUE,0.600000000389067
"89ea0bc5ff_t70","rasch","skew_pos","irw",40,0.7,100,1000,0.694320049003762,0.038792915219572,0.611476752619413,0.764680319683756,0.69309580415652,0.0382036104525267,0.692232934262169,0.0377690659974233,TRUE,0.700000002361727
"89ea0bc5ff_t70","rasch","skew_pos","irw",40,0.7,250,1000,0.697837814618727,0.0232356501045244,0.650498668044393,0.742112704935949,0.69662503966809,0.0228689194230183,0.695738048079059,0.0225796438833774,TRUE,0.700000002361727
"89ea0bc5ff_t70","rasch","skew_pos","irw",40,0.7,500,1000,0.69923299650744,0.017060068482103,0.664855908225743,0.732379953586043,0.697995056869587,0.0167850472785776,0.697044279160967,0.0165593322272933,TRUE,0.700000002361727
"89ea0bc5ff_t70","rasch","skew_pos","irw",40,0.7,1000,1000,0.700181515825583,0.0117035816502023,0.676247530073877,0.721663336385364,0.698944750102179,0.0115050080620749,0.697987860265164,0.0113123096208132,TRUE,0.700000002361727
"89ea0bc5ff_t70","rasch","skew_pos","irw",40,0.7,2000,1000,0.699845295182012,0.00853329101286904,0.683414993975368,0.716265425504457,0.698622443554485,0.00839162881229592,0.697687810620107,0.00826670217448522,TRUE,0.700000002361727
"89ea0bc5ff_t80","rasch","skew_pos","irw",40,0.8,100,1000,0.796453182700811,0.0271752834879608,0.740238421579161,0.843301533751027,0.795024422924015,0.0265766172114098,0.794339614386241,0.0262175845536945,TRUE,0.800000002457363
"89ea0bc5ff_t80","rasch","skew_pos","irw",40,0.8,250,1000,0.797530398032034,0.01796786206396,0.761095798298761,0.830903145652803,0.796108179958802,0.0175558728704813,0.795395519002685,0.0172947399201469,TRUE,0.800000002457363
"89ea0bc5ff_t80","rasch","skew_pos","irw",40,0.8,500,1000,0.799354205907339,0.0128570558142767,0.77212399849291,0.824280047121794,0.797894686147159,0.0125441368778973,0.797139827113171,0.0123444957326305,TRUE,0.800000002457363
"89ea0bc5ff_t80","rasch","skew_pos","irw",40,0.8,1000,1000,0.799239165614853,0.00884994467430584,0.781372870807494,0.815273065932648,0.797788709472642,0.00862470472865209,0.797023441751607,0.00844521548915558,TRUE,0.800000002457363
"89ea0bc5ff_t80","rasch","skew_pos","irw",40,0.8,2000,1000,0.799468603824448,0.0063489875149733,0.78726999164388,0.811940377455989,0.798016202256258,0.00619310558563984,0.797240589385745,0.0060794044983989,TRUE,0.800000002457363
"89ea0bc5ff_t90","rasch","skew_pos","irw",40,0.9,100,1000,0.895888279754358,0.017756447744167,0.85716327465118,0.927227838341869,0.892381172532211,0.0171550358038428,0.889814668592083,0.0187087458251744,TRUE,0.900000000570726
"89ea0bc5ff_t90","rasch","skew_pos","irw",40,0.9,250,1000,0.896636703384536,0.0113774802152947,0.872818679677806,0.916368620957628,0.893095762564594,0.0109597157253054,0.888346626990185,0.0270251733326322,TRUE,0.900000000570726
"89ea0bc5ff_t90","rasch","skew_pos","irw",40,0.9,500,1000,0.896932869362377,0.00768129197804336,0.880415857661368,0.910148783037653,0.893448253108018,0.00742968533760725,0.888573580408778,0.0183580122274178,TRUE,0.900000000570726
"89ea0bc5ff_t90","rasch","skew_pos","irw",40,0.9,1000,1000,0.897254838128032,0.00576820308889802,0.885266121347086,0.908295370273742,0.893751618040483,0.00553946084823023,0.889192321312452,0.0137130698735337,TRUE,0.900000000570726
"89ea0bc5ff_t90","rasch","skew_pos","irw",40,0.9,2000,1000,0.897659789000739,0.00396918512690886,0.889705614201543,0.904844832192882,0.894142327231516,0.003791771861196,0.887207366118558,0.0287932586603309,TRUE,0.900000000570726
"89ea0bc5ff_t95","rasch","skew_pos","irw",40,0.95,100,1000,0.948110239541179,0.00796811079467673,0.931086204581054,0.961970198746981,0.929918344832141,0.00365760354440853,0.885388810464369,0.0815094170981119,TRUE,0.950000001039292
"89ea0bc5ff_t95","rasch","skew_pos","irw",40,0.95,250,1000,0.949058904856529,0.00491351317446412,0.938999295994262,0.958193383811262,0.930737712478049,0.00214759692486812,0.868716814558193,0.10349944135159,TRUE,0.950000001039292
"89ea0bc5ff_t95","rasch","skew_pos","irw",40,0.95,500,1000,0.949274572816847,0.00352198022458144,0.941956991253152,0.955822554697336,0.93090295789296,0.0014672681000663,0.859356692658294,0.109115424951233,TRUE,0.950000001039292
"89ea0bc5ff_t95","rasch","skew_pos","irw",40,0.95,1000,1000,0.949486601727317,0.00244318681862279,0.944289401913308,0.954120499143173,0.931094203614059,0.00106212306986674,0.852256750939891,0.10337151946042,TRUE,0.950000001039292
"89ea0bc5ff_t95","rasch","skew_pos","irw",40,0.95,2000,1000,0.949495918299739,0.00171067504067069,0.946247926863057,0.952813053637091,0.931176383759518,0.000739218447561421,0.837786393031746,0.107671431374262,TRUE,0.950000001039292
"8db178eee1_t50","rasch","skew_pos","irw",10,0.5,100,1000,0.491131498455118,0.043424673659252,0.411477319655781,0.574671390115902,0.489287288172612,0.0424693716618481,0.485215561088217,0.0396898453254409,TRUE,0.500000000881799
"8db178eee1_t50","rasch","skew_pos","irw",10,0.5,250,1000,0.494806007754399,0.0283980924224039,0.439116360625745,0.550177087746752,0.492964598375616,0.0277709146321569,0.48913901864688,0.026311329783887,TRUE,0.500000000881799
"8db178eee1_t50","rasch","skew_pos","irw",10,0.5,500,1000,0.496176484688027,0.0194575228552489,0.459209741064046,0.53390581184249,0.494328232618189,0.0190171114788564,0.490171612597191,0.0177638443502331,TRUE,0.500000000881799
"8db178eee1_t50","rasch","skew_pos","irw",10,0.5,1000,1000,0.49611812930874,0.0147548260224458,0.467533120424082,0.524653186074626,0.494285783320414,0.0144205793828416,0.490199573035193,0.0135397797195853,TRUE,0.500000000881799
"8db178eee1_t50","rasch","skew_pos","irw",10,0.5,2000,1000,0.496419277284172,0.0100248327315677,0.477280429467359,0.516394695142445,0.494591396539994,0.00980063104337476,0.49048717679165,0.00914890628603863,TRUE,0.500000000881799
"8db178eee1_t60","rasch","skew_pos","irw",10,0.6,100,1000,0.597635355806197,0.0395109240887149,0.520388799065611,0.669667675680392,0.592271671867855,0.0373507562742084,0.582241173126693,0.03269462345073,TRUE,0.600000000841949
"8db178eee1_t60","rasch","skew_pos","irw",10,0.6,250,1000,0.598161781406381,0.0255737145623655,0.548180515885339,0.647243080949973,0.592932779129431,0.024232698128122,0.581967899276393,0.0211030547003941,TRUE,0.600000000841949
"8db178eee1_t60","rasch","skew_pos","irw",10,0.6,500,1000,0.601396122488728,0.0190125826105646,0.563139854748944,0.635376678835069,0.596045513069242,0.018002914065242,0.584486736241573,0.0156705559670905,TRUE,0.600000000841949
"8db178eee1_t60","rasch","skew_pos","irw",10,0.6,1000,1000,0.600254995547835,0.0135327392645903,0.575052586416834,0.626489828199495,0.595018969002338,0.0127931001501021,0.583633651390658,0.011284398082865,TRUE,0.600000000841949
"8db178eee1_t60","rasch","skew_pos","irw",10,0.6,2000,1000,0.600540179761137,0.00925731211062535,0.581748894770269,0.618345019367809,0.595304184367173,0.00875265691294706,0.583879851188978,0.00783443487216682,TRUE,0.600000000841949
"8db178eee1_t70","rasch","skew_pos","irw",10,0.7,100,1000,0.695246644914035,0.0370338226523375,0.619563466549617,0.761028914584737,0.690076659406339,0.0348650623166109,0.678555575749993,0.0349501658543247,TRUE,0.700000000802789
"8db178eee1_t70","rasch","skew_pos","irw",10,0.7,250,1000,0.699574547899969,0.0231943407193948,0.652655920186695,0.74448061726313,0.694310282039144,0.0217460012652568,0.682467221734501,0.0229856160690203,TRUE,0.700000000802789
"8db178eee1_t70","rasch","skew_pos","irw",10,0.7,500,1000,0.700249087790924,0.0167670792772976,0.667622207530623,0.733890901904265,0.695033488799919,0.0157375069060334,0.681677374096847,0.026045372056483,TRUE,0.700000000802789
"8db178eee1_t70","rasch","skew_pos","irw",10,0.7,1000,1000,0.700793657405189,0.0111993025599085,0.67833935571769,0.722234606148149,0.695583020690474,0.010521478020425,0.681089016300661,0.0187721673681109,TRUE,0.700000000802789
"8db178eee1_t70","rasch","skew_pos","irw",10,0.7,2000,1000,0.701112327814391,0.00841267429212573,0.68481057444365,0.71790137911809,0.695891690662994,0.00789001872505322,0.680175251731088,0.0283462981880109,TRUE,0.700000000802789
"8db178eee1_t80","rasch","skew_pos","irw",10,0.8,100,1000,0.799132804059803,0.0247945256088809,0.750371793768188,0.843918105298357,0.77725694045964,0.0189698098644549,0.703054217679871,0.0903467245754554,TRUE,0.800000002219275
"8db178eee1_t80","rasch","skew_pos","irw",10,0.8,250,1000,0.800564613241649,0.0165807448198138,0.767227039939012,0.83180977759512,0.778933322303523,0.012808570497415,0.6797057995036,0.100005414616273,TRUE,0.800000002219275
"8db178eee1_t80","rasch","skew_pos","irw",10,0.8,500,1000,0.80084199597914,0.0116587702273297,0.776432774577303,0.822385201113585,0.779308878005314,0.00902485943443516,0.674278742460263,0.0956883291743951,TRUE,0.800000002219275
"8db178eee1_t80","rasch","skew_pos","irw",10,0.8,1000,1000,0.801398853517478,0.00781872532610655,0.786008821857404,0.816493544413999,0.779784132908429,0.00599280468586089,0.666123444521453,0.0949103336663138,TRUE,0.800000002219275
"8db178eee1_t80","rasch","skew_pos","irw",10,0.8,2000,1000,0.80190179653605,0.00586041363219788,0.790221696084966,0.812953823744195,0.780258643445388,0.0044924816629756,0.642678309209774,0.103144253920592,TRUE,0.800000002219275
"8db178eee1_t90","rasch","skew_pos","irw",10,0.9,100,1000,0.8955370325428,0.0145399866573478,0.865555018799582,0.922626050915596,0.84149152091614,0.00784506565713444,0.473081060043079,0.25218618286858,TRUE,0.900000001138774
"8db178eee1_t90","rasch","skew_pos","irw",10,0.9,250,1000,0.897889442360433,0.00926865646936375,0.879200668712653,0.91512807735128,0.84324070942357,0.00506420761462578,0.341551170748014,0.228062843465324,TRUE,0.900000001138774
"8db178eee1_t90","rasch","skew_pos","irw",10,0.9,500,1000,0.898288210775348,0.00638574022343925,0.885558981870802,0.910194665251641,0.843687460889176,0.00369474828547217,0.255145151161075,0.191810045822627,TRUE,0.900000001138774
"8db178eee1_t90","rasch","skew_pos","irw",10,0.9,1000,1000,0.898304004465163,0.0045298764700764,0.889031293501863,0.907120885763971,0.843973271728856,0.00267152681591297,0.185766567945496,0.155584389264002,TRUE,0.900000001138774
"8db178eee1_t90","rasch","skew_pos","irw",10,0.9,2000,1000,0.898366324990427,0.00315196027536998,0.892038484226612,0.904104112180861,0.844120385711916,0.00183985147409267,0.12499843473637,0.113324699987903,TRUE,0.900000001138774
"8db178eee1_t95","rasch","skew_pos","irw",10,0.95,100,1000,0.947880300256125,0.00972143326239351,0.925008979024035,0.963373610846297,0.640872234449802,0.0389372541181337,0.0129667501781819,0.0109789482795477,TRUE,0.950000003385521
"8db178eee1_t95","rasch","skew_pos","irw",10,0.95,250,1000,0.949035741865643,0.00580309983436289,0.937208367377029,0.958610811770057,0.643483120352706,0.0254238101740194,0.00700337678808496,0.00904920056521492,TRUE,0.950000003385521
"8db178eee1_t95","rasch","skew_pos","irw",10,0.95,500,1000,0.94956838267319,0.00400446321342602,0.941266022866571,0.956389896784342,0.643219040004794,0.017393216339124,0.00272206861232769,0.00580593230205888,TRUE,0.950000003385521
"8db178eee1_t95","rasch","skew_pos","irw",10,0.95,1000,1000,0.949875641901072,0.00271093081083172,0.944531826055713,0.954998579975654,0.643791721132035,0.0124209714292519,0.000467490129710459,0.00193272963500284,TRUE,0.950000003385521
"8db178eee1_t95","rasch","skew_pos","irw",10,0.95,2000,1000,0.949883832420447,0.00201125166395473,0.945799043110689,0.953616891915667,0.643596843614419,0.00899945922522992,5.28171025561671e-05,0.000474104877703132,TRUE,0.950000003385521
"90b3200e06_t50","2pl","bimodal","irw",40,0.5,100,1000,0.495823125613011,0.0263784027175034,0.445394367336207,0.545952939668415,0.495679063484557,0.0263473945993729,0.495526083591023,0.0263297379803297,TRUE,0.50000000020063
"90b3200e06_t50","2pl","bimodal","irw",40,0.5,250,1000,0.497415883258175,0.0169253594487533,0.463291130036533,0.530755682296995,0.497271641081822,0.0169047700082307,0.497117827204007,0.0168928071449602,TRUE,0.50000000020063
"90b3200e06_t50","2pl","bimodal","irw",40,0.5,500,1000,0.497406582895078,0.0115116930528127,0.47405667064561,0.518536865705598,0.497262208752352,0.0114977906083392,0.497107558965174,0.0114896902082291,TRUE,0.50000000020063
"90b3200e06_t50","2pl","bimodal","irw",40,0.5,1000,1000,0.49768873102094,0.00821776557701257,0.481037440049209,0.513670079252497,0.497544317495078,0.00820789975111987,0.497389559095455,0.00820221549321521,TRUE,0.50000000020063
"90b3200e06_t50","2pl","bimodal","irw",40,0.5,2000,1000,0.497484913247657,0.00595095958323808,0.486213389560615,0.509014702882846,0.497340560561562,0.00594368730492975,0.497185577346782,0.00593946951127166,TRUE,0.50000000020063
"90b3200e06_t60","2pl","bimodal","irw",40,0.6,100,1000,0.60021033796216,0.0253562139981655,0.551594903607071,0.647040680354744,0.599940381085357,0.0253027710721337,0.599749076762245,0.0252835641402823,TRUE,0.600000002107414
"90b3200e06_t60","2pl","bimodal","irw",40,0.6,250,1000,0.602121398442509,0.0154033668494418,0.572038383201641,0.63094203790233,0.601844473608314,0.0153684347557884,0.601646954019407,0.015355359204714,TRUE,0.600000002107414
"90b3200e06_t60","2pl","bimodal","irw",40,0.6,500,1000,0.602185934734409,0.0110747985012469,0.580246696866126,0.624010350873644,0.601911291455779,0.0110496138839246,0.601715118600115,0.0110402321288043,TRUE,0.600000002107414
"90b3200e06_t60","2pl","bimodal","irw",40,0.6,1000,1000,0.602221140447122,0.00767344265504695,0.587070655619368,0.616477590540856,0.60194606906643,0.00765604727840728,0.601749139810344,0.00764942770177909,TRUE,0.600000002107414
"90b3200e06_t60","2pl","bimodal","irw",40,0.6,2000,1000,0.602376090417908,0.00567805999294809,0.591007351101103,0.613277785769481,0.602100448988833,0.00566537360898982,0.601903074394933,0.00566069813965994,TRUE,0.600000002107414
"90b3200e06_t70","2pl","bimodal","irw",40,0.7,100,1000,0.696777365326526,0.0225703175787081,0.647901856882933,0.735739441055525,0.695627175305944,0.0224523395831294,0.695065740684102,0.0224496514055924,TRUE,0.700000002996032
"90b3200e06_t70","2pl","bimodal","irw",40,0.7,250,1000,0.697808393680304,0.0143905710152857,0.667900419182111,0.72510930045704,0.696657562084249,0.0143107156254804,0.696096064926929,0.0143066813380901,TRUE,0.700000002996032
"90b3200e06_t70","2pl","bimodal","irw",40,0.7,500,1000,0.698571571131491,0.0096871685649086,0.678828091589629,0.716635190814694,0.697410124573761,0.00963566979102277,0.696843658725852,0.00963466649465487,TRUE,0.700000002996032
"90b3200e06_t70","2pl","bimodal","irw",40,0.7,1000,1000,0.698466652354043,0.00709632359019515,0.684524860134912,0.711261433634706,0.69730414199697,0.00705561789322709,0.696735992965449,0.00705327978917886,TRUE,0.700000002996032
"90b3200e06_t70","2pl","bimodal","irw",40,0.7,2000,1000,0.698320275984609,0.0049736530903656,0.687638922664377,0.707908702710176,0.697155662382938,0.00494502998140388,0.696585597562624,0.00494323781133467,TRUE,0.700000002996032
"90b3200e06_t80","2pl","bimodal","irw",40,0.8,100,1000,0.797806909336066,0.0176293762663076,0.760982857822373,0.827622319309652,0.794482552357554,0.0174680159144599,0.793582160575563,0.0175096379702878,TRUE,0.800000000644834
"90b3200e06_t80","2pl","bimodal","irw",40,0.8,250,1000,0.799560821082702,0.0113355701135829,0.775531128796207,0.820052774686418,0.796199738302463,0.0112392474384447,0.79529324366018,0.0112693532667336,TRUE,0.800000000644834
"90b3200e06_t80","2pl","bimodal","irw",40,0.8,500,1000,0.799304254924554,0.00781386998983874,0.78317721629941,0.814257115710731,0.795945334660402,0.00774258099857228,0.795038169652859,0.00776239673336656,TRUE,0.800000000644834
"90b3200e06_t80","2pl","bimodal","irw",40,0.8,1000,1000,0.799549087345948,0.00566682705882083,0.788877949674131,0.810302618228148,0.796184883042566,0.00561630554826177,0.795276905737941,0.00563037349072486,TRUE,0.800000000644834
"90b3200e06_t80","2pl","bimodal","irw",40,0.8,2000,1000,0.79961782667866,0.00389116196373981,0.79195823177296,0.806804283273591,0.796248133903727,0.00385471614729993,0.79533892336077,0.00386409077446305,TRUE,0.800000000644834
"90b3200e06_t90","2pl","bimodal","irw",40,0.9,100,1000,0.898632904074641,0.0089979970766837,0.879302102909298,0.914325977437362,0.895465546444998,0.00857151736651952,0.894896754172013,0.00853035251942707,TRUE,0.900000001609871
"90b3200e06_t90","2pl","bimodal","irw",40,0.9,250,1000,0.899743211300296,0.00515101344304212,0.88864217133365,0.909024708905144,0.896527188140233,0.00489354853976799,0.895947584401165,0.00487009687531724,TRUE,0.900000001609871
"90b3200e06_t90","2pl","bimodal","irw",40,0.9,500,1000,0.899817822298685,0.00366033187893491,0.892376711304713,0.906581273473631,0.896603875767991,0.00347618489465967,0.896024544224124,0.00345991502734956,TRUE,0.900000001609871
"90b3200e06_t90","2pl","bimodal","irw",40,0.9,1000,1000,0.899847119825786,0.00264938611526653,0.89433777218045,0.904647345758154,0.89661505500271,0.00250820024876944,0.896029618039614,0.00249230364877455,TRUE,0.900000001609871
"90b3200e06_t90","2pl","bimodal","irw",40,0.9,2000,1000,0.899872517749754,0.00181042443354727,0.89641618046941,0.903425433465278,0.896649366573609,0.00172736209121449,0.896067446335928,0.00172140669590994,TRUE,0.900000001609871
"90b3200e06_t95","2pl","bimodal","irw",40,0.95,100,1000,0.949699695633789,0.00548747529326139,0.937346946152902,0.959093581912075,0.948377957018853,0.00551971594155778,0.948297195074163,0.0055245916906852,TRUE,0.950000000531152
"90b3200e06_t95","2pl","bimodal","irw",40,0.95,250,1000,0.949769398645975,0.00333599461470371,0.942614401538435,0.955637589447964,0.94845136561129,0.00336581672878427,0.948369575013447,0.00336948659615668,TRUE,0.950000000531152
"90b3200e06_t95","2pl","bimodal","irw",40,0.95,500,1000,0.949993936465365,0.0024122782465303,0.944911531039438,0.954366719216934,0.948660590978291,0.00243049429624878,0.948576051961293,0.00243317240392315,TRUE,0.950000000531152
"90b3200e06_t95","2pl","bimodal","irw",40,0.95,1000,1000,0.950025013423767,0.00169575565949458,0.946682274522819,0.953400763342651,0.948696058681509,0.00171032074590816,0.948612617932456,0.00171242223247061,TRUE,0.950000000531152
"90b3200e06_t95","2pl","bimodal","irw",40,0.95,2000,1000,0.950007255750522,0.0011901002896353,0.947561528360489,0.952186829952807,0.948676762529356,0.00119845987747708,0.948592633924564,0.00119973509757772,TRUE,0.950000000531152
"93478b9ed6_t50","rasch","bimodal","irw",10,0.5,100,1000,0.496158791981917,0.0255374080725507,0.447468113820191,0.545613958758368,0.495086201435215,0.0252958902411515,0.493816475737267,0.025120930135952,TRUE,0.500000000931209
"93478b9ed6_t50","rasch","bimodal","irw",10,0.5,250,1000,0.495985298337935,0.0157270198441096,0.464824315514068,0.524557710026365,0.49492184171759,0.0155826080556992,0.493649577478546,0.0154823266351384,TRUE,0.500000000931209
"93478b9ed6_t50","rasch","bimodal","irw",10,0.5,500,1000,0.495744396631611,0.0108310044043875,0.473957657884855,0.516297696944752,0.494687191827093,0.0107263255521659,0.493415908353081,0.0106499442555719,TRUE,0.500000000931209
"93478b9ed6_t50","rasch","bimodal","irw",10,0.5,1000,1000,0.496084943421638,0.00801913304726391,0.480284809436083,0.511621195954652,0.495026970412359,0.00794060539691251,0.493756270270209,0.00788286783473466,TRUE,0.500000000931209
"93478b9ed6_t50","rasch","bimodal","irw",10,0.5,2000,1000,0.496062367213068,0.00561488334225698,0.484221407601516,0.50611756997136,0.495002146396602,0.00556096906151076,0.493725585428331,0.00552136729350854,TRUE,0.500000000931209
"93478b9ed6_t60","rasch","bimodal","irw",10,0.6,100,1000,0.596938245084625,0.0243349462955189,0.543825866784635,0.640464655159927,0.594994398327281,0.0239873756585008,0.593437234149339,0.0238486764997359,TRUE,0.600000001368331
"93478b9ed6_t60","rasch","bimodal","irw",10,0.6,250,1000,0.598273180348784,0.015288173128134,0.566637889082345,0.625966641387459,0.59631182676685,0.0150642178243856,0.594731582566979,0.014975533262374,TRUE,0.600000001368331
"93478b9ed6_t60","rasch","bimodal","irw",10,0.6,500,1000,0.598514109924079,0.0107751576472175,0.57627784425903,0.61860965986065,0.596547834126837,0.0106261588700658,0.594961338726489,0.0105742102222402,TRUE,0.600000001368331
"93478b9ed6_t60","rasch","bimodal","irw",10,0.6,1000,1000,0.599363014169024,0.00746948804829958,0.584607653289118,0.613947131285946,0.59738446400997,0.00735937503872329,0.595788047415517,0.00731794439432984,TRUE,0.600000001368331
"93478b9ed6_t60","rasch","bimodal","irw",10,0.6,2000,1000,0.598894435445989,0.00556514960046478,0.587709636057957,0.609133053409842,0.596928637451581,0.00548235617291456,0.595340479220679,0.00544871705671101,TRUE,0.600000001368331
"93478b9ed6_t70","rasch","bimodal","irw",10,0.7,100,1000,0.700205864592427,0.019148889649507,0.658329331270404,0.735205738126911,0.693808471890469,0.0181182683667911,0.689709250467975,0.0177290077151215,TRUE,0.700000002903473
"93478b9ed6_t70","rasch","bimodal","irw",10,0.7,250,1000,0.699936622380381,0.0118574348895954,0.675670142763841,0.720406768479381,0.693587902023193,0.0112060697671622,0.689487763700343,0.0109614188382153,TRUE,0.700000002903473
"93478b9ed6_t70","rasch","bimodal","irw",10,0.7,500,1000,0.700534299311657,0.00874105604794261,0.681374042851145,0.716185646769967,0.694125554608003,0.00825879290314343,0.68995104319311,0.00808028467781323,TRUE,0.700000002903473
"93478b9ed6_t70","rasch","bimodal","irw",10,0.7,1000,1000,0.700420160948522,0.00605673641431995,0.687927112588302,0.712593496623331,0.694020831609332,0.00571551304159647,0.689836794841074,0.00557690509931528,TRUE,0.700000002903473
"93478b9ed6_t70","rasch","bimodal","irw",10,0.7,2000,1000,0.700844445215321,0.00413148451260706,0.692349141717283,0.70842086320438,0.694407718898853,0.00389686823562231,0.69018936576257,0.00379651347450393,TRUE,0.700000002903473
"93478b9ed6_t80","rasch","bimodal","irw",10,0.8,100,1000,0.799185073701825,0.0138797011517437,0.769186403595009,0.824311054215745,0.781840443349498,0.0112796637216037,0.771795736256178,0.0107577951102792,TRUE,0.800000001901553
"93478b9ed6_t80","rasch","bimodal","irw",10,0.8,250,1000,0.799875029000415,0.00807137385325418,0.783522814046019,0.815029543371205,0.782552932542754,0.00656118948768812,0.772558052445926,0.00628685448932179,TRUE,0.800000001901553
"93478b9ed6_t80","rasch","bimodal","irw",10,0.8,500,1000,0.799432926041119,0.00563584969719553,0.787660053571237,0.80969307399009,0.782153038811531,0.00454576108788036,0.772071119943349,0.00439926741396755,TRUE,0.800000001901553
"93478b9ed6_t80","rasch","bimodal","irw",10,0.8,1000,1000,0.79974492887597,0.00401418599882094,0.791689733571845,0.807410839953833,0.782381492549722,0.00326383435548479,0.772233076954142,0.00315404294086142,TRUE,0.800000001901553
"93478b9ed6_t80","rasch","bimodal","irw",10,0.8,2000,1000,0.800000052526999,0.00286951620141969,0.794308003175413,0.805757419372772,0.782610546746127,0.00231431734736676,0.772471312542283,0.00220762344174435,TRUE,0.800000001901553
"93478b9ed6_t90","rasch","bimodal","irw",10,0.9,100,1000,0.899124811190993,0.00628702246853107,0.886809793517687,0.910535246965468,0.835881658984521,0.00455979521295323,0.766764465660909,0.0485053381676663,TRUE,0.900000001056958
"93478b9ed6_t90","rasch","bimodal","irw",10,0.9,250,1000,0.899803657204933,0.00387245702312156,0.892646353271096,0.907115032256612,0.836122519523856,0.0026988174382809,0.763344065884703,0.0367453928892877,TRUE,0.900000001056958
"93478b9ed6_t90","rasch","bimodal","irw",10,0.9,500,1000,0.899913435965198,0.00274332581809592,0.89444264993388,0.904981807681689,0.836172916363832,0.0019447382387949,0.760730402451303,0.0298489699846414,TRUE,0.900000001056958
"93478b9ed6_t90","rasch","bimodal","irw",10,0.9,1000,1000,0.900088324914562,0.00201914029276925,0.89612929006344,0.904008397968114,0.83626066563383,0.00135806801792213,0.762311971294376,0.0183221237040006,TRUE,0.900000001056958
"93478b9ed6_t90","rasch","bimodal","irw",10,0.9,2000,1000,0.900151507682018,0.00138253216655891,0.897413042518477,0.902886803312048,0.836262677661206,0.000926644066083046,0.760464311401236,0.0159039544359034,TRUE,0.900000001056958
"93478b9ed6_t95","rasch","bimodal","irw",10,0.95,100,1000,0.949141401928343,0.00554119655675306,0.936923927167684,0.958358302310944,0.789543280679553,0.0262282225406028,0.587772766252553,0.0806433364742428,TRUE,0.950000000406404
"93478b9ed6_t95","rasch","bimodal","irw",10,0.95,250,1000,0.949570915298586,0.00313185103230914,0.943109459668083,0.955562562225321,0.788879506002366,0.0163133643448584,0.581920762029031,0.0683258007480659,TRUE,0.950000000406404
"93478b9ed6_t95","rasch","bimodal","irw",10,0.95,500,1000,0.94976041926525,0.00224200228200255,0.945286774600387,0.953890127678384,0.789035147207264,0.0118688180543673,0.573374938196796,0.0773950851291555,TRUE,0.950000000406404
"93478b9ed6_t95","rasch","bimodal","irw",10,0.95,1000,1000,0.949894043033052,0.00158951639291016,0.946776647102084,0.952914724075413,0.789319229829117,0.00842468296809178,0.56581234202004,0.0842853335041707,TRUE,0.950000000406404
"93478b9ed6_t95","rasch","bimodal","irw",10,0.95,2000,1000,0.949918499243911,0.0011043150987452,0.947734369061037,0.952050367334237,0.789351433852944,0.00572201045052447,0.561088464393179,0.0757287961133563,TRUE,0.950000000406404
"940dd58533_t50","3pl_g20","normal","irw",10,0.5,100,1000,0.489539152113949,0.031112877927409,0.424570914879738,0.545741122802733,0.480029564146478,0.0286899310570055,0.458019694534312,0.0251558015150207,TRUE,0.500000000585118
"940dd58533_t50","3pl_g20","normal","irw",10,0.5,250,1000,0.491892896748554,0.0195016381732688,0.454638566962777,0.529362294458292,0.482325038097541,0.0179428795456768,0.459975825955828,0.0158597050893342,TRUE,0.500000000585118
"940dd58533_t50","3pl_g20","normal","irw",10,0.5,500,1000,0.49270680074405,0.0137211826142425,0.466183660155572,0.519749238124091,0.483153309356812,0.0125684013799633,0.460801896022646,0.0107328219878708,TRUE,0.500000000585118
"940dd58533_t50","3pl_g20","normal","irw",10,0.5,1000,1000,0.49272437612665,0.00950478159077103,0.474658159328112,0.510958016402033,0.483178414525479,0.0087434098652723,0.46066917098794,0.00769395612594977,TRUE,0.500000000585118
"940dd58533_t50","3pl_g20","normal","irw",10,0.5,2000,1000,0.492879797866889,0.00672936528066822,0.480515315627537,0.50568345564918,0.483321256352931,0.00619033124053539,0.460759726863502,0.0055102516243276,TRUE,0.500000000585118
"940dd58533_t60","3pl_g20","normal","irw",10,0.6,100,1000,0.596135255776671,0.0309994890165442,0.530836266529342,0.650620778535236,0.580703192913238,0.0281149486562073,0.557909818466035,0.0265067143780277,TRUE,0.600000001473066
"940dd58533_t60","3pl_g20","normal","irw",10,0.6,250,1000,0.597680279953768,0.0191072938111451,0.55715873199237,0.63320078599598,0.582194963724041,0.0172944884450676,0.55874099322047,0.0162264146309834,TRUE,0.600000001473066
"940dd58533_t60","3pl_g20","normal","irw",10,0.6,500,1000,0.598847017159315,0.0133748655143104,0.571072234432715,0.625016535784195,0.583287481487145,0.0120973310662281,0.55939751421946,0.0116603000627726,TRUE,0.600000001473066
"940dd58533_t60","3pl_g20","normal","irw",10,0.6,1000,1000,0.598778461251429,0.00924632689386203,0.580220185838744,0.616287868475052,0.58325894104224,0.00835164049674136,0.559803271492858,0.0081288481559142,TRUE,0.600000001473066
"940dd58533_t60","3pl_g20","normal","irw",10,0.6,2000,1000,0.598399202009107,0.00690585170586472,0.584897913148798,0.61177972742851,0.582921692061104,0.00625731180498711,0.559338956604767,0.0059194985441257,TRUE,0.600000001473066
"940dd58533_t70","3pl_g20","normal","irw",10,0.7,100,1000,0.699082517256568,0.0238975816767159,0.651872433118413,0.742748337486017,0.659802458440659,0.0172284488347851,0.561964317595795,0.0579690917278137,TRUE,0.700000001553235
"940dd58533_t70","3pl_g20","normal","irw",10,0.7,250,1000,0.699868185349735,0.0146636093126886,0.670931195895266,0.727909391266042,0.661045065899654,0.0105943373331591,0.560851070538277,0.0426093447314468,TRUE,0.700000001553235
"940dd58533_t70","3pl_g20","normal","irw",10,0.7,500,1000,0.700839954134275,0.0103830119851386,0.679942295039713,0.719865159351816,0.661832723454434,0.00738855004438935,0.557944164951026,0.0388703119710361,TRUE,0.700000001553235
"940dd58533_t70","3pl_g20","normal","irw",10,0.7,1000,1000,0.700952592333676,0.00693597273703387,0.687514078922708,0.714311310469296,0.661913202366565,0.00497298882893986,0.555312049232501,0.0301726431030279,TRUE,0.700000001553235
"940dd58533_t70","3pl_g20","normal","irw",10,0.7,2000,1000,0.700944963744129,0.00498635437459672,0.690651269142284,0.709708146062906,0.661956222122647,0.00349457444949354,0.556066672227262,0.0209019435053663,TRUE,0.700000001553235
"940dd58533_t80","3pl_g20","normal","irw",10,0.8,100,1000,0.800650377531584,0.0184463619689577,0.761363089528107,0.834412670488737,0.766868519502326,0.0134002656540995,0.604760050137018,0.193491744456131,TRUE,0.800000001493338
"940dd58533_t80","3pl_g20","normal","irw",10,0.8,250,1000,0.801834955134526,0.0111512591802228,0.778858031469014,0.822353855458475,0.767970689258899,0.00806275683071691,0.548202039396642,0.202123332902654,TRUE,0.800000001493338
"940dd58533_t80","3pl_g20","normal","irw",10,0.8,500,1000,0.802343561241045,0.0079121631890287,0.785664830817974,0.816874522532373,0.768407532928783,0.00570013589668697,0.490413716211964,0.208240445104864,TRUE,0.800000001493338
"940dd58533_t80","3pl_g20","normal","irw",10,0.8,1000,1000,0.802553867473506,0.00542103882616529,0.791981802859245,0.812862061182415,0.768668669437066,0.00392479001106166,0.435143429831486,0.198273714302385,TRUE,0.800000001493338
"940dd58533_t80","3pl_g20","normal","irw",10,0.8,2000,1000,0.802882214845486,0.00374060312717091,0.795553944530992,0.809718926204881,0.768858193574145,0.00270221079768073,0.39592058186069,0.175446183346667,TRUE,0.800000001493338
"940dd58533_t90","3pl_g20","normal","irw",10,0.9,100,1000,0.898401679935635,0.00953623727335482,0.878181730590502,0.915134694250426,0.689721778499937,0.0225652498814048,0.0406436294107912,0.0539766438571793,TRUE,0.900000001007978
"940dd58533_t90","3pl_g20","normal","irw",10,0.9,250,1000,0.899468551205734,0.00605865345752404,0.887072215388021,0.911012971618345,0.690128468435278,0.0139518253191112,0.0195548170369215,0.0240025629419011,TRUE,0.900000001007978
"940dd58533_t90","3pl_g20","normal","irw",10,0.9,500,1000,0.899766087293685,0.00438339984893916,0.891407431630922,0.908060922841377,0.690648593022931,0.0102636696464638,0.0101259634125965,0.0118059276478749,TRUE,0.900000001007978
"940dd58533_t90","3pl_g20","normal","irw",10,0.9,1000,1000,0.899868635592418,0.00303037762851535,0.893850288141968,0.905579072001062,0.689864970789203,0.00686984285197263,0.00626545310010687,0.00687954866570796,TRUE,0.900000001007978
"940dd58533_t90","3pl_g20","normal","irw",10,0.9,2000,1000,0.899932313917254,0.00211882582917887,0.895589336648014,0.903941318642863,0.690418258449138,0.00514599802589888,0.00371171988778073,0.00380726803661262,TRUE,0.900000001007978
"9513362a78_t50","2pl","heavy_tail","irw",20,0.5,100,1000,0.494305949496837,0.0563686035708703,0.394676590392222,0.613368345995612,0.492984677513045,0.0554641328600471,0.48996797571783,0.0517177389922709,FALSE,0.500000000366833
"9513362a78_t50","2pl","heavy_tail","irw",20,0.5,250,1000,0.500395903292521,0.0381930279526508,0.433646704352547,0.582667021705046,0.499087296269058,0.0376376462507277,0.495854525597423,0.0346820933269524,FALSE,0.500000000366833
"9513362a78_t50","2pl","heavy_tail","irw",20,0.5,500,1000,0.501392067022508,0.0262443125626628,0.455695678830549,0.557975754282918,0.500117102456811,0.0258735561629187,0.496830236332404,0.023266716233329,FALSE,0.500000000366833
"9513362a78_t50","2pl","heavy_tail","irw",20,0.5,1000,1000,0.502043844818303,0.0199308259574765,0.462843738979614,0.542866087249898,0.500771222961826,0.0196574511764986,0.497454330899313,0.0178059437035396,FALSE,0.500000000366833
"9513362a78_t50","2pl","heavy_tail","irw",20,0.5,2000,1000,0.502676794337352,0.0141841419119589,0.476491348904842,0.53248119511614,0.501404548453894,0.0139964119971279,0.497814422879055,0.0128438231201485,FALSE,0.500000000366833
"9513362a78_t60","2pl","heavy_tail","irw",20,0.6,100,1000,0.592377079474338,0.0533124259826199,0.491052020967404,0.702601887483208,0.588867432164839,0.0517601929134119,0.58276530278457,0.0477379476844519,FALSE,0.600000002130024
"9513362a78_t60","2pl","heavy_tail","irw",20,0.6,250,1000,0.595852522650816,0.0352209340485504,0.528629237497262,0.666709003508485,0.592386336712923,0.0342475356813189,0.586170284134123,0.0300467034720905,FALSE,0.600000002130024
"9513362a78_t60","2pl","heavy_tail","irw",20,0.6,500,1000,0.597589784267794,0.0274465651731244,0.550999978821262,0.650006038288646,0.594152737023869,0.0268183709667992,0.585601554251238,0.0337507105393772,FALSE,0.600000002130024
"9513362a78_t60","2pl","heavy_tail","irw",20,0.6,1000,1000,0.598677516102103,0.0177827744339787,0.565034432569863,0.6344122106704,0.595215633667201,0.0173125586132683,0.588710441700763,0.0153167106446493,FALSE,0.600000002130024
"9513362a78_t60","2pl","heavy_tail","irw",20,0.6,2000,1000,0.599272292213399,0.0134105626619702,0.574459514802164,0.624638837943016,0.595813992280687,0.0130710673464241,0.588334925310945,0.0195095401231006,FALSE,0.600000002130024
"9513362a78_t70","2pl","heavy_tail","irw",20,0.7,100,1000,0.681159089483628,0.0465781562050498,0.591885820380796,0.775308074105093,0.674742688306216,0.0443265219393836,0.665278326547025,0.0420812273542861,FALSE,0.700000002915047
"9513362a78_t70","2pl","heavy_tail","irw",20,0.7,250,1000,0.685280939136945,0.0320570387467566,0.626074877125479,0.753485642648485,0.678880020881151,0.0305364061750636,0.668745181421637,0.0255549458153051,FALSE,0.700000002915047
"9513362a78_t70","2pl","heavy_tail","irw",20,0.7,500,1000,0.687942453771122,0.0227647613774542,0.647468462383206,0.73777410335718,0.681489856736764,0.0217384269873024,0.670210098553362,0.0227066925922938,FALSE,0.700000002915047
"9513362a78_t70","2pl","heavy_tail","irw",20,0.7,1000,1000,0.68845870702174,0.0165752632848298,0.658524437380732,0.720914665958322,0.682040253524967,0.0159224358984071,0.66920023728272,0.032283009505682,FALSE,0.700000002915047
"9513362a78_t70","2pl","heavy_tail","irw",20,0.7,2000,1000,0.688452847447648,0.0116675530353618,0.666944375391965,0.711693131487301,0.682033892029171,0.0111827817955615,0.669770331066026,0.023156313458394,FALSE,0.700000002915047
"9513362a78_t80","2pl","heavy_tail","irw",20,0.8,100,1000,0.793029275107035,0.0345590271373903,0.726368090284178,0.863774719768537,0.77713932449023,0.0310362152457104,0.75449111822533,0.0463120174835071,FALSE,0.800000003114532
"9513362a78_t80","2pl","heavy_tail","irw",20,0.8,250,1000,0.796433424651387,0.0232933431407071,0.753151478991625,0.846381431566338,0.7805569865393,0.0211127074067143,0.75405249926602,0.0445933224129267,FALSE,0.800000003114532
"9513362a78_t80","2pl","heavy_tail","irw",20,0.8,500,1000,0.796570787498019,0.0171998795994975,0.764648626231764,0.831807992594372,0.780768776248845,0.0157685322671336,0.752261170603795,0.0560377662343607,FALSE,0.800000003114532
"9513362a78_t80","2pl","heavy_tail","irw",20,0.8,1000,1000,0.797600080364184,0.0126713293102614,0.775044408404085,0.824193220420164,0.781794719378459,0.0117548858583014,0.747610904497566,0.0639932633545711,FALSE,0.800000003114532
"9513362a78_t80","2pl","heavy_tail","irw",20,0.8,2000,1000,0.798614167700346,0.00877986222809038,0.782881082411705,0.81725804610121,0.782703731792468,0.00808390080408927,0.746023023748499,0.0679116096025554,FALSE,0.800000003114532
"9513362a78_t90","2pl","heavy_tail","irw",20,0.9,100,1000,0.897062155088423,0.0178094373461154,0.862141222408311,0.932348797318165,0.874990265711601,0.0124855074175289,0.786044478331337,0.145885749302783,FALSE,0.90000000087708
"9513362a78_t90","2pl","heavy_tail","irw",20,0.9,250,1000,0.898738856189201,0.0135098183127231,0.874501155847946,0.927303265174339,0.877086811810138,0.0103279119098655,0.727391227715084,0.212118533042068,FALSE,0.90000000087708
"9513362a78_t90","2pl","heavy_tail","irw",20,0.9,500,1000,0.899801480144526,0.00977950249306438,0.882557867695476,0.920784873439893,0.878106487242314,0.0079976615001791,0.679201054966553,0.233960256909093,FALSE,0.90000000087708
"9513362a78_t90","2pl","heavy_tail","irw",20,0.9,1000,1000,0.899969559051282,0.0072378895699552,0.887677154647467,0.914784601655852,0.878217774865402,0.00594425194214371,0.634529629564928,0.254696906023064,FALSE,0.90000000087708
"9513362a78_t90","2pl","heavy_tail","irw",20,0.9,2000,1000,0.900248974622129,0.00493763264197881,0.891040408007478,0.910264081723698,0.878459281157609,0.00396047549489852,0.551528305197179,0.27000051230982,FALSE,0.90000000087708
"9513362a78_t95","2pl","heavy_tail","irw",20,0.95,100,1000,0.947916513244159,0.0100509040126008,0.928058765046018,0.967508440440252,0.911613731679639,0.00787731269399074,0.705144266451127,0.264537657280284,FALSE,0.950000000686175
"9513362a78_t95","2pl","heavy_tail","irw",20,0.95,250,1000,0.948786381873693,0.00674998475354334,0.936016272132689,0.96240128976377,0.91290188809924,0.00560721968546716,0.608632189947023,0.282432746296877,FALSE,0.950000000686175
"9513362a78_t95","2pl","heavy_tail","irw",20,0.95,500,1000,0.949511830876432,0.00465429143917608,0.940375776171005,0.959223368895754,0.913596106673797,0.00429084308582385,0.513684578086387,0.28533252561007,FALSE,0.950000000686175
"9513362a78_t95","2pl","heavy_tail","irw",20,0.95,1000,1000,0.950040563495911,0.00359713281722571,0.943511032225118,0.957241643475454,0.914092870217408,0.00349738376266047,0.406432377517565,0.273624623955182,FALSE,0.950000000686175
"9513362a78_t95","2pl","heavy_tail","irw",20,0.95,2000,1000,0.949956682922425,0.00257997610914854,0.945030932113229,0.9554834040485,0.914031242193136,0.00245571278175297,0.318667223128648,0.247974293974802,FALSE,0.950000000686175
"9711f8cd98_t50","3pl_g20","bimodal","parametric",10,0.5,100,1000,0.495190801848922,0.0240797007768708,0.447253137085442,0.539453188935496,0.486910722008396,0.0228089064944277,0.473340995877229,0.021734902742927,TRUE,0.500000000942624
"9711f8cd98_t50","3pl_g20","bimodal","parametric",10,0.5,250,1000,0.495520194066044,0.0153550065378454,0.463595401788104,0.524628126875542,0.487260668114952,0.0145306067738008,0.473531326824622,0.013834394917414,TRUE,0.500000000942624
"9711f8cd98_t50","3pl_g20","bimodal","parametric",10,0.5,500,1000,0.495958871854218,0.0104108911850337,0.475269812307997,0.515496539346477,0.487714960828822,0.00983647387851251,0.473991555161439,0.0093801480742249,TRUE,0.500000000942624
"9711f8cd98_t50","3pl_g20","bimodal","parametric",10,0.5,1000,1000,0.495881534337094,0.00774772160928129,0.479819513824827,0.510072075781305,0.487629686029365,0.00732195853594092,0.473878351821558,0.0069633169085353,TRUE,0.500000000942624
"9711f8cd98_t50","3pl_g20","bimodal","parametric",10,0.5,2000,1000,0.49609412527799,0.00533480529723236,0.486029039277651,0.506660823763737,0.487838489040262,0.00504079000182494,0.474065832662741,0.00480362205143548,TRUE,0.500000000942624
"9711f8cd98_t60","3pl_g20","bimodal","parametric",10,0.6,100,1000,0.600889638423048,0.023141861135278,0.551973042421495,0.641413697646363,0.595363996643765,0.0220993603175335,0.589600559006958,0.0214195978326245,TRUE,0.600000000434564
"9711f8cd98_t60","3pl_g20","bimodal","parametric",10,0.6,250,1000,0.599909069874074,0.0143278981705787,0.571630863185526,0.627759351053609,0.594441243331301,0.0136749611814705,0.588699852746832,0.0133187173058087,TRUE,0.600000000434564
"9711f8cd98_t60","3pl_g20","bimodal","parametric",10,0.6,500,1000,0.599843139959908,0.0099154056627451,0.580193311242013,0.619298034955245,0.594377708441332,0.00945887570491257,0.588584546327416,0.00919740280362365,TRUE,0.600000000434564
"9711f8cd98_t60","3pl_g20","bimodal","parametric",10,0.6,1000,1000,0.600037518436999,0.00689389128624652,0.585989062907274,0.613033379887179,0.594576551168161,0.0065769836192312,0.58882293825853,0.00640954268243165,TRUE,0.600000000434564
"9711f8cd98_t60","3pl_g20","bimodal","parametric",10,0.6,2000,1000,0.600470120270613,0.00476432059241464,0.591731654651134,0.610184206272779,0.59498450982941,0.00453057630240428,0.589201874716192,0.00436380297807429,TRUE,0.600000000434564
"9711f8cd98_t70","3pl_g20","bimodal","parametric",10,0.7,100,1000,0.699278009192153,0.0222415129239881,0.654142174789762,0.742098653093671,0.693149498242352,0.021346286984055,0.686180819639877,0.021833465598646,TRUE,0.700000001814162
"9711f8cd98_t70","3pl_g20","bimodal","parametric",10,0.7,250,1000,0.699358024559398,0.0144313596475214,0.667971661288754,0.725437203022249,0.693208630546375,0.013839160968779,0.685765978810574,0.0151677247705443,TRUE,0.700000001814162
"9711f8cd98_t70","3pl_g20","bimodal","parametric",10,0.7,500,1000,0.69992561817877,0.00974384478587894,0.680139111612667,0.717282361258365,0.693791032659703,0.00935984901970535,0.686314409756444,0.0104946250458245,TRUE,0.700000001814162
"9711f8cd98_t70","3pl_g20","bimodal","parametric",10,0.7,1000,1000,0.699646753184463,0.00701423961301688,0.686025628358405,0.712499771220433,0.693456304495414,0.00672994447759574,0.685771147688131,0.0075271418804692,TRUE,0.700000001814162
"9711f8cd98_t70","3pl_g20","bimodal","parametric",10,0.7,2000,1000,0.700029943485497,0.00511662060182766,0.689987816131225,0.709871608880996,0.693877346174441,0.0049059275322192,0.686369343655172,0.00556868679145778,TRUE,0.700000001814162
"9711f8cd98_t80","3pl_g20","bimodal","parametric",10,0.8,100,1000,0.798562314995891,0.0130877777727903,0.769812741661426,0.822295511786901,0.752202837490066,0.00863597917293826,0.679463191797323,0.0551220788075809,TRUE,0.800000000458827
"9711f8cd98_t80","3pl_g20","bimodal","parametric",10,0.8,250,1000,0.799027220501639,0.00802154498749338,0.781876968936342,0.813950083354828,0.752809334282648,0.0052967908748576,0.67357418451852,0.0504607764649287,TRUE,0.800000000458827
"9711f8cd98_t80","3pl_g20","bimodal","parametric",10,0.8,500,1000,0.799296331047462,0.00558108789331647,0.787754399459767,0.810150260768991,0.753050318432596,0.00361670149993998,0.673505224159459,0.0383470467095731,TRUE,0.800000000458827
"9711f8cd98_t80","3pl_g20","bimodal","parametric",10,0.8,1000,1000,0.799348171280177,0.00394334874611511,0.791303209944257,0.80660441370235,0.753107847218458,0.00254858130649365,0.671187402621734,0.0312395292742666,TRUE,0.800000000458827
"9711f8cd98_t80","3pl_g20","bimodal","parametric",10,0.8,2000,1000,0.799485533996302,0.00277080891543667,0.793880772906434,0.804787900858838,0.753152241120748,0.00177788001588633,0.66998798766586,0.0254696598712353,TRUE,0.800000000458827
"9edead4a8b_t50","2pl","normal","parametric",40,0.5,100,1000,0.497063739065697,0.0333449300606412,0.432099379292429,0.556671505482192,0.49681826141252,0.0332733917664499,0.496547131978855,0.0332234836234901,TRUE,0.500000000018108
"9edead4a8b_t50","2pl","normal","parametric",40,0.5,250,1000,0.501589087366675,0.0219478726213921,0.459232090439391,0.541491045552089,0.501338733502777,0.0218990167893427,0.501062788551095,0.0218660948275754,TRUE,0.500000000018108
"9edead4a8b_t50","2pl","normal","parametric",40,0.5,500,1000,0.501727134909565,0.0159227098832203,0.471068511611358,0.534628889847832,0.501477606225557,0.0158867514181594,0.501200588606151,0.015863158671582,TRUE,0.500000000018108
"9edead4a8b_t50","2pl","normal","parametric",40,0.5,1000,1000,0.502376725963511,0.0111529944958465,0.480035130260645,0.52314005000124,0.502126235717669,0.0111287621644374,0.501847686066162,0.011113060329917,TRUE,0.500000000018108
"9edead4a8b_t50","2pl","normal","parametric",40,0.5,2000,1000,0.501993408499459,0.00799527750640351,0.486171812132795,0.517389421947937,0.501744888276855,0.00797717896133382,0.501467900660509,0.00796472143114701,TRUE,0.500000000018108
"9edead4a8b_t60","2pl","normal","parametric",40,0.6,100,1000,0.595572329917955,0.0338815706738528,0.520181834368589,0.655678120882705,0.595080411190053,0.0337387419271861,0.594703077307708,0.0336715581412641,TRUE,0.600000001945677
"9edead4a8b_t60","2pl","normal","parametric",40,0.6,250,1000,0.596731260847872,0.0207437318205845,0.55578750006065,0.636038240879707,0.596240478159111,0.0206537837240439,0.595857159231149,0.0206114749584705,TRUE,0.600000001945677
"9edead4a8b_t60","2pl","normal","parametric",40,0.6,500,1000,0.597488513407164,0.0150571660043364,0.566264918413789,0.625503281598103,0.596993261974708,0.0149888637397985,0.596603432189816,0.0149551596901922,TRUE,0.600000001945677
"9edead4a8b_t60","2pl","normal","parametric",40,0.6,1000,1000,0.597155549871454,0.0108958108073156,0.575032253293281,0.617653596113568,0.59666398387033,0.0108476634388922,0.596275465278805,0.0108243270786247,TRUE,0.600000001945677
"9edead4a8b_t60","2pl","normal","parametric",40,0.6,2000,1000,0.59793806997746,0.00750236029351877,0.582692890485545,0.612841666525614,0.597444016194028,0.00746946113474923,0.597054018857322,0.00745375603521886,TRUE,0.600000001945677
"9edead4a8b_t70","2pl","normal","parametric",40,0.7,100,1000,0.698376261362313,0.0274193230672466,0.63959670026544,0.748126834469939,0.697089371344381,0.0271451252573332,0.696402874029593,0.0270685763301829,TRUE,0.700000001127212
"9edead4a8b_t70","2pl","normal","parametric",40,0.7,250,1000,0.696758242133536,0.0179877888059618,0.661123525369122,0.729866763711625,0.695496417992985,0.0178073074583894,0.694808517018997,0.0177563418899743,TRUE,0.700000001127212
"9edead4a8b_t70","2pl","normal","parametric",40,0.7,500,1000,0.698352403602384,0.0129491425025898,0.672061596277269,0.723019985160732,0.69707395808937,0.0128137049703328,0.696376296755912,0.0127743743405441,TRUE,0.700000001127212
"9edead4a8b_t70","2pl","normal","parametric",40,0.7,1000,1000,0.698377811976547,0.00832156653104718,0.682887748895078,0.714223423422824,0.697097663094559,0.00823440350374935,0.696396577289678,0.00820837763075796,TRUE,0.700000001127212
"9edead4a8b_t70","2pl","normal","parametric",40,0.7,2000,1000,0.698844273131966,0.00602974874105222,0.687017689911387,0.71085064460789,0.697557406950788,0.00596454835432472,0.696851699255216,0.00594482508279005,TRUE,0.700000001127212
"9edead4a8b_t80","2pl","normal","parametric",40,0.8,100,1000,0.798314326539855,0.0216808676835697,0.751470276251406,0.834596320018078,0.794940917379785,0.0210885427774494,0.793695919820431,0.020974228152271,TRUE,0.800000001177718
"9edead4a8b_t80","2pl","normal","parametric",40,0.8,250,1000,0.800775696429405,0.0129678123787479,0.774083768962584,0.82386751726852,0.797319954439472,0.0125633992142772,0.796043072098298,0.0124742902679211,TRUE,0.800000001177718
"9edead4a8b_t80","2pl","normal","parametric",40,0.8,500,1000,0.80106562242452,0.00900625755616609,0.782479503100889,0.817928208545844,0.797631334461694,0.00873527323174365,0.796360107481298,0.00868087385180479,TRUE,0.800000001177718
"9edead4a8b_t80","2pl","normal","parametric",40,0.8,1000,1000,0.801471423939195,0.00629670886330034,0.78912365632087,0.812819624385264,0.798014584752085,0.00610406044799241,0.79673295681633,0.00606890524424779,TRUE,0.800000001177718
"9edead4a8b_t80","2pl","normal","parametric",40,0.8,2000,1000,0.80154442169703,0.00464140313914291,0.792419388763449,0.810428134865806,0.798083526757397,0.00449959354573296,0.796795159702931,0.00447102313873363,TRUE,0.800000001177718
"9edead4a8b_t90","2pl","normal","parametric",40,0.9,100,1000,0.899353521072586,0.0113449615652713,0.874754097962804,0.919847916285222,0.893127795657376,0.0104243264356259,0.891537268407651,0.0102905280805385,TRUE,0.900000000527501
"9edead4a8b_t90","2pl","normal","parametric",40,0.9,250,1000,0.900896169797615,0.0071799423063327,0.885357113611133,0.913772568121833,0.894582847134766,0.00655272456224694,0.892938883872678,0.00644443144150596,TRUE,0.900000000527501
"9edead4a8b_t90","2pl","normal","parametric",40,0.9,500,1000,0.901192898752893,0.00500708143293826,0.890744946580756,0.910628448211758,0.894800923409798,0.00455440461151625,0.89311597366824,0.00446307367896731,TRUE,0.900000000527501
"9edead4a8b_t90","2pl","normal","parametric",40,0.9,1000,1000,0.901097355547387,0.00343090232347584,0.894439279986527,0.90741415324887,0.894757334123964,0.00312159102323934,0.893091598769063,0.003062719092635,TRUE,0.900000000527501
"9edead4a8b_t90","2pl","normal","parametric",40,0.9,2000,1000,0.901190070236239,0.00242763065785019,0.896311554860492,0.905810670459824,0.894827242244782,0.00221040076159785,0.893151372899161,0.00217437813872848,TRUE,0.900000000527501
"9edead4a8b_t95","2pl","normal","parametric",40,0.95,100,1000,0.948854005769517,0.00582494230072023,0.935712316330642,0.958761620970192,0.941421506001858,0.00493610933193246,0.939225703037273,0.00585342053914827,TRUE,0.950000006148172
"9edead4a8b_t95","2pl","normal","parametric",40,0.95,250,1000,0.949112960457951,0.00372618592812908,0.941252107402725,0.955770707522343,0.941717951191538,0.00303356477434121,0.939639430690111,0.0033982994249436,TRUE,0.950000006148172
"9edead4a8b_t95","2pl","normal","parametric",40,0.95,500,1000,0.949348314612966,0.0026338271714202,0.943905673256241,0.953970099584507,0.941873894559641,0.00212546080791344,0.93964113455396,0.00249811005659282,TRUE,0.950000006148172
"9edead4a8b_t95","2pl","normal","parametric",40,0.95,1000,1000,0.949522307702998,0.00180204300118145,0.945604457337104,0.952973660535261,0.942029279722604,0.00147603620477556,0.93978141487126,0.00177919252778776,TRUE,0.950000006148172
"9edead4a8b_t95","2pl","normal","parametric",40,0.95,2000,1000,0.949658144615711,0.00122633546882239,0.947231057853913,0.952017221149382,0.942130834388079,0.000990634736529001,0.93984944009428,0.00121755603999561,TRUE,0.950000006148172
"a1f4688fbc_t50","3pl_g20","heavy_tail","irw",20,0.5,100,1000,0.491406807387782,0.0558105720335972,0.389562757605115,0.614271047437668,0.487893183453121,0.0540651557484207,0.47632241056914,0.0474769597272604,FALSE,0.500000000802599
"a1f4688fbc_t50","3pl_g20","heavy_tail","irw",20,0.5,250,1000,0.492909538520997,0.0375774693934213,0.42677793972987,0.572561134313047,0.489520251627539,0.0365169203333251,0.476917340191164,0.0336333003194161,FALSE,0.500000000802599
"a1f4688fbc_t50","3pl_g20","heavy_tail","irw",20,0.5,500,1000,0.49403421525484,0.0258999014125435,0.446753744521071,0.549419884755572,0.49068314492179,0.0252110426445681,0.474159589622402,0.0417904512366387,FALSE,0.500000000802599
"a1f4688fbc_t50","3pl_g20","heavy_tail","irw",20,0.5,1000,1000,0.495564594143633,0.0208873080106225,0.460457568183306,0.535672347439689,0.492208121180385,0.0203783048731561,0.47484232014243,0.0410808178639928,FALSE,0.500000000802599
"a1f4688fbc_t50","3pl_g20","heavy_tail","irw",20,0.5,2000,1000,0.49591077948378,0.0136881272203572,0.47097892659218,0.523900669501977,0.492555335776856,0.0133453070061528,0.469790139701171,0.0545889199323383,FALSE,0.500000000802599
"a1f4688fbc_t60","3pl_g20","heavy_tail","irw",20,0.6,100,1000,0.588947936301752,0.0523354813976027,0.492355516929759,0.691779867045579,0.581306992077713,0.0495020588778954,0.549073722194298,0.0632979244118228,FALSE,0.600000002155311
"a1f4688fbc_t60","3pl_g20","heavy_tail","irw",20,0.6,250,1000,0.593217393733743,0.0339799880707715,0.528126438161376,0.66836212166225,0.585597262314796,0.032136227843494,0.54660958349461,0.066166470643127,FALSE,0.600000002155311
"a1f4688fbc_t60","3pl_g20","heavy_tail","irw",20,0.6,500,1000,0.595169586904074,0.0256696070809854,0.548750502860651,0.647347447573868,0.587514907346895,0.0243343115187813,0.540844234195922,0.071810812313765,FALSE,0.600000002155311
"a1f4688fbc_t60","3pl_g20","heavy_tail","irw",20,0.6,1000,1000,0.597830786789192,0.0197480989219014,0.563376295842312,0.638114662952846,0.590095365560589,0.0188576188300974,0.537266961464267,0.0814775659380873,FALSE,0.600000002155311
"a1f4688fbc_t60","3pl_g20","heavy_tail","irw",20,0.6,2000,1000,0.597572188960006,0.0137463946067069,0.572979623270586,0.625407832673811,0.589895566054333,0.0130806007328295,0.52848356458416,0.0833298158029268,FALSE,0.600000002155311
"a1f4688fbc_t70","3pl_g20","heavy_tail","irw",20,0.7,100,1000,0.6883872546765,0.045524053476854,0.599703944505485,0.782809104198439,0.679621922532966,0.042800352371996,0.642818039204922,0.0904429761146312,FALSE,0.700000001986806
"a1f4688fbc_t70","3pl_g20","heavy_tail","irw",20,0.7,250,1000,0.692357875111916,0.0311438538090995,0.631965070157799,0.756460445374053,0.683682390475642,0.0293902942128499,0.629070601675895,0.112049801671156,FALSE,0.700000001986806
"a1f4688fbc_t70","3pl_g20","heavy_tail","irw",20,0.7,500,1000,0.69594436639569,0.0231827921710482,0.654545642558773,0.74422708298581,0.687210835665177,0.0219802033578799,0.605562512494408,0.148043307232464,FALSE,0.700000001986806
"a1f4688fbc_t70","3pl_g20","heavy_tail","irw",20,0.7,1000,1000,0.69616619550776,0.0158167387633933,0.667851039035643,0.725892355079644,0.687433047026483,0.0149976846222552,0.588628144220567,0.150954623133002,FALSE,0.700000001986806
"a1f4688fbc_t70","3pl_g20","heavy_tail","irw",20,0.7,2000,1000,0.696262597415871,0.0121933377422052,0.675186395216925,0.721729811184769,0.687563492909349,0.0116315454222885,0.567861035083181,0.156627350717625,FALSE,0.700000001986806
"a1f4688fbc_t80","3pl_g20","heavy_tail","irw",20,0.8,100,1000,0.796131786637663,0.0341498887414647,0.732245304927151,0.865199099394874,0.765633454892994,0.028223913526812,0.608586320933296,0.170279772398866,FALSE,0.800000002008015
"a1f4688fbc_t80","3pl_g20","heavy_tail","irw",20,0.8,250,1000,0.798070805940836,0.0217697921103102,0.759146747312368,0.840673732610653,0.767793896788581,0.0183088947823682,0.573437378280768,0.176811597308316,FALSE,0.800000002008015
"a1f4688fbc_t80","3pl_g20","heavy_tail","irw",20,0.8,500,1000,0.798680478511571,0.0163444266239234,0.76772099696311,0.830860611691661,0.768681502209472,0.0140432356591616,0.531085708044891,0.194336437688146,FALSE,0.800000002008015
"a1f4688fbc_t80","3pl_g20","heavy_tail","irw",20,0.8,1000,1000,0.800222861911024,0.011899721347165,0.779484256508257,0.825291238898494,0.769944444585577,0.0102173559284863,0.46949440796263,0.20785805774283,FALSE,0.800000002008015
"a1f4688fbc_t80","3pl_g20","heavy_tail","irw",20,0.8,2000,1000,0.800789079878172,0.00914853195006133,0.784929468027627,0.81952173644409,0.770570459559316,0.00820994146427569,0.404236382443885,0.211000237075479,FALSE,0.800000002008015
"a1f4688fbc_t90","3pl_g20","heavy_tail","irw",20,0.9,100,1000,0.89726699630705,0.0183672563872925,0.859930879799249,0.935164675614596,0.84634806316569,0.0136462972312536,0.379876787028971,0.275223461406427,FALSE,0.900000001201766
"a1f4688fbc_t90","3pl_g20","heavy_tail","irw",20,0.9,250,1000,0.898695529260213,0.012126127937497,0.875409664289209,0.922831539540854,0.848081803893668,0.00974641103544911,0.240787283123243,0.233074955226171,FALSE,0.900000001201766
"a1f4688fbc_t90","3pl_g20","heavy_tail","irw",20,0.9,500,1000,0.89995812039646,0.0088646009689983,0.883920801995658,0.917992155182733,0.848849637459308,0.00709731998213708,0.145943909018605,0.171612340283143,FALSE,0.900000001201766
"a1f4688fbc_t90","3pl_g20","heavy_tail","irw",20,0.9,1000,1000,0.900374296821951,0.00661828558912064,0.888682826389541,0.914207295263674,0.849537804274041,0.00554183984824579,0.0672904271998244,0.0986905395631264,FALSE,0.900000001201766
"a1f4688fbc_t90","3pl_g20","heavy_tail","irw",20,0.9,2000,1000,0.900507677143827,0.00467555199526502,0.891776450063796,0.91076177291108,0.849573853374356,0.00393318565255882,0.0306682484095129,0.0571137370843596,FALSE,0.900000001201766
"a299eff79d_t50","3pl_beta","normal","parametric",20,0.5,100,1000,0.49757559784116,0.0327852735864066,0.430275459108435,0.55863671313902,0.495128782966444,0.0321130704981878,0.491352580995892,0.0313690545399497,TRUE,0.500000000970277
"a299eff79d_t50","3pl_beta","normal","parametric",20,0.5,250,1000,0.498270378616927,0.0205190630298228,0.457443000376932,0.537235543980702,0.495848338795243,0.0200846828486096,0.49208879211135,0.0196133133603664,TRUE,0.500000000970277
"a299eff79d_t50","3pl_beta","normal","parametric",20,0.5,500,1000,0.49938581504299,0.0144876449743925,0.470956232497565,0.527454037478455,0.496968722068175,0.0141684606197099,0.493196829624198,0.0138025537903137,TRUE,0.500000000970277
"a299eff79d_t50","3pl_beta","normal","parametric",20,0.5,1000,1000,0.499138035849071,0.010251877652674,0.478599348903536,0.517727506854289,0.496733238008228,0.0100364689211176,0.492979655292192,0.00979470809435118,TRUE,0.500000000970277
"a299eff79d_t50","3pl_beta","normal","parametric",20,0.5,2000,1000,0.499441472576965,0.00732208579631512,0.48444382808367,0.513468054376972,0.497019801293454,0.00716459158757832,0.493213930303678,0.00698187722803492,TRUE,0.500000000970277
"a299eff79d_t60","3pl_beta","normal","parametric",20,0.6,100,1000,0.598346630682127,0.0304277660348623,0.534573660034668,0.651032196831578,0.591906726424732,0.0286819318640356,0.583650241568871,0.0270186015279271,TRUE,0.600000000901748
"a299eff79d_t60","3pl_beta","normal","parametric",20,0.6,250,1000,0.600256646027423,0.0189184093868616,0.563251689528773,0.636683127546015,0.593783669912984,0.0178065662261572,0.585183375201924,0.0167600250767834,TRUE,0.600000000901748
"a299eff79d_t60","3pl_beta","normal","parametric",20,0.6,500,1000,0.601569135129959,0.0135776546466672,0.57557964760957,0.627484027380175,0.595043207057774,0.0127833208503596,0.586243837941475,0.0120177296796479,TRUE,0.600000000901748
"a299eff79d_t60","3pl_beta","normal","parametric",20,0.6,1000,1000,0.601265194844374,0.0089957824613091,0.583463875518824,0.619358918826327,0.594790643520817,0.00848268176894185,0.586049835883943,0.00807274391884541,TRUE,0.600000000901748
"a299eff79d_t60","3pl_beta","normal","parametric",20,0.6,2000,1000,0.601148661342937,0.00669736545631827,0.587609092592027,0.614613139053772,0.594693780194263,0.00629889514625092,0.58594660906276,0.00586556402209216,TRUE,0.600000000901748
"a299eff79d_t70","3pl_beta","normal","parametric",20,0.7,100,1000,0.69620553140868,0.0257409877449734,0.644063713721916,0.742036687065397,0.683837083976969,0.0232661205550334,0.670851318062961,0.0214826991201984,TRUE,0.700000000546765
"a299eff79d_t70","3pl_beta","normal","parametric",20,0.7,250,1000,0.697898836698577,0.016254926517274,0.663942644031309,0.728084464133029,0.685594143233181,0.0147103186574483,0.672240365200951,0.0138897641904979,TRUE,0.700000000546765
"a299eff79d_t70","3pl_beta","normal","parametric",20,0.7,500,1000,0.698521746973309,0.0115781856245229,0.675628574527701,0.720195974802734,0.686197719499927,0.0104285356319821,0.672854675671502,0.00972949506010316,TRUE,0.700000000546765
"a299eff79d_t70","3pl_beta","normal","parametric",20,0.7,1000,1000,0.698130244442785,0.00804464110114208,0.682051968642171,0.712602524271289,0.68586617370091,0.00723514393044419,0.672559893670847,0.00672325278481569,TRUE,0.700000000546765
"a299eff79d_t70","3pl_beta","normal","parametric",20,0.7,2000,1000,0.698747439169631,0.00574703447066445,0.687128910840625,0.710122574036909,0.686396656940716,0.00518027443721299,0.672901726384094,0.00490800934303982,TRUE,0.700000000546765
"a299eff79d_t80","3pl_beta","normal","parametric",20,0.8,100,1000,0.796685145006221,0.0190873170999419,0.756146594247245,0.829476257154481,0.776499091890105,0.0165817025480491,0.764933888547119,0.016143386910867,TRUE,0.800000002183432
"a299eff79d_t80","3pl_beta","normal","parametric",20,0.8,250,1000,0.798343423464636,0.0124611781822964,0.772478008937854,0.820585646696194,0.777802483883695,0.010695760431598,0.765758207307824,0.0111124684391487,TRUE,0.800000002183432
"a299eff79d_t80","3pl_beta","normal","parametric",20,0.8,500,1000,0.798801722450617,0.00814830462841864,0.781972729568434,0.814634906742257,0.778347959692438,0.00698876028595873,0.76621836371938,0.00932273119768127,TRUE,0.800000002183432
"a299eff79d_t80","3pl_beta","normal","parametric",20,0.8,1000,1000,0.79892323864038,0.00589106190011986,0.787193389943887,0.809873007227762,0.778432354042046,0.00508841353045496,0.766517656406998,0.00491550096879678,TRUE,0.800000002183432
"a299eff79d_t80","3pl_beta","normal","parametric",20,0.8,2000,1000,0.79912699185511,0.00402817404851158,0.790657806694024,0.806407783777387,0.778603100818666,0.00346142417429396,0.766576428513988,0.00363402968411041,TRUE,0.800000002183432
"a299eff79d_t90","3pl_beta","normal","parametric",20,0.9,100,1000,0.899048889157687,0.0104452130994541,0.877167589928167,0.917102551757534,0.873052332369808,0.00968028598433164,0.791345601815443,0.193267399207639,TRUE,0.900000000472998
"a299eff79d_t90","3pl_beta","normal","parametric",20,0.9,250,1000,0.899763439107163,0.00689480440059443,0.884572045541272,0.911683524459121,0.873801769885188,0.00636154726322786,0.741888885450632,0.237469761803973,TRUE,0.900000000472998
"a299eff79d_t90","3pl_beta","normal","parametric",20,0.9,500,1000,0.899947088999853,0.00479104339821909,0.890515550734111,0.908737043514048,0.873925838907564,0.00444301696653124,0.67163311103099,0.273538669410805,TRUE,0.900000000472998
"a299eff79d_t90","3pl_beta","normal","parametric",20,0.9,1000,1000,0.899939271625708,0.00326043513290861,0.893317223293193,0.90626017189277,0.873877309000545,0.00298731810681921,0.610364707148675,0.28724468413025,TRUE,0.900000000472998
"a299eff79d_t90","3pl_beta","normal","parametric",20,0.9,2000,1000,0.900018622585306,0.00234580574601663,0.89537131640335,0.904513467890622,0.87399042824778,0.00220356411770756,0.521853583290654,0.282481888526531,TRUE,0.900000000472998
"a299eff79d_t95","3pl_beta","normal","parametric",20,0.95,100,1000,0.949122574083461,0.0054015897952706,0.937569738016872,0.95828300325077,0.897673467638388,0.00911643326713981,0.739842662632766,0.204633487569103,TRUE,0.950000000448865
"a299eff79d_t95","3pl_beta","normal","parametric",20,0.95,250,1000,0.949751662416487,0.00331210771113415,0.942463992585508,0.955630459449358,0.89797915457439,0.00566828608848295,0.692712533542995,0.219133622322099,TRUE,0.950000000448865
"a299eff79d_t95","3pl_beta","normal","parametric",20,0.95,500,1000,0.949881838806499,0.00233720976356293,0.945064845395485,0.95405309753683,0.898256797526301,0.00398772619150721,0.611878047639962,0.249076345948648,TRUE,0.950000000448865
"a299eff79d_t95","3pl_beta","normal","parametric",20,0.95,1000,1000,0.949875641487626,0.00161932363958423,0.946666875758299,0.952977365474477,0.898301414503867,0.00291406437158412,0.532390682433823,0.261564294618944,TRUE,0.950000000448865
"a299eff79d_t95","3pl_beta","normal","parametric",20,0.95,2000,1000,0.949970397471546,0.00110672164856495,0.94759288965767,0.952047196956523,0.898258278510054,0.00209085659232775,0.459265084355875,0.258637526623928,TRUE,0.950000000448865
"aa41d06cf1_t50","3pl_beta","bimodal","irw",40,0.5,100,1000,0.501187095148587,0.026418139630355,0.445057823358847,0.54953637218341,0.50023812197966,0.0262397369424169,0.499146297394043,0.0261351712977749,TRUE,0.500000000447558
"aa41d06cf1_t50","3pl_beta","bimodal","irw",40,0.5,250,1000,0.503709820046477,0.0163806751587223,0.472920785350271,0.535985844561853,0.50274931044213,0.0162723102913043,0.501644530276843,0.0162143719797676,TRUE,0.500000000447558
"aa41d06cf1_t50","3pl_beta","bimodal","irw",40,0.5,500,1000,0.502150474132835,0.0117684149386405,0.478621690851556,0.524722811610122,0.501201120883435,0.0116874861413001,0.500096908727725,0.0116402288139579,TRUE,0.500000000447558
"aa41d06cf1_t50","3pl_beta","bimodal","irw",40,0.5,1000,1000,0.502742053535047,0.00822586320062688,0.485803934890778,0.518439263779562,0.501783315185504,0.00816660893407246,0.500668916869594,0.00813052892575859,TRUE,0.500000000447558
"aa41d06cf1_t50","3pl_beta","bimodal","irw",40,0.5,2000,1000,0.502805825736049,0.00581411579998628,0.491094836089728,0.514144927227757,0.501847931986557,0.00577547397125703,0.500733771217672,0.00575407114634043,TRUE,0.500000000447558
"aa41d06cf1_t60","3pl_beta","bimodal","irw",40,0.6,100,1000,0.601535683332115,0.0244543381184667,0.551376872249232,0.645843659622071,0.59993784412802,0.0241656721056111,0.598630501192485,0.0240384240536729,TRUE,0.600000002173414
"aa41d06cf1_t60","3pl_beta","bimodal","irw",40,0.6,250,1000,0.602694416068819,0.015634742926275,0.57234992383893,0.631726581389346,0.60108445083551,0.0154558724427325,0.599760720532975,0.0153800564628022,TRUE,0.600000002173414
"aa41d06cf1_t60","3pl_beta","bimodal","irw",40,0.6,500,1000,0.603880014388256,0.0104593403295108,0.582576940633652,0.623957461507795,0.602252631948352,0.0103307359599165,0.600913579705382,0.0102758399244788,TRUE,0.600000002173414
"aa41d06cf1_t60","3pl_beta","bimodal","irw",40,0.6,1000,1000,0.6040383854681,0.00786295845123647,0.588336595632783,0.619687331458089,0.602412141611347,0.00776597115591063,0.601068802377512,0.00772432234190471,TRUE,0.600000002173414
"aa41d06cf1_t60","3pl_beta","bimodal","irw",40,0.6,2000,1000,0.604043943915343,0.00508646690298554,0.593753250592321,0.613361837209253,0.60241470120344,0.00502646083400005,0.601069570347611,0.00500212808576463,TRUE,0.600000002173414
"aa41d06cf1_t70","3pl_beta","bimodal","irw",40,0.7,100,1000,0.697056154978466,0.019984283615435,0.654656435007837,0.733414316422912,0.690862367573951,0.019275867159271,0.686816734168849,0.0191424945894784,TRUE,0.700000000709907
"aa41d06cf1_t70","3pl_beta","bimodal","irw",40,0.7,250,1000,0.696779375881212,0.0125361133250911,0.67195848686582,0.72107021289674,0.690580627000483,0.0120604443728699,0.686477485236083,0.0119554650527741,TRUE,0.700000000709907
"aa41d06cf1_t70","3pl_beta","bimodal","irw",40,0.7,500,1000,0.697288731164502,0.00914109462906208,0.679133896675883,0.714508252057627,0.691069074541271,0.00877520285364169,0.686949316167917,0.00868541006184337,TRUE,0.700000000709907
"aa41d06cf1_t70","3pl_beta","bimodal","irw",40,0.7,1000,1000,0.697660757535109,0.00649415781028239,0.684898782043153,0.71026765237393,0.691424341045037,0.00624923831367184,0.687287562040683,0.00619272560994883,TRUE,0.700000000709907
"aa41d06cf1_t70","3pl_beta","bimodal","irw",40,0.7,2000,1000,0.698165311833041,0.00436566135749812,0.689285982456298,0.70659419406284,0.691906523977745,0.00419357188793066,0.687758055053774,0.00415399989364799,TRUE,0.700000000709907
"aa41d06cf1_t80","3pl_beta","bimodal","irw",40,0.8,100,1000,0.797203566547103,0.014929031312601,0.766067429760291,0.8241345104733,0.790504460805364,0.0141117926731106,0.787609156405191,0.01396857494762,TRUE,0.800000001763354
"aa41d06cf1_t80","3pl_beta","bimodal","irw",40,0.8,250,1000,0.797776612984207,0.00988590344988999,0.777411180052067,0.815184991489934,0.79107982251913,0.00935625087347778,0.788139229208498,0.0092805384388087,TRUE,0.800000001763354
"aa41d06cf1_t80","3pl_beta","bimodal","irw",40,0.8,500,1000,0.797749399222926,0.00645641444699805,0.784398047979246,0.809348989419982,0.791083798541218,0.00609191358944744,0.788139594930785,0.00602996307195215,TRUE,0.800000001763354
"aa41d06cf1_t80","3pl_beta","bimodal","irw",40,0.8,1000,1000,0.798303184322012,0.00457904145309033,0.78895248627273,0.806889692223275,0.791592286394656,0.00431788005245916,0.788639233731781,0.00427747280333233,TRUE,0.800000001763354
"aa41d06cf1_t80","3pl_beta","bimodal","irw",40,0.8,2000,1000,0.798269654663435,0.00339833069377039,0.79152497059351,0.804961920768914,0.791549282367005,0.00317409835906873,0.788590561452216,0.00311514677064186,TRUE,0.800000001763354
"aa41d06cf1_t90","3pl_beta","bimodal","irw",40,0.9,100,1000,0.899641285668622,0.00987201129433214,0.878288397444084,0.917514689241844,0.888905890523816,0.0101138124876523,0.886797999051697,0.0104138784372917,TRUE,0.900000000661817
"aa41d06cf1_t90","3pl_beta","bimodal","irw",40,0.9,250,1000,0.900110462216877,0.00608260216582387,0.887351200225033,0.911265593454124,0.88934610797353,0.00622710821928061,0.887246188140539,0.00640757629853204,TRUE,0.900000000661817
"aa41d06cf1_t90","3pl_beta","bimodal","irw",40,0.9,500,1000,0.900622589271494,0.00423668916190124,0.892326487914585,0.908620079349465,0.889828190252238,0.00432888619702967,0.887727579730046,0.00445568041675663,TRUE,0.900000000661817
"aa41d06cf1_t90","3pl_beta","bimodal","irw",40,0.9,1000,1000,0.900623328759756,0.00288850808764116,0.894701852149417,0.906316065139027,0.889826324217485,0.00293457691222364,0.887725510010664,0.00301933383001198,TRUE,0.900000000661817
"aa41d06cf1_t90","3pl_beta","bimodal","irw",40,0.9,2000,1000,0.900537931213317,0.00199825924281601,0.896421154141456,0.904491189870919,0.889721956378501,0.0020460557851436,0.887605792130258,0.00211486714728044,TRUE,0.900000000661817
"aa41d06cf1_t95","3pl_beta","bimodal","irw",40,0.95,100,1000,0.949442625266719,0.00323743407978282,0.942782754010389,0.955410214873846,0.886601245522865,0.0112471183264395,0.689380585350721,0.168626886314315,TRUE,0.950000000603519
"aa41d06cf1_t95","3pl_beta","bimodal","irw",40,0.95,250,1000,0.950025361720076,0.00202786496413314,0.945864906717742,0.953877650973109,0.885361002781675,0.00682868856567339,0.643747622854719,0.149145986105446,TRUE,0.950000000603519
"aa41d06cf1_t95","3pl_beta","bimodal","irw",40,0.95,500,1000,0.950104802624827,0.00139062407604966,0.947177422456448,0.952653781313786,0.885205718185606,0.00509143687498903,0.620512193187466,0.126672531238772,TRUE,0.950000000603519
"aa41d06cf1_t95","3pl_beta","bimodal","irw",40,0.95,1000,1000,0.950046891468147,0.000974284147656415,0.948127616293761,0.951987809020049,0.885679354726572,0.00350372142945354,0.604458311188545,0.113986457944414,TRUE,0.950000000603519
"aa41d06cf1_t95","3pl_beta","bimodal","irw",40,0.95,2000,1000,0.950134410054001,0.00070741226914115,0.94874353772749,0.951519289534918,0.88564841586689,0.00260911985596927,0.595373895789686,0.093882541826817,TRUE,0.950000000603519
"ac596c5075_t50","rasch","skew_pos","parametric",10,0.5,100,1000,0.497165751871303,0.0430859737345458,0.409260067813403,0.578997896676096,0.495013412909046,0.0420095880965959,0.49044512980071,0.0392673869549983,TRUE,0.500000000403723
"ac596c5075_t50","rasch","skew_pos","parametric",10,0.5,250,1000,0.499944616738055,0.0276784926841125,0.448082378910972,0.557614670568647,0.497806227971532,0.0269617480243168,0.493055001797141,0.0250254391930847,TRUE,0.500000000403723
"ac596c5075_t50","rasch","skew_pos","parametric",10,0.5,500,1000,0.500133337005536,0.0192540551035657,0.460382162096794,0.538336790449033,0.498030858863352,0.0187825143315841,0.493301377746743,0.0175064186385483,TRUE,0.500000000403723
"ac596c5075_t50","rasch","skew_pos","parametric",10,0.5,1000,1000,0.501523831924754,0.0138494308070372,0.47385113156528,0.528839399676785,0.499400280521101,0.01349376075037,0.494640475896956,0.012465342879232,TRUE,0.500000000403723
"ac596c5075_t50","rasch","skew_pos","parametric",10,0.5,2000,1000,0.501269977183612,0.00971158989002253,0.481936076932359,0.519934162608272,0.499162959854949,0.00947057179788094,0.494350683804464,0.00879738782581542,TRUE,0.500000000403723
"ac596c5075_t60","rasch","skew_pos","parametric",10,0.6,100,1000,0.596048717422687,0.0406393902389085,0.515253464235447,0.677754943154661,0.591627174493796,0.0387202849395245,0.583003256849926,0.0342428313056032,TRUE,0.600000001965552
"ac596c5075_t60","rasch","skew_pos","parametric",10,0.6,250,1000,0.599427089521264,0.0254658677918695,0.547054126853072,0.648117029191715,0.59501692953012,0.0242605420541561,0.585688649320372,0.0210924922951534,TRUE,0.600000001965552
"ac596c5075_t60","rasch","skew_pos","parametric",10,0.6,500,1000,0.598485817774405,0.0195176519273629,0.559347299848379,0.634187235494187,0.594196291380602,0.0186073978200753,0.58504418810629,0.0165675255277313,TRUE,0.600000001965552
"ac596c5075_t60","rasch","skew_pos","parametric",10,0.6,1000,1000,0.600612016884876,0.0129176911691583,0.575072834812724,0.624887579742114,0.596231707966954,0.0122928835161208,0.586278026507791,0.0110376868851527,TRUE,0.600000001965552
"ac596c5075_t60","rasch","skew_pos","parametric",10,0.6,2000,1000,0.600655399996692,0.00939347517071975,0.582138744057632,0.618767902049738,0.596281351401645,0.00893840108679327,0.58650021704147,0.00780488913945121,TRUE,0.600000001965552
"ac596c5075_t70","rasch","skew_pos","parametric",10,0.7,100,1000,0.692963703211941,0.0360938879788771,0.619958001916919,0.760230716595475,0.684315730492073,0.0329376126383211,0.667991430203651,0.0338214880824705,TRUE,0.700000002325586
"ac596c5075_t70","rasch","skew_pos","parametric",10,0.7,250,1000,0.69817624298918,0.0220654782980271,0.653021461120449,0.738418411826124,0.689301042075927,0.0201348394687618,0.671505538521944,0.0219583257520211,TRUE,0.700000002325586
"ac596c5075_t70","rasch","skew_pos","parametric",10,0.7,500,1000,0.69972068897051,0.0155882660387122,0.669614471372709,0.72882241972872,0.690840487976699,0.0142075936880884,0.670409458613759,0.0230341585278662,TRUE,0.700000002325586
"ac596c5075_t70","rasch","skew_pos","parametric",10,0.7,1000,1000,0.699347529376137,0.0112472326016829,0.677293350418842,0.721927650575909,0.690521272878932,0.0102278646660648,0.671173215494556,0.0150969681859113,TRUE,0.700000002325586
"ac596c5075_t70","rasch","skew_pos","parametric",10,0.7,2000,1000,0.69958366677943,0.00794264344369937,0.684115057069867,0.714683944179552,0.69075859034511,0.00722774284266828,0.670944795904497,0.0177454729222553,TRUE,0.700000002325586
"ac596c5075_t80","rasch","skew_pos","parametric",10,0.8,100,1000,0.794904270844316,0.02760294320191,0.737881955410631,0.844844271463044,0.776051325397778,0.0217090161177742,0.709007997666738,0.0887596109350943,TRUE,0.800000001430974
"ac596c5075_t80","rasch","skew_pos","parametric",10,0.8,250,1000,0.798402683887046,0.0168856164267613,0.763188945656261,0.828929072079896,0.779302338556841,0.0132815575137082,0.696598052634668,0.0875077458442971,TRUE,0.800000001430974
"ac596c5075_t80","rasch","skew_pos","parametric",10,0.8,500,1000,0.798879057517624,0.0120535090904442,0.774912825640769,0.821102084026113,0.779898513019345,0.00943755629892542,0.684082832188189,0.0933740349222247,TRUE,0.800000001430974
"ac596c5075_t80","rasch","skew_pos","parametric",10,0.8,1000,1000,0.800111427512234,0.00841615547399263,0.783165224273795,0.816388470445439,0.780936940049488,0.00654461192372459,0.669080015524712,0.100951810111222,TRUE,0.800000001430974
"ac596c5075_t80","rasch","skew_pos","parametric",10,0.8,2000,1000,0.79980941100126,0.00581010405780832,0.788091414349206,0.810969747851864,0.780738335236716,0.0045343274886128,0.665929957728274,0.0914438985971382,TRUE,0.800000001430974
"ac596c5075_t90","rasch","skew_pos","parametric",10,0.9,100,1000,0.896884555812688,0.0139600718489796,0.866845610983452,0.921099287691351,0.870120556757325,0.00879681599069256,0.708706940309225,0.225940905919965,TRUE,0.900000000789206
"ac596c5075_t90","rasch","skew_pos","parametric",10,0.9,250,1000,0.898775667092348,0.00918492638769902,0.880087614374466,0.916036775659913,0.871722939463158,0.00554455040012366,0.614756809066653,0.258786544596523,TRUE,0.900000000789206
"ac596c5075_t90","rasch","skew_pos","parametric",10,0.9,500,1000,0.899330696135567,0.00637427440750414,0.886580359758441,0.911169545336109,0.872214086733383,0.00395585428698782,0.516371558092896,0.276839926795178,TRUE,0.900000000789206
"ac596c5075_t90","rasch","skew_pos","parametric",10,0.9,1000,1000,0.899695944065787,0.00443189927965143,0.891393523439756,0.908200293093782,0.872558576993814,0.00268580527638975,0.420591853087532,0.260026864703531,TRUE,0.900000000789206
"ac596c5075_t90","rasch","skew_pos","parametric",10,0.9,2000,1000,0.899684226525414,0.00330801038173227,0.893266453758138,0.906142399318255,0.872576693145922,0.00198543464058221,0.334007176499547,0.236026103247509,TRUE,0.900000000789206
"ac596c5075_t95","rasch","skew_pos","parametric",10,0.95,100,1000,0.948907411321625,0.00813263942071663,0.931748474608561,0.964318294321346,0.909212820601521,0.0088623523604721,0.287190650732584,0.346241304676974,TRUE,0.95000000048472
"ac596c5075_t95","rasch","skew_pos","parametric",10,0.95,250,1000,0.949343156413989,0.00513758123770365,0.938983001555684,0.958562244704132,0.910254227902959,0.00538091294397409,0.0994322558431862,0.212359182528616,TRUE,0.95000000048472
"ac596c5075_t95","rasch","skew_pos","parametric",10,0.95,500,1000,0.949562003662184,0.00361501127054888,0.942311266550569,0.956299126300596,0.910596445813441,0.00398860450412617,0.0229195903936654,0.0746887893086717,TRUE,0.95000000048472
"ac596c5075_t95","rasch","skew_pos","parametric",10,0.95,1000,1000,0.949866799550873,0.00253194960222812,0.944740493778004,0.954709251788709,0.910784065997753,0.00267736336252386,0.00280894735662681,0.0153817566226074,TRUE,0.95000000048472
"ac596c5075_t95","rasch","skew_pos","parametric",10,0.95,2000,1000,0.949904830827062,0.00172004467060138,0.946447545146623,0.953008221283506,0.91086519942282,0.0018800054221186,0.000307109611284533,0.00217720450509084,TRUE,0.95000000048472
"ad266e1728_t50","3pl_beta","heavy_tail","irw",10,0.5,100,1000,0.488553584895008,0.0560032843040696,0.389821927966199,0.600642915244766,0.485659453690659,0.0542118150700055,0.462145476886357,0.0649204625005644,FALSE,0.500000000381758
"ad266e1728_t50","3pl_beta","heavy_tail","irw",10,0.5,250,1000,0.492715403430402,0.0357129814692559,0.422686237277095,0.565655446878526,0.489918176688121,0.0346545675645289,0.458789500434061,0.0692376517912477,FALSE,0.500000000381758
"ad266e1728_t50","3pl_beta","heavy_tail","irw",10,0.5,500,1000,0.493557434132319,0.027164585644453,0.444643962006011,0.554477448531144,0.490823895173174,0.0263890417032321,0.449847335189228,0.0832474013483748,FALSE,0.500000000381758
"ad266e1728_t50","3pl_beta","heavy_tail","irw",10,0.5,1000,1000,0.494218773766335,0.0191530578130155,0.45855053707113,0.536131848163693,0.49149589823915,0.0186205560851797,0.434124544149617,0.105085297812135,FALSE,0.500000000381758
"ad266e1728_t50","3pl_beta","heavy_tail","irw",10,0.5,2000,1000,0.496170050293917,0.015781534999628,0.471126225351908,0.532925993463666,0.493422172093719,0.0154052279120612,0.402829262379462,0.137456169341437,FALSE,0.500000000381758
"ad266e1728_t60","3pl_beta","heavy_tail","irw",10,0.6,100,1000,0.590372911340188,0.0512155601186605,0.495283121785102,0.692592773910443,0.573574007779379,0.048709654967945,0.479204312501809,0.149859726230461,FALSE,0.600000000125075
"ad266e1728_t60","3pl_beta","heavy_tail","irw",10,0.6,250,1000,0.593491471310712,0.0364133130605129,0.531326184284729,0.671470358192969,0.576352050027213,0.0347223489819316,0.414300393741517,0.190909393622462,FALSE,0.600000000125075
"ad266e1728_t60","3pl_beta","heavy_tail","irw",10,0.6,500,1000,0.596064834911747,0.0251508527580313,0.548174636221928,0.650013249665346,0.578872640618703,0.0240029641238578,0.36690181818074,0.206743421829195,FALSE,0.600000000125075
"ad266e1728_t60","3pl_beta","heavy_tail","irw",10,0.6,1000,1000,0.59636322451101,0.018814930671978,0.561020494738084,0.634726106275352,0.579147153556074,0.0179573394630089,0.289615016801231,0.20997068766403,FALSE,0.600000000125075
"ad266e1728_t60","3pl_beta","heavy_tail","irw",10,0.6,2000,1000,0.597601078129027,0.0143714514336874,0.572403661141782,0.626263213382425,0.58036969848416,0.0137879471299981,0.203250832897584,0.197028767827763,FALSE,0.600000000125075
"ad266e1728_t70","3pl_beta","heavy_tail","irw",10,0.7,100,1000,0.676391652716671,0.0627897277927426,0.542112777052106,0.790781992462864,0.289369595957935,0.0402005841926778,7.06561511445143e-11,5.09091580364033e-11,FALSE,0.700000000854712
"ad266e1728_t70","3pl_beta","heavy_tail","irw",10,0.7,250,1000,0.683036810215492,0.0428407432673865,0.597984552891669,0.767615861074912,0.29004069434454,0.0255047800469236,6.0081487573717e-11,2.0361913393368e-11,FALSE,0.700000000854712
"ad266e1728_t70","3pl_beta","heavy_tail","irw",10,0.7,500,1000,0.686302949850314,0.0291315221335382,0.629954745480915,0.745863542766631,0.289566394320072,0.0182299921727507,5.69460598583254e-11,1.7207659796781e-11,FALSE,0.700000000854712
"ad266e1728_t70","3pl_beta","heavy_tail","irw",10,0.7,1000,1000,0.688079381330027,0.0226867627692518,0.646417153576627,0.734710695905468,0.290228685691758,0.0138105111308048,5.4984998486186e-11,1.62155577010319e-11,FALSE,0.700000000854712
"ad266e1728_t70","3pl_beta","heavy_tail","irw",10,0.7,2000,1000,0.688258118338049,0.0154750804794605,0.660467329561679,0.717695880751066,0.290280271767077,0.00906095716926231,5.05992159552282e-11,1.95971653380197e-11,FALSE,0.700000000854712
"ad266e1728_t80","3pl_beta","heavy_tail","irw",10,0.8,100,1000,0.794495282263827,0.0336940234472505,0.730646206468239,0.859896016718522,0.752577826482022,0.0250167976627726,0.385012257412234,0.22077077086855,FALSE,0.800000001674519
"ad266e1728_t80","3pl_beta","heavy_tail","irw",10,0.8,250,1000,0.797984758000271,0.0221067654434242,0.75642065651502,0.842634022238482,0.756177523605762,0.0173699675790814,0.300096921551413,0.203803599455017,FALSE,0.800000001674519
"ad266e1728_t80","3pl_beta","heavy_tail","irw",10,0.8,500,1000,0.799450364233881,0.0162256996902234,0.770571732149114,0.832233935853231,0.757525490061705,0.0127186922316963,0.207920093916244,0.183208666940481,FALSE,0.800000001674519
"ad266e1728_t80","3pl_beta","heavy_tail","irw",10,0.8,1000,1000,0.799817619629455,0.0124886520486073,0.778108712260849,0.82542725045341,0.758038126926762,0.00987450955650339,0.136586936403885,0.147398945340774,FALSE,0.800000001674519
"ad266e1728_t80","3pl_beta","heavy_tail","irw",10,0.8,2000,1000,0.800336128938109,0.00906938221479165,0.784012047754248,0.818978295440204,0.75864998245632,0.00737984695442171,0.0713287318985019,0.103053384602469,FALSE,0.800000001674519
"ade7e80f30_t50","3pl_g20","skew_pos","parametric",40,0.5,100,1000,0.504364044620898,0.0432396606116703,0.418661705126954,0.590022916084172,0.503630415974259,0.0428914023569923,0.502712059960629,0.0424880723044094,TRUE,0.500000000305925
"ade7e80f30_t50","3pl_g20","skew_pos","parametric",40,0.5,250,1000,0.503676588516148,0.0289965122920799,0.451661243716463,0.560741035832352,0.502960901695085,0.0287762574331883,0.502028220173794,0.0285167908926759,TRUE,0.500000000305925
"ade7e80f30_t50","3pl_g20","skew_pos","parametric",40,0.5,500,1000,0.505667488105399,0.0199486958900411,0.466685274497798,0.542957783249882,0.504951339409145,0.0197943918587464,0.503999710777898,0.019595215858982,TRUE,0.500000000305925
"ade7e80f30_t50","3pl_g20","skew_pos","parametric",40,0.5,1000,1000,0.505959488955708,0.013905405086111,0.47861125206598,0.533064688823765,0.505246036849003,0.0137987686563227,0.504294577539974,0.0136642805344651,TRUE,0.500000000305925
"ade7e80f30_t50","3pl_g20","skew_pos","parametric",40,0.5,2000,1000,0.506351961804141,0.0100573752820493,0.486838015534379,0.528172092680503,0.505635771830338,0.00997898024996435,0.504675283162654,0.00987887492328823,TRUE,0.500000000305925
"ade7e80f30_t60","3pl_g20","skew_pos","parametric",40,0.6,100,1000,0.598196154974646,0.0433241099436045,0.511316909907068,0.679994207700214,0.596429426130397,0.0426166436438871,0.594713588413159,0.041919395619374,TRUE,0.600000002208426
"ade7e80f30_t60","3pl_g20","skew_pos","parametric",40,0.6,250,1000,0.601407613844443,0.0269901028427728,0.550157592846781,0.651657677904641,0.599633077295024,0.026543894238322,0.597865377113006,0.0261080222519301,TRUE,0.600000002208426
"ade7e80f30_t60","3pl_g20","skew_pos","parametric",40,0.6,500,1000,0.603630019258665,0.0179893865842638,0.568275493545952,0.637903610804587,0.601831647279714,0.017690478790438,0.599998147142775,0.0173691678412843,TRUE,0.600000002208426
"ade7e80f30_t60","3pl_g20","skew_pos","parametric",40,0.6,1000,1000,0.603392269092575,0.0135684185186853,0.577267739217035,0.630266097605055,0.601609122771901,0.0133349502741726,0.599794315792059,0.0130913672920603,TRUE,0.600000002208426
"ade7e80f30_t60","3pl_g20","skew_pos","parametric",40,0.6,2000,1000,0.60397828673013,0.00945167973099361,0.585845642918915,0.621705324664159,0.60218966562743,0.00929587881428581,0.600363635810665,0.00913263780362513,TRUE,0.600000002208426
"ade7e80f30_t70","3pl_g20","skew_pos","parametric",40,0.7,100,1000,0.699317922949367,0.0368712122606552,0.622928983800493,0.765995539084744,0.696470780136842,0.0358992134940766,0.694332776371703,0.0350674125943264,TRUE,0.70000000307755
"ade7e80f30_t70","3pl_g20","skew_pos","parametric",40,0.7,250,1000,0.702825840550626,0.0227193522621037,0.657790155941393,0.743686946323933,0.69993559012447,0.0220659602054356,0.697612281610235,0.0213968580383255,TRUE,0.70000000307755
"ade7e80f30_t70","3pl_g20","skew_pos","parametric",40,0.7,500,1000,0.702114912798879,0.016289428566426,0.66898562330681,0.732738965973756,0.699281717496499,0.0158334246622973,0.697002336467103,0.0153983107996368,TRUE,0.70000000307755
"ade7e80f30_t70","3pl_g20","skew_pos","parametric",40,0.7,1000,1000,0.703001202390817,0.0110789502214954,0.68113097423775,0.725027667734849,0.700150933100122,0.0107578507208261,0.697846322396747,0.0104284237041739,TRUE,0.70000000307755
"ade7e80f30_t70","3pl_g20","skew_pos","parametric",40,0.7,2000,1000,0.703288488640818,0.00838205946238348,0.687297694133255,0.719448508200014,0.700439971277496,0.008135205630798,0.698114882703315,0.00788416513767469,TRUE,0.70000000307755
"ade7e80f30_t80","3pl_g20","skew_pos","parametric",40,0.8,100,1000,0.79852154790546,0.028076324700772,0.733976233802679,0.849237073234902,0.792823691539814,0.0262637380074054,0.788990605755236,0.0246152350927919,TRUE,0.800000001150023
"ade7e80f30_t80","3pl_g20","skew_pos","parametric",40,0.8,250,1000,0.799666477565708,0.0171496495585614,0.763418712411745,0.831602455225071,0.794007269349739,0.0160154540417535,0.789977665496721,0.0149119496781568,TRUE,0.800000001150023
"ade7e80f30_t80","3pl_g20","skew_pos","parametric",40,0.8,500,1000,0.799772552417943,0.0121980367400648,0.77472517553135,0.822974798976093,0.794155551704181,0.0113759115797905,0.78991308263847,0.0104411125237264,TRUE,0.800000001150023
"ade7e80f30_t80","3pl_g20","skew_pos","parametric",40,0.8,1000,1000,0.799751130311124,0.00850024334021282,0.783053440866476,0.816121549329376,0.794166477279162,0.00792301418337507,0.790020592952628,0.00733722485242078,TRUE,0.800000001150023
"ade7e80f30_t80","3pl_g20","skew_pos","parametric",40,0.8,2000,1000,0.80049813565915,0.0062203162246828,0.788498463476792,0.812402675122989,0.794860267057585,0.00580167658707284,0.790657092739787,0.00530311271670637,TRUE,0.800000001150023
"ade7e80f30_t90","3pl_g20","skew_pos","parametric",40,0.9,100,1000,0.897144886374987,0.0153063126084569,0.865858861671648,0.924322314865749,0.888846214735421,0.0125424068509888,0.876772964020878,0.0251144724753501,TRUE,0.900000000351708
"ade7e80f30_t90","3pl_g20","skew_pos","parametric",40,0.9,250,1000,0.898923136678665,0.0096101671730108,0.878351306205267,0.916396113801229,0.890547335595274,0.00784042607856336,0.876668289073769,0.0217380285199072,TRUE,0.900000000351708
"ade7e80f30_t90","3pl_g20","skew_pos","parametric",40,0.9,500,1000,0.899479428659561,0.00662633701960485,0.885537337873868,0.912286836707103,0.891081572369113,0.00535288007868611,0.874345943510172,0.0266441504520791,TRUE,0.900000000351708
"ade7e80f30_t90","3pl_g20","skew_pos","parametric",40,0.9,1000,1000,0.89948832546892,0.00477992227105989,0.890489832768011,0.908723634560658,0.891099184350649,0.00387726176809604,0.871917930458071,0.0301941635011236,TRUE,0.900000000351708
"ade7e80f30_t90","3pl_g20","skew_pos","parametric",40,0.9,2000,1000,0.899702338086747,0.00338894644403397,0.893260025293735,0.906454689657738,0.891280207730812,0.00273421175540841,0.874029260800769,0.015878121300574,TRUE,0.900000000351708
"ade7e80f30_t95","3pl_g20","skew_pos","parametric",40,0.95,100,1000,0.949304167024209,0.00750833250498217,0.933983911909497,0.962518992575732,0.925259932965578,0.0032285123871345,0.876566604817799,0.0840066327436774,TRUE,0.950000000567243
"ade7e80f30_t95","3pl_g20","skew_pos","parametric",40,0.95,250,1000,0.949766072279919,0.00494007943206583,0.939996150682485,0.95867583906774,0.925808454723429,0.00200182645112124,0.871953335158713,0.0837269868401658,TRUE,0.950000000567243
"ade7e80f30_t95","3pl_g20","skew_pos","parametric",40,0.95,500,1000,0.950326366101964,0.00339748094256665,0.943188085296948,0.956429582941765,0.926236992960731,0.00148658649751781,0.856289768379307,0.102704498895293,TRUE,0.950000000567243
"ade7e80f30_t95","3pl_g20","skew_pos","parametric",40,0.95,1000,1000,0.95035190343133,0.00244449334419558,0.945761717150294,0.954757092444562,0.926270508918945,0.00104183905736169,0.853304010732506,0.0934413725882031,TRUE,0.950000000567243
"ade7e80f30_t95","3pl_g20","skew_pos","parametric",40,0.95,2000,1000,0.950292359683256,0.00169492887233917,0.947086451367261,0.953565442746371,0.926300318529802,0.000730581520547044,0.848206341534544,0.0895263574553307,TRUE,0.950000000567243
"b06cf9b257_t50","2pl","heavy_tail","parametric",40,0.5,100,1000,0.487944983266568,0.0553156954102843,0.385863512926622,0.600220199739492,0.487575914318113,0.0550009103579891,0.487023960121024,0.0543771901714456,FALSE,0.500000000369581
"b06cf9b257_t50","2pl","heavy_tail","parametric",40,0.5,250,1000,0.495548387661675,0.0379225408231288,0.427219716184157,0.576803849990762,0.495167241082936,0.0377078943469779,0.494518056696567,0.0371891184192908,FALSE,0.500000000369581
"b06cf9b257_t50","2pl","heavy_tail","parametric",40,0.5,500,1000,0.493897297447136,0.028550141124764,0.442734736751679,0.554630724099965,0.493541678795467,0.0283977258286618,0.49283698696281,0.0276012519772949,FALSE,0.500000000369581
"b06cf9b257_t50","2pl","heavy_tail","parametric",40,0.5,1000,1000,0.495927434918169,0.019888051987439,0.461133974016729,0.536561337258514,0.495568072164669,0.0197867821425669,0.494796754966307,0.0190548943062402,FALSE,0.500000000369581
"b06cf9b257_t50","2pl","heavy_tail","parametric",40,0.5,2000,1000,0.49484709221195,0.0143823855876321,0.468380698694747,0.523969243555902,0.494496969071998,0.0143112308319364,0.493781727445208,0.0138488677101183,FALSE,0.500000000369581
"b06cf9b257_t60","2pl","heavy_tail","parametric",40,0.6,100,1000,0.591901696260979,0.0531669085502454,0.493621753749856,0.704591332344693,0.590419975855253,0.0524633408889605,0.588805727342308,0.0514180210911949,FALSE,0.600000002058227
"b06cf9b257_t60","2pl","heavy_tail","parametric",40,0.6,250,1000,0.594502352009792,0.036389322525809,0.526175371963072,0.66839074360925,0.593069150002418,0.0359411516569625,0.591168905362894,0.0342356442550736,FALSE,0.600000002058227
"b06cf9b257_t60","2pl","heavy_tail","parametric",40,0.6,500,1000,0.596010691797922,0.0266610224739211,0.546095808981292,0.651342700096264,0.594576873945051,0.0263364909415541,0.59277147631833,0.0253293658321376,FALSE,0.600000002058227
"b06cf9b257_t60","2pl","heavy_tail","parametric",40,0.6,1000,1000,0.598035746615812,0.0194724201110563,0.564324937620466,0.639117569726615,0.596596585382335,0.0192370543253377,0.594617357875028,0.018002885302377,FALSE,0.600000002058227
"b06cf9b257_t60","2pl","heavy_tail","parametric",40,0.6,2000,1000,0.597393770512779,0.0133274186216778,0.573168272090177,0.62555424615224,0.595964922376591,0.0131765327447823,0.593990105615687,0.0121583053864064,FALSE,0.600000002058227
"b06cf9b257_t70","2pl","heavy_tail","parametric",40,0.7,100,1000,0.687495921860105,0.0466234417175962,0.599153009336802,0.785791009199321,0.685103133455508,0.0454881196425925,0.682873447347201,0.04365998474101,FALSE,0.700000001654431
"b06cf9b257_t70","2pl","heavy_tail","parametric",40,0.7,250,1000,0.692784462207117,0.0306038625053632,0.639317042123298,0.752846955735179,0.690369951965607,0.0298735900154803,0.687793709424037,0.0280765371063213,FALSE,0.700000001654431
"b06cf9b257_t70","2pl","heavy_tail","parametric",40,0.7,500,1000,0.694079075137126,0.0231371963602182,0.652150962531281,0.74123694657459,0.691676396149503,0.0226207463172974,0.688870024569692,0.020728961914594,FALSE,0.700000001654431
"b06cf9b257_t70","2pl","heavy_tail","parametric",40,0.7,1000,1000,0.695840456849798,0.0166427522699146,0.662729634619176,0.729694707906172,0.693415189054734,0.0162752774507326,0.690526010324761,0.014838589369929,FALSE,0.700000001654431
"b06cf9b257_t70","2pl","heavy_tail","parametric",40,0.7,2000,1000,0.696282397483668,0.0118806664872044,0.674598298786403,0.720921344929872,0.693867589176126,0.0116285063415728,0.690537505086046,0.0129658768810375,FALSE,0.700000001654431
"b06cf9b257_t80","2pl","heavy_tail","parametric",40,0.8,100,1000,0.788373575817985,0.0362337032062903,0.715166728495805,0.85499641926494,0.784537738422733,0.0346336787926587,0.781250150093015,0.032268631989101,FALSE,0.800000000508163
"b06cf9b257_t80","2pl","heavy_tail","parametric",40,0.8,250,1000,0.79540082746863,0.0237080647361285,0.751565986253935,0.84438737467172,0.791418528124636,0.0226212129697115,0.785153399307126,0.0243961593486842,FALSE,0.800000000508163
"b06cf9b257_t80","2pl","heavy_tail","parametric",40,0.8,500,1000,0.796356600631957,0.0174030071874458,0.765614749884111,0.832166109353733,0.792381218318149,0.0166534982882906,0.78586643434961,0.0214998951618103,FALSE,0.800000000508163
"b06cf9b257_t80","2pl","heavy_tail","parametric",40,0.8,1000,1000,0.79698774022995,0.0134172994562754,0.772467536848009,0.825010199070568,0.793034055351098,0.0129250703266821,0.784130282530181,0.0386013038649113,FALSE,0.800000000508163
"b06cf9b257_t80","2pl","heavy_tail","parametric",40,0.8,2000,1000,0.797095014801932,0.00884600048093923,0.780830792601539,0.815511368544184,0.793130688976436,0.00848490454467852,0.785451402052921,0.0229624349572502,FALSE,0.800000000508163
"b06cf9b257_t90","2pl","heavy_tail","parametric",40,0.9,100,1000,0.893253604152596,0.0194220447092282,0.853585633676971,0.93091768209433,0.886820429482024,0.0168958607349823,0.875345867374555,0.0476654577779411,FALSE,0.90000000179341
"b06cf9b257_t90","2pl","heavy_tail","parametric",40,0.9,250,1000,0.895558405346717,0.0132937497603152,0.870810497317895,0.924235381726885,0.888984756846756,0.0115861608820722,0.869455427925913,0.0690984315638786,FALSE,0.90000000179341
"b06cf9b257_t90","2pl","heavy_tail","parametric",40,0.9,500,1000,0.896213800387924,0.0101212744447886,0.878008925359254,0.915547100535308,0.889710798368021,0.00898711757200814,0.862818355883324,0.0892511191753063,FALSE,0.90000000179341
"b06cf9b257_t90","2pl","heavy_tail","parametric",40,0.9,1000,1000,0.897469552141406,0.00716505445597734,0.884700620681327,0.912409189365593,0.890863811201638,0.00639201103348317,0.853109884382772,0.106131789287876,FALSE,0.90000000179341
"b06cf9b257_t90","2pl","heavy_tail","parametric",40,0.9,2000,1000,0.897463617570842,0.00508443888371134,0.887988384834676,0.907389414920874,0.890899271517251,0.00450364796303042,0.851606701949779,0.0922366613172373,FALSE,0.90000000179341
"b06cf9b257_t95","2pl","heavy_tail","parametric",40,0.95,100,1000,0.948053433722736,0.00940939951598808,0.928347702556648,0.965930320871983,0.937241456934611,0.00609871556282107,0.879589889247823,0.140327870620256,FALSE,0.950000000369577
"b06cf9b257_t95","2pl","heavy_tail","parametric",40,0.95,250,1000,0.948933230321921,0.00696371077239617,0.935078687963714,0.962283665475639,0.938207547181985,0.00484332984015375,0.84481354742192,0.182696007199968,FALSE,0.950000000369577
"b06cf9b257_t95","2pl","heavy_tail","parametric",40,0.95,500,1000,0.949793428550879,0.00499540164393775,0.940244427126887,0.96004416041907,0.93894424367922,0.00362377254066378,0.78602450628203,0.231512725136958,FALSE,0.950000000369577
"b06cf9b257_t95","2pl","heavy_tail","parametric",40,0.95,1000,1000,0.950091829154966,0.00360937411557285,0.9429456037517,0.9577096374241,0.939206448221164,0.00254517809919079,0.737043079019285,0.254061515321764,FALSE,0.950000000369577
"b06cf9b257_t95","2pl","heavy_tail","parametric",40,0.95,2000,1000,0.95025930189452,0.00277484114453514,0.945429207576566,0.955965218165525,0.939378338028224,0.0021534485791262,0.666716838353227,0.281566243374967,FALSE,0.950000000369577
"b5c17df61e_t50","3pl_beta","heavy_tail","irw",40,0.5,100,1000,0.496103937794222,0.0557364133571997,0.396849037286336,0.611535204306222,0.493871889109947,0.0546018314391444,0.4875552673754,0.0506485767442771,FALSE,0.500000000163439
"b5c17df61e_t50","3pl_beta","heavy_tail","irw",40,0.5,250,1000,0.498384244679871,0.0390480041267366,0.431478278800337,0.585630601800456,0.496204241506473,0.0383083019291174,0.490026440026835,0.0371279271721751,FALSE,0.500000000163439
"b5c17df61e_t50","3pl_beta","heavy_tail","irw",40,0.5,500,1000,0.498230712601501,0.026022930307665,0.449983798351945,0.550221014211972,0.496104857279193,0.0255525558448098,0.490282431408513,0.026387734493116,FALSE,0.500000000163439
"b5c17df61e_t50","3pl_beta","heavy_tail","irw",40,0.5,1000,1000,0.500682453612427,0.0208672909294351,0.466920488382619,0.543162896782335,0.498542511723541,0.0205102325182336,0.491208179112266,0.0243587583932787,FALSE,0.500000000163439
"b5c17df61e_t50","3pl_beta","heavy_tail","irw",40,0.5,2000,1000,0.501364718360907,0.0141601466634677,0.475716631154144,0.533562138726704,0.499212120910191,0.0139151941070714,0.491985562362737,0.0177676280937746,FALSE,0.500000000163439
"b5c17df61e_t60","3pl_beta","heavy_tail","irw",40,0.6,100,1000,0.592609536802433,0.0517850720974901,0.499038004441063,0.701338512844045,0.589948260665429,0.0503134823073911,0.583831123721965,0.0462694854376298,FALSE,0.600000001293829
"b5c17df61e_t60","3pl_beta","heavy_tail","irw",40,0.6,250,1000,0.59829572024688,0.0348077983542616,0.53301443405863,0.667474412990206,0.59564352976722,0.0339228099162842,0.587800656434641,0.0335381965233342,FALSE,0.600000001293829
"b5c17df61e_t60","3pl_beta","heavy_tail","irw",40,0.6,500,1000,0.598487429097618,0.0260035385730095,0.551369103662471,0.651750234688179,0.595844258695145,0.0253317669714347,0.586483677779338,0.0309614668001558,FALSE,0.600000001293829
"b5c17df61e_t60","3pl_beta","heavy_tail","irw",40,0.6,1000,1000,0.599625977172153,0.018296451819676,0.565411018652577,0.635011197117087,0.597009952860522,0.0178463668619054,0.586484636432893,0.0320641081483243,FALSE,0.600000001293829
"b5c17df61e_t60","3pl_beta","heavy_tail","irw",40,0.6,2000,1000,0.60097624664328,0.0137341884684478,0.576549419241409,0.628370667096636,0.598348764192731,0.0134251595269193,0.584155224211252,0.0426281586087702,FALSE,0.600000001293829
"b5c17df61e_t70","3pl_beta","heavy_tail","irw",40,0.7,100,1000,0.695137943367433,0.0440913227615588,0.614740406640024,0.791365395408997,0.688162205175784,0.0415753124782364,0.673765741689459,0.0423475085141406,FALSE,0.700000001825816
"b5c17df61e_t70","3pl_beta","heavy_tail","irw",40,0.7,250,1000,0.699012628948558,0.0299960290920992,0.646473906581717,0.763681502572174,0.692065944722871,0.0284912899343757,0.6736501666103,0.0469028758944666,FALSE,0.700000001825816
"b5c17df61e_t70","3pl_beta","heavy_tail","irw",40,0.7,500,1000,0.701892757142143,0.0232596756396125,0.661507367343554,0.75490960234395,0.69488378203499,0.0221577558332649,0.668364049227754,0.0665553259869158,FALSE,0.700000001825816
"b5c17df61e_t70","3pl_beta","heavy_tail","irw",40,0.7,1000,1000,0.703294305963759,0.015760194196466,0.67515388813591,0.736465539401972,0.696244331620227,0.0149991269653716,0.665823976780215,0.0781711530638656,FALSE,0.700000001825816
"b5c17df61e_t70","3pl_beta","heavy_tail","irw",40,0.7,2000,1000,0.702943795076459,0.011528728835807,0.682276961473937,0.726565862078528,0.695926412564798,0.0109929832782825,0.661896228010999,0.0838061024787913,FALSE,0.700000001825816
"b5c17df61e_t80","3pl_beta","heavy_tail","irw",40,0.8,100,1000,0.792114939696563,0.0350144277631419,0.723148191423529,0.860913132627531,0.786367987939675,0.0330018900182666,0.774451098262132,0.06290581039385,FALSE,0.800000001901729
"b5c17df61e_t80","3pl_beta","heavy_tail","irw",40,0.8,250,1000,0.794700828180395,0.0217621649459061,0.752709586865784,0.835841826983191,0.788984120146495,0.0205598077073147,0.777526323400825,0.0564871833771395,FALSE,0.800000001901729
"b5c17df61e_t80","3pl_beta","heavy_tail","irw",40,0.8,500,1000,0.7958807032573,0.0166476309156797,0.762653814648409,0.827903830270892,0.790165103483209,0.0157602411046503,0.770146413312597,0.0776538320537396,FALSE,0.800000001901729
"b5c17df61e_t80","3pl_beta","heavy_tail","irw",40,0.8,1000,1000,0.797161684692091,0.012412066542474,0.775284118133065,0.823536631396186,0.791391267505845,0.0117652576036276,0.769772080944826,0.0734636946644203,FALSE,0.800000001901729
"b5c17df61e_t80","3pl_beta","heavy_tail","irw",40,0.8,2000,1000,0.797697154626498,0.00902919351788963,0.780410020037993,0.815271976523863,0.791942411485407,0.00863286761412116,0.753318726722932,0.120474990597326,FALSE,0.800000001901729
"b5c17df61e_t90","3pl_beta","heavy_tail","irw",40,0.9,100,1000,0.893782528563553,0.0203522752914119,0.852476000293705,0.935054281703293,0.863514413340513,0.0152452273663945,0.716442979738846,0.20166187143296,FALSE,0.900000001474641
"b5c17df61e_t90","3pl_beta","heavy_tail","irw",40,0.9,250,1000,0.897034332725876,0.0125210872933349,0.8731373677694,0.924415998252292,0.866660638747851,0.00998256580085347,0.657138488121796,0.229139691057418,FALSE,0.900000001474641
"b5c17df61e_t90","3pl_beta","heavy_tail","irw",40,0.9,500,1000,0.898289900470622,0.00965274513112738,0.880126613006393,0.916792296236211,0.867695946650919,0.00752718829768015,0.590904237055707,0.247982332437278,FALSE,0.900000001474641
"b5c17df61e_t90","3pl_beta","heavy_tail","irw",40,0.9,1000,1000,0.898303619889993,0.00676698084779312,0.886375655267029,0.911660215148337,0.86800094609254,0.0057485958728877,0.518097237523636,0.258574475316015,FALSE,0.900000001474641
"b5c17df61e_t90","3pl_beta","heavy_tail","irw",40,0.9,2000,1000,0.898434988212396,0.00458956307411807,0.889472259908191,0.907824564826374,0.868007675305497,0.00384919239467845,0.437786433630369,0.260961895754352,FALSE,0.900000001474641
"b5c17df61e_t95","3pl_beta","heavy_tail","irw",40,0.95,100,1000,0.946933671175045,0.00937710939492273,0.928159402944237,0.965502171179648,0.878470086881839,0.0107488292145032,0.464523238096967,0.267594486861165,FALSE,0.950000000712242
"b5c17df61e_t95","3pl_beta","heavy_tail","irw",40,0.95,250,1000,0.949689617915266,0.00623306163738644,0.937491300785661,0.962820258212021,0.880517002884824,0.00786665884108243,0.297799399185442,0.236742580865526,FALSE,0.950000000712242
"b5c17df61e_t95","3pl_beta","heavy_tail","irw",40,0.95,500,1000,0.950048873172754,0.0047378436518285,0.941196699584556,0.960142346755357,0.880775930832874,0.00589573778636664,0.200650777534713,0.195652848509386,FALSE,0.950000000712242
"b5c17df61e_t95","3pl_beta","heavy_tail","irw",40,0.95,1000,1000,0.950245540733646,0.00366082400991607,0.943907601818968,0.957386325838399,0.88136140137426,0.00475021356543549,0.127408514587775,0.146958700207194,FALSE,0.950000000712242
"b5c17df61e_t95","3pl_beta","heavy_tail","irw",40,0.95,2000,1000,0.950359305486271,0.00265938177819159,0.945749278482551,0.955298892519736,0.881512594005385,0.00344742191302822,0.0590486915694362,0.0896500801554595,FALSE,0.950000000712242
"b605c149c3_t50","2pl","bimodal","irw",10,0.5,100,1000,0.496446047860804,0.025499945419272,0.446769156843417,0.543727557579217,0.494659408935559,0.0251095366639255,0.492459347437078,0.0248212272031109,TRUE,0.500000000798917
"b605c149c3_t50","2pl","bimodal","irw",10,0.5,250,1000,0.497456043567874,0.0156794540371548,0.465029421541426,0.52490259897969,0.4956674270379,0.0154403736553932,0.493452158595778,0.0152684819066126,TRUE,0.500000000798917
"b605c149c3_t50","2pl","bimodal","irw",10,0.5,500,1000,0.497371087683799,0.0109524867777749,0.475764587589262,0.51850728070931,0.49558146882272,0.0107751828246973,0.493350924670116,0.0106416106729818,TRUE,0.500000000798917
"b605c149c3_t50","2pl","bimodal","irw",10,0.5,1000,1000,0.497783884094723,0.00775004781531665,0.482603213515349,0.51285944702949,0.495993563312266,0.00762760814723582,0.493762636505777,0.0075371294986565,TRUE,0.500000000798917
"b605c149c3_t50","2pl","bimodal","irw",10,0.5,2000,1000,0.497609200251172,0.00561974269684309,0.486309694351629,0.50852153363485,0.495819756721007,0.00552824315693261,0.493585163115834,0.00545815353181936,TRUE,0.500000000798917
"b605c149c3_t60","2pl","bimodal","irw",10,0.6,100,1000,0.59715698289045,0.0242162824352467,0.545930426723517,0.64172600420238,0.59277417955647,0.0234926665305698,0.588837744884549,0.0231618744602293,TRUE,0.600000002114066
"b605c149c3_t60","2pl","bimodal","irw",10,0.6,250,1000,0.598553286904426,0.0146328623711958,0.568625826297398,0.624951843421886,0.594153752082067,0.0141788023264044,0.590178876955463,0.0139596798572364,TRUE,0.600000002114066
"b605c149c3_t60","2pl","bimodal","irw",10,0.6,500,1000,0.598959454659896,0.0102148332858972,0.576793780345594,0.617575717637631,0.594573685451671,0.00988888645744676,0.590626591417163,0.00973759526262501,TRUE,0.600000002114066
"b605c149c3_t60","2pl","bimodal","irw",10,0.6,1000,1000,0.598890567881123,0.00754976623902153,0.583653289006358,0.613482845872718,0.594496116105969,0.00730665625709878,0.5905256878914,0.00719059564964025,TRUE,0.600000002114066
"b605c149c3_t60","2pl","bimodal","irw",10,0.6,2000,1000,0.598681327141141,0.00522103814726832,0.58894808053884,0.608588673032368,0.594299834058964,0.0050603747640295,0.590327725132821,0.00498813890874514,TRUE,0.600000002114066
"b605c149c3_t70","2pl","bimodal","irw",10,0.7,100,1000,0.698984468749909,0.0203154843436443,0.656563140480901,0.734105722831214,0.687192085029015,0.0192711324106108,0.679460230828286,0.0191895268798131,TRUE,0.700000002543818
"b605c149c3_t70","2pl","bimodal","irw",10,0.7,250,1000,0.700745251811089,0.0121172928248525,0.675742443777964,0.722623713407499,0.688814861886391,0.0114620701301185,0.680999456985011,0.0113966900608817,TRUE,0.700000002543818
"b605c149c3_t70","2pl","bimodal","irw",10,0.7,500,1000,0.700413598846119,0.00938525545934985,0.680183432508031,0.717635171006662,0.688455182261317,0.00885597665343262,0.680587246253713,0.00879674953643843,TRUE,0.700000002543818
"b605c149c3_t70","2pl","bimodal","irw",10,0.7,1000,1000,0.700912141052577,0.00625086529747386,0.68814253942869,0.712976336086312,0.688959433433321,0.00588909059978246,0.681097884899983,0.00584456509705171,TRUE,0.700000002543818
"b605c149c3_t70","2pl","bimodal","irw",10,0.7,2000,1000,0.700635570808521,0.00449925264395025,0.691407998387362,0.709124004219487,0.688708289938527,0.00425399292386983,0.680852387627992,0.00423583647613096,TRUE,0.700000002543818
"b605c149c3_t80","2pl","bimodal","irw",10,0.8,100,1000,0.799556881426524,0.0138041863978059,0.76893774438801,0.823829350559982,0.788104989819628,0.012322779727291,0.782603516522272,0.0120098778709591,TRUE,0.800000000182361
"b605c149c3_t80","2pl","bimodal","irw",10,0.8,250,1000,0.799781559007531,0.00864535792667523,0.782575764004566,0.814754605979517,0.788205078761013,0.00766345925798986,0.782497345136522,0.007467639106285,TRUE,0.800000000182361
"b605c149c3_t80","2pl","bimodal","irw",10,0.8,500,1000,0.800551376485635,0.00606675386180304,0.789024410364745,0.811725978059363,0.788863837966368,0.00529658650920646,0.783067342211828,0.00507755062027915,TRUE,0.800000000182361
"b605c149c3_t80","2pl","bimodal","irw",10,0.8,1000,1000,0.800325600042449,0.00432751566714744,0.791875351657953,0.808178414095251,0.788721259688089,0.00385111443716128,0.782986761097742,0.00375402570806463,TRUE,0.800000000182361
"b605c149c3_t80","2pl","bimodal","irw",10,0.8,2000,1000,0.800543615846608,0.00313119355906774,0.794533412611236,0.806416837338616,0.78890748472492,0.00276511659569822,0.783174777811004,0.0026918174141255,TRUE,0.800000000182361
"b605c149c3_t90","2pl","bimodal","irw",10,0.9,100,1000,0.898481045482627,0.0087633224064396,0.879798998422242,0.913820384938887,0.868562116877979,0.00790817794859937,0.853231187566315,0.0213772444467652,TRUE,0.900000001049134
"b605c149c3_t90","2pl","bimodal","irw",10,0.9,250,1000,0.899089616171434,0.00540564127370177,0.887304372316017,0.908410012663394,0.869209694291736,0.00497398496328619,0.853533444327002,0.0166487903240907,TRUE,0.900000001049134
"b605c149c3_t90","2pl","bimodal","irw",10,0.9,500,1000,0.899310505741225,0.00372077723058242,0.891857525964179,0.906134231272018,0.869177747788719,0.0034622069857088,0.852397193039251,0.0132855594213646,TRUE,0.900000001049134
"b605c149c3_t90","2pl","bimodal","irw",10,0.9,1000,1000,0.899209715479807,0.00277284082349393,0.893711808334428,0.904379820703388,0.869120866031549,0.00248305440594599,0.852382117485095,0.0097052278667815,TRUE,0.900000001049134
"b605c149c3_t90","2pl","bimodal","irw",10,0.9,2000,1000,0.899291718665478,0.00182664574220308,0.895598477985867,0.902902472276428,0.869280518545583,0.00169069589582852,0.852936000913706,0.00739836078569828,TRUE,0.900000001049134
"b69bee9770_t50","rasch","normal","irw",40,0.5,100,1000,0.492281726860895,0.034340538255863,0.42496817730666,0.559964477745074,0.492152460498861,0.0342981605726964,0.492012078367357,0.0342694325499862,TRUE,0.500000000167344
"b69bee9770_t50","rasch","normal","irw",40,0.5,250,1000,0.494724994104671,0.0223147780522153,0.452379603335734,0.537946844977717,0.494592646679018,0.0222850934127561,0.494446967352275,0.022264259443797,TRUE,0.500000000167344
"b69bee9770_t50","rasch","normal","irw",40,0.5,500,1000,0.495592423048086,0.015247822200727,0.46664172092523,0.527041771142466,0.495460376293542,0.0152273607278437,0.495314292571254,0.015212832759775,TRUE,0.500000000167344
"b69bee9770_t50","rasch","normal","irw",40,0.5,1000,1000,0.496317452424092,0.0104998577508234,0.475131739602045,0.51658140216384,0.496184847013818,0.0104858882336515,0.496037932458835,0.0104759859344091,TRUE,0.500000000167344
"b69bee9770_t50","rasch","normal","irw",40,0.5,2000,1000,0.496237158982583,0.00748262665724144,0.482239536900779,0.510504467933159,0.49610428592999,0.0074728553232637,0.495956628327519,0.00746606445297339,TRUE,0.500000000167344
"b69bee9770_t60","rasch","normal","irw",40,0.6,100,1000,0.595981447071898,0.0342179388038176,0.527421167919915,0.66442021868231,0.595809074875407,0.0341752684630915,0.595685308917783,0.034160978270827,TRUE,0.600000001688911
"b69bee9770_t60","rasch","normal","irw",40,0.6,250,1000,0.595108318085679,0.0216461984913589,0.551582043540638,0.637115404464389,0.594937191747873,0.0216191813480203,0.594811584104121,0.0216098567275,TRUE,0.600000001688911
"b69bee9770_t60","rasch","normal","irw",40,0.6,500,1000,0.596707934323093,0.0147836824079724,0.567347840952027,0.624413536745089,0.596535043367188,0.0147649080510299,0.596408125266216,0.0147584297707356,TRUE,0.600000001688911
"b69bee9770_t60","rasch","normal","irw",40,0.6,1000,1000,0.597049525544293,0.0104241652631127,0.576015612242837,0.617439123711939,0.596875988296902,0.0104104864290875,0.596748368179495,0.0104055325625019,TRUE,0.600000001688911
"b69bee9770_t60","rasch","normal","irw",40,0.6,2000,1000,0.596734703901975,0.0074839822470377,0.582280149922677,0.611776946452183,0.596562194231037,0.00747440231520614,0.596435091237117,0.00747109303743303,TRUE,0.600000001688911
"b69bee9770_t70","rasch","normal","irw",40,0.7,100,1000,0.694588144755866,0.0288370114789055,0.634592955511555,0.745251855337248,0.693843241650195,0.0286532295971977,0.693453186580198,0.0285970632372938,TRUE,0.70000000329184
"b69bee9770_t70","rasch","normal","irw",40,0.7,250,1000,0.69608264575966,0.0176153377777715,0.65729889830209,0.726894374502833,0.69533371946028,0.0174962267771043,0.694937063144826,0.0174577871961747,TRUE,0.70000000329184
"b69bee9770_t70","rasch","normal","irw",40,0.7,500,1000,0.696690671560104,0.0133537105567608,0.669476330445726,0.720322340060994,0.695937326391565,0.0132639526686692,0.695536162375861,0.0132360196708256,TRUE,0.70000000329184
"b69bee9770_t70","rasch","normal","irw",40,0.7,1000,1000,0.696573588263063,0.00918952702094205,0.678469114439992,0.714369423122792,0.695821122850315,0.0091280754464965,0.695419391333669,0.00911026042024401,TRUE,0.70000000329184
"b69bee9770_t70","rasch","normal","irw",40,0.7,2000,1000,0.697064275049828,0.00650005340379538,0.683960083455101,0.709981430841075,0.696309570724335,0.00645591914059651,0.695906204728487,0.00644192615873888,TRUE,0.70000000329184
"b69bee9770_t80","rasch","normal","irw",40,0.8,100,1000,0.797943006512428,0.0217578302850215,0.751724657238384,0.836317188276253,0.796100175207459,0.0213722820540433,0.795454522061217,0.0212939397162957,TRUE,0.800000002874161
"b69bee9770_t80","rasch","normal","irw",40,0.8,250,1000,0.798448939003692,0.0132183598877812,0.771722505293686,0.822307288258597,0.796596650220559,0.0129734540847955,0.795935113785033,0.012919753462918,TRUE,0.800000002874161
"b69bee9770_t80","rasch","normal","irw",40,0.8,500,1000,0.799124574930918,0.0093930616469281,0.780300768290869,0.816511168540317,0.797265413542495,0.00920992302066005,0.796601415375506,0.00916932648343321,TRUE,0.800000002874161
"b69bee9770_t80","rasch","normal","irw",40,0.8,1000,1000,0.7995399101906,0.00687699251590072,0.786164812768218,0.81217476993873,0.797670883114586,0.0067479869903741,0.796998440710616,0.00671972097283654,TRUE,0.800000002874161
"b69bee9770_t80","rasch","normal","irw",40,0.8,2000,1000,0.799382833112192,0.004613398643759,0.790129071729548,0.808980865275014,0.79751791280514,0.00452496023255338,0.79684831423918,0.00450640838404446,TRUE,0.800000002874161
"b69bee9770_t90","rasch","normal","irw",40,0.9,100,1000,0.898209741249018,0.0119269315861266,0.872431965700858,0.920406237459826,0.896396774930736,0.011872561687135,0.896150560355461,0.0118947399905411,TRUE,0.90000000112311
"b69bee9770_t90","rasch","normal","irw",40,0.9,250,1000,0.899310648825477,0.00750265175594069,0.88278123802762,0.912881049338478,0.897475168788641,0.00747382681684894,0.897226770301421,0.00748950543857579,TRUE,0.90000000112311
"b69bee9770_t90","rasch","normal","irw",40,0.9,500,1000,0.899541126977833,0.00540539141562176,0.887871923153217,0.909418832430661,0.897706806702913,0.00538220271972174,0.897459799714727,0.00539248013173493,TRUE,0.90000000112311
"b69bee9770_t90","rasch","normal","irw",40,0.9,1000,1000,0.899948907786647,0.00366009275449133,0.892490822671393,0.906532068387054,0.898109515174218,0.00364187684458588,0.89786195293298,0.00364755133054998,TRUE,0.90000000112311
"b69bee9770_t90","rasch","normal","irw",40,0.9,2000,1000,0.899868538037591,0.00255815718161003,0.895091326729575,0.904924849979915,0.898026172314796,0.00254591847164379,0.897777793387896,0.00255040012284099,TRUE,0.90000000112311
"b69bee9770_t95","rasch","normal","irw",40,0.95,100,1000,0.949018814469779,0.0053668817066279,0.937632318814039,0.958474093523538,0.93840931322272,0.00382317469757926,0.934186929152041,0.00699369314711658,TRUE,0.950000000916681
"b69bee9770_t95","rasch","normal","irw",40,0.95,250,1000,0.94922380420831,0.00354756828621349,0.942009218530938,0.955421959096076,0.938754515616443,0.00243806254318376,0.934547812187767,0.00528925730229198,TRUE,0.950000000916681
"b69bee9770_t95","rasch","normal","irw",40,0.95,500,1000,0.949568226959089,0.00247351993032679,0.944425131239157,0.954360057124581,0.938899818162373,0.00170383271526701,0.934327710170682,0.00406766788130573,TRUE,0.950000000916681
"b69bee9770_t95","rasch","normal","irw",40,0.95,1000,1000,0.949668929625423,0.00174444909290129,0.94614784151703,0.95282452087433,0.938991299061645,0.00116589802685873,0.934477499422555,0.00258332804290744,TRUE,0.950000000916681
"b69bee9770_t95","rasch","normal","irw",40,0.95,2000,1000,0.949697202349047,0.00120130034314197,0.947221305065544,0.951904238704667,0.938993494946105,0.000812430370789109,0.934352640620325,0.00198318354488485,TRUE,0.950000000916681
"b6cfbaf90a_t50","rasch","bimodal","parametric",40,0.5,100,1000,0.501703805305471,0.0281566976080534,0.446860242841264,0.556111696128466,0.501616260111807,0.0281362205213157,0.501526889818469,0.0281247265574082,TRUE,0.500000000277083
"b6cfbaf90a_t50","rasch","bimodal","parametric",40,0.5,250,1000,0.503003444318638,0.0175507328013574,0.466861931942892,0.536172205880914,0.502915129402282,0.0175371792181301,0.502824333860525,0.0175293011761043,TRUE,0.500000000277083
"b6cfbaf90a_t50","rasch","bimodal","parametric",40,0.5,500,1000,0.50237103145938,0.0117306528066064,0.478085023346385,0.524914773339412,0.502283031976477,0.0117216357341966,0.502191860745153,0.0117164296305521,TRUE,0.500000000277083
"b6cfbaf90a_t50","rasch","bimodal","parametric",40,0.5,1000,1000,0.503832617852652,0.00835633314439646,0.487107873923847,0.520183567686066,0.50374365984843,0.00834987021475429,0.503651823170429,0.00834618105341628,TRUE,0.500000000277083
"b6cfbaf90a_t50","rasch","bimodal","parametric",40,0.5,2000,1000,0.503202113943327,0.00585014486043286,0.491891317597504,0.514150644117065,0.503113585365465,0.005845662832597,0.503021897961969,0.00584311196125916,TRUE,0.500000000277083
"b6cfbaf90a_t60","rasch","bimodal","parametric",40,0.6,100,1000,0.598958278197686,0.0258113486393874,0.544401763595914,0.646657552035087,0.598749573685578,0.0257685329586047,0.598602407101229,0.0257528392084108,TRUE,0.600000000978342
"b6cfbaf90a_t60","rasch","bimodal","parametric",40,0.6,250,1000,0.599548528661529,0.0155346697626086,0.567251512126976,0.627719782096826,0.599339802435922,0.0155093249085945,0.59919109291115,0.0155002348621275,TRUE,0.600000000978342
"b6cfbaf90a_t60","rasch","bimodal","parametric",40,0.6,500,1000,0.599740358197135,0.0110773430930587,0.577046021905519,0.620945169758098,0.599532612394029,0.0110599831250352,0.599384372891563,0.0110542201900153,TRUE,0.600000000978342
"b6cfbaf90a_t60","rasch","bimodal","parametric",40,0.6,1000,1000,0.600664576413152,0.00807762726059539,0.58535914797191,0.616035953404846,0.600454582592839,0.0080638534048764,0.600305035730064,0.00805882725673564,TRUE,0.600000000978342
"b6cfbaf90a_t60","rasch","bimodal","parametric",40,0.6,2000,1000,0.600544884157828,0.00564584573862359,0.58970927885969,0.611329963783674,0.600335218637949,0.00563638108019015,0.600185710534698,0.00563301654057862,TRUE,0.600000000978342
"b6cfbaf90a_t70","rasch","bimodal","parametric",40,0.7,100,1000,0.697444761726845,0.022107197055803,0.649608543675118,0.736935668340592,0.697019680924456,0.0220380895277439,0.696818801991874,0.0220245962648977,TRUE,0.700000002993553
"b6cfbaf90a_t70","rasch","bimodal","parametric",40,0.7,250,1000,0.699160689354468,0.0140957368308629,0.67141074260534,0.726009206220049,0.698730444940329,0.0140480068815443,0.698526616212833,0.0140381366120842,TRUE,0.700000002993553
"b6cfbaf90a_t70","rasch","bimodal","parametric",40,0.7,500,1000,0.699119333878268,0.00994473782374867,0.678969787404319,0.717253316368956,0.698690110002912,0.00991070655202829,0.698486263734706,0.00990318343543769,TRUE,0.700000002993553
"b6cfbaf90a_t70","rasch","bimodal","parametric",40,0.7,1000,1000,0.699005468608643,0.00716393002816897,0.684539715912851,0.712315598349078,0.698576605176503,0.00713875016690601,0.698372487445293,0.00713306929479686,TRUE,0.700000002993553
"b6cfbaf90a_t70","rasch","bimodal","parametric",40,0.7,2000,1000,0.69896522775338,0.00506172664731651,0.688392073211976,0.709023880749651,0.698536693809223,0.00504517410325835,0.698332427842728,0.00504196429269821,TRUE,0.700000002993553
"b6cfbaf90a_t80","rasch","bimodal","parametric",40,0.8,100,1000,0.79816448512391,0.0153827641282878,0.764506940218537,0.824511256644415,0.797044143702873,0.0152358521949091,0.796710057404191,0.015218655327014,TRUE,0.800000002070756
"b6cfbaf90a_t80","rasch","bimodal","parametric",40,0.8,250,1000,0.798765160319885,0.0101673695864614,0.776928781447394,0.816896964166082,0.79763151022657,0.0100720810433762,0.797290756697073,0.0100621917487888,TRUE,0.800000002070756
"b6cfbaf90a_t80","rasch","bimodal","parametric",40,0.8,500,1000,0.799754328305186,0.00709326210318176,0.785745951598297,0.812845800388441,0.798609570559497,0.00702183994687505,0.798266470105419,0.00701376108874074,TRUE,0.800000002070756
"b6cfbaf90a_t80","rasch","bimodal","parametric",40,0.8,1000,1000,0.799914477680062,0.00516376689183444,0.789352927790943,0.809528975607801,0.798769119523233,0.00511476442491487,0.798425182546555,0.00510978241873165,TRUE,0.800000002070756
"b6cfbaf90a_t80","rasch","bimodal","parametric",40,0.8,2000,1000,0.799900819858833,0.00375146086271738,0.792797634982106,0.80783057963988,0.798757316114196,0.00371483322627569,0.798414306988905,0.0037108462447879,TRUE,0.800000002070756
"b6cfbaf90a_t90","rasch","bimodal","parametric",40,0.9,100,1000,0.899158510054005,0.00837043570960848,0.880973707314207,0.914202059892147,0.896335336554823,0.00808438509189428,0.895876766118489,0.00807081972650713,TRUE,0.900000001193914
"b6cfbaf90a_t90","rasch","bimodal","parametric",40,0.9,250,1000,0.899095890029563,0.00541225835901087,0.887755301609775,0.908835901712421,0.896266867918938,0.00521668293785543,0.895805747370791,0.0052036808507594,TRUE,0.900000001193914
"b6cfbaf90a_t90","rasch","bimodal","parametric",40,0.9,500,1000,0.899448035292064,0.00371555030823015,0.891844183329165,0.906467346843839,0.896617488529153,0.00358584638909436,0.896154766150987,0.00358040909588201,TRUE,0.900000001193914
"b6cfbaf90a_t90","rasch","bimodal","parametric",40,0.9,1000,1000,0.899583775345578,0.00258314239903219,0.893979392159867,0.90424696084046,0.896737339153875,0.00248328126871278,0.896270905836275,0.00247754129074926,TRUE,0.900000001193914
"b6cfbaf90a_t90","rasch","bimodal","parametric",40,0.9,2000,1000,0.899696839803513,0.00179567719816799,0.89619283571125,0.903224552652328,0.896849238868127,0.00172452749052688,0.896382767155575,0.00171910190033532,TRUE,0.900000001193914
"b6cfbaf90a_t95","rasch","bimodal","parametric",40,0.95,100,1000,0.949398950699227,0.0041430517589749,0.940896142994777,0.956946097404519,0.946138895303997,0.00381953279619734,0.945790644175744,0.00382017655500327,TRUE,0.950000000591617
"b6cfbaf90a_t95","rasch","bimodal","parametric",40,0.95,250,1000,0.949574702389884,0.00272485925018439,0.943739336788226,0.954397694634919,0.946290902528254,0.00249870337921889,0.945932479754221,0.00249491344598559,TRUE,0.950000000591617
"b6cfbaf90a_t95","rasch","bimodal","parametric",40,0.95,500,1000,0.949756214858946,0.00185640528767318,0.945872188505827,0.953286328912791,0.946440697282812,0.00172248082395708,0.946074460036942,0.0017358405556886,TRUE,0.950000000591617
"b6cfbaf90a_t95","rasch","bimodal","parametric",40,0.95,1000,1000,0.949866788597577,0.00134596343890795,0.947180940104453,0.952576475305581,0.946537720643907,0.00123102929696145,0.946168884477248,0.00123169217436404,TRUE,0.950000000591617
"b6cfbaf90a_t95","rasch","bimodal","parametric",40,0.95,2000,1000,0.949892042531322,0.000928432161906726,0.947977053039329,0.951641322128679,0.946565067820916,0.00085497360096211,0.946198714302,0.000861154498893611,TRUE,0.950000000591617
"b6eb9aaebc_t50","rasch","bimodal","irw",40,0.5,100,1000,0.495851426759384,0.0272378589353397,0.442774915737532,0.549603763930647,0.495773151491712,0.0272199844078695,0.495691460605153,0.0272099588970308,TRUE,0.50000000040724
"b6eb9aaebc_t50","rasch","bimodal","irw",40,0.5,250,1000,0.497979386084613,0.0167343526157743,0.464317968325172,0.528496765880652,0.497899524219889,0.0167226089014039,0.49781582328208,0.0167155859479695,TRUE,0.50000000040724
"b6eb9aaebc_t50","rasch","bimodal","irw",40,0.5,500,1000,0.497800078033415,0.0118605747256863,0.475029651650361,0.521001448229934,0.497720602583498,0.011852314334335,0.497636946408781,0.011847409439613,TRUE,0.50000000040724
"b6eb9aaebc_t50","rasch","bimodal","irw",40,0.5,1000,1000,0.498138919375543,0.00826082794977104,0.482109441945729,0.513770304819218,0.498059310482306,0.00825482303219422,0.497975463396807,0.00825116285860082,TRUE,0.50000000040724
"b6eb9aaebc_t50","rasch","bimodal","irw",40,0.5,2000,1000,0.498037314684868,0.00606111744068182,0.486032742231884,0.510255320357735,0.497957693198212,0.00605673165632633,0.497873702865866,0.00605408870514744,TRUE,0.50000000040724
"b6eb9aaebc_t60","rasch","bimodal","irw",40,0.6,100,1000,0.604251081787501,0.0257927952564511,0.551456687984399,0.650124046563419,0.604080665023833,0.0257597802997141,0.603963846533043,0.0257487293491095,TRUE,0.600000001556737
"b6eb9aaebc_t60","rasch","bimodal","irw",40,0.6,250,1000,0.604362333743125,0.0167150469887093,0.569743799397595,0.635350742971358,0.604190848229601,0.016693785167722,0.604071974286524,0.01668691345147,TRUE,0.600000001556737
"b6eb9aaebc_t60","rasch","bimodal","irw",40,0.6,500,1000,0.605532255406477,0.0111648032803218,0.583044481663903,0.62667138018557,0.605359529248758,0.0111496263542698,0.605239982928738,0.0111444025768098,TRUE,0.600000001556737
"b6eb9aaebc_t60","rasch","bimodal","irw",40,0.6,1000,1000,0.605305568834617,0.00785287749100279,0.589495371939759,0.620484901971343,0.605133231222727,0.00784220681127839,0.605013563614622,0.00783858237139662,TRUE,0.600000001556737
"b6eb9aaebc_t60","rasch","bimodal","irw",40,0.6,2000,1000,0.605829343989136,0.00567584180439107,0.593709041024123,0.61640050298889,0.605656271137108,0.00566809270780447,0.605536235795479,0.00566543053378848,TRUE,0.600000001556737
"b6eb9aaebc_t70","rasch","bimodal","irw",40,0.7,100,1000,0.696989407688532,0.0226802313920024,0.651686902356149,0.739321646454534,0.696764873040281,0.022647479501048,0.696661200144476,0.022643020937057,TRUE,0.700000001967363
"b6eb9aaebc_t70","rasch","bimodal","irw",40,0.7,250,1000,0.699296694602649,0.0142650064796351,0.667533862326411,0.726046476910544,0.69906939384345,0.0142438437640047,0.698964716814918,0.0142407132732542,TRUE,0.700000001967363
"b6eb9aaebc_t70","rasch","bimodal","irw",40,0.7,500,1000,0.699983216127075,0.0100719106936948,0.678875033945926,0.717966164111471,0.699754841350954,0.0100560823914191,0.699649711443368,0.0100535149266758,TRUE,0.700000001967363
"b6eb9aaebc_t70","rasch","bimodal","irw",40,0.7,1000,1000,0.69970082225048,0.00703776921359169,0.686107785977873,0.713254117552606,0.6994733389429,0.00702724313778777,0.699368355578522,0.0070257478536087,TRUE,0.700000001967363
"b6eb9aaebc_t70","rasch","bimodal","irw",40,0.7,2000,1000,0.69996523518949,0.00507375030153069,0.689889611962912,0.709910823732875,0.699736860088805,0.00506531489564413,0.699631489491126,0.00506378944069595,TRUE,0.700000001967363
"b6eb9aaebc_t80","rasch","bimodal","irw",40,0.8,100,1000,0.797540256276358,0.0170114784304499,0.760900879016782,0.829629979019623,0.796959379817509,0.016928611658233,0.796793477589705,0.0169201700315011,TRUE,0.800000002569455
"b6eb9aaebc_t80","rasch","bimodal","irw",40,0.8,250,1000,0.800136696555898,0.0105473824192033,0.777781927281809,0.819690260733498,0.799538387653861,0.0104953107487952,0.799368081955324,0.0104903488502923,TRUE,0.800000002569455
"b6eb9aaebc_t80","rasch","bimodal","irw",40,0.8,500,1000,0.800180543197532,0.00748847690612782,0.784190563754893,0.813843051797591,0.799584476743129,0.0074497959805898,0.799414550700818,0.00744552479658962,TRUE,0.800000002569455
"b6eb9aaebc_t80","rasch","bimodal","irw",40,0.8,1000,1000,0.800557862381672,0.00511677341592911,0.790489039560819,0.810774926421068,0.799960564077579,0.00509135008102745,0.799790414721453,0.00508903840253465,TRUE,0.800000002569455
"b6eb9aaebc_t80","rasch","bimodal","irw",40,0.8,2000,1000,0.800652327283099,0.00365991508172699,0.79350190918024,0.807918795629043,0.800052864324689,0.0036398813450034,0.799882067057763,0.00363750713044308,TRUE,0.800000002569455
"b6eb9aaebc_t90","rasch","bimodal","irw",40,0.9,100,1000,0.898914278001015,0.00925112848608087,0.878555241962987,0.915827723622249,0.895359526878382,0.00925087496812823,0.894859600074681,0.00929808472744439,TRUE,0.899999988293776
"b6eb9aaebc_t90","rasch","bimodal","irw",40,0.9,250,1000,0.899462071562121,0.00555088517189392,0.888185474182974,0.909689294803715,0.895899135933705,0.00554516774128516,0.895398586379445,0.00557396670202017,TRUE,0.899999988293776
"b6eb9aaebc_t90","rasch","bimodal","irw",40,0.9,500,1000,0.899336806410351,0.00418088934699548,0.891020369195327,0.90748121239233,0.895758902094533,0.0041743441101724,0.895255551919501,0.00419516347127478,TRUE,0.899999988293776
"b6eb9aaebc_t90","rasch","bimodal","irw",40,0.9,1000,1000,0.899406381184773,0.00280292086878948,0.894311198736536,0.90489679356785,0.895824102858453,0.00279989386110991,0.895320321956508,0.00281427618829257,TRUE,0.899999988293776
"b6eb9aaebc_t90","rasch","bimodal","irw",40,0.9,2000,1000,0.899707214559833,0.00202629808047446,0.895625450955743,0.903686661704882,0.896123635903577,0.00202233837306757,0.895620915962271,0.00203254925892235,TRUE,0.899999988293776
"b6eb9aaebc_t95","rasch","bimodal","irw",40,0.95,100,1000,0.94943836517845,0.00426410823814513,0.940475837139434,0.956887556702735,0.946172686763689,0.00381477298758261,0.945724907421187,0.00381072941639812,TRUE,0.950000000311851
"b6eb9aaebc_t95","rasch","bimodal","irw",40,0.95,250,1000,0.949584575531252,0.00267553027533219,0.943690238553418,0.954387607186786,0.946309079649578,0.00241481460024881,0.945862852070896,0.0024379778305965,TRUE,0.950000000311851
"b6eb9aaebc_t95","rasch","bimodal","irw",40,0.95,500,1000,0.949685280837394,0.00190698489259713,0.945734627514187,0.953146427469796,0.946405760195325,0.00169909454889703,0.945959149006597,0.00169684966366571,TRUE,0.950000000311851
"b6eb9aaebc_t95","rasch","bimodal","irw",40,0.95,1000,1000,0.949749856272364,0.00130603328186272,0.946994302314434,0.952268272578098,0.946461556053298,0.00117585702579553,0.946013191625364,0.00118152496973559,TRUE,0.950000000311851
"b6eb9aaebc_t95","rasch","bimodal","irw",40,0.95,2000,1000,0.949790401806328,0.000951911355238841,0.947913514371538,0.951627363332681,0.94648964561675,0.000849685112040075,0.946033318187212,0.000855202649551828,TRUE,0.950000000311851
"b75c180cb0_t50","2pl","skew_pos","parametric",10,0.5,100,1000,0.496709734514915,0.0434148757547096,0.417036651986401,0.587426378197974,0.493850732728868,0.0420295004175914,0.487987905517888,0.0388437348393707,TRUE,0.500000000028386
"b75c180cb0_t50","2pl","skew_pos","parametric",10,0.5,250,1000,0.499800966812367,0.027860837017623,0.4452035547761,0.557305657429318,0.496964629495625,0.0269837220004156,0.490836269205675,0.0248378745041604,TRUE,0.500000000028386
"b75c180cb0_t50","2pl","skew_pos","parametric",10,0.5,500,1000,0.500846706786716,0.0199117233886627,0.462004458890658,0.539445745393903,0.498024397271076,0.0192883093357481,0.491798834464496,0.0176833587436133,TRUE,0.500000000028386
"b75c180cb0_t50","2pl","skew_pos","parametric",10,0.5,1000,1000,0.50029320186252,0.0137347013000669,0.47338965949093,0.52844661275834,0.497514860334493,0.0133208093223449,0.491406383270879,0.0123163465840438,TRUE,0.500000000028386
"b75c180cb0_t50","2pl","skew_pos","parametric",10,0.5,2000,1000,0.500628299241375,0.00986371807040768,0.481237245110938,0.519557574606708,0.497849838195574,0.00956522072548578,0.49170926654482,0.0087753255653755,TRUE,0.500000000028386
"b75c180cb0_t60","2pl","skew_pos","parametric",10,0.6,100,1000,0.599050133191073,0.0394833261530379,0.523702021637937,0.672919751921279,0.588558506754879,0.0366782393651897,0.573360451009346,0.0317642125461788,TRUE,0.60000000161257
"b75c180cb0_t60","2pl","skew_pos","parametric",10,0.6,250,1000,0.600781017846331,0.0249205009564257,0.552263730238628,0.650962574888968,0.590395712634742,0.0231633298201767,0.574863948726267,0.0195355416092236,TRUE,0.60000000161257
"b75c180cb0_t60","2pl","skew_pos","parametric",10,0.6,500,1000,0.602867612633376,0.017671507530562,0.565498681458857,0.635072384659931,0.592401380879561,0.0164415299298981,0.576445096915086,0.0137566176464759,TRUE,0.60000000161257
"b75c180cb0_t60","2pl","skew_pos","parametric",10,0.6,1000,1000,0.603217074333992,0.0130669123119249,0.577201602563549,0.628567806710984,0.592744653767949,0.0121417407317203,0.576656499240444,0.0100572802236148,TRUE,0.60000000161257
"b75c180cb0_t60","2pl","skew_pos","parametric",10,0.6,2000,1000,0.602721825427659,0.00891087398089407,0.585304991558208,0.619636504757944,0.592305034398678,0.00829549054605812,0.576301969024192,0.00686004483910505,TRUE,0.60000000161257
"b75c180cb0_t70","2pl","skew_pos","parametric",10,0.7,100,1000,0.69691553555714,0.0349733132881292,0.626100667351605,0.759031719868403,0.684842372344518,0.0311969274442185,0.663569943093747,0.0241744359960823,TRUE,0.700000002511337
"b75c180cb0_t70","2pl","skew_pos","parametric",10,0.7,250,1000,0.700524304846632,0.0233311153508328,0.653334471986898,0.742821780100421,0.688320995105485,0.0207601549855066,0.664992002102469,0.0171427995595505,TRUE,0.700000002511337
"b75c180cb0_t70","2pl","skew_pos","parametric",10,0.7,500,1000,0.702148382958526,0.0160873579845986,0.669828383191987,0.732789824921329,0.689849522526877,0.0142677791831558,0.666400115551773,0.0105698766248258,TRUE,0.700000002511337
"b75c180cb0_t70","2pl","skew_pos","parametric",10,0.7,1000,1000,0.702592984310248,0.0109186042823156,0.680629442760971,0.722698174046602,0.690302561041471,0.00967288827776258,0.6660112523198,0.00893991768710812,TRUE,0.700000002511337
"b75c180cb0_t70","2pl","skew_pos","parametric",10,0.7,2000,1000,0.702212894150879,0.00815435739980762,0.684892862631447,0.717005072690115,0.689993981676967,0.00723672191531116,0.666170446807239,0.00591188842110791,TRUE,0.700000002511337
"b75c180cb0_t80","2pl","skew_pos","parametric",10,0.8,100,1000,0.796241101201457,0.0274112514519854,0.738535418041367,0.847414541725245,0.780116028793655,0.023961980078743,0.741649973342427,0.0699044159711391,TRUE,0.800000002188092
"b75c180cb0_t80","2pl","skew_pos","parametric",10,0.8,250,1000,0.797586793723455,0.0174413645232832,0.762631517539081,0.830718371284604,0.781690257560877,0.0152752157612529,0.741799309833582,0.0597358309593074,TRUE,0.800000002188092
"b75c180cb0_t80","2pl","skew_pos","parametric",10,0.8,500,1000,0.798579810696754,0.0122337868767849,0.772932727470829,0.82218892289654,0.782632205374857,0.010728307025512,0.734593005818871,0.0660537608557667,TRUE,0.800000002188092
"b75c180cb0_t80","2pl","skew_pos","parametric",10,0.8,1000,1000,0.798965119732149,0.00907717310757809,0.779333277203934,0.816092805817273,0.783029527900048,0.00791038206688373,0.730692167946883,0.0684343508438067,TRUE,0.800000002188092
"b75c180cb0_t80","2pl","skew_pos","parametric",10,0.8,2000,1000,0.798844768154727,0.00604540845760981,0.787294967259611,0.810591952641723,0.782905013392448,0.0052790233613607,0.726453700915164,0.0646343935919662,TRUE,0.800000002188092
"b75c180cb0_t90","2pl","skew_pos","parametric",10,0.9,100,1000,0.896678922666036,0.0163975763252244,0.863100059622009,0.926324480357342,0.869238186204382,0.0123680639897051,0.773660497341948,0.173092429634538,TRUE,0.900000000909847
"b75c180cb0_t90","2pl","skew_pos","parametric",10,0.9,250,1000,0.898680774567966,0.0102631068672585,0.877237382998949,0.917700614747636,0.871121049108148,0.00769634962379383,0.739735405973699,0.198442613497817,TRUE,0.900000000909847
"b75c180cb0_t90","2pl","skew_pos","parametric",10,0.9,500,1000,0.899086541217044,0.00717301325411511,0.883844474930488,0.912219641394697,0.871522772784867,0.0054151705363218,0.696557863908861,0.212780839697934,TRUE,0.900000000909847
"b75c180cb0_t90","2pl","skew_pos","parametric",10,0.9,1000,1000,0.899746282367805,0.00496081348969425,0.890120707968132,0.909223087117596,0.872166509659906,0.00373109713210104,0.632513662995698,0.22915648977191,TRUE,0.900000000909847
"b75c180cb0_t90","2pl","skew_pos","parametric",10,0.9,2000,1000,0.900072825749091,0.00370048928626102,0.89238568879904,0.906788584873572,0.872401750654496,0.00277736099939908,0.563662310229972,0.242574229779149,TRUE,0.900000000909847
"b75c180cb0_t95","2pl","skew_pos","parametric",10,0.95,100,1000,0.948974733916282,0.00835271671046215,0.930785723348232,0.962457164373773,0.904788896036935,0.0106465844365936,0.335441451736699,0.298540044071696,TRUE,0.950000007498283
"b75c180cb0_t95","2pl","skew_pos","parametric",10,0.95,250,1000,0.949785519325945,0.00510096396590161,0.939514968920181,0.959515077199911,0.905451221911666,0.0067505925253088,0.175459844453965,0.196891164943103,TRUE,0.950000007498283
"b75c180cb0_t95","2pl","skew_pos","parametric",10,0.95,500,1000,0.950086044685234,0.00361692472141877,0.942812711050629,0.956656563498478,0.906381393283362,0.00455500745051017,0.0900441097454126,0.127114353335792,TRUE,0.950000007498283
"b75c180cb0_t95","2pl","skew_pos","parametric",10,0.95,1000,1000,0.950309700764392,0.00255018913530533,0.945514344007702,0.954856349848173,0.906031189901607,0.00322518669366438,0.0426693505016933,0.070768078721814,TRUE,0.950000007498283
"b75c180cb0_t95","2pl","skew_pos","parametric",10,0.95,2000,1000,0.950280631238686,0.00178626781443898,0.946608572022745,0.953611102925328,0.906222720026901,0.00241252728485981,0.019524482764483,0.0324450122698651,TRUE,0.950000007498283
"b7cb5fd647_t50","rasch","normal","irw",20,0.5,100,1000,0.497944470404038,0.0342107590607682,0.427246639310041,0.558182185888838,0.497564796445534,0.034085211444453,0.497134632801619,0.0339892552050262,TRUE,0.500000000373613
"b7cb5fd647_t50","rasch","normal","irw",20,0.5,250,1000,0.499474086307355,0.0217685014752317,0.453174461904025,0.539866773672258,0.499093599474779,0.0216890015972211,0.498652735043468,0.0216280266356564,TRUE,0.500000000373613
"b7cb5fd647_t50","rasch","normal","irw",20,0.5,500,1000,0.499116110956534,0.0152932110901977,0.469126096578098,0.527525103028631,0.498741395626272,0.0152362338319447,0.49830497406691,0.0151921852275104,TRUE,0.500000000373613
"b7cb5fd647_t50","rasch","normal","irw",20,0.5,1000,1000,0.499104042355589,0.0110276353828867,0.47912121774901,0.521234361738422,0.498727914018352,0.0109855732157351,0.498287264592194,0.010952821786275,TRUE,0.500000000373613
"b7cb5fd647_t50","rasch","normal","irw",20,0.5,2000,1000,0.499896527284009,0.00756043645299416,0.484760668149755,0.514477825041083,0.49951938227197,0.00753143364360689,0.499077633400897,0.00750848251994815,TRUE,0.500000000373613
"b7cb5fd647_t60","rasch","normal","irw",20,0.6,100,1000,0.593926159938335,0.03081354635654,0.533494895957752,0.65151208624363,0.592660111705544,0.0304555160365262,0.591569717337251,0.0302434220739566,TRUE,0.600000001159761
"b7cb5fd647_t60","rasch","normal","irw",20,0.6,250,1000,0.594910958628425,0.0203365618670589,0.553703467665481,0.633075449586783,0.593651839796601,0.0200987781871025,0.592545966352368,0.0199543603887448,TRUE,0.600000001159761
"b7cb5fd647_t60","rasch","normal","irw",20,0.6,500,1000,0.595404104826048,0.0142702073587157,0.56759089553684,0.622145579907292,0.594147500590109,0.0141029432618678,0.5930416120507,0.013998014300075,TRUE,0.600000001159761
"b7cb5fd647_t60","rasch","normal","irw",20,0.6,1000,1000,0.59565736123104,0.00997428621401944,0.575538575539318,0.615363597983401,0.594396999563968,0.0098597652705037,0.593283355588535,0.00979398790190169,TRUE,0.600000001159761
"b7cb5fd647_t60","rasch","normal","irw",20,0.6,2000,1000,0.59601927888149,0.0073358404563187,0.581152736920501,0.60984970733145,0.594757978683738,0.00725336012209832,0.593643948541277,0.00720667105276516,TRUE,0.600000001159761
"b7cb5fd647_t70","rasch","normal","irw",20,0.7,100,1000,0.701769692746205,0.0326957215734061,0.631551617556949,0.761512726005382,0.695209931459444,0.0322915977056445,0.692834278756872,0.032470698430834,TRUE,0.700000000604078
"b7cb5fd647_t70","rasch","normal","irw",20,0.7,250,1000,0.703489633489781,0.021241883666503,0.657287603305245,0.741241631381606,0.696851720333063,0.0209378942208423,0.694467684235652,0.0210412809214028,TRUE,0.700000000604078
"b7cb5fd647_t70","rasch","normal","irw",20,0.7,500,1000,0.70421151714546,0.0147802608167136,0.673579130029771,0.732147559784369,0.697560660158778,0.0145883957122307,0.695180073526991,0.0146686430023243,TRUE,0.700000000604078
"b7cb5fd647_t70","rasch","normal","irw",20,0.7,1000,1000,0.704500894505724,0.0104191782493083,0.683981328665662,0.722424612058347,0.697837599132727,0.0102827341689765,0.695455920163264,0.0103399341319896,TRUE,0.700000000604078
"b7cb5fd647_t70","rasch","normal","irw",20,0.7,2000,1000,0.704560095861881,0.00752683598105248,0.688801555816935,0.71931646092503,0.697893415471246,0.00742433763535485,0.695510457820974,0.0074637030839043,TRUE,0.700000000604078
"b7cb5fd647_t80","rasch","normal","irw",20,0.8,100,1000,0.800390087388869,0.0205488422702171,0.756322944733611,0.837583870635195,0.795632629550507,0.0197317845674034,0.793645462232094,0.0195091534234532,TRUE,0.800000002261496
"b7cb5fd647_t80","rasch","normal","irw",20,0.8,250,1000,0.801074717611177,0.0125387212471077,0.776236284802031,0.82515484688936,0.796357451094219,0.0120372536039363,0.794407979890418,0.0119185572515004,TRUE,0.800000002261496
"b7cb5fd647_t80","rasch","normal","irw",20,0.8,500,1000,0.802360196840127,0.00894470695398489,0.785183579310122,0.819086471035872,0.797609572075455,0.00856539825536262,0.795630748603539,0.0084714196435425,TRUE,0.800000002261496
"b7cb5fd647_t80","rasch","normal","irw",20,0.8,1000,1000,0.802223702634111,0.00640973506689724,0.788867581849353,0.814114257760272,0.797472441857313,0.00613311975556924,0.795488654364206,0.00605106240093046,TRUE,0.800000002261496
"b7cb5fd647_t80","rasch","normal","irw",20,0.8,2000,1000,0.802321712271821,0.00443744696077081,0.793339419003771,0.810567306802739,0.797568842403341,0.00424578056391166,0.795579940874698,0.00418677560895201,TRUE,0.800000002261496
"b7cb5fd647_t90","rasch","normal","irw",20,0.9,100,1000,0.898823379528282,0.0104477969756961,0.876202112363205,0.916385209750208,0.879794941319254,0.00710943369742241,0.867627212456136,0.0117971389293819,TRUE,0.900000001152282
"b7cb5fd647_t90","rasch","normal","irw",20,0.9,250,1000,0.899526967251318,0.00644643438646219,0.885820285229953,0.911808581409912,0.880462701520984,0.00430047242826363,0.867886458758364,0.00801101262897208,TRUE,0.900000001152282
"b7cb5fd647_t90","rasch","normal","irw",20,0.9,500,1000,0.899926864258846,0.00459219746330034,0.890621346038361,0.908058693374558,0.880752248286503,0.00304943883279534,0.86741683708597,0.00679336960647287,TRUE,0.900000001152282
"b7cb5fd647_t90","rasch","normal","irw",20,0.9,1000,1000,0.900006688090604,0.00315949483521588,0.893388044985832,0.905742600578303,0.880834267123559,0.00210729016898853,0.867718749855384,0.00448751062399951,TRUE,0.900000001152282
"b7cb5fd647_t90","rasch","normal","irw",20,0.9,2000,1000,0.900082602413498,0.00227417051527211,0.895177379001488,0.904610644393768,0.880900329531531,0.00148468154024079,0.867761377350021,0.00303335059812704,TRUE,0.900000001152282
"b7cb5fd647_t95","rasch","normal","irw",20,0.95,100,1000,0.949670692412544,0.00518772945818087,0.937888775177663,0.959036897180467,0.920225724675932,0.00385221738260612,0.874541962994095,0.0807118463057233,TRUE,0.950000000646966
"b7cb5fd647_t95","rasch","normal","irw",20,0.95,250,1000,0.95000216364573,0.00325914838953326,0.942871116754278,0.955855098730995,0.920362626200599,0.00228327731788553,0.865349632441306,0.079369622645357,TRUE,0.950000000646966
"b7cb5fd647_t95","rasch","normal","irw",20,0.95,500,1000,0.950143553018995,0.00220728491108566,0.945817608631138,0.954328487134019,0.920559290138374,0.00163079015469303,0.859472936286633,0.0735656512684807,TRUE,0.950000000646966
"b7cb5fd647_t95","rasch","normal","irw",20,0.95,1000,1000,0.950154914147506,0.0015583493568276,0.946977776822019,0.953004814936699,0.920526192885214,0.00113121650097546,0.85749732543585,0.0556708548890532,TRUE,0.950000000646966
"b7cb5fd647_t95","rasch","normal","irw",20,0.95,2000,1000,0.950282350990557,0.00118837002246972,0.947864294295296,0.952558753850754,0.920569095442021,0.000798355433023007,0.848997161430927,0.062805234599543,TRUE,0.950000000646966
"b80071f5e2_t50","2pl","heavy_tail","irw",60,0.5,100,1000,0.492278232972369,0.0559882243833546,0.390911389407502,0.612102483849991,0.49198681395554,0.0557644047822828,0.4916258837317,0.0555133240491739,FALSE,0.500000000204245
"b80071f5e2_t50","2pl","heavy_tail","irw",60,0.5,250,1000,0.496956689375465,0.036824792915756,0.431130181497446,0.57975539376948,0.496665496721193,0.0366629863493041,0.496245760841409,0.0363706606298554,FALSE,0.500000000204245
"b80071f5e2_t50","2pl","heavy_tail","irw",60,0.5,500,1000,0.499032486481105,0.02777267087037,0.449339087370559,0.558414894963314,0.498746822864238,0.0276581545780302,0.49831553817313,0.0273877438778562,FALSE,0.500000000204245
"b80071f5e2_t50","2pl","heavy_tail","irw",60,0.5,1000,1000,0.4996881855266,0.020733803257354,0.463960098141728,0.538634162101988,0.499402851751095,0.0206512222617431,0.49880846603294,0.01943226611339,FALSE,0.500000000204245
"b80071f5e2_t50","2pl","heavy_tail","irw",60,0.5,2000,1000,0.50068352250216,0.0148737755749059,0.474026743809195,0.531545308104731,0.500397242396408,0.0148184743796281,0.499785149077192,0.0139579697785219,FALSE,0.500000000204245
"b80071f5e2_t60","2pl","heavy_tail","irw",60,0.6,100,1000,0.589849791409923,0.0532659187914797,0.488878752613731,0.695228757063472,0.589292281606785,0.0528981727772962,0.588746199445047,0.0524393595916292,FALSE,0.60000000061314
"b80071f5e2_t60","2pl","heavy_tail","irw",60,0.6,250,1000,0.59512971113812,0.0374368579526118,0.529189310305237,0.673185073911401,0.594543992189394,0.0371417110552063,0.593699355116331,0.0358250599186508,FALSE,0.60000000061314
"b80071f5e2_t60","2pl","heavy_tail","irw",60,0.6,500,1000,0.595923929912774,0.0257194404562741,0.548198390082936,0.6496071963859,0.595359376684554,0.0255347977325113,0.594693616210513,0.0251169068768266,FALSE,0.60000000061314
"b80071f5e2_t60","2pl","heavy_tail","irw",60,0.6,1000,1000,0.597452696842922,0.0195954059450838,0.561532893912797,0.641268983446767,0.596888333369205,0.0194586085283841,0.596150624888476,0.018981117977467,FALSE,0.60000000061314
"b80071f5e2_t60","2pl","heavy_tail","irw",60,0.6,2000,1000,0.597314105171349,0.0141765933416871,0.572324229028925,0.625945699635687,0.596751623317114,0.0140802381066406,0.595895355183911,0.0131928654621998,FALSE,0.60000000061314
"b80071f5e2_t70","2pl","heavy_tail","irw",60,0.7,100,1000,0.689299428418647,0.047689290351496,0.590647083501396,0.781914476371324,0.688126326083505,0.0469965146139911,0.68720204112659,0.046229403060343,FALSE,0.700000001211268
"b80071f5e2_t70","2pl","heavy_tail","irw",60,0.7,250,1000,0.693284203529672,0.0306231707460288,0.635113638677429,0.754869621206253,0.692130779517085,0.0301663478366461,0.691042406573712,0.0291784022194955,FALSE,0.700000001211268
"b80071f5e2_t70","2pl","heavy_tail","irw",60,0.7,500,1000,0.694107960366114,0.0229290851804628,0.652724950249484,0.740324154770148,0.692958101320647,0.0226030851125621,0.691749553069212,0.021676049234823,FALSE,0.700000001211268
"b80071f5e2_t70","2pl","heavy_tail","irw",60,0.7,1000,1000,0.696604511340828,0.0175807935630901,0.663055378650946,0.73525037810973,0.695439215396161,0.0173442087832216,0.69388503361472,0.0158994429054048,FALSE,0.700000001211268
"b80071f5e2_t70","2pl","heavy_tail","irw",60,0.7,2000,1000,0.696251279571767,0.0128337906650731,0.6740350354811,0.722997753772641,0.695100460565303,0.0126820234162867,0.692882026167294,0.0227082841513474,FALSE,0.700000001211268
"b80071f5e2_t80","2pl","heavy_tail","irw",60,0.8,100,1000,0.792835294112339,0.0349031412940093,0.721822605267991,0.862927444282225,0.79147652419499,0.0341518432540767,0.79044293171343,0.0329456182635105,FALSE,0.800000000284456
"b80071f5e2_t80","2pl","heavy_tail","irw",60,0.8,250,1000,0.798990056139763,0.0236694699572052,0.753213783057972,0.844328454326856,0.797561676654841,0.0231485481171273,0.795277196292479,0.0257646631066666,FALSE,0.800000000284456
"b80071f5e2_t80","2pl","heavy_tail","irw",60,0.8,500,1000,0.799593263649166,0.0171652350789119,0.767323921095118,0.834607488314294,0.79816841500743,0.0167657413582843,0.796633220160081,0.0154647937165977,FALSE,0.800000000284456
"b80071f5e2_t80","2pl","heavy_tail","irw",60,0.8,1000,1000,0.800538354730435,0.0132547940156717,0.7766942519801,0.827132701659764,0.79912033583236,0.0129703053133611,0.79460772390535,0.0360231841840442,FALSE,0.800000000284456
"b80071f5e2_t80","2pl","heavy_tail","irw",60,0.8,2000,1000,0.800584135856166,0.00894078367023595,0.784710423876855,0.819101099208063,0.799172127246343,0.00874598276982735,0.796820247328839,0.0110285271115437,FALSE,0.800000000284456
"b80071f5e2_t90","2pl","heavy_tail","irw",60,0.9,100,1000,0.893489992708612,0.0198579715291048,0.851419414066373,0.932389197456264,0.888692038067845,0.0180687813123353,0.884937816200475,0.0183053082480815,FALSE,0.90000000203049
"b80071f5e2_t90","2pl","heavy_tail","irw",60,0.9,250,1000,0.89684281635817,0.0131846073776947,0.873127367482583,0.925437519325975,0.891941992317057,0.0120341575740749,0.884208100699673,0.0421916952568258,FALSE,0.90000000203049
"b80071f5e2_t90","2pl","heavy_tail","irw",60,0.9,500,1000,0.896738425546045,0.0100307625189405,0.877255793310874,0.916375602755328,0.891879882664774,0.00924756857980604,0.884225870041979,0.0394107306115594,FALSE,0.90000000203049
"b80071f5e2_t90","2pl","heavy_tail","irw",60,0.9,1000,1000,0.897791148687402,0.00710916462831245,0.884568861283685,0.912381762423621,0.892876166801561,0.00656592138471783,0.881776868006828,0.0563963185624718,FALSE,0.90000000203049
"b80071f5e2_t90","2pl","heavy_tail","irw",60,0.9,2000,1000,0.897894950823277,0.00511766669168613,0.888429409189013,0.90800344324836,0.892985730275957,0.00472484963965962,0.881177632633823,0.0506295818532697,FALSE,0.90000000203049
"b80071f5e2_t95","2pl","heavy_tail","irw",60,0.95,100,1000,0.948219347623776,0.00986060956068179,0.92828930772846,0.968526358493037,0.93609800372224,0.00681590566089178,0.92000358864647,0.0519313567656456,FALSE,0.950000000261279
"b80071f5e2_t95","2pl","heavy_tail","irw",60,0.95,250,1000,0.950085386414138,0.00683372215759419,0.936647612647217,0.963018595764022,0.937652533267669,0.00496132353998544,0.90911585227623,0.0875986933760238,FALSE,0.950000000261279
"b80071f5e2_t95","2pl","heavy_tail","irw",60,0.95,500,1000,0.950323443699844,0.00467104399834227,0.941300299955525,0.959896676153566,0.937917802359667,0.00336529663004845,0.909362514116519,0.0620692491505526,FALSE,0.950000000261279
"b80071f5e2_t95","2pl","heavy_tail","irw",60,0.95,1000,1000,0.950954356128913,0.00347368995372435,0.944651431446848,0.958370957259291,0.938490271545729,0.00277840666264868,0.890972090089354,0.117589266145657,FALSE,0.950000000261279
"b80071f5e2_t95","2pl","heavy_tail","irw",60,0.95,2000,1000,0.951065459856897,0.00260388170779839,0.945848911231319,0.956372462038445,0.938585502660621,0.00204767300274643,0.883073673532891,0.12253092911013,FALSE,0.950000000261279
"b8ba807a81_t50","rasch","heavy_tail","irw",60,0.5,100,1000,0.483336703051821,0.0573581926589943,0.376163366811371,0.605175070555543,0.483197109258149,0.0572172154757116,0.483023374154004,0.0570359677929178,FALSE,0.500000000109217
"b8ba807a81_t50","rasch","heavy_tail","irw",60,0.5,250,1000,0.488723924210333,0.0373906692098849,0.423080579246905,0.571217230579923,0.488586747390096,0.0372909805752875,0.488370520543526,0.0370088937274198,FALSE,0.500000000109217
"b8ba807a81_t50","rasch","heavy_tail","irw",60,0.5,500,1000,0.491759785212045,0.0287616195033304,0.442040694674333,0.55168517695605,0.491620388978037,0.0286806247638587,0.49136353887569,0.028324436879856,FALSE,0.500000000109217
"b8ba807a81_t50","rasch","heavy_tail","irw",60,0.5,1000,1000,0.491881916121287,0.0216468944443883,0.45439624946504,0.536713148126306,0.491743500420545,0.0215878815614085,0.491354908159663,0.0207164299852585,FALSE,0.500000000109217
"b8ba807a81_t50","rasch","heavy_tail","irw",60,0.5,2000,1000,0.492560520669325,0.0144709052614762,0.467271370612398,0.523570062961513,0.492425223484436,0.0144344161707706,0.492167305672124,0.0141802918076629,FALSE,0.500000000109217
"b8ba807a81_t60","rasch","heavy_tail","irw",60,0.6,100,1000,0.598384341465578,0.0554506860646924,0.498644613071235,0.71426046054388,0.598008422186728,0.0551140313171863,0.597584095179566,0.0544828261258155,FALSE,0.600000001751877
"b8ba807a81_t60","rasch","heavy_tail","irw",60,0.6,250,1000,0.603850010235361,0.0365443899247746,0.538005289936232,0.677311669953308,0.603482692646805,0.0363157691273224,0.6028751925827,0.0352418592959911,FALSE,0.600000001751877
"b8ba807a81_t60","rasch","heavy_tail","irw",60,0.6,500,1000,0.604669210202561,0.0267172641512703,0.553670748103629,0.655272157894087,0.604308543215695,0.0265675115268749,0.603510398564184,0.0258398047003201,FALSE,0.600000001751877
"b8ba807a81_t60","rasch","heavy_tail","irw",60,0.6,1000,1000,0.606047024857279,0.0194375113669553,0.571365779239462,0.643201260148634,0.605681413423973,0.0193178925908128,0.605077001028472,0.0186008323315599,FALSE,0.600000001751877
"b8ba807a81_t60","rasch","heavy_tail","irw",60,0.6,2000,1000,0.607019962308468,0.0140994545094147,0.582008037196087,0.636903994429532,0.606659008437617,0.0140191319232689,0.605940415498081,0.0133463994111954,FALSE,0.600000001751877
"b8ba807a81_t70","rasch","heavy_tail","irw",60,0.7,100,1000,0.695596933529362,0.0481324770610866,0.606755622071041,0.796254337603437,0.69474557880481,0.0474695317624355,0.693824766491148,0.04601011535621,FALSE,0.700000003147327
"b8ba807a81_t70","rasch","heavy_tail","irw",60,0.7,250,1000,0.700145435588193,0.0327956558908395,0.638893622167358,0.765333758642081,0.699307028637023,0.0323781953137293,0.697662408134028,0.0304890421715195,FALSE,0.700000003147327
"b8ba807a81_t70","rasch","heavy_tail","irw",60,0.7,500,1000,0.702785186100503,0.0226912864708582,0.660645808815692,0.749344464178663,0.701938807401288,0.0223965108371448,0.700549340202092,0.0227324603577796,FALSE,0.700000003147327
"b8ba807a81_t70","rasch","heavy_tail","irw",60,0.7,1000,1000,0.704777499694631,0.0170654190048606,0.673317447603769,0.738778929569315,0.703919725713634,0.016860797505478,0.70116328084024,0.030118014556013,FALSE,0.700000003147327
"b8ba807a81_t70","rasch","heavy_tail","irw",60,0.7,2000,1000,0.703784446727789,0.0122671518866663,0.68206328454823,0.728853473796157,0.702946601713996,0.0121256807877193,0.700123695172861,0.0237834139843112,FALSE,0.700000003147327
"b8ba807a81_t80","rasch","heavy_tail","irw",60,0.8,100,1000,0.79596811987423,0.0376552313695631,0.723085845952386,0.871084486241152,0.794217091563781,0.0365308102336455,0.791371608477163,0.0376141379052533,FALSE,0.800000003284678
"b8ba807a81_t80","rasch","heavy_tail","irw",60,0.8,250,1000,0.79902041153869,0.0237652302617706,0.754634093604146,0.848346653703823,0.797316848814505,0.0230996349683334,0.795055355646565,0.0231951171688248,FALSE,0.800000003284678
"b8ba807a81_t80","rasch","heavy_tail","irw",60,0.8,500,1000,0.800019880778888,0.0172662920390137,0.765762805687808,0.833330862326342,0.798310739511304,0.0168111702209949,0.794547689157539,0.0356784922587327,FALSE,0.800000003284678
"b8ba807a81_t80","rasch","heavy_tail","irw",60,0.8,1000,1000,0.800500359868707,0.0122585248336707,0.777168196504703,0.825334264152746,0.79879772418039,0.0119152932995529,0.79583529573976,0.0166317366178898,FALSE,0.800000003284678
"b8ba807a81_t80","rasch","heavy_tail","irw",60,0.8,2000,1000,0.802099714074295,0.00881558636986518,0.786232264640665,0.820096914789149,0.80036687671708,0.00858519778377853,0.794441385168112,0.0357717377588868,FALSE,0.800000003284678
"b8ba807a81_t90","rasch","heavy_tail","irw",60,0.9,100,1000,0.896427718471052,0.0204147311489494,0.856142921259461,0.936821341600408,0.892222233514239,0.0185097048715272,0.883313364859199,0.0542387430890357,FALSE,0.900000002237721
"b8ba807a81_t90","rasch","heavy_tail","irw",60,0.9,250,1000,0.898640953960285,0.0128558554778311,0.875033085964696,0.923809456323299,0.894427785789597,0.0116059836973967,0.88470982012147,0.0540082130435979,FALSE,0.900000002237721
"b8ba807a81_t90","rasch","heavy_tail","irw",60,0.9,500,1000,0.899027156930948,0.0095537014523239,0.880467464650833,0.917320462323073,0.89486677452759,0.00872802316373872,0.878737820032633,0.0754966881317325,FALSE,0.900000002237721
"b8ba807a81_t90","rasch","heavy_tail","irw",60,0.9,1000,1000,0.899984298540401,0.00683297742026742,0.887711867179805,0.913264676784375,0.895768740702709,0.00621304110508957,0.872420597167262,0.0955057873768323,FALSE,0.900000002237721
"b8ba807a81_t90","rasch","heavy_tail","irw",60,0.9,2000,1000,0.900437150981155,0.00501704389651545,0.891056480641911,0.910721718630228,0.896206694571162,0.00460057109526772,0.861514174850756,0.122744287614452,FALSE,0.900000002237721
"b8ba807a81_t95","rasch","heavy_tail","irw",60,0.95,100,1000,0.946529425246707,0.0110131564278962,0.923296389218893,0.966231786384021,0.944724602402391,0.00986349866847728,0.935981779061189,0.071006409463915,FALSE,0.950000000512467
"b8ba807a81_t95","rasch","heavy_tail","irw",60,0.95,250,1000,0.948120939419257,0.00722054037207166,0.934050270551022,0.962461161133134,0.946291531435241,0.00641868607000251,0.923194156641661,0.121838189943214,FALSE,0.950000000512467
"b8ba807a81_t95","rasch","heavy_tail","irw",60,0.95,500,1000,0.948620905718715,0.00507959932313363,0.93865012434963,0.959073173144074,0.946802020861002,0.00451116877562807,0.901934634655953,0.175163733916533,FALSE,0.950000000512467
"b8ba807a81_t95","rasch","heavy_tail","irw",60,0.95,1000,1000,0.948895513310182,0.00380213246283685,0.941527624716893,0.956054956215512,0.947047603543943,0.0033869743784337,0.885462828945421,0.190965642160089,FALSE,0.950000000512467
"b8ba807a81_t95","rasch","heavy_tail","irw",60,0.95,2000,1000,0.948911574302885,0.00270753878581457,0.944008764284232,0.95446186175583,0.947058687612675,0.00239097748467553,0.84358049977945,0.248343241530912,FALSE,0.950000000512467
"bb52ad0abc_t50","3pl_beta","normal","irw",10,0.5,100,1000,0.497002137921441,0.0352848114484482,0.428521841563168,0.5622298556046,0.492847503154059,0.0345304549587045,0.488094441332552,0.0341198220858617,TRUE,0.50000000266397
"bb52ad0abc_t50","3pl_beta","normal","irw",10,0.5,250,1000,0.498690913853569,0.0222176266810156,0.45645614161344,0.540639807981037,0.494495922261436,0.0217392257948788,0.489586787361438,0.0214516449222781,TRUE,0.50000000266397
"bb52ad0abc_t50","3pl_beta","normal","irw",10,0.5,500,1000,0.499499246160372,0.0157894910394841,0.469481995635437,0.529783813703053,0.495294164454751,0.0154359863180122,0.490405335535793,0.0152205229425046,TRUE,0.50000000266397
"bb52ad0abc_t50","3pl_beta","normal","irw",10,0.5,1000,1000,0.499740480390892,0.0112571881429567,0.477982328957472,0.521188614656007,0.49553948750222,0.0110097493381691,0.490676363910232,0.0108853582223623,TRUE,0.50000000266397
"bb52ad0abc_t50","3pl_beta","normal","irw",10,0.5,2000,1000,0.499580406411783,0.00791330676430401,0.484885172191563,0.514530165546584,0.495379028696504,0.00774181087352565,0.490460475941832,0.00762765978922709,TRUE,0.50000000266397
"bb52ad0abc_t60","3pl_beta","normal","irw",10,0.6,100,1000,0.594852612025612,0.0327910345668569,0.5264897783276,0.654462889253159,0.58690343303598,0.0322518533576275,0.580817295941391,0.0324460927125282,TRUE,0.600000000290854
"bb52ad0abc_t60","3pl_beta","normal","irw",10,0.6,250,1000,0.596745180150173,0.0213210161544595,0.555030625365438,0.635913520454523,0.588727266458827,0.0209562967227491,0.58258931506985,0.0210550850418145,TRUE,0.600000000290854
"bb52ad0abc_t60","3pl_beta","normal","irw",10,0.6,500,1000,0.598364478262166,0.0145626808559116,0.569318074958999,0.626395192521799,0.590328648978755,0.0143035332745435,0.584205946037728,0.0143639987487527,TRUE,0.600000000290854
"bb52ad0abc_t60","3pl_beta","normal","irw",10,0.6,1000,1000,0.598076031830409,0.0109792766621691,0.574743272496684,0.618513483649501,0.590022656374522,0.0107860190216041,0.58384635740758,0.0108489078933122,TRUE,0.600000000290854
"bb52ad0abc_t60","3pl_beta","normal","irw",10,0.6,2000,1000,0.598066832494425,0.00733852457735413,0.58359722968984,0.612940516147144,0.589996582415631,0.00720977026297981,0.583847784629651,0.00725788626847079,TRUE,0.600000000290854
"bb52ad0abc_t70","3pl_beta","normal","irw",10,0.7,100,1000,0.698885252073642,0.0254364799414274,0.644693295932264,0.746221558959888,0.680497710401719,0.0230374694461128,0.650575446635162,0.0574488352417927,TRUE,0.700000001392211
"bb52ad0abc_t70","3pl_beta","normal","irw",10,0.7,250,1000,0.698230052257929,0.0166513790598099,0.662787929061837,0.728620174582581,0.679958835862717,0.0150978033390566,0.638847752486064,0.0756439374205438,TRUE,0.700000001392211
"bb52ad0abc_t70","3pl_beta","normal","irw",10,0.7,500,1000,0.698798053780877,0.0112846647207164,0.676343829188047,0.720509186635925,0.680512584242981,0.0102199997560416,0.635263787129265,0.0777502078962141,TRUE,0.700000001392211
"bb52ad0abc_t70","3pl_beta","normal","irw",10,0.7,1000,1000,0.699641371636042,0.0078116853101902,0.684737642571651,0.714228924323559,0.681314504132349,0.00710277009547098,0.632967076312243,0.0746589011634329,TRUE,0.700000001392211
"bb52ad0abc_t70","3pl_beta","normal","irw",10,0.7,2000,1000,0.699897071113094,0.0055187910505534,0.689100240752869,0.710443834957526,0.681482485564606,0.00497498651846291,0.616890216945935,0.0889571769553748,TRUE,0.700000001392211
"bb52ad0abc_t80","3pl_beta","normal","irw",10,0.8,100,1000,0.791518802529782,0.0358708575132906,0.70952450019863,0.852336006466465,0.67682817201069,0.0394973806634794,0.594683328685544,0.0553144118787516,TRUE,0.800000000883207
"bb52ad0abc_t80","3pl_beta","normal","irw",10,0.8,250,1000,0.794446902472822,0.0221954571188147,0.748138466447334,0.83441110330286,0.679375918597836,0.024801416835395,0.596651893388803,0.0379680486924168,TRUE,0.800000000883207
"bb52ad0abc_t80","3pl_beta","normal","irw",10,0.8,500,1000,0.796868954967618,0.01517800794541,0.767546163342282,0.825964526104876,0.681768692977545,0.0170910469285674,0.600142913207722,0.0237068604257133,TRUE,0.800000000883207
"bb52ad0abc_t80","3pl_beta","normal","irw",10,0.8,1000,1000,0.795916390268202,0.0107132024252539,0.775015277260773,0.81719346837084,0.680331332325695,0.0120111099258985,0.598257976625827,0.0160609919362222,TRUE,0.800000000883207
"bb52ad0abc_t80","3pl_beta","normal","irw",10,0.8,2000,1000,0.796505920348012,0.00758112501546731,0.78159128103873,0.81034089560424,0.68089705427432,0.00856283831658174,0.597443098126547,0.0264698777357116,TRUE,0.800000000883207
"bb52ad0abc_t90","3pl_beta","normal","irw",10,0.9,100,1000,0.899155672436095,0.00988177358856135,0.877668575990655,0.917880182236033,0.723584124111138,0.0224607614472169,0.00958184717810807,0.0240819463990319,TRUE,0.900000000831761
"bb52ad0abc_t90","3pl_beta","normal","irw",10,0.9,250,1000,0.899452177606698,0.00607379874040343,0.886640303454642,0.910787990153818,0.724693336733322,0.0137003192512027,0.00184491558473363,0.00451419606143205,TRUE,0.900000000831761
"bb52ad0abc_t90","3pl_beta","normal","irw",10,0.9,500,1000,0.900091432979723,0.00419906811990067,0.891776754789152,0.908220472869289,0.725228559809504,0.0095582789899203,0.000473010866370616,0.0011185060168508,TRUE,0.900000000831761
"bb52ad0abc_t90","3pl_beta","normal","irw",10,0.9,1000,1000,0.900250300887131,0.00297358500349793,0.894418430444116,0.905937247473551,0.72565065178637,0.00677403990188124,0.000198786377302375,0.00048257090788976,TRUE,0.900000000831761
"bb52ad0abc_t90","3pl_beta","normal","irw",10,0.9,2000,1000,0.900273823484883,0.00208319207142462,0.896121485204679,0.904125059426522,0.725490921766832,0.00503054828675842,6.83935392571149e-05,0.000139201341091774,TRUE,0.900000000831761
"bd4a352d58_t50","2pl","skew_pos","parametric",60,0.5,100,1000,0.493388074410233,0.0458620176624205,0.401931221698082,0.578486502273033,0.493211365514087,0.0457581202712121,0.493008493850399,0.0456599970622644,TRUE,0.500000000143511
"bd4a352d58_t50","2pl","skew_pos","parametric",60,0.5,250,1000,0.498293634378383,0.0286114010842905,0.441345572577084,0.555091162223449,0.498113570325954,0.0285404319637282,0.497896811162133,0.0284662566589293,TRUE,0.500000000143511
"bd4a352d58_t50","2pl","skew_pos","parametric",60,0.5,500,1000,0.499238375320308,0.0207360568056441,0.455225310582565,0.537587235668255,0.499057493778749,0.0206855392362612,0.498836112449365,0.0206325840518847,TRUE,0.500000000143511
"bd4a352d58_t50","2pl","skew_pos","parametric",60,0.5,1000,1000,0.498995150063944,0.0139294801289915,0.472403664751751,0.525670987927344,0.498817448144682,0.0138956647843034,0.498597638481864,0.0138603313343748,TRUE,0.500000000143511
"bd4a352d58_t50","2pl","skew_pos","parametric",60,0.5,2000,1000,0.499514983352819,0.010191259139055,0.478894926005366,0.519044288326306,0.499336951590964,0.0101663759557011,0.499116323826996,0.0101401336633425,TRUE,0.500000000143511
"bd4a352d58_t60","2pl","skew_pos","parametric",60,0.6,100,1000,0.594007644725961,0.0423010805501274,0.51435581495533,0.677148979082212,0.593521778483726,0.0420509414989143,0.593109609532397,0.0418720642523678,TRUE,0.600000002072582
"bd4a352d58_t60","2pl","skew_pos","parametric",60,0.6,250,1000,0.600771783077465,0.0270800562096476,0.547150816367004,0.652723628381692,0.600264464511776,0.0269137991253283,0.599818737630044,0.0267851911551007,TRUE,0.600000002072582
"bd4a352d58_t60","2pl","skew_pos","parametric",60,0.6,500,1000,0.599840879068903,0.019912002869374,0.557189754792104,0.637880529704126,0.599340279461062,0.0197878412795732,0.598890197214618,0.0196871538471387,TRUE,0.600000002072582
"bd4a352d58_t60","2pl","skew_pos","parametric",60,0.6,1000,1000,0.599503807813735,0.0135288592776125,0.573233134437865,0.6257899956649,0.599013657832243,0.0134490908572113,0.598571244086788,0.0133870680846725,TRUE,0.600000002072582
"bd4a352d58_t60","2pl","skew_pos","parametric",60,0.6,2000,1000,0.601100850378353,0.00961223876622375,0.583242600762325,0.620696895975664,0.600600664182511,0.00955174733160968,0.600146135287458,0.00950217531591844,TRUE,0.600000002072582
"bd4a352d58_t70","2pl","skew_pos","parametric",60,0.7,100,1000,0.692975159105543,0.0379234437071577,0.611674524378711,0.760688506411064,0.691860647074271,0.0374495810881271,0.691160228009536,0.0371847063857561,TRUE,0.700000003292426
"bd4a352d58_t70","2pl","skew_pos","parametric",60,0.7,250,1000,0.696778750759894,0.0234226106827544,0.647970372150583,0.739955733437509,0.695633940078591,0.0231136229635314,0.694879959616173,0.0229278934841013,TRUE,0.700000003292426
"bd4a352d58_t70","2pl","skew_pos","parametric",60,0.7,500,1000,0.69796030266768,0.0173160523585564,0.663463174606151,0.729306624364946,0.69681123112676,0.0170847228159314,0.696051140338986,0.0169496434645155,TRUE,0.700000003292426
"bd4a352d58_t70","2pl","skew_pos","parametric",60,0.7,1000,1000,0.697731822839271,0.0122307156280661,0.672484560542475,0.721591661572699,0.69659346493504,0.0120646864799135,0.695832574508647,0.0119581844049098,TRUE,0.700000003292426
"bd4a352d58_t70","2pl","skew_pos","parametric",60,0.7,2000,1000,0.698661620565484,0.00860776040782437,0.682007650853709,0.715752188412354,0.697509580662857,0.00849236281807289,0.696734497749245,0.00842258339058276,TRUE,0.700000003292426
"bd4a352d58_t80","2pl","skew_pos","parametric",60,0.8,100,1000,0.791808996457413,0.0292430923828564,0.729521107902788,0.843502290093874,0.789849405057313,0.0285085908297529,0.788973235186103,0.0281707660918047,TRUE,0.80000000258823
"bd4a352d58_t80","2pl","skew_pos","parametric",60,0.8,250,1000,0.798466848858813,0.0179526651086622,0.761884882212416,0.831788428021774,0.796367854361914,0.0174531374875909,0.795369335487081,0.0172018742878365,TRUE,0.80000000258823
"bd4a352d58_t80","2pl","skew_pos","parametric",60,0.8,500,1000,0.798878680600486,0.0125121833640479,0.77414735189624,0.822877332521688,0.796790157174929,0.0121528683392894,0.795797769396146,0.0119690186115881,TRUE,0.80000000258823
"bd4a352d58_t80","2pl","skew_pos","parametric",60,0.8,1000,1000,0.799002007322982,0.00905963356550923,0.781554473729445,0.816080212873064,0.796915486726033,0.00879870787680416,0.795896714854732,0.00864846176679073,TRUE,0.80000000258823
"bd4a352d58_t80","2pl","skew_pos","parametric",60,0.8,2000,1000,0.799180213715505,0.00645058227867112,0.786220730254705,0.811827128230868,0.797093989729304,0.00626807002282899,0.796071489070471,0.00616262241746902,TRUE,0.80000000258823
"bd4a352d58_t90","2pl","skew_pos","parametric",60,0.9,100,1000,0.898885936799448,0.0151668527686016,0.866837394997213,0.926770659729031,0.895349608159935,0.0138662200777593,0.893900705867332,0.0131557304554858,TRUE,0.900000002090556
"bd4a352d58_t90","2pl","skew_pos","parametric",60,0.9,250,1000,0.898892080474325,0.010183366146758,0.877612605049458,0.917023598813101,0.895376294642961,0.00930511912877474,0.89381297824067,0.00877651083877573,TRUE,0.900000002090556
"bd4a352d58_t90","2pl","skew_pos","parametric",60,0.9,500,1000,0.899903238188128,0.00672507367158464,0.887160724875882,0.912519797292063,0.896349587343649,0.00611895906930933,0.894683396373322,0.00573695147730698,TRUE,0.900000002090556
"bd4a352d58_t90","2pl","skew_pos","parametric",60,0.9,1000,1000,0.900033767187911,0.00503009631297786,0.88974033559872,0.910123374032298,0.89647371518976,0.00457016486143903,0.894799632973619,0.00427106583089638,TRUE,0.900000002090556
"bd4a352d58_t90","2pl","skew_pos","parametric",60,0.9,2000,1000,0.900217238485285,0.0036032761545561,0.893121299015607,0.906874168963084,0.896648112545076,0.00327625553085442,0.894959051430803,0.00304886237508873,TRUE,0.900000002090556
"bd4a352d58_t95","2pl","skew_pos","parametric",60,0.95,100,1000,0.947439083419385,0.00839856078929288,0.929322244239042,0.962414134212575,0.939212433366331,0.00623145014502939,0.93520921566402,0.0108463539124999,TRUE,0.950000000915673
"bd4a352d58_t95","2pl","skew_pos","parametric",60,0.95,250,1000,0.948839960818171,0.00527105528116355,0.938559295946237,0.959109558773576,0.940322815759578,0.00378900205096478,0.935547989161871,0.0130963631949864,TRUE,0.950000000915673
"bd4a352d58_t95","2pl","skew_pos","parametric",60,0.95,500,1000,0.949177204507312,0.00352256838016704,0.941829594312565,0.955750042714245,0.940657709173807,0.00252790484015442,0.935998018940503,0.00565685507290389,TRUE,0.950000000915673
"bd4a352d58_t95","2pl","skew_pos","parametric",60,0.95,1000,1000,0.949323273425248,0.00262005100339102,0.944061642757202,0.953919759401713,0.940771817328526,0.0018644375963175,0.936195736759788,0.00424879028082342,TRUE,0.950000000915673
"bd4a352d58_t95","2pl","skew_pos","parametric",60,0.95,2000,1000,0.949324462945842,0.00177745194580322,0.945684863912038,0.952546022696973,0.940772609652523,0.00127690743992796,0.936032024507544,0.00440379342853122,TRUE,0.950000000915673
"bec01bd864_t50","3pl_g20","bimodal","irw",40,0.5,100,1000,0.50109818997155,0.0256720164456046,0.447646363861422,0.550043353772531,0.500196804383597,0.0255123466718574,0.499159031366159,0.0254275570824992,TRUE,0.500000000456453
"bec01bd864_t50","3pl_g20","bimodal","irw",40,0.5,250,1000,0.501075161818411,0.0157627441539571,0.468999001434325,0.529134480271669,0.500170456400112,0.0156590672202838,0.499116608787381,0.0155971403097922,TRUE,0.500000000456453
"bec01bd864_t50","3pl_g20","bimodal","irw",40,0.5,500,1000,0.500862766663705,0.0113593957535149,0.477715786578615,0.523624949760107,0.499967631841939,0.0112890522894621,0.498922706329525,0.0112514998456289,TRUE,0.500000000456453
"bec01bd864_t50","3pl_g20","bimodal","irw",40,0.5,1000,1000,0.501809296650686,0.00843846585704081,0.484487287654968,0.517968563491509,0.500907743936142,0.00838132520081299,0.499857043781564,0.00834640409700125,TRUE,0.500000000456453
"bec01bd864_t50","3pl_g20","bimodal","irw",40,0.5,2000,1000,0.50169424873487,0.00588618384077836,0.490561067849145,0.513192721910768,0.500790983528131,0.0058472425458092,0.49973605947545,0.00582365301122481,TRUE,0.500000000456453
"bec01bd864_t60","3pl_g20","bimodal","irw",40,0.6,100,1000,0.599388768042799,0.0244151501502753,0.552399278850715,0.644799911932802,0.597888031803178,0.0241228172960896,0.596662738659374,0.0239867617889592,TRUE,0.600000002254067
"bec01bd864_t60","3pl_g20","bimodal","irw",40,0.6,250,1000,0.600526607509433,0.0144480656603595,0.57059820527202,0.627428339891296,0.599032065270845,0.0142760454426799,0.597802464476784,0.014199538768371,TRUE,0.600000002254067
"bec01bd864_t60","3pl_g20","bimodal","irw",40,0.6,500,1000,0.60041580284274,0.0108861438378914,0.578146457780674,0.622282035894077,0.598916504946412,0.0107602447221787,0.597678893643719,0.0107071900693764,TRUE,0.600000002254067
"bec01bd864_t60","3pl_g20","bimodal","irw",40,0.6,1000,1000,0.60105936672285,0.00757588797003375,0.586415557055085,0.615555849366516,0.599554010284716,0.00749030738728402,0.598312306320779,0.0074567166429828,TRUE,0.600000002254067
"bec01bd864_t60","3pl_g20","bimodal","irw",40,0.6,2000,1000,0.60097309915632,0.00530522715444769,0.590669876141637,0.611658697200837,0.599463057049905,0.00524597510326803,0.598214044088799,0.00522086596634495,TRUE,0.600000002254067
"bec01bd864_t70","3pl_g20","bimodal","irw",40,0.7,100,1000,0.698424998599587,0.0210447215417749,0.655909241652471,0.736215860420733,0.69663660579789,0.0207333874034347,0.695655026447022,0.0206419759732904,TRUE,0.70000000163573
"bec01bd864_t70","3pl_g20","bimodal","irw",40,0.7,250,1000,0.699536060113165,0.0130061246083465,0.673769889294085,0.723764981751207,0.697740235359778,0.0128137834701702,0.696750846666777,0.0127568077489072,TRUE,0.70000000163573
"bec01bd864_t70","3pl_g20","bimodal","irw",40,0.7,500,1000,0.700442051995947,0.0090940580014401,0.681548522628832,0.71806371600708,0.698635480427817,0.00894343337817354,0.697644234403947,0.0088952329457709,TRUE,0.70000000163573
"bec01bd864_t70","3pl_g20","bimodal","irw",40,0.7,1000,1000,0.700711011564727,0.00645308037208802,0.688159313997821,0.713498989540102,0.698891567040209,0.00634989038731345,0.697888793928667,0.00631532114733837,TRUE,0.70000000163573
"bec01bd864_t70","3pl_g20","bimodal","irw",40,0.7,2000,1000,0.700862841605579,0.00475467242651108,0.691462195489868,0.709754012925614,0.69903944909143,0.00467601752978249,0.698032009776619,0.00464941271381128,TRUE,0.70000000163573
"bec01bd864_t80","3pl_g20","bimodal","irw",40,0.8,100,1000,0.800379055145303,0.0198674120654789,0.756214429099493,0.835670992359483,0.783490858190074,0.0205303032545729,0.77888640798284,0.0211585614776136,TRUE,0.800000001012463
"bec01bd864_t80","3pl_g20","bimodal","irw",40,0.8,250,1000,0.801677040970735,0.012302421777301,0.776477452755001,0.823583706779461,0.784727163187282,0.0127498942647901,0.780140016347473,0.0131478177406631,TRUE,0.800000001012463
"bec01bd864_t80","3pl_g20","bimodal","irw",40,0.8,500,1000,0.801445802588051,0.00867598198183025,0.783686558897263,0.817622261360725,0.784412790208633,0.00898940493254817,0.779805226279588,0.00926652149117529,TRUE,0.800000001012463
"bec01bd864_t80","3pl_g20","bimodal","irw",40,0.8,1000,1000,0.802045761614782,0.00596525854774809,0.790453397323815,0.813677717797653,0.785040632675478,0.00620020128304363,0.780458990363328,0.00639556408068935,TRUE,0.800000001012463
"bec01bd864_t80","3pl_g20","bimodal","irw",40,0.8,2000,1000,0.802054065457131,0.00431222865397186,0.793875369799692,0.810531189733721,0.785043222532177,0.00446818267943681,0.780461049371607,0.00460673828733914,TRUE,0.800000001012463
"bec01bd864_t90","3pl_g20","bimodal","irw",40,0.9,100,1000,0.898590981197246,0.00719798220856055,0.882880429543999,0.910865438710409,0.87382607416597,0.00610628695878211,0.859054279471627,0.0130540894430855,TRUE,0.900000001396381
"bec01bd864_t90","3pl_g20","bimodal","irw",40,0.9,250,1000,0.899173781735888,0.00425666798333671,0.890328064786411,0.906991862512131,0.874451898930362,0.00351202597469826,0.859296344887402,0.00868468492364358,TRUE,0.900000001396381
"bec01bd864_t90","3pl_g20","bimodal","irw",40,0.9,500,1000,0.899330199309155,0.00306453687841902,0.892928589387318,0.905029684386012,0.874281276592907,0.00243528644583506,0.858367874839111,0.00650524122971968,TRUE,0.900000001396381
"bec01bd864_t90","3pl_g20","bimodal","irw",40,0.9,1000,1000,0.899577970179243,0.00209445305455569,0.895235222030655,0.903467108157617,0.874562074977399,0.00168406544139227,0.858638293339769,0.004964884957658,TRUE,0.900000001396381
"bec01bd864_t90","3pl_g20","bimodal","irw",40,0.9,2000,1000,0.899635321668176,0.00152158738394932,0.896641508769454,0.902564272029776,0.874576696882038,0.00116745475645486,0.858591190175135,0.00331046326642712,TRUE,0.900000001396381
"bec01bd864_t95","3pl_g20","bimodal","irw",40,0.95,100,1000,0.949896334577472,0.00418400563258285,0.941556417449514,0.95758812224035,0.944170916650938,0.00429431539965352,0.943753301587096,0.0043457249963255,TRUE,0.950000000472425
"bec01bd864_t95","3pl_g20","bimodal","irw",40,0.95,250,1000,0.950196023376502,0.00264830205864212,0.944839924776695,0.955166382103667,0.94444294295857,0.00273970651169386,0.944017968094374,0.00278641037621641,TRUE,0.950000000472425
"bec01bd864_t95","3pl_g20","bimodal","irw",40,0.95,500,1000,0.950049739909029,0.00193012631275518,0.946185757281608,0.953643802229414,0.944270831646825,0.00199649077812051,0.943829929154727,0.00203491964799596,TRUE,0.950000000472425
"bec01bd864_t95","3pl_g20","bimodal","irw",40,0.95,1000,1000,0.950229079251241,0.00130927371463039,0.947549273582946,0.952763955802708,0.944447430599211,0.00134393399026978,0.944015385619982,0.00136538130521692,TRUE,0.950000000472425
"bec01bd864_t95","3pl_g20","bimodal","irw",40,0.95,2000,1000,0.950188674644427,0.000894341059545487,0.948418095965157,0.951819295317023,0.944416919943443,0.000915440944543084,0.943988756251345,0.000927463192333367,TRUE,0.950000000472425
"bec5a244cc_t50","3pl_g20","bimodal","parametric",20,0.5,100,1000,0.500341641124224,0.0243168810376923,0.451093710561508,0.54697042859626,0.498478004755736,0.0238948635481669,0.496131009489466,0.0235348697462961,TRUE,0.500000000235407
"bec5a244cc_t50","3pl_g20","bimodal","parametric",20,0.5,250,1000,0.501598688700988,0.0156784231816938,0.46972885951157,0.530553482092511,0.499722862815701,0.0154192317547325,0.497336587626914,0.0152115347912395,TRUE,0.500000000235407
"bec5a244cc_t50","3pl_g20","bimodal","parametric",20,0.5,500,1000,0.502500528551409,0.0107263740272307,0.480575615964993,0.52247095212489,0.500616635345594,0.0105514833402931,0.498225016235376,0.0104196466157966,TRUE,0.500000000235407
"bec5a244cc_t50","3pl_g20","bimodal","parametric",20,0.5,1000,1000,0.502756188291945,0.00770785297799722,0.486160810830941,0.51725778893879,0.500874412519212,0.00758224702579945,0.49848300512952,0.00748364438414392,TRUE,0.500000000235407
"bec5a244cc_t50","3pl_g20","bimodal","parametric",20,0.5,2000,1000,0.502720492847265,0.00547209963436669,0.492456099674012,0.513737473692603,0.500839916468693,0.00537555204094239,0.498445245014026,0.00529776575006103,TRUE,0.500000000235407
"bec5a244cc_t60","3pl_g20","bimodal","parametric",20,0.6,100,1000,0.600370667047114,0.0231467386460037,0.551617858594593,0.644363853617147,0.597823363256587,0.0226218594209158,0.595535963536594,0.0223111820584897,TRUE,0.600000002074912
"bec5a244cc_t60","3pl_g20","bimodal","parametric",20,0.6,250,1000,0.600886302663783,0.0145573160533199,0.571965809574879,0.628200013872488,0.598345253817361,0.014227447777194,0.596051207561832,0.0140381642998475,TRUE,0.600000002074912
"bec5a244cc_t60","3pl_g20","bimodal","parametric",20,0.6,500,1000,0.601466012499909,0.00994104489930072,0.582069093908386,0.619903694654379,0.598894846495172,0.00971092897310507,0.596540856549677,0.00958257755920947,TRUE,0.600000002074912
"bec5a244cc_t60","3pl_g20","bimodal","parametric",20,0.6,1000,1000,0.600969543799043,0.00735605430847645,0.586905584224744,0.615500795487517,0.598421366101706,0.00719060447695195,0.596097310318788,0.00709457038018307,TRUE,0.600000002074912
"bec5a244cc_t60","3pl_g20","bimodal","parametric",20,0.6,2000,1000,0.601452697709623,0.00534308582146688,0.590864427197064,0.611563081175176,0.598886733370666,0.00521941897471365,0.596540692721967,0.00514684803101184,TRUE,0.600000002074912
"bec5a244cc_t70","3pl_g20","bimodal","parametric",20,0.7,100,1000,0.695821545161683,0.0197683436808741,0.655066376568687,0.732222706013995,0.690743306941706,0.0191211072065368,0.687830473369486,0.0189794647835355,TRUE,0.700000001720272
"bec5a244cc_t70","3pl_g20","bimodal","parametric",20,0.7,250,1000,0.6968002115492,0.0120111586587442,0.672023278854947,0.71806820414328,0.691661311102348,0.011638468659215,0.688688035621816,0.0115855009536545,TRUE,0.700000001720272
"bec5a244cc_t70","3pl_g20","bimodal","parametric",20,0.7,500,1000,0.697273420389451,0.00894674167147441,0.679650990505478,0.714145445281251,0.692100453287553,0.00864969242972521,0.689096827916762,0.00858620744656519,TRUE,0.700000001720272
"bec5a244cc_t70","3pl_g20","bimodal","parametric",20,0.7,1000,1000,0.697711442731546,0.00614574461128059,0.685117908868398,0.70922410889675,0.692521426884813,0.00594252151193007,0.689512210350851,0.00590228353798946,TRUE,0.700000001720272
"bec5a244cc_t70","3pl_g20","bimodal","parametric",20,0.7,2000,1000,0.697739184041929,0.00420665946716393,0.689653420720271,0.706533777691088,0.692549677446585,0.0040656566266983,0.689538839850766,0.00403681854603774,TRUE,0.700000001720272
"bec5a244cc_t80","3pl_g20","bimodal","parametric",20,0.8,100,1000,0.799409744535398,0.0137403706896172,0.768177679307424,0.822285654866434,0.785690440673281,0.011988167804197,0.776725982011292,0.0135331884055902,TRUE,0.800000002272109
"bec5a244cc_t80","3pl_g20","bimodal","parametric",20,0.8,250,1000,0.800491191878684,0.00824880204492347,0.783199877461776,0.815881103134925,0.786655410182766,0.00712215639088715,0.777547228756945,0.00778067372794723,TRUE,0.800000002272109
"bec5a244cc_t80","3pl_g20","bimodal","parametric",20,0.8,500,1000,0.800387555017897,0.00586754313620127,0.788673327813824,0.811737312909552,0.786531573206323,0.0051143450282196,0.777363954710553,0.00587611309199813,TRUE,0.800000002272109
"bec5a244cc_t80","3pl_g20","bimodal","parametric",20,0.8,1000,1000,0.800813094883239,0.00415480847282334,0.791973800102877,0.808644592118871,0.786896184917455,0.00363277854516313,0.777648020117251,0.00421536238727272,TRUE,0.800000002272109
"bec5a244cc_t80","3pl_g20","bimodal","parametric",20,0.8,2000,1000,0.800749272273981,0.00296263622023974,0.794923826259921,0.806277823200304,0.786850797473018,0.00257276638346153,0.777573931953734,0.00301405388500319,TRUE,0.800000002272109
"bec5a244cc_t90","3pl_g20","bimodal","parametric",20,0.9,100,1000,0.899745713449656,0.00773915910694024,0.882913505032711,0.913065023333696,0.864674774550217,0.00628213247980661,0.826951055000566,0.038447607070919,TRUE,0.90000000061641
"bec5a244cc_t90","3pl_g20","bimodal","parametric",20,0.9,250,1000,0.89977586715465,0.00452854569364543,0.890705475817274,0.908216083067315,0.865124270567278,0.00381882266880326,0.826543343568307,0.0333209936332528,TRUE,0.90000000061641
"bec5a244cc_t90","3pl_g20","bimodal","parametric",20,0.9,500,1000,0.900120519422883,0.00333292235094602,0.893242540456928,0.906436321232008,0.865134944994606,0.00270998929834776,0.8259640816568,0.0230769308649953,TRUE,0.90000000061641
"bec5a244cc_t90","3pl_g20","bimodal","parametric",20,0.9,1000,1000,0.899974510417361,0.00229893321554354,0.895400033659175,0.904515119463147,0.865139437627459,0.00187302253360781,0.825688490078646,0.0165768894498665,TRUE,0.90000000061641
"bec5a244cc_t90","3pl_g20","bimodal","parametric",20,0.9,2000,1000,0.900097637064082,0.00163921048816372,0.896943819632224,0.903271660550345,0.865212329515214,0.0013646883611413,0.825944383230789,0.0120480010539942,TRUE,0.90000000061641
"bec5a244cc_t95","3pl_g20","bimodal","parametric",20,0.95,100,1000,0.949990186722017,0.0036501080625585,0.942154538277605,0.956649726052282,0.907155245903369,0.00843678592635833,0.834256897026101,0.122944761085151,TRUE,0.950000000193941
"bec5a244cc_t95","3pl_g20","bimodal","parametric",20,0.95,250,1000,0.950135912246811,0.00223779028312178,0.945346252600797,0.954282583929166,0.906926518077201,0.00567618574175668,0.800424328963549,0.174146778816951,TRUE,0.950000000193941
"bec5a244cc_t95","3pl_g20","bimodal","parametric",20,0.95,500,1000,0.950124219331615,0.00153871884534092,0.947096970573992,0.952896643177828,0.907325576122868,0.00407292608043801,0.780631289440367,0.184735817006028,TRUE,0.950000000193941
"bec5a244cc_t95","3pl_g20","bimodal","parametric",20,0.95,1000,1000,0.950211422053612,0.00111798043540259,0.948020620057358,0.952379385565638,0.906962127803209,0.00279364511445884,0.747117884614437,0.205089385649411,TRUE,0.950000000193941
"bec5a244cc_t95","3pl_g20","bimodal","parametric",20,0.95,2000,1000,0.950276427102053,0.000761363280949415,0.948819699388967,0.951743805610983,0.907211100899145,0.00195460303642034,0.692353413172917,0.243093985973323,TRUE,0.950000000193941
"c9eb5b038f_t50","rasch","normal","parametric",60,0.5,100,1000,0.497992524244374,0.0346505570292567,0.426863628351328,0.562517878254292,0.497928718135465,0.0346285507248551,0.497862962939081,0.0346141729908845,TRUE,0.500000000245043
"c9eb5b038f_t50","rasch","normal","parametric",60,0.5,250,1000,0.498663683124475,0.0225561425322078,0.452850744738675,0.542132651739689,0.498600384333411,0.0225418004859629,0.498533766559762,0.0225322464801857,TRUE,0.500000000245043
"c9eb5b038f_t50","rasch","normal","parametric",60,0.5,500,1000,0.499823203032494,0.0158009433065539,0.468258677150492,0.530488032144561,0.499759221255301,0.0157911375532719,0.499691531730118,0.0157846543334784,TRUE,0.500000000245043
"c9eb5b038f_t50","rasch","normal","parametric",60,0.5,1000,1000,0.499212164770376,0.0109779623781775,0.477584449565705,0.520770585548167,0.499149078504642,0.0109711719792107,0.499081933570036,0.0109666720301275,TRUE,0.500000000245043
"c9eb5b038f_t50","rasch","normal","parametric",60,0.5,2000,1000,0.499709103954081,0.007991650942823,0.484129361612747,0.514820179035412,0.49964568533774,0.0079864125567207,0.499578180585253,0.00798283180095264,TRUE,0.500000000245043
"c9eb5b038f_t60","rasch","normal","parametric",60,0.6,100,1000,0.598512902208797,0.0328633106738594,0.533431939610869,0.659313635520483,0.598351270252513,0.0328158947282479,0.598236184431369,0.0327960464492979,TRUE,0.600000001222374
"c9eb5b038f_t60","rasch","normal","parametric",60,0.6,250,1000,0.599540399547698,0.0206268135999012,0.557009692218631,0.63441586690376,0.599378034773452,0.020596864499934,0.599260403006494,0.0205839813703877,TRUE,0.600000001222374
"c9eb5b038f_t60","rasch","normal","parametric",60,0.6,500,1000,0.599327213734872,0.0151657382771688,0.568601435263635,0.629735718479675,0.599167022910875,0.0151436589392713,0.599050255670721,0.0151341146241066,TRUE,0.600000001222374
"c9eb5b038f_t60","rasch","normal","parametric",60,0.6,1000,1000,0.600508344134312,0.0111210082843455,0.576886639681137,0.622144206405456,0.600346486655651,0.0111050585079561,0.600228579812445,0.0110984028348526,TRUE,0.600000001222374
"c9eb5b038f_t60","rasch","normal","parametric",60,0.6,2000,1000,0.599845146134797,0.00734712239002502,0.58521906914177,0.614721702473179,0.599684333644752,0.00733587850811564,0.599566608353809,0.00733081591493218,TRUE,0.600000001222374
"c9eb5b038f_t70","rasch","normal","parametric",60,0.7,100,1000,0.696494783667245,0.0293874185181256,0.636705510504669,0.752781778297453,0.696126312865358,0.0292856022217163,0.695947438342246,0.029256038689076,TRUE,0.700000001850799
"c9eb5b038f_t70","rasch","normal","parametric",60,0.7,250,1000,0.698117066955924,0.0177327787816217,0.662115906605513,0.729403380020183,0.697749845746009,0.0176765416157173,0.697568905117327,0.0176619663556117,TRUE,0.700000001850799
"c9eb5b038f_t70","rasch","normal","parametric",60,0.7,500,1000,0.699522651560498,0.0127892727387548,0.673333126139515,0.723445631576236,0.699148748081825,0.0127470934707173,0.698964273777329,0.0127357029103637,TRUE,0.700000001850799
"c9eb5b038f_t70","rasch","normal","parametric",60,0.7,1000,1000,0.699430477908248,0.00956065136738934,0.680979113991851,0.717554471883974,0.699060051720334,0.00952954724525923,0.698877042929687,0.00952122698176785,TRUE,0.700000001850799
"c9eb5b038f_t70","rasch","normal","parametric",60,0.7,2000,1000,0.699567150745907,0.00655474840461441,0.686434326398212,0.711987742928193,0.699196749566664,0.00653267140205447,0.699013476506411,0.0065266068053383,TRUE,0.700000001850799
"c9eb5b038f_t80","rasch","normal","parametric",60,0.8,100,1000,0.797619075835972,0.0228842520045853,0.748777903026656,0.838892935430877,0.796713121065635,0.0226853524785436,0.796429406658666,0.0226504201591716,TRUE,0.800000002324857
"c9eb5b038f_t80","rasch","normal","parametric",60,0.8,250,1000,0.800048220183904,0.0134731271818725,0.772481512113561,0.824411653969853,0.799128912776319,0.0133511458497379,0.798838513033128,0.0133307160179884,TRUE,0.800000002324857
"c9eb5b038f_t80","rasch","normal","parametric",60,0.8,500,1000,0.800213825053708,0.00965400741777702,0.781342576208873,0.81834683234144,0.799288637650824,0.00956412359924316,0.79899411803168,0.00954916768621658,TRUE,0.800000002324857
"c9eb5b038f_t80","rasch","normal","parametric",60,0.8,1000,1000,0.800635424028653,0.00695969943584971,0.786399141256862,0.813611945618732,0.799712516385608,0.00689321718840903,0.799418872415046,0.00688088762521566,TRUE,0.800000002324857
"c9eb5b038f_t80","rasch","normal","parametric",60,0.8,2000,1000,0.800454393786375,0.00465072217981527,0.791316308683196,0.809929028522998,0.799531846174091,0.00460568215846617,0.799237561247098,0.00459757513794611,TRUE,0.800000002324857
"c9eb5b038f_t90","rasch","normal","parametric",60,0.9,100,1000,0.897500754863489,0.0115088373541109,0.873541722903685,0.918686173956572,0.895116038262328,0.0111045137136308,0.89466561685684,0.0110545573883637,TRUE,0.90000000225576
"c9eb5b038f_t90","rasch","normal","parametric",60,0.9,250,1000,0.898174521009257,0.00745337904055437,0.88275359256493,0.911508506814673,0.895749433218314,0.00717502767702768,0.895283911377259,0.00714083975390338,TRUE,0.90000000225576
"c9eb5b038f_t90","rasch","normal","parametric",60,0.9,500,1000,0.898432024001396,0.00531988978025499,0.887669063886871,0.908474501409496,0.896001690915385,0.00512380421404387,0.895535152554394,0.00510196264332635,TRUE,0.90000000225576
"c9eb5b038f_t90","rasch","normal","parametric",60,0.9,1000,1000,0.898899285958481,0.0037270895540807,0.891346873590486,0.906136281017224,0.896451833001115,0.00358627726507134,0.895980793146058,0.00356989410970469,TRUE,0.90000000225576
"c9eb5b038f_t90","rasch","normal","parametric",60,0.9,2000,1000,0.898809401102598,0.00255131401011598,0.89361392982396,0.903527291153757,0.896364064402366,0.00246239140851043,0.895893642083393,0.00245308875110865,TRUE,0.90000000225576
"c9eb5b038f_t95","rasch","normal","parametric",60,0.95,100,1000,0.94830002676051,0.00609669231794007,0.934288756833455,0.958567821604535,0.94457572131847,0.0055438830703314,0.944018160170177,0.00554509473309433,TRUE,0.950000000963929
"c9eb5b038f_t95","rasch","normal","parametric",60,0.95,250,1000,0.949001671967882,0.00375185788762253,0.940483356176558,0.955924113444018,0.945221333601391,0.00335691679659382,0.944659148693629,0.00333388330621946,TRUE,0.950000000963929
"c9eb5b038f_t95","rasch","normal","parametric",60,0.95,500,1000,0.949182115937623,0.00262470274935602,0.943684048417973,0.953845997867745,0.945398033435853,0.00233373816438648,0.944822925389208,0.00232150116220521,TRUE,0.950000000963929
"c9eb5b038f_t95","rasch","normal","parametric",60,0.95,1000,1000,0.949185078612565,0.00188441991266571,0.945478837722163,0.952546625497814,0.945386808390163,0.00168835262010429,0.944807767501849,0.00168493508122782,TRUE,0.950000000963929
"c9eb5b038f_t95","rasch","normal","parametric",60,0.95,2000,1000,0.949222404129545,0.00127867074684422,0.946700720267079,0.951569293944927,0.9454181945285,0.00114804405233651,0.944838296559694,0.00114105258179692,TRUE,0.950000000963929
"cae4d8ac21_t50","rasch","bimodal","parametric",60,0.5,100,1000,0.499465779773536,0.025975111456794,0.445967422959376,0.548077530667006,0.499427999072826,0.0259669175076618,0.499389603479352,0.0259623508690898,TRUE,0.500000000141745
"cae4d8ac21_t50","rasch","bimodal","parametric",60,0.5,250,1000,0.498458974825941,0.0171776449914864,0.465475176158337,0.531416444587703,0.498421741126431,0.0171720251322736,0.49838339504478,0.0171687748779671,TRUE,0.500000000141745
"cae4d8ac21_t50","rasch","bimodal","parametric",60,0.5,500,1000,0.49961527828784,0.0122886592868628,0.47671919374978,0.524181507246861,0.499577553164194,0.0122846347996732,0.499538699125914,0.012282339352108,TRUE,0.500000000141745
"cae4d8ac21_t50","rasch","bimodal","parametric",60,0.5,1000,1000,0.4997188695293,0.00820078723602216,0.483728936339825,0.515317804925905,0.499681052053242,0.00819803419034512,0.499642029274327,0.00819644283197598,TRUE,0.500000000141745
"cae4d8ac21_t50","rasch","bimodal","parametric",60,0.5,2000,1000,0.49967045783769,0.0059093003441518,0.487793832648117,0.511026261421727,0.499632843488778,0.00590733447194921,0.499593995913759,0.005906202253497,TRUE,0.500000000141745
"cae4d8ac21_t60","rasch","bimodal","parametric",60,0.6,100,1000,0.597175879458714,0.0256373130710424,0.544761666831721,0.646244787412189,0.597081557506592,0.0256185258665568,0.597016038748548,0.0256121429740442,TRUE,0.600000001021131
"cae4d8ac21_t60","rasch","bimodal","parametric",60,0.6,250,1000,0.598416382204088,0.0166074886235567,0.564266079947981,0.629395899587445,0.598321274785778,0.0165950149059484,0.598254829717678,0.0165907223580058,TRUE,0.600000001021131
"cae4d8ac21_t60","rasch","bimodal","parametric",60,0.6,500,1000,0.598513694981205,0.0111700046991312,0.575639501928292,0.619158117794042,0.598418567081641,0.0111613956842862,0.598351874912963,0.0111583349803776,TRUE,0.600000001021131
"cae4d8ac21_t60","rasch","bimodal","parametric",60,0.6,1000,1000,0.599844873194182,0.00797204477042947,0.583966120646657,0.615263922038007,0.599748935505363,0.00796593349577976,0.599681935696618,0.0079638079129953,TRUE,0.600000001021131
"cae4d8ac21_t60","rasch","bimodal","parametric",60,0.6,2000,1000,0.599393778392075,0.00565996957824137,0.588041956056681,0.610495522622838,0.599298196396718,0.00565562570774111,0.599231259593478,0.00565411346627553,TRUE,0.600000001021131
"cae4d8ac21_t70","rasch","bimodal","parametric",60,0.7,100,1000,0.699068390838313,0.0213588429188276,0.654299084500419,0.739660070652503,0.698840675274222,0.0213228809387322,0.698736745176573,0.0213165883428973,TRUE,0.700000000619684
"cae4d8ac21_t70","rasch","bimodal","parametric",60,0.7,250,1000,0.700524758292851,0.0142166708471769,0.672313815699278,0.728675123622166,0.700294384486696,0.0141926747712473,0.700189100828542,0.0141887201789351,TRUE,0.700000000619684
"cae4d8ac21_t70","rasch","bimodal","parametric",60,0.7,500,1000,0.70092176084358,0.0101382244411609,0.680327449998166,0.72077336978928,0.700688559823994,0.0101197789312794,0.700581730536556,0.0101162314911974,TRUE,0.700000000619684
"cae4d8ac21_t70","rasch","bimodal","parametric",60,0.7,1000,1000,0.701376375338215,0.00701050786645825,0.68733434610666,0.715313145261555,0.701143403214864,0.00699826230014958,0.701036718336802,0.00699610179847128,TRUE,0.700000000619684
"cae4d8ac21_t70","rasch","bimodal","parametric",60,0.7,2000,1000,0.701365611449546,0.00479919507986821,0.692013334764028,0.710680713460901,0.701132752695641,0.00479079914940131,0.701026059100335,0.00478929079434765,TRUE,0.700000000619684
"cae4d8ac21_t80","rasch","bimodal","parametric",60,0.8,100,1000,0.799018383643347,0.0171884733206048,0.763854609409601,0.827678038679181,0.798468676652702,0.0171124078735044,0.798314755089535,0.0171054188501835,TRUE,0.800000003546705
"cae4d8ac21_t80","rasch","bimodal","parametric",60,0.8,250,1000,0.799316436392921,0.0101591207401927,0.778855170540873,0.818384950522013,0.798760558825012,0.010111705074192,0.798603351537661,0.010107225342434,TRUE,0.800000003546705
"cae4d8ac21_t80","rasch","bimodal","parametric",60,0.8,500,1000,0.800082986558525,0.00743941859235791,0.785202963380652,0.813854580705928,0.799519511560537,0.00740370910961231,0.79936018702958,0.00740028713423387,TRUE,0.800000003546705
"cae4d8ac21_t80","rasch","bimodal","parametric",60,0.8,1000,1000,0.80016463891323,0.00524079064468011,0.789290532244648,0.81000862257232,0.799600229928764,0.00521548419323352,0.799440280691687,0.00521301175246743,TRUE,0.800000003546705
"cae4d8ac21_t80","rasch","bimodal","parametric",60,0.8,2000,1000,0.800220171544436,0.00369195140081211,0.792941127966097,0.80733999347916,0.799658719720777,0.00367434601189073,0.799499868448662,0.00367275053473903,TRUE,0.800000003546705
"cae4d8ac21_t90","rasch","bimodal","parametric",60,0.9,100,1000,0.899810846237832,0.00883409784536843,0.88070960429673,0.916032277011567,0.898480205735528,0.00869272831758433,0.8982911539548,0.00868752162026841,TRUE,0.900000000256855
"cae4d8ac21_t90","rasch","bimodal","parametric",60,0.9,250,1000,0.899833208455941,0.00555095675312265,0.888853314408858,0.910191812278973,0.898488334253601,0.00545981099893146,0.898294379368654,0.00545688702549081,TRUE,0.900000000256855
"cae4d8ac21_t90","rasch","bimodal","parametric",60,0.9,500,1000,0.9002671598922,0.00385463611802039,0.892979386538039,0.907564042670028,0.898912538564257,0.0037845901660094,0.898717275000908,0.00378101860586374,TRUE,0.900000000256855
"cae4d8ac21_t90","rasch","bimodal","parametric",60,0.9,1000,1000,0.900321394975036,0.00268790130118728,0.894766062899243,0.905109340353344,0.898968508520359,0.00264020947412777,0.898773600821578,0.00263793850580295,TRUE,0.900000000256855
"cae4d8ac21_t90","rasch","bimodal","parametric",60,0.9,2000,1000,0.90036885603235,0.00197252930157613,0.896374059795893,0.904376204838029,0.899014347182581,0.00193952873649715,0.898819026610469,0.00193856198323531,TRUE,0.900000000256855
"cae4d8ac21_t95","rasch","bimodal","parametric",60,0.95,100,1000,0.949395477926856,0.00436036684240406,0.939917800695288,0.956871287837031,0.946901439703657,0.0040768556602753,0.946667098403761,0.00406444081028375,TRUE,0.950000000601849
"cae4d8ac21_t95","rasch","bimodal","parametric",60,0.95,250,1000,0.94956007175213,0.00274966542320919,0.943894757415537,0.95444306256716,0.947059697093449,0.00255115686546027,0.94682077381496,0.00253811354485142,TRUE,0.950000000601849
"cae4d8ac21_t95","rasch","bimodal","parametric",60,0.95,500,1000,0.949814157992562,0.0017686828365753,0.946461563857944,0.953265026688416,0.947310631243273,0.00165619309464558,0.947072801838244,0.00165396729355324,TRUE,0.950000000601849
"cae4d8ac21_t95","rasch","bimodal","parametric",60,0.95,1000,1000,0.949638731883704,0.00141721206439838,0.946722547595058,0.952296654891387,0.947127053137182,0.00132527760853706,0.94688602232141,0.00132204958898742,TRUE,0.950000000601849
"cae4d8ac21_t95","rasch","bimodal","parametric",60,0.95,2000,1000,0.949843737071583,0.000934406777614702,0.948004421433156,0.951698279187824,0.947318198011987,0.000873144421449654,0.947074639904987,0.000870473458979593,TRUE,0.950000000601849
"d2798548f9_t50","3pl_g20","heavy_tail","parametric",10,0.5,100,1000,0.497186223742306,0.053826191424666,0.39640278282602,0.611798836372921,0.491508114397606,0.0511709552541774,0.439646114348847,0.0896972437994428,FALSE,0.500000000979867
"d2798548f9_t50","3pl_g20","heavy_tail","parametric",10,0.5,250,1000,0.502010957616531,0.0371191432713789,0.435799670291689,0.583143660649003,0.496430891764411,0.0354484375942808,0.416664176338449,0.114432116481453,FALSE,0.500000000979867
"d2798548f9_t50","3pl_g20","heavy_tail","parametric",10,0.5,500,1000,0.50214872114786,0.0253271683843359,0.456498004183792,0.559421715948389,0.496659105444401,0.0242218667238117,0.4026671359096,0.120406557980341,FALSE,0.500000000979867
"d2798548f9_t50","3pl_g20","heavy_tail","parametric",10,0.5,1000,1000,0.503391476488347,0.0187243227056297,0.468794454399981,0.542512226197627,0.497886010990364,0.0179142497519754,0.366254787680427,0.14037024946358,FALSE,0.500000000979867
"d2798548f9_t50","3pl_g20","heavy_tail","parametric",10,0.5,2000,1000,0.503692970809988,0.013795886037234,0.479942821335384,0.533986377646112,0.498205086817131,0.0132089945074125,0.31102599680324,0.160278678523155,FALSE,0.500000000979867
"d2798548f9_t60","3pl_g20","heavy_tail","parametric",10,0.6,100,1000,0.591486121076167,0.0483653274183996,0.504601659951007,0.688372757299991,0.578048555490225,0.0437080341658028,0.492230943844012,0.0935992930266363,FALSE,0.600000001765581
"d2798548f9_t60","3pl_g20","heavy_tail","parametric",10,0.6,250,1000,0.596709399986715,0.0361639801232488,0.531442802805157,0.67459020763894,0.583510466412626,0.033360890593991,0.46481587832226,0.113778582225859,FALSE,0.600000001765581
"d2798548f9_t60","3pl_g20","heavy_tail","parametric",10,0.6,500,1000,0.598484081596968,0.0248666647208409,0.553743250429679,0.651724297570443,0.585136787506165,0.0228914621879772,0.452490277109237,0.106099890875181,FALSE,0.600000001765581
"d2798548f9_t60","3pl_g20","heavy_tail","parametric",10,0.6,1000,1000,0.599074902270821,0.0184072136977012,0.564618972427424,0.639116544529469,0.58575788912337,0.0169108692828093,0.434985245037668,0.109040166444495,FALSE,0.600000001765581
"d2798548f9_t60","3pl_g20","heavy_tail","parametric",10,0.6,2000,1000,0.599035836464764,0.0136732129678591,0.57417403692635,0.627368912707999,0.585806541614895,0.0126758002367498,0.403302163876545,0.120458311458849,FALSE,0.600000001765581
"d2798548f9_t70","3pl_g20","heavy_tail","parametric",10,0.7,100,1000,0.6841034509921,0.0452380616335666,0.599827069244845,0.78631033258097,0.669182603958268,0.0397002700232099,0.477025456808351,0.198139661997216,FALSE,0.700000000268766
"d2798548f9_t70","3pl_g20","heavy_tail","parametric",10,0.7,250,1000,0.689728464500863,0.0294721547439521,0.633504223172854,0.752418124448174,0.674721486995896,0.0259090328205158,0.382288094084764,0.219016309413497,FALSE,0.700000000268766
"d2798548f9_t70","3pl_g20","heavy_tail","parametric",10,0.7,500,1000,0.693835526404293,0.0215805980321403,0.654554007809807,0.736862359726541,0.67862161765412,0.0191813989216841,0.291693543020741,0.214548254582818,FALSE,0.700000000268766
"d2798548f9_t70","3pl_g20","heavy_tail","parametric",10,0.7,1000,1000,0.694625957558826,0.0166086287042288,0.664730076231427,0.7294602582991,0.679463517156148,0.0149113971667132,0.204543618085996,0.190017486720288,FALSE,0.700000000268766
"d2798548f9_t70","3pl_g20","heavy_tail","parametric",10,0.7,2000,1000,0.694801773711689,0.0119383824953301,0.673034221698765,0.719195304478009,0.6796585217848,0.010784203519892,0.129782026090099,0.146873300624198,FALSE,0.700000000268766
"d2798548f9_t80","3pl_g20","heavy_tail","parametric",10,0.8,100,1000,0.795579111686443,0.0328616777366429,0.731605545362243,0.861512986224352,0.757116658740558,0.025908419923642,0.433955965817488,0.233438396205777,FALSE,0.800000001271424
"d2798548f9_t80","3pl_g20","heavy_tail","parametric",10,0.8,250,1000,0.798772468633462,0.0222660585939703,0.75732108540663,0.845930210802487,0.760248466335613,0.0182196026214577,0.326772383745651,0.231065004744018,FALSE,0.800000001271424
"d2798548f9_t80","3pl_g20","heavy_tail","parametric",10,0.8,500,1000,0.802118491808707,0.0158143456241128,0.772593876427246,0.834888623015967,0.762867029881559,0.0129528656066628,0.225991907978414,0.198993141508661,FALSE,0.800000001271424
"d2798548f9_t80","3pl_g20","heavy_tail","parametric",10,0.8,1000,1000,0.802315816854164,0.0112961816495457,0.783032686866793,0.826710922279107,0.763367200293035,0.00948896547374142,0.146564264449484,0.160071961318416,FALSE,0.800000001271424
"d2798548f9_t80","3pl_g20","heavy_tail","parametric",10,0.8,2000,1000,0.802576386876014,0.00929923477935395,0.787017583432562,0.821111261421594,0.763684413902362,0.00813120078956035,0.0810409825311451,0.107510674721344,FALSE,0.800000001271424
"d2798548f9_t90","3pl_g20","heavy_tail","parametric",10,0.9,100,1000,0.895180218777116,0.0177533161072032,0.860895320508655,0.930118392397322,0.822774913503709,0.0139957056221036,0.0354238837582852,0.124464000533021,FALSE,0.90000000094725
"d2798548f9_t90","3pl_g20","heavy_tail","parametric",10,0.9,250,1000,0.897897366393622,0.0121094081100406,0.875683561483494,0.923348881114619,0.82632086053587,0.0106518532097553,0.000895123247676822,0.00833639969698,FALSE,0.90000000094725
"d2798548f9_t90","3pl_g20","heavy_tail","parametric",10,0.9,500,1000,0.899078613531437,0.00925455200164375,0.881912973160646,0.91900667099401,0.827223009237539,0.007548767445853,3.47860052441105e-05,0.000235430901285633,FALSE,0.90000000094725
"d2798548f9_t90","3pl_g20","heavy_tail","parametric",10,0.9,1000,1000,0.899712724991915,0.00679747456231681,0.886956682351113,0.914704140039156,0.827809967314565,0.00584662747625964,3.23514094595448e-06,2.66203390634306e-05,FALSE,0.90000000094725
"d2798548f9_t90","3pl_g20","heavy_tail","parametric",10,0.9,2000,1000,0.899784783245179,0.00496405096854328,0.890902051585328,0.909923612456358,0.82773061692507,0.00460834739589861,1.43564360166989e-07,8.92091449363237e-07,FALSE,0.90000000094725
"d41c681147_t50","2pl","normal","parametric",10,0.5,100,1000,0.495828604317368,0.0318034416119461,0.4322027965581,0.5549689152198,0.493581728158901,0.0311852295878613,0.490499475889588,0.0306179231006143,TRUE,0.500000000816217
"d41c681147_t50","2pl","normal","parametric",10,0.5,250,1000,0.497862293636771,0.0205120795149644,0.454559117012703,0.535699595826713,0.495616587697039,0.0201006381902531,0.4925135178764,0.0197026792111797,TRUE,0.500000000816217
"d41c681147_t50","2pl","normal","parametric",10,0.5,500,1000,0.498549631239477,0.0146245018268107,0.46753505873626,0.525708475266427,0.496290523822064,0.0143364575891245,0.493138068359728,0.0140661154481587,TRUE,0.500000000816217
"d41c681147_t50","2pl","normal","parametric",10,0.5,1000,1000,0.499051687829938,0.0103278782110082,0.479225941774502,0.518506822659006,0.496793490990877,0.0101226989928225,0.493642418017992,0.00993262271055173,TRUE,0.500000000816217
"d41c681147_t50","2pl","normal","parametric",10,0.5,2000,1000,0.498994471720653,0.00729311200647773,0.484460048298605,0.513205978721946,0.496736367871647,0.00714241299165698,0.493581847066675,0.00699320380279356,TRUE,0.500000000816217
"d41c681147_t60","2pl","normal","parametric",10,0.6,100,1000,0.595844245450723,0.0316867663582589,0.533632469228111,0.654622757769555,0.589500200821978,0.030445215614496,0.582451859889731,0.0295702299828715,TRUE,0.600000001636082
"d41c681147_t60","2pl","normal","parametric",10,0.6,250,1000,0.595745215158499,0.020023009274913,0.55647850668937,0.635633194803491,0.589458750873985,0.0192284187611482,0.582392313781498,0.0186674068926789,TRUE,0.600000001636082
"d41c681147_t60","2pl","normal","parametric",10,0.6,500,1000,0.596539158050598,0.0144803230518936,0.568296107028513,0.624018515190975,0.590186891646796,0.0138968532491149,0.583042728503328,0.0135023376476906,TRUE,0.600000001636082
"d41c681147_t60","2pl","normal","parametric",10,0.6,1000,1000,0.597082246694974,0.0101435383439133,0.577564658684298,0.616361960058322,0.590744815731686,0.00973284102322898,0.583603880104193,0.00946730310116317,TRUE,0.600000001636082
"d41c681147_t60","2pl","normal","parametric",10,0.6,2000,1000,0.59707707379031,0.00726076654066779,0.583407604881952,0.612205416170279,0.590731876925891,0.00698075044733537,0.583558412192237,0.0067954401841851,TRUE,0.600000001636082
"d41c681147_t70","2pl","normal","parametric",10,0.7,100,1000,0.699127956119626,0.0245945893791892,0.647362374041941,0.743502843537282,0.690479672797676,0.0227682138919778,0.682932087998627,0.0215460482598483,TRUE,0.700000001907618
"d41c681147_t70","2pl","normal","parametric",10,0.7,250,1000,0.700027784848802,0.0163485300433592,0.66606268575977,0.730084604059938,0.691273757377543,0.015069769457755,0.683488510966286,0.0141811203079816,TRUE,0.700000001907618
"d41c681147_t70","2pl","normal","parametric",10,0.7,500,1000,0.701050413892156,0.0112374566343881,0.678295975183486,0.722151531911308,0.692256802357769,0.0103458746332292,0.68434701470185,0.0097208623664979,TRUE,0.700000001907618
"d41c681147_t70","2pl","normal","parametric",10,0.7,1000,1000,0.701065236796053,0.00834563654727428,0.685628491103298,0.717040531000873,0.692291661800316,0.00767491382131099,0.684415534745338,0.00717204786020829,TRUE,0.700000001907618
"d41c681147_t70","2pl","normal","parametric",10,0.7,2000,1000,0.701280899740584,0.00578793251098714,0.689951400351074,0.712599536194497,0.692489626149837,0.00532940523767435,0.684543750868503,0.00501867835632317,TRUE,0.700000001907618
"d41c681147_t80","2pl","normal","parametric",10,0.8,100,1000,0.795732273686135,0.0193588461676181,0.755489444980434,0.831157346648457,0.770255734167942,0.0153032189798853,0.749844897325939,0.0141555957441629,TRUE,0.80000000072117
"d41c681147_t80","2pl","normal","parametric",10,0.8,250,1000,0.798161503226595,0.0113167051592925,0.775175873994599,0.818736151716304,0.772369755369178,0.00888475823541444,0.751309496926642,0.00853545505682547,TRUE,0.80000000072117
"d41c681147_t80","2pl","normal","parametric",10,0.8,500,1000,0.79868583244685,0.00819715719894814,0.781727961557025,0.813731801114441,0.77284933229291,0.00639055675840145,0.751333369106452,0.00618467164159862,TRUE,0.80000000072117
"d41c681147_t80","2pl","normal","parametric",10,0.8,1000,1000,0.798741588242973,0.00592904164343745,0.786929565403103,0.810111532058793,0.772929200636163,0.00460323695354239,0.751710517322405,0.00432467920501686,TRUE,0.80000000072117
"d41c681147_t80","2pl","normal","parametric",10,0.8,2000,1000,0.798711404521289,0.00415890610762905,0.790536146871286,0.806773452637597,0.772916876407076,0.00326128894209583,0.75156529913646,0.00317269536236208,TRUE,0.80000000072117
"d41c681147_t90","2pl","normal","parametric",10,0.9,100,1000,0.898855810627205,0.0106292657391728,0.87487896174354,0.916937248770908,0.857603130190985,0.00912809761184174,0.810597417308309,0.0694753959380564,TRUE,0.900000000639645
"d41c681147_t90","2pl","normal","parametric",10,0.9,250,1000,0.900638478488853,0.00660893939797794,0.887087674063027,0.913517622030574,0.858881213747905,0.00527777110893234,0.803146817518157,0.0663401209193604,TRUE,0.900000000639645
"d41c681147_t90","2pl","normal","parametric",10,0.9,500,1000,0.900887604290979,0.00458969356178161,0.891305897872103,0.909598638680322,0.859180752825668,0.00382336232623858,0.80013165347067,0.061759771247601,TRUE,0.900000000639645
"d41c681147_t90","2pl","normal","parametric",10,0.9,1000,1000,0.901045405878028,0.00320105857760253,0.894673229998617,0.907297020283074,0.859304523181304,0.00267836942925545,0.794264804611642,0.056547367988369,TRUE,0.900000000639645
"d41c681147_t90","2pl","normal","parametric",10,0.9,2000,1000,0.901134410967601,0.00230283324614524,0.896592678191251,0.905491916525788,0.859360356874178,0.00187249754015609,0.792139853384294,0.0439717299912885,TRUE,0.900000000639645
"d41c681147_t95","2pl","normal","parametric",10,0.95,100,1000,0.948808642252541,0.00627398554215416,0.935823044011445,0.959349697333379,0.916348810702064,0.00758504435164573,0.854195571497041,0.155177318411731,TRUE,0.950000000376947
"d41c681147_t95","2pl","normal","parametric",10,0.95,250,1000,0.949465773613755,0.00397052174864538,0.941244456937537,0.956251771419443,0.917003539277441,0.00493402893098852,0.82674069813369,0.167058956569349,TRUE,0.950000000376947
"d41c681147_t95","2pl","normal","parametric",10,0.95,500,1000,0.949568644121088,0.00263934774648219,0.944361519882018,0.954486212603616,0.916858323317844,0.00327031068584577,0.781332016029599,0.21056828850468,TRUE,0.950000000376947
"d41c681147_t95","2pl","normal","parametric",10,0.95,1000,1000,0.949824292503468,0.00195871357274555,0.945816416477557,0.953508085315845,0.917293363754122,0.00231804418978283,0.763879358863545,0.199697626677423,TRUE,0.950000000376947
"d41c681147_t95","2pl","normal","parametric",10,0.95,2000,1000,0.949765324646975,0.00136200965830904,0.946973756424359,0.952238965865455,0.917206368501071,0.00165839154085233,0.722480142770545,0.217655257654356,TRUE,0.950000000376947
"d4e15da8e2_t50","2pl","normal","irw",60,0.5,100,1000,0.501265853092325,0.0334784357573879,0.435867103462629,0.565833206040817,0.501121269924766,0.0334372005800601,0.500969322331494,0.033412357236016,TRUE,0.500000000270535
"d4e15da8e2_t50","2pl","normal","irw",60,0.5,250,1000,0.5018103687628,0.0211678505020051,0.45892449494201,0.541331562719939,0.501665889143976,0.0211415404969517,0.501511282627309,0.0211252681116431,TRUE,0.500000000270535
"d4e15da8e2_t50","2pl","normal","irw",60,0.5,500,1000,0.502649754010376,0.0152782569367182,0.471815704345132,0.532277344180859,0.502505926611789,0.0152588090621028,0.502351853881864,0.0152466258062011,TRUE,0.500000000270535
"d4e15da8e2_t50","2pl","normal","irw",60,0.5,1000,1000,0.502411237276692,0.0111690970218966,0.479867519555021,0.523272859651956,0.502266157131239,0.0111542605622165,0.502109747040132,0.01114455437368,TRUE,0.500000000270535
"d4e15da8e2_t50","2pl","normal","irw",60,0.5,2000,1000,0.502647116137586,0.00761941350940678,0.487842573917813,0.518491830634814,0.502502508140711,0.00760948841647229,0.502346545007437,0.00760316391926473,TRUE,0.500000000270535
"d4e15da8e2_t60","2pl","normal","irw",60,0.6,100,1000,0.593770050987379,0.0350563627489472,0.525399741852154,0.660083330032846,0.593549546599994,0.0350080986646033,0.593389965857165,0.0349936893854617,TRUE,0.600000000748751
"d4e15da8e2_t60","2pl","normal","irw",60,0.6,250,1000,0.598170131252011,0.0211392200128971,0.556728501850761,0.637555596710081,0.597942965544425,0.0211104441827395,0.597778508996182,0.0211026725508645,TRUE,0.600000000748751
"d4e15da8e2_t60","2pl","normal","irw",60,0.6,500,1000,0.598357787797591,0.0153414502193421,0.5680850847497,0.626730792806524,0.598131690658567,0.015320817369014,0.597967645996912,0.0153154515940128,TRUE,0.600000000748751
"d4e15da8e2_t60","2pl","normal","irw",60,0.6,1000,1000,0.598515714549494,0.0106755445489492,0.577711438491772,0.619238848195357,0.598289894427023,0.0106603259608076,0.598125788548022,0.0106558279801688,TRUE,0.600000000748751
"d4e15da8e2_t60","2pl","normal","irw",60,0.6,2000,1000,0.598676268841149,0.00743275868726337,0.583570645950865,0.61245922618986,0.598450159053568,0.00742265042741988,0.598285733458983,0.00741999690657862,TRUE,0.600000000748751
"d4e15da8e2_t70","2pl","normal","irw",60,0.7,100,1000,0.699147492268057,0.0287468217616957,0.640282690036605,0.755174809334038,0.698246676282648,0.0285461048435117,0.697786019318115,0.0284947871162382,TRUE,0.700000000650336
"d4e15da8e2_t70","2pl","normal","irw",60,0.7,250,1000,0.700079018716988,0.0177758818981986,0.661475851405117,0.73063201854863,0.699186367432969,0.0176486688143453,0.698725591650092,0.0176139354527079,TRUE,0.700000000650336
"d4e15da8e2_t70","2pl","normal","irw",60,0.7,500,1000,0.700738022681235,0.0127425105689993,0.673853410207833,0.724903821957052,0.699846400948167,0.0126503434546582,0.699385948623766,0.012625947933716,TRUE,0.700000000650336
"d4e15da8e2_t70","2pl","normal","irw",60,0.7,1000,1000,0.700824418754311,0.00883266037042329,0.683851191169628,0.717886235210392,0.699930731691445,0.00876832300201476,0.699467653181732,0.00875192117242348,TRUE,0.700000000650336
"d4e15da8e2_t70","2pl","normal","irw",60,0.7,2000,1000,0.701087874043824,0.00625781152731128,0.688984776656562,0.712683251157938,0.700190624400976,0.00621090938486759,0.699725128963846,0.00619795956194512,TRUE,0.700000000650336
"d4e15da8e2_t80","2pl","normal","irw",60,0.8,100,1000,0.799204740698189,0.0214667168948727,0.753493106995409,0.83600675079494,0.798011415903412,0.0212192158071966,0.797628768981443,0.0211743162371689,TRUE,0.800000000548672
"d4e15da8e2_t80","2pl","normal","irw",60,0.8,250,1000,0.800138533942429,0.0132897270438173,0.773064056294618,0.823522581013499,0.79893864784357,0.013135550203551,0.798547650046907,0.0131103769545816,TRUE,0.800000000548672
"d4e15da8e2_t80","2pl","normal","irw",60,0.8,500,1000,0.800481985230671,0.00971994639019389,0.780010567177188,0.819514423247506,0.799272816825258,0.00960006378964032,0.798875972853205,0.00957858775660302,TRUE,0.800000000548672
"d4e15da8e2_t80","2pl","normal","irw",60,0.8,1000,1000,0.800330594505241,0.00664601473483251,0.787469028990826,0.812659565334171,0.799124028353761,0.00656694115966487,0.798726050915393,0.00655319626732718,TRUE,0.800000000548672
"d4e15da8e2_t80","2pl","normal","irw",60,0.8,2000,1000,0.800432418298567,0.00460696295641419,0.791021306756315,0.809788070660125,0.799228044462317,0.00454960603097437,0.798831096949422,0.00453890240821533,TRUE,0.800000000548672
"d4e15da8e2_t90","2pl","normal","irw",60,0.9,100,1000,0.89783715527688,0.0122945723458632,0.871176261993478,0.918874257944505,0.895229434351184,0.011998892937428,0.894777670162148,0.0119882048485065,TRUE,0.900000001030194
"d4e15da8e2_t90","2pl","normal","irw",60,0.9,250,1000,0.898890918474507,0.00773742559885714,0.881230301512034,0.912821123289401,0.896236075023036,0.00755487840202536,0.895766871941873,0.0075469015411456,TRUE,0.900000001030194
"d4e15da8e2_t90","2pl","normal","irw",60,0.9,500,1000,0.899210595168169,0.00517274721453327,0.88908514881027,0.908749588982488,0.896562368066668,0.00503221105935628,0.896097354386185,0.00502290617098151,TRUE,0.900000001030194
"d4e15da8e2_t90","2pl","normal","irw",60,0.9,1000,1000,0.899363086127738,0.00371421728466583,0.891664553471259,0.906356048082385,0.896711087215909,0.00362575693647593,0.896244835573167,0.0036227683567544,TRUE,0.900000001030194
"d4e15da8e2_t90","2pl","normal","irw",60,0.9,2000,1000,0.899531502447767,0.00259764908418367,0.894275478142858,0.904431353728263,0.89687876945485,0.00253426538465003,0.896411282355469,0.00253167875803802,TRUE,0.900000001030194
"d4e15da8e2_t95","2pl","normal","irw",60,0.95,100,1000,0.949280235120821,0.0057264133560296,0.936470864142364,0.958843881726438,0.940295480789558,0.00446330416633781,0.938615119015658,0.00437956316932142,TRUE,0.950000000555134
"d4e15da8e2_t95","2pl","normal","irw",60,0.95,250,1000,0.949644380692559,0.00335179955164537,0.943154096188129,0.955884484484412,0.940588801116825,0.00255904459363098,0.938848100068588,0.0025356638901068,TRUE,0.950000000555134
"d4e15da8e2_t95","2pl","normal","irw",60,0.95,500,1000,0.949822537550752,0.00237504516773453,0.944666717172961,0.954134789240064,0.940704990301285,0.00181545459290558,0.938924738179987,0.00179808253256971,TRUE,0.950000000555134
"d4e15da8e2_t95","2pl","normal","irw",60,0.95,1000,1000,0.949806960360144,0.00176601935850434,0.946380285284681,0.953188807892015,0.940693918129275,0.00135215557018271,0.938898643264726,0.00133141448361145,TRUE,0.950000000555134
"d4e15da8e2_t95","2pl","normal","irw",60,0.95,2000,1000,0.949869864018025,0.00124037257897262,0.947369545469727,0.952119568103936,0.940752702813742,0.000938065672749746,0.938954540427105,0.000924910366348651,TRUE,0.950000000555134
"d76fb115fe_t50","3pl_g20","skew_pos","irw",10,0.5,100,1000,0.49374872443313,0.0437154359887608,0.409122903738692,0.580140504274308,0.492303383417985,0.0429096035927699,0.488805928379919,0.0403820597540223,TRUE,0.5000000008222
"d76fb115fe_t50","3pl_g20","skew_pos","irw",10,0.5,250,1000,0.498052118893449,0.0278678505132549,0.445094569769825,0.554553360508081,0.496600617306268,0.0273353430737176,0.492442817642332,0.0252287818439111,TRUE,0.5000000008222
"d76fb115fe_t50","3pl_g20","skew_pos","irw",10,0.5,500,1000,0.497703521838607,0.0199100104795373,0.457420205841268,0.537819912609221,0.496287773818805,0.0195359025363757,0.492157182972826,0.0181310871356921,TRUE,0.5000000008222
"d76fb115fe_t50","3pl_g20","skew_pos","irw",10,0.5,1000,1000,0.497962430920476,0.0140575463896429,0.470783891746975,0.525653539429115,0.496546975073747,0.0138042088699041,0.49214306146174,0.0128362062168391,TRUE,0.5000000008222
"d76fb115fe_t50","3pl_g20","skew_pos","irw",10,0.5,2000,1000,0.498501451664686,0.0100131839426167,0.479109447377945,0.517986476605129,0.497076711021295,0.0098319632791578,0.492718886888366,0.00910172450055246,TRUE,0.5000000008222
"d76fb115fe_t60","3pl_g20","skew_pos","irw",10,0.6,100,1000,0.597001828534534,0.0416170425685082,0.512016815826423,0.672544960905017,0.570184556519889,0.0381904643001958,0.54265372159734,0.0346895679978254,TRUE,0.600000001152678
"d76fb115fe_t60","3pl_g20","skew_pos","irw",10,0.6,250,1000,0.598165383097306,0.0265286988089846,0.546370406999571,0.650222846915451,0.57115320422007,0.024464075700969,0.543247258565714,0.0228677283820726,TRUE,0.600000001152678
"d76fb115fe_t60","3pl_g20","skew_pos","irw",10,0.6,500,1000,0.598925065777697,0.018908011307954,0.560957804548446,0.635261156628578,0.571850350746443,0.0174058153044875,0.544085255290102,0.0157105451902719,TRUE,0.600000001152678
"d76fb115fe_t60","3pl_g20","skew_pos","irw",10,0.6,1000,1000,0.600660507875222,0.0133765565099689,0.572776887096567,0.625970062373952,0.573427489028475,0.0123187771605126,0.545514402359896,0.0108163308008404,TRUE,0.600000001152678
"d76fb115fe_t60","3pl_g20","skew_pos","irw",10,0.6,2000,1000,0.59998310418113,0.00949368599595277,0.581725386340913,0.618710171124202,0.572816199383637,0.00876664140283022,0.544699649200317,0.00786225193385473,TRUE,0.600000001152678
"d76fb115fe_t70","3pl_g20","skew_pos","irw",10,0.7,100,1000,0.690159575127152,0.0378511214762528,0.612465012798189,0.764136168240681,0.675893448073801,0.0340778660466565,0.631121193595499,0.0590359494504719,TRUE,0.700000000808693
"d76fb115fe_t70","3pl_g20","skew_pos","irw",10,0.7,250,1000,0.692712691204666,0.024916616785604,0.642942812593971,0.739719026259984,0.678441192415522,0.0224240213122479,0.61862087156288,0.0659475502796335,TRUE,0.700000000808693
"d76fb115fe_t70","3pl_g20","skew_pos","irw",10,0.7,500,1000,0.692641933276638,0.0168703141343307,0.660392709389585,0.727548771598845,0.678480531093928,0.0152260396442705,0.616443975666663,0.0640878716092117,TRUE,0.700000000808693
"d76fb115fe_t70","3pl_g20","skew_pos","irw",10,0.7,1000,1000,0.693651979064009,0.0120752773855267,0.669228173799613,0.715773326634785,0.679484290113604,0.0108935655975664,0.607157964072211,0.0625876511178657,TRUE,0.700000000808693
"d76fb115fe_t70","3pl_g20","skew_pos","irw",10,0.7,2000,1000,0.693669531293304,0.00902551539659695,0.675903281495187,0.710249654623367,0.679526310449381,0.00813360930774989,0.605764866445633,0.0583869279867393,TRUE,0.700000000808693
"d76fb115fe_t80","3pl_g20","skew_pos","irw",10,0.8,100,1000,0.797091543118088,0.0260131465264141,0.741383130018398,0.844848952082452,0.765938295262643,0.0185508778430049,0.606145778845259,0.146692447284926,TRUE,0.800000000580367
"d76fb115fe_t80","3pl_g20","skew_pos","irw",10,0.8,250,1000,0.79942733994033,0.0161724699664452,0.766866953999088,0.829760802725631,0.768559675378029,0.0118284778649575,0.56121768780044,0.149296611616106,TRUE,0.800000000580367
"d76fb115fe_t80","3pl_g20","skew_pos","irw",10,0.8,500,1000,0.800014131188284,0.0117299904971535,0.776437952862748,0.822339543628106,0.769067722445258,0.00838831542319606,0.537978660454557,0.142850552912337,TRUE,0.800000000580367
"d76fb115fe_t80","3pl_g20","skew_pos","irw",10,0.8,1000,1000,0.800846208762604,0.00841984984002103,0.785172133562656,0.816993944816863,0.769744584425233,0.00606671848102957,0.513135879846752,0.131934287574484,TRUE,0.800000000580367
"d76fb115fe_t80","3pl_g20","skew_pos","irw",10,0.8,2000,1000,0.801164089209148,0.00582774332927877,0.789242325491924,0.812444567060076,0.770132884192075,0.00419048996176889,0.478306503880344,0.126728510760878,TRUE,0.800000000580367
"d76fb115fe_t90","3pl_g20","skew_pos","irw",10,0.9,100,1000,0.898023946739845,0.0139868366123676,0.870371373558469,0.924382860727465,0.761031293189277,0.0190993747707336,0.142593248839663,0.12168710023548,TRUE,0.900000000281905
"d76fb115fe_t90","3pl_g20","skew_pos","irw",10,0.9,250,1000,0.900370187406058,0.00880554285547994,0.883889656739797,0.917343667315295,0.761514109241307,0.0124277970740416,0.0783067481965737,0.080433780811384,TRUE,0.900000000281905
"d76fb115fe_t90","3pl_g20","skew_pos","irw",10,0.9,500,1000,0.901053109301818,0.00628267134954714,0.888465108899235,0.912750817508368,0.76222517556065,0.00886251154354053,0.0469904471986073,0.0521712542467248,TRUE,0.900000000281905
"d76fb115fe_t90","3pl_g20","skew_pos","irw",10,0.9,1000,1000,0.901089250997097,0.00441832483530945,0.892420935663614,0.9095780239301,0.763053786766903,0.00597067603058325,0.0243763100133729,0.0303821258999259,TRUE,0.900000000281905
"d76fb115fe_t90","3pl_g20","skew_pos","irw",10,0.9,2000,1000,0.901138082193199,0.00327112822711739,0.894506898143563,0.907138082413011,0.763074274938866,0.00442877042358928,0.0149152097884822,0.0181266611405472,TRUE,0.900000000281905
"d9861a350b_t50","3pl_beta","skew_pos","parametric",40,0.5,100,1000,0.493812321426937,0.0438517930329638,0.406453667169657,0.578917910329323,0.493155028006793,0.0435333174350248,0.492291056031235,0.0431563681631591,TRUE,0.500000000123594
"d9861a350b_t50","3pl_beta","skew_pos","parametric",40,0.5,250,1000,0.497948954808513,0.0287927901876466,0.441187245482602,0.557274523930836,0.497293437283628,0.0285743253821121,0.496404562888582,0.0282829045365026,TRUE,0.500000000123594
"d9861a350b_t50","3pl_beta","skew_pos","parametric",40,0.5,500,1000,0.496011744777073,0.0205825309491982,0.454845312694658,0.534648381297662,0.495381189616419,0.0204356477209452,0.494511549419271,0.0202414289195257,TRUE,0.500000000123594
"d9861a350b_t50","3pl_beta","skew_pos","parametric",40,0.5,1000,1000,0.497113280290048,0.0144240648375393,0.469280585824575,0.524904279565502,0.49647642355889,0.0143196573158235,0.495590993817027,0.0141858767741142,TRUE,0.500000000123594
"d9861a350b_t50","3pl_beta","skew_pos","parametric",40,0.5,2000,1000,0.49775897510348,0.0103263981751781,0.478184306813053,0.518265770348547,0.497120362007409,0.0102500242171277,0.496228929007728,0.0101456834985991,TRUE,0.500000000123594
"d9861a350b_t60","3pl_beta","skew_pos","parametric",40,0.6,100,1000,0.596925617164978,0.0425397960773461,0.50806654357187,0.679439941133079,0.595780388548029,0.0420737973649079,0.594727363511077,0.0416621883204537,TRUE,0.600000001400785
"d9861a350b_t60","3pl_beta","skew_pos","parametric",40,0.6,250,1000,0.597334947479112,0.0266512580993259,0.546533420993729,0.648483089863246,0.596209915387641,0.0263549912322926,0.595118320140393,0.0260654755266152,TRUE,0.600000001400785
"d9861a350b_t60","3pl_beta","skew_pos","parametric",40,0.6,500,1000,0.600091144168306,0.0194575579779085,0.561043530259522,0.637143723476884,0.598946544299055,0.0192337911010439,0.597824189594463,0.018985301327141,TRUE,0.600000001400785
"d9861a350b_t60","3pl_beta","skew_pos","parametric",40,0.6,1000,1000,0.60043772970037,0.0136510720322315,0.572392222083432,0.627954447475644,0.599294530492948,0.0134935813449395,0.598164269264065,0.013319782547823,TRUE,0.600000001400785
"d9861a350b_t60","3pl_beta","skew_pos","parametric",40,0.6,2000,1000,0.601176383808486,0.00939113133207598,0.582825096759494,0.619495226270153,0.600022944374195,0.0092835221689798,0.598871159315857,0.00917172478271022,TRUE,0.600000001400785
"d9861a350b_t70","3pl_beta","skew_pos","parametric",40,0.7,100,1000,0.697810219135681,0.0362113396561325,0.622326767049483,0.763063500334694,0.694083712088335,0.0353603146171111,0.691605030510266,0.0347466366401508,TRUE,0.700000002530744
"d9861a350b_t70","3pl_beta","skew_pos","parametric",40,0.7,250,1000,0.701713881161115,0.0227689712685508,0.655114657540848,0.746082198964554,0.69788187141678,0.0221858411970464,0.695149239023519,0.0216258392585347,TRUE,0.700000002530744
"d9861a350b_t70","3pl_beta","skew_pos","parametric",40,0.7,500,1000,0.703182278086495,0.0163720645682629,0.671925301660104,0.733693853682912,0.699354157505405,0.0159380851474299,0.696606356459665,0.0154791313438199,TRUE,0.700000002530744
"d9861a350b_t70","3pl_beta","skew_pos","parametric",40,0.7,1000,1000,0.702651951214574,0.0116238201920385,0.679684167568587,0.724695177708417,0.698832698065937,0.0113242558718898,0.696066592072135,0.011016515242269,TRUE,0.700000002530744
"d9861a350b_t70","3pl_beta","skew_pos","parametric",40,0.7,2000,1000,0.703560418461721,0.00812393082769114,0.686801826899723,0.718967377691395,0.699722792754264,0.00791256434241069,0.696913279719661,0.00766157383500154,TRUE,0.700000002530744
"d9861a350b_t80","3pl_beta","skew_pos","parametric",40,0.8,100,1000,0.797593180398893,0.0272448502330308,0.73993160215899,0.847432763102937,0.79051630218681,0.0255222227683238,0.786238297299049,0.0238665186360742,TRUE,0.800000002037087
"d9861a350b_t80","3pl_beta","skew_pos","parametric",40,0.8,250,1000,0.80085803382596,0.0171709688038445,0.765038897031148,0.833815772698755,0.793666675440946,0.0160630798500918,0.788837967875491,0.0147401395565989,TRUE,0.800000002037087
"d9861a350b_t80","3pl_beta","skew_pos","parametric",40,0.8,500,1000,0.800917121055166,0.0121411190300247,0.77585130173508,0.824383571435303,0.793734680949219,0.0113151237260261,0.788902808288976,0.0103643339468635,TRUE,0.800000002037087
"d9861a350b_t80","3pl_beta","skew_pos","parametric",40,0.8,1000,1000,0.801669119046065,0.00871013757023863,0.785059720828347,0.817796646641042,0.794453943621821,0.00812158461925546,0.789633847094657,0.00742363286732804,TRUE,0.800000002037087
"d9861a350b_t80","3pl_beta","skew_pos","parametric",40,0.8,2000,1000,0.8016169529014,0.00614647386659009,0.789490648093646,0.813335856210213,0.794407712324621,0.00573861966253342,0.789486326340847,0.00517986057632466,TRUE,0.800000002037087
"d9861a350b_t90","3pl_beta","skew_pos","parametric",40,0.9,100,1000,0.898201773587381,0.015647749879289,0.865207846361475,0.926166933050128,0.886405933703855,0.0128057216019721,0.877032364165099,0.0189304811987399,TRUE,0.900000001156298
"d9861a350b_t90","3pl_beta","skew_pos","parametric",40,0.9,250,1000,0.900127650943045,0.00931962471484478,0.880905270032251,0.916610075755942,0.88823575343202,0.00759956703650814,0.87803858651136,0.0137834803542502,TRUE,0.900000001156298
"d9861a350b_t90","3pl_beta","skew_pos","parametric",40,0.9,500,1000,0.90072393757432,0.00670023898204036,0.887067288998927,0.913894568240083,0.888761977584567,0.00538679948236015,0.877024113383873,0.0163498784288636,TRUE,0.900000001156298
"d9861a350b_t90","3pl_beta","skew_pos","parametric",40,0.9,1000,1000,0.900764434628348,0.00470111944732472,0.891463610879601,0.910039273306645,0.888824720185099,0.00379570634804644,0.876317794064701,0.0132980770358087,TRUE,0.900000001156298
"d9861a350b_t90","3pl_beta","skew_pos","parametric",40,0.9,2000,1000,0.901134802550107,0.00315147039860824,0.89469629181221,0.907713960720403,0.889150621545628,0.00254769912209209,0.876470199603993,0.0258329086646619,TRUE,0.900000001156298
"d9861a350b_t95","3pl_beta","skew_pos","parametric",40,0.95,100,1000,0.947904698756311,0.008109639242486,0.930740227694583,0.962528844799963,0.932904358077715,0.00639805145175489,0.895260295149102,0.109566487580937,TRUE,0.950000009090826
"d9861a350b_t95","3pl_beta","skew_pos","parametric",40,0.95,250,1000,0.949168191350626,0.00497891643586498,0.938676752405663,0.958112523996332,0.934009756769291,0.00372165766649181,0.873718634701901,0.133707552423674,TRUE,0.950000009090826
"d9861a350b_t95","3pl_beta","skew_pos","parametric",40,0.95,500,1000,0.949417657138553,0.00352703312286577,0.94259426618959,0.955997038688245,0.934322394284436,0.00259699342826161,0.86284316857764,0.143938057694679,TRUE,0.950000009090826
"d9861a350b_t95","3pl_beta","skew_pos","parametric",40,0.95,1000,1000,0.94954309204191,0.00251168338836452,0.944641943513487,0.954436679371389,0.934513112897897,0.00184293618219678,0.841953405714821,0.156366894539592,TRUE,0.950000009090826
"d9861a350b_t95","3pl_beta","skew_pos","parametric",40,0.95,2000,1000,0.949684917113779,0.00178674281124739,0.946076735737856,0.953187943882321,0.934550094561738,0.00128978782528204,0.805861389223075,0.170949333121502,TRUE,0.950000009090826
"d9b7e34bfd_t50","3pl_beta","normal","parametric",60,0.5,100,1000,0.495887647244818,0.0339058561794414,0.424736533117993,0.558619081187529,0.495375085584498,0.0337602269588627,0.494762731955982,0.0336542793502069,TRUE,0.50000000043862
"d9b7e34bfd_t50","3pl_beta","normal","parametric",60,0.5,250,1000,0.49812090867629,0.0213772761338558,0.455126785776888,0.539641202437041,0.497607800767931,0.0212817610425429,0.496989310204286,0.0212104577414949,TRUE,0.50000000043862
"d9b7e34bfd_t50","3pl_beta","normal","parametric",60,0.5,500,1000,0.49873345619831,0.0151451631798892,0.469436321357309,0.526626767003498,0.498217530327511,0.015078969010825,0.497591408075262,0.0150307667187823,TRUE,0.50000000043862
"d9b7e34bfd_t50","3pl_beta","normal","parametric",60,0.5,1000,1000,0.498974664785291,0.0105166764889024,0.477506851901578,0.519111833535298,0.498457988510237,0.0104696428763497,0.497829893671823,0.0104335443036301,TRUE,0.50000000043862
"d9b7e34bfd_t50","3pl_beta","normal","parametric",60,0.5,2000,1000,0.499155543552671,0.00762395644199724,0.483965844427754,0.514372761668929,0.498638049016272,0.00758847396085312,0.498007415837839,0.00756050782414888,TRUE,0.50000000043862
"d9b7e34bfd_t60","3pl_beta","normal","parametric",60,0.6,100,1000,0.600715271097598,0.0335618387969592,0.52958190947251,0.660815049435967,0.599867077989756,0.0333300063186557,0.599187081025128,0.0332154182434608,TRUE,0.600000000651001
"d9b7e34bfd_t60","3pl_beta","normal","parametric",60,0.6,250,1000,0.601658738380661,0.0196617223970309,0.562152368974761,0.639382316119219,0.600798041110479,0.0195108473832329,0.600093186383363,0.0194295842736118,TRUE,0.600000000651001
"d9b7e34bfd_t60","3pl_beta","normal","parametric",60,0.6,500,1000,0.602680182163645,0.0141417563485018,0.572417369382493,0.630598732311851,0.601808888694312,0.0140313976867588,0.601087420111348,0.0139706946733168,TRUE,0.600000000651001
"d9b7e34bfd_t60","3pl_beta","normal","parametric",60,0.6,1000,1000,0.603101055084131,0.00976575212657926,0.583759626491736,0.622133094671171,0.602230271162004,0.00969270508319565,0.601510036973503,0.00965697273961171,TRUE,0.600000000651001
"d9b7e34bfd_t60","3pl_beta","normal","parametric",60,0.6,2000,1000,0.603007264365762,0.00728105113637098,0.588588604881027,0.616205918539283,0.602138288258542,0.0072252901771805,0.601418688854706,0.00719608666857933,TRUE,0.600000000651001
"d9b7e34bfd_t70","3pl_beta","normal","parametric",60,0.7,100,1000,0.697592509484235,0.0274085611781214,0.640296456625619,0.745610746687778,0.695611603584119,0.026996364815163,0.694425476400922,0.0268524978276923,TRUE,0.700000000631175
"d9b7e34bfd_t70","3pl_beta","normal","parametric",60,0.7,250,1000,0.698147065984002,0.0179158801033237,0.662325402900959,0.731469261010004,0.69616140051562,0.0176322816752117,0.694943408475808,0.0175264273820659,TRUE,0.700000000631175
"d9b7e34bfd_t70","3pl_beta","normal","parametric",60,0.7,500,1000,0.699124345596637,0.0118953272313332,0.675699584708286,0.721281681594021,0.697133598679237,0.0117189513614157,0.695913748472302,0.0116605749474074,TRUE,0.700000000631175
"d9b7e34bfd_t70","3pl_beta","normal","parametric",60,0.7,1000,1000,0.699771003827249,0.00912725174481551,0.681707387168885,0.717173540333123,0.697766382675093,0.00897583975173157,0.696537715725512,0.0089204188126422,TRUE,0.700000000631175
"d9b7e34bfd_t70","3pl_beta","normal","parametric",60,0.7,2000,1000,0.699307442305725,0.00620814849520404,0.687526322553659,0.71106927872835,0.697311360178543,0.00610948160810526,0.696084348313328,0.00607318026583007,TRUE,0.700000000631175
"d9b7e34bfd_t80","3pl_beta","normal","parametric",60,0.8,100,1000,0.79873012149916,0.0209980409594919,0.753959459653081,0.836455897821713,0.794647155745864,0.0201567228212819,0.792819963313833,0.01991918048906,TRUE,0.800000000606908
"d9b7e34bfd_t80","3pl_beta","normal","parametric",60,0.8,250,1000,0.800326415934636,0.0131416536917057,0.771304659784772,0.825055484569108,0.796184834807175,0.0125824247832961,0.794287816241858,0.012398538354869,TRUE,0.800000000606908
"d9b7e34bfd_t80","3pl_beta","normal","parametric",60,0.8,500,1000,0.800715365073386,0.00889780200044383,0.782830816877995,0.817497316603925,0.796599182527651,0.00852843719979292,0.794714482444397,0.0084147284017333,TRUE,0.800000000606908
"d9b7e34bfd_t80","3pl_beta","normal","parametric",60,0.8,1000,1000,0.800713642649901,0.00635973657784569,0.788093292334111,0.812902515383426,0.796602067081306,0.00609595328454251,0.794710957125582,0.00601701794549839,TRUE,0.800000000606908
"d9b7e34bfd_t80","3pl_beta","normal","parametric",60,0.8,2000,1000,0.800588352325157,0.00437464712912025,0.792124270966273,0.809365933371545,0.796482709358655,0.00419889822644117,0.794596095428725,0.00414985746147462,TRUE,0.800000000606908
"d9b7e34bfd_t90","3pl_beta","normal","parametric",60,0.9,100,1000,0.899388065424445,0.0111039719402487,0.87593244182666,0.917969516443355,0.888793575446869,0.00924551890692348,0.883454883632753,0.0115596203743176,TRUE,0.900000000826652
"d9b7e34bfd_t90","3pl_beta","normal","parametric",60,0.9,250,1000,0.900320223015978,0.00686734618603001,0.885351435932654,0.912564257575871,0.889733967302787,0.00574842362220514,0.884013664530096,0.0077590108534451,TRUE,0.900000000826652
"d9b7e34bfd_t90","3pl_beta","normal","parametric",60,0.9,500,1000,0.900245382475739,0.00494198292948664,0.89016808884547,0.90964777599473,0.889682182825938,0.00407730272676315,0.884009450057436,0.00553706647322309,TRUE,0.900000000826652
"d9b7e34bfd_t90","3pl_beta","normal","parametric",60,0.9,1000,1000,0.900274016855054,0.00330597202969914,0.893748029233033,0.90651880392342,0.889709767625184,0.00273954881124731,0.884122031172502,0.00367811012875686,TRUE,0.900000000826652
"d9b7e34bfd_t90","3pl_beta","normal","parametric",60,0.9,2000,1000,0.900625962572859,0.00238576482763471,0.896007170421065,0.905211252283758,0.889998054176325,0.00199512386392373,0.884318805934258,0.0026019939571283,TRUE,0.900000000826652
"d9b7e34bfd_t95","3pl_beta","normal","parametric",60,0.95,100,1000,0.948691288735258,0.00560645002102866,0.936434255944438,0.958186561201234,0.926939490536434,0.00521637949922507,0.888058468649545,0.0728063485238755,TRUE,0.950000000483675
"d9b7e34bfd_t95","3pl_beta","normal","parametric",60,0.95,250,1000,0.949067239030861,0.00336090360185048,0.94213236097722,0.955347722036914,0.927310651135754,0.00320975669804983,0.885510063803273,0.06007899310104,TRUE,0.950000000483675
"d9b7e34bfd_t95","3pl_beta","normal","parametric",60,0.95,500,1000,0.949190801604218,0.00251459801884403,0.943792993772249,0.953765616690264,0.927307291240933,0.00222536739879888,0.877950658427551,0.0584093610929832,TRUE,0.950000000483675
"d9b7e34bfd_t95","3pl_beta","normal","parametric",60,0.95,1000,1000,0.949254231561548,0.00165759048049008,0.946054512974315,0.952244256267214,0.927299604111378,0.00162270999834991,0.878322739092787,0.0471493548282544,TRUE,0.950000000483675
"d9b7e34bfd_t95","3pl_beta","normal","parametric",60,0.95,2000,1000,0.949374836810378,0.00116046978990379,0.947066868382471,0.951597977619182,0.927306255301457,0.0011152471689038,0.877915671538916,0.0342917250940253,TRUE,0.950000000483675
"d9f9912361_t50","3pl_g20","normal","parametric",40,0.5,100,1000,0.496750639801749,0.0333364517848082,0.428570315360155,0.557430672786272,0.495813825748579,0.0330710038068133,0.494613379803571,0.0328557979474541,TRUE,0.500000000198017
"d9f9912361_t50","3pl_g20","normal","parametric",40,0.5,250,1000,0.498040688837039,0.0213012295654133,0.452019935786202,0.538541940279089,0.497097350906576,0.0211304716394428,0.495871713633013,0.0209888095916895,TRUE,0.500000000198017
"d9f9912361_t50","3pl_g20","normal","parametric",40,0.5,500,1000,0.499594632460659,0.0151153969440112,0.467678735040463,0.529015624876177,0.49864019357651,0.014990735643415,0.497393068802337,0.0148874211678431,TRUE,0.500000000198017
"d9f9912361_t50","3pl_g20","normal","parametric",40,0.5,1000,1000,0.498997192607292,0.0105526331986882,0.478100397887589,0.519125684627634,0.498049370796928,0.0104651710925194,0.4968065182685,0.0103898922904475,TRUE,0.500000000198017
"d9f9912361_t50","3pl_g20","normal","parametric",40,0.5,2000,1000,0.499798441534993,0.00754831265029269,0.483888725934759,0.514467725184065,0.498845491694963,0.00748399663878666,0.497595695930649,0.00742964142750454,TRUE,0.500000000198017
"d9f9912361_t60","3pl_g20","normal","parametric",40,0.6,100,1000,0.597522799664132,0.0321943698682947,0.530623098308192,0.654483420566014,0.595386239852805,0.0316810631941717,0.593385272476887,0.0314005406957021,TRUE,0.600000002159722
"d9f9912361_t60","3pl_g20","normal","parametric",40,0.6,250,1000,0.599932063946519,0.0197927552955483,0.556827622147822,0.63730503902584,0.597757440259941,0.0194574177108954,0.595680531372329,0.0192589504778535,TRUE,0.600000002159722
"d9f9912361_t60","3pl_g20","normal","parametric",40,0.6,500,1000,0.600816884990857,0.0143524203953004,0.570643769220853,0.628031523478258,0.598632019163866,0.0141160064393933,0.596537711376051,0.013981410940753,TRUE,0.600000002159722
"d9f9912361_t60","3pl_g20","normal","parametric",40,0.6,1000,1000,0.600721154586116,0.00981670745230531,0.581817821975783,0.618824689750758,0.598532998918087,0.00964633633411384,0.59642860641417,0.00954424909413606,TRUE,0.600000002159722
"d9f9912361_t60","3pl_g20","normal","parametric",40,0.6,2000,1000,0.601077724694166,0.00696594131263065,0.587242549152788,0.614600834466004,0.59889148086645,0.00684401944900123,0.596794811130804,0.00676831987664676,TRUE,0.600000002159722
"d9f9912361_t70","3pl_g20","normal","parametric",40,0.7,100,1000,0.696907112866564,0.02829300188435,0.636686936524741,0.748991180885809,0.692686457067747,0.02748656304511,0.689790959098143,0.0271836275355901,TRUE,0.700000003046276
"d9f9912361_t70","3pl_g20","normal","parametric",40,0.7,250,1000,0.698785431387903,0.016549825970238,0.66555939851891,0.731329648410937,0.694577807736801,0.0160388991767942,0.691676220736685,0.0158103114974774,TRUE,0.700000003046276
"d9f9912361_t70","3pl_g20","normal","parametric",40,0.7,500,1000,0.699878667718118,0.0121379516740949,0.674372385742737,0.721241740157737,0.695611784170706,0.0117819012099624,0.692635803974725,0.0116351152975651,TRUE,0.700000003046276
"d9f9912361_t70","3pl_g20","normal","parametric",40,0.7,1000,1000,0.70006485813289,0.00844500385918974,0.682424928553835,0.715980748371163,0.695810428544239,0.0081969791738259,0.692841385613556,0.00809854687737124,TRUE,0.700000003046276
"d9f9912361_t70","3pl_g20","normal","parametric",40,0.7,2000,1000,0.699892472381983,0.00622279174574379,0.687315581023206,0.711759064210077,0.695643501722056,0.00602658133493115,0.692685914331112,0.0059323525307326,TRUE,0.700000003046276
"d9f9912361_t80","3pl_g20","normal","parametric",40,0.8,100,1000,0.796767656386259,0.0205455153277865,0.75060979210858,0.833051908415691,0.78987318470386,0.0192040933374143,0.786086462106259,0.0186942761938254,TRUE,0.800000002711497
"d9f9912361_t80","3pl_g20","normal","parametric",40,0.8,250,1000,0.798952679058123,0.0123515566705267,0.774281307048367,0.822453854146033,0.791908184531213,0.0115205245267411,0.787940114389134,0.0112133892097829,TRUE,0.800000002711497
"d9f9912361_t80","3pl_g20","normal","parametric",40,0.8,500,1000,0.799760936857487,0.00895280249271597,0.779940082137874,0.815791494522212,0.792673400221227,0.00834252583935325,0.788613583539837,0.0081243914182522,TRUE,0.800000002711497
"d9f9912361_t80","3pl_g20","normal","parametric",40,0.8,1000,1000,0.79997043768425,0.00633492673341146,0.787739511893436,0.811732350815459,0.792862596478684,0.0058847587815011,0.788814591676015,0.00573289688893988,TRUE,0.800000002711497
"d9f9912361_t80","3pl_g20","normal","parametric",40,0.8,2000,1000,0.800002836730003,0.00431461402699961,0.791776735805203,0.808265228769152,0.792921430952476,0.00400205113601401,0.788903227973654,0.0038815384393339,TRUE,0.800000002711497
"d9f9912361_t90","3pl_g20","normal","parametric",40,0.9,100,1000,0.899075277185098,0.0105157517924022,0.877141323992032,0.917918367847513,0.882845976416092,0.0084966935718297,0.876277806167705,0.010708869224622,TRUE,0.900000001471852
"d9f9912361_t90","3pl_g20","normal","parametric",40,0.9,250,1000,0.900230277586226,0.0067475338062675,0.886039293219739,0.912168568175751,0.883844908414147,0.0053840270975672,0.87712937788354,0.00608868229131305,TRUE,0.900000001471852
"d9f9912361_t90","3pl_g20","normal","parametric",40,0.9,500,1000,0.900261883874569,0.0047588938129762,0.890335316312173,0.908723733803141,0.883903010779517,0.00384045645187353,0.877097567697644,0.00454023576397145,TRUE,0.900000001471852
"d9f9912361_t90","3pl_g20","normal","parametric",40,0.9,1000,1000,0.900585211015801,0.00328934166443296,0.893715794499625,0.906577367097934,0.884153437553649,0.00263123887809969,0.877213653705282,0.00350644257460839,TRUE,0.900000001471852
"d9f9912361_t90","3pl_g20","normal","parametric",40,0.9,2000,1000,0.900731957732031,0.00226932792143879,0.896239379660117,0.905193398622437,0.884277303844209,0.0018034722413647,0.877392035925153,0.00242195135789058,TRUE,0.900000001471852
"d9f9912361_t95","3pl_g20","normal","parametric",40,0.95,100,1000,0.949683622478475,0.00587148160386434,0.936828777465418,0.959048580604613,0.933982851998227,0.00522628073292903,0.885045775762983,0.123930734667065,TRUE,0.950000002344479
"d9f9912361_t95","3pl_g20","normal","parametric",40,0.95,250,1000,0.95019648486019,0.00329805300071937,0.943031614190703,0.956421130251653,0.934092236480327,0.00293387517814141,0.871590867534122,0.127439356484011,TRUE,0.950000002344479
"d9f9912361_t95","3pl_g20","normal","parametric",40,0.95,500,1000,0.950141042099542,0.00230000858414498,0.945693111835042,0.954465391742978,0.934315979451951,0.00217863662648619,0.86214823189615,0.124908071980434,TRUE,0.950000002344479
"d9f9912361_t95","3pl_g20","normal","parametric",40,0.95,1000,1000,0.950358144190508,0.00173027025494871,0.946851548377481,0.953514693206787,0.93438482035079,0.00153469401784386,0.843058632680768,0.145641276694927,TRUE,0.950000002344479
"d9f9912361_t95","3pl_g20","normal","parametric",40,0.95,2000,1000,0.950329746164914,0.00129276893488298,0.947740293431642,0.952760152192206,0.93442291569336,0.00105154745873201,0.830112385972018,0.137367419111033,TRUE,0.950000002344479
"dd9d6dae8d_t50","2pl","skew_pos","irw",10,0.5,100,1000,0.50039691482104,0.0451172735210993,0.417176665080781,0.592728577142176,0.496532955183779,0.0434457289916225,0.489051480049887,0.039998010294583,TRUE,0.500000000957955
"dd9d6dae8d_t50","2pl","skew_pos","irw",10,0.5,250,1000,0.502308664700666,0.0280511084592793,0.449436615807358,0.556061087610101,0.498543725242917,0.0270506850298033,0.491035987343883,0.0247777025278687,TRUE,0.500000000957955
"dd9d6dae8d_t50","2pl","skew_pos","irw",10,0.5,500,1000,0.503723029130249,0.0193446144681992,0.466062838481866,0.541247525088677,0.49995574880495,0.0186559515396881,0.492383513654849,0.0171800126577357,TRUE,0.500000000957955
"dd9d6dae8d_t50","2pl","skew_pos","irw",10,0.5,1000,1000,0.503972671897468,0.0135528541182587,0.477970449949857,0.53011884718867,0.500216623536722,0.0130680575039793,0.492497212940099,0.0118301593667881,TRUE,0.500000000957955
"dd9d6dae8d_t50","2pl","skew_pos","irw",10,0.5,2000,1000,0.503647268941508,0.00943897184003906,0.486499905626447,0.521290931626217,0.499910862797569,0.00910244993171737,0.492317122250065,0.00838538572092147,TRUE,0.500000000957955
"dd9d6dae8d_t60","2pl","skew_pos","irw",10,0.6,100,1000,0.589216878394404,0.0458771497481033,0.489777228186461,0.671839434795538,0.562399351976961,0.0436049880784433,0.537905057086172,0.0446335823331647,TRUE,0.60000000027075
"dd9d6dae8d_t60","2pl","skew_pos","irw",10,0.6,250,1000,0.596152177286456,0.0306571829427273,0.533925843126516,0.653840568377247,0.568760454291964,0.0291598362742062,0.543875286879622,0.0293845720498565,TRUE,0.60000000027075
"dd9d6dae8d_t60","2pl","skew_pos","irw",10,0.6,500,1000,0.597480152461133,0.0202813515098108,0.55642894397913,0.637243753868707,0.569974404628111,0.0192879296895799,0.545148669676173,0.0196219736771373,TRUE,0.60000000027075
"dd9d6dae8d_t60","2pl","skew_pos","irw",10,0.6,1000,1000,0.598156183384265,0.0148402141759061,0.568253660007054,0.626623212543937,0.570573179181137,0.0140943147970631,0.545570593739761,0.0142004203868349,TRUE,0.60000000027075
"dd9d6dae8d_t60","2pl","skew_pos","irw",10,0.6,2000,1000,0.598749690754803,0.0103347112470526,0.578122690129198,0.618534271101915,0.571132687482297,0.00984331344461062,0.546242178223077,0.0100384602362242,TRUE,0.60000000027075
"dd9d6dae8d_t70","2pl","skew_pos","irw",10,0.7,100,1000,0.692426763766703,0.0370914266062993,0.620451779332271,0.764997037022265,0.68141149510129,0.0360729922779786,0.673998728838897,0.036389455640158,TRUE,0.700000000899994
"dd9d6dae8d_t70","2pl","skew_pos","irw",10,0.7,250,1000,0.694852101151081,0.0237236227822262,0.648122292237165,0.738752314484193,0.683567112370954,0.0230405832955459,0.675992710573839,0.0232503835808618,TRUE,0.700000000899994
"dd9d6dae8d_t70","2pl","skew_pos","irw",10,0.7,500,1000,0.694587674554751,0.016725611566493,0.661666842384321,0.726107592683295,0.68341121572178,0.0162970883826853,0.675793938545684,0.0164038944343949,TRUE,0.700000000899994
"dd9d6dae8d_t70","2pl","skew_pos","irw",10,0.7,1000,1000,0.696318850919712,0.01094791753761,0.674381558687382,0.718114534804567,0.685025645843659,0.010654981720036,0.677344546025892,0.0107172656832225,TRUE,0.700000000899994
"dd9d6dae8d_t70","2pl","skew_pos","irw",10,0.7,2000,1000,0.69618009108714,0.00823127961321076,0.679374801567677,0.712004014359293,0.684899338293152,0.00802636933863633,0.677287682778305,0.00809634532799774,TRUE,0.700000000899994
"dd9d6dae8d_t80","2pl","skew_pos","irw",10,0.8,100,1000,0.794925375993317,0.0263952813253282,0.742857762541096,0.843570402328094,0.771206846235308,0.0210067892966835,0.719980012511607,0.0585659541450123,TRUE,0.800000002720432
"dd9d6dae8d_t80","2pl","skew_pos","irw",10,0.8,250,1000,0.797980120342394,0.0159954519136519,0.766184539348936,0.827699187580044,0.774134482405118,0.0126202290587647,0.717078758860963,0.0512042495463059,TRUE,0.800000002720432
"dd9d6dae8d_t80","2pl","skew_pos","irw",10,0.8,500,1000,0.797860420580664,0.011644610955264,0.77610155614534,0.820684794365471,0.774119828159279,0.00918190088536389,0.713473074040404,0.0520614148703945,TRUE,0.800000002720432
"dd9d6dae8d_t80","2pl","skew_pos","irw",10,0.8,1000,1000,0.798376844632878,0.00803325872905009,0.78287959709411,0.814530376628211,0.774627789117798,0.00634624844370157,0.709229994257338,0.0523173367884219,TRUE,0.800000002720432
"dd9d6dae8d_t80","2pl","skew_pos","irw",10,0.8,2000,1000,0.798916979839539,0.00576802930540568,0.787640479924849,0.809933701840135,0.775095414375943,0.00455709376066148,0.707282114819023,0.045271193903352,TRUE,0.800000002720432
"dd9d6dae8d_t90","2pl","skew_pos","irw",10,0.9,100,1000,0.896589522776984,0.0144822414122381,0.865659445830937,0.923893367695187,0.831617683655141,0.00841352299528164,0.604664935513924,0.16451825728745,TRUE,0.900000001387505
"dd9d6dae8d_t90","2pl","skew_pos","irw",10,0.9,250,1000,0.897076056818866,0.00901071903822204,0.879336744721958,0.915034896289843,0.833332268595222,0.00551476036153355,0.557757409418675,0.156934105183998,TRUE,0.900000001387505
"dd9d6dae8d_t90","2pl","skew_pos","irw",10,0.9,500,1000,0.897678605427112,0.00662034327699118,0.884518335524501,0.909944099178111,0.833693453574432,0.00402303914657622,0.525757373021681,0.149404598163224,TRUE,0.900000001387505
"dd9d6dae8d_t90","2pl","skew_pos","irw",10,0.9,1000,1000,0.898078070893597,0.00461230116180676,0.888945508927259,0.906689773048696,0.834039603737788,0.00292523278354726,0.497048616539691,0.145357165466964,TRUE,0.900000001387505
"dd9d6dae8d_t90","2pl","skew_pos","irw",10,0.9,2000,1000,0.898163409955918,0.00307230005896841,0.892321074023483,0.903914291076225,0.834191500116257,0.00195373704723706,0.463779802047655,0.135020065755693,TRUE,0.900000001387505
"dd9d6dae8d_t95","2pl","skew_pos","irw",10,0.95,100,1000,0.948201512503066,0.00846808675734879,0.930486769231548,0.963186849098216,0.884523616148899,0.00874467609099267,0.416409306825198,0.289398464383315,TRUE,0.950000000305721
"dd9d6dae8d_t95","2pl","skew_pos","irw",10,0.95,250,1000,0.949259450415371,0.00514360227829199,0.938608315595125,0.958660722291401,0.885630016219161,0.00563448321023759,0.248191455327107,0.224198346398097,TRUE,0.950000000305721
"dd9d6dae8d_t95","2pl","skew_pos","irw",10,0.95,500,1000,0.949391001648617,0.00360939736813611,0.941998233387672,0.956381324071901,0.885923843529404,0.00405900983758461,0.167485583199645,0.169417128709109,TRUE,0.950000000305721
"dd9d6dae8d_t95","2pl","skew_pos","irw",10,0.95,1000,1000,0.949432350046822,0.0026058833560108,0.944210512579468,0.954368796695961,0.886205453791266,0.00281667955611752,0.102563060505544,0.111379025179378,TRUE,0.950000000305721
"dd9d6dae8d_t95","2pl","skew_pos","irw",10,0.95,2000,1000,0.949741455588712,0.00177541273155394,0.946319812316406,0.953096647287068,0.886248818147288,0.00207992823239286,0.0594554274891648,0.0680502214240562,TRUE,0.950000000305721
"dfce2b64f4_t50","3pl_g20","heavy_tail","irw",40,0.5,100,1000,0.499534901475358,0.0560042188627951,0.395381543127557,0.609008381883918,0.498325749991774,0.0552215571578815,0.495230864581802,0.0520702175972599,FALSE,0.500000001032789
"dfce2b64f4_t50","3pl_g20","heavy_tail","irw",40,0.5,250,1000,0.504231537928571,0.0362877352651796,0.438709697233834,0.575259353363478,0.503077215996972,0.0358303393060401,0.49969772124374,0.0334990645194559,FALSE,0.500000001032789
"dfce2b64f4_t50","3pl_g20","heavy_tail","irw",40,0.5,500,1000,0.507566376165457,0.0281427353845789,0.458532175866089,0.562093744900115,0.506382588216819,0.0277952879187736,0.501258404303188,0.0323392807616502,FALSE,0.500000001032789
"dfce2b64f4_t50","3pl_g20","heavy_tail","irw",40,0.5,1000,1000,0.507911757649181,0.0200392037686962,0.473827656920143,0.549211815017477,0.506752024196849,0.0197952334140177,0.501402783699058,0.0265382239469452,FALSE,0.500000001032789
"dfce2b64f4_t50","3pl_g20","heavy_tail","irw",40,0.5,2000,1000,0.507385088073938,0.0144332907222402,0.481770403142111,0.538735442483506,0.506247117073801,0.014274097898067,0.50109639852783,0.0232538291541816,FALSE,0.500000001032789
"dfce2b64f4_t60","3pl_g20","heavy_tail","irw",40,0.6,100,1000,0.592530855358203,0.0512127870098288,0.493198493584626,0.698189656933304,0.588969026041536,0.049596241467149,0.581794512839105,0.0451615282059645,FALSE,0.600000001922663
"dfce2b64f4_t60","3pl_g20","heavy_tail","irw",40,0.6,250,1000,0.59444480972085,0.0360031775009239,0.53073776938984,0.671294778311095,0.590976078862892,0.0349918965167493,0.582050357915987,0.0381596319758139,FALSE,0.600000001922663
"dfce2b64f4_t60","3pl_g20","heavy_tail","irw",40,0.6,500,1000,0.599918377683658,0.0261580146455573,0.554909941038949,0.655337510705004,0.596347980806929,0.025442000475437,0.584572186562561,0.0368488404735416,FALSE,0.600000001922663
"dfce2b64f4_t60","3pl_g20","heavy_tail","irw",40,0.6,1000,1000,0.598618378842691,0.0192003296314364,0.563995597004866,0.637334902066715,0.595116515530435,0.0186958918904337,0.583491138972621,0.0312634712686526,FALSE,0.600000001922663
"dfce2b64f4_t60","3pl_g20","heavy_tail","irw",40,0.6,2000,1000,0.599539698964778,0.0147010682520248,0.575078340298817,0.628176813186749,0.596041524413238,0.0143607682570107,0.583769073374181,0.0333833739372285,FALSE,0.600000001922663
"dfce2b64f4_t70","3pl_g20","heavy_tail","irw",40,0.7,100,1000,0.689865845108204,0.0442484052019254,0.604961023036549,0.778649400425528,0.684627053778556,0.0420585601826229,0.670756993371125,0.0462540737113997,FALSE,0.700000002325837
"dfce2b64f4_t70","3pl_g20","heavy_tail","irw",40,0.7,250,1000,0.69622493926967,0.0306363573761643,0.637287718778388,0.760939640384165,0.69087149954634,0.0292099565122526,0.671575421924153,0.0562144206563516,FALSE,0.700000002325837
"dfce2b64f4_t70","3pl_g20","heavy_tail","irw",40,0.7,500,1000,0.695959850903711,0.0217891257183026,0.657149414091944,0.741502118726867,0.690719461315197,0.0208597968366402,0.668763531811596,0.0621502591226561,FALSE,0.700000002325837
"dfce2b64f4_t70","3pl_g20","heavy_tail","irw",40,0.7,1000,1000,0.698071298834531,0.0165887245596464,0.669324771617762,0.728521350094825,0.692797488263709,0.015948906518551,0.667989226640003,0.0648465936254968,FALSE,0.700000002325837
"dfce2b64f4_t70","3pl_g20","heavy_tail","irw",40,0.7,2000,1000,0.698354356674061,0.0114903617600038,0.676996028757256,0.721538513436221,0.693066485231652,0.0109968975347199,0.661372194899475,0.0750038025785019,FALSE,0.700000002325837
"dfce2b64f4_t80","3pl_g20","heavy_tail","irw",40,0.8,100,1000,0.789925911323107,0.0368494717065388,0.715197786555747,0.866419929276579,0.780988582720332,0.0334738571596956,0.742272481378466,0.0973626061367932,FALSE,0.800000002355802
"dfce2b64f4_t80","3pl_g20","heavy_tail","irw",40,0.8,250,1000,0.795492152995108,0.0230395850697311,0.752125553288794,0.841521778496453,0.786397473156473,0.0208970377801608,0.730852829130425,0.118406303948378,FALSE,0.800000002355802
"dfce2b64f4_t80","3pl_g20","heavy_tail","irw",40,0.8,500,1000,0.797382539825293,0.017812079001671,0.76508872974095,0.834077434725384,0.788319545274365,0.0164644925365126,0.719035708645046,0.132688688485562,FALSE,0.800000002355802
"dfce2b64f4_t80","3pl_g20","heavy_tail","irw",40,0.8,1000,1000,0.797744479751711,0.0122381904320501,0.775969304146789,0.823756382558463,0.78866332123891,0.0112803032786355,0.698286015549678,0.155715564242457,FALSE,0.800000002355802
"dfce2b64f4_t80","3pl_g20","heavy_tail","irw",40,0.8,2000,1000,0.797571541284846,0.00931866465188138,0.781292481167236,0.815018510201024,0.788567113494913,0.0087101996166554,0.671464028993691,0.179567555305235,FALSE,0.800000002355802
"dfce2b64f4_t90","3pl_g20","heavy_tail","irw",40,0.9,100,1000,0.895475035917188,0.0194980766725249,0.854377587913779,0.932880876277683,0.884032496890303,0.0185563792410086,0.824252634183121,0.186747586737355,FALSE,0.900000000556686
"dfce2b64f4_t90","3pl_g20","heavy_tail","irw",40,0.9,250,1000,0.898620192845177,0.0132111170403258,0.873137421616973,0.925177717085939,0.8872132571444,0.0126876265568567,0.76135965374291,0.267100306163809,FALSE,0.900000000556686
"dfce2b64f4_t90","3pl_g20","heavy_tail","irw",40,0.9,500,1000,0.899253952543811,0.00930724377010077,0.88172943878766,0.918823675224439,0.887929209522889,0.00894607761872587,0.685268070418175,0.317033388704686,FALSE,0.900000000556686
"dfce2b64f4_t90","3pl_g20","heavy_tail","irw",40,0.9,1000,1000,0.89994905035394,0.00726215644089552,0.886636666653814,0.914319206053787,0.888624675702028,0.00696740277452633,0.572898969855127,0.358386421949908,FALSE,0.900000000556686
"dfce2b64f4_t90","3pl_g20","heavy_tail","irw",40,0.9,2000,1000,0.900231742828936,0.00497037766795784,0.890463135562764,0.90979967319746,0.888949461422176,0.00482125518014192,0.413524567741998,0.362698930731449,FALSE,0.900000000556686
"dfce2b64f4_t95","3pl_g20","heavy_tail","irw",40,0.95,100,1000,0.946679578061167,0.0137269009511612,0.916791966475364,0.969849849775682,0.858252710504843,0.02488898400461,0.51549844245832,0.336215382354748,FALSE,0.950000000366271
"dfce2b64f4_t95","3pl_g20","heavy_tail","irw",40,0.95,250,1000,0.948817649832064,0.00818197368924936,0.932465667087949,0.964373385556488,0.861250381423707,0.0159610327394715,0.320160880527965,0.352475374697007,FALSE,0.950000000366271
"dfce2b64f4_t95","3pl_g20","heavy_tail","irw",40,0.95,500,1000,0.949176284836083,0.00603809863126274,0.93700533345923,0.960750764210227,0.861281998517858,0.0114086662737228,0.143105437448458,0.267531852015201,FALSE,0.950000000366271
"dfce2b64f4_t95","3pl_g20","heavy_tail","irw",40,0.95,1000,1000,0.949425271250506,0.00414742449224428,0.941234238718972,0.957546735905431,0.861618520774331,0.0079090488090588,0.038691399548245,0.141109187124426,FALSE,0.950000000366271
"dfce2b64f4_t95","3pl_g20","heavy_tail","irw",40,0.95,2000,1000,0.949637401091105,0.00309098433695703,0.943967699481664,0.955633640329025,0.862156309522276,0.00578156569604257,0.00419576022256484,0.042180199013769,FALSE,0.950000000366271
"e0422750e1_t50","2pl","bimodal","parametric",60,0.5,100,1000,0.499190643059823,0.0269479322021885,0.44518261735003,0.548822377508622,0.499114852811678,0.0269323251130009,0.499036678207399,0.0269242276277419,TRUE,0.500000000237377
"e0422750e1_t50","2pl","bimodal","parametric",60,0.5,250,1000,0.500322426550953,0.0173857729196827,0.467251133471523,0.533596150959439,0.500245875522246,0.01737519596357,0.500166509061801,0.0173695413950351,TRUE,0.500000000237377
"e0422750e1_t50","2pl","bimodal","parametric",60,0.5,500,1000,0.499919890162335,0.0118983419401452,0.475423845525596,0.522458502037955,0.499843936452196,0.0118909027552423,0.499764736566285,0.0118867675559087,TRUE,0.500000000237377
"e0422750e1_t50","2pl","bimodal","parametric",60,0.5,1000,1000,0.500259221810039,0.00824793255183146,0.484378062400476,0.515937825889249,0.500182997061466,0.00824271591607459,0.500103486361432,0.00823982043740827,TRUE,0.500000000237377
"e0422750e1_t50","2pl","bimodal","parametric",60,0.5,2000,1000,0.500397039897385,0.00591282784119033,0.488836835368346,0.511358970369048,0.50032068622766,0.00590899158272497,0.500241013252253,0.00590680711039485,TRUE,0.500000000237377
"e0422750e1_t60","2pl","bimodal","parametric",60,0.6,100,1000,0.597142402216579,0.02527953944464,0.545232535771562,0.643913229044094,0.596909891838193,0.0252402090000268,0.596744185813546,0.0252283624207333,TRUE,0.600000001496083
"e0422750e1_t60","2pl","bimodal","parametric",60,0.6,250,1000,0.598058840672968,0.0159635566590485,0.566115531589021,0.630207468386393,0.597825671375781,0.0159376681024696,0.597658677602903,0.0159298229867679,TRUE,0.600000001496083
"e0422750e1_t60","2pl","bimodal","parametric",60,0.6,500,1000,0.59903019461924,0.011061056616165,0.576412732061479,0.620409239613242,0.598795060961374,0.0110430831450721,0.598626802931261,0.0110376259285508,TRUE,0.600000001496083
"e0422750e1_t60","2pl","bimodal","parametric",60,0.6,1000,1000,0.598045632921845,0.00831616196571755,0.582652908125628,0.614259110782621,0.597813054091215,0.00830226624857546,0.597645827400876,0.00829787467280464,TRUE,0.600000001496083
"e0422750e1_t60","2pl","bimodal","parametric",60,0.6,2000,1000,0.59856105119968,0.00574111349213465,0.5869809726617,0.609859807110725,0.59832776400336,0.00573199959776503,0.598160193119845,0.00572937684274057,TRUE,0.600000001496083
"e0422750e1_t70","2pl","bimodal","parametric",60,0.7,100,1000,0.698288237689168,0.0224823841533331,0.651918024524727,0.739880360336869,0.697766947972095,0.0224178065218716,0.697521107943586,0.0224118546394362,TRUE,0.700000001957669
"e0422750e1_t70","2pl","bimodal","parametric",60,0.7,250,1000,0.700037705314246,0.0143514703156683,0.672204368182268,0.727350357287778,0.699508316804605,0.0143076530597204,0.699258942708173,0.0143032699131785,TRUE,0.700000001957669
"e0422750e1_t70","2pl","bimodal","parametric",60,0.7,500,1000,0.700032792791711,0.00998341218164775,0.679923741478627,0.719548004242421,0.69950230156832,0.00995119116614301,0.699251583389745,0.00994715815567773,TRUE,0.700000001957669
"e0422750e1_t70","2pl","bimodal","parametric",60,0.7,1000,1000,0.700573127756703,0.00701845250411358,0.686709345687539,0.713904434669175,0.700043539635099,0.00699615968848767,0.699793618026685,0.00699345425201438,TRUE,0.700000001957669
"e0422750e1_t70","2pl","bimodal","parametric",60,0.7,2000,1000,0.700328221234494,0.00482345867990569,0.690579972765028,0.709783074164067,0.699797603836298,0.00480782390252735,0.69954675514038,0.00480590607508168,TRUE,0.700000001957669
"e0422750e1_t80","2pl","bimodal","parametric",60,0.8,100,1000,0.798383901755966,0.0166442857361285,0.763806587951967,0.829053127827452,0.797224876756594,0.0165301583995093,0.796879695150263,0.0165286667085227,TRUE,0.800000002375825
"e0422750e1_t80","2pl","bimodal","parametric",60,0.8,250,1000,0.799312525704807,0.0101683613432833,0.778978632378989,0.817281687245174,0.798141513303117,0.0100955849123609,0.797792961125853,0.01009400512869,TRUE,0.800000002375825
"e0422750e1_t80","2pl","bimodal","parametric",60,0.8,500,1000,0.799373204889913,0.00732994569106575,0.784299756494743,0.813034148441453,0.79820045712118,0.00727213048255012,0.797849979035798,0.00726929665796621,TRUE,0.800000002375825
"e0422750e1_t80","2pl","bimodal","parametric",60,0.8,1000,1000,0.799989761215921,0.00507321093037124,0.789770004761775,0.809756766868479,0.798810596680511,0.00503571035929364,0.798459208438344,0.00503465067615007,TRUE,0.800000002375825
"e0422750e1_t80","2pl","bimodal","parametric",60,0.8,2000,1000,0.799915889820769,0.0037220497369733,0.79264735849504,0.807167898680989,0.798738884719822,0.00369515290528268,0.798387665819829,0.00369463337066329,TRUE,0.800000002375825
"e0422750e1_t90","2pl","bimodal","parametric",60,0.9,100,1000,0.899329992891849,0.00880411571160294,0.881184946316147,0.914817146446858,0.896502125772858,0.00857417754047651,0.896069562528497,0.00857269627027089,TRUE,0.900000002132564
"e0422750e1_t90","2pl","bimodal","parametric",60,0.9,250,1000,0.900206141854505,0.00524590208181668,0.889301624825125,0.910091571507369,0.897325460330965,0.0051054107358492,0.896883204927206,0.00510563036615559,TRUE,0.900000002132564
"e0422750e1_t90","2pl","bimodal","parametric",60,0.9,500,1000,0.900234345925842,0.00393794929044298,0.89226018189455,0.907815925811215,0.89736432910724,0.00384530185017791,0.896923561666748,0.00384793192368262,TRUE,0.900000002132564
"e0422750e1_t90","2pl","bimodal","parametric",60,0.9,1000,1000,0.900533583924784,0.0027011990052602,0.895070567033133,0.905476544743187,0.897638902981259,0.00263934613476857,0.897194238719945,0.00264187730581244,TRUE,0.900000002132564
"e0422750e1_t90","2pl","bimodal","parametric",60,0.9,2000,1000,0.9004229296927,0.00187452142015998,0.896703386210095,0.903948843524216,0.897535618886274,0.00182749946242703,0.897091930884493,0.00182855817087515,TRUE,0.900000002132564
"e0422750e1_t95","2pl","bimodal","parametric",60,0.95,100,1000,0.949601565403343,0.00443792581595622,0.940016369318904,0.95746815929307,0.946063338308165,0.00413941051673101,0.945716216421881,0.00413620300135754,TRUE,0.950000000916261
"e0422750e1_t95","2pl","bimodal","parametric",60,0.95,250,1000,0.950217852870323,0.0026701585801122,0.944493983671235,0.955034264716736,0.946596122995409,0.00244903795773311,0.946235647834849,0.00244258797751206,TRUE,0.950000000916261
"e0422750e1_t95","2pl","bimodal","parametric",60,0.95,500,1000,0.950131015367298,0.00187280437604482,0.946408981652091,0.953711287069586,0.946513519174339,0.00174946036879308,0.946152865588042,0.00175021605973195,TRUE,0.950000000916261
"e0422750e1_t95","2pl","bimodal","parametric",60,0.95,1000,1000,0.950161803074841,0.00127797651945624,0.94747295972409,0.952524277888091,0.946528437948658,0.00118642668232319,0.946163148250019,0.0011875179575913,TRUE,0.950000000916261
"e0422750e1_t95","2pl","bimodal","parametric",60,0.95,2000,1000,0.950157945286798,0.000936714806185487,0.948238837153378,0.95196262834935,0.946537995804067,0.000862632424205815,0.946176121761798,0.000860418066630775,TRUE,0.950000000916261
"e1c3c9e4f3_t50","3pl_beta","skew_pos","irw",40,0.5,100,1000,0.497513543112537,0.0443514526813367,0.410637245957187,0.581280798979613,0.496634405072433,0.0440805083645086,0.495587166885176,0.0438443103930014,TRUE,0.500000000481069
"e1c3c9e4f3_t50","3pl_beta","skew_pos","irw",40,0.5,250,1000,0.498334340773522,0.0284692842533108,0.445312271379634,0.555381036114332,0.497460969516464,0.028289627550514,0.496397858634843,0.0281117946916894,TRUE,0.500000000481069
"e1c3c9e4f3_t50","3pl_beta","skew_pos","irw",40,0.5,500,1000,0.500488341513544,0.0201142626575202,0.460410324805589,0.540069700785348,0.49960669131598,0.0199866471871032,0.498531575557481,0.0198595866444988,TRUE,0.500000000481069
"e1c3c9e4f3_t50","3pl_beta","skew_pos","irw",40,0.5,1000,1000,0.500668677227662,0.0142456020660924,0.472650078631358,0.527408128585983,0.499787147202941,0.0141552251424465,0.498707591055124,0.014062810713976,TRUE,0.500000000481069
"e1c3c9e4f3_t50","3pl_beta","skew_pos","irw",40,0.5,2000,1000,0.501247544380205,0.0102612407167695,0.481571985663817,0.521583848766278,0.500364493608955,0.0101945227104932,0.499279374732754,0.0101246665372819,TRUE,0.500000000481069
"e1c3c9e4f3_t60","3pl_beta","skew_pos","irw",40,0.6,100,1000,0.595316665472591,0.0429985485547213,0.509484141669575,0.676191682128122,0.593540633736313,0.0424097480464288,0.591900442640354,0.0419117035672875,TRUE,0.600000000490959
"e1c3c9e4f3_t60","3pl_beta","skew_pos","irw",40,0.6,250,1000,0.597097679711661,0.0266457203777481,0.546241625220476,0.648371571085398,0.595315092197077,0.0262513034134838,0.593621822043297,0.0258731933044813,TRUE,0.600000000490959
"e1c3c9e4f3_t60","3pl_beta","skew_pos","irw",40,0.6,500,1000,0.5977071693071,0.0176549744599709,0.562205771317445,0.6309905657554,0.595932872456286,0.0174062801559429,0.594206853422255,0.0171577459631085,TRUE,0.600000000490959
"e1c3c9e4f3_t60","3pl_beta","skew_pos","irw",40,0.6,1000,1000,0.599128659840208,0.0136802532971529,0.571154573889993,0.62490060788185,0.59733338091104,0.0134853093847876,0.595575998328411,0.0132802289004926,TRUE,0.600000000490959
"e1c3c9e4f3_t60","3pl_beta","skew_pos","irw",40,0.6,2000,1000,0.599746043480232,0.00949976993533989,0.581539350735246,0.617728205434801,0.597943458451034,0.00935934544011331,0.596176506076564,0.00921436759501956,TRUE,0.600000000490959
"e1c3c9e4f3_t70","3pl_beta","skew_pos","irw",40,0.7,100,1000,0.693690088303537,0.0367283601433957,0.61496580671289,0.763613491945506,0.690285781246996,0.0358567047965116,0.688073921112461,0.0355002403840168,TRUE,0.700000002118892
"e1c3c9e4f3_t70","3pl_beta","skew_pos","irw",40,0.7,250,1000,0.69779917967546,0.0234459606691366,0.654026026861992,0.743904833405808,0.694323744263117,0.0228697178577619,0.69201282361791,0.0225931522834017,TRUE,0.700000002118892
"e1c3c9e4f3_t70","3pl_beta","skew_pos","irw",40,0.7,500,1000,0.698632290105118,0.0164322546170066,0.6676638684327,0.730539250831334,0.695154852918617,0.0160361618322429,0.692830622744839,0.015834667846042,TRUE,0.700000002118892
"e1c3c9e4f3_t70","3pl_beta","skew_pos","irw",40,0.7,1000,1000,0.700290565175467,0.0125097813592478,0.674905096174289,0.72502551514169,0.69678713034065,0.0122035379088779,0.694445050580711,0.0120492935324901,TRUE,0.700000002118892
"e1c3c9e4f3_t70","3pl_beta","skew_pos","irw",40,0.7,2000,1000,0.699860449907921,0.00864008725298354,0.68189817151103,0.716125739537431,0.696369941286814,0.00842805116179682,0.694006752610688,0.00830389540622072,TRUE,0.700000002118892
"e1c3c9e4f3_t80","3pl_beta","skew_pos","irw",40,0.8,100,1000,0.796932500862483,0.0273488440603736,0.740560478354547,0.843388974235117,0.789083821859843,0.0256373054228086,0.784124997462376,0.0238851103142763,TRUE,0.800000001128924
"e1c3c9e4f3_t80","3pl_beta","skew_pos","irw",40,0.8,250,1000,0.799126137975704,0.0162748027839561,0.766422852674115,0.828961787414513,0.791264699981806,0.0151789646358642,0.786365344747377,0.014000998465591,TRUE,0.800000001128924
"e1c3c9e4f3_t80","3pl_beta","skew_pos","irw",40,0.8,500,1000,0.799226524333728,0.0123688140319742,0.773217255231806,0.821603823092096,0.791363369741103,0.0115555594268934,0.786142342011393,0.0106380734016219,TRUE,0.800000001128924
"e1c3c9e4f3_t80","3pl_beta","skew_pos","irw",40,0.8,1000,1000,0.800280093646984,0.00815007717646513,0.783798198368272,0.815765092007675,0.792379527212258,0.00761020732567061,0.787182553568594,0.00695854023820173,TRUE,0.800000001128924
"e1c3c9e4f3_t80","3pl_beta","skew_pos","irw",40,0.8,2000,1000,0.800195467585997,0.00621429448338657,0.788541744881043,0.812613877477011,0.792297339981566,0.00580169626780397,0.787050503905106,0.00534524785658452,TRUE,0.800000001128924
"e1c3c9e4f3_t90","3pl_beta","skew_pos","irw",40,0.9,100,1000,0.89633108592539,0.0151958363149949,0.86452301539528,0.923879319836877,0.873110841982204,0.0118660454360009,0.857283257745569,0.0153533476877608,TRUE,0.900000000716563
"e1c3c9e4f3_t90","3pl_beta","skew_pos","irw",40,0.9,250,1000,0.898428151979438,0.00954871471814632,0.879082815145597,0.916345343791358,0.874967023301716,0.007441343416768,0.856690683680616,0.0165081916231794,TRUE,0.900000000716563
"e1c3c9e4f3_t90","3pl_beta","skew_pos","irw",40,0.9,500,1000,0.899189329005693,0.00649335000155254,0.885730610267377,0.911235369469217,0.875701845405344,0.00506990397391338,0.856479083641503,0.0154794735749577,TRUE,0.900000000716563
"e1c3c9e4f3_t90","3pl_beta","skew_pos","irw",40,0.9,1000,1000,0.899288226725743,0.00458718322108923,0.890279248295084,0.907619259709956,0.875812813008795,0.00356172960507814,0.856905121536224,0.00912368723896507,TRUE,0.900000000716563
"e1c3c9e4f3_t90","3pl_beta","skew_pos","irw",40,0.9,2000,1000,0.899520820494545,0.00328560908088649,0.893207067621959,0.90574599061646,0.876010102317024,0.00252464900793233,0.856495549772302,0.00855308369495002,TRUE,0.900000000716563
"e1c3c9e4f3_t95","3pl_beta","skew_pos","irw",40,0.95,100,1000,0.948898506173203,0.00769862977110462,0.931941082262446,0.962860311774514,0.925522017621224,0.0043251287970202,0.841534865483439,0.152070091280581,TRUE,0.950000000255157
"e1c3c9e4f3_t95","3pl_beta","skew_pos","irw",40,0.95,250,1000,0.949236771087007,0.00484327499897891,0.939460845906823,0.958306223414235,0.926046042630607,0.00256377742242797,0.817655869549107,0.171814937415246,TRUE,0.950000000255157
"e1c3c9e4f3_t95","3pl_beta","skew_pos","irw",40,0.95,500,1000,0.949574142762613,0.00337959145602962,0.942736373448165,0.955892850776157,0.926284688809758,0.00177880307814719,0.795559708950038,0.172632492711654,TRUE,0.950000000255157
"e1c3c9e4f3_t95","3pl_beta","skew_pos","irw",40,0.95,1000,1000,0.949907777041303,0.0024543973280121,0.945041003005351,0.954570989656466,0.926488967659756,0.00121193578341536,0.766075430774615,0.177262366645827,TRUE,0.950000000255157
"e1c3c9e4f3_t95","3pl_beta","skew_pos","irw",40,0.95,2000,1000,0.949794885227362,0.0017076086427999,0.946187019371264,0.952965475369636,0.926518603231957,0.000872033223240813,0.737722315595911,0.175634342492986,TRUE,0.950000000255157
"ec1be6f260_t50","3pl_g20","heavy_tail","parametric",60,0.5,100,1000,0.493316503170856,0.0558016758432423,0.395208294216197,0.611054610643589,0.492424717736549,0.0552243971241835,0.490729988197566,0.0530529061909558,FALSE,0.500000000380618
"ec1be6f260_t50","3pl_g20","heavy_tail","parametric",60,0.5,250,1000,0.500269713205535,0.0383612478575494,0.43142447822465,0.582616420803621,0.499345736435675,0.0379751360432587,0.497416703791573,0.0365148849200269,FALSE,0.500000000380618
"ec1be6f260_t50","3pl_g20","heavy_tail","parametric",60,0.5,500,1000,0.502216737412966,0.0273172859540125,0.455340342587812,0.558430850389486,0.501302687624942,0.0270652434417151,0.498497587267936,0.0287765773747813,FALSE,0.500000000380618
"ec1be6f260_t50","3pl_g20","heavy_tail","parametric",60,0.5,1000,1000,0.503486609432665,0.019635597405531,0.466812735854162,0.547296274254801,0.502579878846269,0.0194523592850829,0.500494141310765,0.0184875887535427,FALSE,0.500000000380618
"ec1be6f260_t50","3pl_g20","heavy_tail","parametric",60,0.5,2000,1000,0.503010701565735,0.0142545176999871,0.475635150196069,0.532749429033088,0.502112207303987,0.0141270890082803,0.499716583381843,0.0140905401392616,FALSE,0.500000000380618
"ec1be6f260_t60","3pl_g20","heavy_tail","parametric",60,0.6,100,1000,0.586810147448618,0.0514747108993323,0.489128229012771,0.68992211649785,0.584988477273637,0.0505704207105448,0.582046166580419,0.0482297240114629,FALSE,0.600000001511587
"ec1be6f260_t60","3pl_g20","heavy_tail","parametric",60,0.6,250,1000,0.590469618728811,0.0363329288748008,0.526171372957457,0.668936869988398,0.588670244380144,0.0357128735948905,0.584634442100706,0.033865755361865,FALSE,0.600000001511587
"ec1be6f260_t60","3pl_g20","heavy_tail","parametric",60,0.6,500,1000,0.592610802766765,0.0273085723374359,0.544367953288246,0.650186241849718,0.590808379509099,0.0268740965151843,0.586997661995736,0.0243218729900137,FALSE,0.600000001511587
"ec1be6f260_t60","3pl_g20","heavy_tail","parametric",60,0.6,1000,1000,0.595473280854789,0.0199502787207757,0.559541946324547,0.636613641853854,0.593640380138096,0.01963793287609,0.588731713710117,0.0256961503563323,FALSE,0.600000001511587
"ec1be6f260_t60","3pl_g20","heavy_tail","parametric",60,0.6,2000,1000,0.59489611306457,0.0138283630513737,0.571015953450379,0.623127348882593,0.593084926226259,0.0136141016260044,0.587881255247922,0.0236851024192874,FALSE,0.600000001511587
"ec1be6f260_t70","3pl_g20","heavy_tail","parametric",60,0.7,100,1000,0.6898143674991,0.0470130730027354,0.6016166197275,0.783760294355106,0.687359742022097,0.0456418895966078,0.682333790117876,0.0441560387667605,FALSE,0.70000000263163
"ec1be6f260_t70","3pl_g20","heavy_tail","parametric",60,0.7,250,1000,0.696883923499635,0.0308252965800353,0.641247601872758,0.762757663606307,0.694456514226514,0.0299691897741241,0.687952136457223,0.0304183822673745,FALSE,0.70000000263163
"ec1be6f260_t70","3pl_g20","heavy_tail","parametric",60,0.7,500,1000,0.696854085822851,0.0230298865783929,0.655546307011514,0.74311114610326,0.694451539305571,0.0224181487252013,0.685407282707025,0.0377770259440309,FALSE,0.70000000263163
"ec1be6f260_t70","3pl_g20","heavy_tail","parametric",60,0.7,1000,1000,0.699380618832248,0.0167902094353431,0.668713003618465,0.736515698159051,0.696909660635991,0.0163521745908841,0.686386875754124,0.0346743900153109,FALSE,0.70000000263163
"ec1be6f260_t70","3pl_g20","heavy_tail","parametric",60,0.7,2000,1000,0.699094738460784,0.0113549668988598,0.678235196483952,0.721836324822356,0.696663186747485,0.0110525999807972,0.685236316090501,0.0369431092081831,FALSE,0.70000000263163
"ec1be6f260_t80","3pl_g20","heavy_tail","parametric",60,0.8,100,1000,0.794509762631503,0.0351928827041241,0.72210899838125,0.865367018279115,0.788538284355574,0.032983421520234,0.776341596433456,0.047887849794482,FALSE,0.799999966939719
"ec1be6f260_t80","3pl_g20","heavy_tail","parametric",60,0.8,250,1000,0.798394612820003,0.0236497117735226,0.754696566173483,0.844919205263066,0.792467389933773,0.0222869914981166,0.775037909935249,0.0559310764746692,FALSE,0.799999966939719
"ec1be6f260_t80","3pl_g20","heavy_tail","parametric",60,0.8,500,1000,0.798477291985765,0.01761411172565,0.766638907363371,0.833675177292121,0.792587686121698,0.0166672581889977,0.767548455710953,0.081943911337117,FALSE,0.799999966939719
"ec1be6f260_t80","3pl_g20","heavy_tail","parametric",60,0.8,1000,1000,0.799478267393864,0.0119353789072583,0.77773126118688,0.822725481415916,0.793553944155874,0.0112921439293816,0.765994931732133,0.0780499145984678,FALSE,0.799999966939719
"ec1be6f260_t80","3pl_g20","heavy_tail","parametric",60,0.8,2000,1000,0.799869514809862,0.00914033318481591,0.783074756400242,0.819219241912148,0.793942239034872,0.00866001578050068,0.760073384309268,0.0895640169272059,FALSE,0.799999966939719
"ec1be6f260_t90","3pl_g20","heavy_tail","parametric",60,0.9,100,1000,0.894568285806555,0.0199063634938945,0.855067237063341,0.931914501103464,0.884987937257952,0.016575951144544,0.84251824727833,0.126496930231451,FALSE,0.90000000071617
"ec1be6f260_t90","3pl_g20","heavy_tail","parametric",60,0.9,250,1000,0.896467795381734,0.0133093824939995,0.871238921281591,0.923306945861573,0.886879769964505,0.0111422923245895,0.82235706887095,0.157752841138368,FALSE,0.90000000071617
"ec1be6f260_t90","3pl_g20","heavy_tail","parametric",60,0.9,500,1000,0.897843116391951,0.00946340471508944,0.880489036620397,0.916537700511361,0.888335606305748,0.00820608309779705,0.795936914894804,0.189102275475059,FALSE,0.90000000071617
"ec1be6f260_t90","3pl_g20","heavy_tail","parametric",60,0.9,1000,1000,0.899236384062199,0.00733490147864694,0.885987594083465,0.914062588868965,0.889578474913381,0.00653219438166004,0.747184070651036,0.227019090246041,FALSE,0.90000000071617
"ec1be6f260_t90","3pl_g20","heavy_tail","parametric",60,0.9,2000,1000,0.898925051233752,0.00533859165982436,0.889707006833617,0.909867156278191,0.889332180308153,0.00479831291662406,0.703734572461752,0.245356886274986,FALSE,0.90000000071617
"ec1be6f260_t95","3pl_g20","heavy_tail","parametric",60,0.95,100,1000,0.94566888059002,0.0108625954943697,0.92428185117879,0.965362976166256,0.930913827017509,0.00684001141240081,0.810520211594957,0.233458396820252,FALSE,0.950000000220694
"ec1be6f260_t95","3pl_g20","heavy_tail","parametric",60,0.95,250,1000,0.946767392582572,0.00674036645594694,0.933365639803651,0.960294199812444,0.932135534600662,0.00437366763188556,0.734661838092667,0.282220105510471,FALSE,0.950000000220694
"ec1be6f260_t95","3pl_g20","heavy_tail","parametric",60,0.95,500,1000,0.947821818986549,0.00521702496979507,0.937908380693711,0.958250709668408,0.933050996557527,0.00370806787541005,0.610613558223179,0.337814954532207,FALSE,0.950000000220694
"ec1be6f260_t95","3pl_g20","heavy_tail","parametric",60,0.95,1000,1000,0.948138792302333,0.00379979421834607,0.941030854016204,0.955955535436405,0.933312088695291,0.00268422838131637,0.477171485008277,0.348729837367304,FALSE,0.950000000220694
"ec1be6f260_t95","3pl_g20","heavy_tail","parametric",60,0.95,2000,1000,0.948128094965655,0.0026590122585106,0.943238040778733,0.953723098610566,0.933266260825801,0.00195536957670549,0.363689382958597,0.320103177885426,FALSE,0.950000000220694
"ec99a4118e_t50","rasch","skew_pos","parametric",40,0.5,100,1000,0.498893733138225,0.0436826957386926,0.413318173412562,0.581536947236815,0.498675448576832,0.0435560802363248,0.498422469771878,0.0434322291677087,TRUE,0.500000000315173
"ec99a4118e_t50","rasch","skew_pos","parametric",40,0.5,250,1000,0.499250059859702,0.028902228051804,0.441084064105765,0.553360199864409,0.49903371667397,0.0288159367322516,0.498761713834344,0.02871588633398,TRUE,0.500000000315173
"ec99a4118e_t50","rasch","skew_pos","parametric",40,0.5,500,1000,0.500160927303776,0.0201920390085055,0.460401450412925,0.539793576124449,0.49994701866583,0.0201287851528061,0.499675729369605,0.0200547018223281,TRUE,0.500000000315173
"ec99a4118e_t50","rasch","skew_pos","parametric",40,0.5,1000,1000,0.500282501549681,0.0140950757547266,0.471781526630418,0.527136991549761,0.500069258270445,0.0140521685706431,0.499795883768058,0.0140024370987322,TRUE,0.500000000315173
"ec99a4118e_t50","rasch","skew_pos","parametric",40,0.5,2000,1000,0.50126996278484,0.0102699269042969,0.480929006751433,0.521603280063061,0.501054163749247,0.01023800384319,0.500775134718317,0.010199814369935,TRUE,0.500000000315173
"ec99a4118e_t60","rasch","skew_pos","parametric",40,0.6,100,1000,0.603395374545624,0.0432326431197473,0.512681053268095,0.688927321397934,0.602864650789436,0.0429267382258211,0.602413117531464,0.0426847656606727,TRUE,0.600000017296117
"ec99a4118e_t60","rasch","skew_pos","parametric",40,0.6,250,1000,0.603427209003049,0.0273507580136332,0.551982928547761,0.654340141627757,0.602919748375556,0.0271716185577646,0.602460218065809,0.0270195938780509,TRUE,0.600000017296117
"ec99a4118e_t60","rasch","skew_pos","parametric",40,0.6,500,1000,0.60556809627487,0.0193559164597327,0.566707469572236,0.642048607910693,0.605042323974121,0.0192222067015725,0.604545290855981,0.0190949846103182,TRUE,0.600000017296117
"ec99a4118e_t60","rasch","skew_pos","parametric",40,0.6,1000,1000,0.605987066322228,0.0132075135132463,0.579689809182051,0.631065409613246,0.605464779144691,0.0131144591318989,0.604968215234381,0.0130194979556207,TRUE,0.600000017296117
"ec99a4118e_t60","rasch","skew_pos","parametric",40,0.6,2000,1000,0.60643317103134,0.00988960880978311,0.58706455100796,0.624677986305573,0.605911302980698,0.00981950833400013,0.605414505688821,0.00974915552841662,TRUE,0.600000017296117
"ec99a4118e_t70","rasch","skew_pos","parametric",40,0.7,100,1000,0.69885235080338,0.0380174715662122,0.62204617421253,0.770543318276839,0.697770777379463,0.037432827647455,0.697009046200962,0.0369194388864246,TRUE,0.700000002968587
"ec99a4118e_t70","rasch","skew_pos","parametric",40,0.7,250,1000,0.701878049901132,0.0238652731348636,0.65377645550105,0.74473112351174,0.700794395589995,0.0235170339506583,0.700011475615407,0.0232219497156502,TRUE,0.700000002968587
"ec99a4118e_t70","rasch","skew_pos","parametric",40,0.7,500,1000,0.703471170721236,0.0166516700543225,0.67145269143322,0.736216317371247,0.702386955503771,0.0164078125304855,0.701589754734077,0.0162049916662158,TRUE,0.700000002968587
"ec99a4118e_t70","rasch","skew_pos","parametric",40,0.7,1000,1000,0.703967819715139,0.0119671037602979,0.678340582478484,0.727689071965718,0.702886516721839,0.0117884025820489,0.702088940355462,0.0116309951569151,TRUE,0.700000002968587
"ec99a4118e_t70","rasch","skew_pos","parametric",40,0.7,2000,1000,0.703821812963704,0.0081606208812601,0.687471215646971,0.718803760200261,0.702744461847325,0.00804073052773871,0.701950723309915,0.0079479925331797,TRUE,0.700000002968587
"ec99a4118e_t80","rasch","skew_pos","parametric",40,0.8,100,1000,0.796498872576554,0.0276381675871317,0.739261177591115,0.846263164637735,0.793784415536846,0.0265662129149312,0.792163679659127,0.0257494150336101,TRUE,0.800000003430302
"ec99a4118e_t80","rasch","skew_pos","parametric",40,0.8,250,1000,0.798635145184301,0.0178528174689131,0.762256570165213,0.832903986102317,0.795916996110209,0.0171165723561608,0.794229191224506,0.016453233024878,TRUE,0.800000003430302
"ec99a4118e_t80","rasch","skew_pos","parametric",40,0.8,500,1000,0.799501835650912,0.0123974451833154,0.773616728317717,0.823104468562488,0.796765385652495,0.0118790510545338,0.795018093272816,0.011404500797399,TRUE,0.800000003430302
"ec99a4118e_t80","rasch","skew_pos","parametric",40,0.8,1000,1000,0.800079969296085,0.00890486990476715,0.782996982750255,0.817575109225997,0.797323955404175,0.00851507385396708,0.795496489394288,0.0081263812709662,TRUE,0.800000003430302
"ec99a4118e_t80","rasch","skew_pos","parametric",40,0.8,2000,1000,0.800068422704183,0.00611830861516662,0.787776187017631,0.812217338119007,0.797309668207167,0.00584918005263782,0.795445356747851,0.00557495409708834,TRUE,0.800000003430302
"ec99a4118e_t90","rasch","skew_pos","parametric",40,0.9,100,1000,0.897549351214238,0.0163061016428527,0.860612558756114,0.925454626004779,0.892070490027412,0.0140565182358185,0.887504945906605,0.0137761564135142,TRUE,0.90000000133648
"ec99a4118e_t90","rasch","skew_pos","parametric",40,0.9,250,1000,0.898888392347451,0.00982438932563633,0.878568147486979,0.916654569832131,0.893405810076276,0.0084702334402592,0.88786116080184,0.0229771531106163,TRUE,0.90000000133648
"ec99a4118e_t90","rasch","skew_pos","parametric",40,0.9,500,1000,0.898896644436084,0.00676915594910125,0.884997179794739,0.911386987438359,0.893428967774328,0.00580095789215922,0.888090133750328,0.0100501002852386,TRUE,0.90000000133648
"ec99a4118e_t90","rasch","skew_pos","parametric",40,0.9,1000,1000,0.89960373456667,0.00477747871133036,0.890002547041703,0.908607134992692,0.894112385967045,0.00409896250947327,0.887972879913728,0.0103569995661504,TRUE,0.90000000133648
"ec99a4118e_t90","rasch","skew_pos","parametric",40,0.9,2000,1000,0.899761860494697,0.00339946785692481,0.893400873857512,0.905895546294909,0.894239117784555,0.00288736536293126,0.888086688934906,0.0107561345800983,TRUE,0.90000000133648
"ec99a4118e_t95","rasch","skew_pos","parametric",40,0.95,100,1000,0.948275388924826,0.00777332127451509,0.931940016507102,0.961987871397451,0.935852929092014,0.00424117194775813,0.900116389104172,0.0896868936246762,TRUE,0.950000000578429
"ec99a4118e_t95","rasch","skew_pos","parametric",40,0.95,250,1000,0.94868610716531,0.00491753056990197,0.939107924367293,0.958133701697568,0.93629090638388,0.00255958978013565,0.8895735202512,0.102577341567223,TRUE,0.950000000578429
"ec99a4118e_t95","rasch","skew_pos","parametric",40,0.95,500,1000,0.94914678288058,0.0034579529263468,0.942038769757047,0.955280547931537,0.936612882756828,0.00175105833751477,0.883612161555913,0.0977900816047352,TRUE,0.950000000578429
"ec99a4118e_t95","rasch","skew_pos","parametric",40,0.95,1000,1000,0.949477051085006,0.00256909861890863,0.944582819912773,0.954371969024798,0.936866882770959,0.00128336938638115,0.869189108635822,0.109500567528424,TRUE,0.950000000578429
"ec99a4118e_t95","rasch","skew_pos","parametric",40,0.95,2000,1000,0.949359471456051,0.00171121317643046,0.945933920854023,0.952677408514817,0.93682261738099,0.000886740281495626,0.858055740812841,0.109300437662325,TRUE,0.950000000578429
"f0bf345638_t50","3pl_beta","bimodal","irw",20,0.5,100,1000,0.495843069072098,0.0266568191993282,0.440422723157757,0.54345532628425,0.488497496482187,0.025728869007642,0.478986683219749,0.0253780272930859,TRUE,0.500000000260229
"f0bf345638_t50","3pl_beta","bimodal","irw",20,0.5,250,1000,0.498306823577881,0.016615283634672,0.462567011836278,0.529057572468022,0.490867555580646,0.0160114262242477,0.481263112366268,0.0157769471185732,TRUE,0.500000000260229
"f0bf345638_t50","3pl_beta","bimodal","irw",20,0.5,500,1000,0.497373352031087,0.0113935709075525,0.47478713417759,0.518598668343285,0.489969304505009,0.0109697764246752,0.480349826479415,0.0107806970879902,TRUE,0.500000000260229
"f0bf345638_t50","3pl_beta","bimodal","irw",20,0.5,1000,1000,0.497749869808854,0.00824524842244848,0.480888658708303,0.513298253834343,0.490341050273215,0.00795200252803657,0.480722481321261,0.00783764353701531,TRUE,0.500000000260229
"f0bf345638_t50","3pl_beta","bimodal","irw",20,0.5,2000,1000,0.4980331103004,0.00583174070543566,0.486297428198344,0.509207520790793,0.490602928980311,0.00562836511968556,0.480961547976595,0.00555409717724547,TRUE,0.500000000260229
"f0bf345638_t60","3pl_beta","bimodal","irw",20,0.6,100,1000,0.597632384909071,0.0229177899425076,0.550837906387678,0.638368508462096,0.590588378675666,0.0218103469382514,0.583051219837819,0.0212157833560639,TRUE,0.600000000223207
"f0bf345638_t60","3pl_beta","bimodal","irw",20,0.6,250,1000,0.59847495330878,0.0139251305377627,0.569925200991991,0.624615284783084,0.591440964271353,0.0131959835108411,0.583784001459932,0.0127155351789528,TRUE,0.600000000223207
"f0bf345638_t60","3pl_beta","bimodal","irw",20,0.6,500,1000,0.59843717212239,0.0101602138021468,0.578114465675653,0.617931345724768,0.59140134202227,0.00967930227292567,0.583778071433103,0.00943439048546669,TRUE,0.600000000223207
"f0bf345638_t60","3pl_beta","bimodal","irw",20,0.6,1000,1000,0.598829775021925,0.00695012537753646,0.585551241823888,0.612052242386808,0.591777418979675,0.00659071375213305,0.584098604549379,0.00638933098195805,TRUE,0.600000000223207
"f0bf345638_t60","3pl_beta","bimodal","irw",20,0.6,2000,1000,0.598821640093018,0.00509951514239784,0.588646694621325,0.609117580334348,0.591765886250887,0.00484867282332088,0.584075139283673,0.0047216026305257,TRUE,0.600000000223207
"f0bf345638_t70","3pl_beta","bimodal","irw",20,0.7,100,1000,0.695675887115764,0.0238216816432125,0.645543232884515,0.740369097377986,0.69378437592724,0.0236500743949702,0.692908305228105,0.0236471823749085,TRUE,0.700000000239435
"f0bf345638_t70","3pl_beta","bimodal","irw",20,0.7,250,1000,0.69683776347735,0.0148063204078627,0.668014817746936,0.725312510423299,0.694919161818154,0.0146977876132594,0.694028314699175,0.0146974572198889,TRUE,0.700000000239435
"f0bf345638_t70","3pl_beta","bimodal","irw",20,0.7,500,1000,0.697779066062184,0.010349785107254,0.67689871020717,0.716461933195702,0.695844440542213,0.0102703188360183,0.694942289023575,0.0102668113836819,TRUE,0.700000000239435
"f0bf345638_t70","3pl_beta","bimodal","irw",20,0.7,1000,1000,0.697085500008078,0.00700467538309523,0.682748337642174,0.710148668140717,0.695159370188256,0.00695055428061943,0.694259957042879,0.00694763292847125,TRUE,0.700000000239435
"f0bf345638_t70","3pl_beta","bimodal","irw",20,0.7,2000,1000,0.697518680360945,0.00495714746051671,0.688119512405178,0.707267367192802,0.695588691361923,0.00491908168521621,0.694687335912842,0.00491699513881057,TRUE,0.700000000239435
"f0bf345638_t80","3pl_beta","bimodal","irw",20,0.8,100,1000,0.798396390999807,0.0138094139411887,0.769312581414873,0.82182903958974,0.782553525218329,0.0124326059895329,0.776110658216687,0.0123297688327344,TRUE,0.80000000059342
"f0bf345638_t80","3pl_beta","bimodal","irw",20,0.8,250,1000,0.799457016773097,0.00829885682620572,0.782653992231494,0.814846086339936,0.783446490021972,0.00744404284595814,0.77695744584906,0.00733222423147536,TRUE,0.80000000059342
"f0bf345638_t80","3pl_beta","bimodal","irw",20,0.8,500,1000,0.799381925587231,0.0057550437911534,0.787952701594582,0.810326877848133,0.783352534390686,0.00518021847746791,0.776821867618539,0.00516117658547566,TRUE,0.80000000059342
"f0bf345638_t80","3pl_beta","bimodal","irw",20,0.8,1000,1000,0.799776032123219,0.00420989857638165,0.79108213012861,0.807675605447258,0.783703930722248,0.00377426680055033,0.77712862106809,0.00385975832500479,TRUE,0.80000000059342
"f0bf345638_t80","3pl_beta","bimodal","irw",20,0.8,2000,1000,0.799684209002437,0.00299977327004242,0.793679031813538,0.805186460646702,0.783624360651906,0.00268945470442897,0.777085786931857,0.0026488290512734,TRUE,0.80000000059342
"f0bf345638_t90","3pl_beta","bimodal","irw",20,0.9,100,1000,0.899792323221886,0.00659966327931578,0.885806539165072,0.91186500225596,0.851126721753483,0.00762888060533963,0.721287002859075,0.120908085672122,TRUE,0.900000000598172
"f0bf345638_t90","3pl_beta","bimodal","irw",20,0.9,250,1000,0.90014488878923,0.00412018741231092,0.891702873803052,0.907296797692936,0.851448866288562,0.00468288500955921,0.704879661615336,0.102092503407054,TRUE,0.900000000598172
"f0bf345638_t90","3pl_beta","bimodal","irw",20,0.9,500,1000,0.900462770930678,0.00300650040994601,0.894444803145297,0.906179728040173,0.851554747769669,0.00335244738275134,0.69970973959741,0.0843768103437863,TRUE,0.900000000598172
"f0bf345638_t90","3pl_beta","bimodal","irw",20,0.9,1000,1000,0.900441302072774,0.00208757517630226,0.896208460374391,0.904470286855114,0.851624165165627,0.00234239189449745,0.694402628265267,0.0685961758189532,TRUE,0.900000000598172
"f0bf345638_t90","3pl_beta","bimodal","irw",20,0.9,2000,1000,0.900595468495205,0.00141918852819777,0.897795102508207,0.90335668269103,0.851789430067807,0.0016618365979778,0.68632267277483,0.0565315318299411,TRUE,0.900000000598172
"f0bf345638_t95","3pl_beta","bimodal","irw",20,0.95,100,1000,0.949498119101491,0.00472838913417294,0.939048241710225,0.95802479689589,0.921526828904257,0.00749957286654266,0.901642542392345,0.0887058431253704,TRUE,0.950000000387226
"f0bf345638_t95","3pl_beta","bimodal","irw",20,0.95,250,1000,0.950014223019183,0.00313236055407121,0.943867674843638,0.955869298513744,0.921927489840105,0.00484537789510398,0.88368999159961,0.135504913208409,TRUE,0.950000000387226
"f0bf345638_t95","3pl_beta","bimodal","irw",20,0.95,500,1000,0.94993904107864,0.00219741229322463,0.945490455154593,0.954186488633071,0.922137275438872,0.00331636523623345,0.886349639209455,0.118918101014483,TRUE,0.950000000387226
"f0bf345638_t95","3pl_beta","bimodal","irw",20,0.95,1000,1000,0.950070191416268,0.00150213413603067,0.947066081724157,0.952864214893011,0.92217764947899,0.00232231233321514,0.866082514076043,0.152901010801811,TRUE,0.950000000387226
"f0bf345638_t95","3pl_beta","bimodal","irw",20,0.95,2000,1000,0.950100504861037,0.0010789643820565,0.94796198402189,0.952219573640982,0.922274749712729,0.00168451016005827,0.830944191340681,0.207613399859088,TRUE,0.950000000387226
"f1ffd2e9cb_t50","rasch","heavy_tail","irw",40,0.5,100,1000,0.494496960210185,0.0549119926136683,0.39725874526218,0.607529986284848,0.494194874268074,0.0546508020636131,0.493767290774087,0.054212119103708,FALSE,0.500000000362811
"f1ffd2e9cb_t50","rasch","heavy_tail","irw",40,0.5,250,1000,0.500208103158487,0.0389997368436801,0.434643451741017,0.576077484714904,0.499905641228844,0.0387898993352408,0.499180455071534,0.0372946898573301,FALSE,0.500000000362811
"f1ffd2e9cb_t50","rasch","heavy_tail","irw",40,0.5,500,1000,0.501232292999526,0.0281637980587369,0.447918016002837,0.562683654140077,0.500933466786832,0.0280216213744657,0.50036111903303,0.0274491938695545,FALSE,0.500000000362811
"f1ffd2e9cb_t50","rasch","heavy_tail","irw",40,0.5,1000,1000,0.503410183838027,0.0211889403067995,0.466386530065662,0.545185025075329,0.503111302616123,0.0210915524625923,0.502021789697119,0.0205199611037028,FALSE,0.500000000362811
"f1ffd2e9cb_t50","rasch","heavy_tail","irw",40,0.5,2000,1000,0.50300427932228,0.0145712976156473,0.47776589705081,0.532748829769764,0.502709909798709,0.0145046043075744,0.501997044428702,0.0139878139645105,FALSE,0.500000000362811
"f1ffd2e9cb_t60","rasch","heavy_tail","irw",40,0.6,100,1000,0.594380080111185,0.0547697526863054,0.490995033849748,0.714732663149853,0.593620722902496,0.054161167537492,0.592531314796473,0.0525611539774189,FALSE,0.600000008262631
"f1ffd2e9cb_t60","rasch","heavy_tail","irw",40,0.6,250,1000,0.598720715836324,0.0351221419641393,0.533718653929801,0.673953566625178,0.597991302882461,0.0347669844439962,0.596938997503456,0.0337299655623908,FALSE,0.600000008262631
"f1ffd2e9cb_t60","rasch","heavy_tail","irw",40,0.6,500,1000,0.601074582247842,0.0260828887831167,0.55414839940993,0.661646760772496,0.600340393946674,0.0258238326261248,0.599102575403257,0.0246181897805914,FALSE,0.600000008262631
"f1ffd2e9cb_t60","rasch","heavy_tail","irw",40,0.6,1000,1000,0.60189612114665,0.0183806357631017,0.567724988604924,0.639087837324138,0.601165354918694,0.0182057369372336,0.599408625971903,0.0194911061408191,FALSE,0.600000008262631
"f1ffd2e9cb_t60","rasch","heavy_tail","irw",40,0.6,2000,1000,0.602202846581132,0.0137750083478263,0.57734563080261,0.630894346335964,0.601470085173176,0.0136446876149004,0.599766065794273,0.0134294351911205,FALSE,0.600000008262631
"f1ffd2e9cb_t70","rasch","heavy_tail","irw",40,0.7,100,1000,0.688961953998995,0.0479419256219153,0.592253154711807,0.785032273336292,0.68757244822216,0.0470309460820297,0.685763543327263,0.0447626334747373,FALSE,0.700000003248275
"f1ffd2e9cb_t70","rasch","heavy_tail","irw",40,0.7,250,1000,0.695602901731961,0.0315412551833707,0.636305203995975,0.760917001826741,0.694189749754099,0.0309270124291569,0.691862746681737,0.0286654166126308,FALSE,0.700000003248275
"f1ffd2e9cb_t70","rasch","heavy_tail","irw",40,0.7,500,1000,0.696711058845667,0.0239438797702695,0.653846576962736,0.748856917905369,0.695313381498828,0.023512244695649,0.691643425975103,0.0309004383472634,FALSE,0.700000003248275
"f1ffd2e9cb_t70","rasch","heavy_tail","irw",40,0.7,1000,1000,0.697164345164368,0.0166377800431793,0.667431411683597,0.730857200272036,0.695781733042627,0.0163410277031262,0.69167050832209,0.0285526084993098,FALSE,0.700000003248275
"f1ffd2e9cb_t70","rasch","heavy_tail","irw",40,0.7,2000,1000,0.697530360448316,0.0121372819096553,0.674339214165732,0.722511867221316,0.696149062896932,0.0119266106205916,0.69154558408002,0.0290244508573203,FALSE,0.700000003248275
"f1ffd2e9cb_t80","rasch","heavy_tail","irw",40,0.8,100,1000,0.79667415701682,0.0344427210148997,0.730522573240913,0.864968481589432,0.794509626284555,0.0331551014737151,0.790590957233095,0.034318075438161,FALSE,0.800000002785984
"f1ffd2e9cb_t80","rasch","heavy_tail","irw",40,0.8,250,1000,0.800246559106844,0.0235419207675996,0.754062468675327,0.845723676201021,0.798087430965007,0.022722474384156,0.790519381544152,0.0540056585564684,FALSE,0.800000002785984
"f1ffd2e9cb_t80","rasch","heavy_tail","irw",40,0.8,500,1000,0.80154281396819,0.0180902778035678,0.765162307475684,0.839897939858139,0.799403998871462,0.0175210741253681,0.788615726542825,0.0664548637405329,FALSE,0.800000002785984
"f1ffd2e9cb_t80","rasch","heavy_tail","irw",40,0.8,1000,1000,0.803398974738517,0.0125059312383481,0.77959114388111,0.829486179396251,0.801191197754439,0.0120635830845125,0.789402085742737,0.0517588797836619,FALSE,0.800000002785984
"f1ffd2e9cb_t80","rasch","heavy_tail","irw",40,0.8,2000,1000,0.802774154869061,0.00914563236326122,0.78639885612271,0.821215317105687,0.80061366688892,0.00886875096441632,0.781177900772713,0.0893567408005279,FALSE,0.800000002785984
"f1ffd2e9cb_t90","rasch","heavy_tail","irw",40,0.9,100,1000,0.892770104720086,0.0202626616887425,0.850851599305137,0.929613320633616,0.886254939762054,0.0176654824587569,0.867082119219005,0.0831501833013952,FALSE,0.900000000257998
"f1ffd2e9cb_t90","rasch","heavy_tail","irw",40,0.9,250,1000,0.896326711013034,0.0130245805461469,0.871104307129696,0.922684643225736,0.889513319329918,0.011276277153323,0.861851865801605,0.0944320445020274,FALSE,0.900000000257998
"f1ffd2e9cb_t90","rasch","heavy_tail","irw",40,0.9,500,1000,0.896860472822262,0.00995798623440887,0.878157917174811,0.919261801291972,0.890124819277617,0.0087355679538737,0.840706670625724,0.146003841519907,FALSE,0.900000000257998
"f1ffd2e9cb_t90","rasch","heavy_tail","irw",40,0.9,1000,1000,0.897439287573142,0.00696145466496094,0.884496790845707,0.911544213921443,0.890684025785016,0.00610607806204217,0.827855348714334,0.15335966676101,FALSE,0.900000000257998
"f1ffd2e9cb_t90","rasch","heavy_tail","irw",40,0.9,2000,1000,0.897438405340528,0.00487883665692196,0.888357036077639,0.907667742122396,0.890703244594357,0.00428408557266737,0.809511213852573,0.174693186836013,FALSE,0.900000000257998
"f1ffd2e9cb_t95","rasch","heavy_tail","irw",40,0.95,100,1000,0.94585300692073,0.011616244310748,0.919294536124756,0.967130425847745,0.938525679075979,0.00862307883594306,0.847967218584595,0.21723733005268,FALSE,0.950000000516245
"f1ffd2e9cb_t95","rasch","heavy_tail","irw",40,0.95,250,1000,0.947709044615737,0.00757707995516406,0.932750232885612,0.96276785228877,0.940053991508719,0.00548362888209823,0.761388434791882,0.28821009732242,FALSE,0.950000000516245
"f1ffd2e9cb_t95","rasch","heavy_tail","irw",40,0.95,500,1000,0.948260308378021,0.0053986782035307,0.937879015450085,0.959270834658947,0.940739230106173,0.00390513704854556,0.688520876877946,0.324998028660242,FALSE,0.950000000516245
"f1ffd2e9cb_t95","rasch","heavy_tail","irw",40,0.95,1000,1000,0.948467748703157,0.00382614563239818,0.941341605516087,0.956272343566424,0.940997194997762,0.00287798701758457,0.573467089751369,0.357559964816131,FALSE,0.950000000516245
"f1ffd2e9cb_t95","rasch","heavy_tail","irw",40,0.95,2000,1000,0.948608984398974,0.00279838664709869,0.943216964875861,0.95419441762481,0.941081461735573,0.00210139486413574,0.413671567454311,0.352743039717013,FALSE,0.950000000516245
"fc718aeb3f_t50","2pl","skew_pos","irw",60,0.5,100,1000,0.492505200327495,0.0444619633247829,0.408070927124638,0.578431347050727,0.492154339164455,0.0443022784508224,0.491746023669865,0.0441631248946513,TRUE,0.500000000436679
"fc718aeb3f_t50","2pl","skew_pos","irw",60,0.5,250,1000,0.493357688201716,0.0281368724000691,0.439276854215104,0.549485363972588,0.493015131019833,0.0280345633047898,0.492600249930514,0.0279398503383921,TRUE,0.500000000436679
"fc718aeb3f_t50","2pl","skew_pos","irw",60,0.5,500,1000,0.493459112826951,0.020944895893823,0.453362382841158,0.534603603717624,0.493118851054727,0.0208707320853595,0.492701473590994,0.0208021531107258,TRUE,0.500000000436679
"fc718aeb3f_t50","2pl","skew_pos","irw",60,0.5,1000,1000,0.494987828850295,0.0147157246364837,0.464985186862522,0.522882343014627,0.494643928519568,0.0146620954761996,0.49421983770073,0.0146106182248709,TRUE,0.500000000436679
"fc718aeb3f_t50","2pl","skew_pos","irw",60,0.5,2000,1000,0.495110853225615,0.00996421229109952,0.475668545650128,0.515184864458312,0.494768381139654,0.00992779702644308,0.494344756666454,0.00989318935258298,TRUE,0.500000000436679
"fc718aeb3f_t60","2pl","skew_pos","irw",60,0.6,100,1000,0.596221553890159,0.0453545761259754,0.498472375110982,0.681044404481916,0.59572949597135,0.0450983548528408,0.595317372026475,0.044916299213101,TRUE,0.600000001978571
"fc718aeb3f_t60","2pl","skew_pos","irw",60,0.6,250,1000,0.599022832361506,0.0264056037983062,0.550326745336083,0.651354849351008,0.598539775300161,0.0262449438709939,0.598115240139446,0.026118132450335,TRUE,0.600000001978571
"fc718aeb3f_t60","2pl","skew_pos","irw",60,0.6,500,1000,0.598304816285351,0.0196138840308441,0.560335887657548,0.635224267632621,0.597830724989822,0.0194978613065011,0.597406730975203,0.0194037551897125,TRUE,0.600000001978571
"fc718aeb3f_t60","2pl","skew_pos","irw",60,0.6,1000,1000,0.600174634086832,0.0135620857860922,0.573795290743569,0.625922040308575,0.599689991760112,0.0134802151408829,0.599251377912151,0.0134119771940726,TRUE,0.600000001978571
"fc718aeb3f_t60","2pl","skew_pos","irw",60,0.6,2000,1000,0.600186679569939,0.00990120509267967,0.580814658243188,0.61917769357516,0.599703432105376,0.00984095907672261,0.599266060198272,0.00979201210065356,TRUE,0.600000001978571
"fc718aeb3f_t70","2pl","skew_pos","irw",60,0.7,100,1000,0.694142772562619,0.0378681147869914,0.615882589317261,0.763043436906499,0.693194906684942,0.0374575105809779,0.692612905970086,0.0372363553866028,TRUE,0.70000000140957
"fc718aeb3f_t70","2pl","skew_pos","irw",60,0.7,250,1000,0.698115863993707,0.0243898642485282,0.648839359029341,0.743392291255805,0.697155909249909,0.0241063612181822,0.69654102587973,0.0239332372505747,TRUE,0.70000000140957
"fc718aeb3f_t70","2pl","skew_pos","irw",60,0.7,500,1000,0.699128565999386,0.0170352116129818,0.665530108730409,0.731511617975806,0.698155182024526,0.016827434119504,0.697514098473101,0.0166936761554992,TRUE,0.70000000140957
"fc718aeb3f_t70","2pl","skew_pos","irw",60,0.7,1000,1000,0.700114260119571,0.0119079277713828,0.674051675065234,0.723579147376602,0.699138042593549,0.0117611236130347,0.698489194251183,0.0116610897837719,TRUE,0.70000000140957
"fc718aeb3f_t70","2pl","skew_pos","irw",60,0.7,2000,1000,0.700199682684987,0.00846392032918916,0.684049262076433,0.717329760401277,0.699223851926439,0.0083609495576627,0.698575033711832,0.00829167009446895,TRUE,0.70000000140957
"fc718aeb3f_t80","2pl","skew_pos","irw",60,0.8,100,1000,0.7942210847852,0.0304259869625774,0.728885983921984,0.850056812255247,0.792293123755621,0.0297147513813612,0.791462580394091,0.0293981713232766,TRUE,0.800000003077158
"fc718aeb3f_t80","2pl","skew_pos","irw",60,0.8,250,1000,0.795519761863866,0.0185973289487336,0.758626008816263,0.831071149462625,0.793590079920222,0.0181334211153278,0.792699992753768,0.0178763836347606,TRUE,0.800000003077158
"fc718aeb3f_t80","2pl","skew_pos","irw",60,0.8,500,1000,0.796679681855039,0.0129425289682796,0.770895320622704,0.82078823066811,0.794737314208469,0.0126160677511994,0.793851604132855,0.0124456150752139,TRUE,0.800000003077158
"fc718aeb3f_t80","2pl","skew_pos","irw",60,0.8,1000,1000,0.797462392420615,0.00887052058926223,0.780789729942507,0.81466745187123,0.795507507892445,0.00864592741309543,0.794600164720136,0.00853085359047598,TRUE,0.800000003077158
"fc718aeb3f_t80","2pl","skew_pos","irw",60,0.8,2000,1000,0.797372005016399,0.00646744318087279,0.78462423076024,0.810248092226589,0.795422347689019,0.00630133418189239,0.794516195175094,0.00620679463320078,TRUE,0.800000003077158
"fc718aeb3f_t90","2pl","skew_pos","irw",60,0.9,100,1000,0.898333279273015,0.0149228780935511,0.867984383859005,0.923898974656195,0.893728111001927,0.0135589433520179,0.892024618316949,0.0128585894768883,TRUE,0.900000000802612
"fc718aeb3f_t90","2pl","skew_pos","irw",60,0.9,250,1000,0.899814154002697,0.0100835813908354,0.879696673669097,0.918050554949483,0.895103332169275,0.0090782547926547,0.893233575844573,0.00845437427919075,TRUE,0.900000000802612
"fc718aeb3f_t90","2pl","skew_pos","irw",60,0.9,500,1000,0.900436253818306,0.00675302098824915,0.887125808585344,0.913081616335274,0.895686345983461,0.00605143192327343,0.893703371205951,0.0056437093867501,TRUE,0.900000000802612
"fc718aeb3f_t90","2pl","skew_pos","irw",60,0.9,1000,1000,0.900779612242329,0.0049261602475739,0.890977151224469,0.909673753095441,0.895999429103335,0.00443385629508687,0.893949680305648,0.00424384764649335,TRUE,0.900000000802612
"fc718aeb3f_t90","2pl","skew_pos","irw",60,0.9,2000,1000,0.900685319656708,0.00329306013617439,0.894230331051037,0.907142208396676,0.895928453140514,0.00295971188332326,0.893899302447427,0.00277798598467083,TRUE,0.900000000802612
"fc718aeb3f_t95","2pl","skew_pos","irw",60,0.95,100,1000,0.948770443760105,0.00848025581348863,0.931591148417767,0.964019217206712,0.940766702732839,0.00589095098152679,0.935678049642398,0.0111381242628265,TRUE,0.950000000448937
"fc718aeb3f_t95","2pl","skew_pos","irw",60,0.95,250,1000,0.949858145822913,0.00490367652988493,0.939619315443392,0.958985697125612,0.94181028900142,0.0033127735816724,0.935935748620761,0.00846945110691659,TRUE,0.950000000448937
"fc718aeb3f_t95","2pl","skew_pos","irw",60,0.95,500,1000,0.949917865753497,0.0036183346915596,0.94232353742057,0.956879068509245,0.941920612441061,0.00243012852081962,0.935816297365045,0.00756915120230179,TRUE,0.950000000448937
"fc718aeb3f_t95","2pl","skew_pos","irw",60,0.95,1000,1000,0.950209098981425,0.00257724561250946,0.945052581668432,0.954926765292098,0.942116376559262,0.00174953904833938,0.935755604031979,0.00650560858968063,TRUE,0.950000000448937
"fc718aeb3f_t95","2pl","skew_pos","irw",60,0.95,2000,1000,0.950212625245091,0.00169527020261642,0.94687074159661,0.953410212097416,0.942154176936522,0.00114152527779627,0.935998747474522,0.00323336043985956,TRUE,0.950000000448937
"fdb6cca665_t50","2pl","heavy_tail","parametric",10,0.5,100,1000,0.48563750139298,0.0542867336535808,0.389460361882229,0.601580541948082,0.482620079031152,0.0526527544802883,0.472945112122817,0.0458695848211872,FALSE,0.500000000653902
"fdb6cca665_t50","2pl","heavy_tail","parametric",10,0.5,250,1000,0.48840955017158,0.0367649516163084,0.4228535507085,0.564477729437703,0.485491316674204,0.0357427796215581,0.47489653000872,0.0326341755766224,FALSE,0.500000000653902
"fdb6cca665_t50","2pl","heavy_tail","parametric",10,0.5,500,1000,0.492822032008918,0.0278991622138045,0.443357404221948,0.551595073837034,0.489846126027413,0.0271737200928283,0.476548874684689,0.0309508675033001,FALSE,0.500000000653902
"fdb6cca665_t50","2pl","heavy_tail","parametric",10,0.5,1000,1000,0.492011223268482,0.02139167148756,0.456360354366033,0.532983425854846,0.489091055280919,0.020908535963089,0.47561223533019,0.0329328644046688,FALSE,0.500000000653902
"fdb6cca665_t50","2pl","heavy_tail","parametric",10,0.5,2000,1000,0.492770207571402,0.0131199191201011,0.469051525845563,0.520873123215521,0.489840611199432,0.0127842554999832,0.477064066468638,0.0241336358441146,FALSE,0.500000000653902
"fdb6cca665_t60","2pl","heavy_tail","parametric",10,0.6,100,1000,0.586585571485543,0.0507178814142418,0.494606420339146,0.68537505792155,0.579639791613468,0.0481389343118962,0.561417354280315,0.0483840749553999,FALSE,0.600000001007923
"fdb6cca665_t60","2pl","heavy_tail","parametric",10,0.6,250,1000,0.59074998679781,0.0356854840488214,0.523932397430448,0.663073629645035,0.583811636307099,0.0339031281442128,0.562277733277753,0.0387383628022281,FALSE,0.600000001007923
"fdb6cca665_t60","2pl","heavy_tail","parametric",10,0.6,500,1000,0.591920071553779,0.0244450441416044,0.545329088054469,0.639509205729023,0.585015658583096,0.0232647273777227,0.56260366590376,0.0412768250547,FALSE,0.600000001007923
"fdb6cca665_t60","2pl","heavy_tail","parametric",10,0.6,1000,1000,0.592861278454611,0.0189438920223813,0.557998184924541,0.634385494449723,0.586003536769065,0.018083613309111,0.558173980896361,0.0469812359114726,FALSE,0.600000001007923
"fdb6cca665_t60","2pl","heavy_tail","parametric",10,0.6,2000,1000,0.593287942796891,0.0126987637425721,0.570518808529078,0.619782158723329,0.586429174900304,0.01212789594594,0.55576961090936,0.053229092386325,FALSE,0.600000001007923
"fdb6cca665_t70","2pl","heavy_tail","parametric",10,0.7,100,1000,0.682869155261577,0.0466459749614752,0.59605697129078,0.7762506891345,0.669939270506672,0.0424754445858944,0.629452520985654,0.0676936058368377,FALSE,0.700000002029394
"fdb6cca665_t70","2pl","heavy_tail","parametric",10,0.7,250,1000,0.690597555211026,0.0298166342084345,0.636768299128921,0.752435660393627,0.677386588983416,0.0273069963152923,0.62918233859714,0.0709880019259301,FALSE,0.700000002029394
"fdb6cca665_t70","2pl","heavy_tail","parametric",10,0.7,500,1000,0.692190208346614,0.0238451825898721,0.650141091017495,0.738264334584423,0.679051095445682,0.0222224026447593,0.610458247851251,0.111925910442766,FALSE,0.700000002029394
"fdb6cca665_t70","2pl","heavy_tail","parametric",10,0.7,1000,1000,0.691834281378775,0.0161807017610612,0.663076361161423,0.726490322252981,0.678731131049168,0.0149810674818077,0.6074907402025,0.105381587160452,FALSE,0.700000002029394
"fdb6cca665_t70","2pl","heavy_tail","parametric",10,0.7,2000,1000,0.692306813905032,0.0125872583624554,0.671302757770038,0.718465484510174,0.679232051422946,0.011761744409038,0.586471606800228,0.136667812580306,FALSE,0.700000002029394
"fdb6cca665_t80","2pl","heavy_tail","parametric",10,0.8,100,1000,0.793884669477866,0.0316970804581757,0.733222149760573,0.860623868839306,0.76493486042797,0.0262397816270757,0.695196799847894,0.0757215494241179,FALSE,0.800000001955163
"fdb6cca665_t80","2pl","heavy_tail","parametric",10,0.8,250,1000,0.79853504313549,0.0218266437804326,0.757309863311365,0.840883632565403,0.769298571253374,0.0183978972539586,0.679845372241952,0.0937153902104247,FALSE,0.800000001955163
"fdb6cca665_t80","2pl","heavy_tail","parametric",10,0.8,500,1000,0.801102973293208,0.0160084359831748,0.771031562279371,0.835344199010774,0.771721141113802,0.0138553208804853,0.662755865731637,0.109685524123434,FALSE,0.800000001955163
"fdb6cca665_t80","2pl","heavy_tail","parametric",10,0.8,1000,1000,0.80118159354153,0.0114889980012569,0.779991253763205,0.824848016584857,0.771850487620383,0.00998539160985895,0.651528739609956,0.106179663407214,FALSE,0.800000001955163
"fdb6cca665_t80","2pl","heavy_tail","parametric",10,0.8,2000,1000,0.801541568303406,0.00869996742672494,0.78635398949526,0.820232001486191,0.772277136591863,0.00770782419252274,0.636206584845689,0.124248981373659,FALSE,0.800000001955163
"fdb6cca665_t90","2pl","heavy_tail","parametric",10,0.9,100,1000,0.895513883149166,0.0178272006774988,0.858871495895276,0.928999094361643,0.854602011641193,0.0140561840930613,0.61521789061644,0.276309761387512,FALSE,0.900000001212366
"fdb6cca665_t90","2pl","heavy_tail","parametric",10,0.9,250,1000,0.897588895633351,0.0125261072972005,0.872700863244632,0.923607637200372,0.856820783580417,0.010535831236999,0.498202947484109,0.304424062760267,FALSE,0.900000001212366
"fdb6cca665_t90","2pl","heavy_tail","parametric",10,0.9,500,1000,0.898969409635624,0.00933323285837509,0.88204606011935,0.917204425244606,0.858157034592006,0.00825568464342962,0.353204562458296,0.300094111555791,FALSE,0.900000001212366
"fdb6cca665_t90","2pl","heavy_tail","parametric",10,0.9,1000,1000,0.898896896763557,0.00653613684493268,0.886959720796798,0.911854833228878,0.858156645279698,0.00569119850351956,0.235502407543396,0.254382521361062,FALSE,0.900000001212366
"fdb6cca665_t90","2pl","heavy_tail","parametric",10,0.9,2000,1000,0.899422815975893,0.0049786553791132,0.890402799029008,0.909168672801049,0.858626185890464,0.00453040987730613,0.121199342439206,0.178953398070942,FALSE,0.900000001212366
"fdb6cca665_t95","2pl","heavy_tail","parametric",10,0.95,100,1000,0.946799971925354,0.0103773070663256,0.926172904662086,0.967655530681216,0.895603214362807,0.0116660001472575,0.162884980028009,0.252665729827352,FALSE,0.950000000346248
"fdb6cca665_t95","2pl","heavy_tail","parametric",10,0.95,250,1000,0.948347308877472,0.00669857288264878,0.935602908501076,0.962441248556197,0.897053808967093,0.0075765329509445,0.0333859293422641,0.0970745703408787,FALSE,0.950000000346248
"fdb6cca665_t95","2pl","heavy_tail","parametric",10,0.95,500,1000,0.948588946415695,0.00486301984870602,0.939545823154571,0.958581739470585,0.897351011702181,0.00536162722709797,0.00638004485208504,0.0315489714594682,FALSE,0.950000000346248
"fdb6cca665_t95","2pl","heavy_tail","parametric",10,0.95,1000,1000,0.949004613632982,0.00378582039871913,0.942287592665701,0.956397032487352,0.898063779128391,0.0043923493060733,0.000470227012520639,0.00313453897277448,FALSE,0.950000000346248
"fdb6cca665_t95","2pl","heavy_tail","parametric",10,0.95,2000,1000,0.949053678131261,0.00271521502002935,0.944259249414666,0.954603623765258,0.898151741289012,0.00300546289278146,2.43424854123415e-05,0.000146851012396518,FALSE,0.950000000346248
"fe0b351b23_t50","rasch","heavy_tail","parametric",40,0.5,100,1000,0.494898703149105,0.0566765807058369,0.391820297749138,0.616972339025727,0.494588322000207,0.056386469578678,0.494143383661376,0.055882764879078,FALSE,0.500000000387454
"fe0b351b23_t50","rasch","heavy_tail","parametric",40,0.5,250,1000,0.503482957616941,0.0395053622309002,0.430605044548827,0.585235097026912,0.503161278224372,0.039296822187166,0.502533063437579,0.0384195461505769,FALSE,0.500000000387454
"fe0b351b23_t50","rasch","heavy_tail","parametric",40,0.5,500,1000,0.503612451839112,0.0288657363606824,0.453991457521908,0.560945767879981,0.503309028797653,0.028725824107863,0.501949299334395,0.0306792351750873,FALSE,0.500000000387454
"fe0b351b23_t50","rasch","heavy_tail","parametric",40,0.5,1000,1000,0.505569911617568,0.0199827019215018,0.471055739239462,0.5493687919373,0.505264554726912,0.0198870248759001,0.504135303474049,0.0214428669256555,FALSE,0.500000000387454
"fe0b351b23_t50","rasch","heavy_tail","parametric",40,0.5,2000,1000,0.505031974638669,0.0147707726660377,0.479794579497432,0.534939926030795,0.504731820279522,0.014703115064218,0.503695585441245,0.0157060606359123,FALSE,0.500000000387454
"fe0b351b23_t60","rasch","heavy_tail","parametric",40,0.6,100,1000,0.5882908711374,0.0514753501053601,0.484128966722157,0.696013513808305,0.587625533342165,0.0509795530622221,0.586824896565183,0.050121869620336,FALSE,0.60000000176034
"fe0b351b23_t60","rasch","heavy_tail","parametric",40,0.6,250,1000,0.590343808976466,0.0344555904368847,0.524527252330966,0.664864472764153,0.58969863290139,0.0341421257308169,0.588876170710075,0.0335558662130438,FALSE,0.60000000176034
"fe0b351b23_t60","rasch","heavy_tail","parametric",40,0.6,500,1000,0.595059390932927,0.0254800463581401,0.547665103255707,0.648712675989108,0.594387069988215,0.0252367595773723,0.593235516676024,0.0241136247956834,FALSE,0.60000000176034
"fe0b351b23_t60","rasch","heavy_tail","parametric",40,0.6,1000,1000,0.593994273071493,0.0182314570118376,0.559992817773275,0.631893827695319,0.593343274014726,0.0180676533310541,0.592080643251607,0.0170261185573443,FALSE,0.60000000176034
"fe0b351b23_t60","rasch","heavy_tail","parametric",40,0.6,2000,1000,0.59499124511699,0.0133721107350584,0.569954259020754,0.622643965290822,0.59433667996655,0.0132537783853282,0.592895476111861,0.01243589022278,FALSE,0.60000000176034
"fe0b351b23_t70","rasch","heavy_tail","parametric",40,0.7,100,1000,0.683963158761447,0.0447516964183304,0.592656570072367,0.769419091305157,0.682678266787102,0.0439747989889198,0.680905456675722,0.0429832235586255,FALSE,0.70000000245833
"fe0b351b23_t70","rasch","heavy_tail","parametric",40,0.7,250,1000,0.690581150562625,0.0329597189502843,0.631542235123299,0.761983722306806,0.689239362946087,0.0323479171407295,0.685656212546814,0.0363286469879023,FALSE,0.70000000245833
"fe0b351b23_t70","rasch","heavy_tail","parametric",40,0.7,500,1000,0.692039213492275,0.0227372263843768,0.651253052470398,0.738796533329023,0.690700751169513,0.0223221022576423,0.688381971809601,0.0211684494158091,FALSE,0.70000000245833
"fe0b351b23_t70","rasch","heavy_tail","parametric",40,0.7,1000,1000,0.693194287234262,0.0177962668676475,0.662210243122153,0.727849470774005,0.691860409757395,0.0175184307883173,0.685814360577083,0.0427959470312255,FALSE,0.70000000245833
"fe0b351b23_t70","rasch","heavy_tail","parametric",40,0.7,2000,1000,0.693755762778743,0.0125806191396689,0.670485019677683,0.722093210451405,0.692423543699279,0.0123685021048732,0.687762066800518,0.0263090053096724,FALSE,0.70000000245833
"fe0b351b23_t80","rasch","heavy_tail","parametric",40,0.8,100,1000,0.785353626863465,0.0389260008989467,0.709154891331695,0.863538603735199,0.782544064649051,0.037351221715177,0.776224239857948,0.0436903566971224,FALSE,0.800000003336267
"fe0b351b23_t80","rasch","heavy_tail","parametric",40,0.8,250,1000,0.790833978657371,0.0244631296023539,0.746310542755978,0.840844096871863,0.787987187568382,0.0234636718597863,0.780529287995341,0.0415190805155889,FALSE,0.800000003336267
"fe0b351b23_t80","rasch","heavy_tail","parametric",40,0.8,500,1000,0.791203138217273,0.0175058778398959,0.759514840640443,0.824522722749449,0.7884049064382,0.0168435617364028,0.779999491685821,0.0447502394788054,FALSE,0.800000003336267
"fe0b351b23_t80","rasch","heavy_tail","parametric",40,0.8,1000,1000,0.792789028823522,0.013085768640485,0.766566233755371,0.817545377902816,0.789966484221381,0.0126102425118944,0.778633107439285,0.0601677021768653,FALSE,0.800000003336267
"fe0b351b23_t80","rasch","heavy_tail","parametric",40,0.8,2000,1000,0.793356160422207,0.00897444287953914,0.776710345757175,0.811189157561541,0.790517682990196,0.00864594872865013,0.775430557203719,0.064076815021062,FALSE,0.800000003336267
"fe0b351b23_t90","rasch","heavy_tail","parametric",40,0.9,100,1000,0.895162496662872,0.0193304550152248,0.85811897085269,0.933226369029832,0.8885653064462,0.0167491320418534,0.870208346446834,0.0805959093129744,FALSE,0.900000000618909
"fe0b351b23_t90","rasch","heavy_tail","parametric",40,0.9,250,1000,0.897498402380283,0.013256830824859,0.872155643525163,0.925654270903584,0.890807049834057,0.0115920890899204,0.856164482813451,0.117813297846173,FALSE,0.900000000618909
"fe0b351b23_t90","rasch","heavy_tail","parametric",40,0.9,500,1000,0.898289506982688,0.00926157728562964,0.879534313420387,0.91605615846925,0.891560563384219,0.00816365976607526,0.848006004578025,0.129112957407989,FALSE,0.900000000618909
"fe0b351b23_t90","rasch","heavy_tail","parametric",40,0.9,1000,1000,0.898787060597057,0.0068108369589565,0.886252597822094,0.913152002852483,0.892048027079889,0.00601847792359,0.834736532144194,0.150201246699142,FALSE,0.900000000618909
"fe0b351b23_t90","rasch","heavy_tail","parametric",40,0.9,2000,1000,0.899339661955132,0.00507152397826434,0.890344830987221,0.909188742956384,0.892555913941632,0.00454418282454622,0.806587780002577,0.183292911890916,FALSE,0.900000000618909
"fe0b351b23_t95","rasch","heavy_tail","parametric",40,0.95,100,1000,0.947566306495507,0.0104760361575665,0.927054250002935,0.9685092621033,0.936611876320522,0.00657404830356838,0.85866472105012,0.194909618813354,FALSE,0.950000000686512
"fe0b351b23_t95","rasch","heavy_tail","parametric",40,0.95,250,1000,0.948575653292761,0.00687296191103074,0.935489182954447,0.962186402536916,0.937671785557086,0.00455657819676907,0.812020344489353,0.238284268519951,FALSE,0.950000000686512
"fe0b351b23_t95","rasch","heavy_tail","parametric",40,0.95,500,1000,0.94886820064529,0.00497744058151068,0.93895872336609,0.958032612936143,0.937998362182748,0.00341191397694807,0.762537100404967,0.270017265561228,FALSE,0.950000000686512
"fe0b351b23_t95","rasch","heavy_tail","parametric",40,0.95,1000,1000,0.949345278383799,0.00362786588167183,0.942896880280735,0.956408690040662,0.938393577699602,0.00263735477358213,0.661509364492578,0.324579112508921,FALSE,0.950000000686512
"fe0b351b23_t95","rasch","heavy_tail","parametric",40,0.95,2000,1000,0.949466732486055,0.00262194720501544,0.944480920759759,0.954329335660975,0.938535588473851,0.00195789460285717,0.552364473144666,0.346496455081853,FALSE,0.950000000686512
"ff73e40c19_t50","3pl_beta","skew_pos","parametric",20,0.5,100,1000,0.494334257480269,0.0425671386854168,0.410652868500247,0.578619584801669,0.493038653404292,0.0418312308880075,0.490638787448613,0.0402238334128025,TRUE,0.500000000899753
"ff73e40c19_t50","3pl_beta","skew_pos","parametric",20,0.5,250,1000,0.496209472973426,0.0277508296073708,0.439674516853153,0.548532828723775,0.494933558452524,0.0273045218548919,0.492411879995265,0.026291849570324,TRUE,0.500000000899753
"ff73e40c19_t50","3pl_beta","skew_pos","parametric",20,0.5,500,1000,0.498444352460626,0.0192300235564064,0.461743425157228,0.534135294875323,0.497164656571113,0.0189104664688663,0.494644996204942,0.0181960704030012,TRUE,0.500000000899753
"ff73e40c19_t50","3pl_beta","skew_pos","parametric",20,0.5,1000,1000,0.498917340403995,0.0137686990745451,0.471443983928443,0.524852923672195,0.497636288319607,0.0135420871304214,0.495048457603873,0.01300640142879,TRUE,0.500000000899753
"ff73e40c19_t50","3pl_beta","skew_pos","parametric",20,0.5,2000,1000,0.49843117990685,0.00993192067273044,0.478577945654131,0.5173792852443,0.497158802321551,0.00976463789456991,0.494557589351653,0.00934359414796125,TRUE,0.500000000899753
"ff73e40c19_t60","3pl_beta","skew_pos","parametric",20,0.6,100,1000,0.594148474730283,0.0416375756058724,0.510650059211782,0.676032414191182,0.590543290340238,0.0402714958270365,0.585726325079201,0.0379987664053113,TRUE,0.600000000818494
"ff73e40c19_t60","3pl_beta","skew_pos","parametric",20,0.6,250,1000,0.598116221371817,0.0270099110898245,0.545545055092413,0.651235725400126,0.594475340502608,0.0260874574071073,0.589304206419628,0.0243909357799629,TRUE,0.600000000818494
"ff73e40c19_t60","3pl_beta","skew_pos","parametric",20,0.6,500,1000,0.597557899507485,0.0188755406500712,0.560057566248965,0.634811116794215,0.59398380399678,0.0182492233375379,0.588903501771828,0.017023364305889,TRUE,0.600000000818494
"ff73e40c19_t60","3pl_beta","skew_pos","parametric",20,0.6,1000,1000,0.599544611359426,0.0128804638195495,0.575358077797625,0.623418568869033,0.595925843478514,0.0124450917879697,0.590690620918185,0.0115629644428318,TRUE,0.600000000818494
"ff73e40c19_t60","3pl_beta","skew_pos","parametric",20,0.6,2000,1000,0.599309032439553,0.00957570057782221,0.581396400010746,0.618152828894679,0.595705831384357,0.00925890002442674,0.590466927121736,0.00864515892560335,TRUE,0.600000000818494
"ff73e40c19_t70","3pl_beta","skew_pos","parametric",20,0.7,100,1000,0.695165811331983,0.0337940433382254,0.62457300480658,0.755912552494826,0.685403892602527,0.0316377459719013,0.674888829671932,0.0287608130329259,TRUE,0.700000001908508
"ff73e40c19_t70","3pl_beta","skew_pos","parametric",20,0.7,250,1000,0.697976551898409,0.0231055909098575,0.650131037017358,0.742969993653593,0.688075859173436,0.0215091780064561,0.676740736712179,0.0185226746082536,TRUE,0.700000001908508
"ff73e40c19_t70","3pl_beta","skew_pos","parametric",20,0.7,500,1000,0.699437459650697,0.0164144204842994,0.667676210554857,0.730829224330528,0.689472614219643,0.0152858346212468,0.677660830066694,0.0130096823164211,TRUE,0.700000001908508
"ff73e40c19_t70","3pl_beta","skew_pos","parametric",20,0.7,1000,1000,0.700215569224661,0.0111625864093686,0.679104671704845,0.721673148704546,0.690265249940507,0.0103938002016527,0.678536501080509,0.00886526731788201,TRUE,0.700000001908508
"ff73e40c19_t70","3pl_beta","skew_pos","parametric",20,0.7,2000,1000,0.700223400896261,0.00808112922219677,0.684067090832441,0.715428481183646,0.690268685724865,0.00752744982987631,0.678402790662191,0.0065348352007776,TRUE,0.700000001908508
"ff73e40c19_t80","3pl_beta","skew_pos","parametric",20,0.8,100,1000,0.798068011928775,0.0271350366620878,0.735774610789584,0.848699448837511,0.787739113945833,0.0235340111189392,0.769625128673762,0.0248330071638177,TRUE,0.800000001982866
"ff73e40c19_t80","3pl_beta","skew_pos","parametric",20,0.8,250,1000,0.801140807480129,0.0168182715545252,0.767924097921422,0.832569233857303,0.790800572791183,0.0145441776657121,0.769879457519166,0.020613275528379,TRUE,0.800000001982866
"ff73e40c19_t80","3pl_beta","skew_pos","parametric",20,0.8,500,1000,0.800943254038147,0.0123900402558765,0.775089236088822,0.82552794570645,0.790752015667318,0.0107463604982019,0.769653672859355,0.0147523711873838,TRUE,0.800000001982866
"ff73e40c19_t80","3pl_beta","skew_pos","parametric",20,0.8,1000,1000,0.801434312260121,0.00887903036835951,0.783669335273885,0.818263355412138,0.791190328790577,0.00762585924409101,0.76942235049354,0.0113261021242807,TRUE,0.800000001982866
"ff73e40c19_t80","3pl_beta","skew_pos","parametric",20,0.8,2000,1000,0.801960545535799,0.00619994395172246,0.788844827457619,0.812953626778265,0.791693854105126,0.00534868917345301,0.769630127309791,0.0123064639632995,TRUE,0.800000001982866
"ff73e40c19_t90","3pl_beta","skew_pos","parametric",20,0.9,100,1000,0.896816010781563,0.0150927059033844,0.864352396991401,0.925138816081591,0.872039908311263,0.0106976202992737,0.757675280958544,0.183507101986489,TRUE,0.900000001013093
"ff73e40c19_t90","3pl_beta","skew_pos","parametric",20,0.9,250,1000,0.898286846838384,0.00961633998117676,0.878695195248863,0.915805805844612,0.873568192164291,0.00686846409815129,0.695728248106082,0.223719874886678,TRUE,0.900000001013093
"ff73e40c19_t90","3pl_beta","skew_pos","parametric",20,0.9,500,1000,0.898266974530859,0.00670875776304255,0.885280343187178,0.910531701003469,0.873674770545288,0.00469571003678793,0.663249425821554,0.218082331781276,TRUE,0.900000001013093
"ff73e40c19_t90","3pl_beta","skew_pos","parametric",20,0.9,1000,1000,0.898396191179768,0.0046181249393009,0.88898288885891,0.907087424381131,0.873779499321485,0.00323878353418211,0.630329798737779,0.212381555725887,TRUE,0.900000001013093
"ff73e40c19_t90","3pl_beta","skew_pos","parametric",20,0.9,2000,1000,0.898919423875609,0.00328189044779218,0.892545090812847,0.90489651564456,0.874247936585854,0.00230418389247061,0.555502001587202,0.228024539087311,TRUE,0.900000001013093
"ff73e40c19_t95","3pl_beta","skew_pos","parametric",20,0.95,100,1000,0.948324782655227,0.00930344687741464,0.928372681733343,0.96387420959253,0.917100335810968,0.00665214450319705,0.524604317645153,0.358527707927843,TRUE,0.950000000309706
"ff73e40c19_t95","3pl_beta","skew_pos","parametric",20,0.95,250,1000,0.949144326112223,0.00578149490738513,0.936938947011333,0.959415230998989,0.91832734416158,0.00401963756640105,0.35166325754729,0.322499325992392,TRUE,0.950000000309706
"ff73e40c19_t95","3pl_beta","skew_pos","parametric",20,0.95,500,1000,0.949216241991298,0.00413581588529776,0.940556704155259,0.956851067443268,0.918529095336221,0.00271276251160515,0.229400606674043,0.252074807064054,TRUE,0.950000000309706
"ff73e40c19_t95","3pl_beta","skew_pos","parametric",20,0.95,1000,1000,0.949475734160268,0.00285235053676024,0.943837257033814,0.954642173878316,0.918552441881775,0.00199834951368438,0.106767655776157,0.146396287315895,TRUE,0.950000000309706
"ff73e40c19_t95","3pl_beta","skew_pos","parametric",20,0.95,2000,1000,0.949498158528371,0.00196371299855563,0.945474995554546,0.953368179481274,0.918786523830433,0.00139640020880285,0.0530381311620716,0.0760575971105621,TRUE,0.950000000309706
